Problem,Generation,BestCost,TimeMS
GPP,0,80,0
GPP,1,80,0
GPP,2,80,15
GPP,3,74,15
GPP,4,74,15
GPP,5,74,31
GPP,6,74,31
GPP,7,74,47
GPP,8,70,47
GPP,9,70,62
GPP,10,70,62
GPP,11,70,62
GPP,12,70,78
GPP,13,70,78
GPP,14,70,94
GPP,15,70,94
GPP,16,70,109
GPP,17,70,109
GPP,18,70,109
GPP,19,70,126
GPP,20,70,126
GPP,21,70,142
GPP,22,70,142
GPP,23,70,158
GPP,24,70,164
GPP,25,70,172
GPP,26,70,179
GPP,27,70,186
GPP,28,70,186
GPP,29,70,186
GPP,30,70,202
GPP,31,70,202
GPP,32,70,220
GPP,33,68,226
GPP,34,68,233
GPP,35,66,240
GPP,36,66,247
GPP,37,66,253
GPP,38,66,253
GPP,39,66,253
GPP,40,66,274
GPP,41,66,281
GPP,42,66,288
GPP,43,64,295
GPP,44,64,302
GPP,45,64,309
GPP,46,64,316
GPP,47,64,323
GPP,48,64,330
GPP,49,64,337
GPP,50,64,342
GPP,51,64,342
GPP,52,64,353
GPP,53,64,353
GPP,54,64,372
GPP,55,64,379
GPP,56,64,385
GPP,57,64,393
GPP,58,64,400
GPP,59,64,403
GPP,60,64,413
GPP,61,64,420
GPP,62,64,427
GPP,63,64,433
GPP,64,62,437
GPP,65,62,437
GPP,66,62,454
GPP,67,62,461
GPP,68,62,468
GPP,69,62,475
GPP,70,62,482
GPP,71,62,486
GPP,72,62,486
GPP,73,62,502
GPP,74,62,502
GPP,75,62,502
GPP,76,62,523
GPP,77,62,530
GPP,78,62,536
GPP,79,62,537
GPP,80,62,537
GPP,81,62,557
GPP,82,62,559
GPP,83,60,571
GPP,84,60,578
GPP,85,60,584
GPP,86,60,592
GPP,87,60,598
GPP,88,60,603
GPP,89,60,603
GPP,90,60,619
GPP,91,60,625
GPP,92,60,632
GPP,93,60,639
GPP,94,60,646
GPP,95,60,653
GPP,96,60,653
GPP,97,60,653
GPP,98,60,673
GPP,99,60,680
GPP,100,60,686
GPP,101,60,693
GPP,102,60,700
GPP,103,60,703
GPP,104,60,703
GPP,105,60,720
GPP,106,60,727
GPP,107,60,734
GPP,108,60,741
GPP,109,58,748
GPP,110,58,753
GPP,111,58,753
GPP,112,58,753
GPP,113,58,775
GPP,114,58,781
GPP,115,58,788
GPP,116,58,795
GPP,117,58,802
GPP,118,58,803
GPP,119,58,803
GPP,120,58,822
GPP,121,58,829
GPP,122,58,836
GPP,123,58,843
GPP,124,58,850
GPP,125,58,853
GPP,126,58,853
GPP,127,58,870
GPP,128,58,876
GPP,129,58,883
GPP,130,58,890
GPP,131,58,897
GPP,132,58,903
GPP,133,58,903
GPP,134,58,903
GPP,135,58,924
GPP,136,58,931
GPP,137,58,937
GPP,138,58,939
GPP,139,58,939
GPP,140,58,958
GPP,141,58,965
GPP,142,58,972
GPP,143,56,979
GPP,144,56,986
GPP,145,56,987
GPP,146,56,987
GPP,147,56,1003
GPP,148,56,1003
GPP,149,56,1018
GPP,150,56,1018
GPP,151,56,1018
GPP,152,56,1034
GPP,153,56,1034
GPP,154,50,1050
GPP,155,50,1050
GPP,156,50,1065
GPP,157,50,1065
GPP,158,50,1065
GPP,159,50,1081
GPP,160,50,1081
GPP,161,50,1097
GPP,162,50,1097
GPP,163,50,1112
GPP,164,50,1112
GPP,165,50,1128
GPP,166,50,1128
GPP,167,50,1128
GPP,168,50,1144
GPP,169,50,1144
GPP,170,50,1159
GPP,171,50,1159
GPP,172,50,1175
GPP,173,50,1175
GPP,174,50,1175
GPP,175,50,1191
GPP,176,50,1191
GPP,177,50,1206
GPP,178,50,1206
GPP,179,50,1222
GPP,180,50,1222
GPP,181,50,1222
GPP,182,50,1238
GPP,183,50,1238
GPP,184,50,1253
GPP,185,50,1253
GPP,186,50,1269
GPP,187,50,1269
GPP,188,50,1269
GPP,189,50,1285
GPP,190,50,1285
GPP,191,50,1303
GPP,192,50,1309
GPP,193,50,1316
GPP,194,50,1316
GPP,195,50,1316
GPP,196,50,1332
GPP,197,50,1332
GPP,198,50,1348
GPP,199,50,1348
GPP,200,48,1348
GPP,201,48,1363
GPP,202,48,1363
GPP,203,48,1379
GPP,204,48,1379
GPP,205,48,1395
GPP,206,48,1395
GPP,207,48,1395
GPP,208,48,1410
GPP,209,48,1410
GPP,210,48,1426
GPP,211,48,1426
GPP,212,48,1442
GPP,213,48,1442
GPP,214,48,1442
GPP,215,48,1457
GPP,216,48,1457
GPP,217,48,1473
GPP,218,48,1473
GPP,219,48,1489
GPP,220,48,1489
GPP,221,48,1489
GPP,222,48,1504
GPP,223,48,1504
GPP,224,48,1520
GPP,225,48,1520
GPP,226,48,1536
GPP,227,48,1536
GPP,228,48,1536
GPP,229,48,1551
GPP,230,48,1551
GPP,231,48,1567
GPP,232,48,1567
GPP,233,48,1583
GPP,234,48,1583
GPP,235,48,1583
GPP,236,48,1598
GPP,237,48,1598
GPP,238,48,1614
GPP,239,48,1614
GPP,240,48,1630
GPP,241,48,1630
GPP,242,48,1630
GPP,243,48,1645
GPP,244,48,1645
GPP,245,48,1661
GPP,246,48,1661
GPP,247,48,1677
GPP,248,48,1677
GPP,249,48,1677
GPP,250,48,1692
GPP,251,48,1692
GPP,252,44,1708
GPP,253,44,1708
GPP,254,44,1724
GPP,255,44,1724
GPP,256,44,1724
GPP,257,44,1739
GPP,258,44,1739
GPP,259,44,1755
GPP,260,44,1755
GPP,261,44,1771
GPP,262,44,1771
GPP,263,44,1771
GPP,264,44,1786
GPP,265,44,1786
GPP,266,44,1802
GPP,267,44,1802
GPP,268,44,1818
GPP,269,44,1818
GPP,270,44,1818
GPP,271,44,1833
GPP,272,44,1833
GPP,273,44,1849
GPP,274,44,1849
GPP,275,44,1865
GPP,276,44,1865
GPP,277,44,1865
GPP,278,44,1880
GPP,279,44,1880
GPP,280,44,1896
GPP,281,44,1896
GPP,282,42,1912
GPP,283,42,1912
GPP,284,42,1912
GPP,285,42,1927
GPP,286,42,1927
GPP,287,42,1943
GPP,288,42,1943
GPP,289,42,1959
GPP,290,42,1959
GPP,291,42,1959
GPP,292,42,1975
GPP,293,42,1975
GPP,294,42,1990
GPP,295,42,1990
GPP,296,42,2006
GPP,297,42,2006
GPP,298,42,2006
GPP,299,42,2022
GPP,300,42,2022
GPP,301,42,2037
GPP,302,42,2037
GPP,303,42,2053
GPP,304,42,2053
GPP,305,42,2053
GPP,306,42,2068
GPP,307,42,2068
GPP,308,42,2084
GPP,309,42,2084
GPP,310,42,2100
GPP,311,42,2100
GPP,312,42,2100
GPP,313,42,2115
GPP,314,42,2115
GPP,315,42,2131
GPP,316,42,2131
GPP,317,42,2147
GPP,318,42,2147
GPP,319,42,2147
GPP,320,40,2163
GPP,321,40,2163
GPP,322,40,2178
GPP,323,40,2178
GPP,324,40,2178
GPP,325,40,2194
GPP,326,40,2194
GPP,327,40,2210
GPP,328,40,2210
GPP,329,40,2225
GPP,330,40,2225
GPP,331,40,2225
GPP,332,40,2241
GPP,333,40,2241
GPP,334,40,2257
GPP,335,40,2257
GPP,336,40,2272
GPP,337,40,2272
GPP,338,40,2272
GPP,339,40,2288
GPP,340,40,2288
GPP,341,40,2304
GPP,342,40,2304
GPP,343,40,2319
GPP,344,40,2319
GPP,345,40,2319
GPP,346,40,2335
GPP,347,40,2335
GPP,348,40,2351
GPP,349,40,2351
GPP,350,40,2351
GPP,351,40,2366
GPP,352,40,2366
GPP,353,40,2382
GPP,354,40,2382
GPP,355,40,2398
GPP,356,40,2398
GPP,357,40,2398
GPP,358,40,2413
GPP,359,40,2413
GPP,360,40,2429
GPP,361,40,2429
GPP,362,40,2445
GPP,363,40,2445
GPP,364,40,2445
GPP,365,40,2460
GPP,366,40,2460
GPP,367,40,2476
GPP,368,40,2476
GPP,369,40,2492
GPP,370,40,2492
GPP,371,40,2492
GPP,372,40,2507
GPP,373,40,2507
GPP,374,40,2523
GPP,375,40,2523
GPP,376,40,2539
GPP,377,40,2539
GPP,378,40,2539
GPP,379,40,2554
GPP,380,40,2554
GPP,381,40,2570
GPP,382,40,2570
GPP,383,40,2570
GPP,384,40,2586
GPP,385,40,2586
GPP,386,40,2601
GPP,387,40,2601
GPP,388,40,2617
GPP,389,40,2617
GPP,390,40,2617
GPP,391,40,2633
GPP,392,40,2633
GPP,393,40,2648
GPP,394,40,2648
GPP,395,40,2664
GPP,396,40,2670
GPP,397,40,2672
GPP,398,40,2680
GPP,399,40,2680
GPP,400,40,2696
GPP,401,40,2696
GPP,402,40,2711
GPP,403,40,2711
GPP,404,40,2711
GPP,405,40,2727
GPP,406,40,2727
GPP,407,40,2743
GPP,408,40,2743
GPP,409,40,2758
GPP,410,40,2758
GPP,411,40,2774
GPP,412,40,2774
GPP,413,40,2774
GPP,414,40,2790
GPP,415,40,2790
GPP,416,40,2806
GPP,417,40,2806
GPP,418,40,2821
GPP,419,40,2821
GPP,420,40,2821
GPP,421,40,2837
GPP,422,40,2837
GPP,423,40,2853
GPP,424,40,2853
GPP,425,40,2868
GPP,426,40,2868
GPP,427,40,2868
GPP,428,40,2884
GPP,429,40,2884
GPP,430,40,2900
GPP,431,40,2900
GPP,432,40,2916
GPP,433,40,2916
GPP,434,40,2916
GPP,435,40,2931
GPP,436,40,2931
GPP,437,40,2947
GPP,438,40,2947
GPP,439,40,2947
GPP,440,40,2963
GPP,441,40,2963
GPP,442,40,2979
GPP,443,40,2979
GPP,444,40,2994
GPP,445,40,2994
GPP,446,40,2994
GPP,447,40,3010
GPP,448,40,3010
GPP,449,40,3026
GPP,450,40,3026
GPP,451,40,3041
GPP,452,40,3041
GPP,453,40,3041
GPP,454,40,3057
GPP,455,40,3057
GPP,456,40,3073
GPP,457,40,3073
GPP,458,40,3089
GPP,459,40,3089
GPP,460,40,3089
GPP,461,40,3104
GPP,462,40,3104
GPP,463,40,3120
GPP,464,40,3120
GPP,465,40,3136
GPP,466,40,3136
GPP,467,40,3136
GPP,468,38,3151
GPP,469,38,3151
GPP,470,38,3167
GPP,471,38,3167
GPP,472,38,3167
GPP,473,38,3183
GPP,474,38,3183
GPP,475,38,3199
GPP,476,38,3199
GPP,477,38,3214
GPP,478,38,3214
GPP,479,38,3214
GPP,480,38,3230
GPP,481,38,3230
GPP,482,38,3246
GPP,483,38,3246
GPP,484,38,3261
GPP,485,38,3261
GPP,486,38,3261
GPP,487,38,3277
GPP,488,38,3277
GPP,489,38,3293
GPP,490,38,3293
GPP,491,38,3293
GPP,492,38,3308
GPP,493,38,3308
GPP,494,38,3324
GPP,495,38,3324
GPP,496,38,3340
GPP,497,38,3340
GPP,498,38,3340
GPP,499,38,3356
GPP,500,38,3356
GPP,501,38,3371
GPP,502,38,3371
GPP,503,38,3387
GPP,504,38,3387
GPP,505,38,3387
GPP,506,38,3403
GPP,507,38,3403
GPP,508,38,3418
GPP,509,38,3418
GPP,510,38,3418
GPP,511,38,3434
GPP,512,38,3434
GPP,513,38,3450
GPP,514,38,3450
GPP,515,38,3466
GPP,516,38,3466
GPP,517,38,3466
GPP,518,38,3481
GPP,519,38,3481
GPP,520,38,3497
GPP,521,38,3497
GPP,522,38,3513
GPP,523,38,3513
GPP,524,38,3513
GPP,525,38,3528
GPP,526,38,3528
GPP,527,38,3544
GPP,528,38,3544
GPP,529,38,3560
GPP,530,38,3560
GPP,531,38,3560
GPP,532,36,3575
GPP,533,36,3575
GPP,534,36,3591
GPP,535,36,3591
GPP,536,36,3591
GPP,537,36,3607
GPP,538,36,3607
GPP,539,36,3623
GPP,540,36,3623
GPP,541,36,3638
GPP,542,36,3638
GPP,543,36,3638
GPP,544,36,3654
GPP,545,36,3654
GPP,546,36,3670
GPP,547,36,3670
GPP,548,36,3686
GPP,549,36,3686
GPP,550,36,3686
GPP,551,36,3701
GPP,552,36,3701
GPP,553,36,3717
GPP,554,36,3717
GPP,555,36,3717
GPP,556,36,3733
GPP,557,36,3733
GPP,558,36,3748
GPP,559,36,3748
GPP,560,36,3764
GPP,561,36,3764
GPP,562,36,3764
GPP,563,36,3780
GPP,564,36,3780
GPP,565,36,3796
GPP,566,36,3796
GPP,567,36,3796
GPP,568,36,3811
GPP,569,36,3811
GPP,570,36,3827
GPP,571,36,3827
GPP,572,36,3843
GPP,573,36,3843
GPP,574,36,3843
GPP,575,36,3859
GPP,576,36,3859
GPP,577,36,3874
GPP,578,36,3874
GPP,579,36,3890
GPP,580,36,3890
GPP,581,36,3890
GPP,582,36,3906
GPP,583,36,3906
GPP,584,36,3922
GPP,585,36,3922
GPP,586,36,3937
GPP,587,36,3937
GPP,588,36,3937
GPP,589,36,3953
GPP,590,36,3953
GPP,591,36,3969
GPP,592,36,3969
GPP,593,36,3985
GPP,594,36,3985
GPP,595,36,3985
GPP,596,36,4000
GPP,597,36,4000
GPP,598,36,4016
GPP,599,36,4016
GPP,600,36,4032
GPP,601,36,4038
GPP,602,36,4040
GPP,603,36,4047
GPP,604,36,4047
GPP,605,36,4063
GPP,606,36,4063
GPP,607,36,4079
GPP,608,36,4079
GPP,609,36,4079
GPP,610,36,4094
GPP,611,36,4094
GPP,612,36,4110
GPP,613,36,4110
GPP,614,36,4126
GPP,615,36,4126
GPP,616,36,4126
GPP,617,36,4141
GPP,618,36,4141
GPP,619,36,4157
GPP,620,36,4157
GPP,621,36,4173
GPP,622,36,4173
GPP,623,36,4173
GPP,624,36,4188
GPP,625,36,4188
GPP,626,36,4204
GPP,627,36,4204
GPP,628,36,4220
GPP,629,36,4220
GPP,630,36,4220
GPP,631,36,4235
GPP,632,36,4235
GPP,633,36,4251
GPP,634,36,4251
GPP,635,36,4267
GPP,636,36,4267
GPP,637,36,4267
GPP,638,36,4282
GPP,639,36,4282
GPP,640,36,4298
GPP,641,36,4298
GPP,642,36,4298
GPP,643,36,4314
GPP,644,36,4314
GPP,645,36,4329
GPP,646,36,4329
GPP,647,36,4345
GPP,648,36,4345
GPP,649,36,4345
GPP,650,36,4361
GPP,651,36,4361
GPP,652,36,4376
GPP,653,36,4376
GPP,654,36,4376
GPP,655,36,4392
GPP,656,36,4392
GPP,657,36,4408
GPP,658,36,4408
GPP,659,36,4424
GPP,660,36,4424
GPP,661,36,4424
GPP,662,36,4439
GPP,663,36,4439
GPP,664,36,4455
GPP,665,36,4455
GPP,666,36,4471
GPP,667,36,4471
GPP,668,36,4471
GPP,669,36,4486
GPP,670,36,4486
GPP,671,36,4502
GPP,672,36,4502
GPP,673,36,4518
GPP,674,36,4518
GPP,675,36,4518
GPP,676,36,4533
GPP,677,36,4533
GPP,678,36,4549
GPP,679,36,4549
GPP,680,36,4549
GPP,681,36,4565
GPP,682,36,4565
GPP,683,36,4580
GPP,684,36,4580
GPP,685,36,4596
GPP,686,36,4596
GPP,687,36,4596
GPP,688,36,4612
GPP,689,36,4612
GPP,690,36,4627
GPP,691,36,4627
GPP,692,36,4643
GPP,693,36,4643
GPP,694,36,4643
GPP,695,36,4659
GPP,696,36,4659
GPP,697,36,4674
GPP,698,36,4674
GPP,699,36,4674
GPP,700,36,4690
GPP,701,36,4690
GPP,702,36,4706
GPP,703,36,4706
GPP,704,36,4721
GPP,705,36,4721
GPP,706,36,4721
GPP,707,36,4737
GPP,708,36,4737
GPP,709,36,4753
GPP,710,36,4753
GPP,711,36,4769
GPP,712,36,4769
GPP,713,36,4769
GPP,714,36,4784
GPP,715,36,4784
GPP,716,36,4800
GPP,717,36,4800
GPP,718,36,4816
GPP,719,36,4816
GPP,720,36,4816
GPP,721,36,4831
GPP,722,36,4831
GPP,723,36,4847
GPP,724,36,4847
GPP,725,36,4847
GPP,726,36,4863
GPP,727,36,4863
GPP,728,36,4878
GPP,729,36,4878
GPP,730,36,4894
GPP,731,36,4894
GPP,732,36,4894
GPP,733,36,4910
GPP,734,36,4910
GPP,735,36,4925
GPP,736,36,4925
GPP,737,36,4941
GPP,738,36,4941
GPP,739,36,4957
GPP,740,36,4957
GPP,741,36,4957
GPP,742,36,4973
GPP,743,36,4973
GPP,744,36,4988
GPP,745,36,4988
GPP,746,36,5004
GPP,747,36,5004
GPP,748,36,5020
GPP,749,36,5020
GPP,750,36,5020
GPP,751,36,5036
GPP,752,36,5036
GPP,753,36,5051
GPP,754,36,5051
GPP,755,36,5067
GPP,756,36,5067
GPP,757,36,5067
GPP,758,36,5083
GPP,759,36,5083
GPP,760,36,5098
GPP,761,36,5098
GPP,762,36,5114
GPP,763,36,5114
GPP,764,36,5114
GPP,765,36,5130
GPP,766,36,5130
GPP,767,36,5145
GPP,768,36,5145
GPP,769,36,5161
GPP,770,36,5161
GPP,771,36,5177
GPP,772,36,5177
GPP,773,36,5177
GPP,774,36,5193
GPP,775,36,5193
GPP,776,36,5208
GPP,777,36,5208
GPP,778,36,5224
GPP,779,36,5224
GPP,780,36,5240
GPP,781,36,5240
GPP,782,36,5255
GPP,783,36,5255
GPP,784,36,5255
GPP,785,36,5271
GPP,786,36,5271
GPP,787,36,5287
GPP,788,36,5287
GPP,789,36,5302
GPP,790,36,5302
GPP,791,36,5318
GPP,792,36,5318
GPP,793,36,5334
GPP,794,36,5334
GPP,795,36,5334
GPP,796,36,5349
GPP,797,36,5349
GPP,798,36,5365
GPP,799,36,5365
GPP,800,36,5381
GPP,801,36,5381
GPP,802,36,5396
GPP,803,36,5403
GPP,804,36,5404
GPP,805,36,5412
GPP,806,36,5412
GPP,807,36,5428
GPP,808,36,5428
GPP,809,36,5443
GPP,810,36,5443
GPP,811,36,5443
GPP,812,36,5459
GPP,813,36,5459
GPP,814,36,5475
GPP,815,36,5475
GPP,816,36,5490
GPP,817,36,5490
GPP,818,36,5490
GPP,819,36,5506
GPP,820,36,5506
GPP,821,36,5522
GPP,822,36,5522
GPP,823,36,5538
GPP,824,36,5538
GPP,825,36,5553
GPP,826,36,5553
GPP,827,36,5553
GPP,828,36,5569
GPP,829,36,5569
GPP,830,36,5585
GPP,831,36,5585
GPP,832,36,5600
GPP,833,36,5600
GPP,834,36,5600
GPP,835,36,5616
GPP,836,36,5616
GPP,837,36,5632
GPP,838,36,5632
GPP,839,36,5648
GPP,840,36,5648
GPP,841,36,5648
GPP,842,36,5663
GPP,843,36,5663
GPP,844,36,5679
GPP,845,36,5679
GPP,846,36,5695
GPP,847,36,5695
GPP,848,36,5695
GPP,849,36,5711
GPP,850,36,5711
GPP,851,36,5726
GPP,852,36,5726
GPP,853,36,5742
GPP,854,36,5742
GPP,855,36,5758
GPP,856,36,5758
GPP,857,36,5758
GPP,858,36,5773
GPP,859,36,5773
GPP,860,36,5789
GPP,861,36,5789
GPP,862,36,5805
GPP,863,36,5805
GPP,864,36,5805
GPP,865,36,5821
GPP,866,36,5821
GPP,867,36,5836
GPP,868,36,5836
GPP,869,36,5852
GPP,870,36,5852
GPP,871,36,5868
GPP,872,36,5868
GPP,873,36,5868
GPP,874,36,5883
GPP,875,36,5883
GPP,876,36,5899
GPP,877,36,5899
GPP,878,36,5915
GPP,879,36,5915
GPP,880,36,5915
GPP,881,36,5930
GPP,882,36,5930
GPP,883,36,5946
GPP,884,36,5946
GPP,885,36,5962
GPP,886,36,5962
GPP,887,36,5977
GPP,888,36,5977
GPP,889,36,5977
GPP,890,36,5993
GPP,891,36,5993
GPP,892,36,6009
GPP,893,36,6009
GPP,894,36,6025
GPP,895,36,6025
GPP,896,36,6025
GPP,897,36,6040
GPP,898,36,6040
GPP,899,36,6056
GPP,900,36,6056
GPP,901,36,6072
GPP,902,36,6072
GPP,903,36,6087
GPP,904,36,6087
GPP,905,36,6087
GPP,906,36,6103
GPP,907,36,6103
GPP,908,36,6119
GPP,909,36,6119
GPP,910,36,6134
GPP,911,36,6134
GPP,912,36,6134
GPP,913,36,6150
GPP,914,36,6150
GPP,915,36,6166
GPP,916,36,6166
GPP,917,36,6181
GPP,918,36,6181
GPP,919,36,6197
GPP,920,36,6197
GPP,921,36,6197
GPP,922,36,6213
GPP,923,36,6213
GPP,924,36,6228
GPP,925,36,6228
GPP,926,36,6244
GPP,927,36,6244
GPP,928,36,6244
GPP,929,36,6260
GPP,930,36,6260
GPP,931,36,6275
GPP,932,36,6275
GPP,933,36,6291
GPP,934,36,6291
GPP,935,36,6307
GPP,936,36,6307
GPP,937,36,6307
GPP,938,36,6323
GPP,939,36,6323
GPP,940,36,6338
GPP,941,36,6338
GPP,942,36,6354
GPP,943,36,6354
GPP,944,36,6354
GPP,945,36,6370
GPP,946,36,6370
GPP,947,36,6385
GPP,948,36,6385
GPP,949,36,6401
GPP,950,36,6401
GPP,951,36,6417
GPP,952,36,6417
GPP,953,36,6417
GPP,954,36,6432
GPP,955,36,6432
GPP,956,36,6448
GPP,957,36,6448
GPP,958,36,6464
GPP,959,36,6464
GPP,960,36,6464
GPP,961,36,6479
GPP,962,36,6479
GPP,963,36,6495
GPP,964,36,6495
GPP,965,36,6511
GPP,966,36,6511
GPP,967,36,6511
GPP,968,36,6526
GPP,969,36,6526
GPP,970,36,6542
GPP,971,36,6542
GPP,972,36,6558
GPP,973,36,6558
GPP,974,36,6573
GPP,975,36,6573
GPP,976,36,6573
GPP,977,36,6589
GPP,978,36,6589
GPP,979,36,6605
GPP,980,36,6605
GPP,981,36,6621
GPP,982,36,6621
GPP,983,36,6621
GPP,984,36,6636
GPP,985,36,6636
GPP,986,36,6652
GPP,987,36,6652
GPP,988,36,6668
GPP,989,36,6668
GPP,990,36,6668
GPP,991,36,6683
GPP,992,36,6683
GPP,993,36,6699
GPP,994,36,6699
GPP,995,36,6715
GPP,996,36,6715
GPP,997,36,6730
GPP,998,36,6730
GPP,999,36,6730
GPP,1000,36,6752
GPP,1001,36,6754
GPP,1002,36,6762
GPP,1003,36,6762
GPP,1004,36,6778
GPP,1005,36,6778
GPP,1006,36,6793
GPP,1007,36,6793
GPP,1008,36,6809
GPP,1009,36,6809
GPP,1010,36,6809
GPP,1011,36,6825
GPP,1012,36,6825
GPP,1013,36,6840
GPP,1014,36,6840
GPP,1015,36,6856
GPP,1016,36,6856
GPP,1017,36,6872
GPP,1018,36,6872
GPP,1019,36,6872
GPP,1020,36,6887
GPP,1021,36,6887
GPP,1022,36,6903
GPP,1023,36,6903
GPP,1024,36,6919
GPP,1025,36,6919
GPP,1026,36,6935
GPP,1027,36,6935
GPP,1028,36,6950
GPP,1029,36,6950
GPP,1030,36,6950
GPP,1031,36,6966
GPP,1032,36,6966
GPP,1033,36,6982
GPP,1034,36,6982
GPP,1035,36,6997
GPP,1036,36,6997
GPP,1037,36,7013
GPP,1038,36,7013
GPP,1039,36,7013
GPP,1040,36,7029
GPP,1041,36,7029
GPP,1042,36,7045
GPP,1043,36,7045
GPP,1044,36,7060
GPP,1045,36,7060
GPP,1046,36,7076
GPP,1047,36,7076
GPP,1048,36,7076
GPP,1049,36,7092
GPP,1050,36,7092
GPP,1051,36,7108
GPP,1052,36,7108
GPP,1053,36,7123
GPP,1054,36,7123
GPP,1055,36,7123
GPP,1056,36,7145
GPP,1057,36,7152
GPP,1058,36,7159
GPP,1059,36,7165
GPP,1060,36,7173
GPP,1061,36,7180
GPP,1062,36,7187
GPP,1063,36,7194
GPP,1064,36,7200
GPP,1065,36,7206
GPP,1066,36,7214
GPP,1067,36,7222
GPP,1068,36,7228
GPP,1069,36,7235
GPP,1070,36,7243
GPP,1071,36,7249
GPP,1072,36,7256
GPP,1073,36,7263
GPP,1074,36,7270
GPP,1075,36,7278
GPP,1076,36,7284
GPP,1077,36,7291
GPP,1078,36,7299
GPP,1079,36,7304
GPP,1080,36,7311
GPP,1081,36,7318
GPP,1082,36,7326
GPP,1083,36,7332
GPP,1084,36,7338
GPP,1085,36,7346
GPP,1086,36,7352
GPP,1087,36,7358
GPP,1088,36,7366
GPP,1089,36,7372
GPP,1090,36,7380
GPP,1091,36,7386
GPP,1092,36,7393
GPP,1093,36,7401
GPP,1094,36,7407
GPP,1095,36,7413
GPP,1096,36,7420
GPP,1097,36,7428
GPP,1098,36,7433
GPP,1099,36,7442
GPP,1100,36,7449
GPP,1101,36,7456
GPP,1102,36,7462
GPP,1103,36,7469
GPP,1104,36,7477
GPP,1105,36,7483
GPP,1106,36,7490
GPP,1107,36,7498
GPP,1108,36,7505
GPP,1109,36,7512
GPP,1110,36,7518
GPP,1111,36,7525
GPP,1112,36,7532
GPP,1113,36,7540
GPP,1114,36,7546
GPP,1115,36,7553
GPP,1116,36,7561
GPP,1117,36,7567
GPP,1118,36,7575
GPP,1119,36,7580
GPP,1120,36,7587
GPP,1121,36,7595
GPP,1122,36,7602
GPP,1123,36,7608
GPP,1124,36,7616
GPP,1125,36,7623
GPP,1126,36,7630
GPP,1127,36,7638
GPP,1128,36,7643
GPP,1129,36,7651
GPP,1130,36,7657
GPP,1131,36,7665
GPP,1132,36,7671
GPP,1133,36,7678
GPP,1134,36,7686
GPP,1135,36,7692
GPP,1136,36,7700
GPP,1137,36,7706
GPP,1138,36,7712
GPP,1139,36,7720
GPP,1140,36,7726
GPP,1141,36,7733
GPP,1142,36,7741
GPP,1143,36,7747
GPP,1144,36,7755
GPP,1145,36,7761
GPP,1146,36,7769
GPP,1147,36,7776
GPP,1148,36,7783
GPP,1149,36,7789
GPP,1150,36,7797
GPP,1151,36,7803
GPP,1152,36,7810
GPP,1153,36,7816
GPP,1154,36,7824
GPP,1155,36,7830
GPP,1156,36,7837
GPP,1157,36,7843
GPP,1158,36,7851
GPP,1159,36,7858
GPP,1160,36,7865
GPP,1161,36,7871
GPP,1162,36,7879
GPP,1163,36,7885
GPP,1164,36,7892
GPP,1165,36,7900
GPP,1166,36,7907
GPP,1167,36,7913
GPP,1168,36,7921
GPP,1169,36,7928
GPP,1170,36,7933
GPP,1171,36,7940
GPP,1172,36,7948
GPP,1173,36,7954
GPP,1174,36,7962
GPP,1175,36,7969
GPP,1176,36,7975
GPP,1177,36,7983
GPP,1178,36,7989
GPP,1179,36,7997
GPP,1180,36,8003
GPP,1181,36,8011
GPP,1182,36,8018
GPP,1183,36,8024
GPP,1184,36,8031
GPP,1185,36,8039
GPP,1186,36,8045
GPP,1187,36,8053
GPP,1188,36,8059
GPP,1189,36,8066
GPP,1190,36,8074
GPP,1191,36,8080
GPP,1192,36,8088
GPP,1193,36,8094
GPP,1194,36,8102
GPP,1195,36,8108
GPP,1196,36,8114
GPP,1197,36,8122
GPP,1198,36,8128
GPP,1199,36,8135
GPP,1200,36,8142
GPP,1201,36,8150
GPP,1202,36,8155
GPP,1203,36,8155
GPP,1204,36,8170
GPP,1205,36,8170
GPP,1206,36,8170
GPP,1207,36,8186
GPP,1208,36,8186
GPP,1209,36,8202
GPP,1210,36,8202
GPP,1211,36,8217
GPP,1212,36,8217
GPP,1213,36,8217
GPP,1214,36,8233
GPP,1215,36,8233
GPP,1216,36,8249
GPP,1217,36,8249
GPP,1218,36,8265
GPP,1219,36,8265
GPP,1220,36,8265
GPP,1221,36,8280
GPP,1222,36,8280
GPP,1223,36,8296
GPP,1224,36,8296
GPP,1225,36,8312
GPP,1226,36,8312
GPP,1227,36,8327
GPP,1228,36,8327
GPP,1229,36,8327
GPP,1230,36,8343
GPP,1231,36,8343
GPP,1232,36,8359
GPP,1233,36,8359
GPP,1234,36,8375
GPP,1235,36,8375
GPP,1236,36,8375
GPP,1237,36,8390
GPP,1238,36,8390
GPP,1239,36,8406
GPP,1240,36,8406
GPP,1241,36,8422
GPP,1242,36,8422
GPP,1243,36,8437
GPP,1244,36,8437
GPP,1245,36,8437
GPP,1246,36,8453
GPP,1247,36,8453
GPP,1248,36,8469
GPP,1249,36,8469
GPP,1250,36,8484
GPP,1251,36,8484
GPP,1252,36,8484
GPP,1253,36,8500
GPP,1254,36,8500
GPP,1255,36,8516
GPP,1256,36,8516
GPP,1257,36,8531
GPP,1258,36,8531
GPP,1259,36,8547
GPP,1260,36,8547
GPP,1261,36,8547
GPP,1262,36,8563
GPP,1263,36,8563
GPP,1264,36,8579
GPP,1265,36,8579
GPP,1266,36,8595
GPP,1267,36,8602
GPP,1268,36,8603
GPP,1269,36,8610
GPP,1270,36,8610
GPP,1271,36,8626
GPP,1272,36,8626
GPP,1273,36,8641
GPP,1274,36,8641
GPP,1275,36,8641
GPP,1276,36,8657
GPP,1277,36,8657
GPP,1278,36,8673
GPP,1279,36,8673
GPP,1280,36,8689
GPP,1281,36,8689
GPP,1282,36,8704
GPP,1283,36,8704
GPP,1284,36,8704
GPP,1285,36,8720
GPP,1286,36,8720
GPP,1287,36,8736
GPP,1288,36,8736
GPP,1289,36,8751
GPP,1290,36,8751
GPP,1291,36,8751
GPP,1292,36,8767
GPP,1293,36,8767
GPP,1294,36,8783
GPP,1295,36,8783
GPP,1296,36,8798
GPP,1297,36,8798
GPP,1298,36,8798
GPP,1299,36,8814
GPP,1300,36,8814
GPP,1301,36,8830
GPP,1302,36,8830
GPP,1303,36,8846
GPP,1304,36,8846
GPP,1305,36,8861
GPP,1306,36,8861
GPP,1307,36,8861
GPP,1308,36,8879
GPP,1309,36,8879
GPP,1310,36,8893
GPP,1311,36,8893
GPP,1312,36,8908
GPP,1313,36,8908
GPP,1314,36,8924
GPP,1315,36,8924
GPP,1316,36,8924
GPP,1317,36,8940
GPP,1318,36,8940
GPP,1319,36,8956
GPP,1320,36,8956
GPP,1321,36,8971
GPP,1322,36,8971
GPP,1323,36,8971
GPP,1324,36,8987
GPP,1325,36,8987
GPP,1326,36,9003
GPP,1327,36,9003
GPP,1328,36,9018
GPP,1329,36,9018
GPP,1330,36,9018
GPP,1331,36,9034
GPP,1332,36,9034
GPP,1333,36,9050
GPP,1334,36,9050
GPP,1335,36,9065
GPP,1336,36,9065
GPP,1337,36,9081
GPP,1338,36,9081
GPP,1339,36,9081
GPP,1340,36,9097
GPP,1341,36,9097
GPP,1342,36,9113
GPP,1343,36,9113
GPP,1344,36,9128
GPP,1345,36,9128
GPP,1346,36,9128
GPP,1347,36,9144
GPP,1348,36,9144
GPP,1349,36,9160
GPP,1350,36,9160
GPP,1351,36,9175
GPP,1352,36,9175
GPP,1353,36,9175
GPP,1354,36,9191
GPP,1355,36,9191
GPP,1356,36,9207
GPP,1357,36,9207
GPP,1358,36,9223
GPP,1359,36,9223
GPP,1360,36,9223
GPP,1361,36,9238
GPP,1362,36,9238
GPP,1363,36,9254
GPP,1364,36,9254
GPP,1365,36,9270
GPP,1366,36,9270
GPP,1367,36,9286
GPP,1368,36,9286
GPP,1369,36,9286
GPP,1370,36,9301
GPP,1371,36,9301
GPP,1372,36,9317
GPP,1373,36,9317
GPP,1374,36,9333
GPP,1375,36,9333
GPP,1376,36,9333
GPP,1377,36,9348
GPP,1378,36,9348
GPP,1379,36,9364
GPP,1380,36,9364
GPP,1381,36,9380
GPP,1382,36,9380
GPP,1383,36,9380
GPP,1384,36,9396
GPP,1385,36,9396
GPP,1386,36,9411
GPP,1387,36,9411
GPP,1388,36,9427
GPP,1389,36,9427
GPP,1390,36,9443
GPP,1391,36,9443
GPP,1392,36,9443
GPP,1393,36,9458
GPP,1394,36,9458
GPP,1395,36,9477
GPP,1396,36,9482
GPP,1397,36,9490
GPP,1398,36,9490
GPP,1399,36,9490
GPP,1400,36,9506
GPP,1401,36,9506
GPP,1402,36,9521
GPP,1403,36,9521
GPP,1404,36,9537
GPP,1405,36,9537
GPP,1406,36,9537
GPP,1407,36,9553
GPP,1408,36,9553
GPP,1409,36,9568
GPP,1410,36,9568
GPP,1411,36,9584
GPP,1412,36,9584
GPP,1413,36,9600
GPP,1414,36,9600
GPP,1415,36,9600
GPP,1416,36,9615
GPP,1417,36,9615
GPP,1418,36,9631
GPP,1419,36,9631
GPP,1420,36,9647
GPP,1421,36,9647
GPP,1422,36,9647
GPP,1423,36,9662
GPP,1424,36,9662
GPP,1425,36,9678
GPP,1426,36,9678
GPP,1427,36,9694
GPP,1428,36,9694
GPP,1429,36,9694
GPP,1430,36,9710
GPP,1431,36,9710
GPP,1432,36,9725
GPP,1433,36,9725
GPP,1434,36,9741
GPP,1435,36,9741
GPP,1436,36,9757
GPP,1437,36,9757
GPP,1438,36,9757
GPP,1439,36,9773
GPP,1440,36,9773
GPP,1441,36,9788
GPP,1442,36,9788
GPP,1443,36,9804
GPP,1444,36,9804
GPP,1445,36,9804
GPP,1446,36,9820
GPP,1447,36,9820
GPP,1448,36,9835
GPP,1449,36,9835
GPP,1450,36,9851
GPP,1451,36,9851
GPP,1452,36,9851
GPP,1453,36,9867
GPP,1454,36,9867
GPP,1455,36,9883
GPP,1456,36,9883
GPP,1457,36,9898
GPP,1458,36,9898
GPP,1459,36,9914
GPP,1460,36,9914
GPP,1461,36,9914
GPP,1462,36,9930
GPP,1463,36,9930
GPP,1464,36,9946
GPP,1465,36,9946
GPP,1466,36,9961
GPP,1467,36,9961
GPP,1468,36,9961
GPP,1469,36,9977
GPP,1470,36,9977
GPP,1471,36,9993
GPP,1472,36,9993
GPP,1473,36,10008
GPP,1474,36,10008
GPP,1475,36,10024
GPP,1476,36,10024
GPP,1477,36,10024
GPP,1478,36,10040
GPP,1479,36,10040
GPP,1480,36,10055
GPP,1481,36,10055
GPP,1482,36,10071
GPP,1483,36,10071
GPP,1484,36,10071
GPP,1485,36,10087
GPP,1486,36,10087
GPP,1487,36,10103
GPP,1488,36,10103
GPP,1489,36,10118
GPP,1490,36,10118
GPP,1491,36,10118
GPP,1492,36,10134
GPP,1493,36,10134
GPP,1494,36,10150
GPP,1495,36,10150
GPP,1496,36,10165
GPP,1497,36,10165
GPP,1498,36,10181
GPP,1499,36,10181
GPP,1500,36,10181
GPP,1501,36,10197
GPP,1502,36,10197
GPP,1503,36,10213
GPP,1504,36,10213
GPP,1505,36,10228
GPP,1506,36,10228
GPP,1507,36,10228
GPP,1508,36,10244
GPP,1509,36,10244
GPP,1510,36,10260
GPP,1511,36,10260
GPP,1512,36,10275
GPP,1513,36,10275
GPP,1514,36,10291
GPP,1515,36,10291
GPP,1516,36,10291
GPP,1517,36,10307
GPP,1518,36,10307
GPP,1519,36,10323
GPP,1520,36,10323
GPP,1521,36,10338
GPP,1522,36,10338
GPP,1523,36,10354
GPP,1524,36,10354
GPP,1525,36,10354
GPP,1526,36,10370
GPP,1527,36,10370
GPP,1528,36,10386
GPP,1529,36,10386
GPP,1530,36,10401
GPP,1531,36,10401
GPP,1532,36,10401
GPP,1533,36,10417
GPP,1534,36,10417
GPP,1535,36,10433
GPP,1536,36,10433
GPP,1537,36,10448
GPP,1538,36,10448
GPP,1539,36,10448
GPP,1540,36,10464
GPP,1541,36,10464
GPP,1542,36,10480
GPP,1543,36,10480
GPP,1544,36,10495
GPP,1545,36,10495
GPP,1546,36,10511
GPP,1547,36,10511
GPP,1548,36,10511
GPP,1549,36,10527
GPP,1550,36,10527
GPP,1551,36,10543
GPP,1552,36,10543
GPP,1553,36,10558
GPP,1554,36,10558
GPP,1555,36,10574
GPP,1556,36,10574
GPP,1557,36,10574
GPP,1558,36,10590
GPP,1559,36,10590
GPP,1560,36,10605
GPP,1561,36,10605
GPP,1562,36,10621
GPP,1563,36,10621
GPP,1564,36,10637
GPP,1565,36,10637
GPP,1566,36,10637
GPP,1567,36,10652
GPP,1568,36,10652
GPP,1569,36,10668
GPP,1570,36,10668
GPP,1571,36,10684
GPP,1572,36,10684
GPP,1573,36,10700
GPP,1574,36,10700
GPP,1575,36,10700
GPP,1576,36,10715
GPP,1577,36,10715
GPP,1578,36,10731
GPP,1579,36,10731
GPP,1580,36,10747
GPP,1581,36,10747
GPP,1582,36,10747
GPP,1583,36,10762
GPP,1584,36,10762
GPP,1585,36,10778
GPP,1586,36,10778
GPP,1587,36,10794
GPP,1588,36,10794
GPP,1589,36,10794
GPP,1590,36,10809
GPP,1591,36,10809
GPP,1592,36,10825
GPP,1593,36,10825
GPP,1594,36,10843
GPP,1595,34,10848
GPP,1596,34,10856
GPP,1597,34,10856
GPP,1598,34,10856
GPP,1599,34,10872
GPP,1600,34,10872
GPP,1601,34,10888
GPP,1602,34,10888
GPP,1603,34,10904
GPP,1604,34,10904
GPP,1605,34,10904
GPP,1606,34,10919
GPP,1607,34,10919
GPP,1608,34,10935
GPP,1609,34,10935
GPP,1610,34,10935
GPP,1611,34,10951
GPP,1612,34,10951
GPP,1613,34,10966
GPP,1614,34,10966
GPP,1615,34,10982
GPP,1616,34,10982
GPP,1617,34,10982
GPP,1618,34,10998
GPP,1619,34,10998
GPP,1620,34,11013
GPP,1621,34,11013
GPP,1622,34,11029
GPP,1623,34,11029
GPP,1624,34,11029
GPP,1625,34,11045
GPP,1626,34,11045
GPP,1627,34,11061
GPP,1628,34,11061
GPP,1629,34,11061
GPP,1630,34,11076
GPP,1631,34,11076
GPP,1632,34,11092
GPP,1633,34,11092
GPP,1634,34,11108
GPP,1635,34,11108
GPP,1636,34,11108
GPP,1637,34,11123
GPP,1638,34,11123
GPP,1639,34,11139
GPP,1640,34,11139
GPP,1641,34,11139
GPP,1642,34,11155
GPP,1643,34,11155
GPP,1644,34,11170
GPP,1645,34,11170
GPP,1646,34,11186
GPP,1647,34,11186
GPP,1648,34,11186
GPP,1649,34,11202
GPP,1650,34,11202
GPP,1651,34,11218
GPP,1652,34,11218
GPP,1653,34,11233
GPP,1654,34,11233
GPP,1655,34,11233
GPP,1656,34,11249
GPP,1657,34,11249
GPP,1658,34,11265
GPP,1659,34,11265
GPP,1660,34,11265
GPP,1661,34,11280
GPP,1662,34,11280
GPP,1663,34,11296
GPP,1664,34,11296
GPP,1665,34,11312
GPP,1666,34,11312
GPP,1667,34,11312
GPP,1668,34,11327
GPP,1669,34,11327
GPP,1670,34,11343
GPP,1671,34,11343
GPP,1672,34,11359
GPP,1673,34,11359
GPP,1674,34,11359
GPP,1675,34,11375
GPP,1676,34,11375
GPP,1677,34,11390
GPP,1678,34,11390
GPP,1679,34,11390
GPP,1680,34,11406
GPP,1681,34,11406
GPP,1682,34,11422
GPP,1683,34,11422
GPP,1684,34,11437
GPP,1685,34,11437
GPP,1686,34,11437
GPP,1687,34,11453
GPP,1688,34,11453
GPP,1689,34,11469
GPP,1690,34,11469
GPP,1691,34,11469
GPP,1692,34,11484
GPP,1693,34,11484
GPP,1694,34,11500
GPP,1695,34,11500
GPP,1696,34,11516
GPP,1697,34,11516
GPP,1698,34,11516
GPP,1699,34,11532
GPP,1700,34,11532
GPP,1701,34,11547
GPP,1702,34,11547
GPP,1703,34,11563
GPP,1704,34,11563
GPP,1705,34,11563
GPP,1706,34,11579
GPP,1707,34,11579
GPP,1708,34,11594
GPP,1709,34,11594
GPP,1710,34,11610
GPP,1711,34,11610
GPP,1712,34,11610
GPP,1713,34,11626
GPP,1714,34,11626
GPP,1715,34,11641
GPP,1716,34,11641
GPP,1717,34,11641
GPP,1718,34,11657
GPP,1719,34,11657
GPP,1720,34,11673
GPP,1721,34,11673
GPP,1722,34,11688
GPP,1723,34,11688
GPP,1724,34,11688
GPP,1725,34,11704
GPP,1726,34,11704
GPP,1727,34,11720
GPP,1728,34,11720
GPP,1729,34,11720
GPP,1730,34,11736
GPP,1731,34,11736
GPP,1732,34,11751
GPP,1733,34,11751
GPP,1734,34,11767
GPP,1735,34,11767
GPP,1736,34,11767
GPP,1737,34,11783
GPP,1738,34,11783
GPP,1739,34,11798
GPP,1740,34,11798
GPP,1741,34,11814
GPP,1742,34,11814
GPP,1743,34,11814
GPP,1744,34,11830
GPP,1745,34,11830
GPP,1746,34,11845
GPP,1747,34,11845
GPP,1748,34,11845
GPP,1749,34,11861
GPP,1750,34,11861
GPP,1751,34,11877
GPP,1752,34,11877
GPP,1753,34,11893
GPP,1754,34,11893
GPP,1755,34,11908
GPP,1756,34,11908
GPP,1757,34,11908
GPP,1758,34,11924
GPP,1759,34,11924
GPP,1760,34,11940
GPP,1761,34,11940
GPP,1762,34,11940
GPP,1763,34,11955
GPP,1764,34,11955
GPP,1765,34,11971
GPP,1766,34,11971
GPP,1767,34,11987
GPP,1768,34,11987
GPP,1769,34,11987
GPP,1770,34,12003
GPP,1771,34,12003
GPP,1772,34,12018
GPP,1773,34,12018
GPP,1774,34,12034
GPP,1775,34,12034
GPP,1776,34,12034
GPP,1777,34,12050
GPP,1778,34,12050
GPP,1779,34,12065
GPP,1780,34,12065
GPP,1781,34,12065
GPP,1782,34,12081
GPP,1783,34,12081
GPP,1784,34,12097
GPP,1785,34,12097
GPP,1786,34,12112
GPP,1787,34,12112
GPP,1788,34,12112
GPP,1789,34,12128
GPP,1790,34,12128
GPP,1791,34,12144
GPP,1792,34,12144
GPP,1793,34,12159
GPP,1794,34,12159
GPP,1795,34,12159
GPP,1796,34,12175
GPP,1797,34,12175
GPP,1798,34,12191
GPP,1799,34,12191
GPP,1800,34,12207
GPP,1801,34,12214
GPP,1802,34,12222
GPP,1803,34,12222
GPP,1804,34,12238
GPP,1805,34,12238
GPP,1806,34,12254
GPP,1807,34,12254
GPP,1808,34,12254
GPP,1809,34,12270
GPP,1810,34,12270
GPP,1811,34,12286
GPP,1812,34,12286
GPP,1813,34,12301
GPP,1814,34,12301
GPP,1815,34,12317
GPP,1816,34,12317
GPP,1817,34,12317
GPP,1818,34,12333
GPP,1819,34,12333
GPP,1820,34,12348
GPP,1821,34,12348
GPP,1822,34,12364
GPP,1823,34,12364
GPP,1824,34,12364
GPP,1825,34,12380
GPP,1826,34,12380
GPP,1827,34,12395
GPP,1828,34,12395
GPP,1829,34,12411
GPP,1830,34,12411
GPP,1831,34,12411
GPP,1832,34,12427
GPP,1833,34,12427
GPP,1834,34,12442
GPP,1835,34,12442
GPP,1836,34,12458
GPP,1837,34,12458
GPP,1838,34,12474
GPP,1839,34,12474
GPP,1840,34,12474
GPP,1841,34,12489
GPP,1842,34,12489
GPP,1843,34,12505
GPP,1844,34,12505
GPP,1845,34,12521
GPP,1846,34,12521
GPP,1847,34,12521
GPP,1848,34,12537
GPP,1849,34,12537
GPP,1850,34,12552
GPP,1851,34,12552
GPP,1852,34,12568
GPP,1853,34,12568
GPP,1854,34,12584
GPP,1855,34,12584
GPP,1856,34,12584
GPP,1857,34,12599
GPP,1858,34,12599
GPP,1859,34,12615
GPP,1860,34,12615
GPP,1861,34,12631
GPP,1862,34,12631
GPP,1863,34,12631
GPP,1864,34,12646
GPP,1865,34,12646
GPP,1866,34,12662
GPP,1867,34,12662
GPP,1868,34,12678
GPP,1869,34,12678
GPP,1870,34,12678
GPP,1871,34,12694
GPP,1872,34,12694
GPP,1873,34,12709
GPP,1874,34,12709
GPP,1875,34,12725
GPP,1876,34,12725
GPP,1877,34,12741
GPP,1878,34,12741
GPP,1879,34,12741
GPP,1880,34,12756
GPP,1881,34,12756
GPP,1882,34,12774
GPP,1883,34,12780
GPP,1884,34,12788
GPP,1885,34,12788
GPP,1886,34,12788
GPP,1887,34,12803
GPP,1888,34,12803
GPP,1889,32,12819
GPP,1890,32,12819
GPP,1891,32,12835
GPP,1892,32,12835
GPP,1893,32,12835
GPP,1894,32,12850
GPP,1895,32,12850
GPP,1896,32,12866
GPP,1897,32,12866
GPP,1898,32,12882
GPP,1899,32,12882
GPP,1900,32,12882
GPP,1901,32,12898
GPP,1902,32,12898
GPP,1903,32,12913
GPP,1904,32,12913
GPP,1905,32,12929
GPP,1906,32,12929
GPP,1907,32,12929
GPP,1908,32,12945
GPP,1909,32,12945
GPP,1910,32,12960
GPP,1911,32,12960
GPP,1912,32,12976
GPP,1913,32,12976
GPP,1914,32,12976
GPP,1915,32,12992
GPP,1916,32,12992
GPP,1917,32,13008
GPP,1918,32,13008
GPP,1919,32,13008
GPP,1920,32,13023
GPP,1921,32,13023
GPP,1922,32,13039
GPP,1923,32,13039
GPP,1924,32,13055
GPP,1925,32,13055
GPP,1926,32,13071
GPP,1927,32,13071
GPP,1928,32,13071
GPP,1929,32,13086
GPP,1930,32,13086
GPP,1931,32,13102
GPP,1932,32,13102
GPP,1933,32,13102
GPP,1934,32,13118
GPP,1935,32,13118
GPP,1936,32,13133
GPP,1937,32,13133
GPP,1938,32,13149
GPP,1939,32,13149
GPP,1940,32,13149
GPP,1941,32,13165
GPP,1942,32,13165
GPP,1943,32,13180
GPP,1944,32,13180
GPP,1945,32,13196
GPP,1946,32,13196
GPP,1947,32,13196
GPP,1948,32,13212
GPP,1949,32,13212
GPP,1950,30,13227
GPP,1951,30,13227
GPP,1952,30,13227
GPP,1953,30,13243
GPP,1954,30,13243
GPP,1955,30,13259
GPP,1956,30,13259
GPP,1957,30,13275
GPP,1958,30,13275
GPP,1959,30,13275
GPP,1960,30,13290
GPP,1961,30,13290
GPP,1962,30,13306
GPP,1963,30,13306
GPP,1964,30,13322
GPP,1965,30,13322
GPP,1966,30,13322
GPP,1967,30,13337
GPP,1968,30,13337
GPP,1969,30,13353
GPP,1970,30,13353
GPP,1971,30,13369
GPP,1972,30,13369
GPP,1973,30,13369
GPP,1974,30,13384
GPP,1975,30,13384
GPP,1976,30,13400
GPP,1977,30,13400
GPP,1978,30,13400
GPP,1979,30,13416
GPP,1980,30,13416
GPP,1981,30,13431
GPP,1982,30,13431
GPP,1983,30,13447
GPP,1984,30,13447
GPP,1985,30,13463
GPP,1986,30,13463
GPP,1987,30,13463
GPP,1988,30,13478
GPP,1989,30,13478
GPP,1990,30,13494
GPP,1991,30,13494
GPP,1992,30,13510
GPP,1993,30,13510
GPP,1994,30,13510
GPP,1995,30,13525
GPP,1996,30,13525
GPP,1997,30,13541
GPP,1998,30,13541
GPP,1999,30,13557
GPP,2000,30,13557
GPP,2001,30,13557
GPP,2002,30,13574
GPP,2003,30,13574
GPP,2004,30,13588
GPP,2005,30,13588
GPP,2006,30,13588
GPP,2007,30,13604
GPP,2008,30,13604
GPP,2009,30,13620
GPP,2010,30,13620
GPP,2011,30,13635
GPP,2012,30,13635
GPP,2013,30,13635
GPP,2014,30,13651
GPP,2015,30,13651
GPP,2016,30,13667
GPP,2017,30,13667
GPP,2018,30,13683
GPP,2019,30,13683
GPP,2020,30,13683
GPP,2021,30,13698
GPP,2022,30,13698
GPP,2023,30,13714
GPP,2024,30,13714
GPP,2025,30,13729
GPP,2026,30,13729
GPP,2027,30,13729
GPP,2028,30,13745
GPP,2029,30,13745
GPP,2030,30,13761
GPP,2031,30,13761
GPP,2032,30,13777
GPP,2033,30,13777
GPP,2034,30,13777
GPP,2035,30,13792
GPP,2036,30,13792
GPP,2037,30,13808
GPP,2038,30,13808
GPP,2039,30,13824
GPP,2040,30,13824
GPP,2041,30,13824
GPP,2042,30,13839
GPP,2043,30,13839
GPP,2044,30,13855
GPP,2045,30,13855
GPP,2046,30,13855
GPP,2047,30,13871
GPP,2048,30,13871
GPP,2049,30,13886
GPP,2050,30,13886
GPP,2051,30,13902
GPP,2052,30,13902
GPP,2053,30,13918
GPP,2054,30,13918
GPP,2055,30,13918
GPP,2056,30,13934
GPP,2057,30,13934
GPP,2058,30,13950
GPP,2059,30,13950
GPP,2060,30,13965
GPP,2061,30,13965
GPP,2062,30,13965
GPP,2063,30,13981
GPP,2064,30,13981
GPP,2065,30,13997
GPP,2066,30,13997
GPP,2067,30,14012
GPP,2068,30,14012
GPP,2069,30,14012
GPP,2070,30,14028
GPP,2071,30,14028
GPP,2072,30,14044
GPP,2073,30,14044
GPP,2074,30,14059
GPP,2075,30,14059
GPP,2076,30,14059
GPP,2077,30,14075
GPP,2078,30,14075
GPP,2079,30,14091
GPP,2080,30,14091
GPP,2081,30,14106
GPP,2082,30,14106
GPP,2083,30,14106
GPP,2084,30,14122
GPP,2085,30,14122
GPP,2086,30,14138
GPP,2087,30,14138
GPP,2088,30,14153
GPP,2089,30,14153
GPP,2090,30,14153
GPP,2091,30,14169
GPP,2092,30,14169
GPP,2093,30,14185
GPP,2094,30,14185
GPP,2095,30,14200
GPP,2096,30,14200
GPP,2097,30,14200
GPP,2098,30,14216
GPP,2099,30,14216
GPP,2100,30,14232
GPP,2101,30,14232
GPP,2102,30,14247
GPP,2103,30,14247
GPP,2104,30,14247
GPP,2105,30,14263
GPP,2106,30,14263
GPP,2107,30,14279
GPP,2108,30,14279
GPP,2109,30,14295
GPP,2110,30,14295
GPP,2111,30,14295
GPP,2112,30,14310
GPP,2113,30,14310
GPP,2114,30,14326
GPP,2115,30,14326
GPP,2116,30,14342
GPP,2117,30,14342
GPP,2118,30,14342
GPP,2119,30,14357
GPP,2120,30,14357
GPP,2121,30,14373
GPP,2122,30,14373
GPP,2123,30,14389
GPP,2124,30,14389
GPP,2125,30,14389
GPP,2126,30,14405
GPP,2127,30,14405
GPP,2128,30,14420
GPP,2129,30,14420
GPP,2130,30,14436
GPP,2131,30,14436
GPP,2132,30,14436
GPP,2133,30,14452
GPP,2134,30,14452
GPP,2135,30,14467
GPP,2136,30,14467
GPP,2137,30,14467
GPP,2138,30,14483
GPP,2139,30,14483
GPP,2140,30,14499
GPP,2141,30,14499
GPP,2142,30,14514
GPP,2143,30,14514
GPP,2144,30,14514
GPP,2145,30,14530
GPP,2146,30,14530
GPP,2147,30,14546
GPP,2148,30,14546
GPP,2149,30,14562
GPP,2150,30,14562
GPP,2151,30,14562
GPP,2152,30,14577
GPP,2153,30,14577
GPP,2154,30,14593
GPP,2155,30,14593
GPP,2156,30,14609
GPP,2157,30,14609
GPP,2158,30,14609
GPP,2159,30,14624
GPP,2160,30,14624
GPP,2161,30,14640
GPP,2162,30,14640
GPP,2163,30,14656
GPP,2164,30,14656
GPP,2165,30,14656
GPP,2166,30,14672
GPP,2167,30,14672
GPP,2168,30,14687
GPP,2169,30,14687
GPP,2170,30,14703
GPP,2171,30,14703
GPP,2172,30,14703
GPP,2173,30,14719
GPP,2174,30,14719
GPP,2175,30,14735
GPP,2176,30,14735
GPP,2177,30,14750
GPP,2178,30,14750
GPP,2179,30,14750
GPP,2180,30,14766
GPP,2181,30,14766
GPP,2182,30,14782
GPP,2183,30,14782
GPP,2184,30,14797
GPP,2185,30,14797
GPP,2186,30,14813
GPP,2187,30,14813
GPP,2188,30,14813
GPP,2189,30,14829
GPP,2190,30,14829
GPP,2191,30,14845
GPP,2192,30,14845
GPP,2193,30,14860
GPP,2194,30,14860
GPP,2195,30,14860
GPP,2196,30,14876
GPP,2197,30,14876
GPP,2198,30,14892
GPP,2199,30,14892
GPP,2200,30,14907
GPP,2201,30,14907
GPP,2202,30,14923
GPP,2203,30,14923
GPP,2204,30,14923
GPP,2205,30,14944
GPP,2206,30,14947
GPP,2207,30,14954
GPP,2208,30,14954
GPP,2209,30,14970
GPP,2210,30,14970
GPP,2211,30,14970
GPP,2212,30,14986
GPP,2213,30,14986
GPP,2214,30,15001
GPP,2215,30,15001
GPP,2216,30,15017
GPP,2217,30,15017
GPP,2218,30,15017
GPP,2219,30,15033
GPP,2220,30,15033
GPP,2221,30,15049
GPP,2222,30,15049
GPP,2223,30,15064
GPP,2224,30,15064
GPP,2225,30,15064
GPP,2226,30,15080
GPP,2227,30,15080
GPP,2228,30,15096
GPP,2229,30,15096
GPP,2230,30,15112
GPP,2231,30,15112
GPP,2232,30,15127
GPP,2233,30,15127
GPP,2234,30,15127
GPP,2235,30,15143
GPP,2236,30,15143
GPP,2237,30,15159
GPP,2238,30,15159
GPP,2239,30,15175
GPP,2240,30,15175
GPP,2241,30,15175
GPP,2242,30,15190
GPP,2243,30,15190
GPP,2244,30,15206
GPP,2245,30,15206
GPP,2246,30,15222
GPP,2247,30,15222
GPP,2248,30,15222
GPP,2249,30,15237
GPP,2250,30,15237
GPP,2251,30,15253
GPP,2252,30,15253
GPP,2253,30,15269
GPP,2254,30,15269
GPP,2255,30,15284
GPP,2256,30,15284
GPP,2257,30,15284
GPP,2258,30,15300
GPP,2259,30,15300
GPP,2260,30,15316
GPP,2261,30,15316
GPP,2262,30,15331
GPP,2263,30,15331
GPP,2264,30,15331
GPP,2265,30,15347
GPP,2266,30,15347
GPP,2267,30,15363
GPP,2268,30,15363
GPP,2269,30,15379
GPP,2270,30,15379
GPP,2271,30,15379
GPP,2272,30,15394
GPP,2273,30,15394
GPP,2274,30,15410
GPP,2275,30,15410
GPP,2276,30,15426
GPP,2277,30,15426
GPP,2278,30,15442
GPP,2279,30,15442
GPP,2280,30,15442
GPP,2281,30,15457
GPP,2282,30,15457
GPP,2283,30,15473
GPP,2284,30,15473
GPP,2285,30,15489
GPP,2286,30,15489
GPP,2287,30,15489
GPP,2288,30,15504
GPP,2289,30,15504
GPP,2290,30,15520
GPP,2291,30,15520
GPP,2292,30,15536
GPP,2293,30,15536
GPP,2294,30,15536
GPP,2295,30,15552
GPP,2296,30,15552
GPP,2297,30,15567
GPP,2298,30,15567
GPP,2299,30,15583
GPP,2300,30,15583
GPP,2301,30,15599
GPP,2302,30,15599
GPP,2303,30,15599
GPP,2304,30,15614
GPP,2305,30,15614
GPP,2306,30,15630
GPP,2307,30,15630
GPP,2308,30,15646
GPP,2309,30,15646
GPP,2310,30,15646
GPP,2311,30,15661
GPP,2312,30,15661
GPP,2313,30,15677
GPP,2314,30,15677
GPP,2315,30,15693
GPP,2316,30,15693
GPP,2317,30,15693
GPP,2318,30,15709
GPP,2319,30,15709
GPP,2320,30,15724
GPP,2321,30,15724
GPP,2322,30,15740
GPP,2323,30,15740
GPP,2324,30,15740
GPP,2325,30,15756
GPP,2326,30,15756
GPP,2327,30,15771
GPP,2328,30,15771
GPP,2329,30,15787
GPP,2330,30,15787
GPP,2331,30,15803
GPP,2332,30,15803
GPP,2333,30,15803
GPP,2334,30,15819
GPP,2335,30,15819
GPP,2336,30,15834
GPP,2337,30,15834
GPP,2338,30,15850
GPP,2339,30,15850
GPP,2340,30,15850
GPP,2341,30,15866
GPP,2342,30,15866
GPP,2343,30,15881
GPP,2344,30,15881
GPP,2345,30,15897
GPP,2346,30,15897
GPP,2347,30,15897
GPP,2348,30,15913
GPP,2349,30,15913
GPP,2350,30,15929
GPP,2351,30,15929
GPP,2352,30,15944
GPP,2353,30,15944
GPP,2354,30,15944
GPP,2355,30,15960
GPP,2356,30,15960
GPP,2357,30,15976
GPP,2358,30,15976
GPP,2359,30,15992
GPP,2360,30,15992
GPP,2361,30,16007
GPP,2362,30,16007
GPP,2363,30,16007
GPP,2364,30,16023
GPP,2365,30,16023
GPP,2366,30,16039
GPP,2367,30,16039
GPP,2368,30,16054
GPP,2369,30,16054
GPP,2370,30,16054
GPP,2371,30,16070
GPP,2372,30,16070
GPP,2373,30,16086
GPP,2374,30,16086
GPP,2375,30,16101
GPP,2376,30,16101
GPP,2377,30,16117
GPP,2378,30,16117
GPP,2379,30,16117
GPP,2380,30,16133
GPP,2381,30,16133
GPP,2382,30,16149
GPP,2383,30,16149
GPP,2384,30,16164
GPP,2385,30,16164
GPP,2386,30,16164
GPP,2387,30,16180
GPP,2388,30,16180
GPP,2389,30,16196
GPP,2390,30,16196
GPP,2391,30,16211
GPP,2392,30,16211
GPP,2393,30,16211
GPP,2394,30,16227
GPP,2395,30,16227
GPP,2396,30,16243
GPP,2397,30,16243
GPP,2398,30,16258
GPP,2399,30,16258
GPP,2400,30,16274
GPP,2401,30,16274
GPP,2402,30,16274
GPP,2403,30,16295
GPP,2404,30,16298
GPP,2405,30,16306
GPP,2406,30,16306
GPP,2407,30,16321
GPP,2408,30,16321
GPP,2409,30,16321
GPP,2410,30,16337
GPP,2411,30,16337
GPP,2412,30,16352
GPP,2413,30,16352
GPP,2414,30,16368
GPP,2415,30,16368
GPP,2416,30,16384
GPP,2417,30,16384
GPP,2418,30,16384
GPP,2419,30,16399
GPP,2420,30,16399
GPP,2421,30,16415
GPP,2422,30,16415
GPP,2423,30,16431
GPP,2424,30,16431
GPP,2425,30,16431
GPP,2426,30,16447
GPP,2427,30,16447
GPP,2428,30,16462
GPP,2429,30,16462
GPP,2430,30,16478
GPP,2431,30,16478
GPP,2432,30,16478
GPP,2433,30,16494
GPP,2434,30,16494
GPP,2435,30,16509
GPP,2436,30,16509
GPP,2437,30,16525
GPP,2438,30,16525
GPP,2439,30,16525
GPP,2440,30,16541
GPP,2441,30,16541
GPP,2442,30,16557
GPP,2443,30,16557
GPP,2444,30,16572
GPP,2445,30,16572
GPP,2446,30,16588
GPP,2447,30,16588
GPP,2448,30,16588
GPP,2449,30,16604
GPP,2450,30,16604
GPP,2451,30,16619
GPP,2452,30,16619
GPP,2453,30,16635
GPP,2454,30,16635
GPP,2455,30,16635
GPP,2456,30,16651
GPP,2457,30,16651
GPP,2458,30,16666
GPP,2459,30,16666
GPP,2460,30,16682
GPP,2461,30,16682
GPP,2462,30,16682
GPP,2463,30,16698
GPP,2464,30,16698
GPP,2465,30,16714
GPP,2466,30,16714
GPP,2467,30,16729
GPP,2468,30,16729
GPP,2469,30,16745
GPP,2470,30,16745
GPP,2471,30,16745
GPP,2472,30,16761
GPP,2473,30,16761
GPP,2474,30,16776
GPP,2475,30,16776
GPP,2476,30,16792
GPP,2477,30,16792
GPP,2478,30,16792
GPP,2479,30,16808
GPP,2480,30,16808
GPP,2481,30,16824
GPP,2482,30,16824
GPP,2483,30,16839
GPP,2484,30,16839
GPP,2485,30,16839
GPP,2486,30,16855
GPP,2487,30,16855
GPP,2488,30,16871
GPP,2489,30,16871
GPP,2490,30,16886
GPP,2491,30,16886
GPP,2492,30,16902
GPP,2493,30,16902
GPP,2494,30,16902
GPP,2495,30,16918
GPP,2496,30,16918
GPP,2497,30,16933
GPP,2498,30,16933
GPP,2499,30,16949
GPP,2500,30,16949
GPP,2501,30,16965
GPP,2502,30,16965
GPP,2503,30,16965
GPP,2504,30,16981
GPP,2505,30,16981
GPP,2506,30,16996
GPP,2507,30,16996
GPP,2508,30,17012
GPP,2509,30,17012
GPP,2510,30,17012
GPP,2511,30,17028
GPP,2512,30,17028
GPP,2513,30,17043
GPP,2514,30,17043
GPP,2515,30,17059
GPP,2516,30,17059
GPP,2517,30,17075
GPP,2518,30,17075
GPP,2519,30,17075
GPP,2520,30,17090
GPP,2521,30,17090
GPP,2522,30,17106
GPP,2523,30,17106
GPP,2524,30,17122
GPP,2525,30,17122
GPP,2526,30,17137
GPP,2527,30,17137
GPP,2528,30,17137
GPP,2529,30,17153
GPP,2530,30,17153
GPP,2531,30,17169
GPP,2532,30,17169
GPP,2533,30,17184
GPP,2534,30,17184
GPP,2535,30,17184
GPP,2536,30,17200
GPP,2537,30,17200
GPP,2538,30,17216
GPP,2539,30,17216
GPP,2540,30,17231
GPP,2541,30,17231
GPP,2542,30,17247
GPP,2543,30,17247
GPP,2544,30,17247
GPP,2545,30,17263
GPP,2546,30,17263
GPP,2547,30,17279
GPP,2548,30,17279
GPP,2549,30,17294
GPP,2550,30,17294
GPP,2551,30,17294
GPP,2552,30,17310
GPP,2553,30,17310
GPP,2554,30,17326
GPP,2555,30,17326
GPP,2556,30,17342
GPP,2557,30,17342
GPP,2558,30,17342
GPP,2559,30,17357
GPP,2560,30,17357
GPP,2561,30,17373
GPP,2562,30,17373
GPP,2563,30,17389
GPP,2564,30,17389
GPP,2565,30,17405
GPP,2566,30,17405
GPP,2567,30,17405
GPP,2568,30,17420
GPP,2569,30,17420
GPP,2570,30,17436
GPP,2571,30,17436
GPP,2572,30,17452
GPP,2573,30,17452
GPP,2574,30,17452
GPP,2575,30,17467
GPP,2576,30,17467
GPP,2577,30,17483
GPP,2578,30,17483
GPP,2579,30,17499
GPP,2580,30,17499
GPP,2581,30,17499
GPP,2582,30,17514
GPP,2583,30,17514
GPP,2584,30,17530
GPP,2585,30,17530
GPP,2586,30,17546
GPP,2587,30,17546
GPP,2588,30,17561
GPP,2589,30,17561
GPP,2590,30,17561
GPP,2591,30,17577
GPP,2592,30,17577
GPP,2593,30,17593
GPP,2594,30,17593
GPP,2595,30,17608
GPP,2596,30,17608
GPP,2597,30,17608
GPP,2598,30,17624
GPP,2599,30,17624
GPP,2600,30,17640
GPP,2601,30,17640
GPP,2602,30,17657
GPP,2603,30,17664
GPP,2604,30,17671
GPP,2605,30,17671
GPP,2606,30,17671
GPP,2607,30,17687
GPP,2608,30,17687
GPP,2609,30,17703
GPP,2610,30,17703
GPP,2611,30,17718
GPP,2612,30,17718
GPP,2613,30,17718
GPP,2614,30,17734
GPP,2615,30,17734
GPP,2616,30,17750
GPP,2617,30,17750
GPP,2618,30,17766
GPP,2619,30,17766
GPP,2620,30,17781
GPP,2621,30,17781
GPP,2622,30,17781
GPP,2623,30,17797
GPP,2624,30,17797
GPP,2625,30,17813
GPP,2626,30,17813
GPP,2627,30,17828
GPP,2628,30,17828
GPP,2629,30,17828
GPP,2630,30,17844
GPP,2631,30,17844
GPP,2632,30,17860
GPP,2633,30,17860
GPP,2634,30,17876
GPP,2635,30,17876
GPP,2636,30,17891
GPP,2637,30,17891
GPP,2638,30,17891
GPP,2639,30,17907
GPP,2640,30,17907
GPP,2641,30,17923
GPP,2642,30,17923
GPP,2643,30,17938
GPP,2644,30,17938
GPP,2645,30,17938
GPP,2646,30,17954
GPP,2647,30,17954
GPP,2648,30,17970
GPP,2649,30,17970
GPP,2650,30,17986
GPP,2651,30,17986
GPP,2652,30,18001
GPP,2653,30,18001
GPP,2654,30,18001
GPP,2655,30,18017
GPP,2656,30,18017
GPP,2657,30,18033
GPP,2658,30,18033
GPP,2659,30,18049
GPP,2660,30,18049
GPP,2661,30,18049
GPP,2662,30,18064
GPP,2663,30,18064
GPP,2664,30,18080
GPP,2665,30,18080
GPP,2666,30,18096
GPP,2667,30,18096
GPP,2668,30,18112
GPP,2669,30,18112
GPP,2670,30,18112
GPP,2671,30,18127
GPP,2672,30,18127
GPP,2673,30,18143
GPP,2674,30,18143
GPP,2675,30,18159
GPP,2676,30,18159
GPP,2677,30,18175
GPP,2678,30,18175
GPP,2679,30,18175
GPP,2680,30,18190
GPP,2681,30,18190
GPP,2682,30,18206
GPP,2683,30,18206
GPP,2684,30,18222
GPP,2685,30,18222
GPP,2686,30,18222
GPP,2687,30,18237
GPP,2688,30,18237
GPP,2689,30,18253
GPP,2690,30,18253
GPP,2691,30,18269
GPP,2692,30,18269
GPP,2693,30,18284
GPP,2694,30,18284
GPP,2695,30,18284
GPP,2696,30,18300
GPP,2697,30,18300
GPP,2698,30,18316
GPP,2699,30,18316
GPP,2700,30,18331
GPP,2701,30,18331
GPP,2702,30,18331
GPP,2703,30,18347
GPP,2704,30,18347
GPP,2705,30,18363
GPP,2706,30,18363
GPP,2707,30,18379
GPP,2708,30,18379
GPP,2709,30,18394
GPP,2710,30,18394
GPP,2711,30,18394
GPP,2712,30,18410
GPP,2713,30,18410
GPP,2714,30,18426
GPP,2715,30,18426
GPP,2716,30,18441
GPP,2717,30,18441
GPP,2718,30,18441
GPP,2719,30,18457
GPP,2720,30,18457
GPP,2721,30,18473
GPP,2722,30,18473
GPP,2723,30,18488
GPP,2724,30,18488
GPP,2725,30,18488
GPP,2726,30,18504
GPP,2727,30,18504
GPP,2728,30,18520
GPP,2729,30,18520
GPP,2730,30,18536
GPP,2731,30,18536
GPP,2732,30,18536
GPP,2733,30,18551
GPP,2734,30,18551
GPP,2735,30,18567
GPP,2736,30,18567
GPP,2737,30,18583
GPP,2738,30,18583
GPP,2739,30,18599
GPP,2740,30,18599
GPP,2741,30,18599
GPP,2742,30,18614
GPP,2743,30,18614
GPP,2744,30,18630
GPP,2745,30,18630
GPP,2746,30,18646
GPP,2747,30,18646
GPP,2748,30,18661
GPP,2749,30,18661
GPP,2750,30,18661
GPP,2751,30,18677
GPP,2752,30,18677
GPP,2753,30,18693
GPP,2754,30,18693
GPP,2755,30,18709
GPP,2756,30,18709
GPP,2757,30,18709
GPP,2758,30,18724
GPP,2759,30,18724
GPP,2760,30,18740
GPP,2761,30,18740
GPP,2762,30,18756
GPP,2763,30,18756
GPP,2764,30,18756
GPP,2765,30,18772
GPP,2766,30,18772
GPP,2767,30,18787
GPP,2768,30,18787
GPP,2769,30,18803
GPP,2770,30,18803
GPP,2771,30,18803
GPP,2772,30,18819
GPP,2773,30,18819
GPP,2774,30,18834
GPP,2775,30,18834
GPP,2776,30,18850
GPP,2777,30,18850
GPP,2778,30,18866
GPP,2779,30,18866
GPP,2780,30,18866
GPP,2781,30,18881
GPP,2782,30,18881
GPP,2783,30,18897
GPP,2784,30,18897
GPP,2785,30,18913
GPP,2786,30,18913
GPP,2787,30,18928
GPP,2788,30,18928
GPP,2789,30,18928
GPP,2790,30,18944
GPP,2791,30,18944
GPP,2792,30,18960
GPP,2793,30,18960
GPP,2794,30,18975
GPP,2795,30,18975
GPP,2796,30,18975
GPP,2797,30,18991
GPP,2798,30,18991
GPP,2799,30,19007
GPP,2800,30,19007
GPP,2801,30,19024
GPP,2802,30,19031
GPP,2803,30,19038
GPP,2804,30,19038
GPP,2805,30,19038
GPP,2806,30,19054
GPP,2807,30,19054
GPP,2808,30,19070
GPP,2809,30,19070
GPP,2810,30,19085
GPP,2811,30,19085
GPP,2812,30,19085
GPP,2813,30,19101
GPP,2814,30,19101
GPP,2815,30,19117
GPP,2816,30,19117
GPP,2817,30,19132
GPP,2818,30,19132
GPP,2819,30,19148
GPP,2820,30,19148
GPP,2821,30,19148
GPP,2822,30,19164
GPP,2823,30,19164
GPP,2824,30,19179
GPP,2825,30,19179
GPP,2826,30,19195
GPP,2827,30,19195
GPP,2828,30,19195
GPP,2829,30,19211
GPP,2830,30,19211
GPP,2831,30,19227
GPP,2832,30,19227
GPP,2833,30,19242
GPP,2834,30,19242
GPP,2835,30,19242
GPP,2836,30,19258
GPP,2837,30,19258
GPP,2838,30,19274
GPP,2839,30,19274
GPP,2840,30,19289
GPP,2841,30,19289
GPP,2842,30,19305
GPP,2843,30,19305
GPP,2844,30,19305
GPP,2845,30,19321
GPP,2846,30,19321
GPP,2847,30,19336
GPP,2848,30,19336
GPP,2849,30,19352
GPP,2850,30,19352
GPP,2851,30,19352
GPP,2852,30,19368
GPP,2853,30,19368
GPP,2854,30,19383
GPP,2855,30,19383
GPP,2856,30,19399
GPP,2857,30,19399
GPP,2858,30,19415
GPP,2859,30,19415
GPP,2860,30,19415
GPP,2861,30,19430
GPP,2862,30,19430
GPP,2863,30,19446
GPP,2864,30,19446
GPP,2865,30,19462
GPP,2866,30,19462
GPP,2867,30,19462
GPP,2868,30,19478
GPP,2869,30,19478
GPP,2870,30,19493
GPP,2871,30,19493
GPP,2872,30,19509
GPP,2873,30,19509
GPP,2874,30,19509
GPP,2875,30,19525
GPP,2876,30,19525
GPP,2877,30,19540
GPP,2878,30,19540
GPP,2879,30,19556
GPP,2880,30,19556
GPP,2881,30,19572
GPP,2882,30,19572
GPP,2883,30,19572
GPP,2884,30,19587
GPP,2885,30,19587
GPP,2886,30,19603
GPP,2887,30,19603
GPP,2888,30,19619
GPP,2889,30,19619
GPP,2890,30,19619
GPP,2891,30,19635
GPP,2892,30,19635
GPP,2893,30,19650
GPP,2894,30,19650
GPP,2895,30,19666
GPP,2896,30,19666
GPP,2897,30,19666
GPP,2898,30,19682
GPP,2899,30,19682
GPP,2900,30,19698
GPP,2901,30,19698
GPP,2902,30,19713
GPP,2903,30,19713
GPP,2904,30,19729
GPP,2905,30,19729
GPP,2906,30,19729
GPP,2907,30,19745
GPP,2908,30,19745
GPP,2909,30,19760
GPP,2910,30,19760
GPP,2911,30,19776
GPP,2912,30,19776
GPP,2913,30,19776
GPP,2914,30,19792
GPP,2915,30,19792
GPP,2916,30,19808
GPP,2917,30,19808
GPP,2918,30,19823
GPP,2919,30,19823
GPP,2920,30,19823
GPP,2921,30,19839
GPP,2922,30,19839
GPP,2923,30,19855
GPP,2924,30,19855
GPP,2925,30,19870
GPP,2926,30,19870
GPP,2927,30,19886
GPP,2928,30,19886
GPP,2929,30,19886
GPP,2930,30,19902
GPP,2931,30,19902
GPP,2932,30,19917
GPP,2933,30,19917
GPP,2934,30,19933
GPP,2935,30,19933
GPP,2936,30,19949
GPP,2937,30,19949
GPP,2938,30,19964
GPP,2939,30,19964
GPP,2940,30,19964
GPP,2941,30,19980
GPP,2942,30,19980
GPP,2943,30,19996
GPP,2944,30,19996
GPP,2945,30,20012
GPP,2946,30,20012
GPP,2947,30,20012
GPP,2948,30,20027
GPP,2949,30,20027
GPP,2950,30,20043
GPP,2951,30,20043
GPP,2952,30,20059
GPP,2953,30,20059
GPP,2954,30,20074
GPP,2955,30,20074
GPP,2956,30,20074
GPP,2957,30,20090
GPP,2958,30,20090
GPP,2959,30,20106
GPP,2960,30,20106
GPP,2961,30,20122
GPP,2962,30,20122
GPP,2963,30,20122
GPP,2964,30,20137
GPP,2965,30,20137
GPP,2966,30,20153
GPP,2967,30,20153
GPP,2968,30,20169
GPP,2969,30,20169
GPP,2970,30,20169
GPP,2971,30,20184
GPP,2972,30,20184
GPP,2973,30,20200
GPP,2974,30,20200
GPP,2975,30,20216
GPP,2976,30,20216
GPP,2977,30,20216
GPP,2978,30,20232
GPP,2979,30,20232
GPP,2980,30,20247
GPP,2981,30,20247
GPP,2982,30,20263
GPP,2983,30,20263
GPP,2984,30,20279
GPP,2985,30,20279
GPP,2986,30,20279
GPP,2987,30,20294
GPP,2988,30,20294
GPP,2989,30,20310
GPP,2990,30,20310
GPP,2991,30,20326
GPP,2992,30,20326
GPP,2993,30,20326
GPP,2994,30,20342
GPP,2995,30,20342
GPP,2996,30,20357
GPP,2997,30,20357
GPP,2998,30,20373
GPP,2999,30,20373
GPP,3000,30,20373
GPP,3001,30,20394
GPP,3002,30,20397
GPP,3003,30,20404
GPP,3004,30,20404
GPP,3005,30,20420
GPP,3006,30,20420
GPP,3007,30,20436
GPP,3008,30,20436
GPP,3009,30,20436
GPP,3010,30,20451
GPP,3011,30,20451
GPP,3012,30,20467
GPP,3013,30,20467
GPP,3014,30,20483
GPP,3015,30,20483
GPP,3016,30,20483
GPP,3017,30,20499
GPP,3018,30,20499
GPP,3019,30,20514
GPP,3020,30,20514
GPP,3021,30,20530
GPP,3022,30,20530
GPP,3023,30,20546
GPP,3024,30,20546
GPP,3025,30,20546
GPP,3026,30,20561
GPP,3027,30,20561
GPP,3028,30,20577
GPP,3029,30,20577
GPP,3030,30,20593
GPP,3031,30,20593
GPP,3032,30,20609
GPP,3033,30,20609
GPP,3034,30,20609
GPP,3035,30,20625
GPP,3036,30,20625
GPP,3037,30,20640
GPP,3038,30,20640
GPP,3039,30,20656
GPP,3040,30,20656
GPP,3041,30,20656
GPP,3042,30,20672
GPP,3043,30,20672
GPP,3044,30,20687
GPP,3045,30,20687
GPP,3046,30,20703
GPP,3047,30,20703
GPP,3048,30,20703
GPP,3049,30,20719
GPP,3050,30,20719
GPP,3051,30,20734
GPP,3052,30,20734
GPP,3053,30,20750
GPP,3054,30,20750
GPP,3055,30,20766
GPP,3056,30,20766
GPP,3057,30,20766
GPP,3058,30,20782
GPP,3059,30,20782
GPP,3060,30,20797
GPP,3061,30,20797
GPP,3062,30,20813
GPP,3063,30,20813
GPP,3064,30,20813
GPP,3065,30,20829
GPP,3066,30,20829
GPP,3067,30,20844
GPP,3068,30,20844
GPP,3069,30,20860
GPP,3070,30,20860
GPP,3071,30,20860
GPP,3072,30,20876
GPP,3073,30,20876
GPP,3074,30,20892
GPP,3075,30,20892
GPP,3076,30,20907
GPP,3077,30,20907
GPP,3078,30,20923
GPP,3079,30,20923
GPP,3080,30,20923
GPP,3081,30,20939
GPP,3082,30,20939
GPP,3083,30,20954
GPP,3084,30,20954
GPP,3085,30,20970
GPP,3086,30,20970
GPP,3087,30,20970
GPP,3088,30,20986
GPP,3089,30,20986
GPP,3090,30,21002
GPP,3091,30,21002
GPP,3092,30,21017
GPP,3093,30,21017
GPP,3094,30,21017
GPP,3095,30,21033
GPP,3096,30,21033
GPP,3097,30,21049
GPP,3098,30,21049
GPP,3099,30,21064
GPP,3100,30,21064
GPP,3101,30,21080
GPP,3102,30,21080
GPP,3103,30,21080
GPP,3104,30,21096
GPP,3105,30,21096
GPP,3106,30,21112
GPP,3107,30,21112
GPP,3108,30,21127
GPP,3109,30,21127
GPP,3110,30,21127
GPP,3111,30,21143
GPP,3112,30,21143
GPP,3113,30,21159
GPP,3114,30,21159
GPP,3115,30,21174
GPP,3116,30,21174
GPP,3117,30,21174
GPP,3118,30,21190
GPP,3119,30,21190
GPP,3120,30,21206
GPP,3121,30,21206
GPP,3122,30,21222
GPP,3123,30,21222
GPP,3124,30,21222
GPP,3125,30,21237
GPP,3126,30,21237
GPP,3127,30,21253
GPP,3128,30,21253
GPP,3129,30,21269
GPP,3130,30,21269
GPP,3131,30,21285
GPP,3132,30,21285
GPP,3133,30,21285
GPP,3134,30,21300
GPP,3135,30,21300
GPP,3136,30,21316
GPP,3137,30,21316
GPP,3138,30,21332
GPP,3139,30,21332
GPP,3140,30,21332
GPP,3141,30,21347
GPP,3142,30,21347
GPP,3143,30,21363
GPP,3144,30,21363
GPP,3145,30,21379
GPP,3146,30,21379
GPP,3147,30,21379
GPP,3148,30,21395
GPP,3149,30,21395
GPP,3150,30,21410
GPP,3151,30,21410
GPP,3152,30,21426
GPP,3153,30,21426
GPP,3154,30,21442
GPP,3155,30,21442
GPP,3156,30,21442
GPP,3157,30,21457
GPP,3158,30,21457
GPP,3159,30,21473
GPP,3160,30,21473
GPP,3161,30,21489
GPP,3162,30,21489
GPP,3163,30,21489
GPP,3164,30,21505
GPP,3165,30,21505
GPP,3166,30,21520
GPP,3167,30,21520
GPP,3168,30,21536
GPP,3169,30,21536
GPP,3170,30,21536
GPP,3171,30,21552
GPP,3172,30,21552
GPP,3173,30,21567
GPP,3174,30,21567
GPP,3175,30,21583
GPP,3176,30,21583
GPP,3177,30,21599
GPP,3178,30,21599
GPP,3179,30,21599
GPP,3180,30,21614
GPP,3181,30,21614
GPP,3182,30,21630
GPP,3183,30,21630
GPP,3184,30,21646
GPP,3185,30,21646
GPP,3186,30,21646
GPP,3187,30,21661
GPP,3188,30,21661
GPP,3189,30,21677
GPP,3190,30,21677
GPP,3191,30,21693
GPP,3192,30,21693
GPP,3193,30,21693
GPP,3194,30,21709
GPP,3195,30,21709
GPP,3196,30,21724
GPP,3197,30,21724
GPP,3198,30,21742
GPP,3199,30,21748
GPP,3200,30,21756
GPP,3201,30,21756
GPP,3202,30,21756
GPP,3203,30,21771
GPP,3204,30,21771
GPP,3205,30,21787
GPP,3206,30,21787
GPP,3207,30,21803
GPP,3208,30,21803
GPP,3209,30,21819
GPP,3210,30,21819
GPP,3211,30,21819
GPP,3212,30,21834
GPP,3213,30,21834
GPP,3214,30,21850
GPP,3215,30,21850
GPP,3216,30,21866
GPP,3217,30,21866
GPP,3218,30,21882
GPP,3219,30,21882
GPP,3220,30,21882
GPP,3221,30,21897
GPP,3222,30,21897
GPP,3223,30,21913
GPP,3224,30,21913
GPP,3225,30,21929
GPP,3226,30,21929
GPP,3227,30,21945
GPP,3228,30,21945
GPP,3229,30,21945
GPP,3230,30,21960
GPP,3231,30,21960
GPP,3232,30,21976
GPP,3233,30,21976
GPP,3234,30,21992
GPP,3235,30,21992
GPP,3236,30,22008
GPP,3237,30,22008
GPP,3238,30,22008
GPP,3239,30,22023
GPP,3240,30,22023
GPP,3241,30,22039
GPP,3242,30,22039
GPP,3243,30,22055
GPP,3244,30,22055
GPP,3245,30,22055
GPP,3246,30,22070
GPP,3247,30,22070
GPP,3248,30,22086
GPP,3249,30,22086
GPP,3250,30,22102
GPP,3251,30,22102
GPP,3252,30,22102
GPP,3253,30,22117
GPP,3254,30,22117
GPP,3255,30,22133
GPP,3256,30,22133
GPP,3257,30,22149
GPP,3258,30,22149
GPP,3259,30,22164
GPP,3260,30,22164
GPP,3261,30,22164
GPP,3262,30,22180
GPP,3263,30,22180
GPP,3264,30,22196
GPP,3265,30,22196
GPP,3266,30,22211
GPP,3267,30,22211
GPP,3268,30,22211
GPP,3269,30,22227
GPP,3270,30,22227
GPP,3271,30,22243
GPP,3272,30,22243
GPP,3273,30,22258
GPP,3274,30,22258
GPP,3275,30,22258
GPP,3276,30,22274
GPP,3277,30,22274
GPP,3278,30,22290
GPP,3279,30,22290
GPP,3280,30,22306
GPP,3281,30,22306
GPP,3282,30,22321
GPP,3283,30,22321
GPP,3284,30,22321
GPP,3285,30,22337
GPP,3286,30,22337
GPP,3287,30,22353
GPP,3288,30,22353
GPP,3289,30,22368
GPP,3290,30,22368
GPP,3291,30,22368
GPP,3292,30,22384
GPP,3293,30,22384
GPP,3294,30,22400
GPP,3295,30,22400
GPP,3296,30,22416
GPP,3297,30,22416
GPP,3298,30,22416
GPP,3299,30,22431
GPP,3300,30,22431
GPP,3301,30,22447
GPP,3302,30,22447
GPP,3303,30,22463
GPP,3304,30,22463
GPP,3305,30,22463
GPP,3306,30,22478
GPP,3307,30,22478
GPP,3308,30,22494
GPP,3309,30,22494
GPP,3310,30,22510
GPP,3311,30,22510
GPP,3312,30,22525
GPP,3313,30,22525
GPP,3314,30,22525
GPP,3315,30,22541
GPP,3316,30,22541
GPP,3317,30,22557
GPP,3318,30,22557
GPP,3319,30,22572
GPP,3320,30,22572
GPP,3321,30,22572
GPP,3322,30,22588
GPP,3323,30,22588
GPP,3324,30,22603
GPP,3325,30,22603
GPP,3326,30,22619
GPP,3327,30,22619
GPP,3328,30,22635
GPP,3329,30,22635
GPP,3330,30,22635
GPP,3331,30,22651
GPP,3332,30,22651
GPP,3333,30,22666
GPP,3334,30,22666
GPP,3335,30,22682
GPP,3336,30,22682
GPP,3337,30,22682
GPP,3338,30,22698
GPP,3339,30,22698
GPP,3340,30,22713
GPP,3341,30,22713
GPP,3342,30,22729
GPP,3343,30,22729
GPP,3344,30,22729
GPP,3345,30,22745
GPP,3346,30,22745
GPP,3347,30,22761
GPP,3348,30,22761
GPP,3349,30,22776
GPP,3350,30,22776
GPP,3351,30,22776
GPP,3352,30,22798
GPP,3353,30,22800
GPP,3354,30,22808
GPP,3355,30,22808
GPP,3356,30,22824
GPP,3357,30,22824
GPP,3358,30,22839
GPP,3359,30,22839
GPP,3360,30,22839
GPP,3361,30,22855
GPP,3362,30,22855
GPP,3363,30,22871
GPP,3364,30,22871
GPP,3365,30,22886
GPP,3366,30,22886
GPP,3367,30,22886
GPP,3368,30,22902
GPP,3369,30,22902
GPP,3370,30,22918
GPP,3371,30,22918
GPP,3372,30,22934
GPP,3373,30,22934
GPP,3374,30,22949
GPP,3375,30,22949
GPP,3376,30,22949
GPP,3377,30,22965
GPP,3378,30,22965
GPP,3379,30,22981
GPP,3380,30,22981
GPP,3381,30,22997
GPP,3382,30,22997
GPP,3383,30,22997
GPP,3384,30,23012
GPP,3385,30,23012
GPP,3386,30,23028
GPP,3387,30,23028
GPP,3388,30,23044
GPP,3389,30,23044
GPP,3390,30,23059
GPP,3391,30,23059
GPP,3392,30,23059
GPP,3393,30,23075
GPP,3394,30,23075
GPP,3395,30,23091
GPP,3396,30,23091
GPP,3397,30,23106
GPP,3398,30,23114
GPP,3399,30,23114
GPP,3400,30,23122
GPP,3401,30,23122
GPP,3402,30,23138
GPP,3403,30,23138
GPP,3404,30,23154
GPP,3405,30,23154
GPP,3406,30,23154
GPP,3407,30,23169
GPP,3408,30,23169
GPP,3409,30,23185
GPP,3410,30,23185
GPP,3411,30,23201
GPP,3412,30,23201
GPP,3413,30,23216
GPP,3414,30,23216
GPP,3415,30,23216
GPP,3416,30,23232
GPP,3417,30,23232
GPP,3418,30,23248
GPP,3419,30,23248
GPP,3420,30,23264
GPP,3421,30,23264
GPP,3422,30,23264
GPP,3423,30,23279
GPP,3424,30,23279
GPP,3425,30,23295
GPP,3426,30,23295
GPP,3427,30,23311
GPP,3428,30,23311
GPP,3429,30,23311
GPP,3430,30,23326
GPP,3431,30,23326
GPP,3432,30,23342
GPP,3433,30,23342
GPP,3434,30,23358
GPP,3435,30,23358
GPP,3436,30,23373
GPP,3437,30,23373
GPP,3438,30,23373
GPP,3439,30,23389
GPP,3440,30,23389
GPP,3441,30,23405
GPP,3442,30,23405
GPP,3443,30,23420
GPP,3444,30,23420
GPP,3445,30,23420
GPP,3446,30,23436
GPP,3447,30,23436
GPP,3448,30,23452
GPP,3449,30,23452
GPP,3450,30,23467
GPP,3451,30,23467
GPP,3452,30,23467
GPP,3453,30,23483
GPP,3454,30,23483
GPP,3455,30,23499
GPP,3456,30,23499
GPP,3457,30,23515
GPP,3458,30,23515
GPP,3459,30,23530
GPP,3460,30,23530
GPP,3461,30,23530
GPP,3462,30,23546
GPP,3463,30,23546
GPP,3464,30,23562
GPP,3465,30,23562
GPP,3466,30,23577
GPP,3467,30,23577
GPP,3468,30,23577
GPP,3469,30,23593
GPP,3470,30,23593
GPP,3471,30,23609
GPP,3472,30,23609
GPP,3473,30,23625
GPP,3474,30,23625
GPP,3475,30,23625
GPP,3476,30,23640
GPP,3477,30,23640
GPP,3478,30,23656
GPP,3479,30,23656
GPP,3480,30,23672
GPP,3481,30,23672
GPP,3482,30,23672
GPP,3483,30,23687
GPP,3484,30,23687
GPP,3485,30,23703
GPP,3486,30,23703
GPP,3487,30,23719
GPP,3488,30,23719
GPP,3489,30,23735
GPP,3490,30,23735
GPP,3491,30,23735
GPP,3492,30,23750
GPP,3493,30,23750
GPP,3494,30,23766
GPP,3495,30,23766
GPP,3496,30,23782
GPP,3497,30,23782
GPP,3498,30,23782
GPP,3499,30,23797
GPP,3500,30,23797
GPP,3501,30,23813
GPP,3502,30,23813
GPP,3503,30,23829
GPP,3504,30,23829
GPP,3505,30,23829
GPP,3506,30,23844
GPP,3507,30,23844
GPP,3508,30,23860
GPP,3509,30,23860
GPP,3510,30,23876
GPP,3511,30,23876
GPP,3512,30,23891
GPP,3513,30,23891
GPP,3514,30,23891
GPP,3515,30,23907
GPP,3516,30,23907
GPP,3517,30,23923
GPP,3518,30,23923
GPP,3519,30,23938
GPP,3520,30,23938
GPP,3521,30,23938
GPP,3522,30,23954
GPP,3523,30,23954
GPP,3524,30,23970
GPP,3525,30,23970
GPP,3526,30,23986
GPP,3527,30,23986
GPP,3528,30,24001
GPP,3529,30,24001
GPP,3530,30,24001
GPP,3531,30,24017
GPP,3532,30,24017
GPP,3533,30,24033
GPP,3534,30,24033
GPP,3535,30,24048
GPP,3536,30,24048
GPP,3537,30,24048
GPP,3538,30,24064
GPP,3539,30,24064
GPP,3540,30,24080
GPP,3541,30,24080
GPP,3542,30,24095
GPP,3543,30,24095
GPP,3544,30,24095
GPP,3545,30,24111
GPP,3546,30,24111
GPP,3547,30,24127
GPP,3548,30,24127
GPP,3549,30,24143
GPP,3550,30,24143
GPP,3551,30,24143
GPP,3552,30,24158
GPP,3553,30,24158
GPP,3554,30,24174
GPP,3555,30,24174
GPP,3556,30,24190
GPP,3557,30,24190
GPP,3558,30,24205
GPP,3559,30,24205
GPP,3560,30,24205
GPP,3561,30,24221
GPP,3562,30,24221
GPP,3563,30,24237
GPP,3564,30,24237
GPP,3565,30,24253
GPP,3566,30,24253
GPP,3567,30,24253
GPP,3568,30,24268
GPP,3569,30,24268
GPP,3570,30,24284
GPP,3571,30,24284
GPP,3572,30,24300
GPP,3573,30,24300
GPP,3574,30,24300
GPP,3575,30,24315
GPP,3576,30,24315
GPP,3577,30,24331
GPP,3578,30,24331
GPP,3579,30,24347
GPP,3580,30,24347
GPP,3581,30,24362
GPP,3582,30,24362
GPP,3583,30,24362
GPP,3584,30,24378
GPP,3585,30,24378
GPP,3586,30,24394
GPP,3587,30,24394
GPP,3588,30,24410
GPP,3589,30,24410
GPP,3590,30,24410
GPP,3591,30,24425
GPP,3592,30,24425
GPP,3593,30,24441
GPP,3594,30,24441
GPP,3595,30,24457
GPP,3596,30,24457
GPP,3597,30,24457
GPP,3598,30,24478
GPP,3599,30,24480
GPP,3600,30,24488
GPP,3601,30,24488
GPP,3602,30,24504
GPP,3603,30,24504
GPP,3604,30,24519
GPP,3605,30,24519
GPP,3606,30,24519
GPP,3607,30,24535
GPP,3608,30,24535
GPP,3609,30,24551
GPP,3610,30,24551
GPP,3611,30,24567
GPP,3612,30,24567
GPP,3613,30,24582
GPP,3614,30,24582
GPP,3615,30,24582
GPP,3616,30,24598
GPP,3617,30,24598
GPP,3618,30,24614
GPP,3619,30,24614
GPP,3620,30,24629
GPP,3621,30,24629
GPP,3622,30,24645
GPP,3623,30,24645
GPP,3624,30,24645
GPP,3625,30,24661
GPP,3626,30,24661
GPP,3627,30,24677
GPP,3628,30,24677
GPP,3629,30,24692
GPP,3630,30,24692
GPP,3631,30,24692
GPP,3632,30,24708
GPP,3633,30,24708
GPP,3634,30,24724
GPP,3635,30,24724
GPP,3636,30,24739
GPP,3637,30,24739
GPP,3638,30,24755
GPP,3639,30,24755
GPP,3640,30,24755
GPP,3641,30,24771
GPP,3642,30,24771
GPP,3643,30,24786
GPP,3644,30,24786
GPP,3645,30,24802
GPP,3646,30,24802
GPP,3647,30,24802
GPP,3648,30,24818
GPP,3649,30,24818
GPP,3650,30,24833
GPP,3651,30,24833
GPP,3652,30,24849
GPP,3653,30,24849
GPP,3654,30,24849
GPP,3655,30,24865
GPP,3656,30,24865
GPP,3657,30,24881
GPP,3658,30,24881
GPP,3659,30,24896
GPP,3660,30,24896
GPP,3661,30,24912
GPP,3662,30,24912
GPP,3663,30,24912
GPP,3664,30,24928
GPP,3665,30,24928
GPP,3666,30,24943
GPP,3667,30,24943
GPP,3668,30,24959
GPP,3669,30,24959
GPP,3670,30,24959
GPP,3671,30,24975
GPP,3672,30,24975
GPP,3673,30,24991
GPP,3674,30,24991
GPP,3675,30,25006
GPP,3676,30,25006
GPP,3677,30,25022
GPP,3678,30,25022
GPP,3679,30,25022
GPP,3680,30,25038
GPP,3681,30,25038
GPP,3682,30,25053
GPP,3683,30,25053
GPP,3684,30,25069
GPP,3685,30,25069
GPP,3686,30,25069
GPP,3687,30,25085
GPP,3688,30,25085
GPP,3689,30,25101
GPP,3690,30,25101
GPP,3691,30,25116
GPP,3692,30,25116
GPP,3693,30,25116
GPP,3694,30,25132
GPP,3695,30,25132
GPP,3696,30,25147
GPP,3697,30,25147
GPP,3698,30,25163
GPP,3699,30,25163
GPP,3700,30,25179
GPP,3701,30,25179
GPP,3702,30,25179
GPP,3703,30,25195
GPP,3704,30,25195
GPP,3705,30,25211
GPP,3706,30,25211
GPP,3707,30,25226
GPP,3708,30,25226
GPP,3709,30,25226
GPP,3710,30,25242
GPP,3711,30,25242
GPP,3712,30,25258
GPP,3713,30,25258
GPP,3714,30,25273
GPP,3715,30,25273
GPP,3716,30,25273
GPP,3717,30,25289
GPP,3718,30,25289
GPP,3719,30,25305
GPP,3720,30,25305
GPP,3721,30,25321
GPP,3722,30,25321
GPP,3723,30,25336
GPP,3724,30,25336
GPP,3725,30,25336
GPP,3726,30,25352
GPP,3727,30,25352
GPP,3728,30,25368
GPP,3729,30,25368
GPP,3730,30,25383
GPP,3731,30,25383
GPP,3732,30,25383
GPP,3733,30,25399
GPP,3734,30,25399
GPP,3735,30,25415
GPP,3736,30,25415
GPP,3737,30,25431
GPP,3738,30,25431
GPP,3739,30,25431
GPP,3740,30,25446
GPP,3741,30,25446
GPP,3742,30,25462
GPP,3743,30,25462
GPP,3744,30,25478
GPP,3745,30,25478
GPP,3746,30,25493
GPP,3747,30,25493
GPP,3748,30,25493
GPP,3749,30,25509
GPP,3750,30,25509
GPP,3751,30,25525
GPP,3752,30,25525
GPP,3753,30,25541
GPP,3754,30,25541
GPP,3755,30,25556
GPP,3756,30,25556
GPP,3757,30,25556
GPP,3758,30,25572
GPP,3759,30,25572
GPP,3760,30,25588
GPP,3761,30,25588
GPP,3762,30,25603
GPP,3763,30,25603
GPP,3764,30,25619
GPP,3765,30,25619
GPP,3766,30,25619
GPP,3767,30,25635
GPP,3768,30,25635
GPP,3769,30,25650
GPP,3770,30,25650
GPP,3771,30,25666
GPP,3772,30,25666
GPP,3773,30,25682
GPP,3774,30,25682
GPP,3775,30,25682
GPP,3776,30,25698
GPP,3777,30,25698
GPP,3778,30,25713
GPP,3779,30,25713
GPP,3780,30,25729
GPP,3781,30,25729
GPP,3782,30,25729
GPP,3783,30,25745
GPP,3784,30,25745
GPP,3785,30,25760
GPP,3786,30,25760
GPP,3787,30,25776
GPP,3788,30,25776
GPP,3789,30,25776
GPP,3790,30,25792
GPP,3791,30,25792
GPP,3792,30,25808
GPP,3793,30,25808
GPP,3794,30,25823
GPP,3795,30,25823
GPP,3796,30,25839
GPP,3797,30,25846
GPP,3798,30,25847
GPP,3799,30,25855
GPP,3800,30,25855
GPP,3801,30,25871
GPP,3802,30,25871
GPP,3803,30,25886
GPP,3804,30,25886
GPP,3805,30,25886
GPP,3806,30,25902
GPP,3807,30,25902
GPP,3808,30,25918
GPP,3809,30,25918
GPP,3810,30,25933
GPP,3811,30,25933
GPP,3812,30,25949
GPP,3813,30,25949
GPP,3814,30,25949
GPP,3815,30,25965
GPP,3816,30,25965
GPP,3817,30,25981
GPP,3818,30,25981
GPP,3819,30,25996
GPP,3820,30,25996
GPP,3821,30,25996
GPP,3822,30,26012
GPP,3823,30,26012
GPP,3824,30,26028
GPP,3825,30,26028
GPP,3826,30,26043
GPP,3827,30,26043
GPP,3828,30,26043
GPP,3829,30,26059
GPP,3830,30,26059
GPP,3831,30,26075
GPP,3832,30,26075
GPP,3833,30,26090
GPP,3834,30,26090
GPP,3835,30,26106
GPP,3836,30,26106
GPP,3837,30,26106
GPP,3838,30,26122
GPP,3839,30,26122
GPP,3840,30,26138
GPP,3841,30,26138
GPP,3842,30,26153
GPP,3843,30,26153
GPP,3844,30,26153
GPP,3845,30,26169
GPP,3846,30,26169
GPP,3847,30,26185
GPP,3848,30,26185
GPP,3849,30,26200
GPP,3850,30,26200
GPP,3851,30,26200
GPP,3852,30,26216
GPP,3853,30,26216
GPP,3854,30,26232
GPP,3855,30,26232
GPP,3856,30,26247
GPP,3857,30,26247
GPP,3858,30,26263
GPP,3859,30,26263
GPP,3860,30,26263
GPP,3861,30,26279
GPP,3862,30,26279
GPP,3863,30,26295
GPP,3864,30,26295
GPP,3865,30,26310
GPP,3866,30,26310
GPP,3867,30,26310
GPP,3868,30,26326
GPP,3869,30,26326
GPP,3870,30,26342
GPP,3871,30,26342
GPP,3872,30,26357
GPP,3873,30,26357
GPP,3874,30,26357
GPP,3875,30,26373
GPP,3876,30,26373
GPP,3877,30,26389
GPP,3878,30,26389
GPP,3879,30,26404
GPP,3880,30,26404
GPP,3881,30,26404
GPP,3882,30,26420
GPP,3883,30,26420
GPP,3884,30,26436
GPP,3885,30,26436
GPP,3886,30,26452
GPP,3887,30,26452
GPP,3888,30,26467
GPP,3889,30,26467
GPP,3890,30,26467
GPP,3891,30,26483
GPP,3892,30,26483
GPP,3893,30,26499
GPP,3894,30,26499
GPP,3895,30,26514
GPP,3896,30,26514
GPP,3897,30,26530
GPP,3898,30,26530
GPP,3899,30,26530
GPP,3900,30,26546
GPP,3901,30,26546
GPP,3902,30,26562
GPP,3903,30,26562
GPP,3904,30,26577
GPP,3905,30,26577
GPP,3906,30,26577
GPP,3907,30,26593
GPP,3908,30,26593
GPP,3909,30,26609
GPP,3910,30,26609
GPP,3911,30,26624
GPP,3912,30,26624
GPP,3913,30,26640
GPP,3914,30,26640
GPP,3915,30,26640
GPP,3916,30,26656
GPP,3917,30,26656
GPP,3918,30,26671
GPP,3919,30,26671
GPP,3920,30,26687
GPP,3921,30,26687
GPP,3922,30,26687
GPP,3923,30,26703
GPP,3924,30,26703
GPP,3925,30,26719
GPP,3926,30,26719
GPP,3927,30,26734
GPP,3928,30,26734
GPP,3929,30,26734
GPP,3930,30,26750
GPP,3931,30,26750
GPP,3932,30,26766
GPP,3933,30,26766
GPP,3934,30,26782
GPP,3935,30,26782
GPP,3936,30,26797
GPP,3937,30,26797
GPP,3938,30,26797
GPP,3939,30,26813
GPP,3940,30,26813
GPP,3941,30,26829
GPP,3942,30,26829
GPP,3943,30,26844
GPP,3944,30,26844
GPP,3945,30,26844
GPP,3946,30,26860
GPP,3947,30,26860
GPP,3948,30,26876
GPP,3949,30,26876
GPP,3950,30,26892
GPP,3951,30,26892
GPP,3952,30,26907
GPP,3953,30,26907
GPP,3954,30,26907
GPP,3955,30,26923
GPP,3956,30,26923
GPP,3957,30,26939
GPP,3958,30,26939
GPP,3959,30,26955
GPP,3960,30,26955
GPP,3961,30,26955
GPP,3962,30,26970
GPP,3963,30,26970
GPP,3964,30,26986
GPP,3965,30,26986
GPP,3966,30,27002
GPP,3967,30,27002
GPP,3968,30,27017
GPP,3969,30,27017
GPP,3970,30,27017
GPP,3971,30,27033
GPP,3972,30,27033
GPP,3973,30,27049
GPP,3974,30,27049
GPP,3975,30,27064
GPP,3976,30,27064
GPP,3977,30,27064
GPP,3978,30,27080
GPP,3979,30,27080
GPP,3980,30,27096
GPP,3981,30,27096
GPP,3982,30,27112
GPP,3983,30,27112
GPP,3984,30,27112
GPP,3985,30,27127
GPP,3986,30,27127
GPP,3987,30,27143
GPP,3988,30,27143
GPP,3989,30,27159
GPP,3990,30,27159
GPP,3991,30,27174
GPP,3992,30,27174
GPP,3993,30,27174
GPP,3994,30,27190
GPP,3995,30,27190
GPP,3996,30,27209
GPP,3997,30,27214
GPP,3998,30,27221
GPP,3999,30,27221
GPP,4000,30,27221
GPP,4001,30,27237
GPP,4002,30,27237
GPP,4003,30,27253
GPP,4004,30,27253
GPP,4005,30,27268
GPP,4006,30,27268
GPP,4007,30,27284
GPP,4008,30,27284
GPP,4009,30,27284
GPP,4010,30,27300
GPP,4011,30,27300
GPP,4012,30,27316
GPP,4013,30,27316
GPP,4014,30,27331
GPP,4015,30,27331
GPP,4016,30,27331
GPP,4017,30,27347
GPP,4018,30,27347
GPP,4019,30,27363
GPP,4020,30,27363
GPP,4021,30,27378
GPP,4022,30,27378
GPP,4023,30,27378
GPP,4024,30,27394
GPP,4025,30,27394
GPP,4026,30,27410
GPP,4027,30,27410
GPP,4028,30,27425
GPP,4029,30,27425
GPP,4030,30,27441
GPP,4031,30,27441
GPP,4032,30,27441
GPP,4033,30,27457
GPP,4034,30,27457
GPP,4035,30,27472
GPP,4036,30,27472
GPP,4037,30,27488
GPP,4038,30,27488
GPP,4039,30,27488
GPP,4040,30,27504
GPP,4041,30,27504
GPP,4042,30,27520
GPP,4043,30,27520
GPP,4044,30,27535
GPP,4045,30,27535
GPP,4046,30,27535
GPP,4047,30,27551
GPP,4048,30,27551
GPP,4049,30,27567
GPP,4050,30,27567
GPP,4051,30,27583
GPP,4052,30,27583
GPP,4053,30,27583
GPP,4054,30,27598
GPP,4055,30,27598
GPP,4056,30,27614
GPP,4057,30,27614
GPP,4058,30,27630
GPP,4059,30,27630
GPP,4060,30,27646
GPP,4061,30,27646
GPP,4062,30,27646
GPP,4063,30,27661
GPP,4064,30,27661
GPP,4065,30,27677
GPP,4066,30,27677
GPP,4067,30,27693
GPP,4068,30,27693
GPP,4069,30,27693
GPP,4070,30,27708
GPP,4071,30,27708
GPP,4072,30,27724
GPP,4073,30,27724
GPP,4074,30,27740
GPP,4075,30,27740
GPP,4076,30,27740
GPP,4077,30,27755
GPP,4078,30,27755
GPP,4079,30,27771
GPP,4080,30,27771
GPP,4081,30,27787
GPP,4082,30,27787
GPP,4083,30,27803
GPP,4084,30,27809
GPP,4085,30,27810
GPP,4086,30,27818
GPP,4087,30,27818
GPP,4088,30,27834
GPP,4089,30,27834
GPP,4090,30,27850
GPP,4091,30,27850
GPP,4092,30,27865
GPP,4093,30,27865
GPP,4094,30,27865
GPP,4095,30,27881
GPP,4096,30,27881
GPP,4097,30,27897
GPP,4098,30,27897
GPP,4099,30,27912
GPP,4100,30,27912
GPP,4101,30,27912
GPP,4102,30,27928
GPP,4103,30,27928
GPP,4104,30,27944
GPP,4105,30,27944
GPP,4106,30,27960
GPP,4107,30,27960
GPP,4108,30,27975
GPP,4109,30,27975
GPP,4110,30,27975
GPP,4111,30,27991
GPP,4112,30,27991
GPP,4113,30,28007
GPP,4114,30,28007
GPP,4115,30,28023
GPP,4116,30,28023
GPP,4117,30,28023
GPP,4118,30,28038
GPP,4119,30,28038
GPP,4120,30,28054
GPP,4121,30,28054
GPP,4122,30,28070
GPP,4123,30,28070
GPP,4124,30,28070
GPP,4125,30,28085
GPP,4126,30,28085
GPP,4127,30,28101
GPP,4128,30,28101
GPP,4129,30,28117
GPP,4130,30,28117
GPP,4131,30,28117
GPP,4132,30,28133
GPP,4133,30,28133
GPP,4134,30,28148
GPP,4135,30,28148
GPP,4136,30,28164
GPP,4137,30,28164
GPP,4138,30,28179
GPP,4139,30,28179
GPP,4140,30,28179
GPP,4141,30,28195
GPP,4142,30,28195
GPP,4143,30,28211
GPP,4144,30,28211
GPP,4145,30,28227
GPP,4146,30,28227
GPP,4147,30,28227
GPP,4148,30,28242
GPP,4149,30,28242
GPP,4150,30,28258
GPP,4151,30,28258
GPP,4152,30,28274
GPP,4153,30,28274
GPP,4154,30,28289
GPP,4155,30,28289
GPP,4156,30,28289
GPP,4157,30,28305
GPP,4158,30,28305
GPP,4159,30,28321
GPP,4160,30,28321
GPP,4161,30,28336
GPP,4162,30,28336
GPP,4163,30,28336
GPP,4164,30,28352
GPP,4165,30,28352
GPP,4166,30,28368
GPP,4167,30,28368
GPP,4168,30,28384
GPP,4169,30,28384
GPP,4170,30,28384
GPP,4171,30,28399
GPP,4172,30,28399
GPP,4173,30,28415
GPP,4174,30,28415
GPP,4175,30,28431
GPP,4176,30,28431
GPP,4177,30,28431
GPP,4178,30,28446
GPP,4179,30,28446
GPP,4180,30,28462
GPP,4181,30,28462
GPP,4182,30,28478
GPP,4183,30,28478
GPP,4184,30,28494
GPP,4185,30,28494
GPP,4186,30,28494
GPP,4187,30,28509
GPP,4188,30,28509
GPP,4189,30,28525
GPP,4190,30,28525
GPP,4191,30,28541
GPP,4192,30,28541
GPP,4193,30,28541
GPP,4194,30,28562
GPP,4195,30,28564
GPP,4196,30,28572
GPP,4197,30,28572
GPP,4198,30,28588
GPP,4199,30,28588
GPP,4200,30,28604
GPP,4201,30,28604
GPP,4202,30,28619
GPP,4203,30,28619
GPP,4204,30,28619
GPP,4205,30,28635
GPP,4206,30,28635
GPP,4207,30,28651
GPP,4208,30,28651
GPP,4209,30,28667
GPP,4210,30,28667
GPP,4211,30,28667
GPP,4212,30,28682
GPP,4213,30,28682
GPP,4214,30,28698
GPP,4215,30,28698
GPP,4216,30,28714
GPP,4217,30,28714
GPP,4218,30,28729
GPP,4219,30,28729
GPP,4220,30,28729
GPP,4221,30,28745
GPP,4222,30,28745
GPP,4223,30,28761
GPP,4224,30,28761
GPP,4225,30,28778
GPP,4226,30,28783
GPP,4227,30,28792
GPP,4228,30,28792
GPP,4229,30,28792
GPP,4230,30,28808
GPP,4231,30,28808
GPP,4232,30,28823
GPP,4233,30,28823
GPP,4234,30,28839
GPP,4235,30,28839
GPP,4236,30,28839
GPP,4237,30,28855
GPP,4238,30,28855
GPP,4239,30,28871
GPP,4240,30,28871
GPP,4241,30,28886
GPP,4242,30,28886
GPP,4243,30,28902
GPP,4244,30,28904
GPP,4245,30,28918
GPP,4246,30,28918
GPP,4247,30,28918
GPP,4248,30,28933
GPP,4249,30,28933
GPP,4250,30,28949
GPP,4251,30,28949
GPP,4252,30,28965
GPP,4253,30,28965
GPP,4254,30,28981
GPP,4255,30,28981
GPP,4256,30,28981
GPP,4257,30,28996
GPP,4258,30,28996
GPP,4259,30,29012
GPP,4260,30,29012
GPP,4261,30,29028
GPP,4262,30,29028
GPP,4263,30,29028
GPP,4264,30,29043
GPP,4265,30,29043
GPP,4266,30,29059
GPP,4267,30,29059
GPP,4268,30,29075
GPP,4269,30,29075
GPP,4270,30,29075
GPP,4271,30,29090
GPP,4272,30,29090
GPP,4273,30,29106
GPP,4274,30,29106
GPP,4275,30,29122
GPP,4276,30,29122
GPP,4277,30,29138
GPP,4278,30,29138
GPP,4279,30,29138
GPP,4280,30,29153
GPP,4281,30,29153
GPP,4282,30,29169
GPP,4283,30,29169
GPP,4284,30,29185
GPP,4285,30,29185
GPP,4286,30,29185
GPP,4287,30,29200
GPP,4288,30,29200
GPP,4289,30,29216
GPP,4290,30,29216
GPP,4291,30,29232
GPP,4292,30,29232
GPP,4293,30,29247
GPP,4294,30,29247
GPP,4295,30,29247
GPP,4296,30,29263
GPP,4297,30,29263
GPP,4298,30,29279
GPP,4299,30,29279
GPP,4300,30,29294
GPP,4301,30,29294
GPP,4302,30,29310
GPP,4303,30,29310
GPP,4304,30,29310
GPP,4305,30,29326
GPP,4306,30,29326
GPP,4307,30,29341
GPP,4308,30,29341
GPP,4309,30,29357
GPP,4310,30,29357
GPP,4311,30,29357
GPP,4312,30,29373
GPP,4313,30,29373
GPP,4314,30,29389
GPP,4315,30,29389
GPP,4316,30,29404
GPP,4317,30,29404
GPP,4318,30,29420
GPP,4319,30,29420
GPP,4320,30,29420
GPP,4321,30,29436
GPP,4322,30,29436
GPP,4323,30,29451
GPP,4324,30,29451
GPP,4325,30,29467
GPP,4326,30,29467
GPP,4327,30,29482
GPP,4328,30,29482
GPP,4329,30,29482
GPP,4330,30,29498
GPP,4331,30,29498
GPP,4332,30,29514
GPP,4333,30,29514
GPP,4334,30,29530
GPP,4335,30,29530
GPP,4336,30,29530
GPP,4337,30,29545
GPP,4338,30,29545
GPP,4339,30,29561
GPP,4340,30,29561
GPP,4341,30,29577
GPP,4342,30,29577
GPP,4343,30,29577
GPP,4344,30,29592
GPP,4345,30,29592
GPP,4346,30,29608
GPP,4347,30,29608
GPP,4348,30,29624
GPP,4349,30,29624
GPP,4350,30,29639
GPP,4351,30,29639
GPP,4352,30,29639
GPP,4353,30,29655
GPP,4354,30,29655
GPP,4355,30,29671
GPP,4356,30,29671
GPP,4357,30,29687
GPP,4358,30,29687
GPP,4359,30,29687
GPP,4360,30,29702
GPP,4361,30,29702
GPP,4362,30,29718
GPP,4363,30,29718
GPP,4364,30,29734
GPP,4365,30,29734
GPP,4366,30,29750
GPP,4367,30,29750
GPP,4368,30,29750
GPP,4369,30,29765
GPP,4370,30,29765
GPP,4371,30,29781
GPP,4372,30,29781
GPP,4373,30,29797
GPP,4374,30,29797
GPP,4375,30,29812
GPP,4376,30,29812
GPP,4377,30,29812
GPP,4378,30,29828
GPP,4379,30,29828
GPP,4380,30,29844
GPP,4381,30,29844
GPP,4382,30,29860
GPP,4383,30,29860
GPP,4384,30,29860
GPP,4385,30,29875
GPP,4386,30,29875
GPP,4387,30,29891
GPP,4388,30,29891
GPP,4389,30,29907
GPP,4390,30,29907
GPP,4391,30,29923
GPP,4392,30,29930
GPP,4393,30,29931
GPP,4394,30,29938
GPP,4395,30,29938
GPP,4396,30,29954
GPP,4397,30,29954
GPP,4398,30,29970
GPP,4399,30,29970
GPP,4400,30,29970
GPP,4401,30,29986
GPP,4402,30,29986
GPP,4403,30,30001
GPP,4404,30,30001
GPP,4405,30,30017
GPP,4406,30,30017
GPP,4407,30,30033
GPP,4408,30,30033
GPP,4409,30,30033
GPP,4410,30,30048
GPP,4411,30,30048
GPP,4412,30,30064
GPP,4413,30,30064
GPP,4414,30,30080
GPP,4415,30,30080
GPP,4416,30,30080
GPP,4417,30,30095
GPP,4418,30,30095
GPP,4419,30,30111
GPP,4420,30,30111
GPP,4421,30,30127
GPP,4422,30,30127
GPP,4423,30,30127
GPP,4424,30,30143
GPP,4425,30,30143
GPP,4426,30,30158
GPP,4427,28,30158
GPP,4428,28,30174
GPP,4429,28,30174
GPP,4430,28,30174
GPP,4431,28,30190
GPP,4432,28,30190
GPP,4433,28,30206
GPP,4434,28,30206
GPP,4435,28,30221
GPP,4436,28,30221
GPP,4437,28,30221
GPP,4438,28,30237
GPP,4439,28,30237
GPP,4440,28,30253
GPP,4441,28,30253
GPP,4442,28,30253
GPP,4443,28,30269
GPP,4444,28,30269
GPP,4445,28,30284
GPP,4446,28,30284
GPP,4447,28,30300
GPP,4448,28,30300
GPP,4449,28,30300
GPP,4450,28,30316
GPP,4451,28,30316
GPP,4452,28,30331
GPP,4453,28,30331
GPP,4454,28,30347
GPP,4455,28,30347
GPP,4456,28,30347
GPP,4457,28,30363
GPP,4458,28,30363
GPP,4459,28,30378
GPP,4460,28,30378
GPP,4461,28,30378
GPP,4462,28,30394
GPP,4463,28,30394
GPP,4464,28,30410
GPP,4465,28,30410
GPP,4466,28,30426
GPP,4467,28,30426
GPP,4468,28,30426
GPP,4469,28,30441
GPP,4470,28,30441
GPP,4471,28,30457
GPP,4472,28,30457
GPP,4473,28,30457
GPP,4474,28,30473
GPP,4475,28,30473
GPP,4476,28,30489
GPP,4477,28,30489
GPP,4478,28,30504
GPP,4479,28,30504
GPP,4480,28,30504
GPP,4481,28,30520
GPP,4482,28,30520
GPP,4483,28,30536
GPP,4484,28,30536
GPP,4485,28,30551
GPP,4486,28,30551
GPP,4487,28,30551
GPP,4488,28,30567
GPP,4489,28,30567
GPP,4490,28,30583
GPP,4491,28,30583
GPP,4492,28,30583
GPP,4493,28,30598
GPP,4494,28,30598
GPP,4495,28,30614
GPP,4496,28,30614
GPP,4497,28,30630
GPP,4498,28,30630
GPP,4499,28,30630
GPP,4500,28,30646
GPP,4501,28,30646
GPP,4502,28,30661
GPP,4503,28,30661
GPP,4504,28,30677
GPP,4505,28,30677
GPP,4506,28,30677
GPP,4507,28,30693
GPP,4508,28,30693
GPP,4509,28,30708
GPP,4510,28,30708
GPP,4511,28,30724
GPP,4512,28,30724
GPP,4513,28,30724
GPP,4514,28,30740
GPP,4515,28,30740
GPP,4516,28,30755
GPP,4517,28,30755
GPP,4518,28,30771
GPP,4519,28,30771
GPP,4520,28,30771
GPP,4521,28,30787
GPP,4522,28,30787
GPP,4523,28,30802
GPP,4524,28,30802
GPP,4525,28,30802
GPP,4526,28,30818
GPP,4527,28,30818
GPP,4528,28,30834
GPP,4529,28,30834
GPP,4530,28,30850
GPP,4531,28,30850
GPP,4532,28,30850
GPP,4533,28,30865
GPP,4534,28,30865
GPP,4535,28,30881
GPP,4536,28,30881
GPP,4537,28,30897
GPP,4538,28,30897
GPP,4539,28,30897
GPP,4540,28,30912
GPP,4541,28,30912
GPP,4542,28,30928
GPP,4543,28,30928
GPP,4544,28,30928
GPP,4545,28,30944
GPP,4546,28,30944
GPP,4547,28,30959
GPP,4548,28,30959
GPP,4549,28,30975
GPP,4550,28,30975
GPP,4551,28,30975
GPP,4552,28,30991
GPP,4553,28,30991
GPP,4554,28,31007
GPP,4555,28,31007
GPP,4556,28,31022
GPP,4557,28,31022
GPP,4558,28,31022
GPP,4559,28,31038
GPP,4560,28,31038
GPP,4561,28,31054
GPP,4562,28,31054
GPP,4563,28,31054
GPP,4564,28,31070
GPP,4565,28,31070
GPP,4566,28,31085
GPP,4567,28,31085
GPP,4568,28,31101
GPP,4569,28,31101
GPP,4570,28,31101
GPP,4571,28,31117
GPP,4572,28,31117
GPP,4573,28,31132
GPP,4574,28,31132
GPP,4575,28,31132
GPP,4576,28,31148
GPP,4577,28,31148
GPP,4578,28,31164
GPP,4579,28,31164
GPP,4580,28,31180
GPP,4581,28,31180
GPP,4582,28,31180
GPP,4583,28,31195
GPP,4584,28,31195
GPP,4585,28,31211
GPP,4586,28,31211
GPP,4587,28,31227
GPP,4588,28,31227
GPP,4589,28,31227
GPP,4590,28,31242
GPP,4591,28,31242
GPP,4592,28,31258
GPP,4593,28,31258
GPP,4594,28,31274
GPP,4595,28,31274
GPP,4596,28,31274
GPP,4597,28,31294
GPP,4598,28,31297
GPP,4599,28,31305
GPP,4600,28,31305
GPP,4601,28,31321
GPP,4602,28,31321
GPP,4603,28,31321
GPP,4604,28,31337
GPP,4605,28,31337
GPP,4606,28,31352
GPP,4607,28,31352
GPP,4608,28,31352
GPP,4609,28,31368
GPP,4610,28,31368
GPP,4611,28,31384
GPP,4612,28,31384
GPP,4613,28,31400
GPP,4614,28,31400
GPP,4615,28,31415
GPP,4616,28,31415
GPP,4617,28,31415
GPP,4618,28,31431
GPP,4619,28,31431
GPP,4620,28,31447
GPP,4621,28,31447
GPP,4622,28,31462
GPP,4623,28,31462
GPP,4624,28,31462
GPP,4625,28,31478
GPP,4626,28,31478
GPP,4627,28,31494
GPP,4628,28,31494
GPP,4629,28,31509
GPP,4630,28,31509
GPP,4631,28,31509
GPP,4632,28,31525
GPP,4633,28,31525
GPP,4634,28,31541
GPP,4635,28,31541
GPP,4636,28,31556
GPP,4637,28,31556
GPP,4638,28,31556
GPP,4639,28,31572
GPP,4640,28,31572
GPP,4641,28,31588
GPP,4642,28,31588
GPP,4643,28,31604
GPP,4644,28,31604
GPP,4645,28,31604
GPP,4646,28,31619
GPP,4647,28,31619
GPP,4648,28,31635
GPP,4649,28,31635
GPP,4650,28,31651
GPP,4651,28,31651
GPP,4652,28,31667
GPP,4653,28,31667
GPP,4654,28,31667
GPP,4655,28,31682
GPP,4656,28,31682
GPP,4657,28,31698
GPP,4658,28,31698
GPP,4659,28,31714
GPP,4660,28,31714
GPP,4661,28,31729
GPP,4662,28,31729
GPP,4663,28,31729
GPP,4664,28,31745
GPP,4665,28,31745
GPP,4666,28,31761
GPP,4667,28,31761
GPP,4668,28,31777
GPP,4669,28,31777
GPP,4670,28,31792
GPP,4671,28,31792
GPP,4672,28,31792
GPP,4673,28,31808
GPP,4674,28,31808
GPP,4675,28,31824
GPP,4676,28,31824
GPP,4677,28,31840
GPP,4678,28,31840
GPP,4679,28,31840
GPP,4680,28,31855
GPP,4681,28,31855
GPP,4682,28,31871
GPP,4683,28,31871
GPP,4684,28,31887
GPP,4685,28,31887
GPP,4686,28,31887
GPP,4687,28,31903
GPP,4688,28,31903
GPP,4689,28,31918
GPP,4690,28,31918
GPP,4691,28,31934
GPP,4692,28,31934
GPP,4693,28,31950
GPP,4694,28,31950
GPP,4695,28,31950
GPP,4696,28,31966
GPP,4697,28,31966
GPP,4698,28,31981
GPP,4699,28,31981
GPP,4700,28,31997
GPP,4701,28,31997
GPP,4702,28,31997
GPP,4703,28,32013
GPP,4704,28,32013
GPP,4705,28,32028
GPP,4706,28,32028
GPP,4707,28,32044
GPP,4708,28,32044
GPP,4709,28,32044
GPP,4710,28,32060
GPP,4711,28,32060
GPP,4712,28,32075
GPP,4713,28,32075
GPP,4714,28,32091
GPP,4715,28,32091
GPP,4716,28,32107
GPP,4717,28,32107
GPP,4718,28,32107
GPP,4719,28,32123
GPP,4720,28,32123
GPP,4721,28,32138
GPP,4722,28,32138
GPP,4723,28,32154
GPP,4724,28,32154
GPP,4725,28,32154
GPP,4726,28,32170
GPP,4727,28,32170
GPP,4728,28,32185
GPP,4729,28,32185
GPP,4730,28,32201
GPP,4731,28,32201
GPP,4732,28,32217
GPP,4733,28,32217
GPP,4734,28,32217
GPP,4735,28,32232
GPP,4736,28,32232
GPP,4737,28,32248
GPP,4738,28,32248
GPP,4739,28,32264
GPP,4740,28,32264
GPP,4741,28,32264
GPP,4742,28,32279
GPP,4743,28,32279
GPP,4744,28,32295
GPP,4745,28,32295
GPP,4746,28,32311
GPP,4747,28,32311
GPP,4748,28,32326
GPP,4749,28,32326
GPP,4750,28,32326
GPP,4751,28,32342
GPP,4752,28,32342
GPP,4753,28,32358
GPP,4754,28,32358
GPP,4755,28,32373
GPP,4756,28,32373
GPP,4757,28,32373
GPP,4758,28,32389
GPP,4759,28,32389
GPP,4760,28,32405
GPP,4761,28,32405
GPP,4762,28,32421
GPP,4763,28,32421
GPP,4764,28,32421
GPP,4765,28,32436
GPP,4766,28,32436
GPP,4767,28,32452
GPP,4768,28,32452
GPP,4769,28,32468
GPP,4770,28,32468
GPP,4771,28,32483
GPP,4772,28,32483
GPP,4773,28,32483
GPP,4774,28,32499
GPP,4775,28,32499
GPP,4776,28,32515
GPP,4777,28,32515
GPP,4778,28,32530
GPP,4779,28,32530
GPP,4780,28,32530
GPP,4781,28,32546
GPP,4782,28,32546
GPP,4783,28,32562
GPP,4784,28,32562
GPP,4785,28,32578
GPP,4786,28,32578
GPP,4787,28,32578
GPP,4788,28,32593
GPP,4789,28,32593
GPP,4790,28,32609
GPP,4791,28,32609
GPP,4792,28,32625
GPP,4793,28,32625
GPP,4794,28,32640
GPP,4795,28,32640
GPP,4796,28,32640
GPP,4797,28,32662
GPP,4798,28,32664
GPP,4799,28,32672
GPP,4800,28,32672
GPP,4801,28,32688
GPP,4802,28,32688
GPP,4803,28,32703
GPP,4804,28,32703
GPP,4805,28,32703
GPP,4806,28,32719
GPP,4807,28,32719
GPP,4808,28,32735
GPP,4809,28,32735
GPP,4810,28,32751
GPP,4811,28,32751
GPP,4812,28,32766
GPP,4813,28,32766
GPP,4814,28,32766
GPP,4815,28,32782
GPP,4816,28,32782
GPP,4817,28,32798
GPP,4818,28,32798
GPP,4819,28,32813
GPP,4820,28,32813
GPP,4821,28,32829
GPP,4822,28,32829
GPP,4823,28,32829
GPP,4824,28,32845
GPP,4825,28,32845
GPP,4826,28,32860
GPP,4827,28,32860
GPP,4828,28,32876
GPP,4829,28,32876
GPP,4830,28,32892
GPP,4831,28,32892
GPP,4832,28,32892
GPP,4833,28,32908
GPP,4834,28,32908
GPP,4835,28,32923
GPP,4836,28,32923
GPP,4837,28,32939
GPP,4838,28,32939
GPP,4839,28,32955
GPP,4840,28,32955
GPP,4841,28,32955
GPP,4842,28,32971
GPP,4843,28,32971
GPP,4844,28,32986
GPP,4845,28,32986
GPP,4846,28,33002
GPP,4847,28,33002
GPP,4848,28,33002
GPP,4849,28,33018
GPP,4850,28,33018
GPP,4851,28,33033
GPP,4852,28,33033
GPP,4853,28,33049
GPP,4854,28,33049
GPP,4855,28,33065
GPP,4856,28,33065
GPP,4857,28,33081
GPP,4858,28,33081
GPP,4859,28,33081
GPP,4860,28,33096
GPP,4861,28,33096
GPP,4862,28,33112
GPP,4863,28,33112
GPP,4864,28,33128
GPP,4865,28,33128
GPP,4866,28,33143
GPP,4867,28,33143
GPP,4868,28,33143
GPP,4869,28,33159
GPP,4870,28,33159
GPP,4871,28,33175
GPP,4872,28,33175
GPP,4873,28,33190
GPP,4874,28,33190
GPP,4875,28,33206
GPP,4876,28,33206
GPP,4877,28,33206
GPP,4878,28,33222
GPP,4879,28,33222
GPP,4880,28,33238
GPP,4881,28,33238
GPP,4882,28,33253
GPP,4883,28,33253
GPP,4884,28,33253
GPP,4885,28,33269
GPP,4886,28,33269
GPP,4887,28,33285
GPP,4888,28,33285
GPP,4889,28,33300
GPP,4890,28,33300
GPP,4891,28,33300
GPP,4892,28,33316
GPP,4893,28,33316
GPP,4894,28,33332
GPP,4895,28,33332
GPP,4896,28,33347
GPP,4897,28,33347
GPP,4898,28,33363
GPP,4899,28,33363
GPP,4900,28,33363
GPP,4901,28,33379
GPP,4902,28,33379
GPP,4903,28,33394
GPP,4904,28,33394
GPP,4905,28,33410
GPP,4906,28,33410
GPP,4907,28,33410
GPP,4908,28,33426
GPP,4909,28,33426
GPP,4910,28,33442
GPP,4911,28,33442
GPP,4912,28,33457
GPP,4913,28,33457
GPP,4914,28,33457
GPP,4915,28,33473
GPP,4916,28,33473
GPP,4917,28,33489
GPP,4918,28,33489
GPP,4919,28,33504
GPP,4920,28,33504
GPP,4921,28,33504
GPP,4922,28,33520
GPP,4923,28,33520
GPP,4924,28,33536
GPP,4925,28,33536
GPP,4926,28,33552
GPP,4927,28,33552
GPP,4928,28,33567
GPP,4929,28,33567
GPP,4930,28,33567
GPP,4931,28,33583
GPP,4932,28,33583
GPP,4933,28,33599
GPP,4934,28,33599
GPP,4935,28,33614
GPP,4936,28,33614
GPP,4937,28,33614
GPP,4938,28,33630
GPP,4939,28,33630
GPP,4940,28,33646
GPP,4941,28,33646
GPP,4942,28,33662
GPP,4943,28,33662
GPP,4944,28,33662
GPP,4945,28,33677
GPP,4946,28,33677
GPP,4947,28,33693
GPP,4948,28,33693
GPP,4949,28,33709
GPP,4950,28,33709
GPP,4951,28,33709
GPP,4952,28,33725
GPP,4953,28,33725
GPP,4954,28,33740
GPP,4955,28,33740
GPP,4956,28,33756
GPP,4957,28,33756
GPP,4958,28,33772
GPP,4959,28,33772
GPP,4960,28,33772
GPP,4961,28,33787
GPP,4962,28,33787
GPP,4963,28,33803
GPP,4964,28,33803
GPP,4965,28,33819
GPP,4966,28,33819
GPP,4967,28,33834
GPP,4968,28,33834
GPP,4969,28,33834
GPP,4970,28,33850
GPP,4971,28,33850
GPP,4972,28,33866
GPP,4973,28,33866
GPP,4974,28,33881
GPP,4975,28,33881
GPP,4976,28,33897
GPP,4977,28,33897
GPP,4978,28,33897
GPP,4979,28,33913
GPP,4980,28,33913
GPP,4981,28,33928
GPP,4982,28,33928
GPP,4983,28,33944
GPP,4984,28,33944
GPP,4985,28,33960
GPP,4986,28,33960
GPP,4987,28,33960
GPP,4988,28,33975
GPP,4989,28,33975
GPP,4990,28,33991
GPP,4991,28,33991
GPP,4992,28,34007
GPP,4993,28,34007
GPP,4994,28,34007
GPP,4995,28,34027
GPP,4996,28,34031
GPP,4997,28,34038
GPP,4998,28,34038
GPP,4999,28,34054
QAP,0,152,0
QAP,1,152,15
QAP,2,144,15
QAP,3,140,31
QAP,4,140,47
QAP,5,140,47
QAP,6,140,62
QAP,7,140,78
QAP,8,140,78
QAP,9,140,94
QAP,10,140,109
QAP,11,140,125
QAP,12,140,125
QAP,13,140,141
QAP,14,140,157
QAP,15,140,157
QAP,16,140,172
QAP,17,140,188
QAP,18,140,188
QAP,19,140,204
QAP,20,140,220
QAP,21,140,220
QAP,22,140,235
QAP,23,140,251
QAP,24,140,251
QAP,25,140,267
QAP,26,140,282
QAP,27,136,282
QAP,28,136,298
QAP,29,136,314
QAP,30,136,330
QAP,31,136,330
QAP,32,136,345
QAP,33,136,361
QAP,34,136,361
QAP,35,136,377
QAP,36,136,392
QAP,37,136,392
QAP,38,136,408
QAP,39,136,424
QAP,40,136,424
QAP,41,136,439
QAP,42,136,455
QAP,43,136,455
QAP,44,136,471
QAP,45,136,486
QAP,46,136,502
QAP,47,136,502
QAP,48,136,518
QAP,49,136,534
QAP,50,136,534
QAP,51,136,549
QAP,52,136,565
QAP,53,136,565
QAP,54,136,581
QAP,55,136,597
QAP,56,136,597
QAP,57,136,612
QAP,58,132,628
QAP,59,132,628
QAP,60,132,644
QAP,61,132,660
QAP,62,132,660
QAP,63,132,675
QAP,64,132,691
QAP,65,132,707
QAP,66,132,707
QAP,67,132,722
QAP,68,132,738
QAP,69,132,738
QAP,70,132,754
QAP,71,132,770
QAP,72,132,770
QAP,73,132,785
QAP,74,128,801
QAP,75,128,801
QAP,76,128,817
QAP,77,128,833
QAP,78,128,833
QAP,79,128,848
QAP,80,128,864
QAP,81,128,880
QAP,82,128,880
QAP,83,128,896
QAP,84,128,911
QAP,85,128,911
QAP,86,128,927
QAP,87,128,943
QAP,88,128,943
QAP,89,128,958
QAP,90,128,974
QAP,91,128,974
QAP,92,128,990
QAP,93,128,1005
QAP,94,128,1005
QAP,95,124,1021
QAP,96,124,1037
QAP,97,124,1037
QAP,98,124,1053
QAP,99,124,1068
QAP,100,124,1084
QAP,101,124,1084
QAP,102,124,1100
QAP,103,124,1115
QAP,104,124,1115
QAP,105,124,1131
QAP,106,124,1147
QAP,107,124,1147
QAP,108,124,1163
QAP,109,124,1178
QAP,110,124,1178
QAP,111,124,1194
QAP,112,124,1210
QAP,113,124,1210
QAP,114,124,1225
QAP,115,124,1241
QAP,116,124,1257
QAP,117,124,1257
QAP,118,124,1272
QAP,119,124,1288
QAP,120,124,1288
QAP,121,124,1311
QAP,122,124,1319
QAP,123,124,1319
QAP,124,124,1335
QAP,125,124,1351
QAP,126,124,1351
QAP,127,124,1367
QAP,128,124,1382
QAP,129,124,1382
QAP,130,124,1398
QAP,131,124,1414
QAP,132,124,1429
QAP,133,124,1429
QAP,134,124,1445
QAP,135,124,1461
QAP,136,124,1461
QAP,137,124,1477
QAP,138,124,1492
QAP,139,124,1492
QAP,140,124,1508
QAP,141,124,1524
QAP,142,124,1524
QAP,143,124,1540
QAP,144,124,1555
QAP,145,124,1555
QAP,146,124,1571
QAP,147,124,1587
QAP,148,124,1602
QAP,149,124,1602
QAP,150,124,1618
QAP,151,124,1634
QAP,152,124,1634
QAP,153,124,1649
QAP,154,124,1665
QAP,155,124,1665
QAP,156,124,1681
QAP,157,120,1696
QAP,158,120,1696
QAP,159,120,1712
QAP,160,120,1728
QAP,161,120,1728
QAP,162,120,1743
QAP,163,120,1759
QAP,164,120,1775
QAP,165,120,1775
QAP,166,120,1790
QAP,167,120,1806
QAP,168,120,1806
QAP,169,120,1822
QAP,170,120,1838
QAP,171,120,1838
QAP,172,120,1853
QAP,173,120,1869
QAP,174,120,1869
QAP,175,120,1885
QAP,176,120,1900
QAP,177,120,1900
QAP,178,120,1916
QAP,179,120,1932
QAP,180,120,1948
QAP,181,120,1948
QAP,182,120,1963
QAP,183,120,1979
QAP,184,120,1979
QAP,185,120,1995
QAP,186,120,2011
QAP,187,120,2011
QAP,188,120,2026
QAP,189,120,2042
QAP,190,120,2042
QAP,191,120,2058
QAP,192,120,2073
QAP,193,120,2073
QAP,194,120,2089
QAP,195,120,2105
QAP,196,120,2121
QAP,197,120,2121
QAP,198,120,2136
QAP,199,120,2152
QAP,200,120,2152
QAP,201,120,2168
QAP,202,120,2183
QAP,203,120,2183
QAP,204,120,2199
QAP,205,120,2215
QAP,206,120,2215
QAP,207,120,2231
QAP,208,120,2246
QAP,209,120,2246
QAP,210,120,2262
QAP,211,120,2278
QAP,212,120,2278
QAP,213,120,2293
QAP,214,120,2309
QAP,215,120,2325
QAP,216,120,2325
QAP,217,120,2341
QAP,218,120,2356
QAP,219,116,2356
QAP,220,116,2372
QAP,221,116,2388
QAP,222,116,2388
QAP,223,116,2404
QAP,224,116,2419
QAP,225,116,2419
QAP,226,116,2435
QAP,227,116,2451
QAP,228,112,2451
QAP,229,112,2466
QAP,230,112,2482
QAP,231,112,2498
QAP,232,112,2498
QAP,233,112,2514
QAP,234,112,2529
QAP,235,108,2529
QAP,236,108,2545
QAP,237,108,2561
QAP,238,108,2561
QAP,239,108,2577
QAP,240,108,2592
QAP,241,108,2592
QAP,242,108,2608
QAP,243,108,2624
QAP,244,108,2624
QAP,245,108,2640
QAP,246,108,2655
QAP,247,108,2655
QAP,248,108,2679
QAP,249,108,2687
QAP,250,108,2702
QAP,251,108,2702
QAP,252,108,2718
QAP,253,108,2734
QAP,254,108,2734
QAP,255,108,2749
QAP,256,108,2765
QAP,257,108,2765
QAP,258,108,2781
QAP,259,104,2796
QAP,260,104,2796
QAP,261,104,2812
QAP,262,104,2828
QAP,263,104,2844
QAP,264,104,2844
QAP,265,104,2859
QAP,266,104,2875
QAP,267,104,2875
QAP,268,104,2891
QAP,269,104,2906
QAP,270,104,2906
QAP,271,104,2922
QAP,272,104,2938
QAP,273,104,2938
QAP,274,104,2953
QAP,275,104,2969
QAP,276,104,2969
QAP,277,104,2985
QAP,278,104,3000
QAP,279,104,3016
QAP,280,104,3016
QAP,281,104,3032
QAP,282,104,3048
QAP,283,104,3048
QAP,284,104,3063
QAP,285,104,3079
QAP,286,104,3079
QAP,287,104,3095
QAP,288,104,3110
QAP,289,104,3110
QAP,290,104,3126
QAP,291,104,3142
QAP,292,104,3142
QAP,293,104,3158
QAP,294,104,3173
QAP,295,104,3189
QAP,296,104,3189
QAP,297,104,3205
QAP,298,104,3221
QAP,299,104,3221
QAP,300,104,3236
QAP,301,104,3252
QAP,302,104,3252
QAP,303,104,3268
QAP,304,104,3283
QAP,305,104,3283
QAP,306,104,3299
QAP,307,104,3315
QAP,308,104,3315
QAP,309,104,3330
QAP,310,104,3346
QAP,311,104,3346
QAP,312,104,3362
QAP,313,104,3377
QAP,314,104,3393
QAP,315,104,3393
QAP,316,104,3409
QAP,317,104,3424
QAP,318,104,3424
QAP,319,104,3440
QAP,320,104,3456
QAP,321,104,3456
QAP,322,104,3472
QAP,323,104,3487
QAP,324,104,3487
QAP,325,104,3503
QAP,326,104,3519
QAP,327,104,3519
QAP,328,104,3534
QAP,329,104,3550
QAP,330,104,3550
QAP,331,104,3566
QAP,332,104,3581
QAP,333,104,3597
QAP,334,104,3597
QAP,335,104,3613
QAP,336,104,3629
QAP,337,104,3629
QAP,338,104,3644
QAP,339,104,3660
QAP,340,104,3660
QAP,341,104,3676
QAP,342,104,3691
QAP,343,104,3691
QAP,344,104,3707
QAP,345,104,3723
QAP,346,104,3723
QAP,347,104,3738
QAP,348,104,3759
QAP,349,104,3770
QAP,350,104,3770
QAP,351,104,3785
QAP,352,104,3801
QAP,353,104,3801
QAP,354,104,3819
QAP,355,104,3833
QAP,356,104,3848
QAP,357,104,3848
QAP,358,104,3864
QAP,359,104,3880
QAP,360,104,3880
QAP,361,104,3896
QAP,362,104,3912
QAP,363,104,3912
QAP,364,104,3927
QAP,365,104,3943
QAP,366,104,3958
QAP,367,104,3958
QAP,368,104,3974
QAP,369,104,3990
QAP,370,104,3990
QAP,371,104,4005
QAP,372,104,4021
QAP,373,100,4021
QAP,374,100,4045
QAP,375,96,4053
QAP,376,96,4068
QAP,377,96,4068
QAP,378,96,4084
QAP,379,96,4100
QAP,380,96,4100
QAP,381,96,4115
QAP,382,96,4131
QAP,383,96,4131
QAP,384,96,4147
QAP,385,96,4163
QAP,386,96,4163
QAP,387,96,4178
QAP,388,96,4194
QAP,389,96,4194
QAP,390,96,4210
QAP,391,96,4225
QAP,392,96,4241
QAP,393,96,4241
QAP,394,96,4257
QAP,395,96,4273
QAP,396,96,4273
QAP,397,96,4288
QAP,398,96,4304
QAP,399,96,4304
QAP,400,96,4320
QAP,401,96,4336
QAP,402,96,4336
QAP,403,96,4351
QAP,404,96,4367
QAP,405,96,4367
QAP,406,96,4383
QAP,407,96,4398
QAP,408,96,4414
QAP,409,96,4414
QAP,410,96,4430
QAP,411,96,4446
QAP,412,96,4446
QAP,413,96,4461
QAP,414,96,4477
QAP,415,96,4477
QAP,416,96,4493
QAP,417,96,4509
QAP,418,96,4509
QAP,419,92,4524
QAP,420,92,4540
QAP,421,92,4540
QAP,422,92,4556
QAP,423,92,4572
QAP,424,92,4572
QAP,425,92,4587
QAP,426,92,4603
QAP,427,92,4619
QAP,428,92,4619
QAP,429,92,4634
QAP,430,92,4650
QAP,431,92,4650
QAP,432,92,4666
QAP,433,92,4682
QAP,434,92,4682
QAP,435,92,4697
QAP,436,92,4713
QAP,437,92,4713
QAP,438,92,4729
QAP,439,92,4745
QAP,440,92,4745
QAP,441,88,4760
QAP,442,88,4776
QAP,443,88,4792
QAP,444,88,4792
QAP,445,88,4808
QAP,446,88,4823
QAP,447,88,4823
QAP,448,88,4839
QAP,449,88,4855
QAP,450,88,4855
QAP,451,88,4870
QAP,452,88,4886
QAP,453,88,4886
QAP,454,88,4902
QAP,455,88,4917
QAP,456,88,4933
QAP,457,88,4933
QAP,458,88,4949
QAP,459,88,4964
QAP,460,88,4964
QAP,461,88,4980
QAP,462,88,4996
QAP,463,88,4996
QAP,464,88,5012
QAP,465,88,5027
QAP,466,88,5027
QAP,467,88,5043
QAP,468,88,5059
QAP,469,88,5074
QAP,470,88,5074
QAP,471,88,5090
QAP,472,88,5106
QAP,473,88,5106
QAP,474,88,5121
QAP,475,88,5137
QAP,476,88,5137
QAP,477,88,5153
QAP,478,88,5169
QAP,479,88,5169
QAP,480,88,5184
QAP,481,88,5200
QAP,482,88,5216
QAP,483,88,5216
QAP,484,88,5231
QAP,485,88,5247
QAP,486,88,5247
QAP,487,88,5263
QAP,488,88,5278
QAP,489,88,5278
QAP,490,88,5294
QAP,491,88,5310
QAP,492,88,5310
QAP,493,88,5325
QAP,494,88,5341
QAP,495,88,5357
QAP,496,88,5357
QAP,497,88,5372
QAP,498,88,5388
QAP,499,88,5388
QAP,500,88,5410
QAP,501,88,5419
QAP,502,88,5419
QAP,503,88,5435
QAP,504,88,5451
QAP,505,88,5451
QAP,506,84,5467
QAP,507,84,5482
QAP,508,84,5482
QAP,509,84,5498
QAP,510,84,5514
QAP,511,84,5514
QAP,512,84,5529
QAP,513,84,5545
QAP,514,84,5561
QAP,515,84,5561
QAP,516,84,5577
QAP,517,84,5592
QAP,518,84,5592
QAP,519,84,5608
QAP,520,84,5624
QAP,521,84,5624
QAP,522,84,5639
QAP,523,84,5655
QAP,524,84,5655
QAP,525,84,5671
QAP,526,84,5687
QAP,527,84,5702
QAP,528,84,5702
QAP,529,84,5718
QAP,530,84,5734
QAP,531,84,5734
QAP,532,84,5749
QAP,533,84,5765
QAP,534,84,5765
QAP,535,84,5781
QAP,536,84,5796
QAP,537,84,5796
QAP,538,84,5812
QAP,539,84,5828
QAP,540,84,5844
QAP,541,84,5844
QAP,542,84,5859
QAP,543,84,5875
QAP,544,84,5875
QAP,545,84,5891
QAP,546,84,5906
QAP,547,84,5906
QAP,548,84,5922
QAP,549,84,5938
QAP,550,84,5953
QAP,551,84,5953
QAP,552,84,5969
QAP,553,84,5985
QAP,554,84,5985
QAP,555,84,6001
QAP,556,84,6017
QAP,557,84,6017
QAP,558,84,6032
QAP,559,84,6048
QAP,560,84,6048
QAP,561,84,6064
QAP,562,84,6079
QAP,563,84,6095
QAP,564,84,6095
QAP,565,84,6111
QAP,566,84,6126
QAP,567,84,6126
QAP,568,84,6142
QAP,569,84,6158
QAP,570,84,6158
QAP,571,84,6173
QAP,572,84,6189
QAP,573,84,6205
QAP,574,84,6205
QAP,575,84,6221
QAP,576,84,6236
QAP,577,84,6236
QAP,578,84,6252
QAP,579,84,6268
QAP,580,84,6268
QAP,581,84,6283
QAP,582,84,6299
QAP,583,84,6299
QAP,584,84,6315
QAP,585,84,6330
QAP,586,84,6346
QAP,587,84,6346
QAP,588,84,6362
QAP,589,84,6377
QAP,590,84,6377
QAP,591,84,6393
QAP,592,84,6409
QAP,593,84,6409
QAP,594,84,6425
QAP,595,84,6441
QAP,596,84,6441
QAP,597,84,6456
QAP,598,84,6472
QAP,599,84,6472
QAP,600,84,6488
QAP,601,84,6503
QAP,602,84,6503
QAP,603,84,6519
QAP,604,84,6535
QAP,605,84,6550
QAP,606,84,6550
QAP,607,84,6566
QAP,608,84,6582
QAP,609,84,6582
QAP,610,84,6598
QAP,611,84,6613
QAP,612,84,6613
QAP,613,84,6629
QAP,614,84,6645
QAP,615,84,6645
QAP,616,84,6660
QAP,617,84,6676
QAP,618,84,6692
QAP,619,84,6692
QAP,620,84,6707
QAP,621,84,6723
QAP,622,84,6723
QAP,623,84,6739
QAP,624,84,6756
QAP,625,84,6763
QAP,626,84,6770
QAP,627,84,6786
QAP,628,84,6786
QAP,629,84,6802
QAP,630,84,6817
QAP,631,84,6817
QAP,632,84,6833
QAP,633,84,6849
QAP,634,84,6864
QAP,635,84,6864
QAP,636,84,6880
QAP,637,84,6896
QAP,638,84,6896
QAP,639,84,6912
QAP,640,84,6927
QAP,641,84,6927
QAP,642,84,6943
QAP,643,84,6959
QAP,644,84,6959
QAP,645,84,6974
QAP,646,84,6990
QAP,647,84,6990
QAP,648,84,7006
QAP,649,84,7021
QAP,650,84,7021
QAP,651,84,7037
QAP,652,84,7053
QAP,653,84,7069
QAP,654,84,7069
QAP,655,84,7084
QAP,656,84,7100
QAP,657,84,7100
QAP,658,84,7116
QAP,659,84,7132
QAP,660,84,7132
QAP,661,84,7147
QAP,662,84,7163
QAP,663,84,7163
QAP,664,84,7179
QAP,665,84,7195
QAP,666,80,7195
QAP,667,80,7210
QAP,668,80,7226
QAP,669,80,7226
QAP,670,80,7242
QAP,671,80,7257
QAP,672,80,7273
QAP,673,80,7273
QAP,674,80,7289
QAP,675,80,7305
QAP,676,80,7305
QAP,677,80,7320
QAP,678,80,7336
QAP,679,80,7336
QAP,680,80,7352
QAP,681,80,7368
QAP,682,80,7368
QAP,683,80,7383
QAP,684,80,7399
QAP,685,80,7399
QAP,686,80,7415
QAP,687,80,7430
QAP,688,80,7430
QAP,689,80,7446
QAP,690,80,7462
QAP,691,80,7478
QAP,692,80,7478
QAP,693,80,7493
QAP,694,80,7509
QAP,695,80,7509
QAP,696,80,7525
QAP,697,80,7541
QAP,698,80,7541
QAP,699,80,7556
QAP,700,80,7572
QAP,701,80,7572
QAP,702,80,7588
QAP,703,80,7603
QAP,704,80,7603
QAP,705,80,7619
QAP,706,80,7635
QAP,707,80,7650
QAP,708,80,7650
QAP,709,80,7666
QAP,710,80,7682
QAP,711,80,7682
QAP,712,80,7698
QAP,713,80,7713
QAP,714,80,7713
QAP,715,80,7729
QAP,716,80,7745
QAP,717,80,7745
QAP,718,80,7760
QAP,719,80,7776
QAP,720,80,7776
QAP,721,80,7792
QAP,722,80,7807
QAP,723,80,7823
QAP,724,80,7823
QAP,725,80,7839
QAP,726,80,7855
QAP,727,80,7855
QAP,728,80,7870
QAP,729,80,7886
QAP,730,80,7886
QAP,731,80,7902
QAP,732,80,7917
QAP,733,80,7917
QAP,734,80,7933
QAP,735,80,7949
QAP,736,80,7949
QAP,737,80,7964
QAP,738,80,7980
QAP,739,80,7996
QAP,740,80,7996
QAP,741,80,8011
QAP,742,80,8027
QAP,743,80,8027
QAP,744,80,8043
QAP,745,80,8058
QAP,746,80,8058
QAP,747,80,8074
QAP,748,80,8090
QAP,749,80,8090
QAP,750,80,8105
QAP,751,80,8125
QAP,752,80,8129
QAP,753,80,8137
QAP,754,80,8152
QAP,755,80,8168
QAP,756,80,8168
QAP,757,80,8184
QAP,758,80,8200
QAP,759,80,8200
QAP,760,80,8215
QAP,761,80,8231
QAP,762,80,8231
QAP,763,80,8247
QAP,764,80,8262
QAP,765,80,8262
QAP,766,80,8278
QAP,767,80,8294
QAP,768,80,8294
QAP,769,80,8310
QAP,770,80,8325
QAP,771,80,8341
QAP,772,80,8341
QAP,773,80,8357
QAP,774,80,8372
QAP,775,80,8372
QAP,776,80,8388
QAP,777,80,8404
QAP,778,80,8404
QAP,779,80,8419
QAP,780,80,8435
QAP,781,80,8435
QAP,782,80,8451
QAP,783,80,8466
QAP,784,80,8482
QAP,785,80,8482
QAP,786,80,8498
QAP,787,80,8514
QAP,788,80,8514
QAP,789,80,8529
QAP,790,80,8545
QAP,791,80,8545
QAP,792,80,8561
QAP,793,80,8576
QAP,794,80,8592
QAP,795,80,8592
QAP,796,80,8608
QAP,797,80,8623
QAP,798,80,8623
QAP,799,80,8639
QAP,800,80,8655
QAP,801,80,8655
QAP,802,80,8671
QAP,803,80,8686
QAP,804,80,8686
QAP,805,80,8702
QAP,806,80,8718
QAP,807,80,8733
QAP,808,80,8733
QAP,809,80,8749
QAP,810,80,8767
QAP,811,80,8773
QAP,812,80,8781
QAP,813,80,8797
QAP,814,80,8797
QAP,815,80,8812
QAP,816,80,8828
QAP,817,80,8844
QAP,818,80,8844
QAP,819,80,8859
QAP,820,80,8875
QAP,821,80,8875
QAP,822,80,8891
QAP,823,80,8907
QAP,824,80,8907
QAP,825,80,8922
QAP,826,80,8938
QAP,827,80,8938
QAP,828,80,8954
QAP,829,80,8970
QAP,830,80,8985
QAP,831,80,8985
QAP,832,80,9001
QAP,833,80,9017
QAP,834,80,9017
QAP,835,80,9032
QAP,836,80,9048
QAP,837,80,9048
QAP,838,80,9064
QAP,839,80,9079
QAP,840,80,9079
QAP,841,80,9095
QAP,842,80,9111
QAP,843,80,9111
QAP,844,80,9126
QAP,845,80,9142
QAP,846,80,9158
QAP,847,80,9158
QAP,848,80,9174
QAP,849,80,9189
QAP,850,80,9189
QAP,851,80,9205
QAP,852,80,9221
QAP,853,80,9221
QAP,854,80,9236
QAP,855,80,9252
QAP,856,80,9252
QAP,857,80,9268
QAP,858,80,9283
QAP,859,80,9299
QAP,860,80,9299
QAP,861,80,9315
QAP,862,80,9330
QAP,863,80,9330
QAP,864,80,9346
QAP,865,80,9362
QAP,866,80,9362
QAP,867,80,9378
QAP,868,80,9393
QAP,869,80,9393
QAP,870,80,9409
QAP,871,80,9425
QAP,872,80,9425
QAP,873,80,9441
QAP,874,80,9456
QAP,875,80,9472
QAP,876,80,9472
QAP,877,80,9496
QAP,878,80,9504
QAP,879,80,9504
QAP,880,80,9519
QAP,881,80,9535
QAP,882,80,9551
QAP,883,80,9551
QAP,884,80,9566
QAP,885,80,9582
QAP,886,80,9582
QAP,887,80,9598
QAP,888,80,9613
QAP,889,80,9629
QAP,890,80,9629
QAP,891,80,9645
QAP,892,80,9661
QAP,893,80,9661
QAP,894,80,9676
QAP,895,80,9692
QAP,896,80,9708
QAP,897,80,9708
QAP,898,80,9723
QAP,899,80,9739
QAP,900,80,9739
QAP,901,80,9755
QAP,902,80,9771
QAP,903,80,9771
QAP,904,80,9786
QAP,905,80,9802
QAP,906,80,9818
QAP,907,80,9820
QAP,908,80,9833
QAP,909,80,9849
QAP,910,80,9865
QAP,911,80,9865
QAP,912,80,9881
QAP,913,80,9896
QAP,914,80,9896
QAP,915,80,9912
QAP,916,80,9928
QAP,917,80,9943
QAP,918,80,9943
QAP,919,80,9959
QAP,920,80,9975
QAP,921,80,9975
QAP,922,80,9991
QAP,923,80,10006
QAP,924,80,10022
QAP,925,80,10022
QAP,926,80,10038
QAP,927,80,10053
QAP,928,80,10053
QAP,929,80,10069
QAP,930,80,10085
QAP,931,80,10085
QAP,932,80,10100
QAP,933,80,10116
QAP,934,80,10132
QAP,935,80,10132
QAP,936,80,10147
QAP,937,80,10163
QAP,938,80,10163
QAP,939,80,10179
QAP,940,80,10194
QAP,941,80,10194
QAP,942,80,10210
QAP,943,80,10226
QAP,944,80,10242
QAP,945,80,10242
QAP,946,80,10257
QAP,947,80,10273
QAP,948,80,10273
QAP,949,80,10289
QAP,950,80,10304
QAP,951,80,10320
QAP,952,80,10320
QAP,953,80,10336
QAP,954,80,10352
QAP,955,80,10352
QAP,956,80,10367
QAP,957,80,10383
QAP,958,80,10383
QAP,959,80,10399
QAP,960,80,10414
QAP,961,80,10430
QAP,962,80,10430
QAP,963,80,10446
QAP,964,80,10462
QAP,965,80,10462
QAP,966,80,10477
QAP,967,80,10493
QAP,968,80,10509
QAP,969,80,10509
QAP,970,80,10524
QAP,971,80,10540
QAP,972,80,10540
QAP,973,80,10556
QAP,974,80,10572
QAP,975,80,10572
QAP,976,80,10587
QAP,977,80,10603
QAP,978,80,10619
QAP,979,80,10619
QAP,980,80,10635
QAP,981,80,10650
QAP,982,80,10650
QAP,983,80,10666
QAP,984,80,10682
QAP,985,80,10697
QAP,986,80,10697
QAP,987,80,10713
QAP,988,80,10729
QAP,989,80,10729
QAP,990,80,10744
QAP,991,80,10760
QAP,992,80,10760
QAP,993,80,10776
QAP,994,80,10792
QAP,995,80,10807
QAP,996,80,10807
QAP,997,80,10823
QAP,998,80,10839
QAP,999,80,10839
QAP,1000,80,10862
QAP,1001,80,10870
QAP,1002,80,10870
QAP,1003,80,10886
QAP,1004,80,10901
QAP,1005,80,10917
QAP,1006,80,10917
QAP,1007,80,10933
QAP,1008,80,10948
QAP,1009,80,10948
QAP,1010,80,10964
QAP,1011,80,10980
QAP,1012,80,10980
QAP,1013,80,10996
QAP,1014,80,11011
QAP,1015,80,11027
QAP,1016,80,11027
QAP,1017,80,11043
QAP,1018,80,11058
QAP,1019,80,11058
QAP,1020,80,11074
QAP,1021,80,11090
QAP,1022,80,11090
QAP,1023,80,11106
QAP,1024,80,11121
QAP,1025,80,11137
QAP,1026,80,11137
QAP,1027,80,11153
QAP,1028,80,11168
QAP,1029,80,11168
QAP,1030,80,11184
QAP,1031,80,11200
QAP,1032,80,11216
QAP,1033,80,11216
QAP,1034,80,11231
QAP,1035,80,11247
QAP,1036,80,11247
QAP,1037,80,11263
QAP,1038,80,11278
QAP,1039,80,11278
QAP,1040,80,11294
QAP,1041,80,11310
QAP,1042,80,11325
QAP,1043,80,11325
QAP,1044,80,11341
QAP,1045,80,11357
QAP,1046,80,11357
QAP,1047,80,11372
QAP,1048,80,11388
QAP,1049,80,11388
QAP,1050,80,11404
QAP,1051,80,11420
QAP,1052,80,11435
QAP,1053,80,11435
QAP,1054,80,11451
QAP,1055,80,11467
QAP,1056,80,11467
QAP,1057,80,11483
QAP,1058,80,11498
QAP,1059,80,11498
QAP,1060,80,11514
QAP,1061,80,11530
QAP,1062,80,11546
QAP,1063,80,11546
QAP,1064,80,11561
QAP,1065,80,11577
QAP,1066,80,11577
QAP,1067,80,11593
QAP,1068,80,11608
QAP,1069,80,11608
QAP,1070,80,11624
QAP,1071,80,11640
QAP,1072,80,11655
QAP,1073,80,11655
QAP,1074,80,11671
QAP,1075,80,11687
QAP,1076,80,11687
QAP,1077,80,11703
QAP,1078,80,11718
QAP,1079,80,11718
QAP,1080,80,11734
QAP,1081,80,11750
QAP,1082,80,11765
QAP,1083,80,11765
QAP,1084,80,11781
QAP,1085,80,11797
QAP,1086,80,11797
QAP,1087,80,11812
QAP,1088,80,11828
QAP,1089,80,11828
QAP,1090,80,11844
QAP,1091,80,11859
QAP,1092,80,11875
QAP,1093,80,11875
QAP,1094,80,11891
QAP,1095,80,11907
QAP,1096,80,11907
QAP,1097,80,11922
QAP,1098,80,11938
QAP,1099,80,11938
QAP,1100,80,11954
QAP,1101,80,11969
QAP,1102,80,11985
QAP,1103,80,11985
QAP,1104,80,12001
QAP,1105,80,12017
QAP,1106,80,12017
QAP,1107,80,12032
QAP,1108,80,12048
QAP,1109,80,12048
QAP,1110,80,12064
QAP,1111,80,12079
QAP,1112,80,12095
QAP,1113,80,12095
QAP,1114,80,12111
QAP,1115,80,12126
QAP,1116,80,12126
QAP,1117,80,12142
QAP,1118,80,12158
QAP,1119,80,12158
QAP,1120,80,12173
QAP,1121,80,12189
QAP,1122,80,12205
QAP,1123,80,12205
QAP,1124,80,12227
QAP,1125,80,12236
QAP,1126,80,12236
QAP,1127,80,12252
QAP,1128,80,12268
QAP,1129,80,12268
QAP,1130,80,12283
QAP,1131,80,12299
QAP,1132,80,12315
QAP,1133,80,12315
QAP,1134,80,12331
QAP,1135,80,12346
QAP,1136,80,12346
QAP,1137,80,12362
QAP,1138,80,12378
QAP,1139,80,12378
QAP,1140,80,12394
QAP,1141,80,12409
QAP,1142,80,12425
QAP,1143,80,12425
QAP,1144,80,12441
QAP,1145,80,12456
QAP,1146,80,12456
QAP,1147,80,12472
QAP,1148,80,12488
QAP,1149,80,12488
QAP,1150,80,12503
QAP,1151,80,12519
QAP,1152,80,12535
QAP,1153,80,12535
QAP,1154,80,12551
QAP,1155,80,12566
QAP,1156,80,12566
QAP,1157,80,12582
QAP,1158,80,12598
QAP,1159,80,12614
QAP,1160,80,12614
QAP,1161,80,12629
QAP,1162,80,12645
QAP,1163,80,12645
QAP,1164,80,12661
QAP,1165,80,12676
QAP,1166,80,12692
QAP,1167,80,12692
QAP,1168,80,12708
QAP,1169,80,12724
QAP,1170,80,12724
QAP,1171,80,12739
QAP,1172,80,12755
QAP,1173,80,12755
QAP,1174,80,12771
QAP,1175,80,12786
QAP,1176,80,12786
QAP,1177,80,12802
QAP,1178,80,12818
QAP,1179,80,12834
QAP,1180,80,12834
QAP,1181,80,12849
QAP,1182,80,12865
QAP,1183,80,12865
QAP,1184,80,12881
QAP,1185,80,12897
QAP,1186,80,12912
QAP,1187,80,12912
QAP,1188,80,12928
QAP,1189,80,12944
QAP,1190,80,12944
QAP,1191,80,12959
QAP,1192,80,12975
QAP,1193,80,12975
QAP,1194,80,12991
QAP,1195,80,13007
QAP,1196,80,13007
QAP,1197,80,13022
QAP,1198,80,13038
QAP,1199,80,13054
QAP,1200,80,13054
QAP,1201,80,13069
QAP,1202,80,13085
QAP,1203,80,13085
QAP,1204,80,13101
QAP,1205,80,13117
QAP,1206,80,13117
QAP,1207,80,13132
QAP,1208,80,13148
QAP,1209,80,13164
QAP,1210,80,13164
QAP,1211,80,13179
QAP,1212,80,13195
QAP,1213,80,13195
QAP,1214,80,13211
QAP,1215,80,13227
QAP,1216,80,13227
QAP,1217,80,13242
QAP,1218,80,13258
QAP,1219,80,13274
QAP,1220,80,13274
QAP,1221,80,13290
QAP,1222,80,13305
QAP,1223,80,13305
QAP,1224,80,13321
QAP,1225,80,13337
QAP,1226,80,13337
QAP,1227,80,13352
QAP,1228,80,13368
QAP,1229,80,13384
QAP,1230,80,13384
QAP,1231,80,13400
QAP,1232,80,13415
QAP,1233,80,13415
QAP,1234,80,13431
QAP,1235,80,13447
QAP,1236,80,13447
QAP,1237,80,13462
QAP,1238,80,13478
QAP,1239,80,13494
QAP,1240,80,13494
QAP,1241,80,13510
QAP,1242,80,13525
QAP,1243,80,13525
QAP,1244,80,13541
QAP,1245,80,13557
QAP,1246,80,13557
QAP,1247,80,13580
QAP,1248,80,13588
QAP,1249,80,13604
QAP,1250,80,13604
QAP,1251,80,13620
QAP,1252,80,13635
QAP,1253,80,13635
QAP,1254,80,13651
QAP,1255,80,13667
QAP,1256,80,13667
QAP,1257,80,13682
QAP,1258,80,13698
QAP,1259,80,13714
QAP,1260,80,13714
QAP,1261,80,13729
QAP,1262,80,13745
QAP,1263,80,13745
QAP,1264,80,13761
QAP,1265,80,13777
QAP,1266,80,13777
QAP,1267,80,13792
QAP,1268,80,13808
QAP,1269,80,13824
QAP,1270,80,13824
QAP,1271,80,13840
QAP,1272,80,13855
QAP,1273,80,13855
QAP,1274,80,13871
QAP,1275,80,13887
QAP,1276,80,13887
QAP,1277,80,13902
QAP,1278,80,13918
QAP,1279,80,13934
QAP,1280,80,13934
QAP,1281,80,13949
QAP,1282,80,13965
QAP,1283,80,13965
QAP,1284,80,13981
QAP,1285,80,13997
QAP,1286,80,13997
QAP,1287,80,14012
QAP,1288,80,14028
QAP,1289,80,14044
QAP,1290,80,14044
QAP,1291,80,14060
QAP,1292,80,14075
QAP,1293,80,14075
QAP,1294,80,14091
QAP,1295,80,14107
QAP,1296,80,14107
QAP,1297,80,14122
QAP,1298,80,14138
QAP,1299,80,14154
QAP,1300,80,14154
QAP,1301,80,14169
QAP,1302,80,14185
QAP,1303,80,14185
QAP,1304,80,14201
QAP,1305,80,14217
QAP,1306,80,14217
QAP,1307,80,14232
QAP,1308,80,14248
QAP,1309,80,14264
QAP,1310,80,14264
QAP,1311,80,14279
QAP,1312,80,14295
QAP,1313,80,14295
QAP,1314,80,14311
QAP,1315,80,14327
QAP,1316,80,14327
QAP,1317,80,14342
QAP,1318,80,14358
QAP,1319,80,14374
QAP,1320,80,14374
QAP,1321,80,14389
QAP,1322,80,14405
QAP,1323,80,14405
QAP,1324,80,14421
QAP,1325,80,14436
QAP,1326,80,14436
QAP,1327,80,14452
QAP,1328,80,14468
QAP,1329,80,14484
QAP,1330,80,14484
QAP,1331,80,14499
QAP,1332,80,14515
QAP,1333,80,14515
QAP,1334,80,14531
QAP,1335,80,14546
QAP,1336,80,14546
QAP,1337,80,14562
QAP,1338,80,14578
QAP,1339,80,14593
QAP,1340,80,14593
QAP,1341,80,14609
QAP,1342,80,14625
QAP,1343,80,14625
QAP,1344,80,14641
QAP,1345,80,14656
QAP,1346,80,14672
QAP,1347,80,14672
QAP,1348,80,14688
QAP,1349,80,14703
QAP,1350,80,14703
QAP,1351,80,14719
QAP,1352,80,14735
QAP,1353,80,14735
QAP,1354,80,14750
QAP,1355,80,14766
QAP,1356,80,14782
QAP,1357,80,14782
QAP,1358,80,14798
QAP,1359,80,14813
QAP,1360,80,14813
QAP,1361,80,14829
QAP,1362,80,14845
QAP,1363,80,14860
QAP,1364,80,14860
QAP,1365,80,14876
QAP,1366,80,14892
QAP,1367,80,14892
QAP,1368,80,14908
QAP,1369,80,14923
QAP,1370,80,14923
QAP,1371,80,14947
QAP,1372,80,14955
QAP,1373,80,14970
QAP,1374,80,14970
QAP,1375,80,14986
QAP,1376,80,15002
QAP,1377,80,15002
QAP,1378,80,15018
QAP,1379,80,15033
QAP,1380,80,15033
QAP,1381,80,15049
QAP,1382,80,15065
QAP,1383,80,15080
QAP,1384,80,15080
QAP,1385,80,15096
QAP,1386,80,15112
QAP,1387,80,15112
QAP,1388,80,15128
QAP,1389,80,15143
QAP,1390,80,15143
QAP,1391,80,15159
QAP,1392,80,15175
QAP,1393,80,15190
QAP,1394,80,15190
QAP,1395,80,15206
QAP,1396,80,15222
QAP,1397,80,15222
QAP,1398,80,15237
QAP,1399,80,15253
QAP,1400,80,15253
QAP,1401,80,15269
QAP,1402,80,15285
QAP,1403,80,15300
QAP,1404,80,15300
QAP,1405,80,15316
QAP,1406,80,15332
QAP,1407,80,15332
QAP,1408,80,15347
QAP,1409,80,15363
QAP,1410,80,15363
QAP,1411,80,15379
QAP,1412,80,15395
QAP,1413,80,15410
QAP,1414,80,15410
QAP,1415,80,15426
QAP,1416,80,15442
QAP,1417,80,15442
QAP,1418,80,15457
QAP,1419,80,15473
QAP,1420,80,15473
QAP,1421,80,15489
QAP,1422,80,15505
QAP,1423,80,15520
QAP,1424,80,15520
QAP,1425,80,15536
QAP,1426,80,15552
QAP,1427,80,15552
QAP,1428,80,15567
QAP,1429,80,15583
QAP,1430,80,15583
QAP,1431,80,15599
QAP,1432,80,15614
QAP,1433,80,15630
QAP,1434,80,15630
QAP,1435,80,15646
QAP,1436,80,15661
QAP,1437,80,15661
QAP,1438,80,15677
QAP,1439,80,15693
QAP,1440,80,15693
QAP,1441,80,15709
QAP,1442,80,15724
QAP,1443,80,15740
QAP,1444,80,15740
QAP,1445,80,15756
QAP,1446,80,15771
QAP,1447,80,15771
QAP,1448,80,15787
QAP,1449,80,15803
QAP,1450,80,15803
QAP,1451,80,15819
QAP,1452,80,15835
QAP,1453,80,15850
QAP,1454,80,15850
QAP,1455,80,15866
QAP,1456,80,15882
QAP,1457,80,15882
QAP,1458,80,15897
QAP,1459,80,15913
QAP,1460,80,15913
QAP,1461,80,15929
QAP,1462,80,15944
QAP,1463,80,15960
QAP,1464,80,15960
QAP,1465,80,15976
QAP,1466,80,15991
QAP,1467,80,15991
QAP,1468,80,16007
QAP,1469,80,16023
QAP,1470,80,16023
QAP,1471,80,16038
QAP,1472,80,16054
QAP,1473,80,16070
QAP,1474,80,16070
QAP,1475,80,16086
QAP,1476,80,16101
QAP,1477,80,16101
QAP,1478,80,16117
QAP,1479,80,16133
QAP,1480,80,16133
QAP,1481,80,16148
QAP,1482,80,16164
QAP,1483,80,16180
QAP,1484,80,16180
QAP,1485,80,16196
QAP,1486,80,16211
QAP,1487,80,16211
QAP,1488,80,16227
QAP,1489,80,16243
QAP,1490,80,16243
QAP,1491,80,16258
QAP,1492,80,16274
QAP,1493,80,16290
QAP,1494,80,16290
QAP,1495,80,16313
QAP,1496,80,16321
QAP,1497,80,16321
QAP,1498,80,16337
QAP,1499,80,16353
QAP,1500,80,16353
QAP,1501,80,16368
QAP,1502,80,16384
QAP,1503,80,16400
QAP,1504,80,16400
QAP,1505,80,16416
QAP,1506,80,16431
QAP,1507,80,16447
QAP,1508,80,16447
QAP,1509,80,16463
QAP,1510,80,16479
QAP,1511,80,16479
QAP,1512,80,16494
QAP,1513,80,16510
QAP,1514,80,16510
QAP,1515,80,16526
QAP,1516,80,16541
QAP,1517,80,16557
QAP,1518,80,16557
QAP,1519,80,16573
QAP,1520,80,16589
QAP,1521,80,16589
QAP,1522,80,16604
QAP,1523,80,16620
QAP,1524,80,16620
QAP,1525,80,16636
QAP,1526,80,16651
QAP,1527,80,16667
QAP,1528,80,16667
QAP,1529,80,16683
QAP,1530,80,16698
QAP,1531,80,16698
QAP,1532,80,16714
QAP,1533,80,16730
QAP,1534,80,16730
QAP,1535,80,16746
QAP,1536,80,16761
QAP,1537,80,16777
QAP,1538,80,16777
QAP,1539,80,16793
QAP,1540,80,16808
QAP,1541,80,16808
QAP,1542,80,16824
QAP,1543,80,16840
QAP,1544,80,16855
QAP,1545,80,16855
QAP,1546,80,16871
QAP,1547,80,16887
QAP,1548,80,16887
QAP,1549,80,16903
QAP,1550,80,16918
QAP,1551,80,16918
QAP,1552,80,16934
QAP,1553,80,16950
QAP,1554,80,16965
QAP,1555,80,16965
QAP,1556,80,16981
QAP,1557,80,16997
QAP,1558,80,16997
QAP,1559,80,17013
QAP,1560,80,17028
QAP,1561,80,17028
QAP,1562,80,17044
QAP,1563,80,17060
QAP,1564,80,17076
QAP,1565,80,17076
QAP,1566,80,17091
QAP,1567,80,17107
QAP,1568,80,17107
QAP,1569,80,17123
QAP,1570,80,17138
QAP,1571,80,17138
QAP,1572,80,17154
QAP,1573,80,17170
QAP,1574,80,17186
QAP,1575,80,17186
QAP,1576,80,17201
QAP,1577,80,17217
QAP,1578,80,17217
QAP,1579,80,17233
QAP,1580,80,17248
QAP,1581,80,17248
QAP,1582,80,17264
QAP,1583,80,17280
QAP,1584,80,17280
QAP,1585,80,17296
QAP,1586,80,17311
QAP,1587,80,17327
QAP,1588,80,17327
QAP,1589,80,17343
QAP,1590,80,17358
QAP,1591,80,17358
QAP,1592,80,17374
QAP,1593,80,17390
QAP,1594,80,17390
QAP,1595,80,17406
QAP,1596,80,17421
QAP,1597,80,17437
QAP,1598,80,17437
QAP,1599,80,17453
QAP,1600,80,17468
QAP,1601,80,17468
QAP,1602,80,17484
QAP,1603,80,17504
QAP,1604,80,17508
QAP,1605,80,17516
QAP,1606,80,17531
QAP,1607,80,17547
QAP,1608,80,17547
QAP,1609,80,17563
QAP,1610,80,17579
QAP,1611,80,17579
QAP,1612,80,17594
QAP,1613,80,17610
QAP,1614,80,17610
QAP,1615,80,17626
QAP,1616,80,17641
QAP,1617,80,17657
QAP,1618,80,17657
QAP,1619,80,17673
QAP,1620,80,17689
QAP,1621,80,17689
QAP,1622,80,17704
QAP,1623,80,17720
QAP,1624,80,17720
QAP,1625,80,17736
QAP,1626,80,17752
QAP,1627,80,17767
QAP,1628,80,17767
QAP,1629,80,17783
QAP,1630,80,17799
QAP,1631,80,17799
QAP,1632,80,17814
QAP,1633,80,17830
QAP,1634,80,17830
QAP,1635,80,17846
QAP,1636,80,17861
QAP,1637,80,17877
QAP,1638,80,17877
QAP,1639,80,17893
QAP,1640,80,17909
QAP,1641,80,17909
QAP,1642,80,17924
QAP,1643,80,17940
QAP,1644,80,17940
QAP,1645,80,17956
QAP,1646,80,17971
QAP,1647,80,17987
QAP,1648,80,17987
QAP,1649,80,18003
QAP,1650,80,18018
QAP,1651,80,18018
QAP,1652,80,18034
QAP,1653,80,18050
QAP,1654,80,18050
QAP,1655,80,18066
QAP,1656,80,18081
QAP,1657,80,18097
QAP,1658,80,18097
QAP,1659,80,18113
QAP,1660,80,18128
QAP,1661,80,18128
QAP,1662,80,18144
QAP,1663,80,18160
QAP,1664,80,18160
QAP,1665,80,18176
QAP,1666,80,18191
QAP,1667,80,18207
QAP,1668,80,18207
QAP,1669,80,18223
QAP,1670,80,18238
QAP,1671,80,18238
QAP,1672,80,18254
QAP,1673,80,18270
QAP,1674,80,18270
QAP,1675,80,18286
QAP,1676,80,18301
QAP,1677,80,18317
QAP,1678,80,18317
QAP,1679,80,18333
QAP,1680,80,18348
QAP,1681,80,18348
QAP,1682,80,18364
QAP,1683,80,18380
QAP,1684,80,18380
QAP,1685,80,18396
QAP,1686,80,18411
QAP,1687,80,18427
QAP,1688,80,18427
QAP,1689,80,18443
QAP,1690,80,18458
QAP,1691,80,18458
QAP,1692,80,18474
QAP,1693,80,18490
QAP,1694,80,18490
QAP,1695,80,18506
QAP,1696,80,18521
QAP,1697,80,18537
QAP,1698,80,18537
QAP,1699,80,18553
QAP,1700,80,18568
QAP,1701,80,18568
QAP,1702,80,18584
QAP,1703,80,18600
QAP,1704,80,18615
QAP,1705,80,18615
QAP,1706,80,18631
QAP,1707,80,18647
QAP,1708,80,18663
QAP,1709,80,18663
QAP,1710,80,18678
QAP,1711,80,18694
QAP,1712,80,18694
QAP,1713,80,18710
QAP,1714,80,18725
QAP,1715,80,18725
QAP,1716,80,18741
QAP,1717,80,18757
QAP,1718,80,18772
QAP,1719,80,18772
QAP,1720,80,18795
QAP,1721,80,18804
QAP,1722,80,18804
QAP,1723,80,18819
QAP,1724,80,18835
QAP,1725,80,18851
QAP,1726,80,18851
QAP,1727,80,18866
QAP,1728,80,18882
QAP,1729,80,18882
QAP,1730,80,18898
QAP,1731,80,18914
QAP,1732,80,18929
QAP,1733,80,18929
QAP,1734,80,18945
QAP,1735,80,18961
QAP,1736,80,18961
QAP,1737,80,18976
QAP,1738,80,18992
QAP,1739,80,18992
QAP,1740,80,19008
QAP,1741,80,19029
QAP,1742,80,19039
QAP,1743,80,19039
QAP,1744,80,19055
QAP,1745,80,19071
QAP,1746,80,19086
QAP,1747,80,19086
QAP,1748,80,19102
QAP,1749,80,19118
QAP,1750,80,19118
QAP,1751,80,19133
QAP,1752,80,19149
QAP,1753,80,19149
QAP,1754,80,19165
QAP,1755,80,19181
QAP,1756,80,19196
QAP,1757,80,19196
QAP,1758,80,19212
QAP,1759,80,19228
QAP,1760,80,19228
QAP,1761,80,19243
QAP,1762,80,19259
QAP,1763,80,19275
QAP,1764,80,19275
QAP,1765,80,19291
QAP,1766,80,19306
QAP,1767,80,19306
QAP,1768,80,19322
QAP,1769,80,19338
QAP,1770,80,19353
QAP,1771,80,19353
QAP,1772,80,19369
QAP,1773,80,19385
QAP,1774,80,19385
QAP,1775,80,19400
QAP,1776,80,19416
QAP,1777,80,19432
QAP,1778,80,19432
QAP,1779,80,19447
QAP,1780,80,19463
QAP,1781,80,19463
QAP,1782,80,19479
QAP,1783,80,19494
QAP,1784,80,19494
QAP,1785,80,19510
QAP,1786,80,19526
QAP,1787,80,19541
QAP,1788,80,19541
QAP,1789,80,19557
QAP,1790,80,19573
QAP,1791,80,19573
QAP,1792,80,19588
QAP,1793,80,19604
QAP,1794,80,19604
QAP,1795,80,19620
QAP,1796,80,19636
QAP,1797,80,19651
QAP,1798,80,19651
QAP,1799,80,19667
QAP,1800,80,19683
QAP,1801,80,19683
QAP,1802,80,19698
QAP,1803,80,19714
QAP,1804,80,19714
QAP,1805,80,19730
QAP,1806,80,19746
QAP,1807,80,19761
QAP,1808,80,19761
QAP,1809,80,19777
QAP,1810,80,19793
QAP,1811,80,19793
QAP,1812,80,19809
QAP,1813,80,19824
QAP,1814,80,19840
QAP,1815,80,19840
QAP,1816,80,19856
QAP,1817,80,19871
QAP,1818,80,19871
QAP,1819,80,19887
QAP,1820,80,19903
QAP,1821,80,19918
QAP,1822,80,19918
QAP,1823,80,19934
QAP,1824,80,19950
QAP,1825,80,19950
QAP,1826,80,19966
QAP,1827,80,19981
QAP,1828,80,19981
QAP,1829,80,19997
QAP,1830,80,20013
QAP,1831,80,20029
QAP,1832,80,20029
QAP,1833,80,20044
QAP,1834,80,20060
QAP,1835,80,20060
QAP,1836,80,20076
QAP,1837,80,20092
QAP,1838,80,20092
QAP,1839,80,20107
QAP,1840,80,20123
QAP,1841,80,20139
QAP,1842,80,20139
QAP,1843,80,20154
QAP,1844,80,20170
QAP,1845,80,20170
QAP,1846,80,20186
QAP,1847,80,20202
QAP,1848,80,20217
QAP,1849,80,20217
QAP,1850,80,20233
QAP,1851,80,20249
QAP,1852,80,20249
QAP,1853,80,20264
QAP,1854,80,20280
QAP,1855,80,20280
QAP,1856,80,20296
QAP,1857,80,20312
QAP,1858,80,20312
QAP,1859,80,20327
QAP,1860,80,20343
QAP,1861,80,20359
QAP,1862,80,20359
QAP,1863,80,20374
QAP,1864,80,20392
QAP,1865,80,20398
QAP,1866,80,20406
QAP,1867,80,20421
QAP,1868,80,20421
QAP,1869,80,20437
QAP,1870,80,20453
QAP,1871,80,20469
QAP,1872,80,20469
QAP,1873,80,20484
QAP,1874,80,20500
QAP,1875,80,20500
QAP,1876,80,20516
QAP,1877,80,20532
QAP,1878,80,20532
QAP,1879,80,20547
QAP,1880,80,20563
QAP,1881,80,20579
QAP,1882,80,20579
QAP,1883,80,20595
QAP,1884,80,20610
QAP,1885,80,20610
QAP,1886,80,20626
QAP,1887,80,20642
QAP,1888,80,20658
QAP,1889,80,20658
QAP,1890,80,20673
QAP,1891,80,20689
QAP,1892,80,20689
QAP,1893,80,20705
QAP,1894,80,20720
QAP,1895,80,20720
QAP,1896,80,20736
QAP,1897,80,20752
QAP,1898,80,20768
QAP,1899,80,20768
QAP,1900,80,20783
QAP,1901,80,20799
QAP,1902,80,20799
QAP,1903,80,20824
QAP,1904,80,20831
QAP,1905,80,20846
QAP,1906,80,20846
QAP,1907,80,20862
QAP,1908,80,20878
QAP,1909,80,20878
QAP,1910,80,20893
QAP,1911,80,20909
QAP,1912,80,20909
QAP,1913,80,20925
QAP,1914,80,20940
QAP,1915,80,20956
QAP,1916,80,20956
QAP,1917,80,20972
QAP,1918,80,20988
QAP,1919,80,20988
QAP,1920,80,21003
QAP,1921,80,21019
QAP,1922,80,21019
QAP,1923,80,21035
QAP,1924,80,21050
QAP,1925,80,21066
QAP,1926,80,21066
QAP,1927,80,21082
QAP,1928,80,21097
QAP,1929,80,21097
QAP,1930,80,21113
QAP,1931,80,21129
QAP,1932,80,21144
QAP,1933,80,21144
QAP,1934,80,21160
QAP,1935,80,21176
QAP,1936,80,21176
QAP,1937,80,21191
QAP,1938,80,21207
QAP,1939,80,21223
QAP,1940,80,21223
QAP,1941,80,21239
QAP,1942,80,21254
QAP,1943,80,21254
QAP,1944,80,21270
QAP,1945,80,21286
QAP,1946,80,21286
QAP,1947,80,21301
QAP,1948,80,21317
QAP,1949,80,21317
QAP,1950,80,21333
QAP,1951,80,21349
QAP,1952,80,21364
QAP,1953,80,21364
QAP,1954,80,21380
QAP,1955,80,21396
QAP,1956,80,21396
QAP,1957,80,21411
QAP,1958,80,21427
QAP,1959,80,21427
QAP,1960,80,21443
QAP,1961,80,21459
QAP,1962,80,21474
QAP,1963,80,21474
QAP,1964,80,21490
QAP,1965,80,21506
QAP,1966,80,21506
QAP,1967,80,21521
QAP,1968,80,21537
QAP,1969,80,21553
QAP,1970,80,21553
QAP,1971,80,21569
QAP,1972,80,21584
QAP,1973,80,21584
QAP,1974,80,21600
QAP,1975,80,21616
QAP,1976,80,21616
QAP,1977,80,21631
QAP,1978,80,21647
QAP,1979,80,21663
QAP,1980,80,21663
QAP,1981,80,21678
QAP,1982,80,21694
QAP,1983,80,21694
QAP,1984,80,21710
QAP,1985,80,21725
QAP,1986,80,21741
QAP,1987,80,21741
QAP,1988,80,21764
QAP,1989,80,21773
QAP,1990,80,21788
QAP,1991,80,21788
QAP,1992,80,21804
QAP,1993,80,21820
QAP,1994,80,21820
QAP,1995,80,21835
QAP,1996,80,21851
QAP,1997,80,21867
QAP,1998,80,21867
QAP,1999,80,21882
QAP,2000,80,21898
QAP,2001,80,21898
QAP,2002,80,21914
QAP,2003,80,21929
QAP,2004,80,21945
QAP,2005,80,21945
QAP,2006,80,21961
QAP,2007,80,21977
QAP,2008,80,21977
QAP,2009,80,21992
QAP,2010,80,22008
QAP,2011,80,22008
QAP,2012,80,22024
QAP,2013,80,22039
QAP,2014,80,22055
QAP,2015,80,22055
QAP,2016,80,22071
QAP,2017,80,22087
QAP,2018,80,22087
QAP,2019,80,22102
QAP,2020,80,22118
QAP,2021,80,22118
QAP,2022,80,22134
QAP,2023,80,22149
QAP,2024,80,22165
QAP,2025,80,22165
QAP,2026,80,22181
QAP,2027,80,22197
QAP,2028,80,22197
QAP,2029,80,22212
QAP,2030,80,22228
QAP,2031,80,22228
QAP,2032,80,22244
QAP,2033,80,22259
QAP,2034,80,22275
QAP,2035,80,22275
QAP,2036,80,22291
QAP,2037,80,22307
QAP,2038,80,22307
QAP,2039,80,22322
QAP,2040,80,22338
QAP,2041,80,22354
QAP,2042,80,22354
QAP,2043,80,22369
QAP,2044,80,22385
QAP,2045,80,22385
QAP,2046,80,22401
QAP,2047,80,22417
QAP,2048,80,22417
QAP,2049,80,22432
QAP,2050,80,22448
QAP,2051,80,22464
QAP,2052,80,22464
QAP,2053,80,22479
QAP,2054,80,22495
QAP,2055,80,22511
QAP,2056,80,22511
QAP,2057,80,22527
QAP,2058,80,22542
QAP,2059,80,22542
QAP,2060,80,22558
QAP,2061,80,22574
QAP,2062,80,22589
QAP,2063,80,22589
QAP,2064,80,22605
QAP,2065,80,22621
QAP,2066,80,22621
QAP,2067,80,22637
QAP,2068,80,22652
QAP,2069,80,22668
QAP,2070,80,22668
QAP,2071,80,22684
QAP,2072,80,22699
QAP,2073,80,22699
QAP,2074,80,22715
QAP,2075,80,22731
QAP,2076,80,22747
QAP,2077,80,22747
QAP,2078,80,22762
QAP,2079,80,22778
QAP,2080,80,22778
QAP,2081,80,22794
QAP,2082,80,22809
QAP,2083,80,22809
QAP,2084,80,22825
QAP,2085,80,22841
QAP,2086,80,22856
QAP,2087,80,22856
QAP,2088,80,22872
QAP,2089,80,22888
QAP,2090,80,22888
QAP,2091,80,22904
QAP,2092,80,22919
QAP,2093,80,22919
QAP,2094,80,22935
QAP,2095,80,22951
QAP,2096,80,22966
QAP,2097,80,22966
QAP,2098,80,22982
QAP,2099,80,22998
QAP,2100,80,22998
QAP,2101,80,23014
QAP,2102,80,23029
QAP,2103,80,23029
QAP,2104,80,23045
QAP,2105,80,23061
QAP,2106,80,23076
QAP,2107,80,23076
QAP,2108,80,23092
QAP,2109,80,23108
QAP,2110,80,23108
QAP,2111,80,23132
QAP,2112,80,23139
QAP,2113,80,23155
QAP,2114,80,23155
QAP,2115,80,23171
QAP,2116,80,23186
QAP,2117,80,23186
QAP,2118,80,23202
QAP,2119,80,23218
QAP,2120,80,23233
QAP,2121,80,23233
QAP,2122,80,23249
QAP,2123,80,23265
QAP,2124,80,23265
QAP,2125,80,23280
QAP,2126,80,23296
QAP,2127,80,23296
QAP,2128,80,23312
QAP,2129,80,23327
QAP,2130,80,23343
QAP,2131,80,23343
QAP,2132,80,23359
QAP,2133,80,23375
QAP,2134,80,23375
QAP,2135,80,23390
QAP,2136,80,23406
QAP,2137,80,23422
QAP,2138,80,23422
QAP,2139,80,23437
QAP,2140,80,23453
QAP,2141,80,23469
QAP,2142,80,23469
QAP,2143,80,23484
QAP,2144,80,23500
QAP,2145,80,23500
QAP,2146,80,23516
QAP,2147,80,23531
QAP,2148,80,23531
QAP,2149,80,23547
QAP,2150,80,23563
QAP,2151,80,23579
QAP,2152,80,23579
QAP,2153,80,23594
QAP,2154,80,23610
QAP,2155,80,23610
QAP,2156,80,23626
QAP,2157,80,23641
QAP,2158,80,23641
QAP,2159,80,23657
QAP,2160,80,23673
QAP,2161,80,23688
QAP,2162,80,23688
QAP,2163,80,23704
QAP,2164,80,23720
QAP,2165,80,23720
QAP,2166,80,23735
QAP,2167,80,23751
QAP,2168,80,23767
QAP,2169,80,23767
QAP,2170,80,23783
QAP,2171,80,23800
QAP,2172,80,23807
QAP,2173,80,23814
QAP,2174,80,23830
QAP,2175,80,23830
QAP,2176,80,23845
QAP,2177,80,23861
QAP,2178,80,23877
QAP,2179,80,23877
QAP,2180,80,23893
QAP,2181,80,23908
QAP,2182,80,23924
QAP,2183,80,23924
QAP,2184,80,23940
QAP,2185,80,23955
QAP,2186,80,23955
QAP,2187,80,23971
QAP,2188,80,23987
QAP,2189,80,24003
QAP,2190,80,24003
QAP,2191,80,24018
QAP,2192,80,24034
QAP,2193,80,24034
QAP,2194,80,24050
QAP,2195,80,24065
QAP,2196,80,24065
QAP,2197,80,24081
QAP,2198,80,24097
QAP,2199,80,24113
QAP,2200,80,24113
QAP,2201,80,24128
QAP,2202,80,24144
QAP,2203,80,24144
QAP,2204,80,24160
QAP,2205,80,24175
QAP,2206,80,24191
QAP,2207,80,24191
QAP,2208,80,24207
QAP,2209,80,24223
QAP,2210,80,24223
QAP,2211,80,24238
QAP,2212,80,24254
QAP,2213,80,24270
QAP,2214,80,24270
QAP,2215,80,24286
QAP,2216,80,24301
QAP,2217,80,24301
QAP,2218,80,24317
QAP,2219,80,24333
QAP,2220,80,24333
QAP,2221,80,24348
QAP,2222,80,24364
QAP,2223,80,24380
QAP,2224,80,24380
QAP,2225,80,24395
QAP,2226,80,24411
QAP,2227,80,24411
QAP,2228,80,24427
QAP,2229,80,24442
QAP,2230,80,24442
QAP,2231,80,24458
QAP,2232,80,24474
QAP,2233,80,24474
QAP,2234,80,24497
QAP,2235,80,24505
QAP,2236,80,24521
QAP,2237,80,24521
QAP,2238,80,24537
QAP,2239,80,24552
QAP,2240,80,24552
QAP,2241,80,24568
QAP,2242,80,24584
QAP,2243,80,24600
QAP,2244,80,24600
QAP,2245,80,24615
QAP,2246,80,24631
QAP,2247,80,24631
QAP,2248,80,24647
QAP,2249,80,24662
QAP,2250,80,24678
QAP,2251,80,24678
QAP,2252,80,24694
QAP,2253,80,24709
QAP,2254,80,24709
QAP,2255,80,24725
QAP,2256,80,24741
QAP,2257,80,24756
QAP,2258,80,24756
QAP,2259,80,24772
QAP,2260,80,24788
QAP,2261,80,24788
QAP,2262,80,24803
QAP,2263,80,24819
QAP,2264,80,24835
QAP,2265,80,24835
QAP,2266,80,24850
QAP,2267,80,24866
QAP,2268,80,24866
QAP,2269,80,24882
QAP,2270,80,24897
QAP,2271,80,24913
QAP,2272,80,24913
QAP,2273,80,24929
QAP,2274,80,24945
QAP,2275,80,24945
QAP,2276,80,24960
QAP,2277,80,24976
QAP,2278,80,24976
QAP,2279,80,24992
QAP,2280,80,25008
QAP,2281,80,25008
QAP,2282,80,25023
QAP,2283,80,25039
QAP,2284,80,25055
QAP,2285,80,25055
QAP,2286,80,25070
QAP,2287,80,25086
QAP,2288,80,25086
QAP,2289,80,25102
QAP,2290,80,25118
QAP,2291,80,25133
QAP,2292,80,25133
QAP,2293,80,25149
QAP,2294,80,25165
QAP,2295,80,25165
QAP,2296,80,25180
QAP,2297,80,25196
QAP,2298,80,25196
QAP,2299,80,25212
QAP,2300,80,25227
QAP,2301,80,25243
QAP,2302,80,25243
QAP,2303,80,25259
QAP,2304,80,25275
QAP,2305,80,25275
QAP,2306,80,25290
QAP,2307,80,25306
QAP,2308,80,25306
QAP,2309,80,25322
QAP,2310,80,25337
QAP,2311,80,25353
QAP,2312,80,25353
QAP,2313,80,25369
QAP,2314,80,25385
QAP,2315,80,25385
QAP,2316,80,25400
QAP,2317,80,25416
QAP,2318,80,25416
QAP,2319,80,25432
QAP,2320,80,25448
QAP,2321,80,25463
QAP,2322,80,25463
QAP,2323,80,25479
QAP,2324,80,25495
QAP,2325,80,25495
QAP,2326,80,25511
QAP,2327,80,25526
QAP,2328,80,25526
QAP,2329,80,25542
QAP,2330,80,25558
QAP,2331,80,25573
QAP,2332,80,25573
QAP,2333,80,25589
QAP,2334,80,25605
QAP,2335,80,25605
QAP,2336,80,25620
QAP,2337,80,25636
QAP,2338,80,25636
QAP,2339,80,25652
QAP,2340,80,25667
QAP,2341,80,25683
QAP,2342,80,25683
QAP,2343,80,25699
QAP,2344,80,25714
QAP,2345,80,25714
QAP,2346,80,25730
QAP,2347,80,25746
QAP,2348,80,25746
QAP,2349,80,25761
QAP,2350,80,25777
QAP,2351,80,25793
QAP,2352,80,25793
QAP,2353,80,25809
QAP,2354,80,25824
QAP,2355,80,25824
QAP,2356,80,25848
QAP,2357,80,25856
QAP,2358,80,25871
QAP,2359,80,25871
QAP,2360,80,25887
QAP,2361,80,25903
QAP,2362,80,25903
QAP,2363,80,25919
QAP,2364,80,25934
QAP,2365,80,25934
QAP,2366,80,25950
QAP,2367,80,25966
QAP,2368,80,25966
QAP,2369,80,25981
QAP,2370,80,25997
QAP,2371,80,26013
QAP,2372,80,26013
QAP,2373,80,26029
QAP,2374,80,26044
QAP,2375,80,26044
QAP,2376,80,26060
QAP,2377,80,26076
QAP,2378,80,26076
QAP,2379,80,26092
QAP,2380,80,26107
QAP,2381,80,26123
QAP,2382,80,26123
QAP,2383,80,26139
QAP,2384,80,26154
QAP,2385,80,26154
QAP,2386,80,26170
QAP,2387,80,26186
QAP,2388,80,26186
QAP,2389,80,26202
QAP,2390,80,26217
QAP,2391,80,26233
QAP,2392,80,26233
QAP,2393,80,26249
QAP,2394,80,26264
QAP,2395,80,26264
QAP,2396,80,26280
QAP,2397,80,26296
QAP,2398,80,26296
QAP,2399,80,26312
QAP,2400,80,26327
QAP,2401,80,26343
QAP,2402,80,26343
QAP,2403,80,26359
QAP,2404,80,26374
QAP,2405,80,26374
QAP,2406,80,26390
QAP,2407,80,26406
QAP,2408,80,26406
QAP,2409,80,26421
QAP,2410,80,26437
QAP,2411,80,26453
QAP,2412,80,26453
QAP,2413,80,26469
QAP,2414,80,26484
QAP,2415,80,26484
QAP,2416,80,26500
QAP,2417,80,26516
QAP,2418,80,26516
QAP,2419,80,26531
QAP,2420,80,26547
QAP,2421,80,26563
QAP,2422,80,26563
QAP,2423,80,26579
QAP,2424,80,26594
QAP,2425,80,26594
QAP,2426,80,26610
QAP,2427,80,26626
QAP,2428,80,26626
QAP,2429,80,26641
QAP,2430,80,26657
QAP,2431,80,26673
QAP,2432,80,26673
QAP,2433,80,26689
QAP,2434,80,26704
QAP,2435,80,26704
QAP,2436,80,26720
QAP,2437,80,26736
QAP,2438,80,26752
QAP,2439,80,26752
QAP,2440,80,26767
QAP,2441,80,26783
QAP,2442,80,26783
QAP,2443,80,26799
QAP,2444,80,26814
QAP,2445,80,26814
QAP,2446,80,26830
QAP,2447,80,26846
QAP,2448,80,26861
QAP,2449,80,26861
QAP,2450,80,26877
QAP,2451,80,26893
QAP,2452,80,26893
QAP,2453,80,26909
QAP,2454,80,26924
QAP,2455,80,26940
QAP,2456,80,26940
QAP,2457,80,26956
QAP,2458,80,26972
QAP,2459,80,26972
QAP,2460,80,26987
QAP,2461,80,27003
QAP,2462,80,27003
QAP,2463,80,27019
QAP,2464,80,27034
QAP,2465,80,27034
QAP,2466,80,27050
QAP,2467,80,27066
QAP,2468,80,27082
QAP,2469,80,27082
QAP,2470,80,27098
QAP,2471,80,27113
QAP,2472,80,27113
QAP,2473,80,27129
QAP,2474,80,27145
QAP,2475,80,27145
QAP,2476,80,27161
QAP,2477,80,27176
QAP,2478,80,27192
QAP,2479,80,27192
QAP,2480,80,27214
QAP,2481,80,27223
QAP,2482,80,27223
QAP,2483,80,27239
QAP,2484,80,27255
QAP,2485,80,27255
QAP,2486,80,27271
QAP,2487,80,27286
QAP,2488,80,27302
QAP,2489,80,27302
QAP,2490,80,27318
QAP,2491,80,27334
QAP,2492,80,27334
QAP,2493,80,27349
QAP,2494,80,27365
QAP,2495,80,27365
QAP,2496,80,27381
QAP,2497,80,27396
QAP,2498,80,27412
QAP,2499,80,27412
QAP,2500,80,27428
QAP,2501,80,27443
QAP,2502,80,27443
QAP,2503,80,27459
QAP,2504,80,27475
QAP,2505,80,27475
QAP,2506,80,27491
QAP,2507,80,27506
QAP,2508,80,27522
QAP,2509,80,27522
QAP,2510,80,27538
QAP,2511,80,27553
QAP,2512,80,27553
QAP,2513,80,27569
QAP,2514,80,27585
QAP,2515,80,27585
QAP,2516,80,27601
QAP,2517,80,27616
QAP,2518,80,27632
QAP,2519,80,27632
QAP,2520,80,27648
QAP,2521,80,27663
QAP,2522,80,27663
QAP,2523,80,27679
QAP,2524,80,27695
QAP,2525,80,27695
QAP,2526,80,27710
QAP,2527,80,27726
QAP,2528,80,27742
QAP,2529,80,27742
QAP,2530,80,27757
QAP,2531,80,27773
QAP,2532,80,27773
QAP,2533,80,27789
QAP,2534,80,27805
QAP,2535,80,27820
QAP,2536,80,27820
QAP,2537,80,27836
QAP,2538,80,27852
QAP,2539,80,27852
QAP,2540,80,27867
QAP,2541,80,27883
QAP,2542,80,27883
QAP,2543,80,27899
QAP,2544,80,27914
QAP,2545,80,27930
QAP,2546,80,27930
QAP,2547,80,27946
QAP,2548,80,27961
QAP,2549,80,27961
QAP,2550,80,27977
QAP,2551,80,27993
QAP,2552,80,27993
QAP,2553,80,28009
QAP,2554,80,28024
QAP,2555,80,28040
QAP,2556,80,28040
QAP,2557,80,28056
QAP,2558,80,28071
QAP,2559,80,28071
QAP,2560,80,28087
QAP,2561,80,28103
QAP,2562,80,28103
QAP,2563,80,28118
QAP,2564,80,28134
QAP,2565,80,28150
QAP,2566,80,28150
QAP,2567,80,28165
QAP,2568,80,28181
QAP,2569,80,28181
QAP,2570,80,28197
QAP,2571,80,28212
QAP,2572,80,28212
QAP,2573,80,28228
QAP,2574,80,28244
QAP,2575,80,28260
QAP,2576,80,28260
QAP,2577,80,28275
QAP,2578,80,28291
QAP,2579,80,28291
QAP,2580,80,28307
QAP,2581,80,28322
QAP,2582,80,28322
QAP,2583,80,28338
QAP,2584,80,28354
QAP,2585,80,28369
QAP,2586,80,28369
QAP,2587,80,28385
QAP,2588,80,28401
QAP,2589,80,28401
QAP,2590,80,28416
QAP,2591,80,28432
QAP,2592,80,28432
QAP,2593,80,28448
QAP,2594,80,28464
QAP,2595,80,28479
QAP,2596,80,28479
QAP,2597,80,28495
QAP,2598,80,28511
QAP,2599,80,28511
QAP,2600,80,28526
QAP,2601,80,28542
QAP,2602,80,28558
QAP,2603,80,28558
QAP,2604,80,28580
QAP,2605,80,28589
QAP,2606,80,28589
QAP,2607,80,28605
QAP,2608,80,28620
QAP,2609,80,28636
QAP,2610,80,28636
QAP,2611,80,28652
QAP,2612,80,28668
QAP,2613,80,28668
QAP,2614,80,28683
QAP,2615,80,28699
QAP,2616,80,28715
QAP,2617,80,28715
QAP,2618,80,28730
QAP,2619,80,28746
QAP,2620,80,28746
QAP,2621,80,28762
QAP,2622,80,28777
QAP,2623,80,28777
QAP,2624,80,28793
QAP,2625,80,28814
QAP,2626,80,28825
QAP,2627,80,28825
QAP,2628,80,28840
QAP,2629,80,28856
QAP,2630,80,28856
QAP,2631,80,28872
QAP,2632,80,28888
QAP,2633,80,28903
QAP,2634,80,28903
QAP,2635,80,28919
QAP,2636,80,28935
QAP,2637,80,28935
QAP,2638,80,28950
QAP,2639,80,28966
QAP,2640,80,28966
QAP,2641,80,28982
QAP,2642,80,28997
QAP,2643,80,28997
QAP,2644,80,29013
QAP,2645,80,29029
QAP,2646,80,29045
QAP,2647,80,29045
QAP,2648,80,29060
QAP,2649,80,29076
QAP,2650,80,29076
QAP,2651,80,29092
QAP,2652,80,29107
QAP,2653,80,29107
QAP,2654,80,29123
QAP,2655,80,29139
QAP,2656,80,29155
QAP,2657,80,29155
QAP,2658,80,29171
QAP,2659,80,29186
QAP,2660,80,29186
QAP,2661,80,29202
QAP,2662,80,29218
QAP,2663,80,29218
QAP,2664,80,29233
QAP,2665,80,29249
QAP,2666,80,29265
QAP,2667,80,29265
QAP,2668,80,29280
QAP,2669,80,29296
QAP,2670,80,29296
QAP,2671,80,29312
QAP,2672,80,29327
QAP,2673,80,29327
QAP,2674,80,29343
QAP,2675,80,29359
QAP,2676,80,29374
QAP,2677,80,29374
QAP,2678,80,29390
QAP,2679,80,29406
QAP,2680,80,29406
QAP,2681,80,29422
QAP,2682,80,29437
QAP,2683,80,29437
QAP,2684,80,29453
QAP,2685,80,29468
QAP,2686,80,29484
QAP,2687,80,29484
QAP,2688,80,29500
QAP,2689,80,29516
QAP,2690,80,29516
QAP,2691,80,29531
QAP,2692,80,29547
QAP,2693,80,29562
QAP,2694,80,29562
QAP,2695,80,29578
QAP,2696,80,29594
QAP,2697,80,29594
QAP,2698,80,29610
QAP,2699,80,29625
QAP,2700,80,29625
QAP,2701,80,29641
QAP,2702,80,29657
QAP,2703,80,29672
QAP,2704,80,29672
QAP,2705,80,29688
QAP,2706,80,29704
QAP,2707,80,29704
QAP,2708,80,29720
QAP,2709,80,29735
QAP,2710,80,29735
QAP,2711,80,29751
QAP,2712,80,29767
QAP,2713,80,29783
QAP,2714,80,29783
QAP,2715,80,29798
QAP,2716,80,29814
QAP,2717,80,29814
QAP,2718,80,29830
QAP,2719,80,29845
QAP,2720,80,29845
QAP,2721,80,29861
QAP,2722,80,29877
QAP,2723,80,29893
QAP,2724,80,29893
QAP,2725,80,29908
QAP,2726,80,29924
QAP,2727,80,29924
QAP,2728,80,29948
QAP,2729,80,29955
QAP,2730,80,29955
QAP,2731,80,29971
QAP,2732,80,29987
QAP,2733,80,30002
QAP,2734,80,30002
QAP,2735,80,30018
QAP,2736,80,30034
QAP,2737,80,30034
QAP,2738,80,30049
QAP,2739,80,30065
QAP,2740,80,30065
QAP,2741,80,30081
QAP,2742,80,30096
QAP,2743,80,30112
QAP,2744,80,30112
QAP,2745,80,30128
QAP,2746,80,30143
QAP,2747,80,30143
QAP,2748,80,30159
QAP,2749,80,30175
QAP,2750,80,30175
QAP,2751,80,30190
QAP,2752,80,30206
QAP,2753,80,30222
QAP,2754,80,30222
QAP,2755,80,30237
QAP,2756,80,30253
QAP,2757,80,30253
QAP,2758,80,30269
QAP,2759,80,30285
QAP,2760,80,30285
QAP,2761,80,30300
QAP,2762,80,30316
QAP,2763,80,30332
QAP,2764,80,30332
QAP,2765,80,30347
QAP,2766,80,30363
QAP,2767,80,30363
QAP,2768,80,30379
QAP,2769,80,30394
QAP,2770,80,30394
QAP,2771,80,30410
QAP,2772,80,30426
QAP,2773,80,30441
QAP,2774,80,30441
QAP,2775,80,30457
QAP,2776,80,30473
QAP,2777,80,30473
QAP,2778,80,30489
QAP,2779,80,30504
QAP,2780,80,30504
QAP,2781,80,30520
QAP,2782,80,30536
QAP,2783,80,30551
QAP,2784,80,30551
QAP,2785,80,30567
QAP,2786,80,30583
QAP,2787,80,30583
QAP,2788,80,30599
QAP,2789,80,30614
QAP,2790,80,30614
QAP,2791,80,30630
QAP,2792,80,30646
QAP,2793,80,30661
QAP,2794,80,30661
QAP,2795,80,30677
QAP,2796,80,30693
QAP,2797,80,30693
QAP,2798,80,30709
QAP,2799,80,30724
QAP,2800,80,30740
QAP,2801,80,30740
QAP,2802,80,30756
QAP,2803,80,30771
QAP,2804,80,30771
QAP,2805,80,30787
QAP,2806,80,30803
QAP,2807,80,30818
QAP,2808,80,30818
QAP,2809,80,30834
QAP,2810,80,30850
QAP,2811,80,30850
QAP,2812,80,30865
QAP,2813,80,30881
QAP,2814,80,30881
QAP,2815,80,30897
QAP,2816,80,30913
QAP,2817,80,30928
QAP,2818,80,30928
QAP,2819,80,30944
QAP,2820,80,30960
QAP,2821,80,30960
QAP,2822,80,30975
QAP,2823,80,30991
QAP,2824,80,30991
QAP,2825,80,31007
QAP,2826,80,31022
QAP,2827,80,31038
QAP,2828,80,31038
QAP,2829,80,31054
QAP,2830,80,31070
QAP,2831,80,31070
QAP,2832,80,31085
QAP,2833,80,31101
QAP,2834,80,31101
QAP,2835,80,31117
QAP,2836,80,31133
QAP,2837,80,31148
QAP,2838,80,31148
QAP,2839,80,31164
QAP,2840,80,31180
QAP,2841,80,31180
QAP,2842,80,31195
QAP,2843,80,31211
QAP,2844,80,31211
QAP,2845,80,31227
QAP,2846,80,31242
QAP,2847,80,31258
QAP,2848,80,31258
QAP,2849,80,31274
QAP,2850,80,31290
QAP,2851,80,31290
QAP,2852,80,31313
QAP,2853,80,31321
QAP,2854,80,31321
QAP,2855,80,31337
QAP,2856,80,31352
QAP,2857,80,31368
QAP,2858,80,31368
QAP,2859,80,31384
QAP,2860,80,31400
QAP,2861,80,31400
QAP,2862,80,31415
QAP,2863,80,31431
QAP,2864,80,31431
QAP,2865,80,31447
QAP,2866,80,31463
QAP,2867,80,31478
QAP,2868,80,31478
QAP,2869,80,31494
QAP,2870,80,31510
QAP,2871,80,31510
QAP,2872,80,31525
QAP,2873,80,31541
QAP,2874,80,31541
QAP,2875,80,31557
QAP,2876,80,31572
QAP,2877,80,31588
QAP,2878,80,31588
QAP,2879,80,31604
QAP,2880,80,31619
QAP,2881,80,31619
QAP,2882,80,31635
QAP,2883,80,31651
QAP,2884,80,31651
QAP,2885,80,31667
QAP,2886,80,31682
QAP,2887,80,31698
QAP,2888,80,31698
QAP,2889,80,31714
QAP,2890,80,31730
QAP,2891,80,31730
QAP,2892,80,31745
QAP,2893,80,31761
QAP,2894,80,31777
QAP,2895,80,31777
QAP,2896,80,31792
QAP,2897,80,31808
QAP,2898,80,31808
QAP,2899,80,31824
QAP,2900,80,31839
QAP,2901,80,31855
QAP,2902,80,31855
QAP,2903,80,31871
QAP,2904,80,31886
QAP,2905,80,31886
QAP,2906,80,31902
QAP,2907,80,31918
QAP,2908,80,31933
QAP,2909,80,31933
QAP,2910,80,31949
QAP,2911,80,31965
QAP,2912,80,31965
QAP,2913,80,31981
QAP,2914,80,31996
QAP,2915,80,31996
QAP,2916,80,32012
QAP,2917,80,32028
QAP,2918,80,32043
QAP,2919,80,32043
QAP,2920,80,32059
QAP,2921,80,32075
QAP,2922,80,32075
QAP,2923,80,32090
QAP,2924,80,32106
QAP,2925,80,32106
QAP,2926,80,32122
QAP,2927,80,32138
QAP,2928,80,32153
QAP,2929,80,32153
QAP,2930,80,32169
QAP,2931,80,32185
QAP,2932,80,32185
QAP,2933,80,32201
QAP,2934,80,32216
QAP,2935,80,32216
QAP,2936,80,32232
QAP,2937,80,32248
QAP,2938,80,32263
QAP,2939,80,32263
QAP,2940,80,32279
QAP,2941,80,32295
QAP,2942,80,32295
QAP,2943,80,32311
QAP,2944,80,32326
QAP,2945,80,32326
QAP,2946,80,32342
QAP,2947,80,32358
QAP,2948,80,32374
QAP,2949,80,32374
QAP,2950,80,32389
QAP,2951,80,32405
QAP,2952,80,32405
QAP,2953,80,32421
QAP,2954,80,32436
QAP,2955,80,32436
QAP,2956,80,32452
QAP,2957,80,32468
QAP,2958,80,32484
QAP,2959,80,32484
QAP,2960,80,32499
QAP,2961,80,32515
QAP,2962,80,32515
QAP,2963,80,32531
QAP,2964,80,32546
QAP,2965,80,32546
QAP,2966,80,32562
QAP,2967,80,32578
QAP,2968,80,32593
QAP,2969,80,32593
QAP,2970,80,32609
QAP,2971,80,32625
QAP,2972,80,32625
QAP,2973,80,32641
QAP,2974,80,32660
QAP,2975,80,32664
QAP,2976,80,32672
QAP,2977,80,32688
QAP,2978,80,32704
QAP,2979,80,32704
QAP,2980,80,32719
QAP,2981,80,32735
QAP,2982,80,32735
QAP,2983,80,32751
QAP,2984,80,32766
QAP,2985,80,32782
QAP,2986,80,32782
QAP,2987,80,32798
QAP,2988,80,32813
QAP,2989,80,32813
QAP,2990,80,32829
QAP,2991,80,32845
QAP,2992,80,32845
QAP,2993,80,32861
QAP,2994,80,32876
QAP,2995,80,32892
QAP,2996,80,32892
QAP,2997,80,32908
QAP,2998,80,32923
QAP,2999,80,32923
QAP,3000,80,32939
QAP,3001,80,32955
QAP,3002,80,32955
QAP,3003,80,32971
QAP,3004,80,32986
QAP,3005,80,33002
QAP,3006,80,33002
QAP,3007,80,33018
QAP,3008,80,33033
QAP,3009,80,33033
QAP,3010,80,33049
QAP,3011,80,33065
QAP,3012,80,33065
QAP,3013,80,33081
QAP,3014,80,33096
QAP,3015,80,33096
QAP,3016,80,33112
QAP,3017,80,33128
QAP,3018,80,33144
QAP,3019,80,33144
QAP,3020,80,33159
QAP,3021,80,33175
QAP,3022,80,33175
QAP,3023,80,33191
QAP,3024,80,33206
QAP,3025,80,33206
QAP,3026,80,33222
QAP,3027,80,33238
QAP,3028,80,33254
QAP,3029,80,33254
QAP,3030,80,33269
QAP,3031,80,33285
QAP,3032,80,33285
QAP,3033,80,33301
QAP,3034,80,33316
QAP,3035,80,33316
QAP,3036,80,33332
QAP,3037,80,33348
QAP,3038,80,33363
QAP,3039,80,33363
QAP,3040,80,33379
QAP,3041,80,33395
QAP,3042,80,33395
QAP,3043,80,33410
QAP,3044,80,33426
QAP,3045,80,33426
QAP,3046,80,33442
QAP,3047,80,33458
QAP,3048,80,33473
QAP,3049,80,33473
QAP,3050,80,33489
QAP,3051,80,33505
QAP,3052,80,33505
QAP,3053,80,33520
QAP,3054,80,33536
QAP,3055,80,33536
QAP,3056,80,33552
QAP,3057,80,33568
QAP,3058,80,33583
QAP,3059,80,33583
QAP,3060,80,33599
QAP,3061,80,33615
QAP,3062,80,33615
QAP,3063,80,33630
QAP,3064,80,33646
QAP,3065,80,33646
QAP,3066,80,33662
QAP,3067,80,33678
QAP,3068,80,33693
QAP,3069,80,33693
QAP,3070,80,33709
QAP,3071,80,33725
QAP,3072,80,33725
QAP,3073,80,33740
QAP,3074,80,33756
QAP,3075,80,33756
QAP,3076,80,33772
QAP,3077,80,33788
QAP,3078,80,33803
QAP,3079,80,33803
QAP,3080,80,33827
QAP,3081,80,33835
QAP,3082,80,33835
QAP,3083,80,33850
QAP,3084,80,33866
QAP,3085,80,33882
QAP,3086,80,33882
QAP,3087,80,33897
QAP,3088,80,33913
QAP,3089,80,33913
QAP,3090,80,33929
QAP,3091,80,33944
QAP,3092,80,33944
QAP,3093,80,33960
QAP,3094,80,33976
QAP,3095,80,33992
QAP,3096,80,33992
QAP,3097,80,34007
QAP,3098,80,34023
QAP,3099,80,34023
QAP,3100,80,34039
QAP,3101,80,34054
QAP,3102,80,34054
QAP,3103,80,34070
QAP,3104,80,34086
QAP,3105,80,34101
QAP,3106,80,34101
QAP,3107,80,34117
QAP,3108,80,34133
QAP,3109,80,34133
QAP,3110,80,34149
QAP,3111,80,34164
QAP,3112,80,34164
QAP,3113,80,34180
QAP,3114,80,34196
QAP,3115,80,34211
QAP,3116,80,34211
QAP,3117,80,34227
QAP,3118,80,34243
QAP,3119,80,34243
QAP,3120,80,34259
QAP,3121,80,34274
QAP,3122,80,34274
QAP,3123,80,34290
QAP,3124,80,34306
QAP,3125,80,34321
QAP,3126,80,34321
QAP,3127,80,34337
QAP,3128,80,34353
QAP,3129,80,34353
QAP,3130,80,34369
QAP,3131,80,34384
QAP,3132,80,34384
QAP,3133,80,34400
QAP,3134,80,34416
QAP,3135,80,34416
QAP,3136,80,34431
QAP,3137,80,34447
QAP,3138,80,34463
QAP,3139,80,34463
QAP,3140,80,34479
QAP,3141,80,34494
QAP,3142,80,34494
QAP,3143,80,34510
QAP,3144,80,34526
QAP,3145,80,34526
QAP,3146,80,34542
QAP,3147,80,34557
QAP,3148,80,34573
QAP,3149,80,34573
QAP,3150,80,34589
QAP,3151,80,34605
QAP,3152,80,34605
QAP,3153,80,34620
QAP,3154,80,34636
QAP,3155,80,34652
QAP,3156,80,34652
QAP,3157,80,34667
QAP,3158,80,34683
QAP,3159,80,34683
QAP,3160,80,34699
QAP,3161,80,34715
QAP,3162,80,34730
QAP,3163,80,34730
QAP,3164,80,34746
QAP,3165,80,34762
QAP,3166,80,34762
QAP,3167,80,34777
QAP,3168,80,34793
QAP,3169,80,34809
QAP,3170,80,34809
QAP,3171,80,34825
QAP,3172,80,34840
QAP,3173,80,34840
QAP,3174,80,34856
QAP,3175,80,34872
QAP,3176,80,34887
QAP,3177,80,34887
QAP,3178,80,34903
QAP,3179,80,34919
QAP,3180,80,34919
QAP,3181,80,34934
QAP,3182,80,34950
QAP,3183,80,34950
QAP,3184,80,34966
QAP,3185,80,34982
QAP,3186,80,34997
QAP,3187,80,34997
QAP,3188,80,35013
QAP,3189,80,35029
QAP,3190,80,35029
QAP,3191,80,35044
QAP,3192,80,35060
QAP,3193,80,35060
QAP,3194,80,35076
QAP,3195,80,35091
QAP,3196,80,35107
QAP,3197,80,35107
QAP,3198,80,35123
QAP,3199,80,35138
QAP,3200,80,35138
QAP,3201,80,35154
QAP,3202,80,35170
QAP,3203,80,35170
QAP,3204,80,35185
QAP,3205,80,35201
QAP,3206,80,35217
QAP,3207,80,35217
QAP,3208,80,35233
QAP,3209,80,35249
QAP,3210,80,35249
QAP,3211,80,35264
QAP,3212,80,35280
QAP,3213,80,35280
QAP,3214,80,35296
QAP,3215,80,35311
QAP,3216,80,35311
QAP,3217,80,35327
QAP,3218,80,35343
QAP,3219,80,35358
QAP,3220,80,35358
QAP,3221,80,35374
QAP,3222,80,35393
QAP,3223,80,35398
QAP,3224,80,35405
QAP,3225,80,35421
QAP,3226,80,35437
QAP,3227,80,35437
QAP,3228,80,35453
QAP,3229,80,35468
QAP,3230,80,35468
QAP,3231,80,35484
QAP,3232,80,35500
QAP,3233,80,35500
QAP,3234,80,35515
QAP,3235,80,35531
QAP,3236,80,35547
QAP,3237,80,35547
QAP,3238,80,35563
QAP,3239,80,35578
QAP,3240,80,35578
QAP,3241,80,35594
QAP,3242,80,35610
QAP,3243,80,35610
QAP,3244,80,35625
QAP,3245,80,35641
QAP,3246,80,35657
QAP,3247,80,35657
QAP,3248,80,35673
QAP,3249,80,35688
QAP,3250,80,35688
QAP,3251,80,35704
QAP,3252,80,35720
QAP,3253,80,35720
QAP,3254,80,35735
QAP,3255,80,35751
QAP,3256,80,35767
QAP,3257,80,35767
QAP,3258,80,35782
QAP,3259,80,35798
QAP,3260,80,35798
QAP,3261,80,35814
QAP,3262,80,35829
QAP,3263,80,35845
QAP,3264,80,35845
QAP,3265,80,35861
QAP,3266,80,35876
QAP,3267,80,35876
QAP,3268,80,35892
QAP,3269,80,35908
QAP,3270,80,35908
QAP,3271,80,35924
QAP,3272,80,35939
QAP,3273,80,35939
QAP,3274,80,35955
QAP,3275,80,35971
QAP,3276,80,35987
QAP,3277,80,35987
QAP,3278,80,36002
QAP,3279,80,36018
QAP,3280,80,36018
QAP,3281,80,36034
QAP,3282,80,36049
QAP,3283,80,36049
QAP,3284,80,36065
QAP,3285,80,36081
QAP,3286,80,36097
QAP,3287,80,36097
QAP,3288,80,36112
QAP,3289,80,36128
QAP,3290,80,36128
QAP,3291,80,36144
QAP,3292,80,36159
QAP,3293,80,36159
QAP,3294,80,36175
QAP,3295,80,36191
QAP,3296,80,36207
QAP,3297,80,36207
QAP,3298,80,36222
QAP,3299,80,36238
QAP,3300,80,36238
QAP,3301,80,36254
QAP,3302,80,36269
QAP,3303,80,36269
QAP,3304,80,36285
QAP,3305,80,36301
QAP,3306,80,36316
QAP,3307,80,36316
QAP,3308,80,36332
QAP,3309,80,36348
QAP,3310,80,36348
QAP,3311,80,36364
QAP,3312,80,36379
QAP,3313,80,36379
QAP,3314,80,36395
QAP,3315,80,36411
QAP,3316,80,36427
QAP,3317,80,36427
QAP,3318,80,36442
QAP,3319,80,36458
QAP,3320,80,36458
QAP,3321,80,36474
QAP,3322,80,36490
QAP,3323,80,36490
QAP,3324,80,36505
QAP,3325,80,36521
QAP,3326,80,36537
QAP,3327,80,36537
QAP,3328,80,36553
QAP,3329,80,36568
QAP,3330,80,36568
QAP,3331,80,36584
QAP,3332,80,36600
QAP,3333,80,36600
QAP,3334,80,36616
QAP,3335,80,36631
QAP,3336,80,36647
QAP,3337,80,36647
QAP,3338,80,36663
QAP,3339,80,36679
QAP,3340,80,36679
QAP,3341,80,36694
QAP,3342,80,36710
QAP,3343,80,36710
QAP,3344,80,36726
QAP,3345,80,36741
QAP,3346,80,36757
QAP,3347,80,36766
QAP,3348,80,36773
QAP,3349,80,36789
QAP,3350,80,36789
QAP,3351,80,36804
QAP,3352,80,36820
QAP,3353,80,36836
QAP,3354,80,36836
QAP,3355,80,36851
QAP,3356,80,36867
QAP,3357,80,36867
QAP,3358,80,36883
QAP,3359,80,36899
QAP,3360,80,36914
QAP,3361,80,36914
QAP,3362,80,36930
QAP,3363,80,36946
QAP,3364,80,36946
QAP,3365,80,36961
QAP,3366,80,36977
QAP,3367,80,36977
QAP,3368,80,36993
QAP,3369,80,37009
QAP,3370,80,37024
QAP,3371,80,37024
QAP,3372,80,37040
QAP,3373,80,37056
QAP,3374,80,37056
QAP,3375,80,37071
QAP,3376,80,37087
QAP,3377,80,37087
QAP,3378,80,37103
QAP,3379,80,37118
QAP,3380,80,37134
QAP,3381,80,37134
QAP,3382,80,37150
QAP,3383,80,37166
QAP,3384,80,37166
QAP,3385,80,37181
QAP,3386,80,37197
QAP,3387,80,37197
QAP,3388,80,37213
QAP,3389,80,37228
QAP,3390,80,37244
QAP,3391,80,37244
QAP,3392,80,37260
QAP,3393,80,37275
QAP,3394,80,37275
QAP,3395,80,37291
QAP,3396,80,37307
QAP,3397,80,37323
QAP,3398,80,37323
QAP,3399,80,37338
QAP,3400,80,37354
QAP,3401,80,37354
QAP,3402,80,37370
QAP,3403,80,37385
QAP,3404,80,37401
QAP,3405,80,37401
QAP,3406,80,37417
QAP,3407,80,37432
QAP,3408,80,37432
QAP,3409,80,37448
QAP,3410,80,37464
QAP,3411,80,37464
QAP,3412,80,37479
QAP,3413,80,37495
QAP,3414,80,37511
QAP,3415,80,37511
QAP,3416,80,37526
QAP,3417,80,37542
QAP,3418,80,37542
QAP,3419,80,37558
QAP,3420,80,37574
QAP,3421,80,37574
QAP,3422,80,37589
QAP,3423,80,37605
QAP,3424,80,37621
QAP,3425,80,37621
QAP,3426,80,37636
QAP,3427,80,37652
QAP,3428,80,37652
QAP,3429,80,37668
QAP,3430,80,37683
QAP,3431,80,37683
QAP,3432,80,37699
QAP,3433,80,37715
QAP,3434,80,37731
QAP,3435,80,37731
QAP,3436,80,37746
QAP,3437,80,37762
QAP,3438,80,37762
QAP,3439,80,37778
QAP,3440,80,37793
QAP,3441,80,37793
QAP,3442,80,37809
QAP,3443,80,37825
QAP,3444,80,37841
QAP,3445,80,37841
QAP,3446,80,37856
QAP,3447,80,37872
QAP,3448,80,37872
QAP,3449,80,37888
QAP,3450,80,37904
QAP,3451,80,37919
QAP,3452,80,37919
QAP,3453,80,37935
QAP,3454,80,37951
QAP,3455,80,37951
QAP,3456,80,37966
QAP,3457,80,37982
QAP,3458,80,37998
QAP,3459,80,37998
QAP,3460,80,38014
QAP,3461,80,38029
QAP,3462,80,38029
QAP,3463,80,38045
QAP,3464,80,38061
QAP,3465,80,38061
QAP,3466,80,38076
QAP,3467,80,38092
QAP,3468,80,38092
QAP,3469,80,38116
QAP,3470,80,38124
QAP,3471,80,38139
QAP,3472,80,38139
QAP,3473,80,38155
QAP,3474,80,38171
QAP,3475,80,38171
QAP,3476,80,38187
QAP,3477,80,38202
QAP,3478,80,38218
QAP,3479,80,38218
QAP,3480,80,38234
QAP,3481,80,38249
QAP,3482,80,38249
QAP,3483,80,38265
QAP,3484,80,38281
QAP,3485,80,38297
QAP,3486,80,38297
QAP,3487,80,38312
QAP,3488,80,38328
QAP,3489,80,38328
QAP,3490,80,38344
QAP,3491,80,38359
QAP,3492,80,38359
QAP,3493,80,38375
QAP,3494,80,38391
QAP,3495,80,38407
QAP,3496,80,38407
QAP,3497,80,38422
QAP,3498,80,38438
QAP,3499,80,38438
QAP,3500,80,38454
QAP,3501,80,38469
QAP,3502,80,38469
QAP,3503,80,38485
QAP,3504,80,38501
QAP,3505,80,38517
QAP,3506,80,38517
QAP,3507,80,38532
QAP,3508,80,38548
QAP,3509,80,38548
QAP,3510,80,38564
QAP,3511,80,38579
QAP,3512,80,38579
QAP,3513,80,38595
QAP,3514,80,38611
QAP,3515,80,38626
QAP,3516,80,38626
QAP,3517,80,38642
QAP,3518,80,38658
QAP,3519,80,38658
QAP,3520,80,38673
QAP,3521,80,38689
QAP,3522,80,38705
QAP,3523,80,38705
QAP,3524,80,38720
QAP,3525,80,38736
QAP,3526,80,38736
QAP,3527,80,38752
QAP,3528,80,38768
QAP,3529,80,38783
QAP,3530,80,38783
QAP,3531,80,38799
QAP,3532,80,38815
QAP,3533,80,38815
QAP,3534,80,38838
QAP,3535,80,38846
QAP,3536,80,38846
QAP,3537,80,38862
QAP,3538,80,38878
QAP,3539,80,38893
QAP,3540,80,38893
QAP,3541,80,38909
QAP,3542,80,38925
QAP,3543,80,38925
QAP,3544,80,38941
QAP,3545,80,38956
QAP,3546,80,38972
QAP,3547,80,38972
QAP,3548,80,38988
QAP,3549,80,39004
QAP,3550,80,39004
QAP,3551,80,39019
QAP,3552,80,39035
QAP,3553,80,39051
QAP,3554,80,39051
QAP,3555,80,39066
QAP,3556,80,39082
QAP,3557,80,39082
QAP,3558,80,39098
QAP,3559,80,39113
QAP,3560,80,39129
QAP,3561,80,39129
QAP,3562,80,39145
QAP,3563,80,39160
QAP,3564,80,39160
QAP,3565,80,39176
QAP,3566,80,39192
QAP,3567,80,39192
QAP,3568,80,39207
QAP,3569,80,39223
QAP,3570,80,39239
QAP,3571,80,39239
QAP,3572,80,39255
QAP,3573,80,39270
QAP,3574,80,39270
QAP,3575,80,39286
QAP,3576,80,39302
QAP,3577,80,39302
QAP,3578,80,39317
QAP,3579,80,39333
QAP,3580,80,39349
QAP,3581,80,39349
QAP,3582,80,39365
QAP,3583,80,39380
QAP,3584,80,39380
QAP,3585,80,39396
QAP,3586,80,39412
QAP,3587,80,39427
QAP,3588,80,39427
QAP,3589,80,39443
QAP,3590,80,39459
QAP,3591,80,39459
QAP,3592,80,39482
QAP,3593,80,39490
QAP,3594,80,39490
QAP,3595,80,39506
QAP,3596,80,39521
QAP,3597,80,39537
QAP,3598,80,39537
QAP,3599,80,39553
QAP,3600,80,39569
QAP,3601,80,39569
QAP,3602,80,39584
QAP,3603,80,39600
QAP,3604,80,39600
QAP,3605,80,39616
QAP,3606,80,39631
QAP,3607,80,39647
QAP,3608,80,39647
QAP,3609,80,39663
QAP,3610,80,39679
QAP,3611,80,39679
QAP,3612,80,39694
QAP,3613,80,39710
QAP,3614,80,39726
QAP,3615,80,39726
QAP,3616,80,39741
QAP,3617,80,39757
QAP,3618,80,39757
QAP,3619,80,39773
QAP,3620,80,39788
QAP,3621,80,39804
QAP,3622,80,39804
QAP,3623,80,39820
QAP,3624,80,39835
QAP,3625,80,39835
QAP,3626,80,39851
QAP,3627,80,39867
QAP,3628,80,39883
QAP,3629,80,39883
QAP,3630,80,39898
QAP,3631,80,39914
QAP,3632,80,39914
QAP,3633,80,39930
QAP,3634,80,39945
QAP,3635,80,39961
QAP,3636,80,39961
QAP,3637,80,39977
QAP,3638,80,39993
QAP,3639,80,39993
QAP,3640,80,40008
QAP,3641,80,40024
QAP,3642,80,40024
QAP,3643,80,40040
QAP,3644,80,40056
QAP,3645,80,40071
QAP,3646,80,40071
QAP,3647,80,40087
QAP,3648,80,40103
QAP,3649,80,40103
QAP,3650,80,40118
QAP,3651,80,40134
QAP,3652,80,40134
QAP,3653,80,40150
QAP,3654,80,40165
QAP,3655,80,40181
QAP,3656,80,40181
QAP,3657,80,40197
QAP,3658,80,40213
QAP,3659,80,40213
QAP,3660,80,40228
QAP,3661,80,40244
QAP,3662,80,40260
QAP,3663,80,40260
QAP,3664,80,40275
QAP,3665,80,40291
QAP,3666,80,40291
QAP,3667,80,40307
QAP,3668,80,40323
QAP,3669,80,40323
QAP,3670,80,40338
QAP,3671,80,40354
QAP,3672,80,40370
QAP,3673,80,40370
QAP,3674,80,40385
QAP,3675,80,40401
QAP,3676,80,40401
QAP,3677,80,40417
QAP,3678,80,40432
QAP,3679,80,40432
QAP,3680,80,40448
QAP,3681,80,40464
QAP,3682,80,40479
QAP,3683,80,40479
QAP,3684,80,40495
QAP,3685,80,40511
QAP,3686,80,40511
QAP,3687,80,40527
QAP,3688,80,40542
QAP,3689,80,40542
QAP,3690,80,40558
QAP,3691,80,40574
QAP,3692,80,40590
QAP,3693,80,40590
QAP,3694,80,40605
QAP,3695,80,40621
QAP,3696,80,40621
QAP,3697,80,40637
QAP,3698,80,40652
QAP,3699,80,40652
QAP,3700,80,40668
QAP,3701,80,40684
QAP,3702,80,40700
QAP,3703,80,40700
QAP,3704,80,40715
QAP,3705,80,40731
QAP,3706,80,40731
QAP,3707,80,40747
QAP,3708,80,40762
QAP,3709,80,40778
QAP,3710,80,40778
QAP,3711,80,40794
QAP,3712,80,40809
QAP,3713,80,40809
QAP,3714,80,40825
QAP,3715,80,40847
QAP,3716,80,40857
QAP,3717,80,40857
QAP,3718,80,40872
QAP,3719,80,40888
QAP,3720,80,40888
QAP,3721,80,40904
QAP,3722,80,40920
QAP,3723,80,40935
QAP,3724,80,40935
QAP,3725,80,40951
QAP,3726,80,40967
QAP,3727,80,40967
QAP,3728,80,40983
QAP,3729,80,40998
QAP,3730,80,40998
QAP,3731,80,41014
QAP,3732,80,41030
QAP,3733,80,41046
QAP,3734,80,41046
QAP,3735,80,41061
QAP,3736,80,41077
QAP,3737,80,41077
QAP,3738,80,41093
QAP,3739,80,41109
QAP,3740,80,41109
QAP,3741,80,41124
QAP,3742,80,41140
QAP,3743,80,41156
QAP,3744,80,41156
QAP,3745,80,41171
QAP,3746,80,41187
QAP,3747,80,41187
QAP,3748,80,41203
QAP,3749,80,41218
QAP,3750,80,41218
QAP,3751,80,41234
QAP,3752,80,41250
QAP,3753,80,41265
QAP,3754,80,41265
QAP,3755,80,41281
QAP,3756,80,41297
QAP,3757,80,41297
QAP,3758,80,41313
QAP,3759,80,41328
QAP,3760,80,41344
QAP,3761,80,41344
QAP,3762,80,41360
QAP,3763,80,41375
QAP,3764,80,41375
QAP,3765,80,41391
QAP,3766,80,41407
QAP,3767,80,41407
QAP,3768,80,41423
QAP,3769,80,41438
QAP,3770,80,41438
QAP,3771,80,41454
QAP,3772,80,41470
QAP,3773,80,41486
QAP,3774,80,41486
QAP,3775,80,41502
QAP,3776,80,41517
QAP,3777,80,41517
QAP,3778,80,41533
QAP,3779,80,41548
QAP,3780,80,41548
QAP,3781,80,41564
QAP,3782,80,41580
QAP,3783,80,41596
QAP,3784,80,41596
QAP,3785,80,41611
QAP,3786,80,41627
QAP,3787,80,41627
QAP,3788,80,41643
QAP,3789,80,41658
QAP,3790,80,41658
QAP,3791,80,41674
QAP,3792,80,41690
QAP,3793,80,41706
QAP,3794,80,41706
QAP,3795,80,41721
QAP,3796,80,41737
QAP,3797,80,41737
QAP,3798,80,41753
QAP,3799,80,41768
QAP,3800,80,41768
QAP,3801,80,41784
QAP,3802,80,41800
QAP,3803,80,41816
QAP,3804,80,41816
QAP,3805,80,41831
QAP,3806,80,41847
QAP,3807,80,41847
QAP,3808,80,41863
QAP,3809,80,41879
QAP,3810,80,41879
QAP,3811,80,41894
QAP,3812,80,41910
QAP,3813,80,41926
QAP,3814,80,41926
QAP,3815,80,41941
QAP,3816,80,41957
QAP,3817,80,41957
QAP,3818,80,41973
QAP,3819,80,41988
QAP,3820,80,41988
QAP,3821,80,42004
QAP,3822,80,42020
QAP,3823,80,42035
QAP,3824,80,42035
QAP,3825,80,42051
QAP,3826,80,42067
QAP,3827,80,42067
QAP,3828,80,42083
QAP,3829,80,42098
QAP,3830,80,42098
QAP,3831,80,42114
QAP,3832,80,42130
QAP,3833,80,42145
QAP,3834,80,42145
QAP,3835,80,42161
QAP,3836,80,42177
QAP,3837,80,42177
QAP,3838,80,42192
QAP,3839,80,42212
QAP,3840,80,42216
QAP,3841,80,42224
QAP,3842,80,42240
QAP,3843,80,42255
QAP,3844,80,42255
QAP,3845,80,42271
QAP,3846,80,42287
QAP,3847,80,42287
QAP,3848,80,42312
QAP,3849,80,42322
QAP,3850,80,42334
QAP,3851,80,42343
QAP,3852,80,42355
QAP,3853,80,42367
QAP,3854,80,42377
QAP,3855,80,42388
QAP,3856,80,42399
QAP,3857,80,42410
QAP,3858,80,42421
QAP,3859,80,42432
QAP,3860,80,42444
QAP,3861,80,42455
QAP,3862,80,42466
QAP,3863,80,42477
QAP,3864,80,42489
QAP,3865,80,42500
QAP,3866,80,42512
QAP,3867,80,42523
QAP,3868,80,42534
QAP,3869,80,42546
QAP,3870,80,42558
QAP,3871,80,42569
QAP,3872,80,42579
QAP,3873,80,42590
QAP,3874,80,42602
QAP,3875,80,42613
QAP,3876,80,42624
QAP,3877,80,42635
QAP,3878,80,42646
QAP,3879,80,42657
QAP,3880,80,42669
QAP,3881,80,42680
QAP,3882,80,42691
QAP,3883,80,42703
QAP,3884,80,42714
QAP,3885,80,42724
QAP,3886,80,42735
QAP,3887,80,42747
QAP,3888,80,42758
QAP,3889,80,42769
QAP,3890,80,42779
QAP,3891,80,42791
QAP,3892,80,42802
QAP,3893,80,42813
QAP,3894,80,42825
QAP,3895,80,42836
QAP,3896,80,42847
QAP,3897,80,42859
QAP,3898,80,42869
QAP,3899,80,42880
QAP,3900,80,42892
QAP,3901,80,42904
QAP,3902,80,42914
QAP,3903,80,42926
QAP,3904,80,42938
QAP,3905,80,42948
QAP,3906,80,42959
QAP,3907,80,42970
QAP,3908,80,42981
QAP,3909,80,42992
QAP,3910,80,43003
QAP,3911,80,43014
QAP,3912,80,43026
QAP,3913,80,43035
QAP,3914,80,43047
QAP,3915,80,43057
QAP,3916,80,43069
QAP,3917,80,43081
QAP,3918,80,43092
QAP,3919,80,43102
QAP,3920,80,43114
QAP,3921,80,43124
QAP,3922,80,43136
QAP,3923,80,43147
QAP,3924,80,43158
QAP,3925,80,43169
QAP,3926,80,43180
QAP,3927,80,43191
QAP,3928,80,43202
QAP,3929,80,43213
QAP,3930,80,43224
QAP,3931,80,43235
QAP,3932,80,43245
QAP,3933,80,43256
QAP,3934,80,43268
QAP,3935,80,43278
QAP,3936,80,43289
QAP,3937,80,43302
QAP,3938,80,43313
QAP,3939,80,43324
QAP,3940,80,43335
QAP,3941,80,43347
QAP,3942,80,43359
QAP,3943,80,43370
QAP,3944,80,43380
QAP,3945,80,43392
QAP,3946,80,43403
QAP,3947,80,43414
QAP,3948,80,43424
QAP,3949,80,43437
QAP,3950,80,43447
QAP,3951,80,43460
QAP,3952,80,43471
QAP,3953,80,43481
QAP,3954,80,43492
QAP,3955,80,43503
QAP,3956,80,43513
QAP,3957,80,43525
QAP,3958,80,43536
QAP,3959,80,43547
QAP,3960,80,43558
QAP,3961,80,43571
QAP,3962,80,43582
QAP,3963,80,43594
QAP,3964,80,43604
QAP,3965,80,43615
QAP,3966,80,43628
QAP,3967,80,43639
QAP,3968,80,43649
QAP,3969,80,43660
QAP,3970,80,43671
QAP,3971,80,43682
QAP,3972,80,43692
QAP,3973,80,43703
QAP,3974,80,43715
QAP,3975,80,43726
QAP,3976,80,43736
QAP,3977,80,43747
QAP,3978,80,43758
QAP,3979,80,43770
QAP,3980,80,43782
QAP,3981,80,43793
QAP,3982,80,43803
QAP,3983,80,43815
QAP,3984,80,43826
QAP,3985,80,43840
QAP,3986,80,43850
QAP,3987,80,43862
QAP,3988,80,43873
QAP,3989,80,43883
QAP,3990,80,43895
QAP,3991,80,43905
QAP,3992,80,43916
QAP,3993,80,43928
QAP,3994,80,43939
QAP,3995,80,43950
QAP,3996,80,43961
QAP,3997,80,43972
QAP,3998,80,43984
QAP,3999,80,43995
QAP,4000,80,44006
QAP,4001,80,44017
QAP,4002,80,44029
QAP,4003,80,44040
QAP,4004,80,44051
QAP,4005,80,44063
QAP,4006,80,44074
QAP,4007,80,44084
QAP,4008,80,44097
QAP,4009,80,44107
QAP,4010,80,44118
QAP,4011,80,44130
QAP,4012,80,44140
QAP,4013,80,44152
QAP,4014,80,44163
QAP,4015,80,44173
QAP,4016,80,44184
QAP,4017,80,44195
QAP,4018,80,44206
QAP,4019,80,44217
QAP,4020,80,44229
QAP,4021,80,44240
QAP,4022,80,44251
QAP,4023,80,44261
QAP,4024,80,44273
QAP,4025,80,44284
QAP,4026,80,44295
QAP,4027,80,44307
QAP,4028,80,44317
QAP,4029,80,44328
QAP,4030,80,44339
QAP,4031,80,44351
QAP,4032,80,44362
QAP,4033,80,44373
QAP,4034,80,44384
QAP,4035,80,44395
QAP,4036,80,44405
QAP,4037,80,44417
QAP,4038,80,44428
QAP,4039,80,44439
QAP,4040,80,44451
QAP,4041,80,44461
QAP,4042,80,44472
QAP,4043,80,44484
QAP,4044,80,44495
QAP,4045,80,44505
QAP,4046,80,44517
QAP,4047,80,44528
QAP,4048,80,44538
QAP,4049,80,44550
QAP,4050,80,44561
QAP,4051,80,44572
QAP,4052,80,44584
QAP,4053,80,44594
QAP,4054,80,44605
QAP,4055,80,44615
QAP,4056,80,44628
QAP,4057,80,44637
QAP,4058,80,44648
QAP,4059,80,44660
QAP,4060,80,44671
QAP,4061,80,44682
QAP,4062,80,44694
QAP,4063,80,44705
QAP,4064,80,44715
QAP,4065,80,44727
QAP,4066,80,44737
QAP,4067,80,44748
QAP,4068,80,44759
QAP,4069,80,44770
QAP,4070,80,44782
QAP,4071,80,44791
QAP,4072,80,44803
QAP,4073,80,44815
QAP,4074,80,44826
QAP,4075,80,44839
QAP,4076,80,44849
QAP,4077,80,44860
QAP,4078,80,44871
QAP,4079,80,44882
QAP,4080,80,44893
QAP,4081,80,44904
QAP,4082,80,44916
QAP,4083,80,44927
QAP,4084,80,44938
QAP,4085,80,44949
QAP,4086,80,44961
QAP,4087,80,44971
QAP,4088,80,44982
QAP,4089,80,44994
QAP,4090,80,45005
QAP,4091,80,45016
QAP,4092,80,45027
QAP,4093,80,45039
QAP,4094,80,45049
QAP,4095,80,45060
QAP,4096,80,45071
QAP,4097,80,45082
QAP,4098,80,45095
QAP,4099,80,45106
QAP,4100,80,45116
QAP,4101,80,45127
QAP,4102,80,45139
QAP,4103,80,45150
QAP,4104,80,45162
QAP,4105,80,45173
QAP,4106,80,45184
QAP,4107,80,45195
QAP,4108,80,45205
QAP,4109,80,45216
QAP,4110,80,45228
QAP,4111,80,45238
QAP,4112,80,45250
QAP,4113,80,45262
QAP,4114,80,45272
QAP,4115,80,45283
QAP,4116,80,45294
QAP,4117,80,45306
QAP,4118,80,45315
QAP,4119,80,45326
QAP,4120,80,45339
QAP,4121,80,45349
QAP,4122,80,45361
QAP,4123,80,45372
QAP,4124,80,45383
QAP,4125,80,45394
QAP,4126,80,45406
QAP,4127,80,45416
QAP,4128,80,45427
QAP,4129,80,45438
QAP,4130,80,45450
QAP,4131,80,45461
QAP,4132,80,45471
QAP,4133,80,45483
QAP,4134,80,45494
QAP,4135,80,45505
QAP,4136,80,45517
QAP,4137,80,45527
QAP,4138,80,45537
QAP,4139,80,45548
QAP,4140,80,45561
QAP,4141,80,45573
QAP,4142,80,45583
QAP,4143,80,45594
QAP,4144,80,45605
QAP,4145,80,45617
QAP,4146,80,45628
QAP,4147,80,45639
QAP,4148,80,45650
QAP,4149,80,45661
QAP,4150,80,45672
QAP,4151,80,45683
QAP,4152,80,45696
QAP,4153,80,45705
QAP,4154,80,45717
QAP,4155,80,45729
QAP,4156,80,45740
QAP,4157,80,45750
QAP,4158,80,45762
QAP,4159,80,45772
QAP,4160,80,45783
QAP,4161,80,45795
QAP,4162,80,45805
QAP,4163,80,45816
QAP,4164,80,45827
QAP,4165,80,45838
QAP,4166,80,45850
QAP,4167,80,45860
QAP,4168,80,45872
QAP,4169,80,45884
QAP,4170,80,45895
QAP,4171,80,45907
QAP,4172,80,45918
QAP,4173,80,45929
QAP,4174,80,45941
QAP,4175,80,45952
QAP,4176,80,45962
QAP,4177,80,45974
QAP,4178,80,45986
QAP,4179,80,45996
QAP,4180,80,46008
QAP,4181,80,46019
QAP,4182,80,46029
QAP,4183,80,46040
QAP,4184,80,46051
QAP,4185,80,46062
QAP,4186,80,46073
QAP,4187,80,46085
QAP,4188,80,46096
QAP,4189,80,46106
QAP,4190,80,46118
QAP,4191,80,46129
QAP,4192,80,46139
QAP,4193,80,46150
QAP,4194,80,46161
QAP,4195,80,46174
QAP,4196,80,46184
QAP,4197,80,46195
QAP,4198,80,46206
QAP,4199,80,46217
QAP,4200,80,46229
QAP,4201,80,46241
QAP,4202,80,46252
QAP,4203,80,46262
QAP,4204,80,46273
QAP,4205,80,46284
QAP,4206,80,46297
QAP,4207,80,46307
QAP,4208,80,46318
QAP,4209,80,46321
QAP,4210,80,46337
QAP,4211,80,46353
QAP,4212,80,46353
QAP,4213,80,46368
QAP,4214,80,46384
QAP,4215,80,46384
QAP,4216,80,46399
QAP,4217,80,46415
QAP,4218,80,46415
QAP,4219,80,46431
QAP,4220,80,46447
QAP,4221,80,46462
QAP,4222,80,46462
QAP,4223,80,46478
QAP,4224,80,46493
QAP,4225,80,46493
QAP,4226,80,46509
QAP,4227,80,46525
QAP,4228,80,46541
QAP,4229,80,46541
QAP,4230,80,46556
QAP,4231,80,46572
QAP,4232,80,46572
QAP,4233,80,46588
QAP,4234,80,46603
QAP,4235,80,46619
QAP,4236,80,46619
QAP,4237,80,46635
QAP,4238,80,46650
QAP,4239,80,46650
QAP,4240,80,46666
QAP,4241,80,46682
QAP,4242,80,46697
QAP,4243,80,46697
QAP,4244,80,46713
QAP,4245,80,46729
QAP,4246,80,46729
QAP,4247,80,46744
QAP,4248,80,46760
QAP,4249,80,46776
QAP,4250,80,46776
QAP,4251,80,46791
QAP,4252,80,46807
QAP,4253,80,46807
QAP,4254,80,46823
QAP,4255,80,46838
QAP,4256,80,46854
QAP,4257,80,46854
QAP,4258,80,46870
QAP,4259,80,46886
QAP,4260,80,46886
QAP,4261,80,46901
QAP,4262,80,46917
QAP,4263,80,46933
QAP,4264,80,46933
QAP,4265,80,46948
QAP,4266,80,46964
QAP,4267,80,46964
QAP,4268,80,46980
QAP,4269,80,46995
QAP,4270,80,47011
QAP,4271,80,47011
QAP,4272,80,47027
QAP,4273,80,47043
QAP,4274,80,47043
QAP,4275,80,47058
QAP,4276,80,47074
QAP,4277,80,47074
QAP,4278,80,47090
QAP,4279,80,47106
QAP,4280,80,47121
QAP,4281,80,47121
QAP,4282,80,47137
QAP,4283,80,47153
QAP,4284,80,47153
QAP,4285,80,47168
QAP,4286,80,47184
QAP,4287,80,47184
QAP,4288,80,47200
QAP,4289,80,47215
QAP,4290,80,47231
QAP,4291,80,47231
QAP,4292,80,47247
QAP,4293,80,47263
QAP,4294,80,47263
QAP,4295,80,47278
QAP,4296,80,47294
QAP,4297,80,47294
QAP,4298,80,47310
QAP,4299,80,47325
QAP,4300,80,47341
QAP,4301,80,47341
QAP,4302,80,47357
QAP,4303,80,47372
QAP,4304,80,47372
QAP,4305,80,47388
QAP,4306,80,47404
QAP,4307,80,47404
QAP,4308,80,47420
QAP,4309,80,47435
QAP,4310,80,47451
QAP,4311,80,47451
QAP,4312,80,47467
QAP,4313,80,47482
QAP,4314,80,47482
QAP,4315,80,47498
QAP,4316,80,47514
QAP,4317,80,47514
QAP,4318,80,47529
QAP,4319,80,47545
QAP,4320,80,47561
QAP,4321,80,47561
QAP,4322,80,47576
QAP,4323,80,47592
QAP,4324,80,47592
QAP,4325,80,47608
QAP,4326,80,47624
QAP,4327,80,47624
QAP,4328,80,47639
QAP,4329,80,47660
QAP,4330,80,47671
QAP,4331,80,47671
QAP,4332,80,47687
QAP,4333,80,47703
QAP,4334,80,47703
QAP,4335,80,47718
QAP,4336,80,47734
QAP,4337,80,47734
QAP,4338,80,47750
QAP,4339,80,47765
QAP,4340,80,47781
QAP,4341,80,47781
QAP,4342,80,47797
QAP,4343,80,47812
QAP,4344,80,47812
QAP,4345,80,47828
QAP,4346,80,47844
QAP,4347,80,47859
QAP,4348,80,47859
QAP,4349,80,47875
QAP,4350,80,47891
QAP,4351,80,47891
QAP,4352,80,47906
QAP,4353,80,47922
QAP,4354,80,47922
QAP,4355,80,47938
QAP,4356,80,47954
QAP,4357,80,47969
QAP,4358,80,47969
QAP,4359,80,47985
QAP,4360,80,48001
QAP,4361,80,48001
QAP,4362,80,48016
QAP,4363,80,48032
QAP,4364,80,48032
QAP,4365,80,48048
QAP,4366,80,48064
QAP,4367,80,48079
QAP,4368,80,48079
QAP,4369,80,48095
QAP,4370,80,48111
QAP,4371,80,48111
QAP,4372,80,48126
QAP,4373,80,48142
QAP,4374,80,48142
QAP,4375,80,48158
QAP,4376,80,48173
QAP,4377,80,48189
QAP,4378,80,48189
QAP,4379,80,48205
QAP,4380,80,48221
QAP,4381,80,48221
QAP,4382,80,48236
QAP,4383,80,48252
QAP,4384,80,48252
QAP,4385,80,48268
QAP,4386,80,48284
QAP,4387,80,48299
QAP,4388,80,48299
QAP,4389,80,48315
QAP,4390,80,48331
QAP,4391,80,48331
QAP,4392,80,48346
QAP,4393,80,48362
QAP,4394,80,48362
QAP,4395,80,48378
QAP,4396,80,48394
QAP,4397,80,48409
QAP,4398,80,48409
QAP,4399,80,48425
QAP,4400,80,48441
QAP,4401,80,48441
QAP,4402,80,48457
QAP,4403,80,48472
QAP,4404,80,48488
QAP,4405,80,48488
QAP,4406,80,48504
QAP,4407,80,48519
QAP,4408,80,48519
QAP,4409,80,48535
QAP,4410,80,48551
QAP,4411,80,48566
QAP,4412,80,48566
QAP,4413,80,48582
QAP,4414,80,48598
QAP,4415,80,48598
QAP,4416,80,48614
QAP,4417,80,48629
QAP,4418,80,48629
QAP,4419,80,48645
QAP,4420,80,48661
QAP,4421,80,48676
QAP,4422,80,48676
QAP,4423,80,48692
QAP,4424,80,48708
QAP,4425,80,48708
QAP,4426,80,48723
QAP,4427,80,48739
QAP,4428,80,48755
QAP,4429,80,48755
QAP,4430,80,48771
QAP,4431,80,48786
QAP,4432,80,48786
QAP,4433,80,48802
QAP,4434,80,48818
QAP,4435,80,48818
QAP,4436,80,48833
QAP,4437,80,48849
QAP,4438,80,48866
QAP,4439,80,48872
QAP,4440,80,48881
QAP,4441,80,48896
QAP,4442,80,48896
QAP,4443,80,48912
QAP,4444,80,48928
QAP,4445,80,48943
QAP,4446,80,48943
QAP,4447,80,48959
QAP,4448,80,48975
QAP,4449,80,48975
QAP,4450,80,48990
QAP,4451,80,49006
QAP,4452,80,49022
QAP,4453,80,49022
QAP,4454,80,49037
QAP,4455,80,49053
QAP,4456,80,49053
QAP,4457,80,49069
QAP,4458,80,49084
QAP,4459,80,49100
QAP,4460,80,49100
QAP,4461,80,49116
QAP,4462,80,49131
QAP,4463,80,49131
QAP,4464,80,49147
QAP,4465,80,49163
QAP,4466,80,49163
QAP,4467,80,49178
QAP,4468,80,49194
QAP,4469,80,49210
QAP,4470,80,49210
QAP,4471,80,49225
QAP,4472,80,49241
QAP,4473,80,49241
QAP,4474,80,49257
QAP,4475,80,49273
QAP,4476,80,49273
QAP,4477,80,49288
QAP,4478,80,49304
QAP,4479,80,49320
QAP,4480,80,49320
QAP,4481,80,49335
QAP,4482,80,49351
QAP,4483,80,49367
QAP,4484,80,49367
QAP,4485,80,49383
QAP,4486,80,49398
QAP,4487,80,49398
QAP,4488,80,49414
QAP,4489,80,49430
QAP,4490,80,49430
QAP,4491,80,49445
QAP,4492,80,49461
QAP,4493,80,49477
QAP,4494,80,49477
QAP,4495,80,49492
QAP,4496,80,49508
QAP,4497,80,49508
QAP,4498,80,49524
QAP,4499,80,49539
QAP,4500,80,49539
QAP,4501,80,49555
QAP,4502,80,49571
QAP,4503,80,49587
QAP,4504,80,49587
QAP,4505,80,49602
QAP,4506,80,49618
QAP,4507,80,49618
QAP,4508,80,49634
QAP,4509,80,49650
QAP,4510,80,49665
QAP,4511,80,49665
QAP,4512,80,49681
QAP,4513,80,49697
QAP,4514,80,49697
QAP,4515,80,49712
QAP,4516,80,49728
QAP,4517,80,49728
QAP,4518,80,49744
QAP,4519,80,49760
QAP,4520,80,49775
QAP,4521,80,49775
QAP,4522,80,49791
QAP,4523,80,49807
QAP,4524,80,49807
QAP,4525,80,49822
QAP,4526,80,49838
QAP,4527,80,49838
QAP,4528,80,49854
QAP,4529,80,49870
QAP,4530,80,49885
QAP,4531,80,49885
QAP,4532,80,49901
QAP,4533,80,49917
QAP,4534,80,49917
QAP,4535,80,49933
QAP,4536,80,49948
QAP,4537,80,49964
QAP,4538,80,49964
QAP,4539,80,49980
QAP,4540,80,49995
QAP,4541,80,49995
QAP,4542,80,50011
QAP,4543,80,50027
QAP,4544,80,50043
QAP,4545,80,50043
QAP,4546,80,50058
QAP,4547,80,50074
QAP,4548,80,50074
QAP,4549,80,50089
QAP,4550,80,50105
QAP,4551,80,50105
QAP,4552,80,50121
QAP,4553,80,50137
QAP,4554,80,50152
QAP,4555,80,50152
QAP,4556,80,50168
QAP,4557,80,50184
QAP,4558,80,50184
QAP,4559,80,50199
QAP,4560,80,50215
QAP,4561,80,50215
QAP,4562,80,50231
QAP,4563,80,50246
QAP,4564,80,50262
QAP,4565,80,50262
QAP,4566,80,50278
QAP,4567,80,50293
QAP,4568,80,50293
QAP,4569,80,50309
QAP,4570,80,50325
QAP,4571,80,50340
QAP,4572,80,50340
QAP,4573,80,50356
QAP,4574,80,50372
QAP,4575,80,50372
QAP,4576,80,50396
QAP,4577,80,50403
QAP,4578,80,50403
QAP,4579,80,50419
QAP,4580,80,50435
QAP,4581,80,50450
QAP,4582,80,50450
QAP,4583,80,50466
QAP,4584,80,50482
QAP,4585,80,50482
QAP,4586,80,50497
QAP,4587,80,50513
QAP,4588,80,50513
QAP,4589,80,50529
QAP,4590,80,50545
QAP,4591,80,50560
QAP,4592,80,50560
QAP,4593,80,50576
QAP,4594,80,50592
QAP,4595,80,50592
QAP,4596,80,50607
QAP,4597,80,50623
QAP,4598,80,50639
QAP,4599,80,50639
QAP,4600,80,50655
QAP,4601,80,50670
QAP,4602,80,50670
QAP,4603,80,50686
QAP,4604,80,50702
QAP,4605,80,50702
QAP,4606,80,50718
QAP,4607,80,50734
QAP,4608,80,50734
QAP,4609,80,50749
QAP,4610,80,50765
QAP,4611,80,50781
QAP,4612,80,50781
QAP,4613,80,50796
QAP,4614,80,50812
QAP,4615,80,50812
QAP,4616,80,50828
QAP,4617,80,50843
QAP,4618,80,50859
QAP,4619,80,50859
QAP,4620,80,50875
QAP,4621,80,50890
QAP,4622,80,50906
QAP,4623,80,50906
QAP,4624,80,50922
QAP,4625,80,50937
QAP,4626,80,50937
QAP,4627,80,50953
QAP,4628,80,50969
QAP,4629,80,50985
QAP,4630,80,50985
QAP,4631,80,51000
QAP,4632,80,51016
QAP,4633,80,51016
QAP,4634,80,51032
QAP,4635,80,51047
QAP,4636,80,51047
QAP,4637,80,51063
QAP,4638,80,51078
QAP,4639,80,51094
QAP,4640,80,51094
QAP,4641,80,51110
QAP,4642,80,51126
QAP,4643,80,51126
QAP,4644,80,51141
QAP,4645,80,51157
QAP,4646,80,51157
QAP,4647,80,51173
QAP,4648,80,51188
QAP,4649,80,51204
QAP,4650,80,51204
QAP,4651,80,51220
QAP,4652,80,51236
QAP,4653,80,51236
QAP,4654,80,51251
QAP,4655,80,51267
QAP,4656,80,51267
QAP,4657,80,51283
QAP,4658,80,51298
QAP,4659,80,51314
QAP,4660,80,51314
QAP,4661,80,51330
QAP,4662,80,51346
QAP,4663,80,51346
QAP,4664,80,51361
QAP,4665,80,51377
QAP,4666,80,51377
QAP,4667,80,51393
QAP,4668,80,51408
QAP,4669,80,51408
QAP,4670,80,51424
QAP,4671,80,51440
QAP,4672,80,51456
QAP,4673,80,51456
QAP,4674,80,51471
QAP,4675,80,51487
QAP,4676,80,51487
QAP,4677,80,51503
QAP,4678,80,51518
QAP,4679,80,51518
QAP,4680,80,51534
QAP,4681,80,51550
QAP,4682,80,51565
QAP,4683,80,51565
QAP,4684,80,51581
QAP,4685,80,51597
QAP,4686,80,51597
QAP,4687,80,51613
QAP,4688,80,51628
QAP,4689,80,51628
QAP,4690,80,51644
QAP,4691,80,51660
QAP,4692,80,51675
QAP,4693,80,51675
QAP,4694,80,51691
QAP,4695,80,51707
QAP,4696,80,51707
QAP,4697,80,51723
QAP,4698,80,51742
QAP,4699,80,51746
QAP,4700,80,51754
QAP,4701,80,51770
QAP,4702,80,51785
QAP,4703,80,51785
QAP,4704,80,51801
QAP,4705,80,51817
QAP,4706,80,51817
QAP,4707,80,51833
QAP,4708,80,51848
QAP,4709,80,51864
QAP,4710,80,51864
QAP,4711,80,51880
QAP,4712,80,51895
QAP,4713,80,51895
QAP,4714,80,51911
QAP,4715,80,51927
QAP,4716,80,51942
QAP,4717,80,51942
QAP,4718,80,51958
QAP,4719,80,51974
QAP,4720,80,51974
QAP,4721,80,51990
QAP,4722,80,52005
QAP,4723,80,52021
QAP,4724,80,52021
QAP,4725,80,52037
QAP,4726,80,52052
QAP,4727,80,52052
QAP,4728,80,52068
QAP,4729,80,52084
QAP,4730,80,52084
QAP,4731,80,52099
QAP,4732,80,52115
QAP,4733,80,52131
QAP,4734,80,52131
QAP,4735,80,52146
QAP,4736,80,52162
QAP,4737,80,52162
QAP,4738,80,52178
QAP,4739,80,52193
QAP,4740,80,52209
QAP,4741,80,52209
QAP,4742,80,52225
QAP,4743,80,52240
QAP,4744,80,52240
QAP,4745,80,52256
QAP,4746,80,52272
QAP,4747,80,52272
QAP,4748,80,52287
QAP,4749,80,52303
QAP,4750,80,52319
QAP,4751,80,52319
QAP,4752,80,52334
QAP,4753,80,52350
QAP,4754,80,52350
QAP,4755,80,52366
QAP,4756,80,52382
QAP,4757,80,52382
QAP,4758,80,52397
QAP,4759,80,52413
QAP,4760,80,52429
QAP,4761,80,52429
QAP,4762,80,52445
QAP,4763,80,52460
QAP,4764,80,52460
QAP,4765,80,52476
QAP,4766,80,52492
QAP,4767,80,52492
QAP,4768,80,52507
QAP,4769,80,52523
QAP,4770,80,52539
QAP,4771,80,52539
QAP,4772,80,52554
QAP,4773,80,52570
QAP,4774,80,52570
QAP,4775,80,52586
QAP,4776,80,52602
QAP,4777,80,52602
QAP,4778,80,52617
QAP,4779,80,52633
QAP,4780,80,52649
QAP,4781,80,52649
QAP,4782,80,52664
QAP,4783,80,52680
QAP,4784,80,52680
QAP,4785,80,52696
QAP,4786,80,52716
QAP,4787,80,52742
QAP,4788,80,52742
QAP,4789,80,52758
QAP,4790,80,52774
QAP,4791,80,52774
QAP,4792,80,52790
QAP,4793,80,52805
QAP,4794,80,52821
QAP,4795,80,52821
QAP,4796,80,52837
QAP,4797,80,52852
QAP,4798,80,52868
QAP,4799,80,52868
QAP,4800,80,52884
QAP,4801,80,52900
QAP,4802,80,52900
QAP,4803,80,52916
QAP,4804,80,52931
QAP,4805,80,52947
QAP,4806,80,52947
QAP,4807,80,52963
QAP,4808,80,52978
QAP,4809,80,52978
QAP,4810,80,52994
QAP,4811,80,53010
QAP,4812,80,53025
QAP,4813,80,53025
QAP,4814,80,53041
QAP,4815,80,53057
QAP,4816,80,53057
QAP,4817,80,53072
QAP,4818,80,53088
QAP,4819,80,53105
QAP,4820,80,53119
QAP,4821,80,53119
QAP,4822,80,53135
QAP,4823,80,53151
QAP,4824,80,53166
QAP,4825,80,53166
QAP,4826,80,53182
QAP,4827,80,53198
QAP,4828,80,53198
QAP,4829,80,53213
QAP,4830,80,53229
QAP,4831,80,53229
QAP,4832,80,53245
QAP,4833,80,53260
QAP,4834,80,53276
QAP,4835,80,53276
QAP,4836,80,53292
QAP,4837,80,53308
QAP,4838,80,53308
QAP,4839,80,53323
QAP,4840,80,53339
QAP,4841,80,53339
QAP,4842,80,53355
QAP,4843,80,53370
QAP,4844,80,53386
QAP,4845,80,53386
QAP,4846,80,53402
QAP,4847,80,53417
QAP,4848,80,53417
QAP,4849,80,53433
QAP,4850,80,53449
QAP,4851,80,53449
QAP,4852,80,53465
QAP,4853,80,53480
QAP,4854,80,53496
QAP,4855,80,53496
QAP,4856,80,53512
QAP,4857,80,53527
QAP,4858,80,53527
QAP,4859,80,53543
QAP,4860,80,53559
QAP,4861,80,53559
QAP,4862,80,53574
QAP,4863,80,53590
QAP,4864,80,53606
QAP,4865,80,53606
QAP,4866,80,53622
QAP,4867,80,53637
QAP,4868,80,53637
QAP,4869,80,53653
QAP,4870,80,53669
QAP,4871,80,53669
QAP,4872,80,53684
QAP,4873,80,53700
QAP,4874,80,53716
QAP,4875,80,53716
QAP,4876,80,53732
QAP,4877,80,53747
QAP,4878,80,53747
QAP,4879,80,53763
QAP,4880,80,53779
QAP,4881,80,53779
QAP,4882,80,53794
QAP,4883,80,53810
QAP,4884,80,53826
QAP,4885,80,53826
QAP,4886,80,53842
QAP,4887,80,53857
QAP,4888,80,53857
QAP,4889,80,53880
QAP,4890,80,53889
QAP,4891,80,53904
QAP,4892,80,53904
QAP,4893,80,53920
QAP,4894,80,53936
QAP,4895,80,53936
QAP,4896,80,53951
QAP,4897,80,53967
QAP,4898,80,53967
QAP,4899,80,53983
QAP,4900,80,53998
QAP,4901,80,54014
QAP,4902,80,54014
QAP,4903,80,54030
QAP,4904,80,54046
QAP,4905,80,54046
QAP,4906,80,54061
QAP,4907,80,54077
QAP,4908,80,54077
QAP,4909,80,54093
QAP,4910,80,54108
QAP,4911,80,54124
QAP,4912,80,54124
QAP,4913,80,54140
QAP,4914,80,54155
QAP,4915,80,54155
QAP,4916,80,54171
QAP,4917,80,54187
QAP,4918,80,54187
QAP,4919,80,54203
QAP,4920,80,54218
QAP,4921,80,54234
QAP,4922,80,54234
QAP,4923,80,54250
QAP,4924,80,54265
QAP,4925,80,54265
QAP,4926,80,54281
QAP,4927,80,54297
QAP,4928,80,54297
QAP,4929,80,54312
QAP,4930,80,54328
QAP,4931,80,54344
QAP,4932,80,54344
QAP,4933,80,54360
QAP,4934,80,54375
QAP,4935,80,54375
QAP,4936,80,54391
QAP,4937,80,54407
QAP,4938,80,54407
QAP,4939,80,54422
QAP,4940,80,54438
QAP,4941,80,54454
QAP,4942,80,54454
QAP,4943,80,54476
QAP,4944,80,54485
QAP,4945,80,54485
QAP,4946,80,54501
QAP,4947,80,54517
QAP,4948,80,54517
QAP,4949,80,54532
QAP,4950,80,54548
QAP,4951,80,54564
QAP,4952,80,54564
QAP,4953,80,54579
QAP,4954,80,54595
QAP,4955,80,54595
QAP,4956,80,54611
QAP,4957,80,54626
QAP,4958,80,54626
QAP,4959,80,54642
QAP,4960,80,54658
QAP,4961,80,54673
QAP,4962,80,54673
QAP,4963,80,54689
QAP,4964,80,54705
QAP,4965,80,54705
QAP,4966,80,54721
QAP,4967,80,54736
QAP,4968,80,54736
QAP,4969,80,54752
QAP,4970,80,54768
QAP,4971,80,54784
QAP,4972,80,54792
QAP,4973,80,54799
QAP,4974,80,54815
QAP,4975,80,54815
QAP,4976,80,54831
QAP,4977,80,54846
QAP,4978,80,54862
QAP,4979,80,54862
QAP,4980,80,54878
QAP,4981,80,54893
QAP,4982,80,54893
QAP,4983,80,54909
QAP,4984,80,54925
QAP,4985,80,54941
QAP,4986,80,54941
QAP,4987,80,54956
QAP,4988,80,54972
QAP,4989,80,54972
QAP,4990,80,54988
QAP,4991,80,55003
QAP,4992,80,55003
QAP,4993,80,55019
QAP,4994,80,55035
QAP,4995,80,55050
QAP,4996,80,55050
QAP,4997,80,55066
QAP,4998,80,55082
QAP,4999,80,55082
