Problem,Generation,BestCost,TimeMS
GPP,0,4272,0
GPP,1,4249,195
GPP,2,4145,395
GPP,3,4145,598
GPP,4,4145,779
GPP,5,4145,983
GPP,6,4145,1172
GPP,7,4145,1376
GPP,8,4145,1565
GPP,9,4145,1753
GPP,10,4137,1957
GPP,11,4137,2146
GPP,12,4049,2350
GPP,13,4049,2539
GPP,14,4049,2727
GPP,15,4049,2932
GPP,16,4049,3120
GPP,17,4049,3324
GPP,18,4049,3513
GPP,19,4049,3701
GPP,20,4049,3906
GPP,21,4049,4094
GPP,22,3986,4283
GPP,23,3986,4492
GPP,24,3986,4687
GPP,25,3986,4882
GPP,26,3953,5077
GPP,27,3925,5273
GPP,28,3925,5467
GPP,29,3925,5661
GPP,30,3925,5854
GPP,31,3925,6049
GPP,32,3925,6238
GPP,33,3925,6438
GPP,34,3925,6635
GPP,35,3925,6830
GPP,36,3925,7015
GPP,37,3921,7203
GPP,38,3921,7408
GPP,39,3920,7596
GPP,40,3920,7785
GPP,41,3806,7989
GPP,42,3806,8177
GPP,43,3806,8382
GPP,44,3806,8570
GPP,45,3806,8759
GPP,46,3806,8963
GPP,47,3806,9151
GPP,48,3796,9340
GPP,49,3796,9545
GPP,50,3796,9733
GPP,51,3796,9937
GPP,52,3796,10126
GPP,53,3790,10314
GPP,54,3790,10518
GPP,55,3790,10707
GPP,56,3790,10911
GPP,57,3790,11100
GPP,58,3790,11288
GPP,59,3790,11506
GPP,60,3769,11698
GPP,61,3763,11894
GPP,62,3712,12089
GPP,63,3712,12283
GPP,64,3712,12478
GPP,65,3712,12672
GPP,66,3712,12866
GPP,67,3712,13062
GPP,68,3712,13257
GPP,69,3712,13449
GPP,70,3712,13637
GPP,71,3700,13825
GPP,72,3700,14029
GPP,73,3700,14218
GPP,74,3700,14407
GPP,75,3694,14611
GPP,76,3694,14799
GPP,77,3677,15004
GPP,78,3677,15192
GPP,79,3677,15381
GPP,80,3677,15585
GPP,81,3677,15774
GPP,82,3677,15963
GPP,83,3668,16167
GPP,84,3649,16355
GPP,85,3649,16559
GPP,86,3543,16748
GPP,87,3543,16937
GPP,88,3481,17141
GPP,89,3481,17329
GPP,90,3481,17533
GPP,91,3481,17722
GPP,92,3481,17926
GPP,93,3481,18114
GPP,94,3481,18303
GPP,95,3481,18507
GPP,96,3464,18696
GPP,97,3464,18900
GPP,98,3464,19088
GPP,99,3464,19277
GPP,100,3464,19481
GPP,101,3464,19670
GPP,102,3464,19875
GPP,103,3464,20063
GPP,104,3464,20252
GPP,105,3440,20456
GPP,106,3400,20644
GPP,107,3400,20846
GPP,108,3320,21038
GPP,109,3320,21226
GPP,110,3320,21414
GPP,111,3320,21619
GPP,112,3316,21807
GPP,113,3316,22011
GPP,114,3316,22200
GPP,115,3316,22388
GPP,116,3316,22592
GPP,117,3300,22781
GPP,118,3300,22970
GPP,119,3300,23174
GPP,120,3244,23362
GPP,121,3244,23567
GPP,122,3244,23755
GPP,123,3244,23943
GPP,124,3226,24148
GPP,125,3213,24336
GPP,126,3205,24525
GPP,127,3093,24729
GPP,128,3093,24917
GPP,129,3093,25106
GPP,130,3093,25310
GPP,131,3093,25498
GPP,132,3084,25687
GPP,133,3084,25891
GPP,134,3084,26079
GPP,135,3084,26284
GPP,136,3084,26473
GPP,137,3069,26661
GPP,138,3069,26865
GPP,139,3025,27054
GPP,140,3025,27242
GPP,141,3025,27447
GPP,142,3025,27636
GPP,143,3025,27825
GPP,144,3025,28029
GPP,145,3025,28218
GPP,146,3025,28422
GPP,147,3025,28611
GPP,148,3025,28799
GPP,149,3025,29003
GPP,150,3015,29192
GPP,151,3015,29380
GPP,152,3015,29584
GPP,153,3015,29773
GPP,154,3015,29977
GPP,155,3015,30166
GPP,156,3015,30355
GPP,157,3015,30559
GPP,158,3015,30747
GPP,159,3011,30950
GPP,160,3011,31145
GPP,161,3011,31340
GPP,162,3011,31534
GPP,163,3011,31729
GPP,164,3011,31924
GPP,165,3011,32119
GPP,166,3011,32313
GPP,167,3011,32508
GPP,168,3011,32704
GPP,169,3011,32900
GPP,170,3011,33094
GPP,171,3011,33288
GPP,172,3011,33485
GPP,173,3011,33673
GPP,174,3011,33862
GPP,175,3011,34066
GPP,176,3011,34254
GPP,177,3011,34458
GPP,178,3011,34647
GPP,179,3011,34851
GPP,180,3008,35040
GPP,181,3008,35228
GPP,182,3000,35432
GPP,183,3000,35620
GPP,184,2951,35824
GPP,185,2951,36012
GPP,186,2906,36201
GPP,187,2906,36405
GPP,188,2906,36593
GPP,189,2906,36782
GPP,190,2906,36986
GPP,191,2866,37175
GPP,192,2866,37379
GPP,193,2866,37567
GPP,194,2866,37756
GPP,195,2866,37960
GPP,196,2866,38149
GPP,197,2862,38337
GPP,198,2862,38542
GPP,199,2862,38736
GPP,200,2861,38931
GPP,201,2861,39125
GPP,202,2861,39320
GPP,203,2861,39513
GPP,204,2861,39708
GPP,205,2842,39902
GPP,206,2826,40097
GPP,207,2772,40291
GPP,208,2762,40484
GPP,209,2762,40679
GPP,210,2762,40873
GPP,211,2762,41055
GPP,212,2714,41259
GPP,213,2714,41448
GPP,214,2714,41637
GPP,215,2714,41841
GPP,216,2714,42030
GPP,217,2714,42218
GPP,218,2714,42423
GPP,219,2714,42611
GPP,220,2714,42815
GPP,221,2714,43003
GPP,222,2714,43206
GPP,223,2714,43394
GPP,224,2714,43583
GPP,225,2714,43787
GPP,226,2714,43976
GPP,227,2691,44164
GPP,228,2691,44368
GPP,229,2691,44557
GPP,230,2691,44762
GPP,231,2691,44950
GPP,232,2691,45139
GPP,233,2691,45343
GPP,234,2691,45532
GPP,235,2691,45721
GPP,236,2691,45925
GPP,237,2691,46113
GPP,238,2691,46302
GPP,239,2691,46506
GPP,240,2691,46694
GPP,241,2691,46899
GPP,242,2691,47087
GPP,243,2688,47276
GPP,244,2688,47481
GPP,245,2688,47669
GPP,246,2688,47858
GPP,247,2688,48062
GPP,248,2688,48250
GPP,249,2688,48455
GPP,250,2688,48644
GPP,251,2674,48832
GPP,252,2674,49036
GPP,253,2674,49225
GPP,254,2674,49413
GPP,255,2626,49617
GPP,256,2530,49805
GPP,257,2530,49994
GPP,258,2530,50198
GPP,259,2530,50387
GPP,260,2530,50576
GPP,261,2530,50780
GPP,262,2496,50968
GPP,263,2496,51173
GPP,264,2496,51362
GPP,265,2496,51550
GPP,266,2496,51755
GPP,267,2496,51943
GPP,268,2461,52132
GPP,269,2415,52336
GPP,270,2415,52530
GPP,271,2415,52713
GPP,272,2415,52917
GPP,273,2409,53106
GPP,274,2395,53294
GPP,275,2395,53499
GPP,276,2354,53688
GPP,277,2354,53893
GPP,278,2354,54081
GPP,279,2354,54270
GPP,280,2354,54474
GPP,281,2354,54663
GPP,282,2354,54867
GPP,283,2354,55056
GPP,284,2354,55244
GPP,285,2354,55448
GPP,286,2354,55637
GPP,287,2354,55841
GPP,288,2321,56029
GPP,289,2248,56217
GPP,290,2248,56422
GPP,291,2248,56610
GPP,292,2248,56799
GPP,293,2248,57003
GPP,294,2248,57192
GPP,295,2248,57381
GPP,296,2248,57586
GPP,297,2248,57774
GPP,298,2248,57963
GPP,299,2248,58167
GPP,300,2248,58365
GPP,301,2248,58560
GPP,302,2248,58753
GPP,303,2248,58947
GPP,304,2248,59143
GPP,305,2209,59336
GPP,306,2198,59530
GPP,307,2198,59724
GPP,308,2198,59919
GPP,309,2198,60112
GPP,310,2198,60306
GPP,311,2198,60501
GPP,312,2198,60696
GPP,313,2198,60882
GPP,314,2198,61071
GPP,315,2198,61275
GPP,316,2198,61463
GPP,317,2198,61652
GPP,318,2198,61856
GPP,319,2198,62044
GPP,320,2198,62233
GPP,321,2198,62437
GPP,322,2198,62625
GPP,323,2192,62814
GPP,324,2192,63018
GPP,325,2192,63207
GPP,326,2171,63395
GPP,327,2154,63600
GPP,328,2154,63788
GPP,329,2127,63977
GPP,330,2127,64181
GPP,331,2097,64369
GPP,332,2097,64557
GPP,333,2082,64762
GPP,334,2082,64950
GPP,335,2082,65138
GPP,336,2066,65342
GPP,337,2053,65531
GPP,338,1973,65719
GPP,339,1973,65923
GPP,340,1973,66119
GPP,341,1973,66312
GPP,342,1963,66505
GPP,343,1963,66699
GPP,344,1963,66893
GPP,345,1963,67088
GPP,346,1963,67282
GPP,347,1963,67475
GPP,348,1963,67670
GPP,349,1936,67864
GPP,350,1936,68057
GPP,351,1936,68252
GPP,352,1936,68445
GPP,353,1936,68641
GPP,354,1936,68833
GPP,355,1936,69028
GPP,356,1936,69221
GPP,357,1936,69417
GPP,358,1899,69610
GPP,359,1899,69806
GPP,360,1899,69999
GPP,361,1899,70194
GPP,362,1899,70386
GPP,363,1899,70584
GPP,364,1899,70779
GPP,365,1899,70974
GPP,366,1892,71170
GPP,367,1840,71364
GPP,368,1840,71558
GPP,369,1840,71751
GPP,370,1840,71946
GPP,371,1840,72141
GPP,372,1840,72335
GPP,373,1840,72529
GPP,374,1840,72723
GPP,375,1840,72915
GPP,376,1840,73104
GPP,377,1840,73295
GPP,378,1840,73497
GPP,379,1827,73693
GPP,380,1797,73874
GPP,381,1797,74078
GPP,382,1797,74266
GPP,383,1778,74470
GPP,384,1778,74658
GPP,385,1747,74847
GPP,386,1747,75052
GPP,387,1728,75239
GPP,388,1728,75427
GPP,389,1728,75630
GPP,390,1728,75819
GPP,391,1728,76007
GPP,392,1669,76211
GPP,393,1660,76400
GPP,394,1660,76588
GPP,395,1660,76792
GPP,396,1621,76981
GPP,397,1540,77170
GPP,398,1540,77374
GPP,399,1540,77563
GPP,400,1540,77751
GPP,401,1540,77955
GPP,402,1540,78143
GPP,403,1540,78332
GPP,404,1540,78536
GPP,405,1540,78725
GPP,406,1540,78928
GPP,407,1540,79116
GPP,408,1540,79304
GPP,409,1540,79508
GPP,410,1540,79696
GPP,411,1520,79885
GPP,412,1520,80090
GPP,413,1520,80278
GPP,414,1520,80467
GPP,415,1520,80655
GPP,416,1520,80860
GPP,417,1520,81048
GPP,418,1520,81253
GPP,419,1520,81441
GPP,420,1520,81629
GPP,421,1520,81833
GPP,422,1520,82022
GPP,423,1520,82210
GPP,424,1520,82414
GPP,425,1520,82603
GPP,426,1520,82791
GPP,427,1520,82995
GPP,428,1520,83184
GPP,429,1520,83374
GPP,430,1486,83578
GPP,431,1486,83767
GPP,432,1486,83956
GPP,433,1486,84144
GPP,434,1486,84349
GPP,435,1486,84538
GPP,436,1486,84726
GPP,437,1486,84931
GPP,438,1486,85119
GPP,439,1486,85307
GPP,440,1486,85512
GPP,441,1486,85701
GPP,442,1486,85890
GPP,443,1486,86094
GPP,444,1486,86282
GPP,445,1486,86470
GPP,446,1486,86675
GPP,447,1486,86863
GPP,448,1468,87052
GPP,449,1460,87257
GPP,450,1460,87445
GPP,451,1460,87645
GPP,452,1429,87838
GPP,453,1429,88026
GPP,454,1429,88215
GPP,455,1429,88419
GPP,456,1429,88607
GPP,457,1429,88796
GPP,458,1429,89000
GPP,459,1425,89189
GPP,460,1425,89377
GPP,461,1410,89581
GPP,462,1410,89769
GPP,463,1410,89957
GPP,464,1410,90162
GPP,465,1410,90350
GPP,466,1410,90538
GPP,467,1410,90727
GPP,468,1410,90931
GPP,469,1406,91119
GPP,470,1406,91308
GPP,471,1406,91512
GPP,472,1406,91700
GPP,473,1398,91904
GPP,474,1371,92093
GPP,475,1371,92282
GPP,476,1371,92486
GPP,477,1371,92674
GPP,478,1371,92863
GPP,479,1371,93067
GPP,480,1371,93255
GPP,481,1360,93443
GPP,482,1360,93647
GPP,483,1360,93835
GPP,484,1360,94023
GPP,485,1360,94227
GPP,486,1360,94415
GPP,487,1360,94603
GPP,488,1360,94807
GPP,489,1360,94996
GPP,490,1360,95200
GPP,491,1360,95388
GPP,492,1360,95576
GPP,493,1360,95780
GPP,494,1360,95968
GPP,495,1360,96156
GPP,496,1360,96360
GPP,497,1360,96548
GPP,498,1360,96752
GPP,499,1345,96940
GPP,500,1345,97128
GPP,501,1345,97331
GPP,502,1345,97519
GPP,503,1345,97708
GPP,504,1345,97911
GPP,505,1345,98100
GPP,506,1345,98288
GPP,507,1345,98491
GPP,508,1326,98679
GPP,509,1326,98867
GPP,510,1326,99071
GPP,511,1326,99259
GPP,512,1326,99463
GPP,513,1326,99651
GPP,514,1326,99839
GPP,515,1326,100043
GPP,516,1299,100231
GPP,517,1299,100419
GPP,518,1299,100622
GPP,519,1299,100810
GPP,520,1296,100999
GPP,521,1296,101202
GPP,522,1288,101390
GPP,523,1288,101578
GPP,524,1288,101782
GPP,525,1288,101970
GPP,526,1288,102173
GPP,527,1288,102361
GPP,528,1271,102549
GPP,529,1271,102737
GPP,530,1271,102941
GPP,531,1271,103129
GPP,532,1271,103333
GPP,533,1271,103520
GPP,534,1271,103708
GPP,535,1266,103912
GPP,536,1266,104100
GPP,537,1260,104288
GPP,538,1249,104492
GPP,539,1249,104680
GPP,540,1249,104884
GPP,541,1185,105072
GPP,542,1185,105260
GPP,543,1185,105464
GPP,544,1185,105652
GPP,545,1185,105856
GPP,546,1185,106044
GPP,547,1185,106231
GPP,548,1185,106435
GPP,549,1185,106623
GPP,550,1185,106811
GPP,551,1185,107015
GPP,552,1185,107203
GPP,553,1185,107391
GPP,554,1185,107595
GPP,555,1185,107783
GPP,556,1185,107986
GPP,557,1185,108174
GPP,558,1185,108362
GPP,559,1185,108566
GPP,560,1185,108754
GPP,561,1185,108942
GPP,562,1185,109146
GPP,563,1185,109334
GPP,564,1185,109537
GPP,565,1185,109726
GPP,566,1185,109927
GPP,567,1185,110121
GPP,568,1185,110307
GPP,569,1185,110504
GPP,570,1185,110701
GPP,571,1185,110889
GPP,572,1185,111078
GPP,573,1185,111282
GPP,574,1185,111470
GPP,575,1185,111674
GPP,576,1185,111863
GPP,577,1175,112051
GPP,578,1175,112256
GPP,579,1175,112444
GPP,580,1175,112633
GPP,581,1161,112837
GPP,582,1161,113026
GPP,583,1161,113223
GPP,584,1161,113419
GPP,585,1161,113607
GPP,586,1161,113796
GPP,587,1161,114000
GPP,588,1161,114189
GPP,589,1134,114378
GPP,590,1134,114582
GPP,591,1134,114770
GPP,592,1134,114959
GPP,593,1134,115163
GPP,594,1134,115351
GPP,595,1134,115540
GPP,596,1134,115728
GPP,597,1134,115932
GPP,598,1133,116121
GPP,599,1133,116309
GPP,600,1133,116514
GPP,601,1133,116702
GPP,602,1106,116891
GPP,603,1106,117095
GPP,604,1106,117284
GPP,605,1106,117472
GPP,606,1106,117676
GPP,607,1106,117864
GPP,608,1106,118069
GPP,609,1106,118257
GPP,610,1057,118445
GPP,611,1057,118650
GPP,612,1057,118838
GPP,613,1057,119026
GPP,614,1057,119236
GPP,615,1057,119429
GPP,616,1057,119623
GPP,617,1057,119818
GPP,618,1057,120012
GPP,619,1057,120207
GPP,620,1057,120400
GPP,621,1057,120594
GPP,622,1057,120777
GPP,623,1057,120981
GPP,624,1057,121170
GPP,625,1057,121359
GPP,626,1057,121563
GPP,627,1057,121752
GPP,628,1057,121940
GPP,629,1057,122129
GPP,630,1057,122333
GPP,631,1057,122521
GPP,632,1057,122710
GPP,633,1051,122914
GPP,634,1051,123102
GPP,635,1051,123306
GPP,636,1051,123494
GPP,637,1051,123683
GPP,638,1051,123886
GPP,639,1051,124074
GPP,640,1051,124263
GPP,641,1051,124467
GPP,642,1051,124656
GPP,643,1051,124844
GPP,644,1051,125048
GPP,645,1051,125237
GPP,646,1051,125425
GPP,647,1051,125629
GPP,648,1051,125823
GPP,649,1051,126020
GPP,650,1041,126213
GPP,651,1041,126407
GPP,652,1041,126600
GPP,653,1010,126795
GPP,654,1010,126989
GPP,655,1010,127183
GPP,656,1010,127377
GPP,657,1010,127570
GPP,658,1010,127764
GPP,659,1010,127958
GPP,660,1007,128151
GPP,661,1005,128346
GPP,662,1005,128540
GPP,663,996,128733
GPP,664,996,128928
GPP,665,996,129120
GPP,666,996,129315
GPP,667,996,129508
GPP,668,996,129697
GPP,669,996,129885
GPP,670,996,130089
GPP,671,996,130276
GPP,672,986,130464
GPP,673,986,130668
GPP,674,986,130857
GPP,675,986,131061
GPP,676,986,131249
GPP,677,986,131452
GPP,678,986,131641
GPP,679,986,131845
GPP,680,986,132032
GPP,681,986,132221
GPP,682,986,132424
GPP,683,986,132612
GPP,684,986,132816
GPP,685,986,133004
GPP,686,986,133192
GPP,687,986,133395
GPP,688,986,133584
GPP,689,986,133788
GPP,690,986,133984
GPP,691,986,134169
GPP,692,986,134358
GPP,693,986,134561
GPP,694,986,134750
GPP,695,986,134954
GPP,696,986,135142
GPP,697,986,135331
GPP,698,986,135536
GPP,699,986,135724
GPP,700,986,135912
GPP,701,986,136117
GPP,702,986,136305
GPP,703,986,136494
GPP,704,986,136698
GPP,705,986,136887
GPP,706,986,137075
GPP,707,986,137280
GPP,708,986,137468
GPP,709,986,137657
GPP,710,986,137861
GPP,711,986,138049
GPP,712,986,138238
GPP,713,986,138442
GPP,714,986,138631
GPP,715,986,138819
GPP,716,986,139023
GPP,717,986,139211
GPP,718,986,139400
GPP,719,986,139604
GPP,720,986,139792
GPP,721,986,139981
GPP,722,986,140185
GPP,723,986,140374
GPP,724,978,140562
GPP,725,978,140766
GPP,726,978,140955
GPP,727,951,141143
GPP,728,951,141347
GPP,729,951,141536
GPP,730,951,141725
GPP,731,951,141929
GPP,732,951,142117
GPP,733,951,142306
GPP,734,951,142510
GPP,735,948,142698
GPP,736,948,142887
GPP,737,948,143091
GPP,738,948,143279
GPP,739,948,143468
GPP,740,948,143672
GPP,741,948,143860
GPP,742,948,144049
GPP,743,948,144255
GPP,744,948,144443
GPP,745,948,144631
GPP,746,948,144836
GPP,747,948,145024
GPP,748,948,145212
GPP,749,948,145416
GPP,750,948,145605
GPP,751,948,145793
GPP,752,948,145997
GPP,753,947,146186
GPP,754,944,146374
GPP,755,930,146563
GPP,756,930,146767
GPP,757,930,146956
GPP,758,930,147160
GPP,759,926,147349
GPP,760,926,147538
GPP,761,926,147742
GPP,762,926,147930
GPP,763,926,148119
GPP,764,926,148323
GPP,765,926,148512
GPP,766,926,148700
GPP,767,926,148905
GPP,768,926,149093
GPP,769,926,149281
GPP,770,926,149486
GPP,771,926,149674
GPP,772,926,149862
GPP,773,926,150066
GPP,774,923,150254
GPP,775,923,150457
GPP,776,923,150645
GPP,777,923,150849
GPP,778,923,151037
GPP,779,923,151225
GPP,780,923,151429
GPP,781,923,151617
GPP,782,923,151821
GPP,783,923,152010
GPP,784,923,152198
GPP,785,923,152401
GPP,786,923,152589
GPP,787,923,152793
GPP,788,923,152981
GPP,789,923,153185
GPP,790,923,153373
GPP,791,923,153561
GPP,792,923,153765
GPP,793,923,153954
GPP,794,923,154157
GPP,795,923,154346
GPP,796,923,154545
GPP,797,923,154740
GPP,798,923,154929
GPP,799,923,155117
GPP,800,923,155322
GPP,801,923,155510
GPP,802,923,155699
GPP,803,923,155903
GPP,804,923,156091
GPP,805,923,156280
GPP,806,923,156484
GPP,807,923,156673
GPP,808,923,156876
GPP,809,923,157064
GPP,810,923,157253
GPP,811,923,157457
GPP,812,923,157646
GPP,813,923,157834
GPP,814,923,158039
GPP,815,923,158227
GPP,816,923,158415
GPP,817,923,158619
GPP,818,923,158808
GPP,819,923,158996
GPP,820,923,159201
GPP,821,923,159389
GPP,822,923,159594
GPP,823,923,159783
GPP,824,923,159971
GPP,825,923,160160
GPP,826,923,160364
GPP,827,923,160563
GPP,828,923,160756
GPP,829,923,160950
GPP,830,923,161137
GPP,831,923,161325
GPP,832,923,161530
GPP,833,923,161718
GPP,834,923,161907
GPP,835,923,162111
GPP,836,923,162299
GPP,837,923,162487
GPP,838,923,162695
GPP,839,921,162889
GPP,840,916,163081
GPP,841,916,163277
GPP,842,916,163465
GPP,843,916,163662
GPP,844,916,163857
GPP,845,916,164045
GPP,846,916,164233
GPP,847,916,164437
GPP,848,916,164625
GPP,849,916,164829
GPP,850,916,165026
GPP,851,916,165221
GPP,852,916,165409
GPP,853,916,165597
GPP,854,916,165800
GPP,855,916,165988
GPP,856,916,166176
GPP,857,916,166383
GPP,858,916,166568
GPP,859,916,166756
GPP,860,916,166960
GPP,861,916,167148
GPP,862,916,167352
GPP,863,916,167540
GPP,864,916,167728
GPP,865,916,167932
GPP,866,916,168120
GPP,867,916,168323
GPP,868,908,168511
GPP,869,908,168700
GPP,870,908,168903
GPP,871,908,169091
GPP,872,908,169295
GPP,873,908,169483
GPP,874,908,169671
GPP,875,908,169875
GPP,876,908,170063
GPP,877,908,170266
GPP,878,908,170454
GPP,879,908,170643
GPP,880,908,170846
GPP,881,908,171034
GPP,882,908,171238
GPP,883,908,171426
GPP,884,908,171614
GPP,885,908,171818
GPP,886,908,172006
GPP,887,908,172210
GPP,888,908,172397
GPP,889,898,172585
GPP,890,898,172789
GPP,891,898,172977
GPP,892,898,173165
GPP,893,898,173369
GPP,894,898,173557
GPP,895,898,173760
GPP,896,898,173948
GPP,897,898,174152
GPP,898,898,174340
GPP,899,898,174528
GPP,900,898,174732
GPP,901,898,174921
GPP,902,898,175125
GPP,903,898,175314
GPP,904,898,175502
GPP,905,898,175706
GPP,906,898,175895
GPP,907,898,176083
GPP,908,898,176287
GPP,909,898,176476
GPP,910,898,176665
GPP,911,898,176869
GPP,912,898,177057
GPP,913,898,177246
GPP,914,898,177450
GPP,915,898,177639
GPP,916,898,177843
GPP,917,898,178031
GPP,918,898,178220
GPP,919,898,178424
GPP,920,898,178612
GPP,921,898,178811
GPP,922,898,179007
GPP,923,898,179194
GPP,924,898,179383
GPP,925,898,179587
GPP,926,898,179776
GPP,927,898,179980
GPP,928,898,180168
GPP,929,898,180357
GPP,930,898,180561
GPP,931,898,180749
GPP,932,898,180938
GPP,933,898,181126
GPP,934,898,181330
GPP,935,898,181519
GPP,936,898,181707
GPP,937,898,181911
GPP,938,898,182100
GPP,939,898,182304
GPP,940,898,182493
GPP,941,898,182681
GPP,942,893,182889
GPP,943,882,183083
GPP,944,882,183276
GPP,945,882,183470
GPP,946,882,183665
GPP,947,882,183859
GPP,948,882,184043
GPP,949,882,184243
GPP,950,882,184432
GPP,951,882,184620
GPP,952,882,184825
GPP,953,882,185013
GPP,954,882,185220
GPP,955,882,185414
GPP,956,882,185608
GPP,957,882,185802
GPP,958,882,185997
GPP,959,882,186190
GPP,960,882,186384
GPP,961,882,186582
GPP,962,882,186776
GPP,963,882,186970
GPP,964,882,187165
GPP,965,882,187360
GPP,966,882,187555
GPP,967,882,187750
GPP,968,882,187944
GPP,969,882,188137
GPP,970,882,188332
GPP,971,882,188525
GPP,972,880,188721
GPP,973,880,188913
GPP,974,880,189114
GPP,975,880,189308
GPP,976,880,189501
GPP,977,880,189698
GPP,978,880,189893
GPP,979,880,190088
GPP,980,880,190280
GPP,981,880,190477
GPP,982,880,190671
GPP,983,880,190866
GPP,984,880,191060
GPP,985,880,191253
GPP,986,880,191448
GPP,987,880,191641
GPP,988,880,191837
GPP,989,880,192032
GPP,990,880,192226
GPP,991,880,192422
GPP,992,880,192616
GPP,993,880,192811
GPP,994,880,193006
GPP,995,880,193201
GPP,996,880,193395
GPP,997,880,193584
GPP,998,880,193772
GPP,999,880,193976
GPP,1000,880,194165
GPP,1001,880,194354
GPP,1002,880,194558
GPP,1003,880,194747
GPP,1004,880,194951
GPP,1005,880,195139
GPP,1006,880,195328
GPP,1007,880,195532
GPP,1008,880,195721
GPP,1009,880,195909
GPP,1010,880,196113
GPP,1011,880,196302
GPP,1012,880,196506
GPP,1013,880,196695
GPP,1014,880,196883
GPP,1015,880,197087
GPP,1016,880,197276
GPP,1017,880,197464
GPP,1018,880,197669
GPP,1019,880,197857
GPP,1020,880,198061
GPP,1021,875,198249
GPP,1022,875,198438
GPP,1023,875,198642
GPP,1024,875,198831
GPP,1025,875,199020
GPP,1026,875,199223
GPP,1027,875,199412
GPP,1028,875,199601
GPP,1029,875,199805
GPP,1030,875,199993
GPP,1031,875,200181
GPP,1032,875,200385
GPP,1033,875,200573
GPP,1034,875,200762
GPP,1035,875,200966
GPP,1036,875,201155
GPP,1037,874,201359
GPP,1038,868,201548
GPP,1039,868,201737
GPP,1040,868,201941
GPP,1041,868,202130
GPP,1042,868,202318
GPP,1043,868,202522
GPP,1044,868,202711
GPP,1045,868,202900
GPP,1046,868,203089
GPP,1047,868,203293
GPP,1048,868,203482
GPP,1049,868,203670
GPP,1050,868,203875
GPP,1051,868,204063
GPP,1052,868,204252
GPP,1053,868,204456
GPP,1054,868,204645
GPP,1055,868,204834
GPP,1056,868,205038
GPP,1057,868,205226
GPP,1058,868,205415
GPP,1059,863,205619
GPP,1060,863,205808
GPP,1061,863,206007
GPP,1062,828,206200
GPP,1063,828,206392
GPP,1064,828,206588
GPP,1065,828,206781
GPP,1066,828,206974
GPP,1067,828,207162
GPP,1068,828,207351
GPP,1069,828,207555
GPP,1070,828,207744
GPP,1071,828,207933
GPP,1072,828,208137
GPP,1073,828,208325
GPP,1074,828,208514
GPP,1075,828,208718
GPP,1076,828,208907
GPP,1077,812,209095
GPP,1078,812,209284
GPP,1079,812,209488
GPP,1080,812,209677
GPP,1081,812,209865
GPP,1082,812,210076
GPP,1083,812,210269
GPP,1084,812,210463
GPP,1085,812,210657
GPP,1086,812,210852
GPP,1087,812,211045
GPP,1088,812,211244
GPP,1089,812,211437
GPP,1090,812,211633
GPP,1091,812,211827
GPP,1092,812,212021
GPP,1093,812,212214
GPP,1094,812,212409
GPP,1095,812,212603
GPP,1096,812,212798
GPP,1097,812,212991
GPP,1098,812,213185
GPP,1099,812,213381
GPP,1100,812,213574
GPP,1101,812,213770
GPP,1102,812,213964
GPP,1103,812,214160
GPP,1104,812,214355
GPP,1105,812,214537
GPP,1106,812,214741
GPP,1107,812,214929
GPP,1108,812,215133
GPP,1109,812,215321
GPP,1110,812,215526
GPP,1111,810,215713
GPP,1112,810,215902
GPP,1113,810,216110
GPP,1114,810,216297
GPP,1115,810,216486
GPP,1116,810,216690
GPP,1117,810,216878
GPP,1118,810,217083
GPP,1119,810,217271
GPP,1120,810,217459
GPP,1121,810,217664
GPP,1122,810,217852
GPP,1123,810,218040
GPP,1124,810,218245
GPP,1125,810,218433
GPP,1126,810,218638
GPP,1127,810,218826
GPP,1128,810,219014
GPP,1129,810,219218
GPP,1130,810,219406
GPP,1131,810,219595
GPP,1132,810,219799
GPP,1133,810,219988
GPP,1134,810,220192
GPP,1135,810,220381
GPP,1136,810,220577
GPP,1137,810,220773
GPP,1138,810,220962
GPP,1139,810,221167
GPP,1140,810,221360
GPP,1141,810,221555
GPP,1142,810,221747
GPP,1143,810,221942
GPP,1144,810,222136
GPP,1145,810,222329
GPP,1146,810,222523
GPP,1147,810,222715
GPP,1148,810,222904
GPP,1149,810,223108
GPP,1150,810,223297
GPP,1151,810,223486
GPP,1152,810,223690
GPP,1153,810,223879
GPP,1154,810,224068
GPP,1155,810,224272
GPP,1156,810,224460
GPP,1157,810,224649
GPP,1158,810,224853
GPP,1159,810,225042
GPP,1160,810,225231
GPP,1161,810,225435
GPP,1162,810,225623
GPP,1163,810,225812
GPP,1164,810,226016
GPP,1165,810,226205
GPP,1166,810,226393
GPP,1167,810,226597
GPP,1168,810,226786
GPP,1169,810,226990
GPP,1170,810,227179
GPP,1171,810,227367
GPP,1172,810,227571
GPP,1173,810,227759
GPP,1174,810,227948
GPP,1175,810,228152
GPP,1176,810,228341
GPP,1177,810,228530
GPP,1178,810,228734
GPP,1179,810,228923
GPP,1180,810,229112
GPP,1181,810,229315
GPP,1182,810,229503
GPP,1183,810,229692
GPP,1184,810,229896
GPP,1185,810,230084
GPP,1186,810,230288
GPP,1187,810,230476
GPP,1188,810,230665
GPP,1189,810,230869
GPP,1190,810,231058
GPP,1191,810,231262
GPP,1192,810,231451
GPP,1193,810,231639
GPP,1194,810,231843
GPP,1195,810,232031
GPP,1196,810,232235
GPP,1197,810,232423
GPP,1198,806,232610
GPP,1199,806,232814
GPP,1200,806,233002
GPP,1201,803,233206
GPP,1202,803,233394
GPP,1203,803,233597
GPP,1204,803,233786
GPP,1205,803,233975
GPP,1206,800,234179
GPP,1207,800,234368
GPP,1208,800,234556
GPP,1209,799,234760
GPP,1210,799,234949
GPP,1211,799,235138
GPP,1212,799,235342
GPP,1213,799,235531
GPP,1214,799,235736
GPP,1215,799,235924
GPP,1216,799,236113
GPP,1217,797,236317
GPP,1218,797,236505
GPP,1219,797,236693
GPP,1220,797,236897
GPP,1221,797,237086
GPP,1222,797,237290
GPP,1223,797,237479
GPP,1224,797,237667
GPP,1225,797,237871
GPP,1226,797,238059
GPP,1227,797,238248
GPP,1228,797,238452
GPP,1229,797,238640
GPP,1230,797,238844
GPP,1231,797,239033
GPP,1232,797,239221
GPP,1233,788,239426
GPP,1234,788,239615
GPP,1235,788,239804
GPP,1236,788,240008
GPP,1237,788,240197
GPP,1238,788,240401
GPP,1239,788,240590
GPP,1240,788,240778
GPP,1241,788,240982
GPP,1242,788,241171
GPP,1243,788,241367
GPP,1244,788,241564
GPP,1245,788,241752
GPP,1246,788,241941
GPP,1247,788,242145
GPP,1248,788,242333
GPP,1249,788,242537
GPP,1250,788,242725
GPP,1251,788,242914
GPP,1252,788,243118
GPP,1253,788,243307
GPP,1254,788,243495
GPP,1255,788,243699
GPP,1256,788,243888
GPP,1257,788,244092
GPP,1258,788,244280
GPP,1259,788,244469
GPP,1260,788,244673
GPP,1261,788,244861
GPP,1262,788,245050
GPP,1263,788,245254
GPP,1264,788,245451
GPP,1265,788,245647
GPP,1266,788,245836
GPP,1267,788,246026
GPP,1268,788,246228
GPP,1269,788,246417
GPP,1270,788,246621
GPP,1271,788,246817
GPP,1272,788,246997
GPP,1273,788,247202
GPP,1274,788,247390
GPP,1275,788,247594
GPP,1276,788,247782
GPP,1277,788,247971
GPP,1278,788,248178
GPP,1279,788,248363
GPP,1280,788,248568
GPP,1281,788,248756
GPP,1282,788,248945
GPP,1283,788,249149
GPP,1284,788,249338
GPP,1285,788,249534
GPP,1286,788,249730
GPP,1287,788,249919
GPP,1288,788,250108
GPP,1289,788,250297
GPP,1290,788,250501
GPP,1291,788,250690
GPP,1292,788,250878
GPP,1293,782,251083
GPP,1294,782,251271
GPP,1295,782,251460
GPP,1296,782,251664
GPP,1297,782,251853
GPP,1298,782,252042
GPP,1299,782,252246
GPP,1300,782,252435
GPP,1301,782,252624
GPP,1302,782,252813
GPP,1303,782,253017
GPP,1304,782,253206
GPP,1305,782,253395
GPP,1306,782,253599
GPP,1307,782,253787
GPP,1308,782,253976
GPP,1309,782,254181
GPP,1310,782,254369
GPP,1311,782,254573
GPP,1312,782,254762
GPP,1313,782,254966
GPP,1314,782,255155
GPP,1315,782,255344
GPP,1316,782,255548
GPP,1317,781,255737
GPP,1318,781,255926
GPP,1319,781,256131
GPP,1320,781,256319
GPP,1321,779,256508
GPP,1322,779,256712
GPP,1323,779,256901
GPP,1324,779,257089
GPP,1325,779,257293
GPP,1326,779,257482
GPP,1327,779,257686
GPP,1328,779,257875
GPP,1329,779,258064
GPP,1330,779,258268
GPP,1331,779,258457
GPP,1332,779,258646
GPP,1333,779,258850
GPP,1334,779,259039
GPP,1335,779,259227
GPP,1336,779,259431
GPP,1337,779,259620
GPP,1338,779,259825
GPP,1339,779,260018
GPP,1340,779,260213
GPP,1341,779,260408
GPP,1342,779,260602
GPP,1343,779,260797
GPP,1344,779,260991
GPP,1345,779,261184
GPP,1346,779,261379
GPP,1347,779,261575
GPP,1348,779,261770
GPP,1349,779,261964
GPP,1350,779,262158
GPP,1351,779,262352
GPP,1352,779,262546
GPP,1353,779,262741
GPP,1354,779,262936
GPP,1355,779,263130
GPP,1356,779,263323
GPP,1357,779,263519
GPP,1358,779,263712
GPP,1359,779,263907
GPP,1360,779,264104
GPP,1361,779,264298
GPP,1362,779,264492
GPP,1363,779,264686
GPP,1364,779,264881
GPP,1365,779,265076
GPP,1366,779,265270
GPP,1367,779,265466
GPP,1368,779,265661
GPP,1369,779,265854
GPP,1370,779,266049
GPP,1371,779,266244
GPP,1372,779,266438
GPP,1373,779,266634
GPP,1374,779,266827
GPP,1375,779,267020
GPP,1376,779,267208
GPP,1377,779,267397
GPP,1378,779,267601
GPP,1379,779,267789
GPP,1380,779,267978
GPP,1381,779,268182
GPP,1382,779,268371
GPP,1383,779,268575
GPP,1384,779,268763
GPP,1385,779,268968
GPP,1386,779,269156
GPP,1387,779,269360
GPP,1388,779,269549
GPP,1389,779,269738
GPP,1390,779,269942
GPP,1391,779,270131
GPP,1392,779,270319
GPP,1393,779,270523
GPP,1394,779,270711
GPP,1395,779,270900
GPP,1396,779,271104
GPP,1397,779,271292
GPP,1398,779,271481
GPP,1399,779,271685
GPP,1400,779,271873
GPP,1401,779,272078
GPP,1402,779,272266
GPP,1403,779,272455
GPP,1404,779,272659
GPP,1405,779,272848
GPP,1406,779,273048
GPP,1407,779,273241
GPP,1408,779,273433
GPP,1409,779,273621
GPP,1410,779,273826
GPP,1411,779,274014
GPP,1412,779,274202
GPP,1413,779,274406
GPP,1414,779,274595
GPP,1415,779,274784
GPP,1416,779,274988
GPP,1417,779,275176
GPP,1418,779,275380
GPP,1419,779,275568
GPP,1420,779,275756
GPP,1421,772,275960
GPP,1422,772,276148
GPP,1423,772,276337
GPP,1424,772,276542
GPP,1425,772,276730
GPP,1426,772,276935
GPP,1427,772,277129
GPP,1428,772,277323
GPP,1429,772,277520
GPP,1430,772,277714
GPP,1431,772,277907
GPP,1432,772,278102
GPP,1433,772,278299
GPP,1434,772,278485
GPP,1435,772,278674
GPP,1436,772,278878
GPP,1437,772,279067
GPP,1438,772,279271
GPP,1439,772,279459
GPP,1440,772,279647
GPP,1441,772,279851
GPP,1442,772,280040
GPP,1443,772,280229
GPP,1444,772,280433
GPP,1445,772,280622
GPP,1446,772,280810
GPP,1447,772,281015
GPP,1448,772,281203
GPP,1449,772,281392
GPP,1450,765,281596
GPP,1451,765,281784
GPP,1452,765,281989
GPP,1453,765,282177
GPP,1454,765,282366
GPP,1455,765,282570
GPP,1456,765,282759
GPP,1457,765,282948
GPP,1458,765,283152
GPP,1459,761,283341
GPP,1460,761,283545
GPP,1461,761,283734
GPP,1462,761,283922
GPP,1463,761,284126
GPP,1464,761,284315
GPP,1465,761,284504
GPP,1466,761,284708
GPP,1467,761,284897
GPP,1468,761,285085
GPP,1469,761,285289
GPP,1470,761,285477
GPP,1471,761,285681
GPP,1472,761,285870
GPP,1473,761,286059
GPP,1474,761,286263
GPP,1475,761,286452
GPP,1476,761,286656
GPP,1477,761,286844
GPP,1478,761,287033
GPP,1479,761,287237
GPP,1480,761,287426
GPP,1481,761,287629
GPP,1482,761,287818
GPP,1483,761,288022
GPP,1484,761,288209
GPP,1485,761,288398
GPP,1486,761,288602
GPP,1487,761,288789
GPP,1488,761,288993
GPP,1489,761,289181
GPP,1490,761,289369
GPP,1491,761,289573
GPP,1492,761,289761
GPP,1493,761,289964
GPP,1494,761,290153
GPP,1495,761,290341
GPP,1496,761,290545
GPP,1497,761,290733
GPP,1498,761,290937
GPP,1499,761,291125
GPP,1500,761,291329
GPP,1501,761,291517
GPP,1502,761,291705
GPP,1503,761,291909
GPP,1504,761,292097
GPP,1505,761,292285
GPP,1506,761,292488
GPP,1507,761,292676
GPP,1508,761,292880
GPP,1509,761,293068
GPP,1510,761,293272
GPP,1511,761,293460
GPP,1512,761,293648
GPP,1513,761,293851
GPP,1514,761,294039
GPP,1515,761,294243
GPP,1516,761,294431
GPP,1517,761,294619
GPP,1518,761,294822
GPP,1519,761,295010
GPP,1520,761,295198
GPP,1521,761,295402
GPP,1522,761,295590
GPP,1523,761,295794
GPP,1524,761,295982
GPP,1525,761,296170
GPP,1526,761,296374
GPP,1527,761,296570
GPP,1528,761,296766
GPP,1529,761,296954
GPP,1530,761,297142
GPP,1531,761,297346
GPP,1532,761,297534
GPP,1533,761,297737
GPP,1534,761,297925
GPP,1535,761,298113
GPP,1536,761,298317
GPP,1537,761,298505
GPP,1538,761,298693
GPP,1539,761,298897
GPP,1540,761,299085
GPP,1541,761,299288
GPP,1542,761,299476
GPP,1543,761,299664
GPP,1544,761,299868
GPP,1545,761,300056
GPP,1546,761,300260
GPP,1547,761,300448
GPP,1548,761,300636
GPP,1549,761,300841
GPP,1550,759,301029
GPP,1551,759,301218
GPP,1552,759,301422
GPP,1553,759,301611
GPP,1554,759,301815
GPP,1555,759,302004
GPP,1556,759,302192
GPP,1557,759,302396
GPP,1558,759,302584
GPP,1559,759,302788
GPP,1560,759,302977
GPP,1561,759,303166
GPP,1562,748,303370
GPP,1563,748,303559
GPP,1564,748,303747
GPP,1565,748,303951
GPP,1566,748,304150
GPP,1567,748,304346
GPP,1568,748,304539
GPP,1569,748,304734
GPP,1570,748,304928
GPP,1571,748,305122
GPP,1572,748,305312
GPP,1573,748,305501
GPP,1574,748,305705
GPP,1575,748,305894
GPP,1576,748,306082
GPP,1577,748,306287
GPP,1578,748,306475
GPP,1579,746,306664
GPP,1580,746,306868
GPP,1581,746,307057
GPP,1582,746,307246
GPP,1583,746,307450
GPP,1584,746,307639
GPP,1585,746,307843
GPP,1586,746,308032
GPP,1587,746,308220
GPP,1588,746,308425
GPP,1589,746,308613
GPP,1590,746,308801
GPP,1591,746,309005
GPP,1592,746,309194
GPP,1593,746,309398
GPP,1594,746,309587
GPP,1595,746,309775
GPP,1596,746,309979
GPP,1597,746,310168
GPP,1598,746,310356
GPP,1599,746,310561
GPP,1600,746,310750
GPP,1601,746,310954
GPP,1602,746,311143
GPP,1603,746,311331
GPP,1604,746,311535
GPP,1605,746,311724
GPP,1606,746,311913
GPP,1607,746,312117
GPP,1608,746,312306
GPP,1609,746,312510
GPP,1610,746,312699
GPP,1611,746,312887
GPP,1612,746,313091
GPP,1613,746,313280
GPP,1614,746,313469
GPP,1615,746,313673
GPP,1616,746,313861
GPP,1617,746,314050
GPP,1618,746,314254
GPP,1619,746,314443
GPP,1620,746,314647
GPP,1621,746,314836
GPP,1622,746,315025
GPP,1623,746,315229
GPP,1624,746,315417
GPP,1625,746,315605
GPP,1626,746,315810
GPP,1627,746,315998
GPP,1628,746,316202
GPP,1629,746,316390
GPP,1630,746,316579
GPP,1631,746,316783
GPP,1632,746,316972
GPP,1633,746,317160
GPP,1634,746,317349
GPP,1635,746,317553
GPP,1636,746,317742
GPP,1637,746,317930
GPP,1638,746,318135
GPP,1639,746,318323
GPP,1640,746,318511
GPP,1641,746,318716
GPP,1642,746,318904
GPP,1643,746,319093
GPP,1644,733,319281
GPP,1645,733,319485
GPP,1646,716,319674
GPP,1647,716,319862
GPP,1648,716,320067
GPP,1649,715,320255
GPP,1650,715,320444
GPP,1651,715,320648
GPP,1652,715,320836
GPP,1653,714,321025
GPP,1654,714,321229
GPP,1655,714,321417
GPP,1656,714,321606
GPP,1657,714,321810
GPP,1658,714,321998
GPP,1659,714,322186
GPP,1660,714,322390
GPP,1661,714,322578
GPP,1662,714,322781
GPP,1663,714,322969
GPP,1664,714,323173
GPP,1665,714,323361
GPP,1666,714,323549
GPP,1667,714,323753
GPP,1668,714,323942
GPP,1669,714,324130
GPP,1670,714,324334
GPP,1671,714,324523
GPP,1672,714,324711
GPP,1673,714,324915
GPP,1674,714,325104
GPP,1675,714,325308
GPP,1676,714,325497
GPP,1677,714,325685
GPP,1678,714,325892
GPP,1679,714,326088
GPP,1680,714,326269
GPP,1681,714,326473
GPP,1682,714,326662
GPP,1683,712,326851
GPP,1684,712,327055
GPP,1685,712,327243
GPP,1686,700,327448
GPP,1687,700,327637
GPP,1688,700,327825
GPP,1689,700,328029
GPP,1690,700,328217
GPP,1691,700,328422
GPP,1692,700,328616
GPP,1693,700,328810
GPP,1694,700,329006
GPP,1695,700,329201
GPP,1696,700,329395
GPP,1697,700,329591
GPP,1698,700,329787
GPP,1699,700,329981
GPP,1700,700,330176
GPP,1701,700,330364
GPP,1702,700,330552
GPP,1703,700,330756
GPP,1704,700,330943
GPP,1705,698,331147
GPP,1706,698,331336
GPP,1707,698,331539
GPP,1708,698,331728
GPP,1709,698,331931
GPP,1710,698,332119
GPP,1711,698,332307
GPP,1712,698,332511
GPP,1713,698,332700
GPP,1714,698,332904
GPP,1715,698,333093
GPP,1716,698,333281
GPP,1717,698,333485
GPP,1718,698,333674
GPP,1719,698,333878
GPP,1720,698,334067
GPP,1721,698,334255
GPP,1722,698,334460
GPP,1723,698,334648
GPP,1724,698,334837
GPP,1725,698,335041
GPP,1726,698,335229
GPP,1727,698,335426
GPP,1728,698,335622
GPP,1729,698,335811
GPP,1730,698,336015
GPP,1731,698,336203
GPP,1732,698,336391
GPP,1733,698,336595
GPP,1734,698,336793
GPP,1735,698,336988
GPP,1736,698,337182
GPP,1737,698,337378
GPP,1738,698,337573
GPP,1739,698,337769
GPP,1740,698,337963
GPP,1741,698,338159
GPP,1742,698,338353
GPP,1743,698,338547
GPP,1744,698,338741
GPP,1745,698,338936
GPP,1746,698,339130
GPP,1747,698,339325
GPP,1748,698,339519
GPP,1749,698,339715
GPP,1750,698,339909
GPP,1751,698,340104
GPP,1752,698,340300
GPP,1753,698,340492
GPP,1754,698,340683
GPP,1755,698,340871
GPP,1756,698,341076
GPP,1757,698,341264
GPP,1758,698,341469
GPP,1759,698,341657
GPP,1760,698,341846
GPP,1761,698,342050
GPP,1762,698,342238
GPP,1763,698,342427
GPP,1764,698,342631
GPP,1765,698,342820
GPP,1766,698,343008
GPP,1767,698,343197
GPP,1768,698,343401
GPP,1769,698,343598
GPP,1770,698,343779
GPP,1771,698,343983
GPP,1772,698,344172
GPP,1773,698,344361
GPP,1774,698,344565
GPP,1775,698,344754
GPP,1776,698,344942
GPP,1777,698,345130
GPP,1778,698,345335
GPP,1779,698,345523
GPP,1780,698,345723
GPP,1781,694,345916
GPP,1782,694,346105
GPP,1783,694,346293
GPP,1784,694,346482
GPP,1785,689,346670
GPP,1786,689,346858
GPP,1787,689,347047
GPP,1788,689,347235
GPP,1789,689,347439
GPP,1790,689,347627
GPP,1791,689,347816
GPP,1792,689,348004
GPP,1793,689,348193
GPP,1794,689,348381
GPP,1795,685,348570
GPP,1796,685,348758
GPP,1797,685,348946
GPP,1798,685,349135
GPP,1799,683,349323
GPP,1800,682,349527
GPP,1801,682,349716
GPP,1802,682,349904
GPP,1803,682,350092
GPP,1804,682,350281
GPP,1805,682,350469
GPP,1806,682,350657
GPP,1807,682,350845
GPP,1808,678,351034
GPP,1809,674,351223
GPP,1810,674,351427
GPP,1811,674,351615
GPP,1812,673,351804
GPP,1813,673,351992
GPP,1814,673,352180
GPP,1815,673,352369
GPP,1816,673,352557
GPP,1817,673,352760
GPP,1818,673,352950
GPP,1819,673,353145
GPP,1820,673,353335
GPP,1821,673,353529
GPP,1822,671,353722
GPP,1823,671,353913
GPP,1824,671,354106
GPP,1825,671,354302
GPP,1826,671,354485
GPP,1827,671,354674
GPP,1828,671,354862
GPP,1829,671,355066
GPP,1830,671,355254
GPP,1831,671,355443
GPP,1832,671,355631
GPP,1833,671,355820
GPP,1834,671,356009
GPP,1835,671,356197
GPP,1836,671,356385
GPP,1837,671,356590
GPP,1838,671,356778
GPP,1839,671,356967
GPP,1840,671,357155
GPP,1841,671,357344
GPP,1842,671,357532
GPP,1843,671,357736
GPP,1844,671,357925
GPP,1845,671,358113
GPP,1846,671,358301
GPP,1847,671,358490
GPP,1848,671,358678
GPP,1849,671,358882
GPP,1850,671,359071
GPP,1851,671,359260
GPP,1852,671,359448
GPP,1853,671,359637
GPP,1854,671,359825
GPP,1855,671,360014
GPP,1856,671,360202
GPP,1857,671,360406
GPP,1858,671,360594
GPP,1859,671,360783
GPP,1860,671,360972
GPP,1861,671,361160
GPP,1862,671,361349
GPP,1863,671,361537
GPP,1864,671,361741
GPP,1865,671,361930
GPP,1866,671,362118
GPP,1867,671,362306
GPP,1868,671,362494
GPP,1869,671,362683
GPP,1870,671,362887
GPP,1871,671,363075
GPP,1872,671,363264
GPP,1873,671,363452
GPP,1874,671,363641
GPP,1875,671,363829
GPP,1876,671,364018
GPP,1877,671,364222
GPP,1878,671,364410
GPP,1879,671,364599
GPP,1880,671,364788
GPP,1881,671,364976
GPP,1882,671,365165
GPP,1883,671,365353
GPP,1884,671,365558
GPP,1885,671,365747
GPP,1886,671,365936
GPP,1887,671,366124
GPP,1888,671,366313
GPP,1889,671,366501
GPP,1890,671,366689
GPP,1891,671,366878
GPP,1892,671,367067
GPP,1893,671,367271
GPP,1894,671,367462
GPP,1895,671,367656
GPP,1896,671,367841
GPP,1897,671,368029
GPP,1898,671,368234
GPP,1899,671,368422
GPP,1900,671,368610
GPP,1901,671,368798
GPP,1902,671,368987
GPP,1903,671,369175
GPP,1904,671,369364
GPP,1905,671,369552
GPP,1906,671,369756
GPP,1907,671,369945
GPP,1908,671,370134
GPP,1909,663,370322
GPP,1910,663,370510
GPP,1911,663,370699
GPP,1912,663,370888
GPP,1913,663,371076
GPP,1914,663,371264
GPP,1915,663,371468
GPP,1916,663,371656
GPP,1917,663,371844
GPP,1918,662,372033
GPP,1919,662,372237
GPP,1920,662,372426
GPP,1921,662,372615
GPP,1922,662,372803
GPP,1923,662,372992
GPP,1924,662,373180
GPP,1925,662,373369
GPP,1926,662,373575
GPP,1927,662,373761
GPP,1928,658,373950
GPP,1929,657,374139
GPP,1930,657,374327
GPP,1931,657,374531
GPP,1932,657,374720
GPP,1933,653,374908
GPP,1934,653,375097
GPP,1935,653,375285
GPP,1936,653,375489
GPP,1937,653,375677
GPP,1938,653,375865
GPP,1939,653,376053
GPP,1940,653,376242
GPP,1941,653,376430
GPP,1942,653,376634
GPP,1943,653,376823
GPP,1944,650,377011
GPP,1945,650,377200
GPP,1946,650,377388
GPP,1947,648,377593
GPP,1948,648,377781
GPP,1949,648,377969
GPP,1950,648,378158
GPP,1951,648,378362
GPP,1952,648,378550
GPP,1953,648,378739
GPP,1954,648,378927
GPP,1955,645,379116
GPP,1956,645,379320
GPP,1957,645,379509
GPP,1958,645,379714
GPP,1959,645,379922
GPP,1960,645,380122
GPP,1961,645,380320
GPP,1962,645,380530
GPP,1963,645,380726
GPP,1964,645,380911
GPP,1965,645,381116
GPP,1966,645,381317
GPP,1967,645,381509
GPP,1968,645,381713
GPP,1969,645,381902
GPP,1970,645,382106
GPP,1971,645,382295
GPP,1972,637,382484
GPP,1973,637,382688
GPP,1974,637,382876
GPP,1975,637,383065
GPP,1976,637,383269
GPP,1977,637,383458
GPP,1978,637,383662
GPP,1979,637,383855
GPP,1980,637,384055
GPP,1981,637,384243
GPP,1982,637,384431
GPP,1983,637,384636
GPP,1984,637,384824
GPP,1985,637,385029
GPP,1986,637,385218
GPP,1987,637,385406
GPP,1988,637,385611
GPP,1989,637,385799
GPP,1990,637,385988
GPP,1991,637,386176
GPP,1992,637,386380
GPP,1993,637,386571
GPP,1994,637,386766
GPP,1995,637,386946
GPP,1996,637,387157
GPP,1997,637,387340
GPP,1998,637,387544
GPP,1999,637,387732
GPP,2000,637,387921
GPP,2001,637,388125
GPP,2002,637,388313
GPP,2003,637,388502
GPP,2004,637,388690
GPP,2005,637,388894
GPP,2006,637,389083
GPP,2007,637,389271
GPP,2008,637,389460
GPP,2009,637,389648
GPP,2010,637,389837
GPP,2011,637,390041
GPP,2012,637,390229
GPP,2013,637,390418
GPP,2014,637,390606
GPP,2015,637,390795
GPP,2016,637,390983
GPP,2017,637,391172
GPP,2018,637,391360
GPP,2019,637,391564
GPP,2020,637,391753
GPP,2021,637,391941
GPP,2022,637,392130
GPP,2023,637,392318
GPP,2024,637,392507
GPP,2025,637,392695
GPP,2026,637,392884
GPP,2027,637,393072
GPP,2028,637,393261
GPP,2029,637,393449
GPP,2030,637,393638
GPP,2031,637,393842
GPP,2032,637,394030
GPP,2033,637,394219
GPP,2034,637,394407
GPP,2035,637,394596
GPP,2036,637,394784
GPP,2037,637,394972
GPP,2038,637,395161
GPP,2039,637,395365
GPP,2040,637,395556
GPP,2041,637,395742
GPP,2042,637,395931
GPP,2043,637,396120
GPP,2044,637,396308
GPP,2045,637,396497
GPP,2046,637,396686
GPP,2047,631,396874
GPP,2048,631,397063
GPP,2049,631,397267
GPP,2050,631,397456
GPP,2051,631,397644
GPP,2052,631,397832
GPP,2053,631,398021
GPP,2054,631,398210
GPP,2055,631,398414
GPP,2056,631,398602
GPP,2057,631,398790
GPP,2058,631,398979
GPP,2059,631,399167
GPP,2060,631,399356
GPP,2061,631,399560
GPP,2062,631,399748
GPP,2063,631,399936
GPP,2064,631,400125
GPP,2065,630,400313
GPP,2066,630,400501
GPP,2067,630,400690
GPP,2068,624,400894
GPP,2069,624,401083
GPP,2070,624,401271
GPP,2071,624,401459
GPP,2072,624,401648
GPP,2073,624,401836
GPP,2074,624,402025
GPP,2075,624,402213
GPP,2076,623,402402
GPP,2077,623,402606
GPP,2078,620,402794
GPP,2079,620,402983
GPP,2080,620,403171
GPP,2081,620,403359
GPP,2082,620,403547
GPP,2083,620,403752
GPP,2084,620,403940
GPP,2085,620,404129
GPP,2086,620,404318
GPP,2087,620,404506
GPP,2088,620,404695
GPP,2089,620,404883
GPP,2090,620,405087
GPP,2091,620,405276
GPP,2092,613,405465
GPP,2093,613,405653
GPP,2094,613,405841
GPP,2095,613,406045
GPP,2096,613,406234
GPP,2097,613,406422
GPP,2098,613,406611
GPP,2099,613,406799
GPP,2100,613,407003
GPP,2101,613,407192
GPP,2102,613,407381
GPP,2103,613,407569
GPP,2104,613,407757
GPP,2105,613,407946
GPP,2106,613,408134
GPP,2107,613,408339
GPP,2108,613,408527
GPP,2109,613,408716
GPP,2110,613,408904
GPP,2111,613,409093
GPP,2112,613,409282
GPP,2113,613,409486
GPP,2114,613,409675
GPP,2115,613,409869
GPP,2116,613,410058
GPP,2117,613,410255
GPP,2118,613,410445
GPP,2119,613,410641
GPP,2120,613,410840
GPP,2121,613,411032
GPP,2122,613,411228
GPP,2123,613,411412
GPP,2124,613,411600
GPP,2125,613,411805
GPP,2126,613,411997
GPP,2127,613,412189
GPP,2128,613,412380
GPP,2129,613,412573
GPP,2130,613,412767
GPP,2131,613,412961
GPP,2132,613,413153
GPP,2133,613,413345
GPP,2134,613,413537
GPP,2135,613,413731
GPP,2136,613,413923
GPP,2137,613,414116
GPP,2138,613,414298
GPP,2139,613,414486
GPP,2140,613,414690
GPP,2141,613,414878
GPP,2142,613,415066
GPP,2143,613,415269
GPP,2144,613,415458
GPP,2145,613,415646
GPP,2146,613,415834
GPP,2147,613,416022
GPP,2148,613,416226
GPP,2149,613,416414
GPP,2150,613,416602
GPP,2151,613,416790
GPP,2152,613,416994
GPP,2153,613,417182
GPP,2154,613,417371
GPP,2155,613,417559
GPP,2156,613,417763
GPP,2157,613,417951
GPP,2158,613,418139
GPP,2159,613,418327
GPP,2160,613,418515
GPP,2161,613,418719
GPP,2162,613,418907
GPP,2163,613,419095
GPP,2164,613,419283
GPP,2165,613,419487
GPP,2166,613,419675
GPP,2167,613,419863
GPP,2168,613,420051
GPP,2169,613,420240
GPP,2170,613,420443
GPP,2171,613,420631
GPP,2172,613,420819
GPP,2173,613,421007
GPP,2174,613,421195
GPP,2175,613,421399
GPP,2176,613,421587
GPP,2177,613,421775
GPP,2178,613,421963
GPP,2179,613,422151
GPP,2180,613,422339
GPP,2181,613,422543
GPP,2182,613,422731
GPP,2183,613,422919
GPP,2184,613,423107
GPP,2185,613,423311
GPP,2186,607,423499
GPP,2187,607,423687
GPP,2188,607,423875
GPP,2189,607,424079
GPP,2190,607,424267
GPP,2191,607,424455
GPP,2192,607,424643
GPP,2193,607,424831
GPP,2194,607,425035
GPP,2195,607,425223
GPP,2196,607,425411
GPP,2197,607,425599
GPP,2198,607,425787
GPP,2199,606,425991
GPP,2200,606,426179
GPP,2201,606,426367
GPP,2202,606,426555
GPP,2203,606,426743
GPP,2204,606,426947
GPP,2205,606,427135
GPP,2206,606,427323
GPP,2207,606,427511
GPP,2208,606,427699
GPP,2209,606,427903
GPP,2210,606,428091
GPP,2211,606,428280
GPP,2212,606,428468
GPP,2213,606,428657
GPP,2214,606,428861
GPP,2215,606,429049
GPP,2216,606,429237
GPP,2217,606,429425
GPP,2218,606,429628
GPP,2219,606,429816
GPP,2220,606,430004
GPP,2221,606,430192
GPP,2222,606,430380
GPP,2223,606,430584
GPP,2224,606,430773
GPP,2225,606,430961
GPP,2226,606,431149
GPP,2227,606,431353
GPP,2228,606,431541
GPP,2229,606,431729
GPP,2230,606,431917
GPP,2231,606,432120
GPP,2232,604,432309
GPP,2233,604,432497
GPP,2234,604,432701
GPP,2235,604,432889
GPP,2236,604,433077
GPP,2237,604,433265
GPP,2238,604,433468
GPP,2239,604,433656
GPP,2240,604,433844
GPP,2241,604,434048
GPP,2242,604,434236
GPP,2243,604,434424
GPP,2244,604,434628
GPP,2245,604,434816
GPP,2246,598,435004
GPP,2247,598,435192
GPP,2248,598,435395
GPP,2249,598,435584
GPP,2250,598,435771
GPP,2251,598,435975
GPP,2252,598,436163
GPP,2253,598,436351
GPP,2254,598,436539
GPP,2255,598,436743
GPP,2256,598,436932
GPP,2257,598,437120
GPP,2258,598,437308
GPP,2259,598,437511
GPP,2260,598,437700
GPP,2261,598,437888
GPP,2262,598,438091
GPP,2263,598,438279
GPP,2264,598,438467
GPP,2265,598,438655
GPP,2266,598,438860
GPP,2267,597,439048
GPP,2268,597,439236
GPP,2269,597,439432
GPP,2270,597,439628
GPP,2271,597,439817
GPP,2272,597,440005
GPP,2273,597,440193
GPP,2274,597,440397
GPP,2275,597,440586
GPP,2276,597,440774
GPP,2277,597,440963
GPP,2278,597,441151
GPP,2279,597,441340
GPP,2280,597,441529
GPP,2281,597,441734
GPP,2282,597,441925
GPP,2283,597,442110
GPP,2284,597,442298
GPP,2285,597,442486
GPP,2286,597,442691
GPP,2287,597,442879
GPP,2288,597,443068
GPP,2289,597,443256
GPP,2290,597,443445
GPP,2291,597,443649
GPP,2292,597,443838
GPP,2293,597,444026
GPP,2294,597,444215
GPP,2295,597,444404
GPP,2296,597,444592
GPP,2297,597,444781
GPP,2298,597,444969
GPP,2299,597,445173
GPP,2300,597,445361
GPP,2301,597,445550
GPP,2302,597,445739
GPP,2303,597,445927
GPP,2304,597,446115
GPP,2305,597,446304
GPP,2306,597,446508
GPP,2307,597,446697
GPP,2308,597,446885
GPP,2309,597,447074
GPP,2310,597,447263
GPP,2311,597,447451
GPP,2312,597,447640
GPP,2313,597,447844
GPP,2314,597,448032
GPP,2315,597,448221
GPP,2316,597,448410
GPP,2317,597,448598
GPP,2318,597,448787
GPP,2319,597,448975
GPP,2320,597,449179
GPP,2321,597,449368
GPP,2322,597,449557
GPP,2323,597,449745
GPP,2324,597,449933
GPP,2325,597,450122
GPP,2326,597,450311
GPP,2327,597,450499
GPP,2328,597,450688
GPP,2329,597,450877
GPP,2330,597,451065
GPP,2331,597,451254
GPP,2332,597,451442
GPP,2333,597,451630
GPP,2334,597,451835
GPP,2335,597,452023
GPP,2336,597,452211
GPP,2337,597,452399
GPP,2338,597,452588
GPP,2339,587,452777
GPP,2340,587,452966
GPP,2341,587,453154
GPP,2342,587,453343
GPP,2343,587,453547
GPP,2344,587,453736
GPP,2345,587,453924
GPP,2346,587,454112
GPP,2347,587,454301
GPP,2348,587,454489
GPP,2349,587,454694
GPP,2350,587,454882
GPP,2351,587,455070
GPP,2352,587,455259
GPP,2353,587,455447
GPP,2354,587,455636
GPP,2355,586,455825
GPP,2356,586,456013
GPP,2357,586,456202
GPP,2358,586,456390
GPP,2359,586,456578
GPP,2360,584,456782
GPP,2361,584,456971
GPP,2362,584,457159
GPP,2363,584,457347
GPP,2364,584,457536
GPP,2365,584,457724
GPP,2366,584,457913
GPP,2367,584,458101
GPP,2368,584,458289
GPP,2369,584,458478
GPP,2370,584,458667
GPP,2371,584,458855
GPP,2372,584,459044
GPP,2373,584,459248
GPP,2374,583,459436
GPP,2375,583,459625
GPP,2376,583,459813
GPP,2377,583,460002
GPP,2378,583,460190
GPP,2379,583,460379
GPP,2380,583,460583
GPP,2381,583,460771
GPP,2382,583,460959
GPP,2383,583,461148
GPP,2384,582,461337
GPP,2385,579,461541
GPP,2386,579,461730
GPP,2387,579,461918
GPP,2388,579,462107
GPP,2389,579,462295
GPP,2390,579,462484
GPP,2391,579,462672
GPP,2392,570,462861
GPP,2393,570,463065
GPP,2394,570,463253
GPP,2395,570,463441
GPP,2396,570,463630
GPP,2397,570,463818
GPP,2398,570,464007
GPP,2399,570,464195
GPP,2400,570,464384
GPP,2401,570,464588
GPP,2402,570,464776
GPP,2403,570,464965
GPP,2404,570,465153
GPP,2405,570,465342
GPP,2406,570,465530
GPP,2407,570,465719
GPP,2408,570,465923
GPP,2409,570,466111
GPP,2410,570,466300
GPP,2411,570,466488
GPP,2412,570,466677
GPP,2413,570,466865
GPP,2414,570,467054
GPP,2415,570,467258
GPP,2416,570,467447
GPP,2417,570,467635
GPP,2418,570,467824
GPP,2419,570,468012
GPP,2420,570,468201
GPP,2421,570,468390
GPP,2422,570,468578
GPP,2423,570,468782
GPP,2424,570,468970
GPP,2425,570,469159
GPP,2426,570,469347
GPP,2427,570,469536
GPP,2428,570,469724
GPP,2429,570,469913
GPP,2430,570,470102
GPP,2431,570,470291
GPP,2432,570,470495
GPP,2433,570,470683
GPP,2434,570,470872
GPP,2435,570,471060
GPP,2436,570,471249
GPP,2437,570,471437
GPP,2438,570,471626
GPP,2439,570,471830
GPP,2440,570,472019
GPP,2441,570,472207
GPP,2442,570,472395
GPP,2443,570,472584
GPP,2444,570,472773
GPP,2445,570,472961
GPP,2446,570,473150
GPP,2447,570,473354
GPP,2448,570,473542
GPP,2449,570,473731
GPP,2450,570,473919
GPP,2451,570,474107
GPP,2452,570,474296
GPP,2453,570,474484
GPP,2454,570,474688
GPP,2455,570,474877
GPP,2456,570,475066
GPP,2457,570,475254
GPP,2458,570,475443
GPP,2459,570,475631
GPP,2460,570,475820
GPP,2461,570,476008
GPP,2462,570,476212
GPP,2463,570,476400
GPP,2464,570,476589
GPP,2465,570,476777
GPP,2466,570,476976
GPP,2467,570,477170
GPP,2468,570,477359
GPP,2469,570,477547
GPP,2470,570,477736
GPP,2471,570,477924
GPP,2472,570,478127
GPP,2473,570,478318
GPP,2474,570,478509
GPP,2475,570,478703
GPP,2476,570,478893
GPP,2477,570,479086
GPP,2478,570,479275
GPP,2479,570,479465
GPP,2480,570,479657
GPP,2481,570,479849
GPP,2482,570,480040
GPP,2483,570,480230
GPP,2484,570,480420
GPP,2485,570,480613
GPP,2486,570,480806
GPP,2487,569,480995
GPP,2488,569,481187
GPP,2489,569,481379
GPP,2490,569,481572
GPP,2491,569,481764
GPP,2492,569,481954
GPP,2493,569,482145
GPP,2494,569,482335
GPP,2495,569,482526
GPP,2496,565,482718
GPP,2497,565,482909
GPP,2498,565,483100
GPP,2499,565,483290
GPP,2500,565,483480
GPP,2501,565,483671
GPP,2502,565,483866
GPP,2503,565,484056
GPP,2504,565,484245
GPP,2505,565,484439
GPP,2506,565,484631
GPP,2507,563,484822
GPP,2508,563,485013
GPP,2509,563,485203
GPP,2510,562,485396
GPP,2511,562,485588
GPP,2512,562,485778
GPP,2513,562,485972
GPP,2514,562,486164
GPP,2515,557,486354
GPP,2516,557,486548
GPP,2517,557,486742
GPP,2518,557,486933
GPP,2519,557,487117
GPP,2520,557,487306
GPP,2521,557,487510
GPP,2522,557,487699
GPP,2523,557,487887
GPP,2524,557,488076
GPP,2525,557,488264
GPP,2526,555,488453
GPP,2527,555,488657
GPP,2528,555,488845
GPP,2529,555,489034
GPP,2530,555,489232
GPP,2531,555,489427
GPP,2532,555,489621
GPP,2533,555,489814
GPP,2534,555,490008
GPP,2535,555,490202
GPP,2536,555,490391
GPP,2537,555,490587
GPP,2538,555,490778
GPP,2539,555,490973
GPP,2540,555,491168
GPP,2541,555,491358
GPP,2542,555,491554
GPP,2543,555,491747
GPP,2544,555,491942
GPP,2545,555,492133
GPP,2546,555,492326
GPP,2547,555,492516
GPP,2548,555,492711
GPP,2549,555,492903
GPP,2550,555,493096
GPP,2551,555,493285
GPP,2552,555,493473
GPP,2553,555,493661
GPP,2554,555,493866
GPP,2555,555,494054
GPP,2556,555,494243
GPP,2557,555,494431
GPP,2558,555,494619
GPP,2559,555,494808
GPP,2560,555,494997
GPP,2561,555,495185
GPP,2562,555,495389
GPP,2563,555,495577
GPP,2564,555,495766
GPP,2565,555,495955
GPP,2566,555,496143
GPP,2567,555,496332
GPP,2568,555,496520
GPP,2569,555,496724
GPP,2570,555,496913
GPP,2571,555,497101
GPP,2572,555,497289
GPP,2573,555,497477
GPP,2574,555,497666
GPP,2575,555,497870
GPP,2576,555,498059
GPP,2577,555,498247
GPP,2578,555,498436
GPP,2579,555,498624
GPP,2580,555,498813
GPP,2581,555,499001
GPP,2582,555,499190
GPP,2583,555,499394
GPP,2584,555,499582
GPP,2585,555,499771
GPP,2586,555,499959
GPP,2587,555,500148
GPP,2588,555,500336
GPP,2589,555,500540
GPP,2590,555,500729
GPP,2591,555,500917
GPP,2592,555,501106
GPP,2593,555,501294
GPP,2594,555,501483
GPP,2595,555,501671
GPP,2596,555,501875
GPP,2597,555,502064
GPP,2598,555,502252
GPP,2599,555,502441
GPP,2600,555,502629
GPP,2601,555,502818
GPP,2602,555,503006
GPP,2603,555,503194
GPP,2604,555,503383
GPP,2605,555,503572
GPP,2606,555,503760
GPP,2607,555,503949
GPP,2608,555,504137
GPP,2609,555,504325
GPP,2610,555,504514
GPP,2611,555,504718
GPP,2612,555,504906
GPP,2613,555,505094
GPP,2614,555,505283
GPP,2615,555,505471
GPP,2616,555,505675
GPP,2617,555,505863
GPP,2618,555,506052
GPP,2619,555,506240
GPP,2620,555,506428
GPP,2621,555,506617
GPP,2622,555,506821
GPP,2623,555,507009
GPP,2624,555,507198
GPP,2625,555,507386
GPP,2626,555,507575
GPP,2627,555,507778
GPP,2628,549,507966
GPP,2629,549,508155
GPP,2630,549,508343
GPP,2631,548,508531
GPP,2632,548,508720
GPP,2633,548,508924
GPP,2634,543,509113
GPP,2635,543,509301
GPP,2636,543,509489
GPP,2637,543,509677
GPP,2638,543,509881
GPP,2639,543,510070
GPP,2640,543,510258
GPP,2641,543,510447
GPP,2642,543,510635
GPP,2643,543,510824
GPP,2644,543,511012
GPP,2645,541,511217
GPP,2646,541,511405
GPP,2647,541,511593
GPP,2648,541,511782
GPP,2649,541,511970
GPP,2650,541,512159
GPP,2651,541,512363
GPP,2652,541,512558
GPP,2653,541,512740
GPP,2654,541,512943
GPP,2655,536,513132
GPP,2656,536,513321
GPP,2657,536,513509
GPP,2658,536,513713
GPP,2659,534,513902
GPP,2660,534,514091
GPP,2661,534,514279
GPP,2662,534,514468
GPP,2663,534,514657
GPP,2664,534,514861
GPP,2665,534,515050
GPP,2666,534,515238
GPP,2667,534,515427
GPP,2668,534,515615
GPP,2669,534,515803
GPP,2670,534,516008
GPP,2671,534,516196
GPP,2672,534,516385
GPP,2673,534,516574
GPP,2674,534,516762
GPP,2675,534,516950
GPP,2676,534,517154
GPP,2677,534,517343
GPP,2678,534,517531
GPP,2679,534,517720
GPP,2680,534,517908
GPP,2681,534,518097
GPP,2682,534,518301
GPP,2683,534,518490
GPP,2684,534,518678
GPP,2685,534,518866
GPP,2686,534,519055
GPP,2687,534,519243
GPP,2688,534,519447
GPP,2689,534,519636
GPP,2690,534,519824
GPP,2691,534,520013
GPP,2692,534,520202
GPP,2693,534,520390
GPP,2694,534,520578
GPP,2695,534,520783
GPP,2696,534,520977
GPP,2697,534,521171
GPP,2698,534,521363
GPP,2699,534,521559
GPP,2700,534,521746
GPP,2701,534,521934
GPP,2702,534,522123
GPP,2703,534,522327
GPP,2704,534,522515
GPP,2705,534,522704
GPP,2706,534,522892
GPP,2707,534,523081
GPP,2708,534,523285
GPP,2709,534,523473
GPP,2710,534,523662
GPP,2711,534,523850
GPP,2712,534,524038
GPP,2713,534,524227
GPP,2714,534,524431
GPP,2715,534,524619
GPP,2716,534,524808
GPP,2717,534,524996
GPP,2718,534,525185
GPP,2719,534,525373
GPP,2720,534,525562
GPP,2721,534,525766
GPP,2722,534,525954
GPP,2723,534,526143
GPP,2724,534,526331
GPP,2725,534,526520
GPP,2726,534,526709
GPP,2727,534,526897
GPP,2728,534,527101
GPP,2729,534,527289
GPP,2730,534,527477
GPP,2731,534,527666
GPP,2732,534,527870
GPP,2733,534,528058
GPP,2734,534,528246
GPP,2735,534,528435
GPP,2736,534,528623
GPP,2737,534,528812
GPP,2738,534,529000
GPP,2739,534,529204
GPP,2740,534,529393
GPP,2741,534,529581
GPP,2742,534,529770
GPP,2743,534,529958
GPP,2744,534,530162
GPP,2745,534,530351
GPP,2746,534,530539
GPP,2747,534,530728
GPP,2748,534,530917
GPP,2749,534,531121
GPP,2750,534,531309
GPP,2751,534,531498
GPP,2752,534,531686
GPP,2753,534,531874
GPP,2754,534,532063
GPP,2755,534,532267
GPP,2756,534,532455
GPP,2757,534,532643
GPP,2758,534,532840
GPP,2759,534,533021
GPP,2760,534,533209
GPP,2761,534,533398
GPP,2762,534,533586
GPP,2763,534,533791
GPP,2764,534,533979
GPP,2765,534,534168
GPP,2766,534,534356
GPP,2767,534,534544
GPP,2768,534,534749
GPP,2769,534,534937
GPP,2770,534,535125
GPP,2771,534,535314
GPP,2772,534,535518
GPP,2773,534,535706
GPP,2774,534,535895
GPP,2775,534,536083
GPP,2776,534,536272
GPP,2777,534,536460
GPP,2778,534,536665
GPP,2779,534,536853
GPP,2780,534,537042
GPP,2781,532,537230
GPP,2782,532,537418
GPP,2783,532,537622
GPP,2784,532,537811
GPP,2785,532,537999
GPP,2786,532,538188
GPP,2787,525,538376
GPP,2788,525,538580
GPP,2789,525,538768
GPP,2790,525,538957
GPP,2791,525,539145
GPP,2792,525,539333
GPP,2793,525,539522
GPP,2794,525,539710
GPP,2795,525,539899
GPP,2796,525,540103
GPP,2797,525,540292
GPP,2798,525,540480
GPP,2799,525,540669
GPP,2800,525,540858
GPP,2801,525,541046
GPP,2802,525,541235
GPP,2803,525,541424
GPP,2804,525,541628
GPP,2805,525,541816
GPP,2806,525,542005
GPP,2807,525,542193
GPP,2808,525,542382
GPP,2809,525,542571
GPP,2810,525,542759
GPP,2811,525,542964
GPP,2812,525,543152
GPP,2813,525,543341
GPP,2814,525,543529
GPP,2815,525,543717
GPP,2816,525,543906
GPP,2817,525,544094
GPP,2818,525,544283
GPP,2819,525,544487
GPP,2820,525,544676
GPP,2821,525,544864
GPP,2822,525,545053
GPP,2823,525,545241
GPP,2824,525,545430
GPP,2825,525,545619
GPP,2826,525,545823
GPP,2827,525,546011
GPP,2828,525,546200
GPP,2829,525,546388
GPP,2830,525,546576
GPP,2831,525,546765
GPP,2832,525,546953
GPP,2833,525,547141
GPP,2834,525,547346
GPP,2835,525,547534
GPP,2836,525,547723
GPP,2837,525,547911
GPP,2838,525,548099
GPP,2839,525,548288
GPP,2840,525,548492
GPP,2841,525,548681
GPP,2842,525,548869
GPP,2843,525,549058
GPP,2844,525,549246
GPP,2845,525,549434
GPP,2846,525,549623
GPP,2847,525,549827
GPP,2848,525,550015
GPP,2849,525,550204
GPP,2850,525,550392
GPP,2851,525,550581
GPP,2852,525,550770
GPP,2853,525,550959
GPP,2854,525,551147
GPP,2855,525,551351
GPP,2856,525,551540
GPP,2857,525,551729
GPP,2858,525,551917
GPP,2859,525,552105
GPP,2860,525,552294
GPP,2861,525,552482
GPP,2862,525,552687
GPP,2863,525,552875
GPP,2864,525,553064
GPP,2865,525,553252
GPP,2866,525,553441
GPP,2867,525,553629
GPP,2868,525,553818
GPP,2869,525,554006
GPP,2870,525,554194
GPP,2871,525,554383
GPP,2872,525,554587
GPP,2873,525,554775
GPP,2874,525,554964
GPP,2875,525,555152
GPP,2876,525,555341
GPP,2877,525,555529
GPP,2878,525,555718
GPP,2879,525,555906
GPP,2880,525,556095
GPP,2881,525,556283
GPP,2882,525,556472
GPP,2883,525,556675
GPP,2884,525,556864
GPP,2885,525,557052
GPP,2886,525,557241
GPP,2887,525,557430
GPP,2888,525,557618
GPP,2889,525,557807
GPP,2890,525,557995
GPP,2891,525,558184
GPP,2892,525,558372
GPP,2893,525,558561
GPP,2894,525,558749
GPP,2895,525,558938
GPP,2896,525,559126
GPP,2897,525,559315
GPP,2898,525,559503
GPP,2899,525,559692
GPP,2900,525,559880
GPP,2901,525,560069
GPP,2902,525,560257
GPP,2903,525,560461
GPP,2904,525,560650
GPP,2905,525,560839
GPP,2906,525,561027
GPP,2907,525,561216
GPP,2908,525,561404
GPP,2909,525,561593
GPP,2910,525,561781
GPP,2911,525,561970
GPP,2912,525,562159
GPP,2913,525,562347
GPP,2914,525,562536
GPP,2915,525,562724
GPP,2916,525,562912
GPP,2917,525,563101
GPP,2918,525,563305
GPP,2919,525,563493
GPP,2920,525,563681
GPP,2921,525,563869
GPP,2922,525,564058
GPP,2923,525,564247
GPP,2924,525,564435
GPP,2925,525,564623
GPP,2926,525,564812
GPP,2927,525,565000
GPP,2928,525,565189
GPP,2929,525,565377
GPP,2930,525,565581
GPP,2931,525,565770
GPP,2932,525,565958
GPP,2933,525,566147
GPP,2934,520,566335
GPP,2935,520,566524
GPP,2936,520,566712
GPP,2937,520,566901
GPP,2938,520,567106
GPP,2939,520,567294
GPP,2940,520,567483
GPP,2941,520,567671
GPP,2942,520,567859
GPP,2943,520,568048
GPP,2944,520,568252
GPP,2945,520,568440
GPP,2946,520,568628
GPP,2947,520,568817
GPP,2948,520,569006
GPP,2949,520,569194
GPP,2950,520,569383
GPP,2951,520,569587
GPP,2952,520,569775
GPP,2953,520,569964
GPP,2954,520,570152
GPP,2955,520,570341
GPP,2956,520,570529
GPP,2957,520,570733
GPP,2958,520,570922
GPP,2959,520,571110
GPP,2960,520,571299
GPP,2961,520,571488
GPP,2962,520,571676
GPP,2963,520,571880
GPP,2964,520,572069
GPP,2965,520,572257
GPP,2966,520,572446
GPP,2967,520,572634
GPP,2968,520,572838
GPP,2969,520,573026
GPP,2970,520,573215
GPP,2971,520,573403
GPP,2972,520,573604
GPP,2973,520,573797
GPP,2974,520,573990
GPP,2975,520,574183
GPP,2976,520,574375
GPP,2977,520,574568
GPP,2978,520,574763
GPP,2979,520,574946
GPP,2980,520,575134
GPP,2981,520,575338
GPP,2982,520,575526
GPP,2983,520,575714
GPP,2984,520,575918
GPP,2985,520,576106
GPP,2986,520,576294
GPP,2987,520,576498
GPP,2988,520,576694
GPP,2989,520,576875
GPP,2990,520,577078
GPP,2991,520,577266
GPP,2992,520,577454
GPP,2993,520,577658
GPP,2994,520,577846
GPP,2995,520,578034
GPP,2996,520,578222
GPP,2997,520,578426
GPP,2998,520,578614
GPP,2999,520,578802
GPP,3000,520,579006
GPP,3001,520,579194
GPP,3002,520,579382
GPP,3003,520,579570
GPP,3004,520,579774
GPP,3005,520,579962
GPP,3006,520,580150
GPP,3007,520,580338
GPP,3008,520,580542
GPP,3009,520,580730
GPP,3010,520,580918
GPP,3011,520,581106
GPP,3012,520,581309
GPP,3013,520,581498
GPP,3014,520,581686
GPP,3015,520,581874
GPP,3016,520,582078
GPP,3017,520,582266
GPP,3018,520,582454
GPP,3019,520,582642
GPP,3020,520,582830
GPP,3021,520,583034
GPP,3022,520,583222
GPP,3023,520,583410
GPP,3024,520,583598
GPP,3025,520,583802
GPP,3026,520,583990
GPP,3027,520,584178
GPP,3028,520,584366
GPP,3029,520,584569
GPP,3030,520,584758
GPP,3031,520,584946
GPP,3032,520,585150
GPP,3033,520,585338
GPP,3034,520,585526
GPP,3035,520,585714
GPP,3036,520,585902
GPP,3037,520,586105
GPP,3038,520,586293
GPP,3039,520,586481
GPP,3040,520,586669
GPP,3041,520,586873
GPP,3042,520,587061
GPP,3043,520,587249
GPP,3044,520,587437
GPP,3045,520,587626
GPP,3046,520,587814
GPP,3047,520,588002
GPP,3048,520,588206
GPP,3049,520,588394
GPP,3050,520,588582
GPP,3051,520,588770
GPP,3052,520,588966
GPP,3053,518,589147
GPP,3054,518,589350
GPP,3055,518,589538
GPP,3056,518,589727
GPP,3057,518,589915
GPP,3058,518,590118
GPP,3059,518,590306
GPP,3060,518,590494
GPP,3061,518,590682
GPP,3062,518,590870
GPP,3063,518,591058
GPP,3064,516,591262
GPP,3065,516,591450
GPP,3066,516,591638
GPP,3067,516,591826
GPP,3068,513,592014
GPP,3069,513,592218
GPP,3070,513,592406
GPP,3071,513,592594
GPP,3072,513,592782
GPP,3073,513,592970
GPP,3074,513,593174
GPP,3075,513,593362
GPP,3076,513,593550
GPP,3077,513,593738
GPP,3078,513,593926
GPP,3079,513,594129
GPP,3080,513,594318
GPP,3081,513,594506
GPP,3082,513,594694
GPP,3083,513,594898
GPP,3084,513,595086
GPP,3085,513,595274
GPP,3086,513,595477
GPP,3087,513,595665
GPP,3088,513,595853
GPP,3089,513,596041
GPP,3090,513,596245
GPP,3091,511,596433
GPP,3092,511,596621
GPP,3093,511,596809
GPP,3094,511,597012
GPP,3095,511,597200
GPP,3096,511,597388
GPP,3097,511,597592
GPP,3098,511,597780
GPP,3099,511,597968
GPP,3100,511,598156
GPP,3101,511,598360
GPP,3102,511,598549
GPP,3103,511,598737
GPP,3104,511,598941
GPP,3105,511,599129
GPP,3106,511,599317
GPP,3107,511,599505
GPP,3108,511,599709
GPP,3109,511,599897
GPP,3110,511,600085
GPP,3111,511,600289
GPP,3112,511,600477
GPP,3113,511,600665
GPP,3114,511,600853
GPP,3115,511,601057
GPP,3116,511,601245
GPP,3117,511,601433
GPP,3118,511,601621
GPP,3119,511,601825
GPP,3120,511,602013
GPP,3121,511,602201
GPP,3122,511,602390
GPP,3123,511,602593
GPP,3124,511,602781
GPP,3125,511,602969
GPP,3126,511,603173
GPP,3127,511,603361
GPP,3128,511,603549
GPP,3129,511,603752
GPP,3130,511,603940
GPP,3131,511,604129
GPP,3132,511,604317
GPP,3133,511,604505
GPP,3134,511,604709
GPP,3135,511,604897
GPP,3136,511,605085
GPP,3137,511,605289
GPP,3138,511,605477
GPP,3139,511,605665
GPP,3140,511,605868
GPP,3141,511,606056
GPP,3142,511,606244
GPP,3143,511,606432
GPP,3144,511,606636
GPP,3145,511,606824
GPP,3146,511,607012
GPP,3147,511,607200
GPP,3148,511,607404
GPP,3149,511,607592
GPP,3150,511,607780
GPP,3151,511,607968
GPP,3152,511,608172
GPP,3153,511,608360
GPP,3154,511,608548
GPP,3155,511,608736
GPP,3156,511,608940
GPP,3157,511,609128
GPP,3158,511,609316
GPP,3159,511,609504
GPP,3160,511,609708
GPP,3161,511,609897
GPP,3162,511,610085
GPP,3163,511,610273
GPP,3164,511,610461
GPP,3165,511,610665
GPP,3166,511,610853
GPP,3167,511,611041
GPP,3168,511,611229
GPP,3169,511,611417
GPP,3170,511,611621
GPP,3171,511,611809
GPP,3172,511,611998
GPP,3173,511,612186
GPP,3174,511,612374
GPP,3175,511,612565
GPP,3176,511,612751
GPP,3177,511,612940
GPP,3178,511,613128
GPP,3179,511,613316
GPP,3180,511,613520
GPP,3181,511,613709
GPP,3182,511,613897
GPP,3183,511,614086
GPP,3184,511,614274
GPP,3185,511,614462
GPP,3186,511,614651
GPP,3187,511,614840
GPP,3188,511,615028
GPP,3189,511,615217
GPP,3190,511,615405
GPP,3191,511,615593
GPP,3192,511,615792
GPP,3193,511,615984
GPP,3194,511,616161
GPP,3195,511,616349
GPP,3196,511,616538
GPP,3197,511,616742
GPP,3198,511,616930
GPP,3199,511,617119
GPP,3200,511,617307
GPP,3201,511,617495
GPP,3202,511,617684
GPP,3203,511,617872
GPP,3204,511,618061
GPP,3205,511,618250
GPP,3206,511,618438
GPP,3207,511,618627
GPP,3208,511,618815
GPP,3209,511,619004
GPP,3210,511,619192
GPP,3211,511,619380
GPP,3212,511,619569
GPP,3213,511,619774
GPP,3214,511,619962
GPP,3215,511,620150
GPP,3216,511,620339
GPP,3217,511,620527
GPP,3218,511,620716
GPP,3219,511,620904
GPP,3220,511,621093
GPP,3221,511,621281
GPP,3222,511,621469
GPP,3223,511,621658
GPP,3224,511,621846
GPP,3225,511,622050
GPP,3226,511,622239
GPP,3227,511,622427
GPP,3228,511,622616
GPP,3229,511,622804
GPP,3230,511,622993
GPP,3231,511,623181
GPP,3232,511,623370
GPP,3233,511,623574
GPP,3234,511,623763
GPP,3235,511,623951
GPP,3236,511,624140
GPP,3237,511,624328
GPP,3238,511,624516
GPP,3239,511,624721
GPP,3240,511,624909
GPP,3241,511,625098
GPP,3242,511,625286
GPP,3243,511,625474
GPP,3244,511,625663
GPP,3245,511,625852
GPP,3246,511,626040
GPP,3247,511,626244
GPP,3248,511,626433
GPP,3249,511,626621
GPP,3250,511,626810
GPP,3251,511,627014
GPP,3252,511,627202
GPP,3253,511,627391
GPP,3254,511,627579
GPP,3255,511,627783
GPP,3256,511,627971
GPP,3257,511,628160
GPP,3258,511,628348
GPP,3259,511,628553
GPP,3260,511,628741
GPP,3261,511,628930
GPP,3262,511,629119
GPP,3263,511,629323
GPP,3264,511,629511
GPP,3265,511,629705
GPP,3266,511,629888
GPP,3267,511,630077
GPP,3268,511,630281
GPP,3269,511,630469
GPP,3270,511,630657
GPP,3271,511,630845
GPP,3272,511,631034
GPP,3273,511,631238
GPP,3274,511,631427
GPP,3275,511,631615
GPP,3276,511,631804
GPP,3277,511,631992
GPP,3278,511,632196
GPP,3279,511,632385
GPP,3280,511,632573
GPP,3281,511,632777
GPP,3282,511,632966
GPP,3283,511,633154
GPP,3284,511,633342
GPP,3285,511,633546
GPP,3286,511,633735
GPP,3287,511,633923
GPP,3288,511,634111
GPP,3289,511,634315
GPP,3290,511,634504
GPP,3291,511,634692
GPP,3292,511,634896
GPP,3293,511,635085
GPP,3294,511,635273
GPP,3295,511,635462
GPP,3296,511,635650
GPP,3297,511,635854
GPP,3298,511,636043
GPP,3299,511,636231
GPP,3300,511,636438
GPP,3301,511,636631
GPP,3302,511,636814
GPP,3303,511,637018
GPP,3304,511,637207
GPP,3305,511,637411
GPP,3306,511,637600
GPP,3307,511,637804
GPP,3308,511,637992
GPP,3309,511,638181
GPP,3310,511,638385
GPP,3311,511,638574
GPP,3312,511,638762
GPP,3313,511,638965
GPP,3314,511,639154
GPP,3315,511,639342
GPP,3316,511,639531
GPP,3317,511,639728
GPP,3318,511,639923
GPP,3319,511,640112
GPP,3320,511,640300
GPP,3321,511,640489
GPP,3322,511,640693
GPP,3323,511,640882
GPP,3324,511,641070
GPP,3325,511,641259
GPP,3326,511,641463
GPP,3327,511,641651
GPP,3328,511,641839
GPP,3329,511,642028
GPP,3330,511,642216
GPP,3331,511,642420
GPP,3332,511,642608
GPP,3333,511,642797
GPP,3334,511,642985
GPP,3335,511,643190
GPP,3336,511,643378
GPP,3337,511,643566
GPP,3338,511,643755
GPP,3339,511,643959
GPP,3340,511,644147
GPP,3341,511,644336
GPP,3342,511,644524
GPP,3343,511,644728
GPP,3344,511,644917
GPP,3345,511,645105
GPP,3346,511,645294
GPP,3347,511,645482
GPP,3348,511,645686
GPP,3349,511,645874
GPP,3350,511,646063
GPP,3351,511,646267
GPP,3352,511,646456
GPP,3353,511,646644
GPP,3354,511,646832
GPP,3355,511,647036
GPP,3356,511,647224
GPP,3357,511,647413
GPP,3358,511,647601
GPP,3359,511,647806
GPP,3360,511,647994
GPP,3361,511,648183
GPP,3362,511,648371
GPP,3363,511,648575
GPP,3364,511,648763
GPP,3365,511,648952
GPP,3366,511,649141
GPP,3367,511,649330
GPP,3368,511,649534
GPP,3369,511,649722
GPP,3370,511,649911
GPP,3371,511,650099
GPP,3372,511,650306
GPP,3373,511,650492
GPP,3374,511,650680
GPP,3375,511,650885
GPP,3376,511,651073
GPP,3377,511,651261
GPP,3378,511,651450
GPP,3379,511,651657
GPP,3380,511,651842
GPP,3381,511,652031
GPP,3382,511,652235
GPP,3383,511,652423
GPP,3384,511,652612
GPP,3385,511,652800
GPP,3386,511,652988
GPP,3387,511,653193
GPP,3388,511,653381
GPP,3389,511,653569
GPP,3390,511,653758
GPP,3391,511,653962
GPP,3392,511,654150
GPP,3393,511,654338
GPP,3394,511,654527
GPP,3395,511,654731
GPP,3396,511,654919
GPP,3397,511,655108
GPP,3398,511,655312
GPP,3399,511,655500
GPP,3400,511,655688
GPP,3401,511,655877
GPP,3402,511,656081
GPP,3403,511,656269
GPP,3404,511,656458
GPP,3405,511,656647
GPP,3406,511,656836
GPP,3407,511,657024
GPP,3408,511,657228
GPP,3409,511,657416
GPP,3410,511,657604
GPP,3411,511,657793
GPP,3412,511,657981
GPP,3413,511,658186
GPP,3414,511,658374
GPP,3415,511,658579
GPP,3416,511,658767
GPP,3417,511,658956
GPP,3418,511,659144
GPP,3419,511,659348
GPP,3420,511,659536
GPP,3421,511,659725
GPP,3422,511,659914
GPP,3423,511,660102
GPP,3424,511,660291
GPP,3425,511,660479
GPP,3426,511,660683
GPP,3427,511,660872
GPP,3428,511,661060
GPP,3429,511,661248
GPP,3430,511,661452
GPP,3431,511,661640
GPP,3432,511,661829
GPP,3433,511,662033
GPP,3434,511,662222
GPP,3435,511,662410
GPP,3436,511,662598
GPP,3437,511,662802
GPP,3438,511,662990
GPP,3439,511,663179
GPP,3440,511,663367
GPP,3441,511,663556
GPP,3442,511,663759
GPP,3443,511,663948
GPP,3444,511,664136
GPP,3445,511,664325
GPP,3446,511,664513
GPP,3447,511,664717
GPP,3448,511,664905
GPP,3449,511,665093
GPP,3450,511,665282
GPP,3451,511,665471
GPP,3452,511,665675
GPP,3453,511,665863
GPP,3454,511,666051
GPP,3455,511,666239
GPP,3456,511,666428
GPP,3457,511,666632
GPP,3458,511,666821
GPP,3459,511,667009
GPP,3460,511,667198
GPP,3461,511,667386
GPP,3462,511,667591
GPP,3463,511,667779
GPP,3464,511,667968
GPP,3465,511,668156
GPP,3466,511,668344
GPP,3467,511,668549
GPP,3468,511,668737
GPP,3469,511,668926
GPP,3470,511,669114
GPP,3471,511,669303
GPP,3472,511,669507
GPP,3473,511,669695
GPP,3474,511,669883
GPP,3475,511,670072
GPP,3476,511,670260
GPP,3477,511,670464
GPP,3478,511,670652
GPP,3479,511,670841
GPP,3480,511,671030
GPP,3481,511,671218
GPP,3482,511,671407
GPP,3483,511,671596
GPP,3484,511,671800
GPP,3485,511,671988
GPP,3486,511,672177
GPP,3487,511,672365
GPP,3488,511,672569
GPP,3489,511,672758
GPP,3490,511,672946
GPP,3491,511,673135
GPP,3492,511,673323
GPP,3493,511,673512
GPP,3494,511,673716
GPP,3495,511,673904
GPP,3496,511,674092
GPP,3497,511,674281
GPP,3498,511,674485
GPP,3499,511,674673
GPP,3500,511,674861
GPP,3501,511,675050
GPP,3502,511,675254
GPP,3503,511,675443
GPP,3504,511,675631
GPP,3505,511,675819
GPP,3506,511,676008
GPP,3507,511,676212
GPP,3508,511,676401
GPP,3509,511,676589
GPP,3510,511,676777
GPP,3511,511,676981
GPP,3512,511,677170
GPP,3513,511,677358
GPP,3514,511,677547
GPP,3515,511,677735
GPP,3516,511,677924
GPP,3517,511,678128
GPP,3518,511,678317
GPP,3519,511,678505
GPP,3520,511,678693
GPP,3521,511,678898
GPP,3522,511,679086
GPP,3523,511,679275
GPP,3524,511,679463
GPP,3525,511,679651
GPP,3526,511,679840
GPP,3527,511,680044
GPP,3528,511,680233
GPP,3529,511,680422
GPP,3530,511,680610
GPP,3531,511,680815
GPP,3532,511,681003
GPP,3533,511,681192
GPP,3534,511,681380
GPP,3535,511,681569
GPP,3536,511,681758
GPP,3537,511,681946
GPP,3538,511,682151
GPP,3539,511,682339
GPP,3540,511,682527
GPP,3541,511,682715
GPP,3542,511,682919
GPP,3543,511,683108
GPP,3544,511,683297
GPP,3545,511,683485
GPP,3546,511,683674
GPP,3547,511,683878
GPP,3548,511,684067
GPP,3549,511,684255
GPP,3550,511,684444
GPP,3551,511,684633
GPP,3552,511,684821
GPP,3553,511,685025
GPP,3554,511,685214
GPP,3555,511,685402
GPP,3556,511,685606
GPP,3557,511,685795
GPP,3558,511,685983
GPP,3559,511,686172
GPP,3560,511,686376
GPP,3561,511,686565
GPP,3562,511,686754
GPP,3563,511,686942
GPP,3564,511,687131
GPP,3565,511,687319
GPP,3566,511,687507
GPP,3567,511,687696
GPP,3568,511,687884
GPP,3569,511,688073
GPP,3570,511,688277
GPP,3571,511,688467
GPP,3572,511,688654
GPP,3573,511,688842
GPP,3574,511,689030
GPP,3575,511,689219
GPP,3576,511,689423
GPP,3577,511,689611
GPP,3578,511,689800
GPP,3579,511,689997
GPP,3580,511,690189
GPP,3581,511,690379
GPP,3582,511,690574
GPP,3583,511,690768
GPP,3584,511,690958
GPP,3585,511,691150
GPP,3586,511,691340
GPP,3587,511,691534
GPP,3588,511,691727
GPP,3589,511,691917
GPP,3590,511,692109
GPP,3591,511,692301
GPP,3592,511,692493
GPP,3593,511,692684
GPP,3594,511,692878
GPP,3595,511,693070
GPP,3596,511,693263
GPP,3597,511,693453
GPP,3598,511,693648
GPP,3599,511,693839
GPP,3600,511,694030
GPP,3601,511,694216
GPP,3602,511,694405
GPP,3603,511,694593
GPP,3604,511,694797
GPP,3605,511,694986
GPP,3606,511,695174
GPP,3607,511,695363
GPP,3608,511,695551
GPP,3609,511,695739
GPP,3610,511,695943
GPP,3611,511,696132
GPP,3612,511,696320
GPP,3613,511,696509
GPP,3614,511,696713
GPP,3615,511,696902
GPP,3616,511,697090
GPP,3617,511,697278
GPP,3618,511,697482
GPP,3619,511,697671
GPP,3620,511,697859
GPP,3621,511,698047
GPP,3622,511,698236
GPP,3623,511,698440
GPP,3624,511,698628
GPP,3625,511,698817
GPP,3626,511,699006
GPP,3627,511,699194
GPP,3628,511,699398
GPP,3629,511,699587
GPP,3630,511,699775
GPP,3631,511,699964
GPP,3632,511,700152
GPP,3633,511,700340
GPP,3634,511,700528
GPP,3635,511,700733
GPP,3636,511,700922
GPP,3637,511,701110
GPP,3638,511,701298
GPP,3639,511,701487
GPP,3640,511,701675
GPP,3641,511,701864
GPP,3642,511,702052
GPP,3643,511,702240
GPP,3644,511,702444
GPP,3645,511,702633
GPP,3646,511,702821
GPP,3647,511,703009
GPP,3648,511,703198
GPP,3649,511,703386
GPP,3650,511,703590
GPP,3651,511,703779
GPP,3652,511,703967
GPP,3653,511,704155
GPP,3654,511,704344
GPP,3655,511,704532
GPP,3656,511,704720
GPP,3657,511,704909
GPP,3658,511,705097
GPP,3659,511,705301
GPP,3660,511,705490
GPP,3661,511,705678
GPP,3662,511,705866
GPP,3663,511,706055
GPP,3664,511,706243
GPP,3665,511,706432
GPP,3666,511,706635
GPP,3667,511,706824
GPP,3668,511,707012
GPP,3669,511,707201
GPP,3670,511,707389
GPP,3671,511,707578
GPP,3672,511,707766
GPP,3673,511,707954
GPP,3674,511,708143
GPP,3675,511,708347
GPP,3676,511,708535
GPP,3677,511,708724
GPP,3678,511,708913
GPP,3679,511,709102
GPP,3680,511,709290
GPP,3681,511,709478
GPP,3682,511,709682
GPP,3683,511,709871
GPP,3684,511,710059
GPP,3685,511,710248
GPP,3686,511,710436
GPP,3687,511,710625
GPP,3688,511,710813
GPP,3689,511,711001
GPP,3690,511,711206
GPP,3691,511,711394
GPP,3692,511,711583
GPP,3693,511,711772
GPP,3694,511,711968
GPP,3695,511,712160
GPP,3696,511,712351
GPP,3697,511,712545
GPP,3698,511,712738
GPP,3699,511,712930
GPP,3700,511,713122
GPP,3701,511,713314
GPP,3702,511,713506
GPP,3703,511,713702
GPP,3704,511,713890
GPP,3705,511,714078
GPP,3706,511,714267
GPP,3707,511,714456
GPP,3708,511,714660
GPP,3709,511,714848
GPP,3710,511,715036
GPP,3711,511,715225
GPP,3712,511,715413
GPP,3713,511,715602
GPP,3714,511,715806
GPP,3715,511,715994
GPP,3716,511,716182
GPP,3717,511,716371
GPP,3718,511,716560
GPP,3719,511,716764
GPP,3720,511,716952
GPP,3721,511,717140
GPP,3722,511,717329
GPP,3723,511,717517
GPP,3724,511,717721
GPP,3725,511,717910
GPP,3726,511,718098
GPP,3727,511,718287
GPP,3728,511,718491
GPP,3729,511,718679
GPP,3730,511,718868
GPP,3731,511,719056
GPP,3732,511,719245
GPP,3733,511,719444
GPP,3734,511,719639
GPP,3735,511,719831
GPP,3736,511,720025
GPP,3737,511,720215
GPP,3738,511,720408
GPP,3739,511,720600
GPP,3740,511,720795
GPP,3741,511,720985
GPP,3742,511,721174
GPP,3743,511,721366
GPP,3744,511,721557
GPP,3745,511,721751
GPP,3746,511,721942
GPP,3747,511,722135
GPP,3748,511,722326
GPP,3749,511,722519
GPP,3750,511,722712
GPP,3751,511,722906
GPP,3752,511,723096
GPP,3753,511,723289
GPP,3754,511,723483
GPP,3755,511,723671
GPP,3756,511,723860
GPP,3757,511,724048
GPP,3758,511,724236
GPP,3759,511,724440
GPP,3760,511,724629
GPP,3761,511,724817
GPP,3762,511,725006
GPP,3763,511,725194
GPP,3764,511,725383
GPP,3765,511,725571
GPP,3766,511,725760
GPP,3767,511,725948
GPP,3768,511,726136
GPP,3769,511,726341
GPP,3770,511,726529
GPP,3771,511,726718
GPP,3772,511,726906
GPP,3773,511,727095
GPP,3774,511,727283
GPP,3775,511,727471
GPP,3776,511,727660
GPP,3777,511,727864
GPP,3778,511,728053
GPP,3779,511,728241
GPP,3780,511,728430
GPP,3781,511,728618
GPP,3782,511,728807
GPP,3783,511,728995
GPP,3784,511,729184
GPP,3785,511,729372
GPP,3786,511,729561
GPP,3787,511,729749
GPP,3788,511,729953
GPP,3789,511,730142
GPP,3790,511,730331
GPP,3791,511,730519
GPP,3792,511,730708
GPP,3793,511,730896
GPP,3794,511,731085
GPP,3795,511,731273
GPP,3796,511,731462
GPP,3797,511,731650
GPP,3798,511,731838
GPP,3799,511,732042
GPP,3800,511,732231
GPP,3801,511,732419
GPP,3802,511,732608
GPP,3803,511,732796
GPP,3804,511,732984
GPP,3805,511,733173
GPP,3806,511,733361
GPP,3807,511,733549
GPP,3808,511,733753
GPP,3809,511,733942
GPP,3810,511,734130
GPP,3811,511,734319
GPP,3812,511,734507
GPP,3813,511,734695
GPP,3814,511,734884
GPP,3815,511,735072
GPP,3816,511,735276
GPP,3817,511,735464
GPP,3818,511,735653
GPP,3819,511,735841
GPP,3820,511,736030
GPP,3821,511,736218
GPP,3822,511,736406
GPP,3823,511,736610
GPP,3824,511,736799
GPP,3825,511,736987
GPP,3826,511,737176
GPP,3827,511,737364
GPP,3828,511,737553
GPP,3829,511,737741
GPP,3830,511,737945
GPP,3831,511,738133
GPP,3832,511,738322
GPP,3833,511,738510
GPP,3834,511,738699
GPP,3835,511,738887
GPP,3836,511,739076
GPP,3837,511,739264
GPP,3838,511,739469
GPP,3839,511,739657
GPP,3840,511,739846
GPP,3841,511,740034
GPP,3842,511,740223
GPP,3843,511,740411
GPP,3844,511,740615
GPP,3845,511,740804
GPP,3846,511,740992
GPP,3847,511,741181
GPP,3848,511,741369
GPP,3849,511,741558
GPP,3850,511,741746
GPP,3851,511,741935
GPP,3852,511,742123
GPP,3853,511,742327
GPP,3854,511,742516
GPP,3855,511,742704
GPP,3856,511,742893
GPP,3857,511,743081
GPP,3858,511,743270
GPP,3859,511,743458
GPP,3860,511,743647
GPP,3861,511,743836
GPP,3862,511,744040
GPP,3863,511,744228
GPP,3864,511,744417
GPP,3865,511,744606
GPP,3866,511,744794
GPP,3867,511,744982
GPP,3868,511,745171
GPP,3869,511,745360
GPP,3870,511,745548
GPP,3871,511,745737
GPP,3872,511,745941
GPP,3873,511,746130
GPP,3874,511,746318
GPP,3875,511,746506
GPP,3876,511,746694
GPP,3877,511,746883
GPP,3878,511,747072
GPP,3879,511,747260
GPP,3880,511,747448
GPP,3881,511,747652
GPP,3882,511,747841
GPP,3883,511,748030
GPP,3884,511,748218
GPP,3885,511,748406
GPP,3886,511,748595
GPP,3887,511,748783
GPP,3888,511,748972
GPP,3889,511,749160
GPP,3890,511,749348
GPP,3891,511,749553
GPP,3892,511,749741
GPP,3893,511,749929
GPP,3894,511,750118
GPP,3895,511,750306
GPP,3896,511,750495
GPP,3897,511,750683
GPP,3898,511,750871
GPP,3899,511,751060
GPP,3900,511,751248
GPP,3901,511,751452
GPP,3902,511,751641
GPP,3903,511,751829
GPP,3904,511,752018
GPP,3905,511,752206
GPP,3906,511,752395
GPP,3907,511,752583
GPP,3908,511,752787
GPP,3909,511,752975
GPP,3910,511,753164
GPP,3911,511,753352
GPP,3912,511,753540
GPP,3913,511,753744
GPP,3914,511,753932
GPP,3915,511,754121
GPP,3916,511,754325
GPP,3917,511,754514
GPP,3918,511,754702
GPP,3919,511,754890
GPP,3920,511,755079
GPP,3921,511,755276
GPP,3922,511,755456
GPP,3923,511,755660
GPP,3924,511,755849
GPP,3925,511,756037
GPP,3926,511,756226
GPP,3927,511,756414
GPP,3928,511,756602
GPP,3929,511,756791
GPP,3930,511,756980
GPP,3931,511,757184
GPP,3932,511,757373
GPP,3933,511,757563
GPP,3934,511,757750
GPP,3935,511,757938
GPP,3936,511,758126
GPP,3937,511,758315
GPP,3938,511,758503
GPP,3939,511,758708
GPP,3940,511,758896
GPP,3941,511,759084
GPP,3942,511,759273
GPP,3943,511,759462
GPP,3944,511,759650
GPP,3945,511,759839
GPP,3946,511,760027
GPP,3947,511,760231
GPP,3948,511,760419
GPP,3949,511,760607
GPP,3950,511,760796
GPP,3951,511,760984
GPP,3952,511,761173
GPP,3953,511,761361
GPP,3954,511,761550
GPP,3955,511,761738
GPP,3956,511,761927
GPP,3957,511,762131
GPP,3958,511,762319
GPP,3959,511,762508
GPP,3960,511,762696
GPP,3961,511,762885
GPP,3962,511,763073
GPP,3963,511,763262
GPP,3964,511,763450
GPP,3965,511,763638
GPP,3966,511,763843
GPP,3967,511,764031
GPP,3968,511,764220
GPP,3969,511,764408
GPP,3970,511,764597
GPP,3971,511,764785
GPP,3972,511,764974
GPP,3973,511,765178
GPP,3974,511,765366
GPP,3975,511,765554
GPP,3976,511,765742
GPP,3977,511,765931
GPP,3978,511,766119
GPP,3979,511,766308
GPP,3980,511,766496
GPP,3981,511,766700
GPP,3982,511,766888
GPP,3983,511,767077
GPP,3984,511,767265
GPP,3985,511,767454
GPP,3986,511,767643
GPP,3987,511,767831
GPP,3988,511,768035
GPP,3989,511,768223
GPP,3990,511,768412
GPP,3991,511,768609
GPP,3992,511,768800
GPP,3993,511,768992
GPP,3994,511,769186
GPP,3995,511,769376
GPP,3996,511,769569
GPP,3997,511,769762
GPP,3998,511,769955
GPP,3999,511,770145
GPP,4000,511,770338
GPP,4001,511,770529
GPP,4002,511,770723
GPP,4003,511,770914
GPP,4004,511,771104
GPP,4005,511,771295
GPP,4006,511,771486
GPP,4007,511,771679
GPP,4008,511,771869
GPP,4009,511,772060
GPP,4010,511,772251
GPP,4011,511,772445
GPP,4012,511,772638
GPP,4013,511,772830
GPP,4014,511,773021
GPP,4015,511,773212
GPP,4016,511,773405
GPP,4017,511,773597
GPP,4018,511,773788
GPP,4019,511,773978
GPP,4020,511,774166
GPP,4021,511,774358
GPP,4022,511,774549
GPP,4023,511,774742
GPP,4024,511,774933
GPP,4025,511,775124
GPP,4026,511,775313
GPP,4027,511,775505
GPP,4028,511,775698
GPP,4029,511,775889
GPP,4030,511,776082
GPP,4031,511,776273
GPP,4032,511,776464
GPP,4033,511,776656
GPP,4034,511,776851
GPP,4035,511,777042
GPP,4036,511,777233
GPP,4037,511,777424
GPP,4038,511,777617
GPP,4039,511,777809
GPP,4040,511,777998
GPP,4041,511,778189
GPP,4042,511,778378
GPP,4043,511,778570
GPP,4044,511,778764
GPP,4045,511,778955
GPP,4046,511,779146
GPP,4047,511,779339
GPP,4048,511,779530
GPP,4049,511,779723
GPP,4050,511,779914
GPP,4051,511,780105
GPP,4052,511,780298
GPP,4053,511,780486
GPP,4054,511,780680
GPP,4055,511,780874
GPP,4056,511,781064
GPP,4057,511,781256
GPP,4058,511,781449
GPP,4059,511,781640
GPP,4060,511,781831
GPP,4061,511,782020
GPP,4062,511,782211
GPP,4063,511,782404
GPP,4064,511,782596
GPP,4065,511,782784
GPP,4066,511,782972
GPP,4067,511,783161
GPP,4068,511,783349
GPP,4069,511,783538
GPP,4070,511,783726
GPP,4071,511,783914
GPP,4072,511,784119
GPP,4073,511,784307
GPP,4074,511,784495
GPP,4075,511,784684
GPP,4076,511,784872
GPP,4077,511,785060
GPP,4078,511,785256
GPP,4079,511,785437
GPP,4080,511,785641
GPP,4081,511,785830
GPP,4082,511,786018
GPP,4083,511,786207
GPP,4084,511,786395
GPP,4085,511,786583
GPP,4086,511,786772
GPP,4087,511,786960
GPP,4088,511,787164
GPP,4089,511,787353
GPP,4090,511,787541
GPP,4091,511,787729
GPP,4092,511,787918
GPP,4093,511,788106
GPP,4094,511,788294
GPP,4095,511,788483
GPP,4096,511,788672
GPP,4097,511,788876
GPP,4098,511,789065
GPP,4099,511,789253
GPP,4100,511,789442
GPP,4101,511,789630
GPP,4102,511,789819
GPP,4103,511,790007
GPP,4104,511,790196
GPP,4105,511,790384
GPP,4106,511,790589
GPP,4107,511,790777
GPP,4108,511,790973
GPP,4109,511,791165
GPP,4110,511,791360
GPP,4111,511,791553
GPP,4112,511,791744
GPP,4113,511,791935
GPP,4114,511,792127
GPP,4115,511,792320
GPP,4116,511,792510
GPP,4117,511,792701
GPP,4118,511,792895
GPP,4119,511,793085
GPP,4120,511,793277
GPP,4121,511,793468
GPP,4122,511,793657
GPP,4123,511,793850
GPP,4124,511,794044
GPP,4125,511,794234
GPP,4126,511,794426
GPP,4127,511,794617
GPP,4128,511,794810
GPP,4129,511,795003
GPP,4130,511,795194
GPP,4131,511,795384
GPP,4132,511,795578
GPP,4133,511,795770
GPP,4134,511,795962
GPP,4135,511,796153
GPP,4136,511,796343
GPP,4137,511,796538
GPP,4138,511,796730
GPP,4139,511,796925
GPP,4140,511,797119
GPP,4141,511,797309
GPP,4142,511,797501
GPP,4143,511,797695
GPP,4144,511,797887
GPP,4145,511,798078
GPP,4146,511,798270
GPP,4147,511,798464
GPP,4148,511,798657
GPP,4149,511,798848
GPP,4150,511,799040
GPP,4151,511,799223
GPP,4152,511,799411
GPP,4153,511,799615
GPP,4154,511,799804
GPP,4155,511,799992
GPP,4156,511,800181
GPP,4157,511,800369
GPP,4158,511,800557
GPP,4159,511,800746
GPP,4160,511,800934
GPP,4161,511,801138
GPP,4162,511,801327
GPP,4163,511,801515
GPP,4164,511,801703
GPP,4165,511,801892
GPP,4166,511,802080
GPP,4167,511,802269
GPP,4168,511,802473
GPP,4169,511,802661
GPP,4170,511,802849
GPP,4171,511,803038
GPP,4172,511,803226
GPP,4173,511,803415
GPP,4174,511,803619
GPP,4175,511,803807
GPP,4176,511,803995
GPP,4177,511,804199
GPP,4178,511,804387
GPP,4179,511,804576
GPP,4180,511,804764
GPP,4181,511,804953
GPP,4182,511,805141
GPP,4183,511,805330
GPP,4184,511,805534
GPP,4185,511,805722
GPP,4186,511,805911
GPP,4187,511,806099
GPP,4188,511,806288
GPP,4189,511,806476
GPP,4190,511,806665
GPP,4191,511,806869
GPP,4192,511,807057
GPP,4193,511,807246
GPP,4194,511,807434
GPP,4195,511,807623
GPP,4196,511,807827
GPP,4197,511,808015
GPP,4198,511,808204
GPP,4199,511,808393
GPP,4200,511,808581
GPP,4201,511,808769
GPP,4202,511,808958
GPP,4203,511,809163
GPP,4204,511,809351
GPP,4205,511,809540
GPP,4206,511,809728
GPP,4207,511,809933
GPP,4208,511,810121
GPP,4209,511,810309
GPP,4210,511,810498
GPP,4211,511,810686
GPP,4212,511,810890
GPP,4213,511,811078
GPP,4214,511,811266
GPP,4215,511,811455
GPP,4216,511,811644
GPP,4217,511,811848
GPP,4218,511,812036
GPP,4219,511,812225
GPP,4220,511,812413
GPP,4221,511,812601
GPP,4222,511,812790
GPP,4223,511,812994
GPP,4224,511,813183
GPP,4225,511,813371
GPP,4226,511,813560
GPP,4227,511,813748
GPP,4228,511,813937
GPP,4229,511,814125
GPP,4230,511,814314
GPP,4231,511,814518
GPP,4232,511,814707
GPP,4233,511,814895
GPP,4234,511,815084
GPP,4235,511,815272
GPP,4236,511,815461
GPP,4237,511,815650
GPP,4238,511,815838
GPP,4239,511,816027
GPP,4240,511,816215
GPP,4241,511,816419
GPP,4242,511,816607
GPP,4243,511,816796
GPP,4244,511,816984
GPP,4245,511,817173
GPP,4246,511,817362
GPP,4247,511,817550
GPP,4248,511,817739
GPP,4249,511,817942
GPP,4250,511,818131
GPP,4251,511,818319
GPP,4252,511,818508
GPP,4253,511,818696
GPP,4254,511,818884
GPP,4255,511,819073
GPP,4256,511,819261
GPP,4257,511,819465
GPP,4258,511,819654
GPP,4259,511,819843
GPP,4260,511,820031
GPP,4261,511,820220
GPP,4262,511,820421
GPP,4263,511,820616
GPP,4264,511,820809
GPP,4265,511,821005
GPP,4266,511,821198
GPP,4267,511,821391
GPP,4268,511,821575
GPP,4269,511,821764
GPP,4270,511,821952
GPP,4271,511,822141
GPP,4272,511,822329
GPP,4273,511,822518
GPP,4274,511,822722
GPP,4275,511,822910
GPP,4276,511,823099
GPP,4277,511,823287
GPP,4278,511,823476
GPP,4279,511,823664
GPP,4280,511,823853
GPP,4281,511,824041
GPP,4282,511,824230
GPP,4283,511,824418
GPP,4284,511,824622
GPP,4285,511,824811
GPP,4286,511,824999
GPP,4287,511,825188
GPP,4288,511,825376
GPP,4289,511,825581
GPP,4290,511,825769
GPP,4291,511,825958
GPP,4292,511,826146
GPP,4293,511,826334
GPP,4294,511,826523
GPP,4295,511,826711
GPP,4296,511,826899
GPP,4297,511,827103
GPP,4298,511,827291
GPP,4299,511,827480
GPP,4300,511,827668
GPP,4301,511,827857
GPP,4302,511,828045
GPP,4303,511,828233
GPP,4304,511,828437
GPP,4305,511,828625
GPP,4306,511,828814
GPP,4307,511,829003
GPP,4308,511,829191
GPP,4309,511,829380
GPP,4310,511,829568
GPP,4311,511,829757
GPP,4312,511,829961
GPP,4313,511,830149
GPP,4314,511,830338
GPP,4315,511,830526
GPP,4316,511,830715
GPP,4317,511,830903
GPP,4318,511,831091
GPP,4319,511,831296
GPP,4320,511,831484
GPP,4321,511,831672
GPP,4322,511,831861
GPP,4323,511,832050
GPP,4324,511,832238
GPP,4325,511,832426
GPP,4326,511,832615
GPP,4327,511,832803
GPP,4328,511,832992
GPP,4329,511,833196
GPP,4330,511,833384
GPP,4331,511,833572
GPP,4332,511,833761
GPP,4333,511,833949
GPP,4334,511,834138
GPP,4335,511,834342
GPP,4336,511,834530
GPP,4337,511,834718
GPP,4338,511,834907
GPP,4339,511,835111
GPP,4340,511,835299
GPP,4341,511,835487
GPP,4342,511,835675
GPP,4343,511,835864
GPP,4344,511,836068
GPP,4345,511,836256
GPP,4346,511,836445
GPP,4347,511,836633
GPP,4348,511,836837
GPP,4349,511,837026
GPP,4350,511,837214
GPP,4351,511,837402
GPP,4352,511,837590
GPP,4353,511,837794
GPP,4354,511,837983
GPP,4355,511,838172
GPP,4356,511,838360
GPP,4357,511,838564
GPP,4358,511,838752
GPP,4359,511,838940
GPP,4360,511,839129
GPP,4361,511,839317
GPP,4362,511,839506
GPP,4363,511,839710
GPP,4364,511,839898
GPP,4365,511,840087
GPP,4366,511,840276
GPP,4367,511,840465
GPP,4368,511,840669
GPP,4369,511,840857
GPP,4370,511,841046
GPP,4371,511,841234
GPP,4372,511,841438
GPP,4373,511,841627
GPP,4374,511,841815
GPP,4375,511,842003
GPP,4376,511,842192
GPP,4377,511,842380
GPP,4378,511,842569
GPP,4379,511,842757
GPP,4380,511,842946
GPP,4381,511,843150
GPP,4382,511,843338
GPP,4383,511,843527
GPP,4384,511,843721
GPP,4385,511,843910
GPP,4386,511,844101
GPP,4387,511,844293
GPP,4388,511,844484
GPP,4389,511,844678
GPP,4390,511,844871
GPP,4391,511,845063
GPP,4392,511,845254
GPP,4393,511,845445
GPP,4394,511,845638
GPP,4395,511,845832
GPP,4396,511,846024
GPP,4397,511,846216
GPP,4398,511,846407
GPP,4399,511,846599
GPP,4400,511,846792
GPP,4401,511,846985
GPP,4402,511,847175
GPP,4403,511,847366
GPP,4404,511,847558
GPP,4405,511,847752
GPP,4406,511,847942
GPP,4407,511,848135
GPP,4408,511,848327
GPP,4409,511,848516
GPP,4410,511,848708
GPP,4411,511,848899
GPP,4412,511,849092
GPP,4413,511,849281
GPP,4414,511,849475
GPP,4415,511,849669
GPP,4416,511,849859
GPP,4417,511,850048
GPP,4418,511,850242
GPP,4419,511,850432
GPP,4420,511,850627
GPP,4421,511,850818
GPP,4422,511,851010
GPP,4423,511,851200
GPP,4424,511,851391
GPP,4425,511,851583
GPP,4426,511,851776
GPP,4427,511,851967
GPP,4428,511,852156
GPP,4429,511,852349
GPP,4430,511,852541
GPP,4431,511,852736
GPP,4432,511,852929
GPP,4433,511,853124
GPP,4434,511,853316
GPP,4435,511,853510
GPP,4436,511,853704
GPP,4437,511,853896
GPP,4438,511,854086
GPP,4439,511,854276
GPP,4440,511,854470
GPP,4441,511,854663
GPP,4442,511,854856
GPP,4443,511,855049
GPP,4444,511,855241
GPP,4445,511,855437
GPP,4446,511,855629
GPP,4447,511,855823
GPP,4448,511,856013
GPP,4449,511,856203
GPP,4450,511,856395
GPP,4451,511,856588
GPP,4452,511,856780
GPP,4453,511,856971
GPP,4454,511,857164
GPP,4455,511,857356
GPP,4456,511,857546
GPP,4457,511,857738
GPP,4458,511,857931
GPP,4459,511,858122
GPP,4460,511,858314
GPP,4461,511,858507
GPP,4462,511,858693
GPP,4463,511,858882
GPP,4464,511,859070
GPP,4465,511,859258
GPP,4466,511,859447
GPP,4467,511,859651
GPP,4468,511,859839
GPP,4469,511,860027
GPP,4470,511,860222
GPP,4471,511,860404
GPP,4472,511,860593
GPP,4473,511,860781
GPP,4474,511,860969
GPP,4475,511,861173
GPP,4476,511,861362
GPP,4477,511,861551
GPP,4478,511,861740
GPP,4479,511,861928
GPP,4480,511,862117
GPP,4481,511,862305
GPP,4482,511,862494
GPP,4483,511,862682
GPP,4484,511,862871
GPP,4485,511,863075
GPP,4486,511,863264
GPP,4487,511,863453
GPP,4488,511,863641
GPP,4489,511,863829
GPP,4490,511,864018
GPP,4491,511,864206
GPP,4492,511,864394
GPP,4493,511,864583
GPP,4494,511,864787
GPP,4495,511,864975
GPP,4496,511,865163
GPP,4497,511,865352
GPP,4498,511,865540
GPP,4499,511,865729
GPP,4500,511,865917
GPP,4501,511,866105
GPP,4502,511,866294
GPP,4503,511,866483
GPP,4504,511,866687
GPP,4505,511,866875
GPP,4506,511,867063
GPP,4507,511,867251
GPP,4508,511,867440
GPP,4509,511,867628
GPP,4510,511,867817
GPP,4511,511,868005
GPP,4512,511,868193
GPP,4513,511,868382
GPP,4514,511,868586
GPP,4515,511,868775
GPP,4516,511,868963
GPP,4517,511,869152
GPP,4518,511,869340
GPP,4519,511,869529
GPP,4520,511,869717
GPP,4521,511,869905
GPP,4522,511,870094
GPP,4523,511,870282
GPP,4524,511,870470
GPP,4525,511,870675
GPP,4526,511,870863
GPP,4527,511,871052
GPP,4528,511,871241
GPP,4529,511,871429
GPP,4530,511,871617
GPP,4531,511,871806
GPP,4532,511,871995
GPP,4533,511,872183
GPP,4534,511,872387
GPP,4535,511,872576
GPP,4536,511,872764
GPP,4537,511,872952
GPP,4538,511,873141
GPP,4539,511,873329
GPP,4540,511,873517
GPP,4541,511,873722
GPP,4542,511,873910
GPP,4543,511,874098
GPP,4544,511,874286
GPP,4545,511,874475
GPP,4546,511,874663
GPP,4547,511,874852
GPP,4548,511,875040
GPP,4549,511,875229
GPP,4550,511,875433
GPP,4551,511,875621
GPP,4552,511,875810
GPP,4553,511,875998
GPP,4554,511,876187
GPP,4555,511,876376
GPP,4556,511,876596
GPP,4557,511,876785
GPP,4558,511,876990
GPP,4559,511,877180
GPP,4560,511,877387
GPP,4561,511,877589
GPP,4562,511,877777
GPP,4563,511,877965
GPP,4564,511,878169
GPP,4565,511,878357
GPP,4566,511,878546
GPP,4567,511,878749
GPP,4568,511,878937
GPP,4569,511,879126
GPP,4570,511,879330
GPP,4571,511,879518
GPP,4572,511,879706
GPP,4573,511,879894
GPP,4574,511,880098
GPP,4575,511,880286
GPP,4576,511,880474
GPP,4577,511,880662
GPP,4578,511,880868
GPP,4579,511,881054
GPP,4580,511,881242
GPP,4581,511,881430
GPP,4582,511,881634
GPP,4583,511,881822
GPP,4584,511,882019
GPP,4585,511,882215
GPP,4586,511,882403
GPP,4587,511,882591
GPP,4588,511,882794
GPP,4589,511,882982
GPP,4590,511,883170
GPP,4591,511,883375
GPP,4592,511,883562
GPP,4593,511,883750
GPP,4594,511,883938
GPP,4595,511,884142
GPP,4596,511,884330
GPP,4597,511,884519
GPP,4598,511,884707
GPP,4599,511,884895
GPP,4600,511,885099
GPP,4601,511,885287
GPP,4602,511,885475
GPP,4603,511,885679
GPP,4604,511,885867
GPP,4605,511,886055
GPP,4606,511,886244
GPP,4607,511,886432
GPP,4608,511,886621
GPP,4609,511,886825
GPP,4610,511,887013
GPP,4611,511,887202
GPP,4612,511,887390
GPP,4613,511,887579
GPP,4614,511,887783
GPP,4615,511,887971
GPP,4616,511,888160
GPP,4617,511,888348
GPP,4618,511,888537
GPP,4619,511,888725
GPP,4620,511,888914
GPP,4621,511,889103
GPP,4622,511,889291
GPP,4623,511,889495
GPP,4624,511,889683
GPP,4625,511,889872
GPP,4626,511,890060
GPP,4627,511,890249
GPP,4628,511,890446
GPP,4629,511,890626
GPP,4630,511,890815
GPP,4631,511,891004
GPP,4632,511,891208
GPP,4633,511,891396
GPP,4634,511,891585
GPP,4635,511,891773
GPP,4636,511,891962
GPP,4637,511,892150
GPP,4638,511,892339
GPP,4639,511,892527
GPP,4640,511,892731
GPP,4641,511,892920
GPP,4642,511,893108
GPP,4643,511,893296
GPP,4644,511,893485
GPP,4645,511,893673
GPP,4646,511,893873
GPP,4647,511,894065
GPP,4648,511,894255
GPP,4649,511,894449
GPP,4650,511,894642
GPP,4651,511,894825
GPP,4652,511,895029
GPP,4653,511,895217
GPP,4654,511,895405
GPP,4655,511,895594
GPP,4656,511,895797
GPP,4657,511,895986
GPP,4658,511,896174
GPP,4659,511,896363
GPP,4660,511,896553
GPP,4661,511,896755
GPP,4662,511,896944
GPP,4663,511,897132
GPP,4664,511,897320
GPP,4665,511,897524
GPP,4666,511,897713
GPP,4667,511,897901
GPP,4668,511,898090
GPP,4669,511,898319
GPP,4670,511,898564
GPP,4671,511,898756
GPP,4672,511,898945
GPP,4673,511,899133
GPP,4674,511,899321
GPP,4675,511,899510
GPP,4676,511,899714
GPP,4677,511,899903
GPP,4678,511,900091
GPP,4679,511,900279
GPP,4680,511,900476
GPP,4681,511,900656
GPP,4682,511,900859
GPP,4683,511,901034
GPP,4684,511,901238
GPP,4685,511,901427
GPP,4686,511,901615
GPP,4687,511,901804
GPP,4688,511,901992
GPP,4689,511,902181
GPP,4690,511,902369
GPP,4691,511,902557
GPP,4692,511,902761
GPP,4693,511,902950
GPP,4694,511,903138
GPP,4695,511,903327
GPP,4696,511,903515
GPP,4697,511,903703
GPP,4698,511,903907
GPP,4699,511,904096
GPP,4700,511,904284
GPP,4701,511,904472
GPP,4702,511,904661
GPP,4703,511,904849
GPP,4704,511,905038
GPP,4705,511,905226
GPP,4706,511,905415
GPP,4707,511,905619
GPP,4708,511,905808
GPP,4709,511,905996
GPP,4710,511,906185
GPP,4711,511,906373
GPP,4712,511,906562
GPP,4713,511,906750
GPP,4714,511,906939
GPP,4715,511,907127
GPP,4716,511,907331
GPP,4717,511,907520
GPP,4718,511,907708
GPP,4719,511,907897
GPP,4720,511,908085
GPP,4721,511,908283
GPP,4722,511,908463
GPP,4723,511,908667
GPP,4724,511,908855
GPP,4725,511,909043
GPP,4726,511,909232
GPP,4727,511,909436
GPP,4728,511,909625
GPP,4729,511,909813
GPP,4730,511,910017
GPP,4731,511,910206
GPP,4732,511,910394
GPP,4733,511,910583
GPP,4734,511,910786
GPP,4735,511,910975
GPP,4736,511,911163
GPP,4737,511,911352
GPP,4738,511,911540
GPP,4739,511,911728
GPP,4740,511,911932
GPP,4741,511,912120
GPP,4742,511,912308
GPP,4743,511,912496
GPP,4744,511,912700
GPP,4745,511,912888
GPP,4746,511,913076
GPP,4747,511,913264
GPP,4748,511,913468
GPP,4749,511,913656
GPP,4750,511,913844
GPP,4751,511,914048
GPP,4752,511,914236
GPP,4753,511,914424
GPP,4754,511,914612
GPP,4755,511,914816
GPP,4756,511,915004
GPP,4757,511,915192
GPP,4758,511,915380
GPP,4759,511,915584
GPP,4760,511,915772
GPP,4761,511,915960
GPP,4762,511,916163
GPP,4763,511,916352
GPP,4764,511,916540
GPP,4765,511,916728
GPP,4766,511,916917
GPP,4767,511,917121
GPP,4768,511,917309
GPP,4769,511,917497
GPP,4770,511,917685
GPP,4771,511,917889
GPP,4772,511,918076
GPP,4773,511,918265
GPP,4774,511,918453
GPP,4775,511,918657
GPP,4776,511,918845
GPP,4777,511,919034
GPP,4778,511,919222
GPP,4779,511,919425
GPP,4780,511,919613
GPP,4781,511,919802
GPP,4782,511,920005
GPP,4783,511,920193
GPP,4784,511,920381
GPP,4785,511,920570
GPP,4786,511,920773
GPP,4787,511,920961
GPP,4788,511,921149
GPP,4789,511,921338
GPP,4790,511,921526
GPP,4791,511,921730
GPP,4792,511,921918
GPP,4793,511,922106
GPP,4794,511,922294
GPP,4795,511,922482
GPP,4796,511,922670
GPP,4797,511,922874
GPP,4798,511,923062
GPP,4799,511,923250
GPP,4800,511,923438
GPP,4801,511,923642
GPP,4802,511,923830
GPP,4803,511,924018
GPP,4804,511,924206
GPP,4805,511,924410
GPP,4806,511,924598
GPP,4807,511,924786
GPP,4808,511,924974
GPP,4809,511,925162
GPP,4810,511,925366
GPP,4811,511,925554
GPP,4812,511,925742
GPP,4813,511,925946
GPP,4814,511,926134
GPP,4815,511,926322
GPP,4816,511,926510
GPP,4817,511,926714
GPP,4818,511,926902
GPP,4819,511,927091
GPP,4820,511,927279
GPP,4821,511,927467
GPP,4822,511,927671
GPP,4823,511,927859
GPP,4824,511,928047
GPP,4825,511,928235
GPP,4826,511,928439
GPP,4827,511,928627
GPP,4828,511,928815
GPP,4829,511,929019
GPP,4830,511,929207
GPP,4831,511,929395
GPP,4832,511,929583
GPP,4833,511,929787
GPP,4834,511,929975
GPP,4835,511,930163
GPP,4836,511,930367
GPP,4837,511,930555
GPP,4838,511,930743
GPP,4839,511,930931
GPP,4840,511,931119
GPP,4841,511,931323
GPP,4842,511,931511
GPP,4843,511,931699
GPP,4844,511,931887
GPP,4845,511,932091
GPP,4846,511,932279
GPP,4847,511,932467
GPP,4848,511,932656
GPP,4849,511,932859
GPP,4850,511,933047
GPP,4851,511,933235
GPP,4852,511,933439
GPP,4853,511,933627
GPP,4854,511,933816
GPP,4855,511,934004
GPP,4856,511,934208
GPP,4857,511,934396
GPP,4858,511,934584
GPP,4859,511,934772
GPP,4860,511,934976
GPP,4861,511,935165
GPP,4862,511,935353
GPP,4863,511,935541
GPP,4864,511,935744
GPP,4865,511,935932
GPP,4866,511,936121
GPP,4867,511,936324
GPP,4868,511,936512
GPP,4869,511,936700
GPP,4870,511,936888
GPP,4871,511,937092
GPP,4872,511,937280
GPP,4873,511,937469
GPP,4874,511,937673
GPP,4875,511,937861
GPP,4876,511,938049
GPP,4877,511,938237
GPP,4878,511,938441
GPP,4879,511,938629
GPP,4880,511,938817
GPP,4881,511,939021
GPP,4882,511,939209
GPP,4883,511,939397
GPP,4884,511,939602
GPP,4885,511,939790
GPP,4886,511,939978
GPP,4887,511,940182
GPP,4888,511,940371
GPP,4889,511,940559
GPP,4890,511,940748
GPP,4891,511,940936
GPP,4892,511,941125
GPP,4893,511,941329
GPP,4894,511,941517
GPP,4895,511,941706
GPP,4896,511,941894
GPP,4897,511,942082
GPP,4898,511,942271
GPP,4899,511,942459
GPP,4900,511,942664
GPP,4901,511,942852
GPP,4902,511,943040
GPP,4903,511,943229
GPP,4904,511,943417
GPP,4905,511,943606
GPP,4906,511,943795
GPP,4907,511,943999
GPP,4908,511,944187
GPP,4909,511,944376
GPP,4910,511,944564
GPP,4911,511,944753
GPP,4912,511,944941
GPP,4913,511,945130
GPP,4914,511,945318
GPP,4915,511,945507
GPP,4916,511,945711
GPP,4917,511,945899
GPP,4918,511,946087
GPP,4919,511,946276
GPP,4920,511,946464
GPP,4921,511,946653
GPP,4922,511,946841
GPP,4923,511,947030
GPP,4924,511,947218
GPP,4925,511,947407
GPP,4926,511,947611
GPP,4927,511,947800
GPP,4928,511,947988
GPP,4929,511,948177
GPP,4930,511,948365
GPP,4931,511,948554
GPP,4932,511,948742
GPP,4933,511,948931
GPP,4934,511,949120
GPP,4935,511,949308
GPP,4936,511,949512
GPP,4937,511,949700
GPP,4938,511,949889
GPP,4939,511,950077
GPP,4940,511,950266
GPP,4941,511,950454
GPP,4942,511,950642
GPP,4943,511,950831
GPP,4944,511,951035
GPP,4945,511,951223
GPP,4946,511,951412
GPP,4947,511,951601
GPP,4948,511,951789
GPP,4949,511,951977
GPP,4950,511,952166
GPP,4951,511,952355
GPP,4952,511,952543
GPP,4953,511,952747
GPP,4954,511,952936
GPP,4955,511,953125
GPP,4956,511,953313
GPP,4957,511,953501
GPP,4958,511,953690
GPP,4959,511,953894
GPP,4960,511,954082
GPP,4961,511,954270
GPP,4962,511,954458
GPP,4963,511,954647
GPP,4964,511,954851
GPP,4965,511,955040
GPP,4966,511,955228
GPP,4967,511,955416
GPP,4968,511,955621
GPP,4969,511,955809
GPP,4970,511,955998
GPP,4971,511,956202
GPP,4972,511,956390
GPP,4973,511,956578
GPP,4974,511,956780
GPP,4975,511,956972
GPP,4976,511,957163
GPP,4977,511,957354
GPP,4978,511,957549
GPP,4979,511,957743
GPP,4980,511,957920
GPP,4981,511,958124
GPP,4982,511,958314
GPP,4983,511,958501
GPP,4984,511,958689
GPP,4985,511,958878
GPP,4986,511,959066
GPP,4987,511,959271
GPP,4988,511,959459
GPP,4989,511,959648
GPP,4990,511,959836
GPP,4991,511,960024
GPP,4992,511,960213
GPP,4993,511,960401
GPP,4994,511,960605
GPP,4995,511,960794
GPP,4996,511,960982
GPP,4997,511,961170
GPP,4998,511,961359
GPP,4999,511,961547
QAP,0,8436,0
QAP,1,8308,377
QAP,2,8308,754
QAP,3,8308,1130
QAP,4,8308,1507
QAP,5,8308,1869
QAP,6,8156,2245
QAP,7,8156,2623
QAP,8,8156,2999
QAP,9,8156,3375
QAP,10,8156,3752
QAP,11,8152,4129
QAP,12,8152,4505
QAP,13,8152,4882
QAP,14,8152,5258
QAP,15,8152,5635
QAP,16,8152,6012
QAP,17,8152,6388
QAP,18,8128,6765
QAP,19,8128,7142
QAP,20,8128,7519
QAP,21,8128,7881
QAP,22,8128,8258
QAP,23,8128,8635
QAP,24,8128,9012
QAP,25,8110,9389
QAP,26,8110,9766
QAP,27,8058,10143
QAP,28,8058,10520
QAP,29,8058,10897
QAP,30,8058,11274
QAP,31,8058,11650
QAP,32,8034,12027
QAP,33,8034,12388
QAP,34,8034,12765
QAP,35,8034,13142
QAP,36,8034,13526
QAP,37,8034,13895
QAP,38,7942,14272
QAP,39,7942,14649
QAP,40,7942,15026
QAP,41,7898,15403
QAP,42,7898,15780
QAP,43,7898,16157
QAP,44,7898,16534
QAP,45,7874,16910
QAP,46,7874,17271
QAP,47,7866,17663
QAP,48,7850,18024
QAP,49,7850,18401
QAP,50,7776,18778
QAP,51,7776,19155
QAP,52,7756,19516
QAP,53,7726,19893
QAP,54,7726,20269
QAP,55,7726,20631
QAP,56,7726,21008
QAP,57,7726,21384
QAP,58,7726,21762
QAP,59,7670,22138
QAP,60,7670,22500
QAP,61,7670,22877
QAP,62,7670,23253
QAP,63,7666,23630
QAP,64,7580,24008
QAP,65,7580,24384
QAP,66,7580,24746
QAP,67,7580,25123
QAP,68,7580,25500
QAP,69,7580,25877
QAP,70,7580,26239
QAP,71,7580,26616
QAP,72,7580,26993
QAP,73,7556,27354
QAP,74,7556,27731
QAP,75,7556,28108
QAP,76,7556,28485
QAP,77,7556,28846
QAP,78,7418,29223
QAP,79,7418,29600
QAP,80,7418,29976
QAP,81,7418,30338
QAP,82,7418,30715
QAP,83,7418,31092
QAP,84,7418,31468
QAP,85,7348,31845
QAP,86,7348,32206
QAP,87,7348,32583
QAP,88,7348,32960
QAP,89,7348,33337
QAP,90,7348,33698
QAP,91,7348,34075
QAP,92,7348,34452
QAP,93,7348,34829
QAP,94,7348,35207
QAP,95,7340,35584
QAP,96,7270,35946
QAP,97,7270,36323
QAP,98,7270,36700
QAP,99,7270,37077
QAP,100,7270,37438
QAP,101,7156,37815
QAP,102,7156,38192
QAP,103,7072,38569
QAP,104,7072,38930
QAP,105,7072,39306
QAP,106,7072,39683
QAP,107,7072,40060
QAP,108,7072,40421
QAP,109,7072,40798
QAP,110,7072,41175
QAP,111,7072,41552
QAP,112,7042,41913
QAP,113,7042,42290
QAP,114,7008,42668
QAP,115,7008,43044
QAP,116,6990,43405
QAP,117,6990,43782
QAP,118,6990,44159
QAP,119,6990,44535
QAP,120,6968,44912
QAP,121,6908,45273
QAP,122,6908,45649
QAP,123,6908,46026
QAP,124,6908,46403
QAP,125,6908,46765
QAP,126,6908,47142
QAP,127,6908,47519
QAP,128,6908,47896
QAP,129,6908,48257
QAP,130,6888,48634
QAP,131,6888,49011
QAP,132,6888,49380
QAP,133,6830,49749
QAP,134,6788,50126
QAP,135,6788,50503
QAP,136,6788,50865
QAP,137,6788,51241
QAP,138,6788,51618
QAP,139,6788,51995
QAP,140,6762,52371
QAP,141,6652,52732
QAP,142,6652,53110
QAP,143,6652,53487
QAP,144,6646,53848
QAP,145,6646,54225
QAP,146,6646,54602
QAP,147,6646,54979
QAP,148,6646,55340
QAP,149,6646,55717
QAP,150,6628,56094
QAP,151,6590,56471
QAP,152,6590,56847
QAP,153,6590,57224
QAP,154,6590,57601
QAP,155,6590,57961
QAP,156,6590,58338
QAP,157,6590,58715
QAP,158,6590,59092
QAP,159,6590,59453
QAP,160,6590,59830
QAP,161,6590,60207
QAP,162,6590,60584
QAP,163,6590,60960
QAP,164,6586,61321
QAP,165,6586,61713
QAP,166,6572,62073
QAP,167,6572,62465
QAP,168,6520,62841
QAP,169,6520,63202
QAP,170,6500,63595
QAP,171,6500,63971
QAP,172,6446,64346
QAP,173,6446,64723
QAP,174,6446,65099
QAP,175,6446,65476
QAP,176,6446,65852
QAP,177,6446,66229
QAP,178,6446,66605
QAP,179,6358,66981
QAP,180,6358,67357
QAP,181,6358,67733
QAP,182,6358,68109
QAP,183,6358,68486
QAP,184,6358,68862
QAP,185,6358,69238
QAP,186,6342,69614
QAP,187,6342,69990
QAP,188,6342,70366
QAP,189,6342,70727
QAP,190,6342,71105
QAP,191,6342,71482
QAP,192,6270,71859
QAP,193,6270,72220
QAP,194,6270,72596
QAP,195,6270,72974
QAP,196,6270,73350
QAP,197,6270,73711
QAP,198,6196,74088
QAP,199,6196,74465
QAP,200,6196,74842
QAP,201,6196,75203
QAP,202,6180,75580
QAP,203,6156,75957
QAP,204,6024,76319
QAP,205,6024,76695
QAP,206,6024,77072
QAP,207,6024,77449
QAP,208,6024,77810
QAP,209,5860,78186
QAP,210,5860,78563
QAP,211,5860,78940
QAP,212,5814,79301
QAP,213,5814,79678
QAP,214,5814,80055
QAP,215,5774,80416
QAP,216,5740,80793
QAP,217,5740,81170
QAP,218,5740,81546
QAP,219,5728,81907
QAP,220,5728,82284
QAP,221,5728,82661
QAP,222,5728,83038
QAP,223,5684,83399
QAP,224,5684,83775
QAP,225,5684,84152
QAP,226,5684,84514
QAP,227,5598,84891
QAP,228,5598,85268
QAP,229,5598,85645
QAP,230,5590,86006
QAP,231,5580,86383
QAP,232,5538,86761
QAP,233,5504,87122
QAP,234,5504,87499
QAP,235,5442,87876
QAP,236,5442,88252
QAP,237,5442,88613
QAP,238,5442,88990
QAP,239,5442,89367
QAP,240,5306,89728
QAP,241,5306,90105
QAP,242,5306,90482
QAP,243,5306,90859
QAP,244,5306,91220
QAP,245,5306,91597
QAP,246,5306,91975
QAP,247,5306,92351
QAP,248,5306,92713
QAP,249,5180,93090
QAP,250,5180,93467
QAP,251,5080,93843
QAP,252,5080,94205
QAP,253,5080,94582
QAP,254,5080,94959
QAP,255,5080,95335
QAP,256,5080,95697
QAP,257,4968,96073
QAP,258,4968,96450
QAP,259,4968,96827
QAP,260,4968,97188
QAP,261,4876,97565
QAP,262,4876,97942
QAP,263,4876,98319
QAP,264,4876,98681
QAP,265,4876,99057
QAP,266,4876,99434
QAP,267,4876,99796
QAP,268,4876,100173
QAP,269,4876,100550
QAP,270,4876,100927
QAP,271,4832,101287
QAP,272,4782,101664
QAP,273,4782,102041
QAP,274,4782,102418
QAP,275,4782,102794
QAP,276,4782,103156
QAP,277,4782,103533
QAP,278,4718,103910
QAP,279,4718,104271
QAP,280,4718,104648
QAP,281,4718,105024
QAP,282,4712,105386
QAP,283,4632,105763
QAP,284,4632,106139
QAP,285,4604,106516
QAP,286,4604,106877
QAP,287,4570,107254
QAP,288,4570,107632
QAP,289,4570,108008
QAP,290,4560,108370
QAP,291,4560,108747
QAP,292,4560,109124
QAP,293,4526,109485
QAP,294,4526,109862
QAP,295,4524,110239
QAP,296,4524,110616
QAP,297,4524,110977
QAP,298,4524,111354
QAP,299,4516,111730
QAP,300,4440,112091
QAP,301,4440,112469
QAP,302,4440,112846
QAP,303,4440,113207
QAP,304,4440,113584
QAP,305,4440,113961
QAP,306,4416,114338
QAP,307,4416,114699
QAP,308,4416,115077
QAP,309,4416,115454
QAP,310,4416,115815
QAP,311,4288,116192
QAP,312,4284,116569
QAP,313,4284,116946
QAP,314,4284,117307
QAP,315,4284,117684
QAP,316,4284,118061
QAP,317,4242,118438
QAP,318,4242,118799
QAP,319,4242,119176
QAP,320,4242,119552
QAP,321,4242,119930
QAP,322,4242,120291
QAP,323,4242,120668
QAP,324,4242,121045
QAP,325,4242,121406
QAP,326,4242,121783
QAP,327,4242,122160
QAP,328,4242,122538
QAP,329,4242,122899
QAP,330,4242,123277
QAP,331,4242,123654
QAP,332,4242,124016
QAP,333,4242,124392
QAP,334,4242,124769
QAP,335,4242,125146
QAP,336,4242,125507
QAP,337,4242,125884
QAP,338,4242,126261
QAP,339,4242,126622
QAP,340,4242,127007
QAP,341,4242,127376
QAP,342,4242,127737
QAP,343,4242,128114
QAP,344,4242,128491
QAP,345,4216,128867
QAP,346,4216,129228
QAP,347,4184,129605
QAP,348,4184,129982
QAP,349,4164,130359
QAP,350,4164,130720
QAP,351,4108,131097
QAP,352,4108,131473
QAP,353,4052,131835
QAP,354,4052,132212
QAP,355,3960,132589
QAP,356,3960,132950
QAP,357,3926,133327
QAP,358,3862,133705
QAP,359,3856,134066
QAP,360,3814,134442
QAP,361,3814,134819
QAP,362,3638,135196
QAP,363,3600,135557
QAP,364,3600,135935
QAP,365,3600,136311
QAP,366,3584,136672
QAP,367,3584,137050
QAP,368,3584,137427
QAP,369,3514,137803
QAP,370,3492,138164
QAP,371,3492,138541
QAP,372,3492,138918
QAP,373,3314,139295
QAP,374,3314,139656
QAP,375,3314,140033
QAP,376,3314,140409
QAP,377,3314,140786
QAP,378,3290,141147
QAP,379,3290,141524
QAP,380,3290,141901
QAP,381,3290,142261
QAP,382,3290,142639
QAP,383,3290,143016
QAP,384,3290,143393
QAP,385,3290,143754
QAP,386,3288,144131
QAP,387,3288,144513
QAP,388,3288,144891
QAP,389,3288,145269
QAP,390,3288,145645
QAP,391,3288,146020
QAP,392,3284,146401
QAP,393,3284,146778
QAP,394,3284,147155
QAP,395,3284,147528
QAP,396,3284,147904
QAP,397,3284,148280
QAP,398,3284,148659
QAP,399,3284,149035
QAP,400,3284,149406
QAP,401,3284,149783
QAP,402,3284,150144
QAP,403,3248,150537
QAP,404,3248,150914
QAP,405,3238,151275
QAP,406,3178,151652
QAP,407,3178,152029
QAP,408,3166,152406
QAP,409,3166,152782
QAP,410,3166,153159
QAP,411,3166,153537
QAP,412,3166,153913
QAP,413,3166,154291
QAP,414,3166,154652
QAP,415,3166,155029
QAP,416,3166,155407
QAP,417,3166,155784
QAP,418,3122,156161
QAP,419,3122,156522
QAP,420,3122,156899
QAP,421,3122,157276
QAP,422,3122,157653
QAP,423,3122,158014
QAP,424,3122,158391
QAP,425,3122,158768
QAP,426,3122,159129
QAP,427,3122,159506
QAP,428,3122,159883
QAP,429,3122,160260
QAP,430,3122,160635
QAP,431,3122,161010
QAP,432,3122,161384
QAP,433,3122,161762
QAP,434,3122,162135
QAP,435,3122,162511
QAP,436,3122,162886
QAP,437,3122,163261
QAP,438,3122,163638
QAP,439,3122,164011
QAP,440,3122,164387
QAP,441,3122,164760
QAP,442,3122,165121
QAP,443,3122,165498
QAP,444,3122,165875
QAP,445,3122,166252
QAP,446,3122,166629
QAP,447,3122,167006
QAP,448,3122,167383
QAP,449,3122,167761
QAP,450,3122,168122
QAP,451,3122,168514
QAP,452,3122,168875
QAP,453,3122,169252
QAP,454,3122,169629
QAP,455,3122,170005
QAP,456,3122,170367
QAP,457,3122,170743
QAP,458,3122,171135
QAP,459,3122,171511
QAP,460,3122,171887
QAP,461,3122,172248
QAP,462,3122,172639
QAP,463,3122,173000
QAP,464,3122,173376
QAP,465,3122,173752
QAP,466,3122,174128
QAP,467,3122,174504
QAP,468,3118,174881
QAP,469,3118,175257
QAP,470,3118,175632
QAP,471,3118,176009
QAP,472,3118,176385
QAP,473,3118,176761
QAP,474,3118,177137
QAP,475,3118,177513
QAP,476,2972,177889
QAP,477,2972,178265
QAP,478,2906,178641
QAP,479,2906,179017
QAP,480,2906,179377
QAP,481,2906,179754
QAP,482,2906,180130
QAP,483,2906,180506
QAP,484,2906,180882
QAP,485,2906,181258
QAP,486,2906,181634
QAP,487,2906,182010
QAP,488,2906,182386
QAP,489,2794,182762
QAP,490,2794,183123
QAP,491,2794,183499
QAP,492,2794,183875
QAP,493,2794,184251
QAP,494,2794,184627
QAP,495,2794,185003
QAP,496,2794,185379
QAP,497,2794,185755
QAP,498,2756,186131
QAP,499,2578,186507
QAP,500,2578,186883
QAP,501,2578,187259
QAP,502,2578,187636
QAP,503,2578,188012
QAP,504,2578,188388
QAP,505,2578,188764
QAP,506,2578,189124
QAP,507,2574,189501
QAP,508,2532,189877
QAP,509,2532,190254
QAP,510,2532,190630
QAP,511,2506,191006
QAP,512,2506,191382
QAP,513,2506,191758
QAP,514,2506,192134
QAP,515,2506,192510
QAP,516,2506,192886
QAP,517,2338,193262
QAP,518,2338,193654
QAP,519,2338,194014
QAP,520,2338,194390
QAP,521,2338,194767
QAP,522,2338,195143
QAP,523,2338,195519
QAP,524,2338,195895
QAP,525,2338,196271
QAP,526,2320,196647
QAP,527,2320,197023
QAP,528,2320,197399
QAP,529,2312,197775
QAP,530,2308,198151
QAP,531,2292,198528
QAP,532,2292,198904
QAP,533,2292,199280
QAP,534,2292,199655
QAP,535,2292,200031
QAP,536,2292,200407
QAP,537,2176,200784
QAP,538,2176,201160
QAP,539,2176,201536
QAP,540,2176,201913
QAP,541,2176,202289
QAP,542,2176,202665
QAP,543,2176,203041
QAP,544,2176,203417
QAP,545,2152,203793
QAP,546,2152,204169
QAP,547,2146,204545
QAP,548,2146,204906
QAP,549,2146,205282
QAP,550,2146,205658
QAP,551,2146,206034
QAP,552,2116,206410
QAP,553,2116,206794
QAP,554,2116,207163
QAP,555,2116,207539
QAP,556,2116,207915
QAP,557,2086,208290
QAP,558,2086,208666
QAP,559,2086,209042
QAP,560,2012,209418
QAP,561,2012,209794
QAP,562,2012,210170
QAP,563,2012,210547
QAP,564,1936,210923
QAP,565,1936,211284
QAP,566,1936,211675
QAP,567,1936,212051
QAP,568,1924,212428
QAP,569,1924,212804
QAP,570,1924,213181
QAP,571,1924,213558
QAP,572,1924,213930
QAP,573,1924,214304
QAP,574,1924,214682
QAP,575,1924,215059
QAP,576,1924,215432
QAP,577,1924,215805
QAP,578,1924,216181
QAP,579,1924,216558
QAP,580,1924,216934
QAP,581,1906,217310
QAP,582,1906,217686
QAP,583,1906,218046
QAP,584,1906,218423
QAP,585,1906,218799
QAP,586,1906,219175
QAP,587,1906,219551
QAP,588,1906,219928
QAP,589,1906,220305
QAP,590,1874,220682
QAP,591,1874,221059
QAP,592,1874,221436
QAP,593,1874,221812
QAP,594,1874,222174
QAP,595,1874,222550
QAP,596,1874,222927
QAP,597,1874,223304
QAP,598,1874,223665
QAP,599,1850,224042
QAP,600,1774,224419
QAP,601,1774,224780
QAP,602,1774,225157
QAP,603,1774,225534
QAP,604,1732,225910
QAP,605,1732,226287
QAP,606,1732,226664
QAP,607,1732,227041
QAP,608,1732,227402
QAP,609,1732,227780
QAP,610,1732,228157
QAP,611,1732,228534
QAP,612,1732,228911
QAP,613,1732,229287
QAP,614,1732,229665
QAP,615,1732,230042
QAP,616,1732,230419
QAP,617,1732,230796
QAP,618,1706,231157
QAP,619,1706,231534
QAP,620,1706,231911
QAP,621,1706,232288
QAP,622,1706,232665
QAP,623,1706,233042
QAP,624,1706,233419
QAP,625,1706,233796
QAP,626,1706,234173
QAP,627,1706,234549
QAP,628,1706,234926
QAP,629,1706,235303
QAP,630,1706,235680
QAP,631,1706,236056
QAP,632,1706,236417
QAP,633,1706,236794
QAP,634,1706,237171
QAP,635,1682,237549
QAP,636,1682,237925
QAP,637,1590,238286
QAP,638,1590,238663
QAP,639,1590,239040
QAP,640,1590,239417
QAP,641,1590,239794
QAP,642,1590,240171
QAP,643,1590,240547
QAP,644,1590,240924
QAP,645,1590,241300
QAP,646,1590,241677
QAP,647,1590,242038
QAP,648,1590,242424
QAP,649,1590,242793
QAP,650,1558,243170
QAP,651,1552,243547
QAP,652,1552,243924
QAP,653,1466,244301
QAP,654,1466,244678
QAP,655,1466,245039
QAP,656,1466,245425
QAP,657,1466,245792
QAP,658,1466,246169
QAP,659,1466,246546
QAP,660,1466,246922
QAP,661,1466,247300
QAP,662,1466,247677
QAP,663,1466,248054
QAP,664,1396,248432
QAP,665,1396,248807
QAP,666,1396,249184
QAP,667,1396,249561
QAP,668,1396,249923
QAP,669,1396,250300
QAP,670,1396,250676
QAP,671,1396,251053
QAP,672,1396,251414
QAP,673,1336,251807
QAP,674,1336,252168
QAP,675,1336,252545
QAP,676,1336,252922
QAP,677,1336,253299
QAP,678,1336,253675
QAP,679,1336,254036
QAP,680,1336,254413
QAP,681,1336,254790
QAP,682,1336,255166
QAP,683,1336,255543
QAP,684,1336,255920
QAP,685,1336,256297
QAP,686,1336,256673
QAP,687,1336,257034
QAP,688,1336,257411
QAP,689,1336,257788
QAP,690,1336,258165
QAP,691,1336,258542
QAP,692,1336,258935
QAP,693,1336,259304
QAP,694,1336,259672
QAP,695,1336,260049
QAP,696,1336,260426
QAP,697,1336,260803
QAP,698,1336,261180
QAP,699,1336,261541
QAP,700,1336,261918
QAP,701,1336,262294
QAP,702,1336,262672
QAP,703,1336,263033
QAP,704,1336,263410
QAP,705,1336,263787
QAP,706,1336,264148
QAP,707,1336,264525
QAP,708,1336,264901
QAP,709,1336,265277
QAP,710,1248,265653
QAP,711,1248,266030
QAP,712,1248,266390
QAP,713,1248,266766
QAP,714,1248,267142
QAP,715,1248,267518
QAP,716,1248,267894
QAP,717,1208,268270
QAP,718,1208,268646
QAP,719,1208,269023
QAP,720,1208,269399
QAP,721,1208,269775
QAP,722,1208,270151
QAP,723,1208,270527
QAP,724,1208,270903
QAP,725,1208,271279
QAP,726,1208,271655
QAP,727,1208,272031
QAP,728,1208,272407
QAP,729,1208,272783
QAP,730,1208,273160
QAP,731,1208,273536
QAP,732,1208,273912
QAP,733,1208,274288
QAP,734,1208,274664
QAP,735,1208,275040
QAP,736,1166,275416
QAP,737,1166,275792
QAP,738,1166,276168
QAP,739,1166,276545
QAP,740,1166,276920
QAP,741,1166,277297
QAP,742,1166,277673
QAP,743,1166,278050
QAP,744,1166,278426
QAP,745,1166,278802
QAP,746,1166,279178
QAP,747,1166,279554
QAP,748,1166,279930
QAP,749,1166,280308
QAP,750,1166,280669
QAP,751,1166,281045
QAP,752,1166,281422
QAP,753,1166,281799
QAP,754,1166,282160
QAP,755,1166,282537
QAP,756,1166,282914
QAP,757,1166,283275
QAP,758,1166,283653
QAP,759,1162,284029
QAP,760,1162,284406
QAP,761,1162,284768
QAP,762,1162,285144
QAP,763,1162,285521
QAP,764,1162,285898
QAP,765,1162,286260
QAP,766,1162,286637
QAP,767,1162,287014
QAP,768,1162,287375
QAP,769,1162,287751
QAP,770,1162,288128
QAP,771,1162,288505
QAP,772,1162,288866
QAP,773,1162,289243
QAP,774,1162,289621
QAP,775,1162,289997
QAP,776,1162,290359
QAP,777,1162,290735
QAP,778,1136,291112
QAP,779,1136,291473
QAP,780,1136,291850
QAP,781,1136,292227
QAP,782,1136,292604
QAP,783,1136,292965
QAP,784,1136,293342
QAP,785,1136,293719
QAP,786,1136,294080
QAP,787,1136,294457
QAP,788,1136,294834
QAP,789,1136,295210
QAP,790,1136,295572
QAP,791,1136,295949
QAP,792,1136,296325
QAP,793,1136,296686
QAP,794,1136,297063
QAP,795,1136,297440
QAP,796,1136,297817
QAP,797,1136,298178
QAP,798,1136,298562
QAP,799,1136,298932
QAP,800,1136,299293
QAP,801,1136,299670
QAP,802,1136,300047
QAP,803,1136,300424
QAP,804,1136,300785
QAP,805,1136,301162
QAP,806,1136,301538
QAP,807,1136,301900
QAP,808,1136,302277
QAP,809,1136,302654
QAP,810,1136,303015
QAP,811,1136,303392
QAP,812,1136,303768
QAP,813,1136,304130
QAP,814,1136,304507
QAP,815,1136,304883
QAP,816,1136,305245
QAP,817,1122,305622
QAP,818,1122,305999
QAP,819,1122,306360
QAP,820,1118,306736
QAP,821,1102,307113
QAP,822,1102,307474
QAP,823,1102,307851
QAP,824,1102,308228
QAP,825,1102,308589
QAP,826,1092,308966
QAP,827,1092,309343
QAP,828,1088,309704
QAP,829,1080,310081
QAP,830,1080,310458
QAP,831,1080,310837
QAP,832,1080,311238
QAP,833,1070,311617
QAP,834,1070,311996
QAP,835,1070,312370
QAP,836,1070,312748
QAP,837,1070,313122
QAP,838,1070,313500
QAP,839,1070,313878
QAP,840,1070,314250
QAP,841,1070,314629
QAP,842,1062,315007
QAP,843,1042,315384
QAP,844,1042,315758
QAP,845,1042,316132
QAP,846,1042,316493
QAP,847,1024,316870
QAP,848,1024,317247
QAP,849,1024,317624
QAP,850,1024,317985
QAP,851,1024,318361
QAP,852,1024,318738
QAP,853,1024,319115
QAP,854,1024,319504
QAP,855,1024,319883
QAP,856,1024,320262
QAP,857,1024,320632
QAP,858,1024,321009
QAP,859,1024,321370
QAP,860,1024,321747
QAP,861,1024,322124
QAP,862,1024,322501
QAP,863,1024,322878
QAP,864,1024,323255
QAP,865,1024,323632
QAP,866,1024,324009
QAP,867,1024,324370
QAP,868,1024,324747
QAP,869,1024,325124
QAP,870,1024,325501
QAP,871,1024,325863
QAP,872,1024,326240
QAP,873,1024,326617
QAP,874,1024,326994
QAP,875,1024,327355
QAP,876,1024,327732
QAP,877,1024,328109
QAP,878,1024,328486
QAP,879,1024,328847
QAP,880,1024,329224
QAP,881,1024,329601
QAP,882,1024,329978
QAP,883,1024,330340
QAP,884,1024,330717
QAP,885,1024,331094
QAP,886,1024,331471
QAP,887,1024,331847
QAP,888,1024,332208
QAP,889,1024,332585
QAP,890,1024,332962
QAP,891,1024,333339
QAP,892,1024,333716
QAP,893,1024,334093
QAP,894,1024,334470
QAP,895,1024,334854
QAP,896,1024,335231
QAP,897,1024,335608
QAP,898,1024,335984
QAP,899,1024,336360
QAP,900,1024,336738
QAP,901,1024,337111
QAP,902,1024,337489
QAP,903,1024,337852
QAP,904,1024,338228
QAP,905,1024,338605
QAP,906,1024,338981
QAP,907,1024,339358
QAP,908,1024,339734
QAP,909,1024,340110
QAP,910,1024,340486
QAP,911,1024,340862
QAP,912,1024,341239
QAP,913,1024,341615
QAP,914,1024,341991
QAP,915,1024,342368
QAP,916,1024,342744
QAP,917,1024,343104
QAP,918,1024,343481
QAP,919,1024,343857
QAP,920,1024,344233
QAP,921,1024,344609
QAP,922,1024,344986
QAP,923,1024,345362
QAP,924,1024,345738
QAP,925,1024,346114
QAP,926,1024,346475
QAP,927,1012,346851
QAP,928,1012,347227
QAP,929,1006,347603
QAP,930,986,347979
QAP,931,986,348355
QAP,932,986,348731
QAP,933,986,349107
QAP,934,986,349484
QAP,935,986,349860
QAP,936,986,350236
QAP,937,968,350612
QAP,938,968,350989
QAP,939,964,351365
QAP,940,964,351741
QAP,941,964,352117
QAP,942,946,352493
QAP,943,946,352854
QAP,944,946,353230
QAP,945,946,353606
QAP,946,928,353982
QAP,947,928,354358
QAP,948,928,354735
QAP,949,928,355111
QAP,950,928,355487
QAP,951,928,355848
QAP,952,928,356225
QAP,953,918,356602
QAP,954,918,356978
QAP,955,918,357355
QAP,956,918,357732
QAP,957,918,358093
QAP,958,918,358470
QAP,959,918,358847
QAP,960,918,359224
QAP,961,918,359601
QAP,962,900,359978
QAP,963,900,360355
QAP,964,900,360732
QAP,965,900,361108
QAP,966,900,361469
QAP,967,900,361846
QAP,968,900,362223
QAP,969,900,362600
QAP,970,900,362977
QAP,971,900,363354
QAP,972,900,363715
QAP,973,900,364092
QAP,974,876,364469
QAP,975,876,364846
QAP,976,876,365223
QAP,977,876,365600
QAP,978,876,365977
QAP,979,876,366354
QAP,980,876,366731
QAP,981,876,367093
QAP,982,876,367469
QAP,983,876,367846
QAP,984,876,368223
QAP,985,876,368600
QAP,986,876,368976
QAP,987,876,369353
QAP,988,876,369715
QAP,989,876,370092
QAP,990,876,370469
QAP,991,876,370846
QAP,992,876,371207
QAP,993,876,371583
QAP,994,876,371960
QAP,995,876,372321
QAP,996,876,372698
QAP,997,876,373075
QAP,998,876,373452
QAP,999,876,373828
QAP,1000,876,374189
QAP,1001,876,374566
QAP,1002,876,374943
QAP,1003,876,375305
QAP,1004,876,375682
QAP,1005,876,376059
QAP,1006,876,376435
QAP,1007,876,376796
QAP,1008,876,377173
QAP,1009,876,377551
QAP,1010,876,377927
QAP,1011,876,378288
QAP,1012,876,378665
QAP,1013,876,379042
QAP,1014,876,379419
QAP,1015,876,379780
QAP,1016,876,380157
QAP,1017,876,380534
QAP,1018,876,380911
QAP,1019,876,381272
QAP,1020,876,381649
QAP,1021,876,382027
QAP,1022,876,382388
QAP,1023,876,382765
QAP,1024,876,383142
QAP,1025,876,383519
QAP,1026,876,383880
QAP,1027,876,384257
QAP,1028,876,384634
QAP,1029,876,385011
QAP,1030,876,385372
QAP,1031,876,385749
QAP,1032,876,386126
QAP,1033,876,386503
QAP,1034,876,386865
QAP,1035,876,387242
QAP,1036,876,387619
QAP,1037,876,387996
QAP,1038,876,388357
QAP,1039,876,388734
QAP,1040,876,389111
QAP,1041,876,389472
QAP,1042,876,389849
QAP,1043,876,390226
QAP,1044,876,390603
QAP,1045,876,390964
QAP,1046,876,391341
QAP,1047,876,391718
QAP,1048,876,392095
QAP,1049,876,392456
QAP,1050,876,392833
QAP,1051,876,393209
QAP,1052,876,393570
QAP,1053,876,393947
QAP,1054,876,394324
QAP,1055,876,394686
QAP,1056,876,395064
QAP,1057,876,395441
QAP,1058,876,395802
QAP,1059,876,396179
QAP,1060,876,396556
QAP,1061,876,396917
QAP,1062,876,397294
QAP,1063,876,397671
QAP,1064,876,398033
QAP,1065,876,398410
QAP,1066,876,398772
QAP,1067,876,399149
QAP,1068,876,399526
QAP,1069,876,399903
QAP,1070,876,400265
QAP,1071,876,400641
QAP,1072,876,401002
QAP,1073,876,401379
QAP,1074,876,401756
QAP,1075,876,402118
QAP,1076,876,402495
QAP,1077,876,402871
QAP,1078,876,403232
QAP,1079,876,403609
QAP,1080,876,403986
QAP,1081,876,404347
QAP,1082,876,404725
QAP,1083,876,405102
QAP,1084,876,405463
QAP,1085,876,405840
QAP,1086,876,406217
QAP,1087,876,406578
QAP,1088,876,406955
QAP,1089,876,407332
QAP,1090,876,407694
QAP,1091,876,408071
QAP,1092,876,408448
QAP,1093,876,408825
QAP,1094,876,409186
QAP,1095,876,409563
QAP,1096,876,409940
QAP,1097,876,410301
QAP,1098,876,410678
QAP,1099,876,411055
QAP,1100,876,411417
QAP,1101,876,411794
QAP,1102,876,412171
QAP,1103,876,412532
QAP,1104,876,412908
QAP,1105,876,413285
QAP,1106,876,413662
QAP,1107,872,414023
QAP,1108,872,414400
QAP,1109,872,414777
QAP,1110,872,415154
QAP,1111,872,415515
QAP,1112,872,415892
QAP,1113,848,416269
QAP,1114,848,416630
QAP,1115,848,417007
QAP,1116,848,417383
QAP,1117,848,417774
QAP,1118,848,418135
QAP,1119,848,418511
QAP,1120,848,418887
QAP,1121,848,419263
QAP,1122,848,419640
QAP,1123,848,420017
QAP,1124,848,420394
QAP,1125,848,420771
QAP,1126,848,421148
QAP,1127,848,421525
QAP,1128,848,421902
QAP,1129,848,422279
QAP,1130,848,422656
QAP,1131,848,423017
QAP,1132,848,423394
QAP,1133,848,423770
QAP,1134,848,424147
QAP,1135,848,424524
QAP,1136,848,424901
QAP,1137,848,425277
QAP,1138,848,425655
QAP,1139,848,426032
QAP,1140,848,426408
QAP,1141,848,426785
QAP,1142,848,427162
QAP,1143,848,427539
QAP,1144,848,427916
QAP,1145,848,428277
QAP,1146,848,428654
QAP,1147,848,429031
QAP,1148,848,429393
QAP,1149,848,429769
QAP,1150,848,430146
QAP,1151,848,430524
QAP,1152,848,430885
QAP,1153,848,431261
QAP,1154,848,431638
QAP,1155,848,432015
QAP,1156,848,432392
QAP,1157,848,432753
QAP,1158,848,433130
QAP,1159,848,433510
QAP,1160,848,433883
QAP,1161,848,434245
QAP,1162,848,434621
QAP,1163,848,434998
QAP,1164,848,435374
QAP,1165,848,435751
QAP,1166,848,436128
QAP,1167,848,436505
QAP,1168,848,436882
QAP,1169,848,437243
QAP,1170,848,437620
QAP,1171,848,437996
QAP,1172,848,438373
QAP,1173,848,438750
QAP,1174,848,439127
QAP,1175,848,439504
QAP,1176,848,439881
QAP,1177,848,440258
QAP,1178,848,440635
QAP,1179,848,441012
QAP,1180,848,441373
QAP,1181,848,441750
QAP,1182,848,442126
QAP,1183,848,442503
QAP,1184,848,442880
QAP,1185,848,443256
QAP,1186,848,443633
QAP,1187,848,444010
QAP,1188,848,444386
QAP,1189,848,444747
QAP,1190,848,445124
QAP,1191,848,445500
QAP,1192,848,445877
QAP,1193,848,446238
QAP,1194,848,446632
QAP,1195,848,446993
QAP,1196,848,447369
QAP,1197,848,447746
QAP,1198,848,448123
QAP,1199,848,448500
QAP,1200,848,448861
QAP,1201,848,449238
QAP,1202,848,449616
QAP,1203,848,449992
QAP,1204,848,450353
QAP,1205,848,450730
QAP,1206,848,451107
QAP,1207,848,451484
QAP,1208,848,451845
QAP,1209,848,452222
QAP,1210,848,452599
QAP,1211,848,452960
QAP,1212,848,453337
QAP,1213,848,453714
QAP,1214,848,454075
QAP,1215,848,454452
QAP,1216,848,454830
QAP,1217,848,455191
QAP,1218,848,455568
QAP,1219,848,455945
QAP,1220,848,456306
QAP,1221,848,456683
QAP,1222,848,457060
QAP,1223,848,457437
QAP,1224,848,457798
QAP,1225,848,458175
QAP,1226,848,458552
QAP,1227,848,458913
QAP,1228,848,459289
QAP,1229,848,459667
QAP,1230,844,460028
QAP,1231,844,460405
QAP,1232,844,460782
QAP,1233,844,461143
QAP,1234,844,461520
QAP,1235,844,461882
QAP,1236,844,462258
QAP,1237,844,462635
QAP,1238,844,462997
QAP,1239,844,463374
QAP,1240,844,463751
QAP,1241,844,464112
QAP,1242,844,464489
QAP,1243,844,464866
QAP,1244,844,465227
QAP,1245,844,465604
QAP,1246,844,465965
QAP,1247,844,466342
QAP,1248,844,466719
QAP,1249,844,467080
QAP,1250,844,467458
QAP,1251,844,467835
QAP,1252,844,468211
QAP,1253,844,468573
QAP,1254,844,468949
QAP,1255,834,469326
QAP,1256,834,469703
QAP,1257,834,470064
QAP,1258,834,470441
QAP,1259,834,470818
QAP,1260,834,471183
QAP,1261,834,471555
QAP,1262,834,471932
QAP,1263,834,472309
QAP,1264,834,472670
QAP,1265,834,473047
QAP,1266,834,473408
QAP,1267,834,473785
QAP,1268,834,474162
QAP,1269,834,474539
QAP,1270,834,474900
QAP,1271,834,475277
QAP,1272,834,475654
QAP,1273,834,476015
QAP,1274,834,476392
QAP,1275,834,476769
QAP,1276,834,477145
QAP,1277,834,477506
QAP,1278,834,477883
QAP,1279,834,478261
QAP,1280,834,478622
QAP,1281,834,478999
QAP,1282,834,479375
QAP,1283,834,479752
QAP,1284,834,480113
QAP,1285,834,480490
QAP,1286,834,480867
QAP,1287,834,481244
QAP,1288,834,481605
QAP,1289,834,481997
QAP,1290,834,482375
QAP,1291,834,482751
QAP,1292,834,483112
QAP,1293,834,483489
QAP,1294,834,483865
QAP,1295,834,484243
QAP,1296,834,484620
QAP,1297,834,484996
QAP,1298,834,485358
QAP,1299,834,485750
QAP,1300,834,486111
QAP,1301,834,486488
QAP,1302,834,486865
QAP,1303,834,487242
QAP,1304,834,487619
QAP,1305,834,487980
QAP,1306,834,488356
QAP,1307,834,488733
QAP,1308,834,489110
QAP,1309,834,489487
QAP,1310,834,489865
QAP,1311,834,490241
QAP,1312,834,490618
QAP,1313,834,490979
QAP,1314,834,491356
QAP,1315,834,491748
QAP,1316,834,492109
QAP,1317,834,492486
QAP,1318,834,492862
QAP,1319,834,493239
QAP,1320,834,493616
QAP,1321,834,493992
QAP,1322,834,494370
QAP,1323,834,494746
QAP,1324,834,495131
QAP,1325,834,495515
QAP,1326,834,495877
QAP,1327,834,496253
QAP,1328,834,496630
QAP,1329,834,497007
QAP,1330,834,497384
QAP,1331,834,497761
QAP,1332,834,498137
QAP,1333,834,498514
QAP,1334,834,498891
QAP,1335,834,499268
QAP,1336,834,499645
QAP,1337,834,500022
QAP,1338,834,500399
QAP,1339,834,500776
QAP,1340,834,501137
QAP,1341,834,501513
QAP,1342,834,501890
QAP,1343,834,502267
QAP,1344,834,502644
QAP,1345,834,503020
QAP,1346,834,503397
QAP,1347,834,503774
QAP,1348,834,504150
QAP,1349,834,504528
QAP,1350,834,504905
QAP,1351,834,505281
QAP,1352,834,505642
QAP,1353,834,506019
QAP,1354,834,506396
QAP,1355,834,506773
QAP,1356,834,507150
QAP,1357,834,507526
QAP,1358,834,507903
QAP,1359,834,508264
QAP,1360,834,508641
QAP,1361,834,509033
QAP,1362,834,509394
QAP,1363,834,509771
QAP,1364,834,510148
QAP,1365,834,510525
QAP,1366,834,510901
QAP,1367,834,511278
QAP,1368,834,511654
QAP,1369,834,512031
QAP,1370,834,512408
QAP,1371,834,512785
QAP,1372,834,513147
QAP,1373,834,513523
QAP,1374,834,513900
QAP,1375,834,514275
QAP,1376,834,514653
QAP,1377,834,515030
QAP,1378,834,515404
QAP,1379,834,515784
QAP,1380,834,516162
QAP,1381,834,516537
QAP,1382,834,516911
QAP,1383,834,517288
QAP,1384,834,517666
QAP,1385,834,518039
QAP,1386,834,518411
QAP,1387,834,518772
QAP,1388,834,519149
QAP,1389,834,519525
QAP,1390,834,519902
QAP,1391,834,520264
QAP,1392,834,520640
QAP,1393,834,521016
QAP,1394,834,521393
QAP,1395,834,521770
QAP,1396,834,522131
QAP,1397,834,522508
QAP,1398,834,522884
QAP,1399,834,523261
QAP,1400,834,523640
QAP,1401,834,524014
QAP,1402,834,524389
QAP,1403,834,524763
QAP,1404,834,525137
QAP,1405,834,525511
QAP,1406,834,525885
QAP,1407,834,526258
QAP,1408,834,526633
QAP,1409,834,527008
QAP,1410,834,527382
QAP,1411,834,527757
QAP,1412,834,528134
QAP,1413,834,528510
QAP,1414,834,528881
QAP,1415,834,529255
QAP,1416,834,529630
QAP,1417,834,530007
QAP,1418,834,530380
QAP,1419,834,530759
QAP,1420,834,531134
QAP,1421,834,531507
QAP,1422,834,531886
QAP,1423,834,532262
QAP,1424,834,532624
QAP,1425,834,533000
QAP,1426,834,533377
QAP,1427,834,533754
QAP,1428,834,534130
QAP,1429,834,534506
QAP,1430,834,534867
QAP,1431,834,535244
QAP,1432,834,535621
QAP,1433,834,535982
QAP,1434,834,536358
QAP,1435,834,536735
QAP,1436,834,537097
QAP,1437,834,537474
QAP,1438,834,537851
QAP,1439,834,538228
QAP,1440,834,538589
QAP,1441,834,538966
QAP,1442,834,539343
QAP,1443,834,539704
QAP,1444,834,540081
QAP,1445,834,540458
QAP,1446,834,540820
QAP,1447,834,541196
QAP,1448,834,541573
QAP,1449,834,541950
QAP,1450,834,542311
QAP,1451,834,542688
QAP,1452,834,543065
QAP,1453,834,543426
QAP,1454,834,543803
QAP,1455,834,544180
QAP,1456,834,544556
QAP,1457,834,544918
QAP,1458,834,545295
QAP,1459,834,545671
QAP,1460,834,546033
QAP,1461,834,546410
QAP,1462,834,546787
QAP,1463,834,547164
QAP,1464,834,547526
QAP,1465,834,547902
QAP,1466,834,548279
QAP,1467,834,548657
QAP,1468,834,549017
QAP,1469,834,549394
QAP,1470,834,549771
QAP,1471,834,550148
QAP,1472,834,550509
QAP,1473,834,550886
QAP,1474,834,551263
QAP,1475,834,551640
QAP,1476,834,552002
QAP,1477,834,552378
QAP,1478,834,552755
QAP,1479,834,553116
QAP,1480,834,553494
QAP,1481,834,553871
QAP,1482,834,554248
QAP,1483,834,554609
QAP,1484,834,554986
QAP,1485,834,555363
QAP,1486,834,555740
QAP,1487,834,556101
QAP,1488,834,556478
QAP,1489,834,556855
QAP,1490,834,557216
QAP,1491,834,557592
QAP,1492,834,557969
QAP,1493,834,558346
QAP,1494,834,558723
QAP,1495,834,559085
QAP,1496,834,559461
QAP,1497,834,559839
QAP,1498,834,560216
QAP,1499,834,560593
QAP,1500,834,560954
QAP,1501,834,561331
QAP,1502,834,561708
QAP,1503,834,562085
QAP,1504,834,562446
QAP,1505,834,562823
QAP,1506,834,563199
QAP,1507,834,563576
QAP,1508,834,563953
QAP,1509,834,564314
QAP,1510,834,564692
QAP,1511,834,565068
QAP,1512,834,565445
QAP,1513,834,565806
QAP,1514,834,566183
QAP,1515,834,566560
QAP,1516,834,566937
QAP,1517,834,567313
QAP,1518,834,567690
QAP,1519,834,568066
QAP,1520,834,568443
QAP,1521,834,568819
QAP,1522,834,569196
QAP,1523,834,569572
QAP,1524,834,569949
QAP,1525,834,570326
QAP,1526,834,570703
QAP,1527,834,571080
QAP,1528,834,571457
QAP,1529,834,571833
QAP,1530,834,572210
QAP,1531,834,572587
QAP,1532,834,572964
QAP,1533,834,573325
QAP,1534,834,573702
QAP,1535,834,574079
QAP,1536,834,574456
QAP,1537,834,574817
QAP,1538,834,575194
QAP,1539,834,575571
QAP,1540,834,575932
QAP,1541,834,576309
QAP,1542,834,576686
QAP,1543,834,577062
QAP,1544,834,577423
QAP,1545,834,577800
QAP,1546,834,578177
QAP,1547,834,578555
QAP,1548,834,578916
QAP,1549,834,579294
QAP,1550,834,579670
QAP,1551,834,580048
QAP,1552,834,580408
QAP,1553,834,580786
QAP,1554,834,581163
QAP,1555,834,581540
QAP,1556,834,581901
QAP,1557,834,582278
QAP,1558,834,582655
QAP,1559,834,583032
QAP,1560,834,583394
QAP,1561,834,583771
QAP,1562,834,584148
QAP,1563,834,584525
QAP,1564,834,584887
QAP,1565,834,585263
QAP,1566,834,585640
QAP,1567,834,586017
QAP,1568,834,586378
QAP,1569,834,586755
QAP,1570,834,587132
QAP,1571,834,587494
QAP,1572,834,587870
QAP,1573,834,588247
QAP,1574,834,588624
QAP,1575,834,589002
QAP,1576,834,589363
QAP,1577,834,589740
QAP,1578,834,590117
QAP,1579,834,590494
QAP,1580,834,590856
QAP,1581,834,591232
QAP,1582,834,591609
QAP,1583,834,591986
QAP,1584,834,592363
QAP,1585,834,592724
QAP,1586,834,593100
QAP,1587,834,593477
QAP,1588,834,593854
QAP,1589,834,594215
QAP,1590,834,594592
QAP,1591,834,594969
QAP,1592,834,595331
QAP,1593,834,595708
QAP,1594,834,596084
QAP,1595,834,596446
QAP,1596,834,596838
QAP,1597,834,597215
QAP,1598,834,597592
QAP,1599,834,597968
QAP,1600,834,598330
QAP,1601,834,598707
QAP,1602,834,599084
QAP,1603,834,599445
QAP,1604,834,599821
QAP,1605,834,600198
QAP,1606,834,600576
QAP,1607,834,600937
QAP,1608,834,601315
QAP,1609,834,601692
QAP,1610,834,602053
QAP,1611,834,602430
QAP,1612,834,602808
QAP,1613,834,603185
QAP,1614,834,603547
QAP,1615,834,603924
QAP,1616,834,604301
QAP,1617,834,604662
QAP,1618,834,605038
QAP,1619,834,605415
QAP,1620,834,605776
QAP,1621,834,606153
QAP,1622,834,606530
QAP,1623,834,606891
QAP,1624,834,607268
QAP,1625,834,607644
QAP,1626,834,608006
QAP,1627,834,608383
QAP,1628,834,608760
QAP,1629,834,609121
QAP,1630,834,609498
QAP,1631,834,609875
QAP,1632,834,610236
QAP,1633,834,610613
QAP,1634,834,610990
QAP,1635,834,611366
QAP,1636,834,611728
QAP,1637,834,612113
QAP,1638,834,612490
QAP,1639,834,612867
QAP,1640,834,613241
QAP,1641,834,613618
QAP,1642,834,613979
QAP,1643,834,614355
QAP,1644,834,614732
QAP,1645,834,615107
QAP,1646,834,615484
QAP,1647,834,615860
QAP,1648,834,616236
QAP,1649,834,616612
QAP,1650,834,616988
QAP,1651,834,617364
QAP,1652,834,617740
QAP,1653,834,618116
QAP,1654,834,618492
QAP,1655,834,618868
QAP,1656,834,619245
QAP,1657,834,619621
QAP,1658,834,619997
QAP,1659,834,620373
QAP,1660,834,620749
QAP,1661,834,621125
QAP,1662,834,621501
QAP,1663,834,621877
QAP,1664,834,622253
QAP,1665,834,622629
QAP,1666,834,623005
QAP,1667,834,623382
QAP,1668,834,623758
QAP,1669,834,624134
QAP,1670,834,624510
QAP,1671,834,624887
QAP,1672,834,625263
QAP,1673,834,625639
QAP,1674,834,626015
QAP,1675,834,626375
QAP,1676,834,626751
QAP,1677,834,627127
QAP,1678,834,627519
QAP,1679,834,627879
QAP,1680,834,628255
QAP,1681,834,628632
QAP,1682,834,629008
QAP,1683,834,629384
QAP,1684,834,629760
QAP,1685,834,630136
QAP,1686,834,630512
QAP,1687,834,630888
QAP,1688,834,631280
QAP,1689,834,631640
QAP,1690,834,632017
QAP,1691,834,632392
QAP,1692,834,632768
QAP,1693,834,633145
QAP,1694,834,633521
QAP,1695,834,633897
QAP,1696,834,634273
QAP,1697,834,634651
QAP,1698,834,635028
QAP,1699,834,635404
QAP,1700,834,635781
QAP,1701,834,636158
QAP,1702,834,636535
QAP,1703,834,636912
QAP,1704,834,637288
QAP,1705,834,637665
QAP,1706,834,638026
QAP,1707,834,638402
QAP,1708,834,638793
QAP,1709,834,639169
QAP,1710,834,639536
QAP,1711,834,639913
QAP,1712,834,640289
QAP,1713,834,640651
QAP,1714,834,641027
QAP,1715,834,641404
QAP,1716,834,641781
QAP,1717,834,642157
QAP,1718,834,642535
QAP,1719,834,642911
QAP,1720,834,643288
QAP,1721,834,643665
QAP,1722,834,644042
QAP,1723,834,644419
QAP,1724,834,644780
QAP,1725,834,645156
QAP,1726,834,645533
QAP,1727,834,645910
QAP,1728,834,646286
QAP,1729,834,646663
QAP,1730,834,647040
QAP,1731,834,647401
QAP,1732,834,647778
QAP,1733,834,648155
QAP,1734,834,648532
QAP,1735,834,648909
QAP,1736,834,649270
QAP,1737,834,649647
QAP,1738,834,650024
QAP,1739,834,650401
QAP,1740,834,650778
QAP,1741,834,651154
QAP,1742,834,651531
QAP,1743,834,651908
QAP,1744,834,652285
QAP,1745,834,652662
QAP,1746,834,653023
QAP,1747,834,653400
QAP,1748,834,653777
QAP,1749,834,654154
QAP,1750,834,654531
QAP,1751,834,654908
QAP,1752,834,655284
QAP,1753,834,655645
QAP,1754,834,656023
QAP,1755,834,656399
QAP,1756,834,656776
QAP,1757,834,657138
QAP,1758,834,657515
QAP,1759,834,657892
QAP,1760,834,658253
QAP,1761,834,658630
QAP,1762,834,659006
QAP,1763,834,659383
QAP,1764,834,659745
QAP,1765,834,660122
QAP,1766,834,660499
QAP,1767,834,660876
QAP,1768,834,661237
QAP,1769,834,661614
QAP,1770,834,661991
QAP,1771,834,662353
QAP,1772,834,662730
QAP,1773,834,663107
QAP,1774,834,663484
QAP,1775,834,663845
QAP,1776,834,664222
QAP,1777,834,664599
QAP,1778,834,664975
QAP,1779,834,665337
QAP,1780,834,665713
QAP,1781,834,666091
QAP,1782,834,666452
QAP,1783,834,666829
QAP,1784,834,667206
QAP,1785,834,667567
QAP,1786,834,667944
QAP,1787,834,668320
QAP,1788,834,668697
QAP,1789,834,669058
QAP,1790,834,669435
QAP,1791,834,669812
QAP,1792,834,670173
QAP,1793,834,670550
QAP,1794,834,670927
QAP,1795,834,671304
QAP,1796,834,671665
QAP,1797,834,672042
QAP,1798,834,672419
QAP,1799,834,672780
QAP,1800,834,673157
QAP,1801,834,673534
QAP,1802,834,673910
QAP,1803,834,674272
QAP,1804,834,674648
QAP,1805,834,675025
QAP,1806,834,675386
QAP,1807,834,675763
QAP,1808,834,676139
QAP,1809,834,676516
QAP,1810,834,676893
QAP,1811,834,677254
QAP,1812,834,677640
QAP,1813,834,678015
QAP,1814,834,678390
QAP,1815,834,678769
QAP,1816,834,679142
QAP,1817,834,679518
QAP,1818,834,679892
QAP,1819,834,680267
QAP,1820,834,680646
QAP,1821,834,681023
QAP,1822,834,681395
QAP,1823,834,681774
QAP,1824,834,682152
QAP,1825,834,682527
QAP,1826,834,682904
QAP,1827,834,683280
QAP,1828,834,683652
QAP,1829,834,684029
QAP,1830,834,684390
QAP,1831,834,684767
QAP,1832,834,685159
QAP,1833,834,685519
QAP,1834,834,685911
QAP,1835,834,686287
QAP,1836,834,686663
QAP,1837,834,687039
QAP,1838,834,687415
QAP,1839,834,687791
QAP,1840,834,688167
QAP,1841,834,688543
QAP,1842,834,688919
QAP,1843,834,689295
QAP,1844,834,689655
QAP,1845,834,690032
QAP,1846,834,690408
QAP,1847,834,690799
QAP,1848,834,691175
QAP,1849,834,691551
QAP,1850,834,691928
QAP,1851,834,692304
QAP,1852,834,692690
QAP,1853,834,693063
QAP,1854,834,693424
QAP,1855,834,693801
QAP,1856,834,694178
QAP,1857,834,694555
QAP,1858,834,694916
QAP,1859,834,695292
QAP,1860,834,695669
QAP,1861,834,696046
QAP,1862,834,696408
QAP,1863,834,696785
QAP,1864,834,697162
QAP,1865,834,697538
QAP,1866,834,697899
QAP,1867,834,698276
QAP,1868,834,698653
QAP,1869,834,699015
QAP,1870,834,699392
QAP,1871,834,699769
QAP,1872,834,700130
QAP,1873,834,700508
QAP,1874,834,700885
QAP,1875,834,701262
QAP,1876,834,701624
QAP,1877,834,702001
QAP,1878,834,702378
QAP,1879,834,702755
QAP,1880,834,703116
QAP,1881,834,703493
QAP,1882,834,703870
QAP,1883,834,704232
QAP,1884,834,704608
QAP,1885,834,704986
QAP,1886,834,705363
QAP,1887,834,705740
QAP,1888,834,706117
QAP,1889,834,706493
QAP,1890,834,706870
QAP,1891,834,707246
QAP,1892,834,707623
QAP,1893,834,708000
QAP,1894,834,708361
QAP,1895,834,708738
QAP,1896,834,709115
QAP,1897,834,709492
QAP,1898,834,709869
QAP,1899,834,710246
QAP,1900,834,710623
QAP,1901,834,711000
QAP,1902,834,711376
QAP,1903,834,711737
QAP,1904,834,712114
QAP,1905,834,712491
QAP,1906,834,712868
QAP,1907,834,713245
QAP,1908,834,713622
QAP,1909,834,713999
QAP,1910,834,714377
QAP,1911,834,714754
QAP,1912,834,715131
QAP,1913,834,715492
QAP,1914,834,715869
QAP,1915,834,716246
QAP,1916,834,716623
QAP,1917,834,717000
QAP,1918,834,717377
QAP,1919,834,717754
QAP,1920,834,718131
QAP,1921,834,718507
QAP,1922,834,718884
QAP,1923,834,719261
QAP,1924,834,719623
QAP,1925,834,719999
QAP,1926,834,720376
QAP,1927,834,720752
QAP,1928,834,721130
QAP,1929,834,721507
QAP,1930,834,721884
QAP,1931,834,722260
QAP,1932,834,722637
QAP,1933,834,723014
QAP,1934,834,723391
QAP,1935,834,723783
QAP,1936,834,724144
QAP,1937,834,724521
QAP,1938,834,724898
QAP,1939,834,725276
QAP,1940,834,725652
QAP,1941,834,726029
QAP,1942,834,726391
QAP,1943,834,726768
QAP,1944,834,727145
QAP,1945,834,727521
QAP,1946,834,727898
QAP,1947,834,728259
QAP,1948,834,728636
QAP,1949,834,729013
QAP,1950,834,729390
QAP,1951,834,729752
QAP,1952,834,730129
QAP,1953,834,730505
QAP,1954,834,730882
QAP,1955,834,731258
QAP,1956,834,731635
QAP,1957,834,732012
QAP,1958,834,732389
QAP,1959,834,732766
QAP,1960,834,733142
QAP,1961,834,733519
QAP,1962,834,733881
QAP,1963,834,734257
QAP,1964,834,734643
QAP,1965,834,735019
QAP,1966,834,735397
QAP,1967,834,735775
QAP,1968,834,736151
QAP,1969,834,736529
QAP,1970,834,736908
QAP,1971,834,737283
QAP,1972,834,737658
QAP,1973,834,738021
QAP,1974,834,738398
QAP,1975,834,738775
QAP,1976,834,739137
QAP,1977,834,739514
QAP,1978,834,739890
QAP,1979,834,740251
QAP,1980,834,740629
QAP,1981,834,741005
QAP,1982,834,741382
QAP,1983,834,741743
QAP,1984,834,742120
QAP,1985,834,742497
QAP,1986,834,742873
QAP,1987,834,743235
QAP,1988,834,743612
QAP,1989,834,743989
QAP,1990,834,744350
QAP,1991,834,744727
QAP,1992,834,745104
QAP,1993,834,745481
QAP,1994,834,745843
QAP,1995,834,746220
QAP,1996,834,746596
QAP,1997,834,746957
QAP,1998,834,747334
QAP,1999,834,747711
QAP,2000,834,748088
QAP,2001,834,748449
QAP,2002,834,748826
QAP,2003,834,749203
QAP,2004,834,749580
QAP,2005,834,749941
QAP,2006,834,750318
QAP,2007,834,750694
QAP,2008,834,751071
QAP,2009,834,751432
QAP,2010,834,751824
QAP,2011,834,752185
QAP,2012,834,752562
QAP,2013,834,752939
QAP,2014,834,753315
QAP,2015,834,753692
QAP,2016,834,754068
QAP,2017,834,754445
QAP,2018,834,754822
QAP,2019,834,755198
QAP,2020,834,755575
QAP,2021,834,755936
QAP,2022,834,756314
QAP,2023,834,756691
QAP,2024,834,757068
QAP,2025,834,757449
QAP,2026,834,757824
QAP,2027,834,758201
QAP,2028,834,758575
QAP,2029,834,758953
QAP,2030,834,759329
QAP,2031,834,759706
QAP,2032,834,760080
QAP,2033,834,760457
QAP,2034,834,760834
QAP,2035,834,761211
QAP,2036,834,761587
QAP,2037,834,761963
QAP,2038,834,762344
QAP,2039,834,762722
QAP,2040,834,763098
QAP,2041,834,763477
QAP,2042,834,763853
QAP,2043,834,764228
QAP,2044,834,764606
QAP,2045,834,764980
QAP,2046,834,765357
QAP,2047,834,765735
QAP,2048,834,766108
QAP,2049,834,766488
QAP,2050,834,766866
QAP,2051,834,767242
QAP,2052,834,767616
QAP,2053,834,767988
QAP,2054,834,768366
QAP,2055,834,768740
QAP,2056,834,769101
QAP,2057,834,769478
QAP,2058,834,769855
QAP,2059,834,770232
QAP,2060,834,770608
QAP,2061,834,770986
QAP,2062,834,771347
QAP,2063,834,771723
QAP,2064,834,772100
QAP,2065,834,772477
QAP,2066,834,772853
QAP,2067,834,773214
QAP,2068,834,773591
QAP,2069,834,773968
QAP,2070,834,774345
QAP,2071,834,774706
QAP,2072,834,775083
QAP,2073,834,775460
QAP,2074,834,775821
QAP,2075,834,776197
QAP,2076,834,776575
QAP,2077,834,776936
QAP,2078,834,777313
QAP,2079,834,777690
QAP,2080,834,778066
QAP,2081,834,778427
QAP,2082,834,778804
QAP,2083,834,779181
QAP,2084,834,779543
QAP,2085,834,779920
QAP,2086,834,780297
QAP,2087,834,780658
QAP,2088,834,781035
QAP,2089,834,781411
QAP,2090,834,781773
QAP,2091,834,782150
QAP,2092,834,782527
QAP,2093,834,782904
QAP,2094,834,783265
QAP,2095,834,783642
QAP,2096,834,784019
QAP,2097,834,784380
QAP,2098,834,784766
QAP,2099,834,785134
QAP,2100,834,785511
QAP,2101,834,785873
QAP,2102,834,786250
QAP,2103,834,786627
QAP,2104,834,786988
QAP,2105,834,787364
QAP,2106,834,787741
QAP,2107,834,788118
QAP,2108,834,788479
QAP,2109,834,788856
QAP,2110,834,789233
QAP,2111,834,789610
QAP,2112,834,789971
QAP,2113,834,790348
QAP,2114,834,790725
QAP,2115,834,791086
QAP,2116,834,791463
QAP,2117,834,791839
QAP,2118,834,792217
QAP,2119,834,792578
QAP,2120,834,792955
QAP,2121,834,793332
QAP,2122,834,793693
QAP,2123,834,794071
QAP,2124,834,794447
QAP,2125,834,794824
QAP,2126,834,795184
QAP,2127,834,795561
QAP,2128,834,795939
QAP,2129,834,796315
QAP,2130,834,796693
QAP,2131,834,797054
QAP,2132,834,797431
QAP,2133,834,797808
QAP,2134,834,798185
QAP,2135,834,798561
QAP,2136,834,798938
QAP,2137,834,799315
QAP,2138,834,799692
QAP,2139,834,800053
QAP,2140,834,800430
QAP,2141,834,800808
QAP,2142,834,801185
QAP,2143,834,801561
QAP,2144,834,801922
QAP,2145,834,802299
QAP,2146,834,802676
QAP,2147,834,803053
QAP,2148,834,803429
QAP,2149,834,803807
QAP,2150,834,804184
QAP,2151,834,804566
QAP,2152,834,804937
QAP,2153,834,805314
QAP,2154,834,805676
QAP,2155,834,806052
QAP,2156,834,806429
QAP,2157,834,806806
QAP,2158,834,807182
QAP,2159,834,807559
QAP,2160,834,807936
QAP,2161,834,808313
QAP,2162,834,808690
QAP,2163,834,809051
QAP,2164,834,809428
QAP,2165,834,809804
QAP,2166,834,810181
QAP,2167,834,810558
QAP,2168,834,810935
QAP,2169,834,811312
QAP,2170,834,811689
QAP,2171,834,812066
QAP,2172,834,812442
QAP,2173,834,812819
QAP,2174,834,813197
QAP,2175,834,813558
QAP,2176,834,813935
QAP,2177,834,814313
QAP,2178,834,814689
QAP,2179,834,815066
QAP,2180,834,815443
QAP,2181,834,815804
QAP,2182,834,816181
QAP,2183,834,816558
QAP,2184,834,816934
QAP,2185,834,817295
QAP,2186,834,817673
QAP,2187,834,818050
QAP,2188,834,818411
QAP,2189,834,818789
QAP,2190,834,819165
QAP,2191,834,819527
QAP,2192,834,819903
QAP,2193,834,820280
QAP,2194,834,820657
QAP,2195,834,821018
QAP,2196,834,821396
QAP,2197,834,821773
QAP,2198,834,822134
QAP,2199,834,822511
QAP,2200,834,822888
QAP,2201,834,823265
QAP,2202,834,823626
QAP,2203,834,824003
QAP,2204,834,824380
QAP,2205,834,824741
QAP,2206,834,825118
QAP,2207,834,825495
QAP,2208,834,825873
QAP,2209,834,826235
QAP,2210,834,826611
QAP,2211,834,826988
QAP,2212,834,827365
QAP,2213,834,827726
QAP,2214,834,828104
QAP,2215,834,828481
QAP,2216,834,828858
QAP,2217,834,829235
QAP,2218,834,829612
QAP,2219,834,829973
QAP,2220,834,830350
QAP,2221,834,830726
QAP,2222,834,831088
QAP,2223,834,831465
QAP,2224,834,831843
QAP,2225,834,832219
QAP,2226,834,832580
QAP,2227,834,832957
QAP,2228,834,833335
QAP,2229,834,833711
QAP,2230,834,834072
QAP,2231,834,834449
QAP,2232,834,834825
QAP,2233,834,835203
QAP,2234,834,835580
QAP,2235,834,835941
QAP,2236,834,836318
QAP,2237,834,836695
QAP,2238,834,837072
QAP,2239,834,837449
QAP,2240,834,837825
QAP,2241,834,838203
QAP,2242,834,838579
QAP,2243,834,838940
QAP,2244,834,839317
QAP,2245,834,839695
QAP,2246,834,840071
QAP,2247,834,840448
QAP,2248,834,840825
QAP,2249,834,841202
QAP,2250,834,841579
QAP,2251,834,841941
QAP,2252,834,842317
QAP,2253,834,842694
QAP,2254,834,843071
QAP,2255,834,843447
QAP,2256,834,843823
QAP,2257,834,844200
QAP,2258,834,844576
QAP,2259,834,844952
QAP,2260,834,845328
QAP,2261,834,845704
QAP,2262,834,846080
QAP,2263,834,846457
QAP,2264,834,846833
QAP,2265,834,847209
QAP,2266,834,847585
QAP,2267,834,847961
QAP,2268,834,848337
QAP,2269,834,848714
QAP,2270,834,849090
QAP,2271,834,849466
QAP,2272,834,849842
QAP,2273,834,850218
QAP,2274,834,850579
QAP,2275,834,850955
QAP,2276,834,851331
QAP,2277,834,851707
QAP,2278,834,852084
QAP,2279,834,852460
QAP,2280,834,852836
QAP,2281,834,853212
QAP,2282,834,853589
QAP,2283,834,853965
QAP,2284,834,854341
QAP,2285,834,854718
QAP,2286,834,855094
QAP,2287,834,855471
QAP,2288,834,855847
QAP,2289,834,856223
QAP,2290,834,856599
QAP,2291,834,856975
QAP,2292,834,857351
QAP,2293,834,857727
QAP,2294,834,858087
QAP,2295,834,858464
QAP,2296,834,858840
QAP,2297,834,859232
QAP,2298,834,859608
QAP,2299,834,859969
QAP,2300,834,860345
QAP,2301,834,860737
QAP,2302,834,861113
QAP,2303,834,861489
QAP,2304,834,861849
QAP,2305,834,862241
QAP,2306,834,862617
QAP,2307,834,862978
QAP,2308,834,863354
QAP,2309,834,863730
QAP,2310,834,864106
QAP,2311,834,864482
QAP,2312,834,864859
QAP,2313,834,865235
QAP,2314,834,865611
QAP,2315,834,865987
QAP,2316,834,866363
QAP,2317,834,866739
QAP,2318,834,867116
QAP,2319,834,867492
QAP,2320,834,867868
QAP,2321,834,868244
QAP,2322,834,868620
QAP,2323,834,868996
QAP,2324,834,869372
QAP,2325,834,869732
QAP,2326,834,870109
QAP,2327,834,870485
QAP,2328,834,870861
QAP,2329,834,871237
QAP,2330,834,871613
QAP,2331,834,871989
QAP,2332,834,872365
QAP,2333,834,872742
QAP,2334,834,873118
QAP,2335,834,873494
QAP,2336,834,873870
QAP,2337,834,874247
QAP,2338,834,874623
QAP,2339,834,874999
QAP,2340,834,875375
QAP,2341,834,875751
QAP,2342,834,876127
QAP,2343,834,876504
QAP,2344,834,876880
QAP,2345,834,877256
QAP,2346,834,877632
QAP,2347,834,878008
QAP,2348,834,878384
QAP,2349,834,878761
QAP,2350,834,879136
QAP,2351,834,879512
QAP,2352,834,879889
QAP,2353,834,880265
QAP,2354,834,880625
QAP,2355,834,881002
QAP,2356,834,881393
QAP,2357,834,881769
QAP,2358,834,882130
QAP,2359,834,882521
QAP,2360,834,882897
QAP,2361,834,883258
QAP,2362,834,883642
QAP,2363,834,884010
QAP,2364,834,884386
QAP,2365,834,884763
QAP,2366,834,885139
QAP,2367,834,885515
QAP,2368,834,885891
QAP,2369,834,886267
QAP,2370,834,886643
QAP,2371,834,887019
QAP,2372,834,887395
QAP,2373,834,887756
QAP,2374,834,888133
QAP,2375,834,888510
QAP,2376,834,888887
QAP,2377,834,889264
QAP,2378,834,889641
QAP,2379,834,890003
QAP,2380,834,890380
QAP,2381,834,890757
QAP,2382,834,891135
QAP,2383,834,891496
QAP,2384,834,891874
QAP,2385,834,892250
QAP,2386,834,892627
QAP,2387,834,893004
QAP,2388,834,893366
QAP,2389,834,893743
QAP,2390,834,894120
QAP,2391,834,894497
QAP,2392,834,894874
QAP,2393,834,895251
QAP,2394,834,895628
QAP,2395,834,896004
QAP,2396,834,896381
QAP,2397,834,896743
QAP,2398,834,897119
QAP,2399,834,897496
QAP,2400,834,897873
QAP,2401,834,898250
QAP,2402,834,898627
QAP,2403,834,898988
QAP,2404,834,899366
QAP,2405,834,899743
QAP,2406,834,900120
QAP,2407,834,900496
QAP,2408,834,900873
QAP,2409,834,901250
QAP,2410,834,901627
QAP,2411,834,902003
QAP,2412,834,902380
QAP,2413,834,902757
QAP,2414,834,903118
QAP,2415,834,903495
QAP,2416,834,903872
QAP,2417,834,904249
QAP,2418,834,904626
QAP,2419,834,905003
QAP,2420,834,905365
QAP,2421,834,905741
QAP,2422,834,906117
QAP,2423,834,906494
QAP,2424,834,906871
QAP,2425,834,907248
QAP,2426,834,907624
QAP,2427,834,908002
QAP,2428,834,908363
QAP,2429,834,908740
QAP,2430,834,909116
QAP,2431,834,909493
QAP,2432,834,909869
QAP,2433,834,910230
QAP,2434,834,910608
QAP,2435,834,910984
QAP,2436,834,911361
QAP,2437,834,911723
QAP,2438,834,912100
QAP,2439,834,912476
QAP,2440,834,912853
QAP,2441,834,913214
QAP,2442,834,913591
QAP,2443,834,913968
QAP,2444,834,914345
QAP,2445,834,914707
QAP,2446,834,915083
QAP,2447,834,915460
QAP,2448,834,915822
QAP,2449,834,916199
QAP,2450,834,916575
QAP,2451,834,916937
QAP,2452,834,917313
QAP,2453,834,917690
QAP,2454,834,918072
QAP,2455,834,918446
QAP,2456,834,918831
QAP,2457,834,919199
QAP,2458,834,919576
QAP,2459,834,919953
QAP,2460,834,920347
QAP,2461,834,920724
QAP,2462,834,921118
QAP,2463,834,921512
QAP,2464,834,921891
QAP,2465,834,922267
QAP,2466,834,922644
QAP,2467,834,923021
QAP,2468,834,923398
QAP,2469,834,923775
QAP,2470,834,924136
QAP,2471,834,924514
QAP,2472,834,924890
QAP,2473,834,925267
QAP,2474,834,925628
QAP,2475,834,926005
QAP,2476,834,926382
QAP,2477,834,926759
QAP,2478,834,927136
QAP,2479,834,927513
QAP,2480,834,927890
QAP,2481,834,928251
QAP,2482,834,928628
QAP,2483,834,929005
QAP,2484,834,929382
QAP,2485,834,929759
QAP,2486,834,930120
QAP,2487,834,930496
QAP,2488,834,930873
QAP,2489,834,931250
QAP,2490,834,931628
QAP,2491,834,932004
QAP,2492,834,932381
QAP,2493,834,932758
QAP,2494,834,933134
QAP,2495,834,933495
QAP,2496,834,933880
QAP,2497,834,934249
QAP,2498,834,934631
QAP,2499,834,935003
QAP,2500,834,935377
QAP,2501,834,935756
QAP,2502,834,936133
QAP,2503,834,936510
QAP,2504,834,936886
QAP,2505,834,937262
QAP,2506,834,937640
QAP,2507,834,938014
QAP,2508,834,938375
QAP,2509,834,938751
QAP,2510,834,939128
QAP,2511,834,939489
QAP,2512,834,939866
QAP,2513,834,940243
QAP,2514,834,940620
QAP,2515,834,940982
QAP,2516,834,941359
QAP,2517,834,941735
QAP,2518,834,942097
QAP,2519,834,942474
QAP,2520,834,942851
QAP,2521,834,943212
QAP,2522,834,943589
QAP,2523,834,943966
QAP,2524,834,944328
QAP,2525,834,944704
QAP,2526,834,945081
QAP,2527,834,945458
QAP,2528,834,945820
QAP,2529,834,946196
QAP,2530,834,946573
QAP,2531,834,946935
QAP,2532,834,947312
QAP,2533,834,947688
QAP,2534,834,948065
QAP,2535,834,948427
QAP,2536,834,948804
QAP,2537,834,949181
QAP,2538,834,949542
QAP,2539,834,949919
QAP,2540,834,950296
QAP,2541,834,950673
QAP,2542,834,951034
QAP,2543,834,951410
QAP,2544,834,951801
QAP,2545,834,952178
QAP,2546,834,952554
QAP,2547,834,952930
QAP,2548,834,953306
QAP,2549,834,953682
QAP,2550,834,954058
QAP,2551,834,954434
QAP,2552,834,954810
QAP,2553,834,955186
QAP,2554,834,955562
QAP,2555,834,955939
QAP,2556,834,956317
QAP,2557,834,956678
QAP,2558,834,957055
QAP,2559,834,957432
QAP,2560,834,957793
QAP,2561,834,958170
QAP,2562,834,958547
QAP,2563,834,958924
QAP,2564,834,959285
QAP,2565,834,959662
QAP,2566,834,960039
QAP,2567,834,960415
QAP,2568,834,960777
QAP,2569,834,961154
QAP,2570,834,961531
QAP,2571,834,961893
QAP,2572,834,962270
QAP,2573,834,962647
QAP,2574,834,963009
QAP,2575,834,963385
QAP,2576,834,963763
QAP,2577,834,964140
QAP,2578,834,964500
QAP,2579,834,964877
QAP,2580,834,965254
QAP,2581,834,965615
QAP,2582,834,965992
QAP,2583,834,966369
QAP,2584,834,966731
QAP,2585,834,967108
QAP,2586,834,967485
QAP,2587,834,967846
QAP,2588,834,968222
QAP,2589,834,968599
QAP,2590,834,968976
QAP,2591,834,969337
QAP,2592,834,969714
QAP,2593,834,970091
QAP,2594,834,970452
QAP,2595,834,970829
QAP,2596,834,971206
QAP,2597,834,971567
QAP,2598,834,971944
QAP,2599,834,972321
QAP,2600,834,972698
QAP,2601,834,973060
QAP,2602,834,973436
QAP,2603,834,973813
QAP,2604,834,974174
QAP,2605,834,974552
QAP,2606,834,974929
QAP,2607,834,975290
QAP,2608,834,975666
QAP,2609,834,976044
QAP,2610,834,976406
QAP,2611,834,976783
QAP,2612,834,977160
QAP,2613,834,977537
QAP,2614,834,977898
QAP,2615,834,978275
QAP,2616,834,978653
QAP,2617,834,979030
QAP,2618,834,979391
QAP,2619,834,979768
QAP,2620,834,980145
QAP,2621,834,980522
QAP,2622,834,980898
QAP,2623,834,981273
QAP,2624,834,981650
QAP,2625,834,982027
QAP,2626,834,982404
QAP,2627,834,982783
QAP,2628,834,983158
QAP,2629,834,983534
QAP,2630,834,983910
QAP,2631,834,984285
QAP,2632,834,984662
QAP,2633,834,985037
QAP,2634,834,985411
QAP,2635,834,985791
QAP,2636,834,986167
QAP,2637,834,986544
QAP,2638,834,986919
QAP,2639,834,987294
QAP,2640,834,987670
QAP,2641,834,988030
QAP,2642,834,988407
QAP,2643,834,988784
QAP,2644,834,989161
QAP,2645,834,989537
QAP,2646,834,989914
QAP,2647,834,990291
QAP,2648,834,990667
QAP,2649,834,991044
QAP,2650,834,991421
QAP,2651,834,991797
QAP,2652,834,992158
QAP,2653,834,992535
QAP,2654,834,992912
QAP,2655,834,993291
QAP,2656,834,993665
QAP,2657,834,994033
QAP,2658,834,994409
QAP,2659,834,994786
QAP,2660,834,995146
QAP,2661,834,995529
QAP,2662,834,995902
QAP,2663,834,996275
QAP,2664,834,996656
QAP,2665,834,997030
QAP,2666,834,997407
QAP,2667,834,997783
QAP,2668,834,998158
QAP,2669,834,998535
QAP,2670,834,998911
QAP,2671,834,999287
QAP,2672,834,999663
QAP,2673,834,1000039
QAP,2674,834,1000416
QAP,2675,834,1000792
QAP,2676,834,1001164
QAP,2677,834,1001540
QAP,2678,834,1001918
QAP,2679,834,1002293
QAP,2680,834,1002669
QAP,2681,834,1003044
QAP,2682,834,1003417
QAP,2683,834,1003795
QAP,2684,834,1004171
QAP,2685,834,1004547
QAP,2686,834,1004922
QAP,2687,834,1005298
QAP,2688,834,1005674
QAP,2689,834,1006049
QAP,2690,834,1006416
QAP,2691,834,1006792
QAP,2692,834,1007169
QAP,2693,834,1007546
QAP,2694,834,1007907
QAP,2695,834,1008284
QAP,2696,834,1008661
QAP,2697,834,1009038
QAP,2698,834,1009399
QAP,2699,834,1009791
QAP,2700,834,1010168
QAP,2701,834,1010529
QAP,2702,834,1010906
QAP,2703,834,1011283
QAP,2704,834,1011659
QAP,2705,834,1012036
QAP,2706,834,1012413
QAP,2707,834,1012790
QAP,2708,834,1013166
QAP,2709,834,1013543
QAP,2710,834,1013920
QAP,2711,834,1014281
QAP,2712,834,1014658
QAP,2713,834,1015035
QAP,2714,834,1015411
QAP,2715,834,1015788
QAP,2716,834,1016164
QAP,2717,834,1016526
QAP,2718,834,1016903
QAP,2719,834,1017280
QAP,2720,834,1017657
QAP,2721,834,1018018
QAP,2722,834,1018395
QAP,2723,834,1018772
QAP,2724,834,1019134
QAP,2725,834,1019510
QAP,2726,834,1019887
QAP,2727,834,1020249
QAP,2728,834,1020626
QAP,2729,834,1021003
QAP,2730,834,1021363
QAP,2731,834,1021740
QAP,2732,834,1022117
QAP,2733,834,1022494
QAP,2734,834,1022855
QAP,2735,834,1023232
QAP,2736,834,1023609
QAP,2737,834,1023985
QAP,2738,834,1024361
QAP,2739,834,1024737
QAP,2740,834,1025113
QAP,2741,834,1025489
QAP,2742,834,1025865
QAP,2743,834,1026242
QAP,2744,834,1026618
QAP,2745,834,1026994
QAP,2746,834,1027355
QAP,2747,834,1027746
QAP,2748,834,1028107
QAP,2749,834,1028483
QAP,2750,834,1028859
QAP,2751,834,1029251
QAP,2752,834,1029627
QAP,2753,834,1030003
QAP,2754,834,1030379
QAP,2755,834,1030755
QAP,2756,834,1031131
QAP,2757,834,1031507
QAP,2758,834,1031883
QAP,2759,834,1032243
QAP,2760,834,1032635
QAP,2761,834,1032996
QAP,2762,834,1033372
QAP,2763,834,1033764
QAP,2764,834,1034140
QAP,2765,834,1034516
QAP,2766,834,1034892
QAP,2767,834,1035252
QAP,2768,834,1035644
QAP,2769,834,1036020
QAP,2770,834,1036397
QAP,2771,834,1036773
QAP,2772,834,1037133
QAP,2773,834,1037510
QAP,2774,834,1037885
QAP,2775,834,1038262
QAP,2776,834,1038638
QAP,2777,834,1039014
QAP,2778,834,1039390
QAP,2779,834,1039782
QAP,2780,834,1040158
QAP,2781,834,1040535
QAP,2782,834,1040911
QAP,2783,834,1041287
QAP,2784,834,1041663
QAP,2785,834,1042024
QAP,2786,834,1042408
QAP,2787,834,1042776
QAP,2788,834,1043152
QAP,2789,834,1043529
QAP,2790,834,1043905
QAP,2791,834,1044281
QAP,2792,834,1044657
QAP,2793,834,1045033
QAP,2794,834,1045409
QAP,2795,834,1045786
QAP,2796,834,1046162
QAP,2797,834,1046538
QAP,2798,834,1046930
QAP,2799,834,1047305
QAP,2800,834,1047681
QAP,2801,834,1048058
QAP,2802,834,1048420
QAP,2803,834,1048797
QAP,2804,834,1049174
QAP,2805,834,1049535
QAP,2806,834,1049912
QAP,2807,834,1050289
QAP,2808,834,1050666
QAP,2809,834,1051028
QAP,2810,834,1051405
QAP,2811,834,1051781
QAP,2812,834,1052143
QAP,2813,834,1052520
QAP,2814,834,1052897
QAP,2815,834,1053258
QAP,2816,834,1053635
QAP,2817,834,1054012
QAP,2818,834,1054388
QAP,2819,834,1054750
QAP,2820,834,1055127
QAP,2821,834,1055504
QAP,2822,834,1055865
QAP,2823,834,1056242
QAP,2824,834,1056619
QAP,2825,834,1056980
QAP,2826,834,1057358
QAP,2827,834,1057734
QAP,2828,834,1058095
QAP,2829,834,1058472
QAP,2830,834,1058849
QAP,2831,834,1059226
QAP,2832,834,1059587
QAP,2833,834,1059964
QAP,2834,834,1060341
QAP,2835,834,1060718
QAP,2836,834,1061079
QAP,2837,834,1061456
QAP,2838,834,1061832
QAP,2839,834,1062193
QAP,2840,834,1062570
QAP,2841,834,1062947
QAP,2842,834,1063324
QAP,2843,834,1063685
QAP,2844,834,1064062
QAP,2845,834,1064439
QAP,2846,834,1064816
QAP,2847,834,1065178
QAP,2848,834,1065555
QAP,2849,834,1065932
QAP,2850,834,1066293
QAP,2851,834,1066670
QAP,2852,834,1067047
QAP,2853,834,1067409
QAP,2854,834,1067786
QAP,2855,834,1068163
QAP,2856,834,1068524
QAP,2857,834,1068902
QAP,2858,834,1069278
QAP,2859,834,1069655
QAP,2860,834,1070016
QAP,2861,834,1070393
QAP,2862,834,1070770
QAP,2863,834,1071131
QAP,2864,834,1071508
QAP,2865,834,1071885
QAP,2866,834,1072246
QAP,2867,834,1072624
QAP,2868,834,1073000
QAP,2869,834,1073377
QAP,2870,834,1073739
QAP,2871,834,1074116
QAP,2872,834,1074493
QAP,2873,834,1074870
QAP,2874,834,1075231
QAP,2875,834,1075608
QAP,2876,834,1075985
QAP,2877,834,1076345
QAP,2878,834,1076722
QAP,2879,834,1077099
QAP,2880,834,1077460
QAP,2881,834,1077837
QAP,2882,834,1078214
QAP,2883,834,1078591
QAP,2884,834,1078952
QAP,2885,834,1079329
QAP,2886,834,1079706
QAP,2887,834,1080067
QAP,2888,834,1080444
QAP,2889,834,1080821
QAP,2890,834,1081182
QAP,2891,834,1081559
QAP,2892,834,1081936
QAP,2893,834,1082313
QAP,2894,834,1082674
QAP,2895,834,1083051
QAP,2896,834,1083428
QAP,2897,834,1083805
QAP,2898,834,1084167
QAP,2899,834,1084544
QAP,2900,834,1084921
QAP,2901,834,1085282
QAP,2902,834,1085659
QAP,2903,834,1086036
QAP,2904,834,1086397
QAP,2905,834,1086774
QAP,2906,834,1087151
QAP,2907,834,1087528
QAP,2908,834,1087889
QAP,2909,834,1088266
QAP,2910,834,1088643
QAP,2911,834,1089020
QAP,2912,834,1089397
QAP,2913,834,1089773
QAP,2914,834,1090134
QAP,2915,834,1090510
QAP,2916,834,1090888
QAP,2917,834,1091265
QAP,2918,834,1091642
QAP,2919,834,1092004
QAP,2920,834,1092381
QAP,2921,834,1092757
QAP,2922,834,1093134
QAP,2923,834,1093511
QAP,2924,834,1093872
QAP,2925,834,1094250
QAP,2926,834,1094626
QAP,2927,834,1094988
QAP,2928,834,1095365
QAP,2929,834,1095742
QAP,2930,834,1096103
QAP,2931,834,1096480
QAP,2932,834,1096857
QAP,2933,834,1097233
QAP,2934,834,1097594
QAP,2935,834,1097971
QAP,2936,834,1098348
QAP,2937,834,1098725
QAP,2938,834,1099086
QAP,2939,834,1099463
QAP,2940,834,1099839
QAP,2941,834,1100200
QAP,2942,834,1100577
QAP,2943,834,1100954
QAP,2944,834,1101331
QAP,2945,834,1101692
QAP,2946,834,1102069
QAP,2947,834,1102446
QAP,2948,834,1102823
QAP,2949,834,1103184
QAP,2950,834,1103561
QAP,2951,834,1103938
QAP,2952,834,1104314
QAP,2953,834,1104690
QAP,2954,834,1105066
QAP,2955,834,1105442
QAP,2956,834,1105818
QAP,2957,834,1106195
QAP,2958,834,1106571
QAP,2959,834,1106947
QAP,2960,834,1107323
QAP,2961,834,1107699
QAP,2962,834,1108075
QAP,2963,834,1108452
QAP,2964,834,1108828
QAP,2965,834,1109204
QAP,2966,834,1109580
QAP,2967,834,1109957
QAP,2968,834,1110332
QAP,2969,834,1110709
QAP,2970,834,1111085
QAP,2971,834,1111462
QAP,2972,834,1111838
QAP,2973,834,1112199
QAP,2974,834,1112575
QAP,2975,834,1112952
QAP,2976,834,1113329
QAP,2977,834,1113706
QAP,2978,834,1114082
QAP,2979,834,1114459
QAP,2980,834,1114836
QAP,2981,834,1115213
QAP,2982,834,1115589
QAP,2983,834,1115966
QAP,2984,834,1116343
QAP,2985,834,1116720
QAP,2986,834,1117097
QAP,2987,834,1117474
QAP,2988,834,1117835
QAP,2989,834,1118212
QAP,2990,834,1118590
QAP,2991,834,1118966
QAP,2992,834,1119343
QAP,2993,834,1119726
QAP,2994,834,1120101
QAP,2995,834,1120478
QAP,2996,834,1120852
QAP,2997,834,1121228
QAP,2998,834,1121604
QAP,2999,834,1121979
QAP,3000,834,1122354
QAP,3001,834,1122731
QAP,3002,834,1123106
QAP,3003,834,1123481
QAP,3004,834,1123859
QAP,3005,834,1124231
QAP,3006,834,1124609
QAP,3007,834,1124985
QAP,3008,834,1125359
QAP,3009,834,1125735
QAP,3010,834,1126111
QAP,3011,834,1126487
QAP,3012,834,1126864
QAP,3013,834,1127239
QAP,3014,834,1127615
QAP,3015,834,1127993
QAP,3016,834,1128367
QAP,3017,834,1128743
QAP,3018,834,1129104
QAP,3019,834,1129481
QAP,3020,834,1129858
QAP,3021,834,1130235
QAP,3022,834,1130611
QAP,3023,834,1130988
QAP,3024,834,1131365
QAP,3025,834,1131742
QAP,3026,834,1132119
QAP,3027,834,1132496
QAP,3028,834,1132873
QAP,3029,834,1133234
QAP,3030,834,1133610
QAP,3031,834,1133987
QAP,3032,834,1134364
QAP,3033,834,1134741
QAP,3034,834,1135118
QAP,3035,834,1135494
QAP,3036,834,1135856
QAP,3037,834,1136233
QAP,3038,834,1136610
QAP,3039,834,1136971
QAP,3040,834,1137348
QAP,3041,834,1137725
QAP,3042,834,1138086
QAP,3043,834,1138464
QAP,3044,834,1138841
QAP,3045,834,1139202
QAP,3046,834,1139579
QAP,3047,834,1139956
QAP,3048,834,1140317
QAP,3049,834,1140694
QAP,3050,834,1141076
QAP,3051,834,1141452
QAP,3052,834,1141827
QAP,3053,834,1142203
QAP,3054,834,1142577
QAP,3055,834,1142956
QAP,3056,834,1143328
QAP,3057,834,1143704
QAP,3058,834,1144079
QAP,3059,834,1144453
QAP,3060,834,1144828
QAP,3061,834,1145202
QAP,3062,834,1145579
QAP,3063,834,1145952
QAP,3064,834,1146327
QAP,3065,834,1146704
QAP,3066,834,1147077
QAP,3067,834,1147452
QAP,3068,834,1147827
QAP,3069,834,1148204
QAP,3070,834,1148581
QAP,3071,834,1148958
QAP,3072,834,1149332
QAP,3073,834,1149713
QAP,3074,834,1150088
QAP,3075,834,1150463
QAP,3076,834,1150840
QAP,3077,834,1151214
QAP,3078,834,1151587
QAP,3079,834,1151964
QAP,3080,834,1152343
QAP,3081,834,1152722
QAP,3082,834,1153097
QAP,3083,834,1153474
QAP,3084,834,1153849
QAP,3085,834,1154224
QAP,3086,834,1154599
QAP,3087,834,1154973
QAP,3088,834,1155349
QAP,3089,834,1155725
QAP,3090,834,1156099
QAP,3091,834,1156476
QAP,3092,834,1156853
QAP,3093,834,1157228
QAP,3094,834,1157604
QAP,3095,834,1157978
QAP,3096,834,1158341
QAP,3097,834,1158717
QAP,3098,834,1159094
QAP,3099,834,1159475
QAP,3100,834,1159850
QAP,3101,834,1160226
QAP,3102,834,1160603
QAP,3103,834,1160976
QAP,3104,834,1161351
QAP,3105,834,1161728
QAP,3106,834,1162101
QAP,3107,834,1162482
QAP,3108,834,1162859
QAP,3109,834,1163233
QAP,3110,834,1163608
QAP,3111,834,1163983
QAP,3112,834,1164351
QAP,3113,834,1164728
QAP,3114,834,1165104
QAP,3115,834,1165480
QAP,3116,834,1165856
QAP,3117,834,1166232
QAP,3118,834,1166608
QAP,3119,834,1166984
QAP,3120,834,1167345
QAP,3121,834,1167736
QAP,3122,834,1168097
QAP,3123,834,1168474
QAP,3124,834,1168850
QAP,3125,834,1169227
QAP,3126,834,1169603
QAP,3127,834,1169980
QAP,3128,834,1170341
QAP,3129,834,1170718
QAP,3130,834,1171095
QAP,3131,834,1171472
QAP,3132,834,1171849
QAP,3133,834,1172210
QAP,3134,834,1172587
QAP,3135,834,1172964
QAP,3136,834,1173341
QAP,3137,834,1173717
QAP,3138,834,1174093
QAP,3139,834,1174469
QAP,3140,834,1174845
QAP,3141,834,1175221
QAP,3142,834,1175598
QAP,3143,834,1175974
QAP,3144,834,1176350
QAP,3145,834,1176726
QAP,3146,834,1177102
QAP,3147,834,1177479
QAP,3148,834,1177855
QAP,3149,834,1178233
QAP,3150,834,1178607
QAP,3151,834,1178968
QAP,3152,834,1179344
QAP,3153,834,1179736
QAP,3154,834,1180096
QAP,3155,834,1180473
QAP,3156,834,1180849
QAP,3157,834,1181225
QAP,3158,834,1181601
QAP,3159,834,1181977
QAP,3160,834,1182353
QAP,3161,834,1182729
QAP,3162,834,1183105
QAP,3163,834,1183481
QAP,3164,834,1183873
QAP,3165,834,1184233
QAP,3166,834,1184625
QAP,3167,834,1185001
QAP,3168,834,1185362
QAP,3169,834,1185738
QAP,3170,834,1186114
QAP,3171,834,1186490
QAP,3172,834,1186866
QAP,3173,834,1187242
QAP,3174,834,1187626
QAP,3175,834,1187994
QAP,3176,834,1188370
QAP,3177,834,1188746
QAP,3178,834,1189123
QAP,3179,834,1189499
QAP,3180,834,1189874
QAP,3181,834,1190251
QAP,3182,834,1190627
QAP,3183,834,1191003
QAP,3184,834,1191379
QAP,3185,834,1191755
QAP,3186,834,1192116
QAP,3187,834,1192492
QAP,3188,834,1192868
QAP,3189,834,1193259
QAP,3190,834,1193636
QAP,3191,834,1194012
QAP,3192,834,1194388
QAP,3193,834,1194748
QAP,3194,834,1195125
QAP,3195,834,1195501
QAP,3196,834,1195877
QAP,3197,834,1196253
QAP,3198,834,1196629
QAP,3199,834,1197005
QAP,3200,834,1197381
QAP,3201,834,1197756
QAP,3202,834,1198133
QAP,3203,834,1198509
QAP,3204,834,1198885
QAP,3205,834,1199261
QAP,3206,834,1199637
QAP,3207,834,1200013
QAP,3208,834,1200389
QAP,3209,834,1200765
QAP,3210,834,1201141
QAP,3211,834,1201517
QAP,3212,834,1201893
QAP,3213,834,1202270
QAP,3214,834,1202646
QAP,3215,834,1203023
QAP,3216,834,1203399
QAP,3217,834,1203775
QAP,3218,834,1204151
QAP,3219,834,1204527
QAP,3220,834,1204903
QAP,3221,834,1205279
QAP,3222,834,1205655
QAP,3223,834,1206032
QAP,3224,834,1206408
QAP,3225,834,1206784
QAP,3226,834,1207161
QAP,3227,834,1207537
QAP,3228,834,1207913
QAP,3229,834,1208289
QAP,3230,834,1208650
QAP,3231,834,1209026
QAP,3232,834,1209402
QAP,3233,834,1209794
QAP,3234,834,1210170
QAP,3235,834,1210531
QAP,3236,834,1210907
QAP,3237,834,1211283
QAP,3238,834,1211675
QAP,3239,834,1212035
QAP,3240,834,1212412
QAP,3241,834,1212788
QAP,3242,834,1213164
QAP,3243,834,1213556
QAP,3244,834,1213932
QAP,3245,834,1214293
QAP,3246,834,1214685
QAP,3247,834,1215046
QAP,3248,834,1215422
QAP,3249,834,1215798
QAP,3250,834,1216174
QAP,3251,834,1216550
QAP,3252,834,1216926
QAP,3253,834,1217302
QAP,3254,834,1217679
QAP,3255,834,1218055
QAP,3256,834,1218431
QAP,3257,834,1218807
QAP,3258,834,1219183
QAP,3259,834,1219560
QAP,3260,834,1219937
QAP,3261,834,1220315
QAP,3262,834,1220692
QAP,3263,834,1221069
QAP,3264,834,1221446
QAP,3265,834,1221807
QAP,3266,834,1222184
QAP,3267,834,1222562
QAP,3268,834,1222923
QAP,3269,834,1223300
QAP,3270,834,1223677
QAP,3271,834,1224038
QAP,3272,834,1224423
QAP,3273,834,1224792
QAP,3274,834,1225153
QAP,3275,834,1225530
QAP,3276,834,1225907
QAP,3277,834,1226284
QAP,3278,834,1226664
QAP,3279,834,1227040
QAP,3280,834,1227417
QAP,3281,834,1227793
QAP,3282,834,1228166
QAP,3283,834,1228542
QAP,3284,834,1228919
QAP,3285,834,1229292
QAP,3286,834,1229667
QAP,3287,834,1230048
QAP,3288,834,1230423
QAP,3289,834,1230800
QAP,3290,834,1231176
QAP,3291,834,1231557
QAP,3292,834,1231933
QAP,3293,834,1232308
QAP,3294,834,1232685
QAP,3295,834,1233061
QAP,3296,834,1233422
QAP,3297,834,1233799
QAP,3298,834,1234176
QAP,3299,834,1234553
QAP,3300,834,1234930
QAP,3301,834,1235307
QAP,3302,834,1235684
QAP,3303,834,1236045
QAP,3304,834,1236423
QAP,3305,834,1236800
QAP,3306,834,1237177
QAP,3307,834,1237554
QAP,3308,834,1237930
QAP,3309,834,1238307
QAP,3310,834,1238684
QAP,3311,834,1239061
QAP,3312,834,1239438
QAP,3313,834,1239814
QAP,3314,834,1240176
QAP,3315,834,1240553
QAP,3316,834,1240930
QAP,3317,834,1241306
QAP,3318,834,1241683
QAP,3319,834,1242060
QAP,3320,834,1242437
QAP,3321,834,1242799
QAP,3322,834,1243176
QAP,3323,834,1243552
QAP,3324,834,1243928
QAP,3325,834,1244306
QAP,3326,834,1244682
QAP,3327,834,1245059
QAP,3328,834,1245420
QAP,3329,834,1245798
QAP,3330,834,1246174
QAP,3331,834,1246551
QAP,3332,834,1246928
QAP,3333,834,1247305
QAP,3334,834,1247682
QAP,3335,834,1248044
QAP,3336,834,1248437
QAP,3337,834,1248814
QAP,3338,834,1249175
QAP,3339,834,1249551
QAP,3340,834,1249928
QAP,3341,834,1250306
QAP,3342,834,1250683
QAP,3343,834,1251060
QAP,3344,834,1251437
QAP,3345,834,1251814
QAP,3346,834,1252191
QAP,3347,834,1252568
QAP,3348,834,1252944
QAP,3349,834,1253306
QAP,3350,834,1253682
QAP,3351,834,1254073
QAP,3352,834,1254449
QAP,3353,834,1254826
QAP,3354,834,1255205
QAP,3355,834,1255582
QAP,3356,834,1255963
QAP,3357,834,1256339
QAP,3358,834,1256715
QAP,3359,834,1257093
QAP,3360,834,1257463
QAP,3361,834,1257839
QAP,3362,834,1258215
QAP,3363,834,1258591
QAP,3364,834,1258967
QAP,3365,834,1259343
QAP,3366,834,1259719
QAP,3367,834,1260095
QAP,3368,834,1260472
QAP,3369,834,1260848
QAP,3370,834,1261224
QAP,3371,834,1261600
QAP,3372,834,1261976
QAP,3373,834,1262336
QAP,3374,834,1262728
QAP,3375,834,1263089
QAP,3376,834,1263465
QAP,3377,834,1263842
QAP,3378,834,1264219
QAP,3379,834,1264596
QAP,3380,834,1264957
QAP,3381,834,1265334
QAP,3382,834,1265710
QAP,3383,834,1266072
QAP,3384,834,1266449
QAP,3385,834,1266826
QAP,3386,834,1267203
QAP,3387,834,1267564
QAP,3388,834,1267941
QAP,3389,834,1268318
QAP,3390,834,1268679
QAP,3391,834,1269057
QAP,3392,834,1269435
QAP,3393,834,1269810
QAP,3394,834,1270171
QAP,3395,834,1270549
QAP,3396,834,1270926
QAP,3397,834,1271287
QAP,3398,834,1271664
QAP,3399,834,1272042
QAP,3400,834,1272403
QAP,3401,834,1272779
QAP,3402,834,1273156
QAP,3403,834,1273533
QAP,3404,834,1273894
QAP,3405,834,1274271
QAP,3406,834,1274648
QAP,3407,834,1275009
QAP,3408,834,1275386
QAP,3409,834,1275763
QAP,3410,834,1276139
QAP,3411,834,1276501
QAP,3412,834,1276878
QAP,3413,834,1277254
QAP,3414,834,1277616
QAP,3415,834,1277992
QAP,3416,834,1278369
QAP,3417,834,1278746
QAP,3418,834,1279119
QAP,3419,834,1279496
QAP,3420,834,1279875
QAP,3421,834,1280255
QAP,3422,834,1280634
QAP,3423,834,1281010
QAP,3424,834,1281387
QAP,3425,834,1281762
QAP,3426,834,1282137
QAP,3427,834,1282513
QAP,3428,834,1282887
QAP,3429,834,1283265
QAP,3430,834,1283641
QAP,3431,834,1284015
QAP,3432,834,1284390
QAP,3433,834,1284768
QAP,3434,834,1285142
QAP,3435,834,1285514
QAP,3436,834,1285891
QAP,3437,834,1286268
QAP,3438,834,1286644
QAP,3439,834,1287021
QAP,3440,834,1287397
QAP,3441,834,1287774
QAP,3442,834,1288136
QAP,3443,834,1288513
QAP,3444,834,1288890
QAP,3445,834,1289266
QAP,3446,834,1289643
QAP,3447,834,1290020
QAP,3448,834,1290381
QAP,3449,834,1290759
QAP,3450,834,1291136
QAP,3451,834,1291513
QAP,3452,834,1291889
QAP,3453,834,1292266
QAP,3454,834,1292643
QAP,3455,834,1293004
QAP,3456,834,1293396
QAP,3457,834,1293757
QAP,3458,834,1294134
QAP,3459,834,1294511
QAP,3460,834,1294888
QAP,3461,834,1295266
QAP,3462,834,1295627
QAP,3463,834,1296004
QAP,3464,834,1296381
QAP,3465,834,1296743
QAP,3466,834,1297120
QAP,3467,834,1297497
QAP,3468,834,1297874
QAP,3469,834,1298250
QAP,3470,834,1298611
QAP,3471,834,1298987
QAP,3472,834,1299365
QAP,3473,834,1299742
QAP,3474,834,1300119
QAP,3475,834,1300495
QAP,3476,834,1300872
QAP,3477,834,1301234
QAP,3478,834,1301627
QAP,3479,834,1301996
QAP,3480,834,1302365
QAP,3481,834,1302742
QAP,3482,834,1303118
QAP,3483,834,1303496
QAP,3484,834,1303872
QAP,3485,834,1304249
QAP,3486,834,1304625
QAP,3487,834,1304987
QAP,3488,834,1305364
QAP,3489,834,1305741
QAP,3490,834,1306117
QAP,3491,834,1306493
QAP,3492,834,1306870
QAP,3493,834,1307247
QAP,3494,834,1307623
QAP,3495,834,1308000
QAP,3496,834,1308361
QAP,3497,834,1308738
QAP,3498,834,1309115
QAP,3499,834,1309492
QAP,3500,834,1309869
QAP,3501,834,1310230
QAP,3502,834,1310607
QAP,3503,834,1310983
QAP,3504,834,1311360
QAP,3505,834,1311737
QAP,3506,834,1312114
QAP,3507,834,1312490
QAP,3508,834,1312868
QAP,3509,834,1313229
QAP,3510,834,1313606
QAP,3511,834,1313982
QAP,3512,834,1314359
QAP,3513,834,1314736
QAP,3514,834,1315112
QAP,3515,834,1315489
QAP,3516,834,1315866
QAP,3517,834,1316228
QAP,3518,834,1316605
QAP,3519,834,1316981
QAP,3520,834,1317359
QAP,3521,834,1317736
QAP,3522,834,1318113
QAP,3523,834,1318489
QAP,3524,834,1318866
QAP,3525,834,1319227
QAP,3526,834,1319603
QAP,3527,834,1319980
QAP,3528,834,1320357
QAP,3529,834,1320734
QAP,3530,834,1321111
QAP,3531,834,1321488
QAP,3532,834,1321865
QAP,3533,834,1322226
QAP,3534,834,1322619
QAP,3535,834,1322980
QAP,3536,834,1323357
QAP,3537,834,1323733
QAP,3538,834,1324110
QAP,3539,834,1324486
QAP,3540,834,1324863
QAP,3541,834,1325240
QAP,3542,834,1325617
QAP,3543,834,1325993
QAP,3544,834,1326370
QAP,3545,834,1326730
QAP,3546,834,1327107
QAP,3547,834,1327484
QAP,3548,834,1327861
QAP,3549,834,1328238
QAP,3550,834,1328615
QAP,3551,834,1328976
QAP,3552,834,1329353
QAP,3553,834,1329729
QAP,3554,834,1330106
QAP,3555,834,1330482
QAP,3556,834,1330859
QAP,3557,834,1331220
QAP,3558,834,1331597
QAP,3559,834,1331974
QAP,3560,834,1332351
QAP,3561,834,1332728
QAP,3562,834,1333105
QAP,3563,834,1333482
QAP,3564,834,1333859
QAP,3565,834,1334220
QAP,3566,834,1334597
QAP,3567,834,1334974
QAP,3568,834,1335335
QAP,3569,834,1335713
QAP,3570,834,1336090
QAP,3571,834,1336467
QAP,3572,834,1336843
QAP,3573,834,1337205
QAP,3574,834,1337582
QAP,3575,834,1337958
QAP,3576,834,1338320
QAP,3577,834,1338697
QAP,3578,834,1339073
QAP,3579,834,1339450
QAP,3580,834,1339812
QAP,3581,834,1340189
QAP,3582,834,1340565
QAP,3583,834,1340941
QAP,3584,834,1341302
QAP,3585,834,1341679
QAP,3586,834,1342056
QAP,3587,834,1342432
QAP,3588,834,1342794
QAP,3589,834,1343171
QAP,3590,834,1343548
QAP,3591,834,1343924
QAP,3592,834,1344286
QAP,3593,834,1344662
QAP,3594,834,1345039
QAP,3595,834,1345400
QAP,3596,834,1345777
QAP,3597,834,1346154
QAP,3598,834,1346530
QAP,3599,834,1346892
QAP,3600,834,1347269
QAP,3601,834,1347646
QAP,3602,834,1348023
QAP,3603,834,1348384
QAP,3604,834,1348761
QAP,3605,834,1349137
QAP,3606,834,1349514
QAP,3607,834,1349876
QAP,3608,834,1350253
QAP,3609,834,1350629
QAP,3610,834,1351006
QAP,3611,834,1351367
QAP,3612,834,1351744
QAP,3613,834,1352121
QAP,3614,834,1352482
QAP,3615,834,1352859
QAP,3616,834,1353236
QAP,3617,834,1353597
QAP,3618,834,1353974
QAP,3619,834,1354351
QAP,3620,834,1354728
QAP,3621,834,1355090
QAP,3622,834,1355466
QAP,3623,834,1355843
QAP,3624,834,1356205
QAP,3625,834,1356581
QAP,3626,834,1356958
QAP,3627,834,1357335
QAP,3628,834,1357697
QAP,3629,834,1358074
QAP,3630,834,1358451
QAP,3631,834,1358812
QAP,3632,834,1359188
QAP,3633,834,1359565
QAP,3634,834,1359942
QAP,3635,834,1360303
QAP,3636,834,1360680
QAP,3637,834,1361056
QAP,3638,834,1361434
QAP,3639,834,1361810
QAP,3640,834,1362171
QAP,3641,834,1362548
QAP,3642,834,1362926
QAP,3643,834,1363302
QAP,3644,834,1363680
QAP,3645,834,1364057
QAP,3646,834,1364434
QAP,3647,834,1364811
QAP,3648,834,1365188
QAP,3649,834,1365565
QAP,3650,834,1365941
QAP,3651,834,1366303
QAP,3652,834,1366680
QAP,3653,834,1367057
QAP,3654,834,1367434
QAP,3655,834,1367811
QAP,3656,834,1368172
QAP,3657,834,1368549
QAP,3658,834,1368926
QAP,3659,834,1369287
QAP,3660,834,1369664
QAP,3661,834,1370041
QAP,3662,834,1370402
QAP,3663,834,1370779
QAP,3664,834,1371156
QAP,3665,834,1371533
QAP,3666,834,1371910
QAP,3667,834,1372280
QAP,3668,834,1372648
QAP,3669,834,1373026
QAP,3670,834,1373387
QAP,3671,834,1373764
QAP,3672,834,1374141
QAP,3673,834,1374503
QAP,3674,834,1374880
QAP,3675,834,1375257
QAP,3676,834,1375634
QAP,3677,834,1375995
QAP,3678,834,1376373
QAP,3679,834,1376734
QAP,3680,834,1377111
QAP,3681,834,1377488
QAP,3682,834,1377865
QAP,3683,834,1378226
QAP,3684,834,1378603
QAP,3685,834,1378980
QAP,3686,834,1379341
QAP,3687,834,1379717
QAP,3688,834,1380094
QAP,3689,834,1380471
QAP,3690,834,1380832
QAP,3691,834,1381209
QAP,3692,834,1381586
QAP,3693,834,1381947
QAP,3694,834,1382324
QAP,3695,834,1382707
QAP,3696,834,1383083
QAP,3697,834,1383458
QAP,3698,834,1383819
QAP,3699,834,1384196
QAP,3700,834,1384574
QAP,3701,834,1384950
QAP,3702,834,1385312
QAP,3703,834,1385689
QAP,3704,834,1386066
QAP,3705,834,1386427
QAP,3706,834,1386804
QAP,3707,834,1387181
QAP,3708,834,1387542
QAP,3709,834,1387919
QAP,3710,834,1388296
QAP,3711,834,1388672
QAP,3712,834,1389033
QAP,3713,834,1389410
QAP,3714,834,1389788
QAP,3715,834,1390149
QAP,3716,834,1390526
QAP,3717,834,1390902
QAP,3718,834,1391280
QAP,3719,834,1391657
QAP,3720,834,1392019
QAP,3721,834,1392396
QAP,3722,834,1392772
QAP,3723,834,1393150
QAP,3724,834,1393526
QAP,3725,834,1393903
QAP,3726,834,1394280
QAP,3727,834,1394657
QAP,3728,834,1395034
QAP,3729,834,1395411
QAP,3730,834,1395788
QAP,3731,834,1396149
QAP,3732,834,1396526
QAP,3733,834,1396888
QAP,3734,834,1397265
QAP,3735,834,1397642
QAP,3736,834,1398003
QAP,3737,834,1398380
QAP,3738,834,1398758
QAP,3739,834,1399119
QAP,3740,834,1399496
QAP,3741,834,1399872
QAP,3742,834,1400249
QAP,3743,834,1400610
QAP,3744,834,1400987
QAP,3745,834,1401364
QAP,3746,834,1401725
QAP,3747,834,1402102
QAP,3748,834,1402478
QAP,3749,834,1402855
QAP,3750,834,1403217
QAP,3751,834,1403593
QAP,3752,834,1403970
QAP,3753,834,1404332
QAP,3754,834,1404709
QAP,3755,834,1405086
QAP,3756,834,1405448
QAP,3757,834,1405825
QAP,3758,834,1406202
QAP,3759,834,1406579
QAP,3760,834,1406939
QAP,3761,834,1407317
QAP,3762,834,1407693
QAP,3763,834,1408055
QAP,3764,834,1408431
QAP,3765,834,1408808
QAP,3766,834,1409185
QAP,3767,834,1409546
QAP,3768,834,1409923
QAP,3769,834,1410301
QAP,3770,834,1410678
QAP,3771,834,1411039
QAP,3772,834,1411415
QAP,3773,834,1411793
QAP,3774,834,1412154
QAP,3775,834,1412531
QAP,3776,834,1412908
QAP,3777,834,1413269
QAP,3778,834,1413646
QAP,3779,834,1414023
QAP,3780,834,1414400
QAP,3781,834,1414761
QAP,3782,834,1415138
QAP,3783,834,1415515
QAP,3784,834,1415892
QAP,3785,834,1416254
QAP,3786,834,1416631
QAP,3787,834,1417007
QAP,3788,834,1417368
QAP,3789,834,1417746
QAP,3790,834,1418123
QAP,3791,834,1418484
QAP,3792,834,1418861
QAP,3793,834,1419238
QAP,3794,834,1419599
QAP,3795,834,1419975
QAP,3796,834,1420352
QAP,3797,834,1420721
QAP,3798,834,1421090
QAP,3799,834,1421467
QAP,3800,834,1421844
QAP,3801,834,1422206
QAP,3802,834,1422583
QAP,3803,834,1422960
QAP,3804,834,1423321
QAP,3805,834,1423698
QAP,3806,834,1424075
QAP,3807,834,1424436
QAP,3808,834,1424813
QAP,3809,834,1425190
QAP,3810,834,1425551
QAP,3811,834,1425928
QAP,3812,834,1426305
QAP,3813,834,1426682
QAP,3814,834,1427059
QAP,3815,834,1427420
QAP,3816,834,1427797
QAP,3817,834,1428174
QAP,3818,834,1428535
QAP,3819,834,1428912
QAP,3820,834,1429289
QAP,3821,834,1429666
QAP,3822,834,1430027
QAP,3823,834,1430404
QAP,3824,834,1430780
QAP,3825,834,1431142
QAP,3826,834,1431519
QAP,3827,834,1431896
QAP,3828,834,1432257
QAP,3829,834,1432634
QAP,3830,834,1433011
QAP,3831,834,1433371
QAP,3832,834,1433748
QAP,3833,834,1434125
QAP,3834,834,1434502
QAP,3835,834,1434864
QAP,3836,834,1435240
QAP,3837,834,1435617
QAP,3838,834,1435978
QAP,3839,834,1436355
QAP,3840,834,1436731
QAP,3841,834,1437108
QAP,3842,834,1437470
QAP,3843,834,1437846
QAP,3844,834,1438223
QAP,3845,834,1438584
QAP,3846,834,1438962
QAP,3847,834,1439338
QAP,3848,834,1439700
QAP,3849,834,1440076
QAP,3850,834,1440453
QAP,3851,834,1440830
QAP,3852,834,1441207
QAP,3853,834,1441568
QAP,3854,834,1441945
QAP,3855,834,1442322
QAP,3856,834,1442684
QAP,3857,834,1443062
QAP,3858,834,1443439
QAP,3859,834,1443816
QAP,3860,834,1444177
QAP,3861,834,1444555
QAP,3862,834,1444932
QAP,3863,834,1445293
QAP,3864,834,1445670
QAP,3865,834,1446047
QAP,3866,834,1446424
QAP,3867,834,1446785
QAP,3868,834,1447161
QAP,3869,834,1447538
QAP,3870,834,1447899
QAP,3871,834,1448276
QAP,3872,834,1448652
QAP,3873,834,1449029
QAP,3874,834,1449390
QAP,3875,834,1449767
QAP,3876,834,1450144
QAP,3877,834,1450521
QAP,3878,834,1450882
QAP,3879,834,1451259
QAP,3880,834,1451636
QAP,3881,834,1451997
QAP,3882,834,1452389
QAP,3883,834,1452754
QAP,3884,834,1453131
QAP,3885,834,1453508
QAP,3886,834,1453885
QAP,3887,834,1454262
QAP,3888,834,1454623
QAP,3889,834,1455000
QAP,3890,834,1455376
QAP,3891,834,1455753
QAP,3892,834,1456130
QAP,3893,834,1456507
QAP,3894,834,1456884
QAP,3895,834,1457261
QAP,3896,834,1457638
QAP,3897,834,1457999
QAP,3898,834,1458375
QAP,3899,834,1458753
QAP,3900,834,1459130
QAP,3901,834,1459506
QAP,3902,834,1459884
QAP,3903,834,1460261
QAP,3904,834,1460623
QAP,3905,834,1460999
QAP,3906,834,1461376
QAP,3907,834,1461753
QAP,3908,834,1462114
QAP,3909,834,1462491
QAP,3910,834,1462869
QAP,3911,834,1463230
QAP,3912,834,1463606
QAP,3913,834,1463983
QAP,3914,834,1464360
QAP,3915,834,1464721
QAP,3916,834,1465098
QAP,3917,834,1465475
QAP,3918,834,1465836
QAP,3919,834,1466213
QAP,3920,834,1466590
QAP,3921,834,1466967
QAP,3922,834,1467329
QAP,3923,834,1467705
QAP,3924,834,1468082
QAP,3925,834,1468444
QAP,3926,834,1468820
QAP,3927,834,1469197
QAP,3928,834,1469575
QAP,3929,834,1469952
QAP,3930,834,1470329
QAP,3931,834,1470707
QAP,3932,834,1471068
QAP,3933,834,1471445
QAP,3934,834,1471822
QAP,3935,834,1472199
QAP,3936,834,1472575
QAP,3937,834,1472951
QAP,3938,834,1473328
QAP,3939,834,1473705
QAP,3940,834,1474066
QAP,3941,834,1474443
QAP,3942,834,1474820
QAP,3943,834,1475196
QAP,3944,834,1475573
QAP,3945,834,1475950
QAP,3946,834,1476311
QAP,3947,834,1476687
QAP,3948,834,1477064
QAP,3949,834,1477440
QAP,3950,834,1477817
QAP,3951,834,1478194
QAP,3952,834,1478571
QAP,3953,834,1478948
QAP,3954,834,1479325
QAP,3955,834,1479701
QAP,3956,834,1480062
QAP,3957,834,1480439
QAP,3958,834,1480816
QAP,3959,834,1481177
QAP,3960,834,1481554
QAP,3961,834,1481931
QAP,3962,834,1482292
QAP,3963,834,1482669
QAP,3964,834,1483046
QAP,3965,834,1483423
QAP,3966,834,1483784
QAP,3967,834,1484161
QAP,3968,834,1484538
QAP,3969,834,1484898
QAP,3970,834,1485275
QAP,3971,834,1485652
QAP,3972,834,1486029
QAP,3973,834,1486391
QAP,3974,834,1486768
QAP,3975,834,1487145
QAP,3976,834,1487506
QAP,3977,834,1487883
QAP,3978,834,1488260
QAP,3979,834,1488638
QAP,3980,834,1488999
QAP,3981,834,1489375
QAP,3982,834,1489752
QAP,3983,834,1490128
QAP,3984,834,1490504
QAP,3985,834,1490880
QAP,3986,834,1491256
QAP,3987,834,1491632
QAP,3988,834,1492008
QAP,3989,834,1492384
QAP,3990,834,1492760
QAP,3991,834,1493137
QAP,3992,834,1493513
QAP,3993,834,1493889
QAP,3994,834,1494249
QAP,3995,834,1494625
QAP,3996,834,1495001
QAP,3997,834,1495377
QAP,3998,834,1495753
QAP,3999,834,1496129
QAP,4000,834,1496506
QAP,4001,834,1496882
QAP,4002,834,1497258
QAP,4003,834,1497633
QAP,4004,834,1498025
QAP,4005,834,1498401
QAP,4006,834,1498777
QAP,4007,834,1499154
QAP,4008,834,1499514
QAP,4009,834,1499890
QAP,4010,834,1500266
QAP,4011,834,1500642
QAP,4012,834,1501018
QAP,4013,834,1501394
QAP,4014,834,1501770
QAP,4015,834,1502146
QAP,4016,834,1502523
QAP,4017,834,1502899
QAP,4018,834,1503275
QAP,4019,834,1503651
QAP,4020,834,1504028
QAP,4021,834,1504404
QAP,4022,834,1504780
QAP,4023,834,1505156
QAP,4024,834,1505532
QAP,4025,834,1505908
QAP,4026,834,1506284
QAP,4027,834,1506661
QAP,4028,834,1507037
QAP,4029,834,1507413
QAP,4030,834,1507789
QAP,4031,834,1508166
QAP,4032,834,1508526
QAP,4033,834,1508903
QAP,4034,834,1509280
QAP,4035,834,1509657
QAP,4036,834,1510018
QAP,4037,834,1510395
QAP,4038,834,1510772
QAP,4039,834,1511133
QAP,4040,834,1511510
QAP,4041,834,1511888
QAP,4042,834,1512265
QAP,4043,834,1512642
QAP,4044,834,1513002
QAP,4045,834,1513389
QAP,4046,834,1513766
QAP,4047,834,1514142
QAP,4048,834,1514520
QAP,4049,834,1514883
QAP,4050,834,1515260
QAP,4051,834,1515637
QAP,4052,834,1515999
QAP,4053,834,1516376
QAP,4054,834,1516753
QAP,4055,834,1517130
QAP,4056,834,1517506
QAP,4057,834,1517866
QAP,4058,834,1518243
QAP,4059,834,1518619
QAP,4060,834,1518995
QAP,4061,834,1519371
QAP,4062,834,1519748
QAP,4063,834,1520124
QAP,4064,834,1520500
QAP,4065,834,1520876
QAP,4066,834,1521252
QAP,4067,834,1521629
QAP,4068,834,1522005
QAP,4069,834,1522381
QAP,4070,834,1522757
QAP,4071,834,1523133
QAP,4072,834,1523510
QAP,4073,834,1523886
QAP,4074,834,1524262
QAP,4075,834,1524639
QAP,4076,834,1525015
QAP,4077,834,1525391
QAP,4078,834,1525752
QAP,4079,834,1526128
QAP,4080,834,1526504
QAP,4081,834,1526880
QAP,4082,834,1527256
QAP,4083,834,1527632
QAP,4084,834,1528008
QAP,4085,834,1528384
QAP,4086,834,1528760
QAP,4087,834,1529136
QAP,4088,834,1529512
QAP,4089,834,1529888
QAP,4090,834,1530264
QAP,4091,834,1530640
QAP,4092,834,1531016
QAP,4093,834,1531392
QAP,4094,834,1531768
QAP,4095,834,1532144
QAP,4096,834,1532520
QAP,4097,834,1532896
QAP,4098,834,1533257
QAP,4099,834,1533633
QAP,4100,834,1534009
QAP,4101,834,1534385
QAP,4102,834,1534761
QAP,4103,834,1535137
QAP,4104,834,1535513
QAP,4105,834,1535890
QAP,4106,834,1536266
QAP,4107,834,1536642
QAP,4108,834,1537018
QAP,4109,834,1537394
QAP,4110,834,1537771
QAP,4111,834,1538147
QAP,4112,834,1538523
QAP,4113,834,1538899
QAP,4114,834,1539260
QAP,4115,834,1539637
QAP,4116,834,1540014
QAP,4117,834,1540390
QAP,4118,834,1540767
QAP,4119,834,1541128
QAP,4120,834,1541505
QAP,4121,834,1541882
QAP,4122,834,1542243
QAP,4123,834,1542620
QAP,4124,834,1542997
QAP,4125,834,1543373
QAP,4126,834,1543750
QAP,4127,834,1544110
QAP,4128,834,1544488
QAP,4129,834,1544865
QAP,4130,834,1545226
QAP,4131,834,1545603
QAP,4132,834,1545979
QAP,4133,834,1546356
QAP,4134,834,1546718
QAP,4135,834,1547094
QAP,4136,834,1547471
QAP,4137,834,1547832
QAP,4138,834,1548209
QAP,4139,834,1548586
QAP,4140,834,1548962
QAP,4141,834,1549323
QAP,4142,834,1549700
QAP,4143,834,1550077
QAP,4144,834,1550438
QAP,4145,834,1550815
QAP,4146,834,1551192
QAP,4147,834,1551569
QAP,4148,834,1551931
QAP,4149,834,1552309
QAP,4150,834,1552686
QAP,4151,834,1553062
QAP,4152,834,1553423
QAP,4153,834,1553800
QAP,4154,834,1554177
QAP,4155,834,1554539
QAP,4156,834,1554915
QAP,4157,834,1555293
QAP,4158,834,1555670
QAP,4159,834,1556031
QAP,4160,834,1556408
QAP,4161,834,1556785
QAP,4162,834,1557146
QAP,4163,834,1557523
QAP,4164,834,1557900
QAP,4165,834,1558262
QAP,4166,834,1558639
QAP,4167,834,1559016
QAP,4168,834,1559393
QAP,4169,834,1559754
QAP,4170,834,1560130
QAP,4171,834,1560507
QAP,4172,834,1560869
QAP,4173,834,1561246
QAP,4174,834,1561622
QAP,4175,834,1561999
QAP,4176,834,1562360
QAP,4177,834,1562737
QAP,4178,834,1563114
QAP,4179,834,1563475
QAP,4180,834,1563852
QAP,4181,834,1564229
QAP,4182,834,1564589
QAP,4183,834,1564966
QAP,4184,834,1565343
QAP,4185,834,1565720
QAP,4186,834,1566081
QAP,4187,834,1566459
QAP,4188,834,1566836
QAP,4189,834,1567197
QAP,4190,834,1567574
QAP,4191,834,1567951
QAP,4192,834,1568328
QAP,4193,834,1568689
QAP,4194,834,1569066
QAP,4195,834,1569443
QAP,4196,834,1569804
QAP,4197,834,1570180
QAP,4198,834,1570558
QAP,4199,834,1570935
QAP,4200,834,1571296
QAP,4201,834,1571673
QAP,4202,834,1572050
QAP,4203,834,1572411
QAP,4204,834,1572788
QAP,4205,834,1573166
QAP,4206,834,1573527
QAP,4207,834,1573904
QAP,4208,834,1574280
QAP,4209,834,1574642
QAP,4210,834,1575019
QAP,4211,834,1575396
QAP,4212,834,1575773
QAP,4213,834,1576134
QAP,4214,834,1576511
QAP,4215,834,1576889
QAP,4216,834,1577266
QAP,4217,834,1577627
QAP,4218,834,1578004
QAP,4219,834,1578381
QAP,4220,834,1578743
QAP,4221,834,1579119
QAP,4222,834,1579497
QAP,4223,834,1579858
QAP,4224,834,1580235
QAP,4225,834,1580612
QAP,4226,834,1580988
QAP,4227,834,1581349
QAP,4228,834,1581734
QAP,4229,834,1582103
QAP,4230,834,1582464
QAP,4231,834,1582840
QAP,4232,834,1583217
QAP,4233,834,1583594
QAP,4234,834,1583955
QAP,4235,834,1584332
QAP,4236,834,1584708
QAP,4237,834,1585085
QAP,4238,834,1585446
QAP,4239,834,1585824
QAP,4240,834,1586200
QAP,4241,834,1586578
QAP,4242,834,1586955
QAP,4243,834,1587332
QAP,4244,834,1587709
QAP,4245,834,1588070
QAP,4246,834,1588447
QAP,4247,834,1588824
QAP,4248,834,1589201
QAP,4249,834,1589577
QAP,4250,834,1589954
QAP,4251,834,1590330
QAP,4252,834,1590707
QAP,4253,834,1591068
QAP,4254,834,1591445
QAP,4255,834,1591838
QAP,4256,834,1592214
QAP,4257,834,1592591
QAP,4258,834,1592953
QAP,4259,834,1593329
QAP,4260,834,1593706
QAP,4261,834,1594083
QAP,4262,834,1594460
QAP,4263,834,1594821
QAP,4264,834,1595206
QAP,4265,834,1595575
QAP,4266,834,1595951
QAP,4267,834,1596328
QAP,4268,834,1596705
QAP,4269,834,1597067
QAP,4270,834,1597443
QAP,4271,834,1597820
QAP,4272,834,1598197
QAP,4273,834,1598574
QAP,4274,834,1598950
QAP,4275,834,1599327
QAP,4276,834,1599704
QAP,4277,834,1600081
QAP,4278,834,1600441
QAP,4279,834,1600819
QAP,4280,834,1601196
QAP,4281,834,1601557
QAP,4282,834,1601934
QAP,4283,834,1602311
QAP,4284,834,1602672
QAP,4285,834,1603049
QAP,4286,834,1603426
QAP,4287,834,1603803
QAP,4288,834,1604164
QAP,4289,834,1604541
QAP,4290,834,1604918
QAP,4291,834,1605295
QAP,4292,834,1605656
QAP,4293,834,1606033
QAP,4294,834,1606410
QAP,4295,834,1606787
QAP,4296,834,1607164
QAP,4297,834,1607541
QAP,4298,834,1607917
QAP,4299,834,1608279
QAP,4300,834,1608656
QAP,4301,834,1609032
QAP,4302,834,1609409
QAP,4303,834,1609786
QAP,4304,834,1610148
QAP,4305,834,1610525
QAP,4306,834,1610902
QAP,4307,834,1611264
QAP,4308,834,1611640
QAP,4309,834,1612017
QAP,4310,834,1612378
QAP,4311,834,1612755
QAP,4312,834,1613132
QAP,4313,834,1613510
QAP,4314,834,1613887
QAP,4315,834,1614247
QAP,4316,834,1614624
QAP,4317,834,1615001
QAP,4318,834,1615377
QAP,4319,834,1615754
QAP,4320,834,1616131
QAP,4321,834,1616508
QAP,4322,834,1616885
QAP,4323,834,1617262
QAP,4324,834,1617622
QAP,4325,834,1617999
QAP,4326,834,1618376
QAP,4327,834,1618752
QAP,4328,834,1619114
QAP,4329,834,1619490
QAP,4330,834,1619867
QAP,4331,834,1620244
QAP,4332,834,1620621
QAP,4333,834,1620998
QAP,4334,834,1621376
QAP,4335,834,1621752
QAP,4336,834,1622129
QAP,4337,834,1622491
QAP,4338,834,1622868
QAP,4339,834,1623245
QAP,4340,834,1623621
QAP,4341,834,1623998
QAP,4342,834,1624375
QAP,4343,834,1624752
QAP,4344,834,1625113
QAP,4345,834,1625489
QAP,4346,834,1625866
QAP,4347,834,1626242
QAP,4348,834,1626603
QAP,4349,834,1626981
QAP,4350,834,1627358
QAP,4351,834,1627734
QAP,4352,834,1628095
QAP,4353,834,1628472
QAP,4354,834,1628849
QAP,4355,834,1629226
QAP,4356,834,1629587
QAP,4357,834,1629964
QAP,4358,834,1630341
QAP,4359,834,1630702
QAP,4360,834,1631079
QAP,4361,834,1631456
QAP,4362,834,1631817
QAP,4363,834,1632194
QAP,4364,834,1632571
QAP,4365,834,1632948
QAP,4366,834,1633310
QAP,4367,834,1633686
QAP,4368,834,1634064
QAP,4369,834,1634441
QAP,4370,834,1634802
QAP,4371,834,1635179
QAP,4372,834,1635557
QAP,4373,834,1635918
QAP,4374,834,1636295
QAP,4375,834,1636672
QAP,4376,834,1637033
QAP,4377,834,1637410
QAP,4378,834,1637788
QAP,4379,834,1638149
QAP,4380,834,1638525
QAP,4381,834,1638902
QAP,4382,834,1639279
QAP,4383,834,1639640
QAP,4384,834,1640017
QAP,4385,834,1640395
QAP,4386,834,1640756
QAP,4387,834,1641133
QAP,4388,834,1641510
QAP,4389,834,1641887
QAP,4390,834,1642248
QAP,4391,834,1642625
QAP,4392,834,1643001
QAP,4393,834,1643378
QAP,4394,834,1643740
QAP,4395,834,1644116
QAP,4396,834,1644493
QAP,4397,834,1644854
QAP,4398,834,1645231
QAP,4399,834,1645608
QAP,4400,834,1645985
QAP,4401,834,1646346
QAP,4402,834,1646738
QAP,4403,834,1647099
QAP,4404,834,1647476
QAP,4405,834,1647853
QAP,4406,834,1648229
QAP,4407,834,1648606
QAP,4408,834,1648983
QAP,4409,834,1649360
QAP,4410,834,1649729
QAP,4411,834,1650097
QAP,4412,834,1650474
QAP,4413,834,1650851
QAP,4414,834,1651228
QAP,4415,834,1651605
QAP,4416,834,1651981
QAP,4417,834,1652358
QAP,4418,834,1652719
QAP,4419,834,1653096
QAP,4420,834,1653473
QAP,4421,834,1653849
QAP,4422,834,1654226
QAP,4423,834,1654603
QAP,4424,834,1654964
QAP,4425,834,1655349
QAP,4426,834,1655718
QAP,4427,834,1656095
QAP,4428,834,1656471
QAP,4429,834,1656849
QAP,4430,834,1657226
QAP,4431,834,1657587
QAP,4432,834,1657964
QAP,4433,834,1658341
QAP,4434,834,1658718
QAP,4435,834,1659095
QAP,4436,834,1659472
QAP,4437,834,1659833
QAP,4438,834,1660210
QAP,4439,834,1660586
QAP,4440,834,1660963
QAP,4441,834,1661340
QAP,4442,834,1661702
QAP,4443,834,1662079
QAP,4444,834,1662455
QAP,4445,834,1662817
QAP,4446,834,1663193
QAP,4447,834,1663570
QAP,4448,834,1663948
QAP,4449,834,1664309
QAP,4450,834,1664686
QAP,4451,834,1665063
QAP,4452,834,1665440
QAP,4453,834,1665802
QAP,4454,834,1666179
QAP,4455,834,1666555
QAP,4456,834,1666917
QAP,4457,834,1667293
QAP,4458,834,1667670
QAP,4459,834,1668047
QAP,4460,834,1668409
QAP,4461,834,1668785
QAP,4462,834,1669162
QAP,4463,834,1669539
QAP,4464,834,1669900
QAP,4465,834,1670277
QAP,4466,834,1670654
QAP,4467,834,1671016
QAP,4468,834,1671393
QAP,4469,834,1671770
QAP,4470,834,1672131
QAP,4471,834,1672508
QAP,4472,834,1672891
QAP,4473,834,1673268
QAP,4474,834,1673642
QAP,4475,834,1674014
QAP,4476,834,1674387
QAP,4477,834,1674766
QAP,4478,834,1675141
QAP,4479,834,1675518
QAP,4480,834,1675892
QAP,4481,834,1676267
QAP,4482,834,1676644
QAP,4483,834,1677018
QAP,4484,834,1677395
QAP,4485,834,1677771
QAP,4486,834,1678145
QAP,4487,834,1678523
QAP,4488,834,1678901
QAP,4489,834,1679274
QAP,4490,834,1679651
QAP,4491,834,1680028
QAP,4492,834,1680404
QAP,4493,834,1680779
QAP,4494,834,1681157
QAP,4495,834,1681532
QAP,4496,834,1681907
QAP,4497,834,1682283
QAP,4498,834,1682660
QAP,4499,834,1683032
QAP,4500,834,1683393
QAP,4501,834,1683770
QAP,4502,834,1684148
QAP,4503,834,1684509
QAP,4504,834,1684886
QAP,4505,834,1685263
QAP,4506,834,1685640
QAP,4507,834,1686017
QAP,4508,834,1686394
QAP,4509,834,1686755
QAP,4510,834,1687132
QAP,4511,834,1687509
QAP,4512,834,1687870
QAP,4513,834,1688247
QAP,4514,834,1688624
QAP,4515,834,1688986
QAP,4516,834,1689363
QAP,4517,834,1689741
QAP,4518,834,1690117
QAP,4519,834,1690478
QAP,4520,834,1690855
QAP,4521,834,1691232
QAP,4522,834,1691593
QAP,4523,834,1691970
QAP,4524,834,1692347
QAP,4525,834,1692708
QAP,4526,834,1693085
QAP,4527,834,1693462
QAP,4528,834,1693840
QAP,4529,834,1694201
QAP,4530,834,1694577
QAP,4531,834,1694954
QAP,4532,834,1695331
QAP,4533,834,1695708
QAP,4534,834,1696084
QAP,4535,834,1696445
QAP,4536,834,1696823
QAP,4537,834,1697199
QAP,4538,834,1697576
QAP,4539,834,1697953
QAP,4540,834,1698331
QAP,4541,834,1698709
QAP,4542,834,1699072
QAP,4543,834,1699449
QAP,4544,834,1699826
QAP,4545,834,1700203
QAP,4546,834,1700586
QAP,4547,834,1700957
QAP,4548,834,1701362
QAP,4549,834,1701728
QAP,4550,834,1702104
QAP,4551,834,1702481
QAP,4552,834,1702857
QAP,4553,834,1703219
QAP,4554,834,1703596
QAP,4555,834,1703973
QAP,4556,834,1704349
QAP,4557,834,1704710
QAP,4558,834,1705087
QAP,4559,834,1705463
QAP,4560,834,1705852
QAP,4561,834,1706228
QAP,4562,834,1706609
QAP,4563,834,1706989
QAP,4564,834,1707370
QAP,4565,834,1707750
QAP,4566,834,1708115
QAP,4567,834,1708493
QAP,4568,834,1708870
QAP,4569,834,1709231
QAP,4570,834,1709608
QAP,4571,834,1709985
QAP,4572,834,1710347
QAP,4573,834,1710723
QAP,4574,834,1711100
QAP,4575,834,1711478
QAP,4576,834,1711854
QAP,4577,834,1712216
QAP,4578,834,1712593
QAP,4579,834,1712970
QAP,4580,834,1713331
QAP,4581,834,1713709
QAP,4582,834,1714086
QAP,4583,834,1714462
QAP,4584,834,1714839
QAP,4585,834,1715200
QAP,4586,834,1715577
QAP,4587,834,1715954
QAP,4588,834,1716331
QAP,4589,834,1716708
QAP,4590,834,1717069
QAP,4591,834,1717446
QAP,4592,834,1717839
QAP,4593,834,1718216
QAP,4594,834,1718593
QAP,4595,834,1718971
QAP,4596,834,1719332
QAP,4597,834,1719710
QAP,4598,834,1720087
QAP,4599,834,1720464
QAP,4600,834,1720841
QAP,4601,834,1721218
QAP,4602,834,1721595
QAP,4603,834,1721980
QAP,4604,834,1722349
QAP,4605,834,1722726
QAP,4606,834,1723102
QAP,4607,834,1723484
QAP,4608,834,1723856
QAP,4609,834,1724234
QAP,4610,834,1724610
QAP,4611,834,1725003
QAP,4612,834,1725364
QAP,4613,834,1725741
QAP,4614,834,1726118
QAP,4615,834,1726495
QAP,4616,834,1726872
QAP,4617,834,1727233
QAP,4618,834,1727610
QAP,4619,834,1727988
QAP,4620,834,1728365
QAP,4621,834,1728726
QAP,4622,834,1729103
QAP,4623,834,1729481
QAP,4624,834,1729857
QAP,4625,834,1730219
QAP,4626,834,1730595
QAP,4627,834,1730972
QAP,4628,834,1731349
QAP,4629,834,1731735
QAP,4630,834,1732109
QAP,4631,834,1732484
QAP,4632,834,1732858
QAP,4633,834,1733234
QAP,4634,834,1733602
QAP,4635,834,1733979
QAP,4636,834,1734355
QAP,4637,834,1734732
QAP,4638,834,1735109
QAP,4639,834,1735486
QAP,4640,834,1735863
QAP,4641,834,1736239
QAP,4642,834,1736616
QAP,4643,834,1736993
QAP,4644,834,1737370
QAP,4645,834,1737746
QAP,4646,834,1738107
QAP,4647,834,1738485
QAP,4648,834,1738861
QAP,4649,834,1739238
QAP,4650,834,1739615
QAP,4651,834,1739976
QAP,4652,834,1740354
QAP,4653,834,1740730
QAP,4654,834,1741091
QAP,4655,834,1741468
QAP,4656,834,1741845
QAP,4657,834,1742206
QAP,4658,834,1742584
QAP,4659,834,1742961
QAP,4660,834,1743338
QAP,4661,834,1743699
QAP,4662,834,1744076
QAP,4663,834,1744453
QAP,4664,834,1744814
QAP,4665,834,1745200
QAP,4666,834,1745568
QAP,4667,834,1745945
QAP,4668,834,1746306
QAP,4669,834,1746683
QAP,4670,834,1747061
QAP,4671,834,1747437
QAP,4672,834,1747814
QAP,4673,834,1748175
QAP,4674,834,1748552
QAP,4675,834,1748930
QAP,4676,834,1749307
QAP,4677,834,1749683
QAP,4678,834,1750044
QAP,4679,834,1750422
QAP,4680,834,1750799
QAP,4681,834,1751160
QAP,4682,834,1751538
QAP,4683,834,1751915
QAP,4684,834,1752276
QAP,4685,834,1752653
QAP,4686,834,1753030
QAP,4687,834,1753391
QAP,4688,834,1753769
QAP,4689,834,1754145
QAP,4690,834,1754523
QAP,4691,834,1754884
QAP,4692,834,1755261
QAP,4693,834,1755638
QAP,4694,834,1756015
QAP,4695,834,1756377
QAP,4696,834,1756754
QAP,4697,834,1757132
QAP,4698,834,1757493
QAP,4699,834,1757869
QAP,4700,834,1758247
QAP,4701,834,1758608
QAP,4702,834,1758985
QAP,4703,834,1759362
QAP,4704,834,1759739
QAP,4705,834,1760100
QAP,4706,834,1760477
QAP,4707,834,1760854
QAP,4708,834,1761215
QAP,4709,834,1761592
QAP,4710,834,1761969
QAP,4711,834,1762346
QAP,4712,834,1762707
QAP,4713,834,1763083
QAP,4714,834,1763460
QAP,4715,834,1763838
QAP,4716,834,1764224
QAP,4717,834,1764608
QAP,4718,834,1764985
QAP,4719,834,1765362
QAP,4720,834,1765739
QAP,4721,834,1766116
QAP,4722,834,1766493
QAP,4723,834,1766870
QAP,4724,834,1767231
QAP,4725,834,1767608
QAP,4726,834,1767984
QAP,4727,834,1768361
QAP,4728,834,1768723
QAP,4729,834,1769100
QAP,4730,834,1769477
QAP,4731,834,1769854
QAP,4732,834,1770216
QAP,4733,834,1770608
QAP,4734,834,1770984
QAP,4735,834,1771361
QAP,4736,834,1771739
QAP,4737,834,1772115
QAP,4738,834,1772492
QAP,4739,834,1772868
QAP,4740,834,1773230
QAP,4741,834,1773606
QAP,4742,834,1773983
QAP,4743,834,1774359
QAP,4744,834,1774736
QAP,4745,834,1775113
QAP,4746,834,1775490
QAP,4747,834,1775867
QAP,4748,834,1776244
QAP,4749,834,1776621
QAP,4750,834,1776983
QAP,4751,834,1777360
QAP,4752,834,1777738
QAP,4753,834,1778115
QAP,4754,834,1778492
QAP,4755,834,1778868
QAP,4756,834,1779244
QAP,4757,834,1779621
QAP,4758,834,1779983
QAP,4759,834,1780360
QAP,4760,834,1780737
QAP,4761,834,1781113
QAP,4762,834,1781475
QAP,4763,834,1781852
QAP,4764,834,1782244
QAP,4765,834,1782621
QAP,4766,834,1782997
QAP,4767,834,1783374
QAP,4768,834,1783751
QAP,4769,834,1784112
QAP,4770,834,1784489
QAP,4771,834,1784866
QAP,4772,834,1785243
QAP,4773,834,1785604
QAP,4774,834,1785980
QAP,4775,834,1786357
QAP,4776,834,1786734
QAP,4777,834,1787096
QAP,4778,834,1787472
QAP,4779,834,1787849
QAP,4780,834,1788211
QAP,4781,834,1788587
QAP,4782,834,1788965
QAP,4783,834,1789341
QAP,4784,834,1789702
QAP,4785,834,1790079
QAP,4786,834,1790456
QAP,4787,834,1790817
QAP,4788,834,1791195
QAP,4789,834,1791571
QAP,4790,834,1791933
QAP,4791,834,1792309
QAP,4792,834,1792687
QAP,4793,834,1793064
QAP,4794,834,1793425
QAP,4795,834,1793802
QAP,4796,834,1794179
QAP,4797,834,1794540
QAP,4798,834,1794917
QAP,4799,834,1795294
QAP,4800,834,1795655
QAP,4801,834,1796032
QAP,4802,834,1796409
QAP,4803,834,1796786
QAP,4804,834,1797148
QAP,4805,834,1797525
QAP,4806,834,1797901
QAP,4807,834,1798262
QAP,4808,834,1798638
QAP,4809,834,1799015
QAP,4810,834,1799376
QAP,4811,834,1799754
QAP,4812,834,1800131
QAP,4813,834,1800508
QAP,4814,834,1800868
QAP,4815,834,1801245
QAP,4816,834,1801622
QAP,4817,834,1801999
QAP,4818,834,1802360
QAP,4819,834,1802737
QAP,4820,834,1803113
QAP,4821,834,1803475
QAP,4822,834,1803852
QAP,4823,834,1804229
QAP,4824,834,1804606
QAP,4825,834,1804983
QAP,4826,834,1805344
QAP,4827,834,1805721
QAP,4828,834,1806098
QAP,4829,834,1806475
QAP,4830,834,1806836
QAP,4831,834,1807213
QAP,4832,834,1807590
QAP,4833,834,1807967
QAP,4834,834,1808329
QAP,4835,834,1808706
QAP,4836,834,1809082
QAP,4837,834,1809444
QAP,4838,834,1809821
QAP,4839,834,1810198
QAP,4840,834,1810575
QAP,4841,834,1810936
QAP,4842,834,1811312
QAP,4843,834,1811690
QAP,4844,834,1812051
QAP,4845,834,1812428
QAP,4846,834,1812805
QAP,4847,834,1813181
QAP,4848,834,1813558
QAP,4849,834,1813920
QAP,4850,834,1814297
QAP,4851,834,1814681
QAP,4852,834,1815050
QAP,4853,834,1815427
QAP,4854,834,1815788
QAP,4855,834,1816166
QAP,4856,834,1816543
QAP,4857,834,1816904
QAP,4858,834,1817281
QAP,4859,834,1817659
QAP,4860,834,1818036
QAP,4861,834,1818413
QAP,4862,834,1818790
QAP,4863,834,1819151
QAP,4864,834,1819528
QAP,4865,834,1819906
QAP,4866,834,1820267
QAP,4867,834,1820657
QAP,4868,834,1821029
QAP,4869,834,1821405
QAP,4870,834,1821766
QAP,4871,834,1822142
QAP,4872,834,1822518
QAP,4873,834,1822894
QAP,4874,834,1823270
QAP,4875,834,1823647
QAP,4876,834,1824024
QAP,4877,834,1824400
QAP,4878,834,1824777
QAP,4879,834,1825153
QAP,4880,834,1825529
QAP,4881,834,1825906
QAP,4882,834,1826282
QAP,4883,834,1826658
QAP,4884,834,1827034
QAP,4885,834,1827411
QAP,4886,834,1827787
QAP,4887,834,1828163
QAP,4888,834,1828539
QAP,4889,834,1828915
QAP,4890,834,1829291
QAP,4891,834,1829667
QAP,4892,834,1830044
QAP,4893,834,1830406
QAP,4894,834,1830783
QAP,4895,834,1831160
QAP,4896,834,1831537
QAP,4897,834,1831898
QAP,4898,834,1832274
QAP,4899,834,1832651
QAP,4900,834,1833029
QAP,4901,834,1833390
QAP,4902,834,1833767
QAP,4903,834,1834144
QAP,4904,834,1834505
QAP,4905,834,1834882
QAP,4906,834,1835259
QAP,4907,834,1835636
QAP,4908,834,1835997
QAP,4909,834,1836374
QAP,4910,834,1836751
QAP,4911,834,1837128
QAP,4912,834,1837489
QAP,4913,834,1837866
QAP,4914,834,1838243
QAP,4915,834,1838620
QAP,4916,834,1838981
QAP,4917,834,1839358
QAP,4918,834,1839735
QAP,4919,834,1840096
QAP,4920,834,1840473
QAP,4921,834,1840850
QAP,4922,834,1841211
QAP,4923,834,1841588
QAP,4924,834,1841965
QAP,4925,834,1842327
QAP,4926,834,1842704
QAP,4927,834,1843081
QAP,4928,834,1843459
QAP,4929,834,1843820
QAP,4930,834,1844196
QAP,4931,834,1844573
QAP,4932,834,1844935
QAP,4933,834,1845312
QAP,4934,834,1845688
QAP,4935,834,1846049
QAP,4936,834,1846427
QAP,4937,834,1846804
QAP,4938,834,1847165
QAP,4939,834,1847542
QAP,4940,834,1847918
QAP,4941,834,1848295
QAP,4942,834,1848656
QAP,4943,834,1849034
QAP,4944,834,1849410
QAP,4945,834,1849787
QAP,4946,834,1850148
QAP,4947,834,1850525
QAP,4948,834,1850902
QAP,4949,834,1851278
QAP,4950,834,1851655
QAP,4951,834,1852032
QAP,4952,834,1852408
QAP,4953,834,1852784
QAP,4954,834,1853160
QAP,4955,834,1853536
QAP,4956,834,1853912
QAP,4957,834,1854288
QAP,4958,834,1854664
QAP,4959,834,1855040
QAP,4960,834,1855417
QAP,4961,834,1855793
QAP,4962,834,1856169
QAP,4963,834,1856546
QAP,4964,834,1856922
QAP,4965,834,1857299
QAP,4966,834,1857675
QAP,4967,834,1858051
QAP,4968,834,1858427
QAP,4969,834,1858803
QAP,4970,834,1859179
QAP,4971,834,1859555
QAP,4972,834,1859931
QAP,4973,834,1860307
QAP,4974,834,1860683
QAP,4975,834,1861044
QAP,4976,834,1861420
QAP,4977,834,1861796
QAP,4978,834,1862172
QAP,4979,834,1862563
QAP,4980,834,1862924
QAP,4981,834,1863300
QAP,4982,834,1863677
QAP,4983,834,1864054
QAP,4984,834,1864431
QAP,4985,834,1864793
QAP,4986,834,1865170
QAP,4987,834,1865547
QAP,4988,834,1865908
QAP,4989,834,1866285
QAP,4990,834,1866662
QAP,4991,834,1867039
QAP,4992,834,1867416
QAP,4993,834,1867778
QAP,4994,834,1868154
QAP,4995,834,1868531
QAP,4996,834,1868892
QAP,4997,834,1869269
QAP,4998,834,1869646
QAP,4999,834,1870007
