Problem,Generation,BestCost,TimeMS
GPP,0,48,0
GPP,1,46,0
GPP,2,46,0
GPP,3,46,15
GPP,4,46,15
GPP,5,46,15
GPP,6,46,31
GPP,7,46,31
GPP,8,46,31
GPP,9,45,47
GPP,10,43,47
GPP,11,43,62
GPP,12,43,62
GPP,13,42,62
GPP,14,42,78
GPP,15,42,78
GPP,16,42,78
GPP,17,40,94
GPP,18,40,94
GPP,19,40,94
GPP,20,40,110
GPP,21,40,110
GPP,22,40,126
GPP,23,40,131
GPP,24,40,131
GPP,25,40,131
GPP,26,40,149
GPP,27,40,155
GPP,28,39,160
GPP,29,39,166
GPP,30,38,171
GPP,31,38,178
GPP,32,38,178
GPP,33,38,178
GPP,34,38,194
GPP,35,38,200
GPP,36,38,206
GPP,37,37,211
GPP,38,37,217
GPP,39,37,222
GPP,40,37,228
GPP,41,36,228
GPP,42,36,228
GPP,43,34,246
GPP,44,34,251
GPP,45,34,257
GPP,46,34,262
GPP,47,34,268
GPP,48,34,273
GPP,49,34,278
GPP,50,34,278
GPP,51,34,278
GPP,52,34,297
GPP,53,34,303
GPP,54,34,309
GPP,55,34,314
GPP,56,34,320
GPP,57,34,326
GPP,58,34,332
GPP,59,33,338
GPP,60,33,344
GPP,61,32,350
GPP,62,31,355
GPP,63,31,361
GPP,64,31,366
GPP,65,31,372
GPP,66,31,378
GPP,67,29,378
GPP,68,29,378
GPP,69,29,395
GPP,70,29,401
GPP,71,29,406
GPP,72,29,412
GPP,73,29,418
GPP,74,29,424
GPP,75,29,428
GPP,76,29,428
GPP,77,29,428
GPP,78,29,447
GPP,79,29,453
GPP,80,27,459
GPP,81,27,464
GPP,82,27,469
GPP,83,27,475
GPP,84,27,478
GPP,85,27,478
GPP,86,27,493
GPP,87,27,499
GPP,88,27,504
GPP,89,27,510
GPP,90,26,515
GPP,91,26,521
GPP,92,26,526
GPP,93,26,528
GPP,94,24,528
GPP,95,24,543
GPP,96,24,549
GPP,97,24,555
GPP,98,24,561
GPP,99,24,567
GPP,100,24,567
GPP,101,24,578
GPP,102,24,578
GPP,103,24,578
GPP,104,24,596
GPP,105,24,601
GPP,106,24,607
GPP,107,24,612
GPP,108,24,618
GPP,109,24,624
GPP,110,24,629
GPP,111,24,629
GPP,112,24,629
GPP,113,24,647
GPP,114,24,653
GPP,115,24,659
GPP,116,24,664
GPP,117,24,669
GPP,118,24,675
GPP,119,24,678
GPP,120,24,678
GPP,121,24,678
GPP,122,24,698
GPP,123,24,704
GPP,124,24,710
GPP,125,24,715
GPP,126,24,720
GPP,127,24,726
GPP,128,24,728
GPP,129,24,728
GPP,130,24,743
GPP,131,24,749
GPP,132,24,755
GPP,133,24,761
GPP,134,24,766
GPP,135,24,772
GPP,136,24,778
GPP,137,24,778
GPP,138,24,778
GPP,139,24,794
GPP,140,24,801
GPP,141,24,806
GPP,142,24,811
GPP,143,24,817
GPP,144,24,822
GPP,145,24,828
GPP,146,24,828
GPP,147,24,828
GPP,148,24,846
GPP,149,24,851
GPP,150,24,857
GPP,151,24,862
GPP,152,24,868
GPP,153,24,873
GPP,154,24,878
GPP,155,24,878
GPP,156,24,878
GPP,157,24,897
GPP,158,24,902
GPP,159,24,908
GPP,160,24,913
GPP,161,24,923
GPP,162,24,932
GPP,163,24,940
GPP,164,24,948
GPP,165,24,954
GPP,166,24,960
GPP,167,24,965
GPP,168,24,971
GPP,169,24,977
GPP,170,24,978
GPP,171,24,978
GPP,172,24,994
GPP,173,24,994
GPP,174,24,994
GPP,175,24,1010
GPP,176,24,1010
GPP,177,24,1010
GPP,178,24,1025
GPP,179,24,1025
GPP,180,24,1025
GPP,181,24,1041
GPP,182,24,1041
GPP,183,24,1057
GPP,184,24,1057
GPP,185,24,1057
GPP,186,24,1073
GPP,187,24,1073
GPP,188,24,1073
GPP,189,24,1088
GPP,190,24,1088
GPP,191,24,1088
GPP,192,24,1104
GPP,193,24,1104
GPP,194,24,1104
GPP,195,24,1120
GPP,196,24,1120
GPP,197,24,1135
GPP,198,24,1135
GPP,199,24,1135
GPP,200,24,1151
GPP,201,24,1151
GPP,202,24,1151
GPP,203,24,1167
GPP,204,24,1167
GPP,205,24,1167
GPP,206,24,1183
GPP,207,24,1183
GPP,208,24,1183
GPP,209,24,1198
GPP,210,24,1198
GPP,211,24,1214
GPP,212,24,1214
GPP,213,24,1214
GPP,214,24,1230
GPP,215,24,1230
GPP,216,24,1230
GPP,217,24,1245
GPP,218,24,1245
GPP,219,24,1245
GPP,220,24,1261
GPP,221,24,1261
GPP,222,24,1261
GPP,223,24,1277
GPP,224,24,1277
GPP,225,24,1277
GPP,226,24,1293
GPP,227,24,1293
GPP,228,24,1308
GPP,229,24,1308
GPP,230,24,1308
GPP,231,24,1324
GPP,232,24,1324
GPP,233,24,1324
GPP,234,24,1340
GPP,235,24,1340
GPP,236,24,1340
GPP,237,24,1355
GPP,238,22,1355
GPP,239,22,1355
GPP,240,22,1371
GPP,241,22,1371
GPP,242,22,1371
GPP,243,22,1387
GPP,244,22,1387
GPP,245,22,1403
GPP,246,22,1403
GPP,247,22,1403
GPP,248,22,1418
GPP,249,22,1418
GPP,250,22,1418
GPP,251,22,1434
GPP,252,22,1434
GPP,253,22,1434
GPP,254,22,1450
GPP,255,22,1450
GPP,256,22,1450
GPP,257,22,1465
GPP,258,22,1465
GPP,259,22,1465
GPP,260,22,1481
GPP,261,22,1481
GPP,262,22,1497
GPP,263,22,1497
GPP,264,22,1497
GPP,265,22,1513
GPP,266,22,1513
GPP,267,22,1513
GPP,268,22,1528
GPP,269,22,1528
GPP,270,22,1528
GPP,271,22,1544
GPP,272,22,1544
GPP,273,22,1544
GPP,274,22,1560
GPP,275,22,1560
GPP,276,22,1560
GPP,277,22,1575
GPP,278,22,1575
GPP,279,22,1591
GPP,280,22,1591
GPP,281,22,1591
GPP,282,22,1607
GPP,283,22,1607
GPP,284,22,1607
GPP,285,22,1623
GPP,286,22,1623
GPP,287,22,1623
GPP,288,22,1638
GPP,289,22,1638
GPP,290,22,1638
GPP,291,22,1654
GPP,292,22,1654
GPP,293,22,1654
GPP,294,22,1670
GPP,295,22,1670
GPP,296,22,1685
GPP,297,22,1685
GPP,298,22,1685
GPP,299,22,1701
GPP,300,22,1701
GPP,301,22,1701
GPP,302,22,1717
GPP,303,22,1717
GPP,304,22,1717
GPP,305,22,1732
GPP,306,22,1732
GPP,307,22,1732
GPP,308,22,1748
GPP,309,22,1748
GPP,310,22,1748
GPP,311,22,1764
GPP,312,22,1764
GPP,313,22,1780
GPP,314,22,1780
GPP,315,22,1780
GPP,316,22,1795
GPP,317,22,1795
GPP,318,22,1795
GPP,319,22,1811
GPP,320,22,1811
GPP,321,22,1811
GPP,322,22,1827
GPP,323,22,1827
GPP,324,22,1827
GPP,325,22,1842
GPP,326,22,1842
GPP,327,22,1842
GPP,328,22,1858
GPP,329,22,1858
GPP,330,22,1874
GPP,331,22,1874
GPP,332,22,1874
GPP,333,22,1889
GPP,334,22,1889
GPP,335,22,1889
GPP,336,22,1905
GPP,337,22,1905
GPP,338,22,1905
GPP,339,22,1921
GPP,340,22,1921
GPP,341,22,1921
GPP,342,22,1938
GPP,343,22,1938
GPP,344,22,1952
GPP,345,22,1952
GPP,346,22,1952
GPP,347,22,1968
GPP,348,22,1968
GPP,349,22,1968
GPP,350,22,1983
GPP,351,22,1983
GPP,352,22,1983
GPP,353,22,1999
GPP,354,22,1999
GPP,355,22,2015
GPP,356,22,2021
GPP,357,22,2027
GPP,358,22,2032
GPP,359,22,2038
GPP,360,22,2044
GPP,361,22,2050
GPP,362,22,2055
GPP,363,22,2061
GPP,364,22,2068
GPP,365,22,2071
GPP,366,22,2077
GPP,367,22,2083
GPP,368,22,2088
GPP,369,22,2094
GPP,370,22,2100
GPP,371,22,2107
GPP,372,22,2112
GPP,373,22,2117
GPP,374,22,2124
GPP,375,22,2130
GPP,376,22,2135
GPP,377,22,2140
GPP,378,22,2146
GPP,379,22,2151
GPP,380,22,2157
GPP,381,22,2163
GPP,382,22,2168
GPP,383,22,2174
GPP,384,22,2179
GPP,385,22,2185
GPP,386,22,2190
GPP,387,22,2196
GPP,388,22,2201
GPP,389,22,2207
GPP,390,22,2213
GPP,391,22,2218
GPP,392,22,2224
GPP,393,22,2230
GPP,394,22,2235
GPP,395,22,2241
GPP,396,22,2245
GPP,397,22,2253
GPP,398,22,2259
GPP,399,22,2263
GPP,400,22,2268
GPP,401,22,2274
GPP,402,22,2280
GPP,403,22,2285
GPP,404,22,2291
GPP,405,22,2296
GPP,406,22,2302
GPP,407,22,2308
GPP,408,22,2314
GPP,409,22,2320
GPP,410,22,2325
GPP,411,22,2331
GPP,412,22,2335
GPP,413,22,2341
GPP,414,22,2346
GPP,415,22,2352
GPP,416,22,2358
GPP,417,22,2364
GPP,418,22,2369
GPP,419,22,2375
GPP,420,22,2380
GPP,421,22,2387
GPP,422,22,2393
GPP,423,20,2398
GPP,424,20,2404
GPP,425,20,2410
GPP,426,20,2416
GPP,427,20,2421
GPP,428,20,2427
GPP,429,20,2433
GPP,430,20,2438
GPP,431,20,2444
GPP,432,20,2450
GPP,433,20,2455
GPP,434,20,2461
GPP,435,20,2466
GPP,436,20,2471
GPP,437,20,2477
GPP,438,20,2483
GPP,439,20,2489
GPP,440,20,2494
GPP,441,20,2499
GPP,442,20,2505
GPP,443,20,2511
GPP,444,20,2517
GPP,445,20,2521
GPP,446,20,2527
GPP,447,20,2532
GPP,448,20,2538
GPP,449,20,2544
GPP,450,20,2550
GPP,451,20,2556
GPP,452,20,2561
GPP,453,20,2566
GPP,454,20,2573
GPP,455,20,2577
GPP,456,20,2583
GPP,457,20,2589
GPP,458,20,2594
GPP,459,20,2600
GPP,460,20,2606
GPP,461,20,2612
GPP,462,20,2618
GPP,463,20,2624
GPP,464,20,2629
GPP,465,20,2636
GPP,466,20,2640
GPP,467,20,2647
GPP,468,20,2652
GPP,469,20,2658
GPP,470,20,2663
GPP,471,20,2669
GPP,472,20,2675
GPP,473,20,2680
GPP,474,20,2685
GPP,475,20,2690
GPP,476,20,2697
GPP,477,20,2702
GPP,478,20,2708
GPP,479,20,2713
GPP,480,20,2719
GPP,481,20,2724
GPP,482,20,2730
GPP,483,20,2736
GPP,484,20,2741
GPP,485,20,2746
GPP,486,20,2752
GPP,487,20,2757
GPP,488,18,2763
GPP,489,18,2769
GPP,490,18,2775
GPP,491,18,2781
GPP,492,18,2786
GPP,493,18,2792
GPP,494,18,2797
GPP,495,18,2803
GPP,496,18,2808
GPP,497,18,2815
GPP,498,18,2821
GPP,499,18,2825
GPP,500,18,2830
GPP,501,18,2839
GPP,502,18,2844
GPP,503,18,2850
GPP,504,18,2856
GPP,505,18,2862
GPP,506,18,2868
GPP,507,18,2874
GPP,508,18,2879
GPP,509,18,2885
GPP,510,18,2889
GPP,511,18,2895
GPP,512,18,2901
GPP,513,18,2906
GPP,514,18,2912
GPP,515,18,2918
GPP,516,18,2924
GPP,517,18,2930
GPP,518,18,2935
GPP,519,18,2941
GPP,520,18,2947
GPP,521,18,2953
GPP,522,18,2958
GPP,523,18,2964
GPP,524,18,2968
GPP,525,18,2974
GPP,526,18,2981
GPP,527,18,2986
GPP,528,18,2992
GPP,529,18,2998
GPP,530,18,3004
GPP,531,18,3009
GPP,532,18,3015
GPP,533,18,3021
GPP,534,18,3026
GPP,535,18,3031
GPP,536,18,3037
GPP,537,18,3042
GPP,538,18,3048
GPP,539,18,3054
GPP,540,18,3060
GPP,541,18,3066
GPP,542,18,3072
GPP,543,18,3077
GPP,544,18,3083
GPP,545,18,3087
GPP,546,18,3093
GPP,547,18,3098
GPP,548,18,3105
GPP,549,18,3110
GPP,550,18,3116
GPP,551,18,3120
GPP,552,18,3126
GPP,553,16,3132
GPP,554,16,3138
GPP,555,16,3143
GPP,556,16,3149
GPP,557,16,3155
GPP,558,16,3161
GPP,559,16,3166
GPP,560,16,3172
GPP,561,16,3178
GPP,562,16,3182
GPP,563,16,3188
GPP,564,16,3194
GPP,565,16,3200
GPP,566,16,3205
GPP,567,16,3211
GPP,568,16,3215
GPP,569,16,3221
GPP,570,16,3226
GPP,571,16,3233
GPP,572,16,3239
GPP,573,16,3244
GPP,574,16,3249
GPP,575,16,3255
GPP,576,16,3261
GPP,577,16,3265
GPP,578,16,3271
GPP,579,16,3277
GPP,580,16,3283
GPP,581,16,3288
GPP,582,16,3294
GPP,583,16,3300
GPP,584,16,3306
GPP,585,16,3311
GPP,586,16,3317
GPP,587,16,3322
GPP,588,16,3327
GPP,589,16,3333
GPP,590,16,3339
GPP,591,16,3345
GPP,592,16,3350
GPP,593,16,3356
GPP,594,16,3360
GPP,595,16,3366
GPP,596,16,3372
GPP,597,16,3377
GPP,598,16,3383
GPP,599,16,3389
GPP,600,16,3395
GPP,601,16,3401
GPP,602,16,3405
GPP,603,16,3410
GPP,604,16,3416
GPP,605,16,3422
GPP,606,16,3427
GPP,607,16,3434
GPP,608,16,3439
GPP,609,16,3443
GPP,610,16,3449
GPP,611,16,3455
GPP,612,16,3460
GPP,613,16,3466
GPP,614,16,3472
GPP,615,16,3477
GPP,616,16,3482
GPP,617,16,3489
GPP,618,16,3494
GPP,619,16,3500
GPP,620,16,3505
GPP,621,16,3510
GPP,622,16,3518
GPP,623,16,3522
GPP,624,16,3528
GPP,625,16,3534
GPP,626,16,3540
GPP,627,16,3545
GPP,628,16,3551
GPP,629,16,3556
GPP,630,16,3561
GPP,631,16,3567
GPP,632,16,3573
GPP,633,16,3578
GPP,634,16,3584
GPP,635,16,3588
GPP,636,16,3594
GPP,637,16,3599
GPP,638,16,3606
GPP,639,16,3612
GPP,640,16,3617
GPP,641,16,3622
GPP,642,16,3628
GPP,643,16,3633
GPP,644,16,3640
GPP,645,16,3645
GPP,646,16,3651
GPP,647,16,3656
GPP,648,16,3661
GPP,649,16,3667
GPP,650,16,3673
GPP,651,16,3678
GPP,652,16,3684
GPP,653,16,3690
GPP,654,16,3695
GPP,655,16,3700
GPP,656,16,3705
GPP,657,16,3711
GPP,658,16,3718
GPP,659,16,3723
GPP,660,16,3729
GPP,661,16,3734
GPP,662,16,3739
GPP,663,16,3745
GPP,664,16,3751
GPP,665,16,3757
GPP,666,16,3762
GPP,667,16,3767
GPP,668,16,3773
GPP,669,16,3779
GPP,670,16,3785
GPP,671,16,3790
GPP,672,16,3796
GPP,673,16,3801
GPP,674,16,3807
GPP,675,16,3812
GPP,676,16,3818
GPP,677,16,3823
GPP,678,16,3829
GPP,679,16,3835
GPP,680,16,3842
GPP,681,16,3846
GPP,682,16,3852
GPP,683,16,3857
GPP,684,16,3863
GPP,685,16,3868
GPP,686,16,3875
GPP,687,16,3880
GPP,688,16,3886
GPP,689,16,3891
GPP,690,16,3897
GPP,691,16,3902
GPP,692,16,3909
GPP,693,16,3914
GPP,694,16,3919
GPP,695,16,3925
GPP,696,16,3930
GPP,697,16,3935
GPP,698,16,3941
GPP,699,16,3948
GPP,700,16,3955
GPP,701,16,3960
GPP,702,16,3966
GPP,703,16,3972
GPP,704,16,3976
GPP,705,16,3981
GPP,706,16,3987
GPP,707,16,3993
GPP,708,16,3998
GPP,709,16,4006
GPP,710,16,4012
GPP,711,16,4016
GPP,712,16,4022
GPP,713,16,4027
GPP,714,16,4032
GPP,715,16,4039
GPP,716,16,4045
GPP,717,16,4050
GPP,718,16,4055
GPP,719,16,4062
GPP,720,16,4066
GPP,721,16,4071
GPP,722,16,4077
GPP,723,16,4083
GPP,724,16,4090
GPP,725,16,4094
GPP,726,16,4100
GPP,727,16,4105
GPP,728,16,4112
GPP,729,16,4118
GPP,730,16,4124
GPP,731,16,4129
GPP,732,16,4135
GPP,733,16,4140
GPP,734,16,4145
GPP,735,16,4151
GPP,736,16,4157
GPP,737,16,4163
GPP,738,16,4167
GPP,739,16,4173
GPP,740,16,4178
GPP,741,16,4185
GPP,742,16,4191
GPP,743,16,4195
GPP,744,16,4200
GPP,745,16,4208
GPP,746,16,4213
GPP,747,16,4218
GPP,748,16,4223
GPP,749,16,4229
GPP,750,16,4235
GPP,751,16,4240
GPP,752,16,4246
GPP,753,16,4251
GPP,754,16,4256
GPP,755,16,4262
GPP,756,16,4268
GPP,757,16,4274
GPP,758,16,4280
GPP,759,16,4285
GPP,760,16,4291
GPP,761,16,4297
GPP,762,16,4302
GPP,763,16,4308
GPP,764,16,4314
GPP,765,16,4320
GPP,766,16,4325
GPP,767,16,4331
GPP,768,16,4337
GPP,769,16,4343
GPP,770,16,4349
GPP,771,16,4355
GPP,772,16,4361
GPP,773,16,4366
GPP,774,16,4372
GPP,775,16,4378
GPP,776,16,4383
GPP,777,16,4389
GPP,778,16,4397
GPP,779,16,4402
GPP,780,16,4407
GPP,781,16,4413
GPP,782,16,4419
GPP,783,16,4425
GPP,784,16,4432
GPP,785,16,4437
GPP,786,16,4443
GPP,787,16,4449
GPP,788,16,4454
GPP,789,16,4460
GPP,790,16,4466
GPP,791,16,4472
GPP,792,16,4476
GPP,793,16,4482
GPP,794,16,4488
GPP,795,16,4494
GPP,796,16,4500
GPP,797,16,4506
GPP,798,16,4512
GPP,799,16,4517
GPP,800,16,4523
GPP,801,16,4528
GPP,802,16,4534
GPP,803,16,4542
GPP,804,16,4546
GPP,805,16,4552
GPP,806,16,4558
GPP,807,16,4566
GPP,808,16,4570
GPP,809,16,4575
GPP,810,16,4583
GPP,811,16,4589
GPP,812,16,4595
GPP,813,16,4600
GPP,814,16,4607
GPP,815,16,4611
GPP,816,16,4616
GPP,817,16,4622
GPP,818,16,4630
GPP,819,16,4636
GPP,820,16,4640
GPP,821,16,4646
GPP,822,16,4652
GPP,823,16,4658
GPP,824,16,4664
GPP,825,16,4669
GPP,826,16,4677
GPP,827,16,4682
GPP,828,16,4687
GPP,829,16,4693
GPP,830,16,4699
GPP,831,16,4705
GPP,832,16,4711
GPP,833,16,4716
GPP,834,16,4722
GPP,835,16,4727
GPP,836,16,4734
GPP,837,16,4739
GPP,838,16,4745
GPP,839,16,4751
GPP,840,16,4757
GPP,841,16,4763
GPP,842,16,4769
GPP,843,16,4775
GPP,844,16,4780
GPP,845,16,4786
GPP,846,16,4792
GPP,847,16,4798
GPP,848,16,4804
GPP,849,16,4810
GPP,850,16,4816
GPP,851,16,4821
GPP,852,16,4827
GPP,853,16,4833
GPP,854,16,4838
GPP,855,16,4845
GPP,856,16,4850
GPP,857,16,4856
GPP,858,16,4862
GPP,859,16,4867
GPP,860,16,4874
GPP,861,16,4880
GPP,862,16,4886
GPP,863,16,4891
GPP,864,16,4897
GPP,865,16,4903
GPP,866,16,4909
GPP,867,16,4914
GPP,868,16,4921
GPP,869,16,4927
GPP,870,16,4932
GPP,871,16,4939
GPP,872,16,4944
GPP,873,16,4950
GPP,874,16,4958
GPP,875,16,4963
GPP,876,16,4968
GPP,877,16,4973
GPP,878,16,4981
GPP,879,16,4987
GPP,880,16,4993
GPP,881,16,4999
GPP,882,16,5004
GPP,883,16,5010
GPP,884,16,5016
GPP,885,16,5021
GPP,886,16,5028
GPP,887,16,5034
GPP,888,16,5040
GPP,889,16,5045
GPP,890,16,5051
GPP,891,16,5058
GPP,892,16,5063
GPP,893,16,5069
GPP,894,16,5075
GPP,895,16,5080
GPP,896,16,5086
GPP,897,16,5093
GPP,898,16,5098
GPP,899,16,5104
GPP,900,16,5110
GPP,901,16,5116
GPP,902,16,5122
GPP,903,16,5128
GPP,904,16,5133
GPP,905,16,5140
GPP,906,16,5145
GPP,907,16,5151
GPP,908,16,5157
GPP,909,16,5163
GPP,910,16,5169
GPP,911,16,5175
GPP,912,16,5180
GPP,913,16,5187
GPP,914,16,5193
GPP,915,16,5198
GPP,916,16,5205
GPP,917,16,5210
GPP,918,16,5216
GPP,919,16,5222
GPP,920,16,5227
GPP,921,16,5234
GPP,922,16,5240
GPP,923,16,5245
GPP,924,16,5252
GPP,925,16,5258
GPP,926,16,5263
GPP,927,16,5268
GPP,928,16,5273
GPP,929,16,5280
GPP,930,16,5286
GPP,931,16,5293
GPP,932,16,5298
GPP,933,16,5303
GPP,934,16,5310
GPP,935,16,5315
GPP,936,16,5320
GPP,937,16,5327
GPP,938,16,5333
GPP,939,16,5339
GPP,940,16,5345
GPP,941,16,5350
GPP,942,16,5355
GPP,943,16,5361
GPP,944,16,5368
GPP,945,16,5373
GPP,946,16,5378
GPP,947,16,5385
GPP,948,16,5390
GPP,949,16,5396
GPP,950,16,5402
GPP,951,16,5408
GPP,952,16,5413
GPP,953,16,5418
GPP,954,16,5425
GPP,955,16,5431
GPP,956,16,5437
GPP,957,16,5443
GPP,958,16,5448
GPP,959,16,5453
GPP,960,16,5459
GPP,961,16,5465
GPP,962,16,5470
GPP,963,16,5476
GPP,964,16,5483
GPP,965,16,5488
GPP,966,16,5494
GPP,967,16,5500
GPP,968,16,5506
GPP,969,16,5511
GPP,970,16,5517
GPP,971,16,5523
GPP,972,16,5529
GPP,973,16,5535
GPP,974,16,5541
GPP,975,16,5547
GPP,976,16,5552
GPP,977,16,5559
GPP,978,16,5563
GPP,979,16,5569
GPP,980,16,5577
GPP,981,16,5583
GPP,982,16,5588
GPP,983,16,5595
GPP,984,16,5601
GPP,985,16,5606
GPP,986,16,5612
GPP,987,16,5618
GPP,988,16,5624
GPP,989,16,5629
GPP,990,16,5634
GPP,991,16,5640
GPP,992,16,5645
GPP,993,16,5651
GPP,994,16,5657
GPP,995,16,5664
GPP,996,16,5670
GPP,997,16,5674
GPP,998,16,5682
GPP,999,16,5687
GPP,1000,16,5694
GPP,1001,16,5700
GPP,1002,16,5704
GPP,1003,16,5710
GPP,1004,16,5717
GPP,1005,16,5723
GPP,1006,16,5728
GPP,1007,16,5734
GPP,1008,16,5739
GPP,1009,16,5746
GPP,1010,16,5751
GPP,1011,16,5757
GPP,1012,16,5762
GPP,1013,16,5768
GPP,1014,16,5774
GPP,1015,16,5779
GPP,1016,16,5786
GPP,1017,16,5791
GPP,1018,16,5798
GPP,1019,16,5804
GPP,1020,16,5809
GPP,1021,16,5815
GPP,1022,16,5821
GPP,1023,16,5827
GPP,1024,16,5832
GPP,1025,16,5838
GPP,1026,16,5844
GPP,1027,16,5850
GPP,1028,16,5856
GPP,1029,16,5860
GPP,1030,16,5868
GPP,1031,16,5874
GPP,1032,16,5880
GPP,1033,16,5885
GPP,1034,16,5891
GPP,1035,16,5897
GPP,1036,16,5902
GPP,1037,16,5908
GPP,1038,16,5914
GPP,1039,16,5920
GPP,1040,16,5926
GPP,1041,16,5933
GPP,1042,16,5937
GPP,1043,16,5943
GPP,1044,16,5950
GPP,1045,16,5955
GPP,1046,16,5961
GPP,1047,16,5968
GPP,1048,16,5973
GPP,1049,16,5981
GPP,1050,16,5986
GPP,1051,16,5986
GPP,1052,16,5986
GPP,1053,16,6000
GPP,1054,16,6000
GPP,1055,16,6016
GPP,1056,16,6016
GPP,1057,16,6016
GPP,1058,16,6032
GPP,1059,16,6032
GPP,1060,16,6032
GPP,1061,16,6047
GPP,1062,16,6047
GPP,1063,16,6063
GPP,1064,16,6063
GPP,1065,16,6063
GPP,1066,16,6079
GPP,1067,16,6079
GPP,1068,16,6079
GPP,1069,16,6094
GPP,1070,16,6094
GPP,1071,16,6110
GPP,1072,16,6110
GPP,1073,16,6110
GPP,1074,16,6126
GPP,1075,16,6126
GPP,1076,16,6126
GPP,1077,16,6141
GPP,1078,16,6141
GPP,1079,16,6157
GPP,1080,16,6157
GPP,1081,16,6157
GPP,1082,16,6173
GPP,1083,16,6173
GPP,1084,16,6173
GPP,1085,16,6188
GPP,1086,16,6188
GPP,1087,16,6204
GPP,1088,16,6204
GPP,1089,16,6204
GPP,1090,16,6220
GPP,1091,16,6220
GPP,1092,16,6220
GPP,1093,16,6236
GPP,1094,16,6236
GPP,1095,16,6251
GPP,1096,16,6251
GPP,1097,16,6251
GPP,1098,16,6267
GPP,1099,16,6267
GPP,1100,16,6283
GPP,1101,16,6283
GPP,1102,16,6283
GPP,1103,16,6298
GPP,1104,16,6298
GPP,1105,16,6298
GPP,1106,16,6314
GPP,1107,16,6314
GPP,1108,16,6330
GPP,1109,16,6330
GPP,1110,16,6330
GPP,1111,16,6345
GPP,1112,16,6345
GPP,1113,16,6345
GPP,1114,16,6361
GPP,1115,16,6361
GPP,1116,16,6361
GPP,1117,16,6377
GPP,1118,16,6377
GPP,1119,16,6393
GPP,1120,16,6399
GPP,1121,16,6401
GPP,1122,16,6408
GPP,1123,16,6408
GPP,1124,16,6408
GPP,1125,16,6424
GPP,1126,16,6424
GPP,1127,16,6440
GPP,1128,16,6440
GPP,1129,16,6440
GPP,1130,16,6456
GPP,1131,16,6456
GPP,1132,16,6456
GPP,1133,16,6471
GPP,1134,16,6471
GPP,1135,16,6487
GPP,1136,16,6487
GPP,1137,16,6487
GPP,1138,16,6503
GPP,1139,16,6503
GPP,1140,16,6503
GPP,1141,16,6518
GPP,1142,16,6518
GPP,1143,16,6534
GPP,1144,16,6534
GPP,1145,16,6534
GPP,1146,16,6550
GPP,1147,16,6550
GPP,1148,16,6550
GPP,1149,16,6565
GPP,1150,16,6565
GPP,1151,16,6565
GPP,1152,16,6581
GPP,1153,16,6581
GPP,1154,16,6597
GPP,1155,16,6597
GPP,1156,16,6597
GPP,1157,16,6613
GPP,1158,16,6613
GPP,1159,16,6613
GPP,1160,16,6628
GPP,1161,16,6628
GPP,1162,16,6644
GPP,1163,16,6644
GPP,1164,16,6644
GPP,1165,16,6660
GPP,1166,16,6660
GPP,1167,16,6660
GPP,1168,16,6675
GPP,1169,16,6675
GPP,1170,16,6691
GPP,1171,16,6691
GPP,1172,16,6691
GPP,1173,16,6707
GPP,1174,16,6707
GPP,1175,16,6707
GPP,1176,16,6722
GPP,1177,16,6722
GPP,1178,16,6738
GPP,1179,16,6738
GPP,1180,16,6738
GPP,1181,16,6754
GPP,1182,16,6754
GPP,1183,16,6754
GPP,1184,16,6769
GPP,1185,16,6769
GPP,1186,16,6785
GPP,1187,16,6785
GPP,1188,16,6785
GPP,1189,16,6801
GPP,1190,16,6801
GPP,1191,16,6801
GPP,1192,16,6816
GPP,1193,16,6816
GPP,1194,16,6832
GPP,1195,16,6832
GPP,1196,16,6832
GPP,1197,16,6848
GPP,1198,16,6848
GPP,1199,16,6848
GPP,1200,16,6863
GPP,1201,16,6863
GPP,1202,16,6879
GPP,1203,16,6879
GPP,1204,16,6879
GPP,1205,16,6895
GPP,1206,16,6895
GPP,1207,16,6895
GPP,1208,16,6911
GPP,1209,16,6911
GPP,1210,16,6911
GPP,1211,16,6926
GPP,1212,16,6926
GPP,1213,16,6942
GPP,1214,16,6944
GPP,1215,16,6944
GPP,1216,16,6958
GPP,1217,16,6958
GPP,1218,16,6973
GPP,1219,16,6973
GPP,1220,16,6973
GPP,1221,16,6989
GPP,1222,16,6989
GPP,1223,16,6989
GPP,1224,16,7005
GPP,1225,16,7005
GPP,1226,16,7021
GPP,1227,16,7021
GPP,1228,16,7021
GPP,1229,16,7036
GPP,1230,16,7036
GPP,1231,16,7036
GPP,1232,16,7052
GPP,1233,16,7052
GPP,1234,16,7068
GPP,1235,16,7068
GPP,1236,16,7068
GPP,1237,16,7084
GPP,1238,16,7084
GPP,1239,16,7084
GPP,1240,16,7099
GPP,1241,16,7099
GPP,1242,16,7099
GPP,1243,16,7115
GPP,1244,16,7115
GPP,1245,16,7131
GPP,1246,16,7131
GPP,1247,16,7131
GPP,1248,16,7146
GPP,1249,16,7146
GPP,1250,16,7146
GPP,1251,16,7162
GPP,1252,16,7162
GPP,1253,16,7178
GPP,1254,16,7178
GPP,1255,16,7178
GPP,1256,16,7193
GPP,1257,16,7193
GPP,1258,16,7193
GPP,1259,16,7209
GPP,1260,16,7209
GPP,1261,16,7225
GPP,1262,16,7225
GPP,1263,16,7225
GPP,1264,16,7240
GPP,1265,16,7240
GPP,1266,16,7240
GPP,1267,16,7256
GPP,1268,16,7256
GPP,1269,16,7272
GPP,1270,16,7272
GPP,1271,16,7272
GPP,1272,16,7287
GPP,1273,16,7287
GPP,1274,16,7287
GPP,1275,16,7303
GPP,1276,16,7303
GPP,1277,16,7303
GPP,1278,16,7319
GPP,1279,16,7319
GPP,1280,16,7335
GPP,1281,16,7335
GPP,1282,16,7335
GPP,1283,16,7350
GPP,1284,16,7350
GPP,1285,16,7350
GPP,1286,16,7366
GPP,1287,16,7366
GPP,1288,16,7382
GPP,1289,16,7382
GPP,1290,16,7382
GPP,1291,16,7397
GPP,1292,16,7397
GPP,1293,16,7397
GPP,1294,16,7416
GPP,1295,16,7421
GPP,1296,16,7421
GPP,1297,16,7429
GPP,1298,16,7429
GPP,1299,16,7444
GPP,1300,16,7444
GPP,1301,16,7444
GPP,1302,16,7460
GPP,1303,16,7460
GPP,1304,16,7460
GPP,1305,16,7476
GPP,1306,16,7476
GPP,1307,16,7491
GPP,1308,16,7491
GPP,1309,16,7491
GPP,1310,16,7507
GPP,1311,16,7507
GPP,1312,16,7523
GPP,1313,16,7523
GPP,1314,16,7523
GPP,1315,16,7539
GPP,1316,16,7539
GPP,1317,16,7539
GPP,1318,16,7554
GPP,1319,16,7554
GPP,1320,16,7554
GPP,1321,16,7570
GPP,1322,16,7570
GPP,1323,16,7586
GPP,1324,16,7586
GPP,1325,16,7586
GPP,1326,16,7601
GPP,1327,16,7601
GPP,1328,16,7601
GPP,1329,16,7617
GPP,1330,16,7617
GPP,1331,16,7617
GPP,1332,16,7633
GPP,1333,16,7633
GPP,1334,16,7649
GPP,1335,16,7649
GPP,1336,16,7649
GPP,1337,16,7664
GPP,1338,16,7664
GPP,1339,16,7664
GPP,1340,16,7680
GPP,1341,16,7680
GPP,1342,16,7696
GPP,1343,16,7696
GPP,1344,16,7696
GPP,1345,16,7711
GPP,1346,16,7711
GPP,1347,16,7711
GPP,1348,16,7727
GPP,1349,16,7727
GPP,1350,16,7727
GPP,1351,16,7743
GPP,1352,16,7743
GPP,1353,16,7758
GPP,1354,16,7764
GPP,1355,16,7766
GPP,1356,16,7774
GPP,1357,16,7774
GPP,1358,16,7774
GPP,1359,16,7790
GPP,1360,16,7790
GPP,1361,16,7806
GPP,1362,16,7806
GPP,1363,16,7806
GPP,1364,16,7821
GPP,1365,16,7821
GPP,1366,16,7821
GPP,1367,16,7837
GPP,1368,16,7837
GPP,1369,16,7837
GPP,1370,16,7853
GPP,1371,16,7853
GPP,1372,16,7868
GPP,1373,16,7868
GPP,1374,16,7868
GPP,1375,16,7884
GPP,1376,16,7884
GPP,1377,16,7884
GPP,1378,16,7900
GPP,1379,16,7900
GPP,1380,16,7915
GPP,1381,16,7915
GPP,1382,16,7915
GPP,1383,16,7931
GPP,1384,16,7931
GPP,1385,16,7931
GPP,1386,16,7947
GPP,1387,16,7947
GPP,1388,16,7963
GPP,1389,16,7963
GPP,1390,16,7963
GPP,1391,16,7978
GPP,1392,16,7978
GPP,1393,16,7978
GPP,1394,16,7994
GPP,1395,16,7994
GPP,1396,16,8010
GPP,1397,16,8010
GPP,1398,16,8010
GPP,1399,16,8025
GPP,1400,16,8025
GPP,1401,16,8025
GPP,1402,16,8041
GPP,1403,16,8041
GPP,1404,16,8057
GPP,1405,16,8057
GPP,1406,16,8057
GPP,1407,16,8072
GPP,1408,16,8072
GPP,1409,16,8072
GPP,1410,16,8088
GPP,1411,16,8088
GPP,1412,16,8088
GPP,1413,16,8104
GPP,1414,16,8104
GPP,1415,16,8120
GPP,1416,16,8120
GPP,1417,16,8120
GPP,1418,16,8135
GPP,1419,16,8135
GPP,1420,16,8135
GPP,1421,16,8151
GPP,1422,16,8151
GPP,1423,16,8167
GPP,1424,16,8167
GPP,1425,16,8167
GPP,1426,16,8182
GPP,1427,16,8182
GPP,1428,16,8182
GPP,1429,16,8198
GPP,1430,16,8198
GPP,1431,16,8198
GPP,1432,16,8214
GPP,1433,16,8214
GPP,1434,16,8229
GPP,1435,16,8229
GPP,1436,16,8229
GPP,1437,16,8245
GPP,1438,16,8245
GPP,1439,16,8245
GPP,1440,16,8261
GPP,1441,16,8261
GPP,1442,16,8277
GPP,1443,16,8277
GPP,1444,16,8277
GPP,1445,16,8292
GPP,1446,16,8292
GPP,1447,16,8292
GPP,1448,16,8308
GPP,1449,16,8308
GPP,1450,16,8308
GPP,1451,16,8324
GPP,1452,16,8324
GPP,1453,16,8340
GPP,1454,16,8340
GPP,1455,16,8340
GPP,1456,16,8355
GPP,1457,16,8355
GPP,1458,16,8355
GPP,1459,16,8371
GPP,1460,16,8371
GPP,1461,16,8371
GPP,1462,16,8387
GPP,1463,16,8387
GPP,1464,16,8402
GPP,1465,16,8402
GPP,1466,16,8402
GPP,1467,16,8418
GPP,1468,16,8418
GPP,1469,16,8418
GPP,1470,16,8434
GPP,1471,16,8434
GPP,1472,16,8450
GPP,1473,16,8450
GPP,1474,16,8450
GPP,1475,16,8465
GPP,1476,16,8465
GPP,1477,16,8465
GPP,1478,16,8481
GPP,1479,16,8481
GPP,1480,16,8481
GPP,1481,16,8497
GPP,1482,16,8497
GPP,1483,16,8512
GPP,1484,16,8512
GPP,1485,16,8512
GPP,1486,16,8528
GPP,1487,16,8528
GPP,1488,16,8528
GPP,1489,16,8544
GPP,1490,16,8544
GPP,1491,16,8560
GPP,1492,16,8560
GPP,1493,16,8560
GPP,1494,16,8575
GPP,1495,16,8575
GPP,1496,16,8575
GPP,1497,16,8591
GPP,1498,16,8591
GPP,1499,16,8591
GPP,1500,16,8607
GPP,1501,16,8607
GPP,1502,16,8622
GPP,1503,16,8622
GPP,1504,16,8622
GPP,1505,16,8638
GPP,1506,16,8638
GPP,1507,16,8638
GPP,1508,16,8654
GPP,1509,16,8654
GPP,1510,16,8654
GPP,1511,16,8669
GPP,1512,16,8669
GPP,1513,16,8685
GPP,1514,16,8685
GPP,1515,16,8685
GPP,1516,16,8701
GPP,1517,16,8701
GPP,1518,16,8701
GPP,1519,16,8717
GPP,1520,16,8717
GPP,1521,16,8732
GPP,1522,16,8732
GPP,1523,16,8732
GPP,1524,16,8748
GPP,1525,16,8748
GPP,1526,16,8748
GPP,1527,16,8764
GPP,1528,16,8764
GPP,1529,16,8764
GPP,1530,16,8779
GPP,1531,16,8779
GPP,1532,16,8795
GPP,1533,16,8795
GPP,1534,16,8795
GPP,1535,16,8811
GPP,1536,16,8811
GPP,1537,16,8811
GPP,1538,16,8827
GPP,1539,16,8827
GPP,1540,16,8842
GPP,1541,16,8842
GPP,1542,16,8842
GPP,1543,16,8858
GPP,1544,16,8858
GPP,1545,16,8858
GPP,1546,16,8874
GPP,1547,16,8874
GPP,1548,16,8874
GPP,1549,16,8889
GPP,1550,16,8889
GPP,1551,16,8905
GPP,1552,16,8905
GPP,1553,16,8905
GPP,1554,16,8921
GPP,1555,16,8921
GPP,1556,16,8921
GPP,1557,16,8936
GPP,1558,16,8936
GPP,1559,16,8952
GPP,1560,16,8952
GPP,1561,16,8952
GPP,1562,16,8968
GPP,1563,16,8968
GPP,1564,16,8968
GPP,1565,16,8984
GPP,1566,16,8984
GPP,1567,16,8984
GPP,1568,16,8999
GPP,1569,16,8999
GPP,1570,16,9015
GPP,1571,16,9015
GPP,1572,16,9015
GPP,1573,16,9031
GPP,1574,16,9031
GPP,1575,16,9031
GPP,1576,16,9046
GPP,1577,16,9046
GPP,1578,16,9062
GPP,1579,16,9062
GPP,1580,16,9062
GPP,1581,16,9078
GPP,1582,16,9078
GPP,1583,16,9078
GPP,1584,16,9093
GPP,1585,16,9093
GPP,1586,16,9093
GPP,1587,16,9109
GPP,1588,16,9109
GPP,1589,16,9125
GPP,1590,16,9132
GPP,1591,16,9133
GPP,1592,16,9140
GPP,1593,16,9140
GPP,1594,16,9140
GPP,1595,16,9156
GPP,1596,16,9156
GPP,1597,16,9172
GPP,1598,16,9172
GPP,1599,16,9172
GPP,1600,16,9188
GPP,1601,16,9188
GPP,1602,16,9188
GPP,1603,16,9203
GPP,1604,16,9203
GPP,1605,16,9203
GPP,1606,16,9219
GPP,1607,16,9219
GPP,1608,16,9235
GPP,1609,16,9235
GPP,1610,16,9235
GPP,1611,16,9251
GPP,1612,16,9251
GPP,1613,16,9251
GPP,1614,16,9266
GPP,1615,16,9266
GPP,1616,16,9282
GPP,1617,16,9282
GPP,1618,16,9282
GPP,1619,16,9298
GPP,1620,16,9298
GPP,1621,16,9298
GPP,1622,16,9313
GPP,1623,16,9313
GPP,1624,16,9313
GPP,1625,16,9329
GPP,1626,16,9329
GPP,1627,16,9345
GPP,1628,16,9345
GPP,1629,16,9345
GPP,1630,16,9360
GPP,1631,16,9360
GPP,1632,16,9360
GPP,1633,16,9376
GPP,1634,16,9376
GPP,1635,16,9392
GPP,1636,16,9392
GPP,1637,16,9392
GPP,1638,16,9408
GPP,1639,16,9408
GPP,1640,16,9408
GPP,1641,16,9423
GPP,1642,16,9423
GPP,1643,16,9423
GPP,1644,16,9439
GPP,1645,16,9439
GPP,1646,16,9455
GPP,1647,16,9455
GPP,1648,16,9455
GPP,1649,16,9470
GPP,1650,16,9470
GPP,1651,16,9470
GPP,1652,16,9486
GPP,1653,16,9486
GPP,1654,16,9502
GPP,1655,16,9502
GPP,1656,16,9502
GPP,1657,16,9518
GPP,1658,16,9518
GPP,1659,16,9533
GPP,1660,16,9533
GPP,1661,16,9533
GPP,1662,16,9549
GPP,1663,16,9549
GPP,1664,16,9549
GPP,1665,16,9565
GPP,1666,16,9565
GPP,1667,16,9580
GPP,1668,16,9580
GPP,1669,16,9580
GPP,1670,16,9596
GPP,1671,16,9596
GPP,1672,16,9596
GPP,1673,16,9612
GPP,1674,16,9612
GPP,1675,16,9627
GPP,1676,16,9627
GPP,1677,16,9627
GPP,1678,16,9643
GPP,1679,16,9643
GPP,1680,16,9643
GPP,1681,16,9659
GPP,1682,16,9659
GPP,1683,16,9659
GPP,1684,16,9675
GPP,1685,16,9675
GPP,1686,16,9690
GPP,1687,16,9690
GPP,1688,16,9690
GPP,1689,16,9706
GPP,1690,16,9706
GPP,1691,16,9706
GPP,1692,16,9721
GPP,1693,16,9721
GPP,1694,16,9737
GPP,1695,16,9737
GPP,1696,16,9737
GPP,1697,16,9753
GPP,1698,16,9753
GPP,1699,16,9753
GPP,1700,16,9769
GPP,1701,16,9769
GPP,1702,16,9769
GPP,1703,16,9784
GPP,1704,16,9784
GPP,1705,16,9800
GPP,1706,16,9800
GPP,1707,16,9800
GPP,1708,16,9816
GPP,1709,16,9816
GPP,1710,16,9816
GPP,1711,16,9832
GPP,1712,16,9832
GPP,1713,16,9847
GPP,1714,16,9847
GPP,1715,16,9847
GPP,1716,16,9863
GPP,1717,16,9863
GPP,1718,16,9863
GPP,1719,16,9879
GPP,1720,16,9879
GPP,1721,16,9879
GPP,1722,16,9894
GPP,1723,16,9894
GPP,1724,16,9910
GPP,1725,16,9910
GPP,1726,16,9910
GPP,1727,16,9926
GPP,1728,16,9926
GPP,1729,16,9926
GPP,1730,16,9942
GPP,1731,16,9942
GPP,1732,16,9957
GPP,1733,16,9957
GPP,1734,16,9957
GPP,1735,16,9973
GPP,1736,16,9973
GPP,1737,16,9973
GPP,1738,16,9989
GPP,1739,16,9989
GPP,1740,16,9989
GPP,1741,16,10004
GPP,1742,16,10004
GPP,1743,16,10020
GPP,1744,16,10020
GPP,1745,16,10020
GPP,1746,16,10036
GPP,1747,16,10036
GPP,1748,16,10036
GPP,1749,16,10051
GPP,1750,16,10051
GPP,1751,16,10067
GPP,1752,16,10067
GPP,1753,16,10067
GPP,1754,16,10083
GPP,1755,16,10083
GPP,1756,16,10083
GPP,1757,16,10098
GPP,1758,16,10098
GPP,1759,16,10098
GPP,1760,16,10114
GPP,1761,16,10114
GPP,1762,16,10130
GPP,1763,16,10130
GPP,1764,16,10130
GPP,1765,16,10146
GPP,1766,16,10146
GPP,1767,16,10146
GPP,1768,16,10161
GPP,1769,16,10161
GPP,1770,16,10177
GPP,1771,16,10177
GPP,1772,16,10177
GPP,1773,16,10193
GPP,1774,16,10193
GPP,1775,16,10193
GPP,1776,16,10208
GPP,1777,16,10208
GPP,1778,16,10208
GPP,1779,16,10224
GPP,1780,16,10224
GPP,1781,16,10240
GPP,1782,16,10240
GPP,1783,16,10240
GPP,1784,16,10256
GPP,1785,16,10256
GPP,1786,16,10256
GPP,1787,16,10271
GPP,1788,16,10271
GPP,1789,16,10271
GPP,1790,16,10287
GPP,1791,16,10287
GPP,1792,16,10303
GPP,1793,16,10303
GPP,1794,16,10303
GPP,1795,16,10318
GPP,1796,16,10318
GPP,1797,16,10318
GPP,1798,16,10334
GPP,1799,16,10334
GPP,1800,16,10350
GPP,1801,16,10350
GPP,1802,16,10350
GPP,1803,16,10365
GPP,1804,16,10365
GPP,1805,16,10365
GPP,1806,16,10381
GPP,1807,16,10381
GPP,1808,16,10381
GPP,1809,16,10397
GPP,1810,16,10397
GPP,1811,16,10413
GPP,1812,16,10413
GPP,1813,16,10413
GPP,1814,16,10428
GPP,1815,16,10428
GPP,1816,16,10428
GPP,1817,16,10444
GPP,1818,16,10444
GPP,1819,16,10460
GPP,1820,16,10460
GPP,1821,16,10460
GPP,1822,16,10475
GPP,1823,16,10475
GPP,1824,16,10475
GPP,1825,16,10494
GPP,1826,16,10499
GPP,1827,16,10499
GPP,1828,16,10507
GPP,1829,16,10507
GPP,1830,16,10522
GPP,1831,16,10522
GPP,1832,16,10522
GPP,1833,16,10538
GPP,1834,16,10538
GPP,1835,16,10538
GPP,1836,16,10554
GPP,1837,16,10554
GPP,1838,16,10570
GPP,1839,16,10570
GPP,1840,16,10570
GPP,1841,16,10585
GPP,1842,16,10585
GPP,1843,16,10585
GPP,1844,16,10601
GPP,1845,16,10601
GPP,1846,16,10601
GPP,1847,16,10617
GPP,1848,16,10617
GPP,1849,16,10632
GPP,1850,16,10632
GPP,1851,16,10632
GPP,1852,16,10648
GPP,1853,16,10648
GPP,1854,16,10648
GPP,1855,16,10664
GPP,1856,16,10664
GPP,1857,16,10679
GPP,1858,16,10679
GPP,1859,16,10679
GPP,1860,16,10695
GPP,1861,16,10695
GPP,1862,16,10695
GPP,1863,16,10711
GPP,1864,16,10711
GPP,1865,16,10711
GPP,1866,16,10726
GPP,1867,16,10726
GPP,1868,16,10742
GPP,1869,16,10742
GPP,1870,16,10742
GPP,1871,16,10758
GPP,1872,16,10758
GPP,1873,16,10758
GPP,1874,16,10773
GPP,1875,16,10773
GPP,1876,16,10773
GPP,1877,16,10789
GPP,1878,16,10789
GPP,1879,16,10805
GPP,1880,16,10805
GPP,1881,16,10805
GPP,1882,16,10820
GPP,1883,16,10820
GPP,1884,16,10820
GPP,1885,16,10836
GPP,1886,16,10836
GPP,1887,16,10852
GPP,1888,16,10852
GPP,1889,16,10852
GPP,1890,16,10868
GPP,1891,16,10868
GPP,1892,16,10868
GPP,1893,16,10883
GPP,1894,16,10883
GPP,1895,16,10883
GPP,1896,16,10899
GPP,1897,16,10899
GPP,1898,16,10915
GPP,1899,16,10915
GPP,1900,16,10915
GPP,1901,16,10932
GPP,1902,16,10932
GPP,1903,16,10932
GPP,1904,16,10947
GPP,1905,16,10947
GPP,1906,16,10962
GPP,1907,16,10962
GPP,1908,16,10962
GPP,1909,16,10978
GPP,1910,16,10978
GPP,1911,16,10978
GPP,1912,16,10994
GPP,1913,16,10994
GPP,1914,16,11009
GPP,1915,16,11009
GPP,1916,16,11009
GPP,1917,16,11025
GPP,1918,16,11025
GPP,1919,16,11025
GPP,1920,16,11041
GPP,1921,16,11041
GPP,1922,16,11041
GPP,1923,16,11057
GPP,1924,16,11057
GPP,1925,16,11072
GPP,1926,16,11072
GPP,1927,16,11072
GPP,1928,16,11088
GPP,1929,16,11088
GPP,1930,16,11088
GPP,1931,16,11104
GPP,1932,16,11104
GPP,1933,16,11119
GPP,1934,16,11119
GPP,1935,16,11119
GPP,1936,16,11135
GPP,1937,16,11135
GPP,1938,16,11135
GPP,1939,16,11151
GPP,1940,16,11151
GPP,1941,16,11151
GPP,1942,16,11166
GPP,1943,16,11166
GPP,1944,16,11182
GPP,1945,16,11182
GPP,1946,16,11182
GPP,1947,16,11198
GPP,1948,16,11198
GPP,1949,16,11198
GPP,1950,16,11214
GPP,1951,16,11214
GPP,1952,16,11229
GPP,1953,16,11229
GPP,1954,16,11229
GPP,1955,16,11245
GPP,1956,16,11245
GPP,1957,16,11245
GPP,1958,16,11261
GPP,1959,16,11261
GPP,1960,16,11261
GPP,1961,16,11277
GPP,1962,16,11277
GPP,1963,16,11292
GPP,1964,16,11292
GPP,1965,16,11292
GPP,1966,16,11308
GPP,1967,16,11308
GPP,1968,16,11308
GPP,1969,16,11324
GPP,1970,16,11324
GPP,1971,16,11324
GPP,1972,16,11339
GPP,1973,16,11339
GPP,1974,16,11355
GPP,1975,16,11355
GPP,1976,16,11355
GPP,1977,16,11371
GPP,1978,16,11371
GPP,1979,16,11371
GPP,1980,16,11387
GPP,1981,16,11387
GPP,1982,16,11387
GPP,1983,16,11402
GPP,1984,16,11402
GPP,1985,16,11418
GPP,1986,16,11418
GPP,1987,16,11418
GPP,1988,16,11434
GPP,1989,16,11434
GPP,1990,16,11434
GPP,1991,16,11449
GPP,1992,16,11449
GPP,1993,16,11465
GPP,1994,16,11465
GPP,1995,16,11465
GPP,1996,16,11481
GPP,1997,16,11481
GPP,1998,16,11481
GPP,1999,16,11497
GPP,2000,16,11497
GPP,2001,16,11497
GPP,2002,16,11512
GPP,2003,16,11512
GPP,2004,16,11528
GPP,2005,16,11528
GPP,2006,16,11528
GPP,2007,16,11544
GPP,2008,16,11544
GPP,2009,16,11544
GPP,2010,16,11559
GPP,2011,16,11559
GPP,2012,16,11575
GPP,2013,16,11575
GPP,2014,16,11575
GPP,2015,16,11591
GPP,2016,16,11591
GPP,2017,16,11591
GPP,2018,16,11606
GPP,2019,16,11606
GPP,2020,16,11622
GPP,2021,16,11622
GPP,2022,16,11622
GPP,2023,16,11638
GPP,2024,16,11638
GPP,2025,16,11638
GPP,2026,16,11653
GPP,2027,16,11653
GPP,2028,16,11653
GPP,2029,16,11669
GPP,2030,16,11669
GPP,2031,16,11685
GPP,2032,16,11685
GPP,2033,16,11685
GPP,2034,16,11700
GPP,2035,16,11700
GPP,2036,16,11700
GPP,2037,16,11716
GPP,2038,16,11716
GPP,2039,16,11716
GPP,2040,16,11732
GPP,2041,16,11732
GPP,2042,16,11747
GPP,2043,16,11747
GPP,2044,16,11747
GPP,2045,16,11763
GPP,2046,16,11763
GPP,2047,16,11763
GPP,2048,16,11779
GPP,2049,16,11779
GPP,2050,16,11794
GPP,2051,16,11794
GPP,2052,16,11794
GPP,2053,16,11810
GPP,2054,16,11810
GPP,2055,16,11810
GPP,2056,16,11826
GPP,2057,16,11826
GPP,2058,16,11826
GPP,2059,16,11841
GPP,2060,16,11841
GPP,2061,16,11857
GPP,2062,16,11864
GPP,2063,16,11865
GPP,2064,16,11873
GPP,2065,16,11873
GPP,2066,16,11873
GPP,2067,16,11889
GPP,2068,16,11889
GPP,2069,16,11904
GPP,2070,16,11904
GPP,2071,16,11904
GPP,2072,16,11920
GPP,2073,16,11920
GPP,2074,16,11920
GPP,2075,16,11936
GPP,2076,16,11936
GPP,2077,16,11936
GPP,2078,16,11951
GPP,2079,16,11951
GPP,2080,16,11967
GPP,2081,16,11967
GPP,2082,16,11967
GPP,2083,16,11983
GPP,2084,16,11983
GPP,2085,16,11983
GPP,2086,16,11998
GPP,2087,16,11998
GPP,2088,16,12014
GPP,2089,16,12014
GPP,2090,16,12014
GPP,2091,16,12030
GPP,2092,16,12030
GPP,2093,16,12030
GPP,2094,16,12045
GPP,2095,16,12045
GPP,2096,16,12045
GPP,2097,16,12061
GPP,2098,16,12061
GPP,2099,16,12077
GPP,2100,16,12077
GPP,2101,16,12077
GPP,2102,16,12092
GPP,2103,16,12092
GPP,2104,16,12092
GPP,2105,16,12108
GPP,2106,16,12108
GPP,2107,16,12124
GPP,2108,16,12124
GPP,2109,16,12124
GPP,2110,16,12139
GPP,2111,16,12139
GPP,2112,16,12139
GPP,2113,16,12155
GPP,2114,16,12155
GPP,2115,16,12171
GPP,2116,16,12171
GPP,2117,16,12171
GPP,2118,16,12187
GPP,2119,16,12187
GPP,2120,16,12187
GPP,2121,16,12202
GPP,2122,16,12202
GPP,2123,16,12218
GPP,2124,16,12218
GPP,2125,16,12218
GPP,2126,16,12234
GPP,2127,16,12234
GPP,2128,16,12234
GPP,2129,16,12249
GPP,2130,16,12249
GPP,2131,16,12265
GPP,2132,16,12265
GPP,2133,16,12265
GPP,2134,16,12281
GPP,2135,16,12281
GPP,2136,16,12281
GPP,2137,16,12296
GPP,2138,16,12296
GPP,2139,16,12296
GPP,2140,16,12312
GPP,2141,16,12312
GPP,2142,16,12328
GPP,2143,16,12328
GPP,2144,16,12328
GPP,2145,16,12344
GPP,2146,16,12344
GPP,2147,16,12344
GPP,2148,16,12359
GPP,2149,16,12359
GPP,2150,16,12375
GPP,2151,16,12375
GPP,2152,16,12375
GPP,2153,16,12391
GPP,2154,16,12391
GPP,2155,16,12391
GPP,2156,16,12406
GPP,2157,16,12406
GPP,2158,16,12406
GPP,2159,16,12426
GPP,2160,16,12430
GPP,2161,16,12438
GPP,2162,16,12438
GPP,2163,16,12438
GPP,2164,16,12453
GPP,2165,16,12453
GPP,2166,16,12453
GPP,2167,16,12469
GPP,2168,16,12469
GPP,2169,16,12485
GPP,2170,16,12485
GPP,2171,16,12485
GPP,2172,16,12500
GPP,2173,16,12500
GPP,2174,16,12500
GPP,2175,16,12516
GPP,2176,16,12516
GPP,2177,16,12516
GPP,2178,16,12532
GPP,2179,16,12532
GPP,2180,16,12548
GPP,2181,16,12548
GPP,2182,16,12548
GPP,2183,16,12563
GPP,2184,16,12563
GPP,2185,16,12563
GPP,2186,16,12579
GPP,2187,16,12579
GPP,2188,16,12579
GPP,2189,16,12595
GPP,2190,16,12595
GPP,2191,16,12610
GPP,2192,16,12610
GPP,2193,16,12610
GPP,2194,16,12626
GPP,2195,16,12626
GPP,2196,16,12626
GPP,2197,16,12642
GPP,2198,16,12642
GPP,2199,16,12657
GPP,2200,16,12657
GPP,2201,16,12657
GPP,2202,16,12673
GPP,2203,16,12673
GPP,2204,16,12689
GPP,2205,16,12689
GPP,2206,16,12689
GPP,2207,16,12704
GPP,2208,16,12704
GPP,2209,16,12704
GPP,2210,16,12720
GPP,2211,16,12720
GPP,2212,16,12720
GPP,2213,16,12736
GPP,2214,16,12736
GPP,2215,16,12752
GPP,2216,16,12752
GPP,2217,16,12752
GPP,2218,16,12767
GPP,2219,16,12767
GPP,2220,16,12767
GPP,2221,16,12783
GPP,2222,16,12783
GPP,2223,16,12799
GPP,2224,16,12799
GPP,2225,16,12799
GPP,2226,16,12814
GPP,2227,16,12814
GPP,2228,16,12814
GPP,2229,16,12830
GPP,2230,16,12830
GPP,2231,16,12846
GPP,2232,16,12846
GPP,2233,16,12846
GPP,2234,16,12862
GPP,2235,16,12862
GPP,2236,16,12862
GPP,2237,16,12877
GPP,2238,16,12877
GPP,2239,16,12893
GPP,2240,16,12893
GPP,2241,16,12893
GPP,2242,16,12909
GPP,2243,16,12909
GPP,2244,16,12909
GPP,2245,16,12924
GPP,2246,16,12924
GPP,2247,16,12924
GPP,2248,16,12940
GPP,2249,16,12940
GPP,2250,16,12956
GPP,2251,16,12956
GPP,2252,16,12956
GPP,2253,16,12972
GPP,2254,16,12972
GPP,2255,16,12972
GPP,2256,16,12987
GPP,2257,16,12987
GPP,2258,16,13003
GPP,2259,16,13003
GPP,2260,16,13003
GPP,2261,16,13019
GPP,2262,16,13019
GPP,2263,16,13019
GPP,2264,16,13034
GPP,2265,16,13034
GPP,2266,16,13050
GPP,2267,16,13050
GPP,2268,16,13050
GPP,2269,16,13066
GPP,2270,16,13066
GPP,2271,16,13066
GPP,2272,16,13081
GPP,2273,16,13081
GPP,2274,16,13081
GPP,2275,16,13097
GPP,2276,16,13097
GPP,2277,16,13113
GPP,2278,16,13113
GPP,2279,16,13113
GPP,2280,16,13129
GPP,2281,16,13129
GPP,2282,16,13129
GPP,2283,16,13144
GPP,2284,16,13144
GPP,2285,16,13160
GPP,2286,16,13160
GPP,2287,16,13160
GPP,2288,16,13176
GPP,2289,16,13176
GPP,2290,16,13176
GPP,2291,16,13191
GPP,2292,16,13191
GPP,2293,16,13191
GPP,2294,16,13209
GPP,2295,16,13209
GPP,2296,16,13223
GPP,2297,16,13223
GPP,2298,16,13223
GPP,2299,16,13239
GPP,2300,16,13239
GPP,2301,16,13239
GPP,2302,16,13254
GPP,2303,16,13254
GPP,2304,16,13270
GPP,2305,16,13270
GPP,2306,16,13270
GPP,2307,16,13286
GPP,2308,16,13286
GPP,2309,16,13286
GPP,2310,16,13301
GPP,2311,16,13301
GPP,2312,16,13301
GPP,2313,16,13317
GPP,2314,16,13317
GPP,2315,16,13333
GPP,2316,16,13333
GPP,2317,16,13333
GPP,2318,16,13348
GPP,2319,16,13348
GPP,2320,16,13348
GPP,2321,16,13364
GPP,2322,16,13364
GPP,2323,16,13380
GPP,2324,16,13380
GPP,2325,16,13380
GPP,2326,16,13395
GPP,2327,16,13395
GPP,2328,16,13395
GPP,2329,16,13411
GPP,2330,16,13411
GPP,2331,16,13411
GPP,2332,16,13427
GPP,2333,16,13427
GPP,2334,16,13442
GPP,2335,16,13442
GPP,2336,16,13442
GPP,2337,16,13458
GPP,2338,16,13458
GPP,2339,16,13458
GPP,2340,16,13474
GPP,2341,16,13474
GPP,2342,16,13474
GPP,2343,16,13490
GPP,2344,16,13490
GPP,2345,16,13505
GPP,2346,16,13505
GPP,2347,16,13505
GPP,2348,16,13521
GPP,2349,16,13521
GPP,2350,16,13521
GPP,2351,16,13537
GPP,2352,16,13537
GPP,2353,16,13552
GPP,2354,16,13552
GPP,2355,16,13552
GPP,2356,16,13568
GPP,2357,16,13568
GPP,2358,16,13568
GPP,2359,16,13584
GPP,2360,16,13584
GPP,2361,16,13599
GPP,2362,16,13599
GPP,2363,16,13599
GPP,2364,16,13615
GPP,2365,16,13615
GPP,2366,16,13615
GPP,2367,16,13631
GPP,2368,16,13631
GPP,2369,16,13631
GPP,2370,16,13647
GPP,2371,16,13647
GPP,2372,16,13662
GPP,2373,16,13662
GPP,2374,16,13662
GPP,2375,16,13678
GPP,2376,16,13678
GPP,2377,16,13678
GPP,2378,16,13694
GPP,2379,16,13694
GPP,2380,16,13709
GPP,2381,16,13709
GPP,2382,16,13709
GPP,2383,16,13725
GPP,2384,16,13725
GPP,2385,16,13725
GPP,2386,16,13741
GPP,2387,16,13741
GPP,2388,16,13741
GPP,2389,16,13756
GPP,2390,16,13756
GPP,2391,16,13772
GPP,2392,16,13772
GPP,2393,16,13772
GPP,2394,16,13788
GPP,2395,16,13788
GPP,2396,16,13788
GPP,2397,16,13803
GPP,2398,16,13803
GPP,2399,16,13819
GPP,2400,16,13819
GPP,2401,16,13819
GPP,2402,16,13835
GPP,2403,16,13835
GPP,2404,16,13835
GPP,2405,16,13850
GPP,2406,16,13850
GPP,2407,16,13850
GPP,2408,16,13866
GPP,2409,16,13866
GPP,2410,16,13882
GPP,2411,16,13882
GPP,2412,16,13882
GPP,2413,16,13898
GPP,2414,16,13898
GPP,2415,16,13898
GPP,2416,16,13913
GPP,2417,16,13913
GPP,2418,16,13929
GPP,2419,16,13929
GPP,2420,16,13929
GPP,2421,16,13945
GPP,2422,16,13945
GPP,2423,16,13945
GPP,2424,16,13960
GPP,2425,16,13960
GPP,2426,16,13976
GPP,2427,16,13976
GPP,2428,16,13976
GPP,2429,16,13992
GPP,2430,16,13992
GPP,2431,16,13992
GPP,2432,16,14007
GPP,2433,16,14007
GPP,2434,16,14007
GPP,2435,16,14023
GPP,2436,16,14023
GPP,2437,16,14039
GPP,2438,16,14039
GPP,2439,16,14039
GPP,2440,16,14055
GPP,2441,16,14055
GPP,2442,16,14055
GPP,2443,16,14070
GPP,2444,16,14070
GPP,2445,16,14070
GPP,2446,16,14086
GPP,2447,16,14086
GPP,2448,16,14102
GPP,2449,16,14102
GPP,2450,16,14102
GPP,2451,16,14117
GPP,2452,16,14117
GPP,2453,16,14117
GPP,2454,16,14133
GPP,2455,16,14133
GPP,2456,16,14149
GPP,2457,16,14149
GPP,2458,16,14149
GPP,2459,16,14164
GPP,2460,16,14164
GPP,2461,16,14164
GPP,2462,16,14180
GPP,2463,16,14180
GPP,2464,16,14196
GPP,2465,16,14196
GPP,2466,16,14196
GPP,2467,16,14212
GPP,2468,16,14212
GPP,2469,16,14212
GPP,2470,16,14227
GPP,2471,16,14227
GPP,2472,16,14243
GPP,2473,16,14243
GPP,2474,16,14243
GPP,2475,16,14258
GPP,2476,16,14258
GPP,2477,16,14258
GPP,2478,16,14274
GPP,2479,16,14274
GPP,2480,16,14290
GPP,2481,16,14290
GPP,2482,16,14290
GPP,2483,16,14306
GPP,2484,16,14306
GPP,2485,16,14306
GPP,2486,16,14321
GPP,2487,16,14321
GPP,2488,16,14321
GPP,2489,16,14337
GPP,2490,16,14337
GPP,2491,16,14353
GPP,2492,16,14353
GPP,2493,16,14353
GPP,2494,16,14368
GPP,2495,16,14368
GPP,2496,16,14368
GPP,2497,16,14384
GPP,2498,16,14384
GPP,2499,16,14400
GPP,2500,16,14400
GPP,2501,16,14400
GPP,2502,16,14415
GPP,2503,16,14415
GPP,2504,16,14415
GPP,2505,16,14431
GPP,2506,16,14431
GPP,2507,16,14447
GPP,2508,16,14447
GPP,2509,16,14447
GPP,2510,16,14462
GPP,2511,16,14462
GPP,2512,16,14462
GPP,2513,16,14478
GPP,2514,16,14478
GPP,2515,16,14494
GPP,2516,16,14494
GPP,2517,16,14494
GPP,2518,16,14509
GPP,2519,16,14509
GPP,2520,16,14509
GPP,2521,16,14525
GPP,2522,16,14525
GPP,2523,16,14525
GPP,2524,16,14541
GPP,2525,16,14541
GPP,2526,16,14557
GPP,2527,16,14557
GPP,2528,16,14557
GPP,2529,16,14575
GPP,2530,16,14580
GPP,2531,16,14588
GPP,2532,16,14588
GPP,2533,16,14588
GPP,2534,16,14604
GPP,2535,16,14604
GPP,2536,16,14620
GPP,2537,16,14620
GPP,2538,16,14620
GPP,2539,16,14635
GPP,2540,16,14635
GPP,2541,16,14635
GPP,2542,16,14651
GPP,2543,16,14651
GPP,2544,16,14667
GPP,2545,16,14667
GPP,2546,16,14667
GPP,2547,16,14683
GPP,2548,16,14683
GPP,2549,16,14683
GPP,2550,16,14698
GPP,2551,16,14698
GPP,2552,16,14698
GPP,2553,16,14714
GPP,2554,16,14714
GPP,2555,16,14730
GPP,2556,16,14730
GPP,2557,16,14730
GPP,2558,16,14745
GPP,2559,16,14745
GPP,2560,16,14745
GPP,2561,16,14761
GPP,2562,16,14761
GPP,2563,16,14761
GPP,2564,16,14777
GPP,2565,16,14777
GPP,2566,16,14793
GPP,2567,16,14793
GPP,2568,16,14793
GPP,2569,16,14808
GPP,2570,16,14808
GPP,2571,16,14808
GPP,2572,16,14824
GPP,2573,16,14824
GPP,2574,16,14840
GPP,2575,16,14840
GPP,2576,16,14840
GPP,2577,16,14855
GPP,2578,16,14855
GPP,2579,16,14855
GPP,2580,16,14871
GPP,2581,16,14871
GPP,2582,16,14887
GPP,2583,16,14887
GPP,2584,16,14887
GPP,2585,16,14903
GPP,2586,16,14903
GPP,2587,16,14903
GPP,2588,16,14918
GPP,2589,16,14918
GPP,2590,16,14918
GPP,2591,16,14934
GPP,2592,16,14934
GPP,2593,16,14950
GPP,2594,16,14950
GPP,2595,16,14950
GPP,2596,16,14966
GPP,2597,16,14966
GPP,2598,16,14966
GPP,2599,16,14981
GPP,2600,16,14981
GPP,2601,16,14997
GPP,2602,16,14997
GPP,2603,16,14997
GPP,2604,16,15013
GPP,2605,16,15013
GPP,2606,16,15013
GPP,2607,16,15028
GPP,2608,16,15028
GPP,2609,16,15044
GPP,2610,16,15044
GPP,2611,16,15044
GPP,2612,16,15060
GPP,2613,16,15060
GPP,2614,16,15060
GPP,2615,16,15076
GPP,2616,16,15076
GPP,2617,16,15076
GPP,2618,16,15091
GPP,2619,16,15091
GPP,2620,16,15107
GPP,2621,16,15107
GPP,2622,16,15107
GPP,2623,16,15123
GPP,2624,16,15123
GPP,2625,16,15123
GPP,2626,16,15138
GPP,2627,16,15138
GPP,2628,16,15154
GPP,2629,16,15154
GPP,2630,16,15154
GPP,2631,16,15170
GPP,2632,16,15170
GPP,2633,16,15170
GPP,2634,16,15185
GPP,2635,16,15185
GPP,2636,16,15185
GPP,2637,16,15201
GPP,2638,16,15201
GPP,2639,16,15217
GPP,2640,16,15217
GPP,2641,16,15217
GPP,2642,16,15232
GPP,2643,16,15232
GPP,2644,16,15232
GPP,2645,16,15248
GPP,2646,16,15248
GPP,2647,16,15248
GPP,2648,16,15264
GPP,2649,16,15264
GPP,2650,16,15279
GPP,2651,16,15279
GPP,2652,16,15279
GPP,2653,16,15295
GPP,2654,16,15295
GPP,2655,16,15295
GPP,2656,16,15311
GPP,2657,16,15311
GPP,2658,16,15327
GPP,2659,16,15327
GPP,2660,16,15327
GPP,2661,16,15342
GPP,2662,16,15342
GPP,2663,16,15342
GPP,2664,16,15358
GPP,2665,16,15358
GPP,2666,16,15358
GPP,2667,16,15374
GPP,2668,16,15374
GPP,2669,16,15389
GPP,2670,16,15389
GPP,2671,16,15389
GPP,2672,16,15405
GPP,2673,16,15405
GPP,2674,16,15405
GPP,2675,16,15421
GPP,2676,16,15421
GPP,2677,16,15437
GPP,2678,16,15437
GPP,2679,16,15437
GPP,2680,16,15452
GPP,2681,16,15452
GPP,2682,16,15452
GPP,2683,16,15468
GPP,2684,16,15468
GPP,2685,16,15468
GPP,2686,16,15484
GPP,2687,16,15484
GPP,2688,16,15499
GPP,2689,16,15499
GPP,2690,16,15499
GPP,2691,16,15515
GPP,2692,16,15515
GPP,2693,16,15515
GPP,2694,16,15531
GPP,2695,16,15531
GPP,2696,16,15531
GPP,2697,16,15547
GPP,2698,16,15547
GPP,2699,16,15562
GPP,2700,16,15562
GPP,2701,16,15562
GPP,2702,16,15578
GPP,2703,16,15578
GPP,2704,16,15578
GPP,2705,16,15594
GPP,2706,16,15594
GPP,2707,16,15609
GPP,2708,16,15609
GPP,2709,16,15609
GPP,2710,16,15625
GPP,2711,16,15625
GPP,2712,16,15625
GPP,2713,16,15641
GPP,2714,16,15641
GPP,2715,16,15641
GPP,2716,16,15656
GPP,2717,16,15656
GPP,2718,16,15672
GPP,2719,16,15672
GPP,2720,16,15672
GPP,2721,16,15688
GPP,2722,16,15688
GPP,2723,16,15688
GPP,2724,16,15704
GPP,2725,16,15704
GPP,2726,16,15719
GPP,2727,16,15719
GPP,2728,16,15719
GPP,2729,16,15735
GPP,2730,16,15735
GPP,2731,16,15735
GPP,2732,16,15751
GPP,2733,16,15751
GPP,2734,16,15751
GPP,2735,16,15766
GPP,2736,16,15766
GPP,2737,16,15782
GPP,2738,16,15782
GPP,2739,16,15782
GPP,2740,16,15798
GPP,2741,16,15798
GPP,2742,16,15798
GPP,2743,16,15813
GPP,2744,16,15813
GPP,2745,16,15829
GPP,2746,16,15829
GPP,2747,16,15829
GPP,2748,16,15845
GPP,2749,16,15845
GPP,2750,16,15845
GPP,2751,16,15861
GPP,2752,16,15861
GPP,2753,16,15876
GPP,2754,16,15876
GPP,2755,16,15876
GPP,2756,16,15892
GPP,2757,16,15892
GPP,2758,16,15892
GPP,2759,16,15908
GPP,2760,16,15908
GPP,2761,16,15908
GPP,2762,16,15923
GPP,2763,16,15923
GPP,2764,16,15939
GPP,2765,16,15946
GPP,2766,16,15947
GPP,2767,16,15955
GPP,2768,16,15955
GPP,2769,16,15970
GPP,2770,16,15970
GPP,2771,16,15970
GPP,2772,16,15986
GPP,2773,16,15986
GPP,2774,16,15986
GPP,2775,16,16002
GPP,2776,16,16002
GPP,2777,16,16017
GPP,2778,16,16017
GPP,2779,16,16017
GPP,2780,16,16033
GPP,2781,16,16033
GPP,2782,16,16033
GPP,2783,16,16049
GPP,2784,16,16049
GPP,2785,16,16049
GPP,2786,16,16065
GPP,2787,16,16065
GPP,2788,16,16080
GPP,2789,16,16080
GPP,2790,16,16080
GPP,2791,16,16096
GPP,2792,16,16096
GPP,2793,16,16096
GPP,2794,16,16112
GPP,2795,16,16112
GPP,2796,16,16127
GPP,2797,16,16127
GPP,2798,16,16127
GPP,2799,16,16143
GPP,2800,16,16143
GPP,2801,16,16143
GPP,2802,16,16159
GPP,2803,16,16159
GPP,2804,16,16174
GPP,2805,16,16174
GPP,2806,16,16174
GPP,2807,16,16190
GPP,2808,16,16190
GPP,2809,16,16190
GPP,2810,16,16206
GPP,2811,16,16206
GPP,2812,16,16222
GPP,2813,16,16222
GPP,2814,16,16222
GPP,2815,16,16237
GPP,2816,16,16237
GPP,2817,16,16237
GPP,2818,16,16253
GPP,2819,16,16253
GPP,2820,16,16253
GPP,2821,16,16269
GPP,2822,16,16269
GPP,2823,16,16284
GPP,2824,16,16284
GPP,2825,16,16284
GPP,2826,16,16300
GPP,2827,16,16300
GPP,2828,16,16300
GPP,2829,16,16316
GPP,2830,16,16316
GPP,2831,16,16332
GPP,2832,16,16332
GPP,2833,16,16332
GPP,2834,16,16347
GPP,2835,16,16347
GPP,2836,16,16347
GPP,2837,16,16363
GPP,2838,16,16363
GPP,2839,16,16363
GPP,2840,16,16379
GPP,2841,16,16379
GPP,2842,16,16394
GPP,2843,16,16394
GPP,2844,16,16394
GPP,2845,16,16410
GPP,2846,16,16410
GPP,2847,16,16410
GPP,2848,16,16426
GPP,2849,16,16426
GPP,2850,16,16426
GPP,2851,16,16441
GPP,2852,16,16441
GPP,2853,16,16457
GPP,2854,16,16457
GPP,2855,16,16457
GPP,2856,16,16473
GPP,2857,16,16473
GPP,2858,16,16473
GPP,2859,16,16489
GPP,2860,16,16489
GPP,2861,16,16504
GPP,2862,16,16504
GPP,2863,16,16504
GPP,2864,16,16520
GPP,2865,16,16520
GPP,2866,16,16520
GPP,2867,16,16536
GPP,2868,16,16536
GPP,2869,16,16536
GPP,2870,16,16551
GPP,2871,16,16551
GPP,2872,16,16567
GPP,2873,16,16567
GPP,2874,16,16567
GPP,2875,16,16583
GPP,2876,16,16583
GPP,2877,16,16583
GPP,2878,16,16598
GPP,2879,16,16598
GPP,2880,16,16614
GPP,2881,16,16614
GPP,2882,16,16614
GPP,2883,16,16630
GPP,2884,16,16630
GPP,2885,16,16630
GPP,2886,16,16645
GPP,2887,16,16645
GPP,2888,16,16645
GPP,2889,16,16661
GPP,2890,16,16661
GPP,2891,16,16677
GPP,2892,16,16677
GPP,2893,16,16677
GPP,2894,16,16692
GPP,2895,16,16692
GPP,2896,16,16692
GPP,2897,16,16708
GPP,2898,16,16708
GPP,2899,16,16708
GPP,2900,16,16724
GPP,2901,16,16724
GPP,2902,16,16740
GPP,2903,16,16740
GPP,2904,16,16740
GPP,2905,16,16755
GPP,2906,16,16755
GPP,2907,16,16755
GPP,2908,16,16771
GPP,2909,16,16771
GPP,2910,16,16787
GPP,2911,16,16787
GPP,2912,16,16787
GPP,2913,16,16803
GPP,2914,16,16803
GPP,2915,16,16803
GPP,2916,16,16818
GPP,2917,16,16818
GPP,2918,16,16818
GPP,2919,16,16834
GPP,2920,16,16834
GPP,2921,16,16850
GPP,2922,16,16850
GPP,2923,16,16850
GPP,2924,16,16865
GPP,2925,16,16865
GPP,2926,16,16865
GPP,2927,16,16881
GPP,2928,16,16881
GPP,2929,16,16881
GPP,2930,16,16897
GPP,2931,16,16897
GPP,2932,16,16912
GPP,2933,16,16912
GPP,2934,16,16912
GPP,2935,16,16928
GPP,2936,16,16928
GPP,2937,16,16928
GPP,2938,16,16944
GPP,2939,16,16944
GPP,2940,16,16960
GPP,2941,16,16960
GPP,2942,16,16960
GPP,2943,16,16975
GPP,2944,16,16975
GPP,2945,16,16975
GPP,2946,16,16991
GPP,2947,16,16991
GPP,2948,16,17007
GPP,2949,16,17007
GPP,2950,16,17007
GPP,2951,16,17022
GPP,2952,16,17022
GPP,2953,16,17022
GPP,2954,16,17038
GPP,2955,16,17038
GPP,2956,16,17038
GPP,2957,16,17054
GPP,2958,16,17054
GPP,2959,16,17070
GPP,2960,16,17070
GPP,2961,16,17070
GPP,2962,16,17085
GPP,2963,16,17085
GPP,2964,16,17085
GPP,2965,16,17101
GPP,2966,16,17101
GPP,2967,16,17101
GPP,2968,16,17117
GPP,2969,16,17117
GPP,2970,16,17132
GPP,2971,16,17132
GPP,2972,16,17132
GPP,2973,16,17148
GPP,2974,16,17148
GPP,2975,16,17148
GPP,2976,16,17164
GPP,2977,16,17164
GPP,2978,16,17179
GPP,2979,16,17179
GPP,2980,16,17179
GPP,2981,16,17195
GPP,2982,16,17195
GPP,2983,16,17195
GPP,2984,16,17211
GPP,2985,16,17211
GPP,2986,16,17211
GPP,2987,16,17227
GPP,2988,16,17227
GPP,2989,16,17242
GPP,2990,16,17242
GPP,2991,16,17242
GPP,2992,16,17258
GPP,2993,16,17258
GPP,2994,16,17258
GPP,2995,16,17274
GPP,2996,16,17274
GPP,2997,16,17289
GPP,2998,16,17289
GPP,2999,16,17289
GPP,3000,16,17307
GPP,3001,16,17312
GPP,3002,16,17313
GPP,3003,16,17321
GPP,3004,16,17321
GPP,3005,16,17321
GPP,3006,16,17336
GPP,3007,16,17336
GPP,3008,16,17352
GPP,3009,16,17352
GPP,3010,16,17352
GPP,3011,16,17368
GPP,3012,16,17368
GPP,3013,16,17368
GPP,3014,16,17383
GPP,3015,16,17383
GPP,3016,16,17399
GPP,3017,16,17399
GPP,3018,16,17399
GPP,3019,16,17415
GPP,3020,16,17415
GPP,3021,16,17415
GPP,3022,16,17430
GPP,3023,16,17430
GPP,3024,16,17430
GPP,3025,16,17446
GPP,3026,16,17446
GPP,3027,16,17462
GPP,3028,16,17462
GPP,3029,16,17462
GPP,3030,16,17477
GPP,3031,16,17477
GPP,3032,16,17477
GPP,3033,16,17493
GPP,3034,16,17493
GPP,3035,16,17509
GPP,3036,16,17509
GPP,3037,16,17509
GPP,3038,16,17524
GPP,3039,16,17524
GPP,3040,16,17524
GPP,3041,16,17540
GPP,3042,16,17540
GPP,3043,16,17540
GPP,3044,16,17556
GPP,3045,16,17556
GPP,3046,16,17572
GPP,3047,16,17572
GPP,3048,16,17572
GPP,3049,16,17587
GPP,3050,16,17587
GPP,3051,16,17587
GPP,3052,16,17603
GPP,3053,16,17603
GPP,3054,16,17603
GPP,3055,16,17619
GPP,3056,16,17619
GPP,3057,16,17635
GPP,3058,16,17635
GPP,3059,16,17635
GPP,3060,16,17650
GPP,3061,16,17650
GPP,3062,16,17650
GPP,3063,16,17666
GPP,3064,16,17666
GPP,3065,16,17682
GPP,3066,16,17682
GPP,3067,16,17682
GPP,3068,16,17698
GPP,3069,16,17698
GPP,3070,16,17698
GPP,3071,16,17713
GPP,3072,16,17713
GPP,3073,16,17713
GPP,3074,16,17729
GPP,3075,16,17729
GPP,3076,16,17745
GPP,3077,16,17745
GPP,3078,16,17745
GPP,3079,16,17760
GPP,3080,16,17760
GPP,3081,16,17760
GPP,3082,16,17776
GPP,3083,16,17776
GPP,3084,16,17792
GPP,3085,16,17792
GPP,3086,16,17792
GPP,3087,16,17807
GPP,3088,16,17807
GPP,3089,16,17807
GPP,3090,16,17823
GPP,3091,16,17823
GPP,3092,16,17823
GPP,3093,16,17839
GPP,3094,16,17839
GPP,3095,16,17855
GPP,3096,16,17855
GPP,3097,16,17855
GPP,3098,16,17870
GPP,3099,16,17870
GPP,3100,16,17870
GPP,3101,16,17886
GPP,3102,16,17886
GPP,3103,16,17886
GPP,3104,16,17902
GPP,3105,16,17902
GPP,3106,16,17917
GPP,3107,16,17917
GPP,3108,16,17917
GPP,3109,16,17933
GPP,3110,16,17933
GPP,3111,16,17933
GPP,3112,16,17949
GPP,3113,16,17949
GPP,3114,16,17965
GPP,3115,16,17965
GPP,3116,16,17965
GPP,3117,16,17980
GPP,3118,16,17980
GPP,3119,16,17980
GPP,3120,16,17996
GPP,3121,16,17996
GPP,3122,16,18012
GPP,3123,16,18012
GPP,3124,16,18012
GPP,3125,16,18027
GPP,3126,16,18027
GPP,3127,16,18027
GPP,3128,16,18043
GPP,3129,16,18043
GPP,3130,16,18043
GPP,3131,16,18059
GPP,3132,16,18059
GPP,3133,16,18075
GPP,3134,16,18075
GPP,3135,16,18075
GPP,3136,16,18090
GPP,3137,16,18090
GPP,3138,16,18090
GPP,3139,16,18106
GPP,3140,16,18106
GPP,3141,16,18106
GPP,3142,16,18122
GPP,3143,16,18122
GPP,3144,16,18137
GPP,3145,16,18137
GPP,3146,16,18137
GPP,3147,16,18153
GPP,3148,16,18153
GPP,3149,16,18153
GPP,3150,16,18174
GPP,3151,16,18177
GPP,3152,16,18184
GPP,3153,16,18184
GPP,3154,16,18184
GPP,3155,16,18200
GPP,3156,16,18200
GPP,3157,16,18200
GPP,3158,16,18216
GPP,3159,16,18216
GPP,3160,16,18216
GPP,3161,16,18232
GPP,3162,16,18232
GPP,3163,16,18247
GPP,3164,16,18247
GPP,3165,16,18247
GPP,3166,16,18263
GPP,3167,16,18263
GPP,3168,16,18263
GPP,3169,16,18279
GPP,3170,16,18279
GPP,3171,16,18294
GPP,3172,16,18294
GPP,3173,16,18294
GPP,3174,16,18310
GPP,3175,16,18310
GPP,3176,16,18310
GPP,3177,16,18326
GPP,3178,16,18326
GPP,3179,16,18326
GPP,3180,16,18341
GPP,3181,16,18341
GPP,3182,16,18357
GPP,3183,16,18357
GPP,3184,16,18357
GPP,3185,16,18373
GPP,3186,16,18373
GPP,3187,16,18373
GPP,3188,16,18389
GPP,3189,16,18389
GPP,3190,16,18404
GPP,3191,16,18404
GPP,3192,16,18404
GPP,3193,16,18420
GPP,3194,16,18420
GPP,3195,16,18420
GPP,3196,16,18436
GPP,3197,16,18436
GPP,3198,16,18436
GPP,3199,16,18451
GPP,3200,16,18451
GPP,3201,16,18467
GPP,3202,16,18467
GPP,3203,16,18467
GPP,3204,16,18483
GPP,3205,16,18483
GPP,3206,16,18483
GPP,3207,16,18498
GPP,3208,16,18498
GPP,3209,16,18514
GPP,3210,16,18514
GPP,3211,16,18514
GPP,3212,16,18530
GPP,3213,16,18530
GPP,3214,16,18530
GPP,3215,16,18545
GPP,3216,16,18545
GPP,3217,16,18545
GPP,3218,16,18561
GPP,3219,16,18561
GPP,3220,16,18577
GPP,3221,16,18577
GPP,3222,16,18577
GPP,3223,16,18593
GPP,3224,16,18593
GPP,3225,16,18593
GPP,3226,16,18608
GPP,3227,16,18608
GPP,3228,16,18608
GPP,3229,16,18624
GPP,3230,16,18624
GPP,3231,16,18640
GPP,3232,16,18640
GPP,3233,16,18640
GPP,3234,16,18656
GPP,3235,16,18656
GPP,3236,16,18656
GPP,3237,16,18676
GPP,3238,16,18680
GPP,3239,16,18687
GPP,3240,16,18687
GPP,3241,16,18687
GPP,3242,16,18703
GPP,3243,16,18703
GPP,3244,16,18703
GPP,3245,16,18718
GPP,3246,16,18718
GPP,3247,16,18718
GPP,3248,16,18734
GPP,3249,16,18734
GPP,3250,16,18750
GPP,3251,16,18750
GPP,3252,16,18750
GPP,3253,16,18766
GPP,3254,16,18766
GPP,3255,16,18781
GPP,3256,16,18781
GPP,3257,16,18781
GPP,3258,16,18797
GPP,3259,16,18797
GPP,3260,16,18797
GPP,3261,16,18813
GPP,3262,16,18813
GPP,3263,16,18828
GPP,3264,16,18828
GPP,3265,16,18828
GPP,3266,16,18844
GPP,3267,16,18844
GPP,3268,16,18844
GPP,3269,16,18860
GPP,3270,16,18860
GPP,3271,16,18860
GPP,3272,16,18876
GPP,3273,16,18876
GPP,3274,16,18891
GPP,3275,16,18891
GPP,3276,16,18891
GPP,3277,16,18907
GPP,3278,16,18907
GPP,3279,16,18907
GPP,3280,16,18928
GPP,3281,16,18932
GPP,3282,16,18938
GPP,3283,16,18946
GPP,3284,16,18950
GPP,3285,16,18958
GPP,3286,16,18964
GPP,3287,16,18970
GPP,3288,16,18970
GPP,3289,16,18970
GPP,3290,16,18986
GPP,3291,16,18986
GPP,3292,16,18986
GPP,3293,16,19001
GPP,3294,16,19001
GPP,3295,16,19017
GPP,3296,16,19017
GPP,3297,16,19017
GPP,3298,16,19033
GPP,3299,16,19033
GPP,3300,16,19033
GPP,3301,16,19048
GPP,3302,16,19048
GPP,3303,16,19064
GPP,3304,16,19064
GPP,3305,16,19064
GPP,3306,16,19080
GPP,3307,16,19080
GPP,3308,16,19080
GPP,3309,16,19096
GPP,3310,16,19096
GPP,3311,16,19096
GPP,3312,16,19111
GPP,3313,16,19111
GPP,3314,16,19127
GPP,3315,16,19127
GPP,3316,16,19127
GPP,3317,16,19143
GPP,3318,16,19143
GPP,3319,16,19143
GPP,3320,16,19163
GPP,3321,16,19171
GPP,3322,16,19176
GPP,3323,16,19182
GPP,3324,16,19187
GPP,3325,16,19194
GPP,3326,16,19200
GPP,3327,16,19206
GPP,3328,16,19210
GPP,3329,16,19217
GPP,3330,16,19223
GPP,3331,16,19228
GPP,3332,16,19232
GPP,3333,16,19238
GPP,3334,16,19246
GPP,3335,16,19251
GPP,3336,16,19258
GPP,3337,16,19263
GPP,3338,16,19268
GPP,3339,16,19274
GPP,3340,16,19281
GPP,3341,16,19287
GPP,3342,16,19293
GPP,3343,16,19299
GPP,3344,16,19304
GPP,3345,16,19310
GPP,3346,16,19317
GPP,3347,16,19322
GPP,3348,16,19328
GPP,3349,16,19334
GPP,3350,16,19339
GPP,3351,16,19346
GPP,3352,16,19352
GPP,3353,16,19357
GPP,3354,16,19363
GPP,3355,16,19369
GPP,3356,16,19375
GPP,3357,16,19379
GPP,3358,16,19385
GPP,3359,16,19391
GPP,3360,16,19399
GPP,3361,16,19404
GPP,3362,16,19409
GPP,3363,16,19414
GPP,3364,16,19421
GPP,3365,16,19426
GPP,3366,16,19432
GPP,3367,16,19439
GPP,3368,16,19444
GPP,3369,16,19450
GPP,3370,16,19456
GPP,3371,16,19462
GPP,3372,16,19467
GPP,3373,16,19472
GPP,3374,16,19479
GPP,3375,16,19485
GPP,3376,16,19490
GPP,3377,16,19496
GPP,3378,16,19501
GPP,3379,16,19507
GPP,3380,16,19514
GPP,3381,16,19519
GPP,3382,16,19525
GPP,3383,16,19531
GPP,3384,16,19537
GPP,3385,16,19543
GPP,3386,16,19548
GPP,3387,16,19553
GPP,3388,16,19560
GPP,3389,16,19564
GPP,3390,16,19570
GPP,3391,16,19577
GPP,3392,16,19582
GPP,3393,16,19587
GPP,3394,16,19593
GPP,3395,16,19600
GPP,3396,16,19606
GPP,3397,16,19611
GPP,3398,16,19617
GPP,3399,16,19623
GPP,3400,16,19629
GPP,3401,16,19635
GPP,3402,16,19641
GPP,3403,16,19646
GPP,3404,16,19652
GPP,3405,16,19658
GPP,3406,16,19664
GPP,3407,16,19670
GPP,3408,16,19675
GPP,3409,16,19680
GPP,3410,16,19686
GPP,3411,16,19692
GPP,3412,16,19697
GPP,3413,16,19703
GPP,3414,16,19709
GPP,3415,16,19715
GPP,3416,16,19720
GPP,3417,16,19727
GPP,3418,16,19734
GPP,3419,16,19739
GPP,3420,16,19745
GPP,3421,16,19750
GPP,3422,16,19757
GPP,3423,16,19762
GPP,3424,16,19768
GPP,3425,16,19774
GPP,3426,16,19780
GPP,3427,16,19785
GPP,3428,16,19791
GPP,3429,16,19797
GPP,3430,16,19802
GPP,3431,16,19808
GPP,3432,16,19814
GPP,3433,16,19820
GPP,3434,16,19825
GPP,3435,16,19831
GPP,3436,16,19838
GPP,3437,16,19843
GPP,3438,16,19850
GPP,3439,16,19855
GPP,3440,16,19861
GPP,3441,16,19866
GPP,3442,16,19873
GPP,3443,16,19878
GPP,3444,16,19884
GPP,3445,16,19889
GPP,3446,16,19895
GPP,3447,16,19901
GPP,3448,16,19907
GPP,3449,16,19913
GPP,3450,16,19918
GPP,3451,16,19924
GPP,3452,16,19930
GPP,3453,16,19936
GPP,3454,16,19942
GPP,3455,16,19948
GPP,3456,16,19953
GPP,3457,16,19959
GPP,3458,16,19965
GPP,3459,16,19972
GPP,3460,16,19978
GPP,3461,16,19984
GPP,3462,16,19990
GPP,3463,16,19996
GPP,3464,16,20001
GPP,3465,16,20007
GPP,3466,16,20014
GPP,3467,16,20019
GPP,3468,16,20025
GPP,3469,16,20030
GPP,3470,16,20037
GPP,3471,16,20045
GPP,3472,16,20053
GPP,3473,16,20053
GPP,3474,16,20068
GPP,3475,16,20068
GPP,3476,16,20068
GPP,3477,16,20084
GPP,3478,16,20084
GPP,3479,16,20084
GPP,3480,16,20100
GPP,3481,16,20100
GPP,3482,16,20116
GPP,3483,16,20116
GPP,3484,16,20116
GPP,3485,16,20131
GPP,3486,16,20131
GPP,3487,16,20131
GPP,3488,16,20147
GPP,3489,16,20147
GPP,3490,16,20147
GPP,3491,16,20163
GPP,3492,16,20163
GPP,3493,16,20178
GPP,3494,16,20178
GPP,3495,16,20178
GPP,3496,16,20194
GPP,3497,16,20194
GPP,3498,16,20210
GPP,3499,16,20210
GPP,3500,16,20210
GPP,3501,16,20226
GPP,3502,16,20226
GPP,3503,16,20226
GPP,3504,16,20241
GPP,3505,16,20241
GPP,3506,16,20257
GPP,3507,16,20257
GPP,3508,16,20257
GPP,3509,16,20273
GPP,3510,16,20273
GPP,3511,16,20273
GPP,3512,16,20289
GPP,3513,16,20289
GPP,3514,16,20289
GPP,3515,16,20304
GPP,3516,16,20304
GPP,3517,16,20320
GPP,3518,16,20320
GPP,3519,16,20320
GPP,3520,16,20336
GPP,3521,16,20336
GPP,3522,16,20336
GPP,3523,16,20352
GPP,3524,16,20352
GPP,3525,16,20367
GPP,3526,16,20367
GPP,3527,16,20367
GPP,3528,16,20383
GPP,3529,16,20383
GPP,3530,16,20383
GPP,3531,16,20399
GPP,3532,16,20399
GPP,3533,16,20414
GPP,3534,16,20414
GPP,3535,16,20414
GPP,3536,16,20430
GPP,3537,16,20430
GPP,3538,16,20430
GPP,3539,16,20446
GPP,3540,16,20446
GPP,3541,16,20446
GPP,3542,16,20462
GPP,3543,16,20462
GPP,3544,16,20477
GPP,3545,16,20477
GPP,3546,16,20477
GPP,3547,16,20493
GPP,3548,16,20493
GPP,3549,16,20493
GPP,3550,16,20509
GPP,3551,16,20509
GPP,3552,16,20509
GPP,3553,16,20524
GPP,3554,16,20524
GPP,3555,16,20540
GPP,3556,16,20540
GPP,3557,16,20540
GPP,3558,16,20556
GPP,3559,16,20556
GPP,3560,16,20556
GPP,3561,16,20572
GPP,3562,16,20572
GPP,3563,16,20587
GPP,3564,16,20587
GPP,3565,16,20587
GPP,3566,16,20603
GPP,3567,16,20603
GPP,3568,16,20603
GPP,3569,16,20619
GPP,3570,16,20619
GPP,3571,16,20619
GPP,3572,16,20634
GPP,3573,16,20634
GPP,3574,16,20650
GPP,3575,16,20650
GPP,3576,16,20650
GPP,3577,16,20666
GPP,3578,16,20666
GPP,3579,16,20666
GPP,3580,16,20681
GPP,3581,16,20681
GPP,3582,16,20697
GPP,3583,16,20697
GPP,3584,16,20697
GPP,3585,16,20713
GPP,3586,16,20713
GPP,3587,16,20713
GPP,3588,16,20728
GPP,3589,16,20728
GPP,3590,16,20728
GPP,3591,16,20744
GPP,3592,16,20744
GPP,3593,16,20760
GPP,3594,16,20760
GPP,3595,16,20760
GPP,3596,16,20775
GPP,3597,16,20775
GPP,3598,16,20775
GPP,3599,16,20791
GPP,3600,16,20791
GPP,3601,16,20807
GPP,3602,16,20807
GPP,3603,16,20807
GPP,3604,16,20823
GPP,3605,16,20823
GPP,3606,16,20823
GPP,3607,16,20838
GPP,3608,16,20838
GPP,3609,16,20838
GPP,3610,16,20854
GPP,3611,16,20854
GPP,3612,16,20870
GPP,3613,16,20870
GPP,3614,16,20870
GPP,3615,16,20885
GPP,3616,16,20885
GPP,3617,16,20885
GPP,3618,16,20901
GPP,3619,16,20901
GPP,3620,16,20917
GPP,3621,16,20917
GPP,3622,16,20917
GPP,3623,16,20932
GPP,3624,16,20932
GPP,3625,16,20932
GPP,3626,16,20948
GPP,3627,16,20948
GPP,3628,16,20964
GPP,3629,16,20964
GPP,3630,16,20964
GPP,3631,16,20979
GPP,3632,16,20979
GPP,3633,16,20979
GPP,3634,16,20995
GPP,3635,16,20995
GPP,3636,16,21011
GPP,3637,16,21011
GPP,3638,16,21011
GPP,3639,16,21027
GPP,3640,16,21027
GPP,3641,16,21027
GPP,3642,16,21042
GPP,3643,16,21042
GPP,3644,16,21042
GPP,3645,16,21058
GPP,3646,16,21058
GPP,3647,16,21074
GPP,3648,16,21074
GPP,3649,16,21074
GPP,3650,16,21089
GPP,3651,16,21089
GPP,3652,16,21089
GPP,3653,16,21105
GPP,3654,16,21105
GPP,3655,16,21105
GPP,3656,16,21121
GPP,3657,16,21121
GPP,3658,16,21136
GPP,3659,16,21136
GPP,3660,16,21136
GPP,3661,16,21152
GPP,3662,16,21152
GPP,3663,16,21152
GPP,3664,16,21168
GPP,3665,16,21168
GPP,3666,16,21183
GPP,3667,16,21183
GPP,3668,16,21183
GPP,3669,16,21199
GPP,3670,16,21199
GPP,3671,16,21199
GPP,3672,16,21218
GPP,3673,16,21223
GPP,3674,16,21225
GPP,3675,16,21231
GPP,3676,16,21231
GPP,3677,16,21246
GPP,3678,16,21246
GPP,3679,16,21246
GPP,3680,16,21262
GPP,3681,16,21262
GPP,3682,16,21262
GPP,3683,16,21278
GPP,3684,16,21278
GPP,3685,16,21293
GPP,3686,16,21293
GPP,3687,16,21293
GPP,3688,16,21309
GPP,3689,16,21309
GPP,3690,16,21309
GPP,3691,16,21325
GPP,3692,16,21325
GPP,3693,16,21325
GPP,3694,16,21341
GPP,3695,16,21341
GPP,3696,16,21356
GPP,3697,16,21356
GPP,3698,16,21356
GPP,3699,16,21372
GPP,3700,16,21372
GPP,3701,16,21372
GPP,3702,16,21388
GPP,3703,16,21388
GPP,3704,16,21403
GPP,3705,16,21403
GPP,3706,16,21403
GPP,3707,16,21419
GPP,3708,16,21419
GPP,3709,16,21419
GPP,3710,16,21435
GPP,3711,16,21435
GPP,3712,16,21435
GPP,3713,16,21451
GPP,3714,16,21451
GPP,3715,16,21466
GPP,3716,16,21466
GPP,3717,16,21466
GPP,3718,16,21482
GPP,3719,16,21482
GPP,3720,16,21482
GPP,3721,16,21498
GPP,3722,16,21498
GPP,3723,16,21513
GPP,3724,16,21513
GPP,3725,16,21513
GPP,3726,16,21529
GPP,3727,16,21529
GPP,3728,16,21529
GPP,3729,16,21545
GPP,3730,16,21545
GPP,3731,16,21545
GPP,3732,16,21560
GPP,3733,16,21560
GPP,3734,16,21576
GPP,3735,16,21576
GPP,3736,16,21576
GPP,3737,16,21592
GPP,3738,16,21592
GPP,3739,16,21592
GPP,3740,16,21607
GPP,3741,16,21607
GPP,3742,16,21623
GPP,3743,16,21623
GPP,3744,16,21623
GPP,3745,16,21639
GPP,3746,16,21639
GPP,3747,16,21639
GPP,3748,16,21655
GPP,3749,16,21655
GPP,3750,16,21655
GPP,3751,16,21670
GPP,3752,16,21670
GPP,3753,16,21686
GPP,3754,16,21686
GPP,3755,16,21686
GPP,3756,16,21702
GPP,3757,16,21702
GPP,3758,16,21702
GPP,3759,16,21717
GPP,3760,16,21717
GPP,3761,16,21717
GPP,3762,16,21733
GPP,3763,16,21733
GPP,3764,16,21749
GPP,3765,16,21749
GPP,3766,16,21749
GPP,3767,16,21765
GPP,3768,16,21765
GPP,3769,16,21765
GPP,3770,16,21780
GPP,3771,16,21780
GPP,3772,16,21796
GPP,3773,16,21796
GPP,3774,16,21796
GPP,3775,16,21812
GPP,3776,16,21812
GPP,3777,16,21812
GPP,3778,16,21827
GPP,3779,16,21827
GPP,3780,16,21827
GPP,3781,16,21843
GPP,3782,16,21843
GPP,3783,16,21859
GPP,3784,16,21859
GPP,3785,16,21859
GPP,3786,16,21875
GPP,3787,16,21875
GPP,3788,16,21875
GPP,3789,16,21890
GPP,3790,16,21890
GPP,3791,16,21890
GPP,3792,16,21906
GPP,3793,16,21906
GPP,3794,16,21922
GPP,3795,16,21922
GPP,3796,16,21922
GPP,3797,16,21937
GPP,3798,16,21937
GPP,3799,16,21937
GPP,3800,16,21953
GPP,3801,16,21953
GPP,3802,16,21969
GPP,3803,16,21969
GPP,3804,16,21969
GPP,3805,16,21985
GPP,3806,16,21985
GPP,3807,16,22000
GPP,3808,16,22000
GPP,3809,16,22000
GPP,3810,16,22016
GPP,3811,16,22016
GPP,3812,16,22016
GPP,3813,16,22032
GPP,3814,16,22032
GPP,3815,16,22047
GPP,3816,16,22047
GPP,3817,16,22047
GPP,3818,16,22063
GPP,3819,16,22063
GPP,3820,16,22063
GPP,3821,16,22079
GPP,3822,16,22079
GPP,3823,16,22094
GPP,3824,16,22094
GPP,3825,16,22094
GPP,3826,16,22110
GPP,3827,16,22110
GPP,3828,16,22110
GPP,3829,16,22126
GPP,3830,16,22126
GPP,3831,16,22141
GPP,3832,16,22141
GPP,3833,16,22141
GPP,3834,16,22157
GPP,3835,16,22157
GPP,3836,16,22157
GPP,3837,16,22173
GPP,3838,16,22173
GPP,3839,16,22188
GPP,3840,16,22188
GPP,3841,16,22188
GPP,3842,16,22204
GPP,3843,16,22204
GPP,3844,16,22204
GPP,3845,16,22220
GPP,3846,16,22220
GPP,3847,16,22235
GPP,3848,16,22235
GPP,3849,16,22235
GPP,3850,16,22251
GPP,3851,16,22251
GPP,3852,16,22251
GPP,3853,16,22267
GPP,3854,16,22267
GPP,3855,16,22282
GPP,3856,16,22282
GPP,3857,16,22282
GPP,3858,16,22298
GPP,3859,16,22298
GPP,3860,16,22298
GPP,3861,16,22314
GPP,3862,16,22314
GPP,3863,16,22329
GPP,3864,16,22329
GPP,3865,16,22329
GPP,3866,16,22345
GPP,3867,16,22345
GPP,3868,16,22345
GPP,3869,16,22361
GPP,3870,16,22361
GPP,3871,16,22361
GPP,3872,16,22376
GPP,3873,16,22376
GPP,3874,16,22392
GPP,3875,16,22392
GPP,3876,16,22392
GPP,3877,16,22408
GPP,3878,16,22408
GPP,3879,16,22408
GPP,3880,16,22424
GPP,3881,16,22424
GPP,3882,16,22439
GPP,3883,16,22445
GPP,3884,16,22447
GPP,3885,16,22455
GPP,3886,16,22455
GPP,3887,16,22455
GPP,3888,16,22471
GPP,3889,16,22471
GPP,3890,16,22471
GPP,3891,16,22486
GPP,3892,16,22486
GPP,3893,16,22502
GPP,3894,16,22502
GPP,3895,16,22502
GPP,3896,16,22518
GPP,3897,16,22518
GPP,3898,16,22518
GPP,3899,16,22534
GPP,3900,16,22534
GPP,3901,16,22549
GPP,3902,16,22549
GPP,3903,16,22549
GPP,3904,16,22565
GPP,3905,16,22565
GPP,3906,16,22565
GPP,3907,16,22581
GPP,3908,16,22581
GPP,3909,16,22581
GPP,3910,16,22596
GPP,3911,16,22596
GPP,3912,16,22612
GPP,3913,16,22612
GPP,3914,16,22612
GPP,3915,16,22628
GPP,3916,16,22628
GPP,3917,16,22628
GPP,3918,16,22644
GPP,3919,16,22644
GPP,3920,16,22644
GPP,3921,16,22659
GPP,3922,16,22659
GPP,3923,16,22675
GPP,3924,16,22675
GPP,3925,16,22675
GPP,3926,16,22691
GPP,3927,16,22691
GPP,3928,16,22691
GPP,3929,16,22706
GPP,3930,16,22706
GPP,3931,16,22722
GPP,3932,16,22722
GPP,3933,16,22722
GPP,3934,16,22738
GPP,3935,16,22738
GPP,3936,16,22738
GPP,3937,16,22756
GPP,3938,16,22762
GPP,3939,16,22762
GPP,3940,16,22769
GPP,3941,16,22769
GPP,3942,16,22785
GPP,3943,16,22785
GPP,3944,16,22785
GPP,3945,16,22801
GPP,3946,16,22801
GPP,3947,16,22801
GPP,3948,16,22816
GPP,3949,16,22816
GPP,3950,16,22832
GPP,3951,16,22832
GPP,3952,16,22832
GPP,3953,16,22848
GPP,3954,16,22848
GPP,3955,16,22848
GPP,3956,16,22863
GPP,3957,16,22863
GPP,3958,16,22863
GPP,3959,16,22879
GPP,3960,16,22879
GPP,3961,16,22895
GPP,3962,16,22895
GPP,3963,16,22895
GPP,3964,16,22910
GPP,3965,16,22910
GPP,3966,16,22910
GPP,3967,16,22926
GPP,3968,16,22926
GPP,3969,16,22926
GPP,3970,16,22942
GPP,3971,16,22942
GPP,3972,16,22958
GPP,3973,16,22958
GPP,3974,16,22958
GPP,3975,16,22973
GPP,3976,16,22973
GPP,3977,16,22989
GPP,3978,16,22989
GPP,3979,16,22989
GPP,3980,16,23005
GPP,3981,16,23005
GPP,3982,16,23005
GPP,3983,16,23020
GPP,3984,16,23020
GPP,3985,16,23020
GPP,3986,16,23036
GPP,3987,16,23036
GPP,3988,16,23052
GPP,3989,16,23052
GPP,3990,16,23052
GPP,3991,16,23068
GPP,3992,16,23068
GPP,3993,16,23068
GPP,3994,16,23083
GPP,3995,16,23083
GPP,3996,16,23083
GPP,3997,16,23099
GPP,3998,16,23099
GPP,3999,16,23115
GPP,4000,16,23115
GPP,4001,16,23115
GPP,4002,16,23131
GPP,4003,16,23131
GPP,4004,16,23131
GPP,4005,16,23146
GPP,4006,16,23146
GPP,4007,16,23162
GPP,4008,16,23162
GPP,4009,16,23162
GPP,4010,16,23178
GPP,4011,16,23178
GPP,4012,16,23178
GPP,4013,16,23193
GPP,4014,16,23193
GPP,4015,16,23193
GPP,4016,16,23209
GPP,4017,16,23209
GPP,4018,16,23225
GPP,4019,16,23225
GPP,4020,16,23225
GPP,4021,16,23240
GPP,4022,16,23240
GPP,4023,16,23240
GPP,4024,16,23256
GPP,4025,16,23256
GPP,4026,16,23256
GPP,4027,16,23272
GPP,4028,16,23272
GPP,4029,16,23288
GPP,4030,16,23288
GPP,4031,16,23288
GPP,4032,16,23303
GPP,4033,16,23303
GPP,4034,16,23303
GPP,4035,16,23319
GPP,4036,16,23319
GPP,4037,16,23335
GPP,4038,16,23335
GPP,4039,16,23335
GPP,4040,16,23350
GPP,4041,16,23350
GPP,4042,16,23350
GPP,4043,16,23366
GPP,4044,16,23366
GPP,4045,16,23366
GPP,4046,16,23382
GPP,4047,16,23382
GPP,4048,16,23398
GPP,4049,16,23398
GPP,4050,16,23398
GPP,4051,16,23413
GPP,4052,16,23413
GPP,4053,16,23413
GPP,4054,16,23429
GPP,4055,16,23429
GPP,4056,16,23429
GPP,4057,16,23445
GPP,4058,16,23445
GPP,4059,16,23460
GPP,4060,16,23460
GPP,4061,16,23460
GPP,4062,16,23476
GPP,4063,16,23476
GPP,4064,16,23476
GPP,4065,16,23492
GPP,4066,16,23492
GPP,4067,16,23508
GPP,4068,16,23508
GPP,4069,16,23508
GPP,4070,16,23523
GPP,4071,16,23523
GPP,4072,16,23523
GPP,4073,16,23539
GPP,4074,16,23539
GPP,4075,16,23539
GPP,4076,16,23555
GPP,4077,16,23555
GPP,4078,16,23570
GPP,4079,16,23570
GPP,4080,16,23570
GPP,4081,16,23586
GPP,4082,16,23586
GPP,4083,16,23586
GPP,4084,16,23602
GPP,4085,16,23602
GPP,4086,16,23618
GPP,4087,16,23618
GPP,4088,16,23618
GPP,4089,16,23633
GPP,4090,16,23633
GPP,4091,16,23633
GPP,4092,16,23649
GPP,4093,16,23649
GPP,4094,16,23649
GPP,4095,16,23665
GPP,4096,16,23665
GPP,4097,16,23680
GPP,4098,16,23680
GPP,4099,16,23680
GPP,4100,16,23696
GPP,4101,16,23696
GPP,4102,16,23696
GPP,4103,16,23712
GPP,4104,16,23712
GPP,4105,16,23712
GPP,4106,16,23727
GPP,4107,16,23727
GPP,4108,16,23743
GPP,4109,16,23743
GPP,4110,16,23743
GPP,4111,16,23759
GPP,4112,16,23759
GPP,4113,16,23759
GPP,4114,16,23775
GPP,4115,16,23775
GPP,4116,16,23790
GPP,4117,16,23790
GPP,4118,16,23790
GPP,4119,16,23806
GPP,4120,16,23806
GPP,4121,16,23806
GPP,4122,16,23822
GPP,4123,16,23822
GPP,4124,16,23822
GPP,4125,16,23837
GPP,4126,16,23837
GPP,4127,16,23853
GPP,4128,16,23853
GPP,4129,16,23853
GPP,4130,16,23869
GPP,4131,16,23869
GPP,4132,16,23869
GPP,4133,16,23884
GPP,4134,16,23884
GPP,4135,16,23900
GPP,4136,16,23900
GPP,4137,16,23900
GPP,4138,16,23916
GPP,4139,16,23916
GPP,4140,16,23916
GPP,4141,16,23932
GPP,4142,16,23932
GPP,4143,16,23932
GPP,4144,16,23947
GPP,4145,16,23947
GPP,4146,16,23963
GPP,4147,16,23963
GPP,4148,16,23963
GPP,4149,16,23979
GPP,4150,16,23979
GPP,4151,16,23979
GPP,4152,16,23994
GPP,4153,16,23994
GPP,4154,16,24010
GPP,4155,16,24010
GPP,4156,16,24010
GPP,4157,16,24026
GPP,4158,16,24026
GPP,4159,16,24026
GPP,4160,16,24041
GPP,4161,16,24041
GPP,4162,16,24041
GPP,4163,16,24057
GPP,4164,16,24057
GPP,4165,16,24073
GPP,4166,16,24073
GPP,4167,16,24073
GPP,4168,16,24089
GPP,4169,16,24089
GPP,4170,16,24089
GPP,4171,16,24104
GPP,4172,16,24104
GPP,4173,16,24120
GPP,4174,16,24125
GPP,4175,16,24128
GPP,4176,16,24136
GPP,4177,16,24136
GPP,4178,16,24136
GPP,4179,16,24151
GPP,4180,16,24151
GPP,4181,16,24151
GPP,4182,16,24167
GPP,4183,16,24167
GPP,4184,16,24183
GPP,4185,16,24183
GPP,4186,16,24183
GPP,4187,16,24198
GPP,4188,16,24198
GPP,4189,16,24198
GPP,4190,16,24214
GPP,4191,16,24214
GPP,4192,16,24214
GPP,4193,16,24230
GPP,4194,16,24230
GPP,4195,16,24246
GPP,4196,16,24246
GPP,4197,16,24246
GPP,4198,16,24261
GPP,4199,16,24261
GPP,4200,16,24261
GPP,4201,16,24277
GPP,4202,16,24277
GPP,4203,16,24293
GPP,4204,16,24293
GPP,4205,16,24293
GPP,4206,16,24308
GPP,4207,16,24308
GPP,4208,16,24308
GPP,4209,16,24324
GPP,4210,16,24324
GPP,4211,16,24324
GPP,4212,16,24340
GPP,4213,16,24340
GPP,4214,16,24355
GPP,4215,16,24355
GPP,4216,16,24355
GPP,4217,16,24371
GPP,4218,16,24371
GPP,4219,16,24371
GPP,4220,16,24387
GPP,4221,16,24387
GPP,4222,16,24403
GPP,4223,16,24403
GPP,4224,16,24403
GPP,4225,16,24418
GPP,4226,16,24418
GPP,4227,16,24418
GPP,4228,16,24434
GPP,4229,16,24434
GPP,4230,16,24434
GPP,4231,16,24450
GPP,4232,16,24450
GPP,4233,16,24465
GPP,4234,16,24465
GPP,4235,16,24465
GPP,4236,16,24481
GPP,4237,16,24481
GPP,4238,16,24481
GPP,4239,16,24497
GPP,4240,16,24497
GPP,4241,16,24512
GPP,4242,16,24512
GPP,4243,16,24512
GPP,4244,16,24528
GPP,4245,16,24528
GPP,4246,16,24528
GPP,4247,16,24544
GPP,4248,16,24544
GPP,4249,16,24544
GPP,4250,16,24559
GPP,4251,16,24559
GPP,4252,16,24575
GPP,4253,16,24575
GPP,4254,16,24575
GPP,4255,16,24591
GPP,4256,16,24591
GPP,4257,16,24591
GPP,4258,16,24607
GPP,4259,16,24607
GPP,4260,16,24607
GPP,4261,16,24622
GPP,4262,16,24622
GPP,4263,16,24638
GPP,4264,16,24638
GPP,4265,16,24638
GPP,4266,16,24654
GPP,4267,16,24654
GPP,4268,16,24654
GPP,4269,16,24670
GPP,4270,16,24670
GPP,4271,16,24685
GPP,4272,16,24685
GPP,4273,16,24685
GPP,4274,16,24701
GPP,4275,16,24701
GPP,4276,16,24701
GPP,4277,16,24717
GPP,4278,16,24717
GPP,4279,16,24717
GPP,4280,16,24732
GPP,4281,16,24732
GPP,4282,16,24748
GPP,4283,16,24748
GPP,4284,16,24748
GPP,4285,16,24764
GPP,4286,16,24764
GPP,4287,16,24764
GPP,4288,16,24779
GPP,4289,16,24779
GPP,4290,16,24779
GPP,4291,16,24795
GPP,4292,16,24795
GPP,4293,16,24811
GPP,4294,16,24811
GPP,4295,16,24811
GPP,4296,16,24827
GPP,4297,16,24827
GPP,4298,16,24827
GPP,4299,16,24842
GPP,4300,16,24842
GPP,4301,16,24858
GPP,4302,16,24858
GPP,4303,16,24858
GPP,4304,16,24874
GPP,4305,16,24874
GPP,4306,16,24874
GPP,4307,16,24889
GPP,4308,16,24889
GPP,4309,16,24889
GPP,4310,16,24905
GPP,4311,16,24905
GPP,4312,16,24921
GPP,4313,16,24921
GPP,4314,16,24921
GPP,4315,16,24937
GPP,4316,16,24937
GPP,4317,16,24937
GPP,4318,16,24953
GPP,4319,16,24953
GPP,4320,16,24968
GPP,4321,16,24968
GPP,4322,16,24968
GPP,4323,16,24984
GPP,4324,16,24984
GPP,4325,16,24984
GPP,4326,16,25000
GPP,4327,16,25000
GPP,4328,16,25000
GPP,4329,16,25015
GPP,4330,16,25015
GPP,4331,16,25031
GPP,4332,16,25031
GPP,4333,16,25031
GPP,4334,16,25047
GPP,4335,16,25047
GPP,4336,16,25047
GPP,4337,16,25063
GPP,4338,16,25063
GPP,4339,16,25078
GPP,4340,16,25078
GPP,4341,16,25078
GPP,4342,16,25094
GPP,4343,16,25094
GPP,4344,16,25094
GPP,4345,16,25110
GPP,4346,16,25110
GPP,4347,16,25110
GPP,4348,16,25126
GPP,4349,16,25126
GPP,4350,16,25141
GPP,4351,16,25141
GPP,4352,16,25141
GPP,4353,16,25157
GPP,4354,16,25157
GPP,4355,16,25173
GPP,4356,16,25173
GPP,4357,16,25173
GPP,4358,16,25188
GPP,4359,16,25188
GPP,4360,16,25188
GPP,4361,16,25204
GPP,4362,16,25204
GPP,4363,16,25220
GPP,4364,16,25220
GPP,4365,16,25220
GPP,4366,16,25236
GPP,4367,16,25236
GPP,4368,16,25236
GPP,4369,16,25251
GPP,4370,16,25251
GPP,4371,16,25251
GPP,4372,16,25267
GPP,4373,16,25267
GPP,4374,16,25283
GPP,4375,16,25283
GPP,4376,16,25283
GPP,4377,16,25298
GPP,4378,16,25298
GPP,4379,16,25298
GPP,4380,16,25314
GPP,4381,16,25314
GPP,4382,16,25330
GPP,4383,16,25330
GPP,4384,16,25330
GPP,4385,16,25345
GPP,4386,16,25345
GPP,4387,16,25345
GPP,4388,16,25361
GPP,4389,16,25361
GPP,4390,16,25377
GPP,4391,16,25377
GPP,4392,16,25377
GPP,4393,16,25393
GPP,4394,16,25393
GPP,4395,16,25393
GPP,4396,16,25408
GPP,4397,16,25408
GPP,4398,16,25408
GPP,4399,16,25424
GPP,4400,16,25424
GPP,4401,16,25440
GPP,4402,16,25440
GPP,4403,16,25440
GPP,4404,16,25455
GPP,4405,16,25455
GPP,4406,16,25455
GPP,4407,16,25471
GPP,4408,16,25471
GPP,4409,16,25487
GPP,4410,16,25493
GPP,4411,16,25495
GPP,4412,16,25502
GPP,4413,16,25502
GPP,4414,16,25518
GPP,4415,16,25518
GPP,4416,16,25518
GPP,4417,16,25534
GPP,4418,16,25534
GPP,4419,16,25534
GPP,4420,16,25550
GPP,4421,16,25550
GPP,4422,16,25550
GPP,4423,16,25565
GPP,4424,16,25565
GPP,4425,16,25581
GPP,4426,16,25581
GPP,4427,16,25581
GPP,4428,16,25597
GPP,4429,16,25597
GPP,4430,16,25597
GPP,4431,16,25612
GPP,4432,16,25612
GPP,4433,16,25628
GPP,4434,16,25628
GPP,4435,16,25628
GPP,4436,16,25644
GPP,4437,16,25644
GPP,4438,16,25644
GPP,4439,16,25659
GPP,4440,16,25659
GPP,4441,16,25659
GPP,4442,16,25675
GPP,4443,16,25675
GPP,4444,16,25691
GPP,4445,16,25691
GPP,4446,16,25691
GPP,4447,16,25706
GPP,4448,16,25706
GPP,4449,16,25706
GPP,4450,16,25722
GPP,4451,16,25722
GPP,4452,16,25738
GPP,4453,16,25738
GPP,4454,16,25738
GPP,4455,16,25753
GPP,4456,16,25753
GPP,4457,16,25753
GPP,4458,16,25769
GPP,4459,16,25769
GPP,4460,16,25785
GPP,4461,16,25785
GPP,4462,16,25785
GPP,4463,16,25800
GPP,4464,16,25800
GPP,4465,16,25800
GPP,4466,16,25816
GPP,4467,16,25816
GPP,4468,16,25816
GPP,4469,16,25832
GPP,4470,16,25832
GPP,4471,16,25847
GPP,4472,16,25847
GPP,4473,16,25847
GPP,4474,16,25863
GPP,4475,16,25863
GPP,4476,16,25863
GPP,4477,16,25879
GPP,4478,16,25879
GPP,4479,16,25879
GPP,4480,16,25895
GPP,4481,16,25895
GPP,4482,16,25910
GPP,4483,16,25910
GPP,4484,16,25910
GPP,4485,16,25926
GPP,4486,16,25926
GPP,4487,16,25926
GPP,4488,16,25942
GPP,4489,16,25942
GPP,4490,16,25957
GPP,4491,16,25957
GPP,4492,16,25957
GPP,4493,16,25973
GPP,4494,16,25973
GPP,4495,16,25989
GPP,4496,16,25989
GPP,4497,16,25989
GPP,4498,16,26005
GPP,4499,16,26005
GPP,4500,16,26005
GPP,4501,16,26020
GPP,4502,16,26020
GPP,4503,16,26036
GPP,4504,16,26036
GPP,4505,16,26036
GPP,4506,16,26052
GPP,4507,16,26052
GPP,4508,16,26052
GPP,4509,16,26067
GPP,4510,16,26067
GPP,4511,16,26083
GPP,4512,16,26083
GPP,4513,16,26083
GPP,4514,16,26099
GPP,4515,16,26099
GPP,4516,16,26099
GPP,4517,16,26114
GPP,4518,16,26114
GPP,4519,16,26130
GPP,4520,16,26130
GPP,4521,16,26130
GPP,4522,16,26146
GPP,4523,16,26146
GPP,4524,16,26146
GPP,4525,16,26161
GPP,4526,16,26161
GPP,4527,16,26177
GPP,4528,16,26177
GPP,4529,16,26177
GPP,4530,16,26193
GPP,4531,16,26193
GPP,4532,16,26193
GPP,4533,16,26209
GPP,4534,16,26209
GPP,4535,16,26224
GPP,4536,16,26224
GPP,4537,16,26224
GPP,4538,16,26240
GPP,4539,16,26240
GPP,4540,16,26240
GPP,4541,16,26256
GPP,4542,16,26256
GPP,4543,16,26256
GPP,4544,16,26271
GPP,4545,16,26271
GPP,4546,16,26287
GPP,4547,16,26287
GPP,4548,16,26287
GPP,4549,16,26303
GPP,4550,16,26303
GPP,4551,16,26303
GPP,4552,16,26319
GPP,4553,16,26319
GPP,4554,16,26334
GPP,4555,16,26334
GPP,4556,16,26334
GPP,4557,16,26350
GPP,4558,16,26350
GPP,4559,16,26350
GPP,4560,16,26366
GPP,4561,16,26366
GPP,4562,16,26382
GPP,4563,16,26382
GPP,4564,16,26382
GPP,4565,16,26397
GPP,4566,16,26397
GPP,4567,16,26397
GPP,4568,16,26413
GPP,4569,16,26413
GPP,4570,16,26413
GPP,4571,16,26429
GPP,4572,16,26429
GPP,4573,16,26444
GPP,4574,16,26444
GPP,4575,16,26444
GPP,4576,16,26460
GPP,4577,16,26460
GPP,4578,16,26460
GPP,4579,16,26476
GPP,4580,16,26476
GPP,4581,16,26492
GPP,4582,16,26492
GPP,4583,16,26492
GPP,4584,16,26507
GPP,4585,16,26507
GPP,4586,16,26507
GPP,4587,16,26523
GPP,4588,16,26523
GPP,4589,16,26539
GPP,4590,16,26539
GPP,4591,16,26539
GPP,4592,16,26554
GPP,4593,16,26554
GPP,4594,16,26554
GPP,4595,16,26570
GPP,4596,16,26570
GPP,4597,16,26570
GPP,4598,16,26586
GPP,4599,16,26586
GPP,4600,16,26602
GPP,4601,16,26602
GPP,4602,16,26602
GPP,4603,16,26617
GPP,4604,16,26617
GPP,4605,16,26617
GPP,4606,16,26633
GPP,4607,16,26633
GPP,4608,16,26649
GPP,4609,16,26649
GPP,4610,16,26649
GPP,4611,16,26664
GPP,4612,16,26664
GPP,4613,16,26664
GPP,4614,16,26680
GPP,4615,16,26680
GPP,4616,16,26696
GPP,4617,16,26696
GPP,4618,16,26696
GPP,4619,16,26711
GPP,4620,16,26711
GPP,4621,16,26711
GPP,4622,16,26727
GPP,4623,16,26727
GPP,4624,16,26743
GPP,4625,16,26743
GPP,4626,16,26743
GPP,4627,16,26758
GPP,4628,16,26758
GPP,4629,16,26758
GPP,4630,16,26774
GPP,4631,16,26774
GPP,4632,16,26790
GPP,4633,16,26790
GPP,4634,16,26790
GPP,4635,16,26805
GPP,4636,16,26805
GPP,4637,16,26805
GPP,4638,16,26821
GPP,4639,16,26821
GPP,4640,16,26821
GPP,4641,16,26842
GPP,4642,16,26845
GPP,4643,16,26853
GPP,4644,16,26853
GPP,4645,16,26853
GPP,4646,16,26868
GPP,4647,16,26868
GPP,4648,16,26868
GPP,4649,16,26884
GPP,4650,16,26884
GPP,4651,16,26900
GPP,4652,16,26900
GPP,4653,16,26900
GPP,4654,16,26915
GPP,4655,16,26915
GPP,4656,16,26915
GPP,4657,16,26931
GPP,4658,16,26931
GPP,4659,16,26947
GPP,4660,16,26947
GPP,4661,16,26947
GPP,4662,16,26963
GPP,4663,16,26963
GPP,4664,16,26963
GPP,4665,16,26978
GPP,4666,16,26978
GPP,4667,16,26994
GPP,4668,16,26994
GPP,4669,16,26994
GPP,4670,16,27010
GPP,4671,16,27010
GPP,4672,16,27010
GPP,4673,16,27026
GPP,4674,16,27026
GPP,4675,16,27041
GPP,4676,16,27041
GPP,4677,16,27041
GPP,4678,16,27057
GPP,4679,16,27057
GPP,4680,16,27057
GPP,4681,16,27073
GPP,4682,16,27073
GPP,4683,16,27088
GPP,4684,16,27088
GPP,4685,16,27088
GPP,4686,16,27104
GPP,4687,16,27104
GPP,4688,16,27104
GPP,4689,16,27120
GPP,4690,16,27120
GPP,4691,16,27135
GPP,4692,16,27135
GPP,4693,16,27135
GPP,4694,16,27151
GPP,4695,16,27151
GPP,4696,16,27151
GPP,4697,16,27167
GPP,4698,16,27167
GPP,4699,16,27167
GPP,4700,16,27183
GPP,4701,16,27183
GPP,4702,16,27198
GPP,4703,16,27198
GPP,4704,16,27198
GPP,4705,16,27214
GPP,4706,16,27214
GPP,4707,16,27230
GPP,4708,16,27230
GPP,4709,16,27230
GPP,4710,16,27246
GPP,4711,16,27246
GPP,4712,16,27246
GPP,4713,16,27261
GPP,4714,16,27261
GPP,4715,16,27261
GPP,4716,16,27277
GPP,4717,16,27277
GPP,4718,16,27293
GPP,4719,16,27293
GPP,4720,16,27293
GPP,4721,16,27308
GPP,4722,16,27308
GPP,4723,16,27308
GPP,4724,16,27324
GPP,4725,16,27324
GPP,4726,16,27340
GPP,4727,16,27340
GPP,4728,16,27340
GPP,4729,16,27355
GPP,4730,16,27355
GPP,4731,16,27355
GPP,4732,16,27371
GPP,4733,16,27371
GPP,4734,16,27371
GPP,4735,16,27387
GPP,4736,16,27387
GPP,4737,16,27403
GPP,4738,16,27403
GPP,4739,16,27403
GPP,4740,16,27418
GPP,4741,16,27418
GPP,4742,16,27418
GPP,4743,16,27434
GPP,4744,16,27434
GPP,4745,16,27450
GPP,4746,16,27456
GPP,4747,16,27458
GPP,4748,16,27465
GPP,4749,16,27465
GPP,4750,16,27465
GPP,4751,16,27481
GPP,4752,16,27481
GPP,4753,16,27497
GPP,4754,16,27497
GPP,4755,16,27497
GPP,4756,16,27513
GPP,4757,16,27513
GPP,4758,16,27513
GPP,4759,16,27528
GPP,4760,16,27528
GPP,4761,16,27528
GPP,4762,16,27544
GPP,4763,16,27544
GPP,4764,16,27560
GPP,4765,16,27560
GPP,4766,16,27560
GPP,4767,16,27575
GPP,4768,16,27575
GPP,4769,16,27575
GPP,4770,16,27591
GPP,4771,16,27591
GPP,4772,16,27591
GPP,4773,16,27607
GPP,4774,16,27607
GPP,4775,16,27622
GPP,4776,16,27622
GPP,4777,16,27622
GPP,4778,16,27638
GPP,4779,16,27638
GPP,4780,16,27638
GPP,4781,16,27654
GPP,4782,16,27654
GPP,4783,16,27669
GPP,4784,16,27669
GPP,4785,16,27669
GPP,4786,16,27685
GPP,4787,16,27685
GPP,4788,16,27685
GPP,4789,16,27701
GPP,4790,16,27701
GPP,4791,16,27716
GPP,4792,16,27716
GPP,4793,16,27716
GPP,4794,16,27732
GPP,4795,16,27732
GPP,4796,16,27732
GPP,4797,16,27748
GPP,4798,16,27748
GPP,4799,16,27764
GPP,4800,16,27764
GPP,4801,16,27764
GPP,4802,16,27779
GPP,4803,16,27779
GPP,4804,16,27779
GPP,4805,16,27795
GPP,4806,16,27795
GPP,4807,16,27811
GPP,4808,16,27811
GPP,4809,16,27811
GPP,4810,16,27826
GPP,4811,16,27826
GPP,4812,16,27826
GPP,4813,16,27842
GPP,4814,16,27842
GPP,4815,16,27842
GPP,4816,16,27858
GPP,4817,16,27858
GPP,4818,16,27873
GPP,4819,16,27873
GPP,4820,16,27873
GPP,4821,16,27889
GPP,4822,16,27889
GPP,4823,16,27889
GPP,4824,16,27905
GPP,4825,16,27905
GPP,4826,16,27920
GPP,4827,16,27920
GPP,4828,16,27920
GPP,4829,16,27936
GPP,4830,16,27936
GPP,4831,16,27936
GPP,4832,16,27952
GPP,4833,16,27952
GPP,4834,16,27967
GPP,4835,16,27967
GPP,4836,16,27967
GPP,4837,16,27983
GPP,4838,16,27983
GPP,4839,16,27983
GPP,4840,16,27999
GPP,4841,16,27999
GPP,4842,16,27999
GPP,4843,16,28014
GPP,4844,16,28014
GPP,4845,16,28030
GPP,4846,16,28030
GPP,4847,16,28030
GPP,4848,16,28046
GPP,4849,16,28046
GPP,4850,16,28046
GPP,4851,16,28062
GPP,4852,16,28062
GPP,4853,16,28077
GPP,4854,16,28077
GPP,4855,16,28077
GPP,4856,16,28093
GPP,4857,16,28093
GPP,4858,16,28093
GPP,4859,16,28109
GPP,4860,16,28109
GPP,4861,16,28124
GPP,4862,16,28124
GPP,4863,16,28124
GPP,4864,16,28140
GPP,4865,16,28140
GPP,4866,16,28140
GPP,4867,16,28156
GPP,4868,16,28156
GPP,4869,16,28156
GPP,4870,16,28172
GPP,4871,16,28172
GPP,4872,16,28187
GPP,4873,16,28187
GPP,4874,16,28187
GPP,4875,16,28205
GPP,4876,16,28205
GPP,4877,16,28205
GPP,4878,16,28219
GPP,4879,16,28219
GPP,4880,16,28234
GPP,4881,16,28234
GPP,4882,16,28234
GPP,4883,16,28250
GPP,4884,16,28250
GPP,4885,16,28250
GPP,4886,16,28266
GPP,4887,16,28266
GPP,4888,16,28281
GPP,4889,16,28281
GPP,4890,16,28281
GPP,4891,16,28297
GPP,4892,16,28297
GPP,4893,16,28297
GPP,4894,16,28313
GPP,4895,16,28313
GPP,4896,16,28328
GPP,4897,16,28328
GPP,4898,16,28328
GPP,4899,16,28344
GPP,4900,16,28344
GPP,4901,16,28344
GPP,4902,16,28360
GPP,4903,16,28360
GPP,4904,16,28376
GPP,4905,16,28376
GPP,4906,16,28376
GPP,4907,16,28391
GPP,4908,16,28391
GPP,4909,16,28391
GPP,4910,16,28407
GPP,4911,16,28407
GPP,4912,16,28423
GPP,4913,16,28423
GPP,4914,16,28423
GPP,4915,16,28438
GPP,4916,16,28438
GPP,4917,16,28438
GPP,4918,16,28454
GPP,4919,16,28454
GPP,4920,16,28470
GPP,4921,16,28470
GPP,4922,16,28470
GPP,4923,16,28486
GPP,4924,16,28486
GPP,4925,16,28486
GPP,4926,16,28501
GPP,4927,16,28501
GPP,4928,16,28517
GPP,4929,16,28517
GPP,4930,16,28517
GPP,4931,16,28533
GPP,4932,16,28533
GPP,4933,16,28533
GPP,4934,16,28548
GPP,4935,16,28548
GPP,4936,16,28564
GPP,4937,16,28564
GPP,4938,16,28564
GPP,4939,16,28580
GPP,4940,16,28580
GPP,4941,16,28580
GPP,4942,16,28596
GPP,4943,16,28596
GPP,4944,16,28596
GPP,4945,16,28611
GPP,4946,16,28611
GPP,4947,16,28627
GPP,4948,16,28627
GPP,4949,16,28627
GPP,4950,16,28643
GPP,4951,16,28643
GPP,4952,16,28643
GPP,4953,16,28658
GPP,4954,16,28658
GPP,4955,16,28674
GPP,4956,16,28674
GPP,4957,16,28674
GPP,4958,16,28690
GPP,4959,16,28690
GPP,4960,16,28690
GPP,4961,16,28705
GPP,4962,16,28705
GPP,4963,16,28705
GPP,4964,16,28721
GPP,4965,16,28721
GPP,4966,16,28737
GPP,4967,16,28737
GPP,4968,16,28737
GPP,4969,16,28753
GPP,4970,16,28753
GPP,4971,16,28753
GPP,4972,16,28768
GPP,4973,16,28768
GPP,4974,16,28768
GPP,4975,16,28784
GPP,4976,16,28784
GPP,4977,16,28800
GPP,4978,16,28800
GPP,4979,16,28800
GPP,4980,16,28815
GPP,4981,16,28815
GPP,4982,16,28815
GPP,4983,16,28831
GPP,4984,16,28831
GPP,4985,16,28847
GPP,4986,16,28847
GPP,4987,16,28847
GPP,4988,16,28863
GPP,4989,16,28863
GPP,4990,16,28863
GPP,4991,16,28878
GPP,4992,16,28878
GPP,4993,16,28878
GPP,4994,16,28894
GPP,4995,16,28894
GPP,4996,16,28910
GPP,4997,16,28910
GPP,4998,16,28910
GPP,4999,16,28925
QAP,0,98,0
QAP,1,96,0
QAP,2,92,15
QAP,3,92,31
QAP,4,92,31
QAP,5,90,47
QAP,6,88,47
QAP,7,88,62
QAP,8,88,62
QAP,9,88,78
QAP,10,88,78
QAP,11,88,94
QAP,12,78,94
QAP,13,78,109
QAP,14,78,109
QAP,15,78,125
QAP,16,78,125
QAP,17,78,141
QAP,18,78,141
QAP,19,78,156
QAP,20,78,172
QAP,21,78,172
QAP,22,78,188
QAP,23,78,188
QAP,24,78,204
QAP,25,78,204
QAP,26,78,219
QAP,27,78,219
QAP,28,78,235
QAP,29,78,235
QAP,30,78,250
QAP,31,78,250
QAP,32,78,266
QAP,33,78,266
QAP,34,78,282
QAP,35,78,282
QAP,36,78,298
QAP,37,78,313
QAP,38,76,313
QAP,39,76,329
QAP,40,76,329
QAP,41,76,345
QAP,42,76,345
QAP,43,76,361
QAP,44,72,361
QAP,45,72,376
QAP,46,72,376
QAP,47,72,392
QAP,48,72,392
QAP,49,72,408
QAP,50,72,408
QAP,51,72,423
QAP,52,72,423
QAP,53,72,439
QAP,54,72,455
QAP,55,72,455
QAP,56,72,471
QAP,57,72,471
QAP,58,72,486
QAP,59,70,486
QAP,60,70,502
QAP,61,70,502
QAP,62,70,518
QAP,63,70,518
QAP,64,70,533
QAP,65,70,533
QAP,66,66,549
QAP,67,62,549
QAP,68,62,565
QAP,69,62,580
QAP,70,62,580
QAP,71,62,596
QAP,72,62,596
QAP,73,62,612
QAP,74,62,612
QAP,75,62,629
QAP,76,62,629
QAP,77,62,643
QAP,78,62,643
QAP,79,62,659
QAP,80,62,659
QAP,81,62,675
QAP,82,62,675
QAP,83,62,690
QAP,84,62,690
QAP,85,58,706
QAP,86,58,706
QAP,87,58,722
QAP,88,58,737
QAP,89,58,737
QAP,90,58,753
QAP,91,58,753
QAP,92,58,769
QAP,93,58,769
QAP,94,58,785
QAP,95,58,785
QAP,96,58,800
QAP,97,58,800
QAP,98,58,816
QAP,99,58,816
QAP,100,58,832
QAP,101,58,832
QAP,102,58,847
QAP,103,58,847
QAP,104,58,863
QAP,105,58,879
QAP,106,58,879
QAP,107,58,895
QAP,108,54,895
QAP,109,54,910
QAP,110,54,910
QAP,111,54,926
QAP,112,54,926
QAP,113,54,942
QAP,114,54,942
QAP,115,54,957
QAP,116,54,957
QAP,117,54,973
QAP,118,54,973
QAP,119,54,989
QAP,120,54,1005
QAP,121,54,1005
QAP,122,54,1021
QAP,123,54,1021
QAP,124,54,1036
QAP,125,54,1036
QAP,126,54,1052
QAP,127,54,1052
QAP,128,54,1068
QAP,129,54,1068
QAP,130,54,1083
QAP,131,50,1083
QAP,132,46,1099
QAP,133,46,1099
QAP,134,46,1115
QAP,135,46,1115
QAP,136,46,1131
QAP,137,46,1146
QAP,138,46,1146
QAP,139,46,1162
QAP,140,46,1162
QAP,141,46,1178
QAP,142,46,1178
QAP,143,46,1193
QAP,144,46,1193
QAP,145,46,1209
QAP,146,46,1209
QAP,147,46,1225
QAP,148,46,1225
QAP,149,46,1241
QAP,150,46,1241
QAP,151,46,1256
QAP,152,46,1256
QAP,153,46,1272
QAP,154,46,1272
QAP,155,46,1288
QAP,156,46,1303
QAP,157,46,1303
QAP,158,46,1319
QAP,159,46,1319
QAP,160,46,1335
QAP,161,46,1335
QAP,162,46,1350
QAP,163,46,1350
QAP,164,42,1366
QAP,165,42,1366
QAP,166,42,1382
QAP,167,42,1382
QAP,168,42,1397
QAP,169,42,1397
QAP,170,42,1413
QAP,171,42,1429
QAP,172,42,1429
QAP,173,42,1444
QAP,174,42,1444
QAP,175,42,1460
QAP,176,42,1460
QAP,177,42,1476
QAP,178,42,1476
QAP,179,42,1492
QAP,180,38,1492
QAP,181,38,1507
QAP,182,34,1507
QAP,183,34,1523
QAP,184,34,1523
QAP,185,34,1539
QAP,186,34,1539
QAP,187,34,1554
QAP,188,34,1554
QAP,189,34,1570
QAP,190,34,1586
QAP,191,34,1586
QAP,192,34,1601
QAP,193,34,1601
QAP,194,34,1617
QAP,195,34,1617
QAP,196,34,1633
QAP,197,34,1633
QAP,198,34,1649
QAP,199,34,1649
QAP,200,34,1664
QAP,201,34,1664
QAP,202,34,1680
QAP,203,34,1680
QAP,204,34,1696
QAP,205,34,1696
QAP,206,34,1711
QAP,207,34,1727
QAP,208,34,1727
QAP,209,34,1743
QAP,210,34,1743
QAP,211,34,1758
QAP,212,34,1758
QAP,213,34,1774
QAP,214,34,1774
QAP,215,30,1790
QAP,216,30,1790
QAP,217,30,1805
QAP,218,30,1805
QAP,219,30,1821
QAP,220,30,1821
QAP,221,30,1837
QAP,222,30,1837
QAP,223,30,1852
QAP,224,30,1868
QAP,225,30,1868
QAP,226,30,1884
QAP,227,30,1884
QAP,228,30,1900
QAP,229,30,1900
QAP,230,30,1915
QAP,231,30,1915
QAP,232,30,1931
QAP,233,30,1931
QAP,234,30,1947
QAP,235,30,1947
QAP,236,30,1962
QAP,237,30,1962
QAP,238,30,1978
QAP,239,30,1978
QAP,240,30,2002
QAP,241,30,2009
QAP,242,30,2009
QAP,243,30,2025
QAP,244,30,2025
QAP,245,30,2041
QAP,246,30,2041
QAP,247,30,2056
QAP,248,30,2056
QAP,249,30,2072
QAP,250,30,2072
QAP,251,30,2088
QAP,252,30,2088
QAP,253,30,2104
QAP,254,30,2104
QAP,255,30,2119
QAP,256,30,2135
QAP,257,30,2135
QAP,258,30,2151
QAP,259,30,2151
QAP,260,30,2166
QAP,261,30,2166
QAP,262,30,2182
QAP,263,30,2182
QAP,264,30,2198
QAP,265,30,2198
QAP,266,30,2214
QAP,267,30,2214
QAP,268,30,2229
QAP,269,30,2229
QAP,270,30,2245
QAP,271,30,2245
QAP,272,30,2261
QAP,273,30,2276
QAP,274,30,2276
QAP,275,30,2292
QAP,276,30,2292
QAP,277,30,2308
QAP,278,30,2308
QAP,279,30,2323
QAP,280,30,2323
QAP,281,30,2339
QAP,282,30,2339
QAP,283,30,2359
QAP,284,30,2364
QAP,285,30,2371
QAP,286,30,2371
QAP,287,30,2386
QAP,288,30,2386
QAP,289,30,2402
QAP,290,30,2418
QAP,291,30,2418
QAP,292,30,2433
QAP,293,30,2433
QAP,294,30,2449
QAP,295,30,2449
QAP,296,30,2465
QAP,297,30,2465
QAP,298,30,2481
QAP,299,30,2481
QAP,300,30,2496
QAP,301,30,2496
QAP,302,30,2512
QAP,303,30,2512
QAP,304,30,2528
QAP,305,30,2528
QAP,306,30,2543
QAP,307,30,2559
QAP,308,30,2559
QAP,309,30,2575
QAP,310,30,2575
QAP,311,30,2590
QAP,312,30,2590
QAP,313,30,2606
QAP,314,30,2606
QAP,315,30,2622
QAP,316,30,2622
QAP,317,30,2637
QAP,318,30,2637
QAP,319,30,2653
QAP,320,30,2653
QAP,321,30,2669
QAP,322,30,2669
QAP,323,30,2684
QAP,324,30,2700
QAP,325,30,2700
QAP,326,30,2716
QAP,327,30,2716
QAP,328,30,2732
QAP,329,30,2732
QAP,330,30,2747
QAP,331,30,2747
QAP,332,30,2763
QAP,333,30,2763
QAP,334,30,2779
QAP,335,30,2779
QAP,336,30,2795
QAP,337,30,2795
QAP,338,30,2810
QAP,339,30,2810
QAP,340,30,2826
QAP,341,30,2842
QAP,342,30,2842
QAP,343,30,2857
QAP,344,30,2857
QAP,345,30,2873
QAP,346,30,2873
QAP,347,30,2889
QAP,348,30,2889
QAP,349,30,2905
QAP,350,30,2905
QAP,351,30,2920
QAP,352,30,2920
QAP,353,30,2936
QAP,354,30,2936
QAP,355,30,2952
QAP,356,30,2952
QAP,357,30,2968
QAP,358,30,2983
QAP,359,30,2983
QAP,360,30,2999
QAP,361,30,2999
QAP,362,30,3015
QAP,363,30,3015
QAP,364,30,3030
QAP,365,30,3030
QAP,366,30,3046
QAP,367,30,3046
QAP,368,30,3062
QAP,369,30,3062
QAP,370,30,3077
QAP,371,30,3077
QAP,372,30,3093
QAP,373,30,3093
QAP,374,30,3109
QAP,375,30,3125
QAP,376,30,3125
QAP,377,30,3140
QAP,378,30,3140
QAP,379,30,3156
QAP,380,30,3156
QAP,381,30,3172
QAP,382,30,3172
QAP,383,30,3188
QAP,384,30,3188
QAP,385,30,3203
QAP,386,30,3203
QAP,387,30,3219
QAP,388,30,3219
QAP,389,30,3234
QAP,390,30,3234
QAP,391,30,3250
QAP,392,30,3266
QAP,393,30,3266
QAP,394,30,3282
QAP,395,30,3282
QAP,396,30,3297
QAP,397,30,3297
QAP,398,30,3313
QAP,399,30,3313
QAP,400,30,3329
QAP,401,30,3329
QAP,402,30,3344
QAP,403,30,3360
QAP,404,30,3369
QAP,405,30,3376
QAP,406,30,3376
QAP,407,30,3391
QAP,408,30,3391
QAP,409,30,3407
QAP,410,30,3407
QAP,411,30,3423
QAP,412,30,3423
QAP,413,30,3438
QAP,414,30,3438
QAP,415,30,3454
QAP,416,30,3470
QAP,417,30,3470
QAP,418,30,3486
QAP,419,30,3486
QAP,420,30,3501
QAP,421,30,3501
QAP,422,30,3517
QAP,423,30,3517
QAP,424,30,3533
QAP,425,30,3533
QAP,426,30,3548
QAP,427,30,3564
QAP,428,30,3564
QAP,429,30,3580
QAP,430,30,3580
QAP,431,30,3595
QAP,432,30,3595
QAP,433,30,3611
QAP,434,30,3611
QAP,435,30,3627
QAP,436,30,3627
QAP,437,30,3643
QAP,438,30,3658
QAP,439,30,3658
QAP,440,30,3674
QAP,441,30,3674
QAP,442,30,3689
QAP,443,30,3689
QAP,444,30,3705
QAP,445,30,3705
QAP,446,30,3721
QAP,447,30,3721
QAP,448,30,3737
QAP,449,30,3752
QAP,450,30,3752
QAP,451,30,3768
QAP,452,30,3768
QAP,453,30,3784
QAP,454,30,3784
QAP,455,30,3799
QAP,456,30,3799
QAP,457,30,3815
QAP,458,30,3815
QAP,459,30,3831
QAP,460,30,3847
QAP,461,30,3847
QAP,462,30,3862
QAP,463,30,3862
QAP,464,30,3878
QAP,465,30,3878
QAP,466,30,3894
QAP,467,30,3894
QAP,468,30,3909
QAP,469,30,3909
QAP,470,30,3925
QAP,471,30,3925
QAP,472,30,3941
QAP,473,30,3956
QAP,474,30,3956
QAP,475,30,3972
QAP,476,30,3972
QAP,477,30,3988
QAP,478,30,3988
QAP,479,30,4004
QAP,480,30,4004
QAP,481,30,4019
QAP,482,30,4019
QAP,483,30,4035
QAP,484,30,4051
QAP,485,30,4051
QAP,486,30,4067
QAP,487,30,4067
QAP,488,30,4083
QAP,489,30,4083
QAP,490,30,4098
QAP,491,30,4098
QAP,492,30,4114
QAP,493,30,4114
QAP,494,30,4130
QAP,495,30,4145
QAP,496,30,4145
QAP,497,30,4161
QAP,498,30,4161
QAP,499,30,4177
QAP,500,30,4177
QAP,501,30,4192
QAP,502,30,4192
QAP,503,30,4208
QAP,504,30,4208
QAP,505,30,4224
QAP,506,30,4224
QAP,507,30,4239
QAP,508,30,4255
QAP,509,30,4255
QAP,510,30,4271
QAP,511,30,4271
QAP,512,30,4287
QAP,513,30,4287
QAP,514,30,4302
QAP,515,30,4302
QAP,516,30,4318
QAP,517,30,4318
QAP,518,30,4334
QAP,519,30,4349
QAP,520,30,4349
QAP,521,30,4365
QAP,522,30,4365
QAP,523,30,4381
QAP,524,30,4381
QAP,525,30,4396
QAP,526,30,4396
QAP,527,30,4412
QAP,528,30,4412
QAP,529,30,4428
QAP,530,30,4444
QAP,531,30,4444
QAP,532,30,4459
QAP,533,30,4459
QAP,534,30,4475
QAP,535,30,4475
QAP,536,30,4491
QAP,537,30,4491
QAP,538,30,4506
QAP,539,30,4506
QAP,540,30,4522
QAP,541,30,4538
QAP,542,30,4538
QAP,543,30,4554
QAP,544,30,4554
QAP,545,30,4569
QAP,546,30,4569
QAP,547,30,4585
QAP,548,30,4585
QAP,549,30,4601
QAP,550,30,4601
QAP,551,30,4616
QAP,552,30,4632
QAP,553,30,4632
QAP,554,30,4648
QAP,555,30,4648
QAP,556,30,4663
QAP,557,30,4663
QAP,558,30,4679
QAP,559,30,4679
QAP,560,30,4695
QAP,561,30,4695
QAP,562,30,4711
QAP,563,30,4711
QAP,564,30,4734
QAP,565,30,4742
QAP,566,30,4742
QAP,567,30,4758
QAP,568,30,4758
QAP,569,30,4774
QAP,570,30,4774
QAP,571,30,4789
QAP,572,30,4789
QAP,573,30,4805
QAP,574,30,4805
QAP,575,30,4821
QAP,576,30,4837
QAP,577,30,4837
QAP,578,30,4852
QAP,579,30,4852
QAP,580,30,4868
QAP,581,30,4868
QAP,582,30,4883
QAP,583,30,4883
QAP,584,30,4899
QAP,585,30,4899
QAP,586,30,4915
QAP,587,30,4931
QAP,588,30,4931
QAP,589,30,4946
QAP,590,30,4946
QAP,591,30,4962
QAP,592,30,4962
QAP,593,30,4978
QAP,594,30,4978
QAP,595,30,4993
QAP,596,30,4993
QAP,597,30,5009
QAP,598,30,5025
QAP,599,30,5025
QAP,600,30,5041
QAP,601,30,5041
QAP,602,30,5056
QAP,603,30,5056
QAP,604,30,5072
QAP,605,30,5072
QAP,606,30,5088
QAP,607,30,5088
QAP,608,30,5103
QAP,609,30,5119
QAP,610,30,5119
QAP,611,30,5135
QAP,612,30,5135
QAP,613,30,5151
QAP,614,30,5151
QAP,615,30,5166
QAP,616,30,5166
QAP,617,30,5182
QAP,618,30,5182
QAP,619,30,5198
QAP,620,30,5198
QAP,621,30,5214
QAP,622,30,5229
QAP,623,30,5229
QAP,624,30,5245
QAP,625,30,5245
QAP,626,30,5261
QAP,627,30,5261
QAP,628,30,5276
QAP,629,30,5276
QAP,630,30,5292
QAP,631,30,5292
QAP,632,30,5308
QAP,633,30,5324
QAP,634,30,5324
QAP,635,30,5339
QAP,636,30,5339
QAP,637,30,5355
QAP,638,30,5355
QAP,639,30,5371
QAP,640,30,5371
QAP,641,30,5386
QAP,642,30,5402
QAP,643,30,5402
QAP,644,30,5418
QAP,645,30,5418
QAP,646,30,5433
QAP,647,30,5433
QAP,648,30,5449
QAP,649,30,5449
QAP,650,30,5465
QAP,651,30,5465
QAP,652,30,5481
QAP,653,30,5496
QAP,654,30,5496
QAP,655,30,5512
QAP,656,30,5512
QAP,657,30,5528
QAP,658,30,5528
QAP,659,30,5543
QAP,660,30,5543
QAP,661,30,5559
QAP,662,30,5559
QAP,663,30,5575
QAP,664,30,5590
QAP,665,30,5590
QAP,666,30,5606
QAP,667,30,5606
QAP,668,30,5622
QAP,669,30,5622
QAP,670,30,5637
QAP,671,30,5637
QAP,672,30,5653
QAP,673,30,5653
QAP,674,30,5669
QAP,675,30,5684
QAP,676,30,5684
QAP,677,30,5700
QAP,678,30,5700
QAP,679,30,5716
QAP,680,30,5716
QAP,681,30,5732
QAP,682,30,5732
QAP,683,30,5747
QAP,684,30,5747
QAP,685,30,5763
QAP,686,30,5779
QAP,687,30,5779
QAP,688,30,5794
QAP,689,30,5794
QAP,690,30,5810
QAP,691,30,5810
QAP,692,30,5826
QAP,693,30,5826
QAP,694,30,5841
QAP,695,30,5841
QAP,696,30,5857
QAP,697,30,5873
QAP,698,30,5873
QAP,699,30,5888
QAP,700,30,5888
QAP,701,30,5904
QAP,702,30,5904
QAP,703,30,5920
QAP,704,30,5920
QAP,705,30,5936
QAP,706,30,5936
QAP,707,30,5951
QAP,708,30,5951
QAP,709,30,5967
QAP,710,30,5983
QAP,711,30,5983
QAP,712,30,5998
QAP,713,30,5998
QAP,714,30,6014
QAP,715,30,6014
QAP,716,30,6030
QAP,717,30,6030
QAP,718,30,6046
QAP,719,30,6061
QAP,720,30,6061
QAP,721,30,6077
QAP,722,30,6085
QAP,723,30,6093
QAP,724,30,6093
QAP,725,30,6108
QAP,726,30,6108
QAP,727,30,6124
QAP,728,30,6124
QAP,729,30,6140
QAP,730,30,6156
QAP,731,30,6156
QAP,732,30,6171
QAP,733,30,6171
QAP,734,30,6187
QAP,735,30,6187
QAP,736,30,6202
QAP,737,30,6202
QAP,738,30,6218
QAP,739,30,6234
QAP,740,30,6234
QAP,741,30,6250
QAP,742,30,6250
QAP,743,30,6265
QAP,744,30,6265
QAP,745,30,6281
QAP,746,30,6281
QAP,747,30,6297
QAP,748,30,6297
QAP,749,30,6313
QAP,750,30,6328
QAP,751,30,6328
QAP,752,30,6344
QAP,753,30,6344
QAP,754,30,6360
QAP,755,30,6360
QAP,756,30,6376
QAP,757,30,6376
QAP,758,30,6391
QAP,759,30,6391
QAP,760,30,6407
QAP,761,30,6423
QAP,762,30,6423
QAP,763,30,6438
QAP,764,30,6438
QAP,765,30,6454
QAP,766,30,6454
QAP,767,30,6470
QAP,768,30,6470
QAP,769,30,6485
QAP,770,30,6485
QAP,771,30,6501
QAP,772,30,6517
QAP,773,30,6517
QAP,774,30,6532
QAP,775,30,6532
QAP,776,30,6548
QAP,777,30,6548
QAP,778,30,6564
QAP,779,30,6564
QAP,780,30,6579
QAP,781,30,6579
QAP,782,30,6595
QAP,783,30,6611
QAP,784,30,6611
QAP,785,30,6626
QAP,786,30,6626
QAP,787,30,6642
QAP,788,30,6642
QAP,789,30,6658
QAP,790,30,6658
QAP,791,30,6673
QAP,792,30,6673
QAP,793,30,6690
QAP,794,30,6705
QAP,795,30,6705
QAP,796,30,6721
QAP,797,30,6721
QAP,798,30,6737
QAP,799,30,6737
QAP,800,30,6752
QAP,801,30,6752
QAP,802,30,6768
QAP,803,30,6768
QAP,804,30,6784
QAP,805,30,6799
QAP,806,30,6799
QAP,807,30,6815
QAP,808,30,6815
QAP,809,30,6831
QAP,810,30,6831
QAP,811,30,6846
QAP,812,30,6846
QAP,813,30,6862
QAP,814,30,6862
QAP,815,30,6878
QAP,816,30,6893
QAP,817,30,6893
QAP,818,30,6909
QAP,819,30,6909
QAP,820,30,6925
QAP,821,30,6925
QAP,822,30,6940
QAP,823,30,6940
QAP,824,30,6956
QAP,825,30,6956
QAP,826,30,6972
QAP,827,30,6987
QAP,828,26,6987
QAP,829,26,7003
QAP,830,26,7003
QAP,831,26,7019
QAP,832,26,7019
QAP,833,26,7035
QAP,834,26,7035
QAP,835,26,7050
QAP,836,26,7050
QAP,837,26,7066
QAP,838,26,7066
QAP,839,26,7082
QAP,840,26,7097
QAP,841,26,7097
QAP,842,26,7113
QAP,843,26,7113
QAP,844,26,7129
QAP,845,26,7129
QAP,846,26,7144
QAP,847,26,7144
QAP,848,26,7160
QAP,849,26,7160
QAP,850,26,7176
QAP,851,26,7176
QAP,852,26,7191
QAP,853,26,7207
QAP,854,26,7207
QAP,855,26,7223
QAP,856,26,7223
QAP,857,26,7238
QAP,858,26,7238
QAP,859,26,7254
QAP,860,26,7254
QAP,861,26,7270
QAP,862,26,7270
QAP,863,26,7285
QAP,864,26,7285
QAP,865,26,7301
QAP,866,26,7301
QAP,867,26,7317
QAP,868,26,7317
QAP,869,26,7332
QAP,870,26,7348
QAP,871,26,7348
QAP,872,26,7364
QAP,873,26,7374
QAP,874,26,7382
QAP,875,26,7391
QAP,876,26,7399
QAP,877,26,7406
QAP,878,26,7416
QAP,879,26,7425
QAP,880,26,7432
QAP,881,26,7441
QAP,882,26,7450
QAP,883,26,7458
QAP,884,26,7465
QAP,885,26,7475
QAP,886,26,7482
QAP,887,22,7492
QAP,888,22,7499
QAP,889,22,7508
QAP,890,22,7517
QAP,891,22,7525
QAP,892,22,7533
QAP,893,22,7541
QAP,894,22,7549
QAP,895,22,7558
QAP,896,22,7566
QAP,897,22,7575
QAP,898,22,7584
QAP,899,22,7592
QAP,900,22,7600
QAP,901,22,7609
QAP,902,22,7618
QAP,903,22,7625
QAP,904,22,7634
QAP,905,22,7642
QAP,906,22,7650
QAP,907,22,7659
QAP,908,22,7668
QAP,909,22,7675
QAP,910,22,7683
QAP,911,22,7692
QAP,912,22,7701
QAP,913,22,7710
QAP,914,22,7717
QAP,915,22,7726
QAP,916,22,7733
QAP,917,22,7743
QAP,918,22,7750
QAP,919,22,7759
QAP,920,22,7766
QAP,921,22,7776
QAP,922,22,7784
QAP,923,22,7792
QAP,924,22,7799
QAP,925,22,7809
QAP,926,22,7817
QAP,927,22,7826
QAP,928,22,7835
QAP,929,22,7842
QAP,930,22,7851
QAP,931,22,7860
QAP,932,22,7868
QAP,933,22,7876
QAP,934,22,7884
QAP,935,22,7893
QAP,936,22,7902
QAP,937,22,7909
QAP,938,22,7918
QAP,939,18,7927
QAP,940,18,7934
QAP,941,18,7942
QAP,942,18,7951
QAP,943,18,7958
QAP,944,18,7966
QAP,945,18,7976
QAP,946,18,7984
QAP,947,18,7993
QAP,948,18,8000
QAP,949,18,8008
QAP,950,18,8018
QAP,951,18,8026
QAP,952,18,8034
QAP,953,14,8042
QAP,954,14,8051
QAP,955,14,8060
QAP,956,14,8067
QAP,957,14,8075
QAP,958,14,8085
QAP,959,14,8093
QAP,960,14,8100
QAP,961,14,8110
QAP,962,14,8119
QAP,963,14,8126
QAP,964,14,8134
QAP,965,14,8143
QAP,966,14,8152
QAP,967,14,8161
QAP,968,14,8169
QAP,969,14,8178
QAP,970,14,8185
QAP,971,14,8194
QAP,972,14,8202
QAP,973,14,8211
QAP,974,14,8218
QAP,975,14,8227
QAP,976,14,8237
QAP,977,14,8244
QAP,978,14,8254
QAP,979,14,8262
QAP,980,14,8270
QAP,981,14,8278
QAP,982,14,8287
QAP,983,14,8295
QAP,984,14,8304
QAP,985,14,8313
QAP,986,14,8321
QAP,987,14,8328
QAP,988,14,8338
QAP,989,14,8346
QAP,990,14,8354
QAP,991,14,8363
QAP,992,14,8372
QAP,993,14,8379
QAP,994,14,8388
QAP,995,14,8396
QAP,996,14,8403
QAP,997,14,8413
QAP,998,14,8420
QAP,999,14,8428
QAP,1000,14,8437
QAP,1001,14,8446
QAP,1002,14,8446
QAP,1003,14,8461
QAP,1004,14,8461
QAP,1005,14,8477
QAP,1006,14,8477
QAP,1007,14,8493
QAP,1008,14,8493
QAP,1009,14,8509
QAP,1010,14,8524
QAP,1011,14,8532
QAP,1012,14,8540
QAP,1013,14,8540
QAP,1014,14,8556
QAP,1015,14,8556
QAP,1016,14,8572
QAP,1017,14,8572
QAP,1018,14,8587
QAP,1019,14,8587
QAP,1020,14,8603
QAP,1021,14,8603
QAP,1022,14,8619
QAP,1023,14,8634
QAP,1024,14,8634
QAP,1025,14,8650
QAP,1026,14,8650
QAP,1027,14,8666
QAP,1028,14,8666
QAP,1029,14,8681
QAP,1030,14,8681
QAP,1031,10,8697
QAP,1032,10,8697
QAP,1033,10,8713
QAP,1034,10,8713
QAP,1035,10,8728
QAP,1036,10,8728
QAP,1037,10,8744
QAP,1038,10,8760
QAP,1039,10,8760
QAP,1040,10,8776
QAP,1041,10,8776
QAP,1042,10,8791
QAP,1043,10,8791
QAP,1044,10,8811
QAP,1045,10,8815
QAP,1046,10,8823
QAP,1047,10,8823
QAP,1048,10,8838
QAP,1049,10,8838
QAP,1050,10,8854
QAP,1051,10,8854
QAP,1052,10,8870
QAP,1053,10,8885
QAP,1054,10,8885
QAP,1055,10,8901
QAP,1056,10,8901
QAP,1057,10,8917
QAP,1058,10,8917
QAP,1059,10,8932
QAP,1060,10,8932
QAP,1061,10,8948
QAP,1062,10,8948
QAP,1063,10,8964
QAP,1064,10,8964
QAP,1065,10,8980
QAP,1066,10,8980
QAP,1067,10,8995
QAP,1068,10,9011
QAP,1069,10,9011
QAP,1070,10,9027
QAP,1071,10,9027
QAP,1072,10,9042
QAP,1073,10,9042
QAP,1074,10,9058
QAP,1075,10,9058
QAP,1076,10,9074
QAP,1077,10,9074
QAP,1078,10,9089
QAP,1079,10,9105
QAP,1080,10,9105
QAP,1081,10,9121
QAP,1082,10,9121
QAP,1083,10,9137
QAP,1084,10,9137
QAP,1085,10,9152
QAP,1086,10,9152
QAP,1087,10,9168
QAP,1088,10,9168
QAP,1089,10,9184
QAP,1090,10,9184
QAP,1091,10,9200
QAP,1092,10,9200
QAP,1093,10,9215
QAP,1094,10,9231
QAP,1095,10,9231
QAP,1096,10,9247
QAP,1097,10,9247
QAP,1098,10,9262
QAP,1099,10,9262
QAP,1100,10,9278
QAP,1101,10,9278
QAP,1102,10,9294
QAP,1103,10,9294
QAP,1104,10,9310
QAP,1105,10,9325
QAP,1106,10,9325
QAP,1107,10,9341
QAP,1108,10,9341
QAP,1109,10,9357
QAP,1110,10,9357
QAP,1111,10,9372
QAP,1112,10,9372
QAP,1113,10,9388
QAP,1114,10,9388
QAP,1115,10,9404
QAP,1116,10,9404
QAP,1117,10,9420
QAP,1118,10,9420
QAP,1119,10,9435
QAP,1120,10,9451
QAP,1121,10,9451
QAP,1122,10,9467
QAP,1123,10,9467
QAP,1124,10,9482
QAP,1125,10,9482
QAP,1126,10,9498
QAP,1127,10,9498
QAP,1128,10,9514
QAP,1129,10,9514
QAP,1130,10,9530
QAP,1131,10,9530
QAP,1132,10,9545
QAP,1133,10,9545
QAP,1134,10,9561
QAP,1135,10,9561
QAP,1136,10,9577
QAP,1137,10,9593
QAP,1138,10,9593
QAP,1139,10,9608
QAP,1140,10,9608
QAP,1141,10,9624
QAP,1142,10,9624
QAP,1143,10,9640
QAP,1144,10,9640
QAP,1145,10,9655
QAP,1146,10,9655
QAP,1147,10,9671
QAP,1148,10,9671
QAP,1149,10,9687
QAP,1150,10,9687
QAP,1151,10,9703
QAP,1152,10,9703
QAP,1153,10,9718
QAP,1154,10,9718
QAP,1155,10,9734
QAP,1156,10,9750
QAP,1157,10,9750
QAP,1158,10,9765
QAP,1159,10,9765
QAP,1160,10,9781
QAP,1161,10,9781
QAP,1162,10,9797
QAP,1163,10,9797
QAP,1164,10,9813
QAP,1165,10,9813
QAP,1166,10,9828
QAP,1167,10,9828
QAP,1168,10,9844
QAP,1169,10,9860
QAP,1170,10,9860
QAP,1171,10,9876
QAP,1172,10,9876
QAP,1173,10,9891
QAP,1174,10,9891
QAP,1175,10,9907
QAP,1176,10,9907
QAP,1177,10,9923
QAP,1178,10,9923
QAP,1179,10,9938
QAP,1180,10,9938
QAP,1181,10,9954
QAP,1182,10,9954
QAP,1183,10,9970
QAP,1184,10,9970
QAP,1185,10,9985
QAP,1186,10,10001
QAP,1187,10,10001
QAP,1188,10,10017
QAP,1189,10,10017
QAP,1190,10,10032
QAP,1191,10,10032
QAP,1192,10,10048
QAP,1193,10,10048
QAP,1194,10,10064
QAP,1195,10,10064
QAP,1196,10,10079
QAP,1197,10,10079
QAP,1198,10,10095
QAP,1199,10,10111
QAP,1200,10,10111
QAP,1201,10,10127
QAP,1202,10,10127
QAP,1203,10,10142
QAP,1204,10,10142
QAP,1205,10,10158
QAP,1206,10,10158
QAP,1207,10,10178
QAP,1208,10,10182
QAP,1209,10,10189
QAP,1210,10,10189
QAP,1211,10,10205
QAP,1212,10,10205
QAP,1213,10,10221
QAP,1214,10,10236
QAP,1215,10,10236
QAP,1216,10,10252
QAP,1217,10,10252
QAP,1218,10,10268
QAP,1219,10,10268
QAP,1220,10,10284
QAP,1221,10,10284
QAP,1222,10,10299
QAP,1223,10,10299
QAP,1224,10,10315
QAP,1225,10,10315
QAP,1226,10,10331
QAP,1227,10,10331
QAP,1228,10,10346
QAP,1229,10,10362
QAP,1230,10,10362
QAP,1231,10,10378
QAP,1232,10,10378
QAP,1233,10,10393
QAP,1234,10,10393
QAP,1235,10,10409
QAP,1236,10,10409
QAP,1237,10,10425
QAP,1238,10,10425
QAP,1239,10,10441
QAP,1240,10,10441
QAP,1241,10,10456
QAP,1242,10,10472
QAP,1243,10,10472
QAP,1244,10,10488
QAP,1245,10,10488
QAP,1246,10,10503
QAP,1247,10,10503
QAP,1248,10,10519
QAP,1249,10,10519
QAP,1250,10,10535
QAP,1251,10,10535
QAP,1252,10,10551
QAP,1253,10,10566
QAP,1254,10,10566
QAP,1255,10,10582
QAP,1256,10,10582
QAP,1257,10,10598
QAP,1258,10,10598
QAP,1259,10,10613
QAP,1260,10,10613
QAP,1261,10,10629
QAP,1262,10,10629
QAP,1263,10,10645
QAP,1264,10,10660
QAP,1265,10,10660
QAP,1266,10,10676
QAP,1267,10,10676
QAP,1268,10,10692
QAP,1269,10,10692
QAP,1270,10,10708
QAP,1271,10,10708
QAP,1272,10,10723
QAP,1273,10,10723
QAP,1274,10,10739
QAP,1275,10,10755
QAP,1276,10,10755
QAP,1277,10,10771
QAP,1278,10,10771
QAP,1279,10,10786
QAP,1280,10,10786
QAP,1281,10,10802
QAP,1282,10,10802
QAP,1283,10,10818
QAP,1284,10,10818
QAP,1285,10,10834
QAP,1286,10,10834
QAP,1287,10,10849
QAP,1288,10,10865
QAP,1289,10,10865
QAP,1290,10,10881
QAP,1291,10,10881
QAP,1292,10,10896
QAP,1293,10,10896
QAP,1294,10,10912
QAP,1295,10,10912
QAP,1296,10,10928
QAP,1297,10,10943
QAP,1298,10,10943
QAP,1299,10,10959
QAP,1300,10,10959
QAP,1301,10,10975
QAP,1302,10,10975
QAP,1303,10,10990
QAP,1304,10,10990
QAP,1305,10,11006
QAP,1306,10,11006
QAP,1307,10,11022
QAP,1308,10,11038
QAP,1309,10,11038
QAP,1310,10,11053
QAP,1311,10,11053
QAP,1312,10,11069
QAP,1313,10,11069
QAP,1314,10,11085
QAP,1315,10,11085
QAP,1316,10,11100
QAP,1317,10,11100
QAP,1318,10,11116
QAP,1319,10,11132
QAP,1320,10,11132
QAP,1321,10,11147
QAP,1322,10,11147
QAP,1323,10,11163
QAP,1324,10,11163
QAP,1325,10,11179
QAP,1326,10,11179
QAP,1327,10,11195
QAP,1328,10,11195
QAP,1329,10,11210
QAP,1330,10,11226
QAP,1331,10,11226
QAP,1332,10,11242
QAP,1333,10,11242
QAP,1334,10,11257
QAP,1335,10,11257
QAP,1336,10,11273
QAP,1337,10,11273
QAP,1338,10,11289
QAP,1339,10,11289
QAP,1340,10,11304
QAP,1341,10,11320
QAP,1342,10,11320
QAP,1343,10,11336
QAP,1344,10,11336
QAP,1345,10,11352
QAP,1346,10,11352
QAP,1347,10,11367
QAP,1348,10,11367
QAP,1349,10,11383
QAP,1350,10,11399
QAP,1351,10,11399
QAP,1352,10,11414
QAP,1353,10,11414
QAP,1354,10,11430
QAP,1355,10,11430
QAP,1356,10,11446
QAP,1357,10,11446
QAP,1358,10,11462
QAP,1359,10,11462
QAP,1360,10,11477
QAP,1361,10,11493
QAP,1362,10,11493
QAP,1363,10,11509
QAP,1364,10,11509
QAP,1365,10,11524
QAP,1366,10,11524
QAP,1367,10,11544
QAP,1368,10,11556
QAP,1369,10,11556
QAP,1370,10,11572
QAP,1371,10,11572
QAP,1372,10,11587
QAP,1373,10,11587
QAP,1374,10,11603
QAP,1375,10,11603
QAP,1376,10,11619
QAP,1377,10,11634
QAP,1378,10,11634
QAP,1379,10,11650
QAP,1380,10,11650
QAP,1381,10,11666
QAP,1382,10,11666
QAP,1383,10,11681
QAP,1384,10,11681
QAP,1385,10,11697
QAP,1386,10,11697
QAP,1387,10,11713
QAP,1388,10,11713
QAP,1389,10,11728
QAP,1390,10,11744
QAP,1391,10,11744
QAP,1392,10,11760
QAP,1393,10,11760
QAP,1394,10,11776
QAP,1395,10,11776
QAP,1396,10,11791
QAP,1397,10,11791
QAP,1398,10,11807
QAP,1399,10,11807
QAP,1400,10,11823
QAP,1401,10,11839
QAP,1402,10,11839
QAP,1403,10,11854
QAP,1404,10,11854
QAP,1405,10,11870
QAP,1406,10,11870
QAP,1407,10,11885
QAP,1408,10,11885
QAP,1409,10,11901
QAP,1410,10,11901
QAP,1411,10,11917
QAP,1412,10,11933
QAP,1413,10,11933
QAP,1414,10,11948
QAP,1415,10,11948
QAP,1416,10,11964
QAP,1417,10,11964
QAP,1418,10,11980
QAP,1419,10,11980
QAP,1420,10,11995
QAP,1421,10,11995
QAP,1422,10,12011
QAP,1423,10,12027
QAP,1424,10,12027
QAP,1425,10,12043
QAP,1426,10,12043
QAP,1427,10,12058
QAP,1428,10,12058
QAP,1429,10,12074
QAP,1430,10,12074
QAP,1431,10,12090
QAP,1432,10,12105
QAP,1433,10,12105
QAP,1434,10,12121
QAP,1435,10,12121
QAP,1436,10,12137
QAP,1437,10,12137
QAP,1438,10,12153
QAP,1439,10,12153
QAP,1440,10,12168
QAP,1441,10,12168
QAP,1442,10,12184
QAP,1443,10,12200
QAP,1444,10,12200
QAP,1445,10,12215
QAP,1446,10,12215
QAP,1447,10,12231
QAP,1448,10,12231
QAP,1449,10,12247
QAP,1450,10,12247
QAP,1451,10,12262
QAP,1452,10,12278
QAP,1453,10,12278
QAP,1454,10,12294
QAP,1455,10,12294
QAP,1456,10,12310
QAP,1457,10,12310
QAP,1458,10,12325
QAP,1459,10,12325
QAP,1460,10,12341
QAP,1461,10,12341
QAP,1462,10,12357
QAP,1463,10,12372
QAP,1464,10,12372
QAP,1465,10,12388
QAP,1466,10,12388
QAP,1467,10,12404
QAP,1468,10,12404
QAP,1469,10,12420
QAP,1470,10,12420
QAP,1471,10,12435
QAP,1472,10,12435
QAP,1473,10,12451
QAP,1474,10,12451
QAP,1475,10,12467
QAP,1476,10,12482
QAP,1477,10,12482
QAP,1478,10,12498
QAP,1479,10,12498
QAP,1480,10,12514
QAP,1481,10,12514
QAP,1482,10,12529
QAP,1483,10,12529
QAP,1484,10,12545
QAP,1485,10,12545
QAP,1486,10,12561
QAP,1487,10,12577
QAP,1488,10,12577
QAP,1489,10,12592
QAP,1490,10,12592
QAP,1491,10,12608
QAP,1492,10,12608
QAP,1493,10,12624
QAP,1494,10,12624
QAP,1495,10,12640
QAP,1496,10,12640
QAP,1497,10,12655
QAP,1498,10,12671
QAP,1499,10,12671
QAP,1500,10,12687
QAP,1501,10,12687
QAP,1502,10,12703
QAP,1503,10,12703
QAP,1504,10,12718
QAP,1505,10,12718
QAP,1506,10,12734
QAP,1507,10,12734
QAP,1508,10,12750
QAP,1509,10,12750
QAP,1510,10,12765
QAP,1511,10,12781
QAP,1512,10,12781
QAP,1513,10,12797
QAP,1514,10,12797
QAP,1515,10,12813
QAP,1516,10,12813
QAP,1517,10,12828
QAP,1518,10,12828
QAP,1519,10,12844
QAP,1520,10,12844
QAP,1521,10,12860
QAP,1522,10,12875
QAP,1523,10,12875
QAP,1524,10,12893
QAP,1525,10,12899
QAP,1526,10,12907
QAP,1527,10,12907
QAP,1528,10,12923
QAP,1529,10,12923
QAP,1530,10,12938
QAP,1531,10,12938
QAP,1532,10,12954
QAP,1533,10,12970
QAP,1534,10,12970
QAP,1535,10,12985
QAP,1536,10,12985
QAP,1537,10,13001
QAP,1538,10,13001
QAP,1539,10,13017
QAP,1540,10,13017
QAP,1541,10,13032
QAP,1542,10,13032
QAP,1543,10,13048
QAP,1544,10,13064
QAP,1545,10,13064
QAP,1546,10,13080
QAP,1547,10,13080
QAP,1548,10,13095
QAP,1549,10,13095
QAP,1550,10,13111
QAP,1551,10,13111
QAP,1552,10,13127
QAP,1553,10,13142
QAP,1554,10,13142
QAP,1555,10,13158
QAP,1556,10,13158
QAP,1557,10,13174
QAP,1558,10,13174
QAP,1559,10,13189
QAP,1560,10,13189
QAP,1561,10,13205
QAP,1562,10,13221
QAP,1563,10,13221
QAP,1564,10,13237
QAP,1565,10,13237
QAP,1566,10,13252
QAP,1567,10,13252
QAP,1568,10,13268
QAP,1569,10,13268
QAP,1570,10,13284
QAP,1571,10,13284
QAP,1572,10,13300
QAP,1573,10,13315
QAP,1574,10,13315
QAP,1575,10,13331
QAP,1576,10,13331
QAP,1577,10,13347
QAP,1578,10,13347
QAP,1579,10,13363
QAP,1580,10,13363
QAP,1581,10,13378
QAP,1582,10,13378
QAP,1583,10,13394
QAP,1584,10,13410
QAP,1585,10,13410
QAP,1586,10,13425
QAP,1587,10,13425
QAP,1588,10,13441
QAP,1589,10,13441
QAP,1590,10,13457
QAP,1591,10,13457
QAP,1592,10,13473
QAP,1593,10,13473
QAP,1594,10,13488
QAP,1595,10,13504
QAP,1596,10,13504
QAP,1597,10,13519
QAP,1598,10,13519
QAP,1599,10,13539
QAP,1600,10,13543
QAP,1601,10,13551
QAP,1602,10,13551
QAP,1603,10,13567
QAP,1604,10,13567
QAP,1605,10,13582
QAP,1606,10,13598
QAP,1607,10,13598
QAP,1608,10,13614
QAP,1609,10,13614
QAP,1610,10,13629
QAP,1611,10,13629
QAP,1612,10,13649
QAP,1613,10,13649
QAP,1614,10,13661
QAP,1615,10,13676
QAP,1616,10,13676
QAP,1617,10,13692
QAP,1618,10,13692
QAP,1619,10,13708
QAP,1620,10,13708
QAP,1621,10,13724
QAP,1622,10,13724
QAP,1623,10,13739
QAP,1624,10,13739
QAP,1625,10,13755
QAP,1626,10,13755
QAP,1627,10,13771
QAP,1628,10,13787
QAP,1629,10,13787
QAP,1630,10,13802
QAP,1631,10,13802
QAP,1632,10,13818
QAP,1633,10,13818
QAP,1634,10,13834
QAP,1635,10,13834
QAP,1636,10,13849
QAP,1637,10,13849
QAP,1638,10,13865
QAP,1639,10,13881
QAP,1640,10,13881
QAP,1641,10,13896
QAP,1642,10,13896
QAP,1643,10,13912
QAP,1644,10,13912
QAP,1645,10,13928
QAP,1646,10,13928
QAP,1647,10,13943
QAP,1648,10,13943
QAP,1649,10,13959
QAP,1650,10,13975
QAP,1651,10,13975
QAP,1652,10,13990
QAP,1653,10,13990
QAP,1654,10,14006
QAP,1655,10,14006
QAP,1656,10,14022
QAP,1657,10,14022
QAP,1658,10,14038
QAP,1659,10,14038
QAP,1660,10,14053
QAP,1661,10,14069
QAP,1662,10,14069
QAP,1663,10,14085
QAP,1664,10,14085
QAP,1665,10,14100
QAP,1666,10,14100
QAP,1667,10,14116
QAP,1668,10,14116
QAP,1669,10,14132
QAP,1670,10,14148
QAP,1671,10,14148
QAP,1672,10,14163
QAP,1673,10,14163
QAP,1674,10,14179
QAP,1675,10,14179
QAP,1676,10,14195
QAP,1677,10,14195
QAP,1678,10,14210
QAP,1679,10,14210
QAP,1680,10,14226
QAP,1681,10,14242
QAP,1682,10,14242
QAP,1683,10,14259
QAP,1684,10,14266
QAP,1685,10,14274
QAP,1686,10,14274
QAP,1687,10,14289
QAP,1688,10,14289
QAP,1689,10,14305
QAP,1690,10,14305
QAP,1691,10,14321
QAP,1692,10,14336
QAP,1693,10,14336
QAP,1694,10,14352
QAP,1695,10,14352
QAP,1696,10,14368
QAP,1697,10,14368
QAP,1698,10,14384
QAP,1699,10,14384
QAP,1700,10,14399
QAP,1701,10,14399
QAP,1702,10,14415
QAP,1703,10,14431
QAP,1704,10,14431
QAP,1705,10,14446
QAP,1706,10,14446
QAP,1707,10,14462
QAP,1708,10,14462
QAP,1709,10,14478
QAP,1710,10,14478
QAP,1711,10,14493
QAP,1712,10,14493
QAP,1713,10,14509
QAP,1714,10,14525
QAP,1715,10,14525
QAP,1716,10,14541
QAP,1717,10,14541
QAP,1718,10,14556
QAP,1719,10,14556
QAP,1720,10,14572
QAP,1721,10,14572
QAP,1722,10,14588
QAP,1723,10,14588
QAP,1724,10,14603
QAP,1725,10,14619
QAP,1726,10,14619
QAP,1727,10,14635
QAP,1728,10,14635
QAP,1729,10,14651
QAP,1730,10,14651
QAP,1731,10,14666
QAP,1732,10,14666
QAP,1733,10,14682
QAP,1734,10,14682
QAP,1735,10,14698
QAP,1736,10,14714
QAP,1737,10,14714
QAP,1738,10,14729
QAP,1739,10,14729
QAP,1740,10,14745
QAP,1741,10,14745
QAP,1742,10,14761
QAP,1743,10,14761
QAP,1744,10,14777
QAP,1745,10,14777
QAP,1746,10,14792
QAP,1747,10,14792
QAP,1748,10,14808
QAP,1749,10,14824
QAP,1750,10,14824
QAP,1751,10,14840
QAP,1752,10,14840
QAP,1753,10,14855
QAP,1754,10,14855
QAP,1755,10,14871
QAP,1756,10,14871
QAP,1757,10,14887
QAP,1758,10,14887
QAP,1759,10,14903
QAP,1760,10,14918
QAP,1761,10,14918
QAP,1762,10,14934
QAP,1763,10,14934
QAP,1764,10,14950
QAP,1765,10,14950
QAP,1766,10,14965
QAP,1767,10,14965
QAP,1768,10,14981
QAP,1769,10,14981
QAP,1770,10,14997
QAP,1771,10,15012
QAP,1772,10,15012
QAP,1773,10,15028
QAP,1774,10,15028
QAP,1775,10,15044
QAP,1776,10,15044
QAP,1777,10,15059
QAP,1778,10,15059
QAP,1779,10,15075
QAP,1780,10,15075
QAP,1781,10,15091
QAP,1782,10,15107
QAP,1783,10,15107
QAP,1784,10,15122
QAP,1785,10,15122
QAP,1786,10,15138
QAP,1787,10,15138
QAP,1788,10,15154
QAP,1789,10,15154
QAP,1790,10,15169
QAP,1791,10,15169
QAP,1792,10,15185
QAP,1793,10,15201
QAP,1794,10,15201
QAP,1795,10,15217
QAP,1796,10,15217
QAP,1797,10,15232
QAP,1798,10,15232
QAP,1799,10,15248
QAP,1800,10,15248
QAP,1801,10,15264
QAP,1802,10,15264
QAP,1803,10,15279
QAP,1804,10,15295
QAP,1805,10,15295
QAP,1806,10,15311
QAP,1807,10,15311
QAP,1808,10,15327
QAP,1809,10,15327
QAP,1810,10,15342
QAP,1811,10,15342
QAP,1812,10,15358
QAP,1813,10,15358
QAP,1814,10,15374
QAP,1815,10,15374
QAP,1816,10,15389
QAP,1817,10,15405
QAP,1818,10,15405
QAP,1819,10,15421
QAP,1820,10,15421
QAP,1821,10,15437
QAP,1822,10,15437
QAP,1823,10,15452
QAP,1824,10,15452
QAP,1825,10,15468
QAP,1826,10,15484
QAP,1827,10,15484
QAP,1828,10,15499
QAP,1829,10,15499
QAP,1830,10,15515
QAP,1831,10,15515
QAP,1832,10,15531
QAP,1833,10,15531
QAP,1834,10,15547
QAP,1835,10,15547
QAP,1836,10,15562
QAP,1837,10,15578
QAP,1838,10,15578
QAP,1839,10,15594
QAP,1840,10,15594
QAP,1841,10,15610
QAP,1842,10,15610
QAP,1843,10,15630
QAP,1844,10,15633
QAP,1845,10,15641
QAP,1846,10,15641
QAP,1847,10,15657
QAP,1848,10,15672
QAP,1849,10,15672
QAP,1850,10,15688
QAP,1851,10,15688
QAP,1852,10,15704
QAP,1853,10,15704
QAP,1854,10,15719
QAP,1855,10,15719
QAP,1856,10,15735
QAP,1857,10,15735
QAP,1858,10,15751
QAP,1859,10,15767
QAP,1860,10,15767
QAP,1861,10,15782
QAP,1862,10,15782
QAP,1863,10,15798
QAP,1864,10,15798
QAP,1865,10,15814
QAP,1866,10,15814
QAP,1867,10,15829
QAP,1868,10,15829
QAP,1869,10,15845
QAP,1870,10,15861
QAP,1871,10,15861
QAP,1872,10,15876
QAP,1873,10,15876
QAP,1874,10,15892
QAP,1875,10,15892
QAP,1876,10,15908
QAP,1877,10,15908
QAP,1878,10,15923
QAP,1879,10,15923
QAP,1880,10,15939
QAP,1881,10,15955
QAP,1882,10,15955
QAP,1883,10,15970
QAP,1884,10,15970
QAP,1885,10,15986
QAP,1886,10,15986
QAP,1887,10,16002
QAP,1888,10,16002
QAP,1889,10,16018
QAP,1890,10,16018
QAP,1891,10,16034
QAP,1892,10,16049
QAP,1893,10,16049
QAP,1894,10,16065
QAP,1895,10,16065
QAP,1896,10,16081
QAP,1897,10,16081
QAP,1898,10,16096
QAP,1899,10,16096
QAP,1900,10,16112
QAP,1901,10,16112
QAP,1902,10,16128
QAP,1903,10,16143
QAP,1904,10,16143
QAP,1905,10,16159
QAP,1906,10,16159
QAP,1907,10,16175
QAP,1908,10,16175
QAP,1909,10,16191
QAP,1910,10,16191
QAP,1911,10,16206
QAP,1912,10,16206
QAP,1913,10,16222
QAP,1914,10,16238
QAP,1915,10,16238
QAP,1916,10,16253
QAP,1917,10,16253
QAP,1918,10,16269
QAP,1919,10,16269
QAP,1920,10,16285
QAP,1921,10,16285
QAP,1922,10,16300
QAP,1923,10,16300
QAP,1924,10,16316
QAP,1925,10,16332
QAP,1926,10,16332
QAP,1927,10,16348
QAP,1928,10,16348
QAP,1929,10,16363
QAP,1930,10,16363
QAP,1931,10,16379
QAP,1932,10,16379
QAP,1933,10,16395
QAP,1934,10,16395
QAP,1935,10,16410
QAP,1936,10,16426
QAP,1937,10,16426
QAP,1938,10,16442
QAP,1939,10,16442
QAP,1940,10,16457
QAP,1941,10,16457
QAP,1942,10,16473
QAP,1943,10,16473
QAP,1944,10,16489
QAP,1945,10,16489
QAP,1946,10,16505
QAP,1947,10,16505
QAP,1948,10,16520
QAP,1949,10,16536
QAP,1950,10,16536
QAP,1951,10,16552
QAP,1952,10,16552
QAP,1953,10,16567
QAP,1954,10,16567
QAP,1955,10,16583
QAP,1956,10,16583
QAP,1957,10,16599
QAP,1958,10,16599
QAP,1959,10,16615
QAP,1960,10,16630
QAP,1961,10,16630
QAP,1962,10,16646
QAP,1963,10,16646
QAP,1964,10,16662
QAP,1965,10,16662
QAP,1966,10,16677
QAP,1967,10,16677
QAP,1968,10,16693
QAP,1969,10,16693
QAP,1970,10,16709
QAP,1971,10,16724
QAP,1972,10,16724
QAP,1973,10,16740
QAP,1974,10,16740
QAP,1975,10,16756
QAP,1976,10,16756
QAP,1977,10,16771
QAP,1978,10,16771
QAP,1979,10,16787
QAP,1980,10,16787
QAP,1981,10,16803
QAP,1982,10,16818
QAP,1983,10,16818
QAP,1984,10,16834
QAP,1985,10,16834
QAP,1986,10,16850
QAP,1987,10,16850
QAP,1988,10,16866
QAP,1989,10,16866
QAP,1990,10,16881
QAP,1991,10,16881
QAP,1992,10,16897
QAP,1993,10,16913
QAP,1994,10,16913
QAP,1995,10,16929
QAP,1996,10,16929
QAP,1997,10,16944
QAP,1998,10,16944
QAP,1999,10,16960
QAP,2000,10,16960
QAP,2001,10,16976
QAP,2002,10,16976
QAP,2003,10,16998
QAP,2004,10,17007
QAP,2005,10,17007
QAP,2006,10,17023
QAP,2007,10,17023
QAP,2008,10,17039
QAP,2009,10,17039
QAP,2010,10,17054
QAP,2011,10,17054
QAP,2012,10,17070
QAP,2013,10,17070
QAP,2014,10,17086
QAP,2015,10,17101
QAP,2016,10,17101
QAP,2017,10,17117
QAP,2018,10,17117
QAP,2019,10,17133
QAP,2020,10,17133
QAP,2021,10,17148
QAP,2022,10,17148
QAP,2023,10,17164
QAP,2024,10,17164
QAP,2025,10,17180
QAP,2026,10,17180
QAP,2027,10,17196
QAP,2028,10,17212
QAP,2029,10,17212
QAP,2030,10,17227
QAP,2031,10,17227
QAP,2032,10,17243
QAP,2033,10,17243
QAP,2034,10,17259
QAP,2035,10,17259
QAP,2036,10,17274
QAP,2037,10,17274
QAP,2038,10,17290
QAP,2039,10,17306
QAP,2040,10,17306
QAP,2041,10,17322
QAP,2042,10,17322
QAP,2043,10,17337
QAP,2044,10,17337
QAP,2045,10,17353
QAP,2046,10,17353
QAP,2047,10,17369
QAP,2048,10,17369
QAP,2049,10,17385
QAP,2050,10,17385
QAP,2051,10,17400
QAP,2052,10,17416
QAP,2053,10,17416
QAP,2054,10,17432
QAP,2055,10,17432
QAP,2056,10,17447
QAP,2057,10,17447
QAP,2058,10,17463
QAP,2059,10,17463
QAP,2060,10,17479
QAP,2061,10,17494
QAP,2062,10,17494
QAP,2063,10,17510
QAP,2064,10,17510
QAP,2065,10,17526
QAP,2066,10,17526
QAP,2067,10,17542
QAP,2068,10,17542
QAP,2069,10,17557
QAP,2070,10,17557
QAP,2071,10,17573
QAP,2072,10,17589
QAP,2073,10,17589
QAP,2074,10,17604
QAP,2075,10,17604
QAP,2076,10,17620
QAP,2077,10,17620
QAP,2078,10,17636
QAP,2079,10,17636
QAP,2080,10,17651
QAP,2081,10,17651
QAP,2082,10,17667
QAP,2083,10,17683
QAP,2084,10,17683
QAP,2085,10,17698
QAP,2086,10,17698
QAP,2087,10,17714
QAP,2088,10,17714
QAP,2089,10,17730
QAP,2090,10,17730
QAP,2091,10,17745
QAP,2092,10,17745
QAP,2093,10,17761
QAP,2094,10,17777
QAP,2095,10,17777
QAP,2096,10,17793
QAP,2097,10,17793
QAP,2098,10,17808
QAP,2099,10,17808
QAP,2100,10,17824
QAP,2101,10,17824
QAP,2102,10,17840
QAP,2103,10,17840
QAP,2104,10,17855
QAP,2105,10,17871
QAP,2106,10,17871
QAP,2107,10,17887
QAP,2108,10,17887
QAP,2109,10,17903
QAP,2110,10,17903
QAP,2111,10,17918
QAP,2112,10,17918
QAP,2113,10,17934
QAP,2114,10,17934
QAP,2115,10,17950
QAP,2116,10,17965
QAP,2117,10,17965
QAP,2118,10,17981
QAP,2119,10,17981
QAP,2120,10,17997
QAP,2121,10,17997
QAP,2122,10,18013
QAP,2123,10,18013
QAP,2124,10,18028
QAP,2125,10,18028
QAP,2126,10,18044
QAP,2127,10,18060
QAP,2128,10,18060
QAP,2129,10,18075
QAP,2130,10,18075
QAP,2131,10,18091
QAP,2132,10,18091
QAP,2133,10,18107
QAP,2134,10,18107
QAP,2135,10,18122
QAP,2136,10,18122
QAP,2137,10,18138
QAP,2138,10,18154
QAP,2139,10,18154
QAP,2140,10,18169
QAP,2141,10,18169
QAP,2142,10,18185
QAP,2143,10,18185
QAP,2144,10,18201
QAP,2145,10,18201
QAP,2146,10,18217
QAP,2147,10,18217
QAP,2148,10,18232
QAP,2149,10,18248
QAP,2150,10,18248
QAP,2151,10,18264
QAP,2152,10,18264
QAP,2153,10,18279
QAP,2154,10,18279
QAP,2155,10,18295
QAP,2156,10,18311
QAP,2157,10,18311
QAP,2158,10,18327
QAP,2159,10,18327
QAP,2160,10,18342
QAP,2161,10,18342
QAP,2162,10,18364
QAP,2163,10,18367
QAP,2164,10,18374
QAP,2165,10,18389
QAP,2166,10,18389
QAP,2167,10,18405
QAP,2168,10,18405
QAP,2169,10,18421
QAP,2170,10,18421
QAP,2171,10,18436
QAP,2172,10,18436
QAP,2173,10,18452
QAP,2174,10,18452
QAP,2175,10,18468
QAP,2176,10,18484
QAP,2177,10,18484
QAP,2178,10,18499
QAP,2179,10,18499
QAP,2180,10,18515
QAP,2181,10,18515
QAP,2182,10,18530
QAP,2183,10,18530
QAP,2184,10,18546
QAP,2185,10,18562
QAP,2186,10,18562
QAP,2187,10,18578
QAP,2188,10,18578
QAP,2189,10,18593
QAP,2190,10,18593
QAP,2191,10,18609
QAP,2192,10,18609
QAP,2193,10,18625
QAP,2194,10,18640
QAP,2195,10,18640
QAP,2196,10,18656
QAP,2197,10,18656
QAP,2198,10,18671
QAP,2199,10,18671
QAP,2200,10,18687
QAP,2201,10,18687
QAP,2202,10,18703
QAP,2203,10,18719
QAP,2204,10,18719
QAP,2205,10,18734
QAP,2206,10,18734
QAP,2207,10,18750
QAP,2208,10,18750
QAP,2209,10,18766
QAP,2210,10,18766
QAP,2211,10,18781
QAP,2212,10,18781
QAP,2213,10,18797
QAP,2214,10,18813
QAP,2215,10,18813
QAP,2216,10,18829
QAP,2217,10,18829
QAP,2218,10,18844
QAP,2219,10,18844
QAP,2220,10,18860
QAP,2221,10,18860
QAP,2222,10,18876
QAP,2223,10,18876
QAP,2224,10,18891
QAP,2225,10,18907
QAP,2226,10,18907
QAP,2227,10,18923
QAP,2228,10,18923
QAP,2229,10,18938
QAP,2230,10,18938
QAP,2231,10,18954
QAP,2232,10,18970
QAP,2233,10,18970
QAP,2234,10,18985
QAP,2235,10,18985
QAP,2236,10,19001
QAP,2237,10,19001
QAP,2238,10,19017
QAP,2239,10,19017
QAP,2240,10,19032
QAP,2241,10,19048
QAP,2242,10,19048
QAP,2243,10,19064
QAP,2244,10,19064
QAP,2245,10,19079
QAP,2246,10,19079
QAP,2247,10,19095
QAP,2248,10,19095
QAP,2249,10,19111
QAP,2250,10,19111
QAP,2251,10,19126
QAP,2252,10,19142
QAP,2253,10,19142
QAP,2254,10,19158
QAP,2255,10,19158
QAP,2256,10,19173
QAP,2257,10,19173
QAP,2258,10,19189
QAP,2259,10,19189
QAP,2260,10,19205
QAP,2261,10,19205
QAP,2262,10,19220
QAP,2263,10,19236
QAP,2264,10,19236
QAP,2265,10,19252
QAP,2266,10,19252
QAP,2267,10,19268
QAP,2268,10,19268
QAP,2269,10,19283
QAP,2270,10,19283
QAP,2271,10,19299
QAP,2272,10,19299
QAP,2273,10,19315
QAP,2274,10,19330
QAP,2275,10,19330
QAP,2276,10,19346
QAP,2277,10,19346
QAP,2278,10,19362
QAP,2279,10,19362
QAP,2280,10,19377
QAP,2281,10,19377
QAP,2282,10,19393
QAP,2283,10,19409
QAP,2284,10,19409
QAP,2285,10,19424
QAP,2286,10,19424
QAP,2287,10,19440
QAP,2288,10,19440
QAP,2289,10,19456
QAP,2290,10,19456
QAP,2291,10,19471
QAP,2292,10,19487
QAP,2293,10,19487
QAP,2294,10,19503
QAP,2295,10,19503
QAP,2296,10,19518
QAP,2297,10,19518
QAP,2298,10,19534
QAP,2299,10,19534
QAP,2300,10,19550
QAP,2301,10,19565
QAP,2302,10,19565
QAP,2303,10,19581
QAP,2304,10,19581
QAP,2305,10,19597
QAP,2306,10,19597
QAP,2307,10,19612
QAP,2308,10,19612
QAP,2309,10,19628
QAP,2310,10,19628
QAP,2311,10,19644
QAP,2312,10,19659
QAP,2313,10,19659
QAP,2314,10,19675
QAP,2315,10,19675
QAP,2316,10,19691
QAP,2317,10,19691
QAP,2318,10,19712
QAP,2319,10,19714
QAP,2320,10,19722
QAP,2321,10,19738
QAP,2322,10,19738
QAP,2323,10,19753
QAP,2324,10,19753
QAP,2325,10,19769
QAP,2326,10,19769
QAP,2327,10,19785
QAP,2328,10,19785
QAP,2329,10,19800
QAP,2330,10,19800
QAP,2331,10,19816
QAP,2332,10,19816
QAP,2333,10,19832
QAP,2334,10,19848
QAP,2335,10,19848
QAP,2336,10,19863
QAP,2337,10,19863
QAP,2338,10,19879
QAP,2339,10,19879
QAP,2340,10,19895
QAP,2341,10,19895
QAP,2342,10,19910
QAP,2343,10,19910
QAP,2344,10,19926
QAP,2345,10,19942
QAP,2346,10,19942
QAP,2347,10,19958
QAP,2348,10,19958
QAP,2349,10,19973
QAP,2350,10,19973
QAP,2351,10,19989
QAP,2352,10,19989
QAP,2353,10,20005
QAP,2354,10,20005
QAP,2355,10,20021
QAP,2356,10,20037
QAP,2357,10,20037
QAP,2358,10,20052
QAP,2359,10,20052
QAP,2360,10,20068
QAP,2361,10,20068
QAP,2362,10,20084
QAP,2363,10,20084
QAP,2364,10,20100
QAP,2365,10,20100
QAP,2366,10,20115
QAP,2367,10,20131
QAP,2368,10,20131
QAP,2369,10,20147
QAP,2370,10,20147
QAP,2371,10,20163
QAP,2372,10,20163
QAP,2373,10,20178
QAP,2374,10,20178
QAP,2375,10,20194
QAP,2376,10,20194
QAP,2377,10,20210
QAP,2378,10,20210
QAP,2379,10,20225
QAP,2380,10,20241
QAP,2381,10,20241
QAP,2382,10,20257
QAP,2383,10,20257
QAP,2384,10,20273
QAP,2385,10,20273
QAP,2386,10,20288
QAP,2387,10,20288
QAP,2388,10,20304
QAP,2389,10,20304
QAP,2390,10,20320
QAP,2391,10,20335
QAP,2392,10,20335
QAP,2393,10,20351
QAP,2394,10,20351
QAP,2395,10,20367
QAP,2396,10,20367
QAP,2397,10,20382
QAP,2398,10,20382
QAP,2399,10,20398
QAP,2400,10,20398
QAP,2401,10,20414
QAP,2402,10,20429
QAP,2403,10,20429
QAP,2404,10,20445
QAP,2405,10,20445
QAP,2406,10,20461
QAP,2407,10,20461
QAP,2408,10,20477
QAP,2409,10,20477
QAP,2410,10,20492
QAP,2411,10,20492
QAP,2412,10,20508
QAP,2413,10,20508
QAP,2414,10,20524
QAP,2415,10,20540
QAP,2416,10,20540
QAP,2417,10,20555
QAP,2418,10,20555
QAP,2419,10,20571
QAP,2420,10,20571
QAP,2421,10,20587
QAP,2422,10,20587
QAP,2423,10,20602
QAP,2424,10,20602
QAP,2425,10,20618
QAP,2426,10,20634
QAP,2427,10,20634
QAP,2428,10,20650
QAP,2429,10,20650
QAP,2430,10,20665
QAP,2431,10,20665
QAP,2432,10,20681
QAP,2433,10,20681
QAP,2434,10,20697
QAP,2435,10,20697
QAP,2436,10,20712
QAP,2437,10,20712
QAP,2438,10,20728
QAP,2439,10,20744
QAP,2440,10,20744
QAP,2441,10,20759
QAP,2442,10,20759
QAP,2443,10,20775
QAP,2444,10,20775
QAP,2445,10,20791
QAP,2446,10,20791
QAP,2447,10,20807
QAP,2448,10,20807
QAP,2449,10,20822
QAP,2450,10,20838
QAP,2451,10,20838
QAP,2452,10,20854
QAP,2453,10,20854
QAP,2454,10,20870
QAP,2455,10,20870
QAP,2456,10,20885
QAP,2457,10,20885
QAP,2458,10,20901
QAP,2459,10,20901
QAP,2460,10,20917
QAP,2461,10,20932
QAP,2462,10,20932
QAP,2463,10,20948
QAP,2464,10,20948
QAP,2465,10,20964
QAP,2466,10,20964
QAP,2467,10,20979
QAP,2468,10,20979
QAP,2469,10,20995
QAP,2470,10,20995
QAP,2471,10,21011
QAP,2472,10,21026
QAP,2473,10,21026
QAP,2474,10,21042
QAP,2475,10,21042
QAP,2476,10,21058
QAP,2477,10,21058
QAP,2478,10,21079
QAP,2479,10,21082
QAP,2480,10,21089
QAP,2481,10,21089
QAP,2482,10,21105
QAP,2483,10,21121
QAP,2484,10,21121
QAP,2485,10,21136
QAP,2486,10,21136
QAP,2487,10,21152
QAP,2488,10,21152
QAP,2489,10,21168
QAP,2490,10,21168
QAP,2491,10,21184
QAP,2492,10,21184
QAP,2493,10,21199
QAP,2494,10,21215
QAP,2495,10,21215
QAP,2496,10,21231
QAP,2497,10,21231
QAP,2498,10,21246
QAP,2499,10,21246
QAP,2500,10,21262
QAP,2501,10,21262
QAP,2502,10,21278
QAP,2503,10,21278
QAP,2504,10,21294
QAP,2505,10,21294
QAP,2506,10,21309
QAP,2507,10,21325
QAP,2508,10,21325
QAP,2509,10,21341
QAP,2510,10,21341
QAP,2511,10,21357
QAP,2512,10,21357
QAP,2513,10,21372
QAP,2514,10,21372
QAP,2515,10,21388
QAP,2516,10,21388
QAP,2517,10,21404
QAP,2518,10,21420
QAP,2519,10,21420
QAP,2520,10,21435
QAP,2521,10,21435
QAP,2522,10,21451
QAP,2523,10,21451
QAP,2524,10,21466
QAP,2525,10,21466
QAP,2526,10,21482
QAP,2527,10,21498
QAP,2528,10,21498
QAP,2529,10,21514
QAP,2530,10,21514
QAP,2531,10,21529
QAP,2532,10,21529
QAP,2533,10,21545
QAP,2534,10,21545
QAP,2535,10,21561
QAP,2536,10,21561
QAP,2537,10,21576
QAP,2538,10,21592
QAP,2539,10,21592
QAP,2540,10,21608
QAP,2541,10,21608
QAP,2542,10,21624
QAP,2543,10,21624
QAP,2544,10,21639
QAP,2545,10,21639
QAP,2546,10,21655
QAP,2547,10,21655
QAP,2548,10,21671
QAP,2549,10,21687
QAP,2550,10,21687
QAP,2551,10,21702
QAP,2552,10,21702
QAP,2553,10,21718
QAP,2554,10,21718
QAP,2555,10,21734
QAP,2556,10,21734
QAP,2557,10,21749
QAP,2558,10,21749
QAP,2559,10,21765
QAP,2560,10,21781
QAP,2561,10,21781
QAP,2562,10,21796
QAP,2563,10,21796
QAP,2564,10,21812
QAP,2565,10,21812
QAP,2566,10,21828
QAP,2567,10,21828
QAP,2568,10,21844
QAP,2569,10,21844
QAP,2570,10,21859
QAP,2571,10,21875
QAP,2572,10,21875
QAP,2573,10,21891
QAP,2574,10,21891
QAP,2575,10,21907
QAP,2576,10,21907
QAP,2577,10,21922
QAP,2578,10,21922
QAP,2579,10,21938
QAP,2580,10,21938
QAP,2581,10,21954
QAP,2582,10,21954
QAP,2583,10,21969
QAP,2584,10,21985
QAP,2585,10,21985
QAP,2586,10,22001
QAP,2587,10,22001
QAP,2588,10,22016
QAP,2589,10,22016
QAP,2590,10,22032
QAP,2591,10,22032
QAP,2592,10,22048
QAP,2593,10,22063
QAP,2594,10,22063
QAP,2595,10,22079
QAP,2596,10,22079
QAP,2597,10,22095
QAP,2598,10,22095
QAP,2599,10,22111
QAP,2600,10,22111
QAP,2601,10,22126
QAP,2602,10,22126
QAP,2603,10,22142
QAP,2604,10,22142
QAP,2605,10,22158
QAP,2606,10,22173
QAP,2607,10,22173
QAP,2608,10,22189
QAP,2609,10,22189
QAP,2610,10,22205
QAP,2611,10,22205
QAP,2612,10,22221
QAP,2613,10,22221
QAP,2614,10,22236
QAP,2615,10,22236
QAP,2616,10,22252
QAP,2617,10,22268
QAP,2618,10,22268
QAP,2619,10,22283
QAP,2620,10,22283
QAP,2621,10,22299
QAP,2622,10,22299
QAP,2623,10,22315
QAP,2624,10,22315
QAP,2625,10,22330
QAP,2626,10,22330
QAP,2627,10,22346
QAP,2628,10,22362
QAP,2629,10,22362
QAP,2630,10,22378
QAP,2631,10,22378
QAP,2632,10,22393
QAP,2633,10,22393
QAP,2634,10,22409
QAP,2635,10,22409
QAP,2636,10,22425
QAP,2637,10,22425
QAP,2638,10,22447
QAP,2639,10,22456
QAP,2640,10,22456
QAP,2641,10,22472
QAP,2642,10,22472
QAP,2643,10,22488
QAP,2644,10,22488
QAP,2645,10,22503
QAP,2646,10,22503
QAP,2647,10,22519
QAP,2648,10,22519
QAP,2649,10,22535
QAP,2650,10,22550
QAP,2651,10,22550
QAP,2652,10,22566
QAP,2653,10,22566
QAP,2654,10,22582
QAP,2655,10,22582
QAP,2656,10,22597
QAP,2657,10,22597
QAP,2658,10,22613
QAP,2659,10,22629
QAP,2660,10,22629
QAP,2661,10,22644
QAP,2662,10,22644
QAP,2663,10,22660
QAP,2664,10,22660
QAP,2665,10,22676
QAP,2666,10,22676
QAP,2667,10,22691
QAP,2668,10,22707
QAP,2669,10,22707
QAP,2670,10,22723
QAP,2671,10,22723
QAP,2672,10,22739
QAP,2673,10,22739
QAP,2674,10,22754
QAP,2675,10,22754
QAP,2676,10,22770
QAP,2677,10,22770
QAP,2678,10,22786
QAP,2679,10,22801
QAP,2680,10,22801
QAP,2681,10,22817
QAP,2682,10,22817
QAP,2683,10,22833
QAP,2684,10,22833
QAP,2685,10,22849
QAP,2686,10,22849
QAP,2687,10,22864
QAP,2688,10,22864
QAP,2689,10,22880
QAP,2690,10,22896
QAP,2691,10,22896
QAP,2692,10,22911
QAP,2693,10,22911
QAP,2694,10,22927
QAP,2695,10,22927
QAP,2696,10,22943
QAP,2697,10,22943
QAP,2698,10,22958
QAP,2699,10,22958
QAP,2700,10,22974
QAP,2701,10,22990
QAP,2702,10,22990
QAP,2703,10,23006
QAP,2704,10,23006
QAP,2705,10,23021
QAP,2706,10,23021
QAP,2707,10,23037
QAP,2708,10,23037
QAP,2709,10,23053
QAP,2710,10,23053
QAP,2711,10,23068
QAP,2712,10,23084
QAP,2713,10,23084
QAP,2714,10,23100
QAP,2715,10,23100
QAP,2716,10,23115
QAP,2717,10,23115
QAP,2718,10,23131
QAP,2719,10,23131
QAP,2720,10,23147
QAP,2721,10,23147
QAP,2722,10,23162
QAP,2723,10,23178
QAP,2724,10,23178
QAP,2725,10,23194
QAP,2726,10,23194
QAP,2727,10,23209
QAP,2728,10,23209
QAP,2729,10,23225
QAP,2730,10,23225
QAP,2731,10,23241
QAP,2732,10,23241
QAP,2733,10,23257
QAP,2734,10,23272
QAP,2735,10,23272
QAP,2736,10,23288
QAP,2737,10,23288
QAP,2738,10,23304
QAP,2739,10,23304
QAP,2740,10,23319
QAP,2741,10,23319
QAP,2742,10,23335
QAP,2743,10,23335
QAP,2744,10,23351
QAP,2745,10,23351
QAP,2746,10,23367
QAP,2747,10,23383
QAP,2748,10,23383
QAP,2749,10,23398
QAP,2750,10,23398
QAP,2751,10,23414
QAP,2752,10,23414
QAP,2753,10,23430
QAP,2754,10,23430
QAP,2755,10,23446
QAP,2756,10,23446
QAP,2757,10,23461
QAP,2758,10,23477
QAP,2759,10,23477
QAP,2760,10,23493
QAP,2761,10,23493
QAP,2762,10,23508
QAP,2763,10,23508
QAP,2764,10,23524
QAP,2765,10,23524
QAP,2766,10,23540
QAP,2767,10,23540
QAP,2768,10,23563
QAP,2769,10,23571
QAP,2770,10,23571
QAP,2771,10,23587
QAP,2772,10,23587
QAP,2773,10,23603
QAP,2774,10,23603
QAP,2775,10,23618
QAP,2776,10,23618
QAP,2777,10,23634
QAP,2778,10,23634
QAP,2779,10,23650
QAP,2780,10,23666
QAP,2781,10,23666
QAP,2782,10,23681
QAP,2783,10,23681
QAP,2784,10,23697
QAP,2785,10,23697
QAP,2786,10,23713
QAP,2787,10,23713
QAP,2788,10,23728
QAP,2789,10,23728
QAP,2790,10,23744
QAP,2791,10,23760
QAP,2792,10,23760
QAP,2793,10,23775
QAP,2794,10,23775
QAP,2795,10,23791
QAP,2796,10,23791
QAP,2797,10,23811
QAP,2798,10,23815
QAP,2799,10,23823
QAP,2800,10,23823
QAP,2801,10,23838
QAP,2802,10,23838
QAP,2803,10,23854
QAP,2804,10,23870
QAP,2805,10,23870
QAP,2806,10,23886
QAP,2807,10,23886
QAP,2808,10,23901
QAP,2809,10,23901
QAP,2810,10,23917
QAP,2811,10,23917
QAP,2812,10,23933
QAP,2813,10,23948
QAP,2814,10,23948
QAP,2815,10,23964
QAP,2816,10,23964
QAP,2817,10,23980
QAP,2818,10,23980
QAP,2819,10,23996
QAP,2820,10,23996
QAP,2821,10,24011
QAP,2822,10,24011
QAP,2823,10,24027
QAP,2824,10,24043
QAP,2825,10,24043
QAP,2826,10,24058
QAP,2827,10,24058
QAP,2828,10,24074
QAP,2829,10,24074
QAP,2830,10,24090
QAP,2831,10,24090
QAP,2832,10,24106
QAP,2833,10,24106
QAP,2834,10,24121
QAP,2835,10,24121
QAP,2836,10,24137
QAP,2837,10,24153
QAP,2838,10,24153
QAP,2839,10,24169
QAP,2840,10,24169
QAP,2841,10,24184
QAP,2842,10,24184
QAP,2843,10,24200
QAP,2844,10,24200
QAP,2845,10,24216
QAP,2846,10,24216
QAP,2847,10,24231
QAP,2848,10,24247
QAP,2849,10,24247
QAP,2850,10,24263
QAP,2851,10,24263
QAP,2852,10,24279
QAP,2853,10,24279
QAP,2854,10,24294
QAP,2855,10,24294
QAP,2856,10,24310
QAP,2857,10,24310
QAP,2858,10,24326
QAP,2859,10,24341
QAP,2860,10,24341
QAP,2861,10,24357
QAP,2862,10,24357
QAP,2863,10,24373
QAP,2864,10,24373
QAP,2865,10,24389
QAP,2866,10,24389
QAP,2867,10,24404
QAP,2868,10,24404
QAP,2869,10,24420
QAP,2870,10,24420
QAP,2871,10,24436
QAP,2872,10,24452
QAP,2873,10,24452
QAP,2874,10,24467
QAP,2875,10,24467
QAP,2876,10,24483
QAP,2877,10,24483
QAP,2878,10,24499
QAP,2879,10,24499
QAP,2880,10,24514
QAP,2881,10,24514
QAP,2882,10,24530
QAP,2883,10,24546
QAP,2884,10,24546
QAP,2885,10,24562
QAP,2886,10,24562
QAP,2887,10,24577
QAP,2888,10,24577
QAP,2889,10,24593
QAP,2890,10,24593
QAP,2891,10,24609
QAP,2892,10,24609
QAP,2893,10,24624
QAP,2894,10,24640
QAP,2895,10,24640
QAP,2896,10,24656
QAP,2897,10,24656
QAP,2898,10,24671
QAP,2899,10,24671
QAP,2900,10,24687
QAP,2901,10,24687
QAP,2902,10,24703
QAP,2903,10,24703
QAP,2904,10,24718
QAP,2905,10,24734
QAP,2906,10,24734
QAP,2907,10,24750
QAP,2908,10,24750
QAP,2909,10,24766
QAP,2910,10,24766
QAP,2911,10,24781
QAP,2912,10,24781
QAP,2913,10,24797
QAP,2914,10,24797
QAP,2915,10,24813
QAP,2916,10,24828
QAP,2917,10,24828
QAP,2918,10,24844
QAP,2919,10,24844
QAP,2920,10,24860
QAP,2921,10,24860
QAP,2922,10,24876
QAP,2923,10,24876
QAP,2924,10,24891
QAP,2925,10,24891
QAP,2926,10,24907
QAP,2927,10,24907
QAP,2928,10,24923
QAP,2929,10,24938
QAP,2930,10,24938
QAP,2931,10,24954
QAP,2932,10,24954
QAP,2933,10,24970
QAP,2934,10,24970
QAP,2935,10,24985
QAP,2936,10,24985
QAP,2937,10,25001
QAP,2938,10,25017
QAP,2939,10,25017
QAP,2940,10,25033
QAP,2941,10,25033
QAP,2942,10,25048
QAP,2943,10,25048
QAP,2944,10,25064
QAP,2945,10,25064
QAP,2946,10,25080
QAP,2947,10,25080
QAP,2948,10,25095
QAP,2949,10,25095
QAP,2950,10,25111
QAP,2951,10,25127
QAP,2952,10,25127
QAP,2953,10,25142
QAP,2954,10,25142
QAP,2955,10,25158
QAP,2956,10,25158
QAP,2957,10,25179
QAP,2958,10,25182
QAP,2959,10,25189
QAP,2960,10,25205
QAP,2961,10,25205
QAP,2962,10,25221
QAP,2963,10,25221
QAP,2964,10,25237
QAP,2965,10,25237
QAP,2966,10,25252
QAP,2967,10,25252
QAP,2968,10,25268
QAP,2969,10,25268
QAP,2970,10,25284
QAP,2971,10,25299
QAP,2972,10,25299
QAP,2973,10,25315
QAP,2974,10,25315
QAP,2975,10,25331
QAP,2976,10,25331
QAP,2977,10,25346
QAP,2978,10,25346
QAP,2979,10,25362
QAP,2980,10,25362
QAP,2981,10,25378
QAP,2982,10,25394
QAP,2983,10,25394
QAP,2984,10,25409
QAP,2985,10,25409
QAP,2986,10,25425
QAP,2987,10,25425
QAP,2988,10,25441
QAP,2989,10,25441
QAP,2990,10,25457
QAP,2991,10,25472
QAP,2992,10,25472
QAP,2993,10,25488
QAP,2994,10,25488
QAP,2995,10,25504
QAP,2996,10,25504
QAP,2997,10,25519
QAP,2998,10,25519
QAP,2999,10,25535
QAP,3000,10,25535
QAP,3001,10,25551
QAP,3002,10,25567
QAP,3003,10,25567
QAP,3004,10,25582
QAP,3005,10,25582
QAP,3006,10,25598
QAP,3007,10,25598
QAP,3008,10,25614
QAP,3009,10,25614
QAP,3010,10,25629
QAP,3011,10,25629
QAP,3012,10,25645
QAP,3013,10,25661
QAP,3014,10,25661
QAP,3015,10,25677
QAP,3016,10,25677
QAP,3017,10,25692
QAP,3018,10,25692
QAP,3019,10,25708
QAP,3020,10,25708
QAP,3021,10,25724
QAP,3022,10,25724
QAP,3023,10,25740
QAP,3024,10,25755
QAP,3025,10,25755
QAP,3026,10,25771
QAP,3027,10,25771
QAP,3028,10,25787
QAP,3029,10,25787
QAP,3030,10,25802
QAP,3031,10,25802
QAP,3032,10,25818
QAP,3033,10,25818
QAP,3034,10,25833
QAP,3035,10,25849
QAP,3036,10,25849
QAP,3037,10,25865
QAP,3038,10,25865
QAP,3039,10,25881
QAP,3040,10,25881
QAP,3041,10,25896
QAP,3042,10,25896
QAP,3043,10,25912
QAP,3044,10,25912
QAP,3045,10,25928
QAP,3046,10,25943
QAP,3047,10,25943
QAP,3048,10,25959
QAP,3049,10,25959
QAP,3050,10,25975
QAP,3051,10,25975
QAP,3052,10,25991
QAP,3053,10,25991
QAP,3054,10,26006
QAP,3055,10,26022
QAP,3056,10,26022
QAP,3057,10,26038
QAP,3058,10,26038
QAP,3059,10,26053
QAP,3060,10,26053
QAP,3061,10,26069
QAP,3062,10,26069
QAP,3063,10,26085
QAP,3064,10,26085
QAP,3065,10,26101
QAP,3066,10,26116
QAP,3067,10,26116
QAP,3068,10,26132
QAP,3069,10,26132
QAP,3070,10,26148
QAP,3071,10,26148
QAP,3072,10,26163
QAP,3073,10,26163
QAP,3074,10,26179
QAP,3075,10,26179
QAP,3076,10,26195
QAP,3077,10,26211
QAP,3078,10,26211
QAP,3079,10,26226
QAP,3080,10,26226
QAP,3081,10,26242
QAP,3082,10,26242
QAP,3083,10,26258
QAP,3084,10,26258
QAP,3085,10,26274
QAP,3086,10,26274
QAP,3087,10,26289
QAP,3088,10,26305
QAP,3089,10,26305
QAP,3090,10,26321
QAP,3091,10,26321
QAP,3092,10,26336
QAP,3093,10,26336
QAP,3094,10,26352
QAP,3095,10,26352
QAP,3096,10,26368
QAP,3097,10,26368
QAP,3098,10,26383
QAP,3099,10,26399
QAP,3100,10,26399
QAP,3101,10,26415
QAP,3102,10,26415
QAP,3103,10,26431
QAP,3104,10,26431
QAP,3105,10,26446
QAP,3106,10,26446
QAP,3107,10,26462
QAP,3108,10,26462
QAP,3109,10,26478
QAP,3110,10,26478
QAP,3111,10,26493
QAP,3112,10,26509
QAP,3113,10,26509
QAP,3114,10,26527
QAP,3115,10,26533
QAP,3116,10,26541
QAP,3117,10,26541
QAP,3118,10,26556
QAP,3119,10,26556
QAP,3120,10,26572
QAP,3121,10,26588
QAP,3122,10,26588
QAP,3123,10,26604
QAP,3124,10,26604
QAP,3125,10,26619
QAP,3126,10,26619
QAP,3127,10,26635
QAP,3128,10,26635
QAP,3129,10,26651
QAP,3130,10,26666
QAP,3131,10,26666
QAP,3132,10,26682
QAP,3133,10,26682
QAP,3134,10,26698
QAP,3135,10,26698
QAP,3136,10,26713
QAP,3137,10,26713
QAP,3138,10,26729
QAP,3139,10,26729
QAP,3140,10,26745
QAP,3141,10,26745
QAP,3142,10,26761
QAP,3143,10,26776
QAP,3144,10,26776
QAP,3145,10,26792
QAP,3146,10,26792
QAP,3147,10,26808
QAP,3148,10,26808
QAP,3149,10,26823
QAP,3150,10,26823
QAP,3151,10,26839
QAP,3152,10,26839
QAP,3153,10,26855
QAP,3154,10,26871
QAP,3155,10,26871
QAP,3156,10,26886
QAP,3157,10,26886
QAP,3158,10,26902
QAP,3159,10,26902
QAP,3160,10,26918
QAP,3161,10,26918
QAP,3162,10,26933
QAP,3163,10,26933
QAP,3164,10,26949
QAP,3165,10,26965
QAP,3166,10,26965
QAP,3167,10,26980
QAP,3168,10,26980
QAP,3169,10,26996
QAP,3170,10,26996
QAP,3171,10,27012
QAP,3172,10,27012
QAP,3173,10,27027
QAP,3174,10,27043
QAP,3175,10,27043
QAP,3176,10,27059
QAP,3177,10,27059
QAP,3178,10,27074
QAP,3179,10,27074
QAP,3180,10,27090
QAP,3181,10,27090
QAP,3182,10,27106
QAP,3183,10,27121
QAP,3184,10,27121
QAP,3185,10,27137
QAP,3186,10,27137
QAP,3187,10,27153
QAP,3188,10,27153
QAP,3189,10,27168
QAP,3190,10,27168
QAP,3191,10,27184
QAP,3192,10,27184
QAP,3193,10,27200
QAP,3194,10,27200
QAP,3195,10,27215
QAP,3196,10,27231
QAP,3197,10,27231
QAP,3198,10,27247
QAP,3199,10,27247
QAP,3200,10,27262
QAP,3201,10,27270
QAP,3202,10,27278
QAP,3203,10,27294
QAP,3204,10,27294
QAP,3205,10,27309
QAP,3206,10,27309
QAP,3207,10,27325
QAP,3208,10,27325
QAP,3209,10,27341
QAP,3210,10,27341
QAP,3211,10,27357
QAP,3212,10,27372
QAP,3213,10,27372
QAP,3214,10,27388
QAP,3215,10,27388
QAP,3216,10,27404
QAP,3217,10,27404
QAP,3218,10,27420
QAP,3219,10,27420
QAP,3220,10,27435
QAP,3221,10,27451
QAP,3222,10,27451
QAP,3223,10,27467
QAP,3224,10,27467
QAP,3225,10,27482
QAP,3226,10,27482
QAP,3227,10,27498
QAP,3228,10,27498
QAP,3229,10,27514
QAP,3230,10,27514
QAP,3231,10,27530
QAP,3232,10,27545
QAP,3233,10,27545
QAP,3234,10,27561
QAP,3235,10,27561
QAP,3236,10,27577
QAP,3237,10,27577
QAP,3238,10,27592
QAP,3239,10,27592
QAP,3240,10,27608
QAP,3241,10,27608
QAP,3242,10,27624
QAP,3243,10,27624
QAP,3244,10,27640
QAP,3245,10,27655
QAP,3246,10,27655
QAP,3247,10,27671
QAP,3248,10,27671
QAP,3249,10,27687
QAP,3250,10,27687
QAP,3251,10,27702
QAP,3252,10,27702
QAP,3253,10,27718
QAP,3254,10,27718
QAP,3255,10,27734
QAP,3256,10,27750
QAP,3257,10,27750
QAP,3258,10,27765
QAP,3259,10,27765
QAP,3260,10,27781
QAP,3261,10,27781
QAP,3262,10,27797
QAP,3263,10,27797
QAP,3264,10,27812
QAP,3265,10,27812
QAP,3266,10,27828
QAP,3267,10,27844
QAP,3268,10,27844
QAP,3269,10,27859
QAP,3270,10,27859
QAP,3271,10,27875
QAP,3272,10,27875
QAP,3273,10,27896
QAP,3274,10,27899
QAP,3275,10,27907
QAP,3276,10,27907
QAP,3277,10,27922
QAP,3278,10,27938
QAP,3279,10,27938
QAP,3280,10,27954
QAP,3281,10,27954
QAP,3282,10,27969
QAP,3283,10,27969
QAP,3284,10,27985
QAP,3285,10,27985
QAP,3286,10,28001
QAP,3287,10,28001
QAP,3288,10,28017
QAP,3289,10,28032
QAP,3290,10,28032
QAP,3291,10,28048
QAP,3292,10,28048
QAP,3293,10,28064
QAP,3294,10,28064
QAP,3295,10,28079
QAP,3296,10,28079
QAP,3297,10,28095
QAP,3298,10,28095
QAP,3299,10,28111
QAP,3300,10,28126
QAP,3301,10,28126
QAP,3302,10,28142
QAP,3303,10,28142
QAP,3304,10,28158
QAP,3305,10,28158
QAP,3306,10,28174
QAP,3307,10,28174
QAP,3308,10,28189
QAP,3309,10,28189
QAP,3310,10,28205
QAP,3311,10,28205
QAP,3312,10,28221
QAP,3313,10,28237
QAP,3314,10,28237
QAP,3315,10,28252
QAP,3316,10,28252
QAP,3317,10,28268
QAP,3318,10,28268
QAP,3319,10,28284
QAP,3320,10,28284
QAP,3321,10,28299
QAP,3322,10,28315
QAP,3323,10,28315
QAP,3324,10,28331
QAP,3325,10,28331
QAP,3326,10,28346
QAP,3327,10,28346
QAP,3328,10,28362
QAP,3329,10,28362
QAP,3330,10,28378
QAP,3331,10,28378
QAP,3332,10,28394
QAP,3333,10,28409
QAP,3334,10,28409
QAP,3335,10,28425
QAP,3336,10,28425
QAP,3337,10,28441
QAP,3338,10,28441
QAP,3339,10,28456
QAP,3340,10,28456
QAP,3341,10,28472
QAP,3342,10,28472
QAP,3343,10,28488
QAP,3344,10,28488
QAP,3345,10,28503
QAP,3346,10,28519
QAP,3347,10,28519
QAP,3348,10,28535
QAP,3349,10,28535
QAP,3350,10,28551
QAP,3351,10,28551
QAP,3352,10,28571
QAP,3353,10,28574
QAP,3354,10,28582
QAP,3355,10,28582
QAP,3356,10,28598
QAP,3357,10,28613
QAP,3358,10,28613
QAP,3359,10,28629
QAP,3360,10,28629
QAP,3361,10,28645
QAP,3362,10,28645
QAP,3363,10,28661
QAP,3364,10,28661
QAP,3365,10,28676
QAP,3366,10,28676
QAP,3367,10,28692
QAP,3368,10,28708
QAP,3369,10,28708
QAP,3370,10,28723
QAP,3371,10,28723
QAP,3372,10,28739
QAP,3373,10,28739
QAP,3374,10,28755
QAP,3375,10,28755
QAP,3376,10,28770
QAP,3377,10,28770
QAP,3378,10,28786
QAP,3379,10,28802
QAP,3380,10,28802
QAP,3381,10,28818
QAP,3382,10,28818
QAP,3383,10,28833
QAP,3384,10,28833
QAP,3385,10,28849
QAP,3386,10,28849
QAP,3387,10,28865
QAP,3388,10,28865
QAP,3389,10,28881
QAP,3390,10,28881
QAP,3391,10,28896
QAP,3392,10,28912
QAP,3393,10,28912
QAP,3394,10,28928
QAP,3395,10,28928
QAP,3396,10,28943
QAP,3397,10,28943
QAP,3398,10,28959
QAP,3399,10,28959
QAP,3400,10,28975
QAP,3401,10,28975
QAP,3402,10,28991
QAP,3403,10,29006
QAP,3404,10,29006
QAP,3405,10,29022
QAP,3406,10,29022
QAP,3407,10,29038
QAP,3408,10,29038
QAP,3409,10,29053
QAP,3410,10,29053
QAP,3411,10,29069
QAP,3412,10,29069
QAP,3413,10,29085
QAP,3414,10,29100
QAP,3415,10,29100
QAP,3416,10,29116
QAP,3417,10,29116
QAP,3418,10,29132
QAP,3419,10,29132
QAP,3420,10,29148
QAP,3421,10,29148
QAP,3422,10,29163
QAP,3423,10,29163
QAP,3424,10,29179
QAP,3425,10,29179
QAP,3426,10,29195
QAP,3427,10,29210
QAP,3428,10,29210
QAP,3429,10,29226
QAP,3430,10,29226
QAP,3431,10,29242
QAP,3432,10,29242
QAP,3433,10,29262
QAP,3434,10,29266
QAP,3435,10,29273
QAP,3436,10,29273
QAP,3437,10,29289
QAP,3438,10,29305
QAP,3439,10,29305
QAP,3440,10,29320
QAP,3441,10,29320
QAP,3442,10,29336
QAP,3443,10,29336
QAP,3444,10,29352
QAP,3445,10,29352
QAP,3446,10,29368
QAP,3447,10,29368
QAP,3448,10,29383
QAP,3449,10,29399
QAP,3450,10,29399
QAP,3451,10,29415
QAP,3452,10,29415
QAP,3453,10,29430
QAP,3454,10,29430
QAP,3455,10,29446
QAP,3456,10,29446
QAP,3457,10,29462
QAP,3458,10,29462
QAP,3459,10,29478
QAP,3460,10,29493
QAP,3461,10,29493
QAP,3462,10,29509
QAP,3463,10,29509
QAP,3464,10,29525
QAP,3465,10,29525
QAP,3466,10,29540
QAP,3467,10,29540
QAP,3468,10,29556
QAP,3469,10,29556
QAP,3470,10,29572
QAP,3471,10,29587
QAP,3472,10,29587
QAP,3473,10,29603
QAP,3474,10,29603
QAP,3475,10,29619
QAP,3476,10,29619
QAP,3477,10,29635
QAP,3478,10,29635
QAP,3479,10,29650
QAP,3480,10,29650
QAP,3481,10,29666
QAP,3482,10,29666
QAP,3483,10,29682
QAP,3484,10,29697
QAP,3485,10,29697
QAP,3486,10,29713
QAP,3487,10,29713
QAP,3488,10,29729
QAP,3489,10,29729
QAP,3490,10,29745
QAP,3491,10,29745
QAP,3492,10,29760
QAP,3493,10,29760
QAP,3494,10,29776
QAP,3495,10,29792
QAP,3496,10,29792
QAP,3497,10,29807
QAP,3498,10,29807
QAP,3499,10,29823
QAP,3500,10,29823
QAP,3501,10,29839
QAP,3502,10,29839
QAP,3503,10,29855
QAP,3504,10,29855
QAP,3505,10,29870
QAP,3506,10,29886
QAP,3507,10,29886
QAP,3508,10,29902
QAP,3509,10,29902
QAP,3510,10,29918
QAP,3511,10,29918
QAP,3512,10,29933
QAP,3513,10,29933
QAP,3514,10,29949
QAP,3515,10,29949
QAP,3516,10,29965
QAP,3517,10,29965
QAP,3518,10,29980
QAP,3519,10,29996
QAP,3520,10,29996
QAP,3521,10,30012
QAP,3522,10,30012
QAP,3523,10,30027
QAP,3524,10,30027
QAP,3525,10,30043
QAP,3526,10,30043
QAP,3527,10,30059
QAP,3528,10,30075
QAP,3529,10,30075
QAP,3530,10,30090
QAP,3531,10,30090
QAP,3532,10,30106
QAP,3533,10,30106
QAP,3534,10,30122
QAP,3535,10,30122
QAP,3536,10,30137
QAP,3537,10,30137
QAP,3538,10,30153
QAP,3539,10,30153
QAP,3540,10,30169
QAP,3541,10,30185
QAP,3542,10,30185
QAP,3543,10,30200
QAP,3544,10,30200
QAP,3545,10,30216
QAP,3546,10,30216
QAP,3547,10,30232
QAP,3548,10,30232
QAP,3549,10,30248
QAP,3550,10,30248
QAP,3551,10,30263
QAP,3552,10,30279
QAP,3553,10,30279
QAP,3554,10,30295
QAP,3555,10,30295
QAP,3556,10,30310
QAP,3557,10,30310
QAP,3558,10,30326
QAP,3559,10,30326
QAP,3560,10,30342
QAP,3561,10,30342
QAP,3562,10,30358
QAP,3563,10,30358
QAP,3564,10,30373
QAP,3565,10,30389
QAP,3566,10,30389
QAP,3567,10,30405
QAP,3568,10,30405
QAP,3569,10,30420
QAP,3570,10,30420
QAP,3571,10,30436
QAP,3572,10,30436
QAP,3573,10,30452
QAP,3574,10,30452
QAP,3575,10,30467
QAP,3576,10,30483
QAP,3577,10,30483
QAP,3578,10,30499
QAP,3579,10,30499
QAP,3580,10,30515
QAP,3581,10,30515
QAP,3582,10,30530
QAP,3583,10,30530
QAP,3584,10,30546
QAP,3585,10,30546
QAP,3586,10,30562
QAP,3587,10,30577
QAP,3588,10,30577
QAP,3589,10,30593
QAP,3590,10,30593
QAP,3591,10,30609
QAP,3592,10,30609
QAP,3593,10,30629
QAP,3594,10,30633
QAP,3595,10,30640
QAP,3596,10,30640
QAP,3597,10,30656
QAP,3598,10,30672
QAP,3599,10,30672
QAP,3600,10,30688
QAP,3601,10,30688
QAP,3602,10,30703
QAP,3603,10,30703
QAP,3604,10,30719
QAP,3605,10,30719
QAP,3606,10,30735
QAP,3607,10,30735
QAP,3608,10,30751
QAP,3609,10,30751
QAP,3610,10,30766
QAP,3611,10,30782
QAP,3612,10,30782
QAP,3613,10,30798
QAP,3614,10,30798
QAP,3615,10,30813
QAP,3616,10,30813
QAP,3617,10,30829
QAP,3618,10,30829
QAP,3619,10,30845
QAP,3620,10,30845
QAP,3621,10,30861
QAP,3622,10,30877
QAP,3623,10,30877
QAP,3624,10,30892
QAP,3625,10,30892
QAP,3626,10,30908
QAP,3627,10,30908
QAP,3628,10,30924
QAP,3629,10,30924
QAP,3630,10,30939
QAP,3631,10,30939
QAP,3632,10,30955
QAP,3633,10,30971
QAP,3634,10,30971
QAP,3635,10,30986
QAP,3636,10,30986
QAP,3637,10,31002
QAP,3638,10,31002
QAP,3639,10,31018
QAP,3640,10,31018
QAP,3641,10,31034
QAP,3642,10,31049
QAP,3643,10,31049
QAP,3644,10,31065
QAP,3645,10,31065
QAP,3646,10,31081
QAP,3647,10,31081
QAP,3648,10,31096
QAP,3649,10,31096
QAP,3650,10,31112
QAP,3651,10,31112
QAP,3652,10,31128
QAP,3653,10,31128
QAP,3654,10,31144
QAP,3655,10,31159
QAP,3656,10,31159
QAP,3657,10,31175
QAP,3658,10,31175
QAP,3659,10,31191
QAP,3660,10,31191
QAP,3661,10,31206
QAP,3662,10,31206
QAP,3663,10,31222
QAP,3664,10,31222
QAP,3665,10,31238
QAP,3666,10,31253
QAP,3667,10,31253
QAP,3668,10,31269
QAP,3669,10,31269
QAP,3670,10,31285
QAP,3671,10,31285
QAP,3672,10,31301
QAP,3673,10,31301
QAP,3674,10,31316
QAP,3675,10,31316
QAP,3676,10,31332
QAP,3677,10,31348
QAP,3678,10,31348
QAP,3679,10,31363
QAP,3680,10,31363
QAP,3681,10,31379
QAP,3682,10,31379
QAP,3683,10,31395
QAP,3684,10,31395
QAP,3685,10,31411
QAP,3686,10,31411
QAP,3687,10,31426
QAP,3688,10,31442
QAP,3689,10,31442
QAP,3690,10,31458
QAP,3691,10,31458
QAP,3692,10,31473
QAP,3693,10,31473
QAP,3694,10,31489
QAP,3695,10,31489
QAP,3696,10,31505
QAP,3697,10,31505
QAP,3698,10,31520
QAP,3699,10,31536
QAP,3700,10,31536
QAP,3701,10,31552
QAP,3702,10,31552
QAP,3703,10,31568
QAP,3704,10,31568
QAP,3705,10,31583
QAP,3706,10,31583
QAP,3707,10,31599
QAP,3708,10,31599
QAP,3709,10,31615
QAP,3710,10,31630
QAP,3711,10,31630
QAP,3712,10,31646
QAP,3713,10,31646
QAP,3714,10,31662
QAP,3715,10,31662
QAP,3716,10,31678
QAP,3717,10,31678
QAP,3718,10,31693
QAP,3719,10,31693
QAP,3720,10,31709
QAP,3721,10,31725
QAP,3722,10,31725
QAP,3723,10,31740
QAP,3724,10,31740
QAP,3725,10,31756
QAP,3726,10,31756
QAP,3727,10,31772
QAP,3728,10,31772
QAP,3729,10,31788
QAP,3730,10,31788
QAP,3731,10,31803
QAP,3732,10,31803
QAP,3733,10,31819
QAP,3734,10,31835
QAP,3735,10,31835
QAP,3736,10,31850
QAP,3737,10,31850
QAP,3738,10,31866
QAP,3739,10,31866
QAP,3740,10,31882
QAP,3741,10,31882
QAP,3742,10,31897
QAP,3743,10,31897
QAP,3744,10,31913
QAP,3745,10,31929
QAP,3746,10,31929
QAP,3747,10,31945
QAP,3748,10,31945
QAP,3749,10,31960
QAP,3750,10,31960
QAP,3751,10,31982
QAP,3752,10,31984
QAP,3753,10,31992
QAP,3754,10,32008
QAP,3755,10,32008
QAP,3756,10,32023
QAP,3757,10,32023
QAP,3758,10,32039
QAP,3759,10,32039
QAP,3760,10,32055
QAP,3761,10,32071
QAP,3762,10,32071
QAP,3763,10,32086
QAP,3764,10,32086
QAP,3765,10,32102
QAP,3766,10,32102
QAP,3767,10,32118
QAP,3768,10,32118
QAP,3769,10,32133
QAP,3770,10,32133
QAP,3771,10,32149
QAP,3772,10,32165
QAP,3773,10,32165
QAP,3774,10,32180
QAP,3775,10,32180
QAP,3776,10,32196
QAP,3777,10,32196
QAP,3778,10,32212
QAP,3779,10,32212
QAP,3780,10,32227
QAP,3781,10,32227
QAP,3782,10,32243
QAP,3783,10,32243
QAP,3784,10,32259
QAP,3785,10,32274
QAP,3786,10,32274
QAP,3787,10,32290
QAP,3788,10,32290
QAP,3789,10,32306
QAP,3790,10,32306
QAP,3791,10,32322
QAP,3792,10,32322
QAP,3793,10,32337
QAP,3794,10,32353
QAP,3795,10,32353
QAP,3796,10,32369
QAP,3797,10,32369
QAP,3798,10,32384
QAP,3799,10,32384
QAP,3800,10,32400
QAP,3801,10,32400
QAP,3802,10,32416
QAP,3803,10,32416
QAP,3804,10,32431
QAP,3805,10,32447
QAP,3806,10,32447
QAP,3807,10,32463
QAP,3808,10,32463
QAP,3809,10,32479
QAP,3810,10,32479
QAP,3811,10,32494
QAP,3812,10,32510
QAP,3813,10,32510
QAP,3814,10,32526
QAP,3815,10,32526
QAP,3816,10,32541
QAP,3817,10,32541
QAP,3818,10,32557
QAP,3819,10,32557
QAP,3820,10,32573
QAP,3821,10,32588
QAP,3822,10,32588
QAP,3823,10,32604
QAP,3824,10,32604
QAP,3825,10,32619
QAP,3826,10,32619
QAP,3827,10,32635
QAP,3828,10,32635
QAP,3829,10,32651
QAP,3830,10,32651
QAP,3831,10,32666
QAP,3832,10,32682
QAP,3833,10,32682
QAP,3834,10,32698
QAP,3835,10,32698
QAP,3836,10,32713
QAP,3837,10,32713
QAP,3838,10,32729
QAP,3839,10,32729
QAP,3840,10,32745
QAP,3841,10,32760
QAP,3842,10,32760
QAP,3843,10,32776
QAP,3844,10,32776
QAP,3845,10,32792
QAP,3846,10,32792
QAP,3847,10,32808
QAP,3848,10,32808
QAP,3849,10,32823
QAP,3850,10,32823
QAP,3851,10,32839
QAP,3852,10,32854
QAP,3853,10,32854
QAP,3854,10,32870
QAP,3855,10,32870
QAP,3856,10,32886
QAP,3857,10,32886
QAP,3858,10,32902
QAP,3859,10,32902
QAP,3860,10,32917
QAP,3861,6,32933
QAP,3862,6,32933
QAP,3863,6,32949
QAP,3864,6,32949
QAP,3865,6,32964
QAP,3866,6,32964
QAP,3867,6,32980
QAP,3868,6,32980
QAP,3869,6,32996
QAP,3870,6,33011
QAP,3871,6,33011
QAP,3872,6,33027
QAP,3873,6,33027
QAP,3874,6,33043
QAP,3875,6,33043
QAP,3876,6,33058
QAP,3877,6,33058
QAP,3878,6,33074
QAP,3879,6,33074
QAP,3880,6,33090
QAP,3881,6,33105
QAP,3882,6,33105
QAP,3883,6,33121
QAP,3884,6,33121
QAP,3885,6,33136
QAP,3886,6,33136
QAP,3887,6,33152
QAP,3888,6,33152
QAP,3889,6,33168
QAP,3890,6,33168
QAP,3891,6,33183
QAP,3892,6,33183
QAP,3893,6,33199
QAP,3894,6,33199
QAP,3895,6,33215
QAP,3896,6,33215
QAP,3897,6,33230
QAP,3898,6,33246
QAP,3899,6,33246
QAP,3900,6,33262
QAP,3901,6,33262
QAP,3902,6,33278
QAP,3903,6,33278
QAP,3904,6,33293
QAP,3905,6,33293
QAP,3906,6,33309
QAP,3907,6,33309
QAP,3908,6,33325
QAP,3909,6,33325
QAP,3910,6,33348
QAP,3911,6,33356
QAP,3912,6,33356
QAP,3913,6,33372
QAP,3914,6,33372
QAP,3915,6,33388
QAP,3916,6,33388
QAP,3917,6,33403
QAP,3918,6,33403
QAP,3919,6,33419
QAP,3920,6,33419
QAP,3921,6,33435
QAP,3922,6,33435
QAP,3923,6,33451
QAP,3924,6,33451
QAP,3925,6,33466
QAP,3926,6,33482
QAP,3927,6,33482
QAP,3928,6,33498
QAP,3929,6,33498
QAP,3930,6,33513
QAP,3931,6,33513
QAP,3932,6,33529
QAP,3933,6,33529
QAP,3934,6,33545
QAP,3935,6,33545
QAP,3936,6,33560
QAP,3937,6,33560
QAP,3938,6,33584
QAP,3939,6,33592
QAP,3940,6,33592
QAP,3941,6,33608
QAP,3942,6,33608
QAP,3943,6,33623
QAP,3944,6,33623
QAP,3945,6,33639
QAP,3946,6,33639
QAP,3947,6,33655
QAP,3948,6,33655
QAP,3949,6,33670
QAP,3950,6,33670
QAP,3951,6,33686
QAP,3952,6,33702
QAP,3953,6,33702
QAP,3954,6,33717
QAP,3955,6,33717
QAP,3956,6,33733
QAP,3957,6,33733
QAP,3958,6,33749
QAP,3959,6,33749
QAP,3960,6,33765
QAP,3961,6,33765
QAP,3962,6,33780
QAP,3963,6,33780
QAP,3964,6,33796
QAP,3965,6,33796
QAP,3966,6,33812
QAP,3967,6,33827
QAP,3968,6,33827
QAP,3969,6,33843
QAP,3970,6,33843
QAP,3971,6,33859
QAP,3972,6,33859
QAP,3973,6,33874
QAP,3974,6,33874
QAP,3975,6,33890
QAP,3976,6,33890
QAP,3977,6,33906
QAP,3978,6,33906
QAP,3979,6,33921
QAP,3980,6,33921
QAP,3981,6,33937
QAP,3982,6,33937
QAP,3983,6,33953
QAP,3984,6,33968
QAP,3985,6,33968
QAP,3986,6,33984
QAP,3987,6,33984
QAP,3988,6,34000
QAP,3989,6,34000
QAP,3990,6,34015
QAP,3991,6,34015
QAP,3992,6,34031
QAP,3993,6,34031
QAP,3994,6,34047
QAP,3995,6,34047
QAP,3996,6,34062
QAP,3997,6,34078
QAP,3998,6,34078
QAP,3999,6,34094
QAP,4000,6,34094
QAP,4001,6,34109
QAP,4002,6,34109
QAP,4003,6,34125
QAP,4004,6,34125
QAP,4005,6,34141
QAP,4006,6,34141
QAP,4007,6,34156
QAP,4008,6,34156
QAP,4009,6,34172
QAP,4010,6,34172
QAP,4011,6,34188
QAP,4012,6,34203
QAP,4013,6,34203
QAP,4014,6,34219
QAP,4015,6,34219
QAP,4016,6,34235
QAP,4017,6,34235
QAP,4018,6,34250
QAP,4019,6,34250
QAP,4020,6,34266
QAP,4021,6,34266
QAP,4022,6,34282
QAP,4023,6,34282
QAP,4024,6,34297
QAP,4025,6,34313
QAP,4026,6,34313
QAP,4027,6,34329
QAP,4028,6,34329
QAP,4029,6,34344
QAP,4030,6,34344
QAP,4031,6,34360
QAP,4032,6,34360
QAP,4033,6,34376
QAP,4034,6,34376
QAP,4035,6,34391
QAP,4036,6,34391
QAP,4037,6,34407
QAP,4038,6,34407
QAP,4039,6,34423
QAP,4040,6,34439
QAP,4041,6,34439
QAP,4042,6,34454
QAP,4043,6,34454
QAP,4044,6,34470
QAP,4045,6,34470
QAP,4046,6,34486
QAP,4047,6,34486
QAP,4048,6,34501
QAP,4049,6,34501
QAP,4050,6,34517
QAP,4051,6,34517
QAP,4052,6,34533
QAP,4053,6,34548
QAP,4054,6,34548
QAP,4055,6,34564
QAP,4056,6,34564
QAP,4057,6,34580
QAP,4058,6,34580
QAP,4059,6,34595
QAP,4060,6,34595
QAP,4061,6,34611
QAP,4062,6,34611
QAP,4063,6,34627
QAP,4064,6,34642
QAP,4065,6,34642
QAP,4066,6,34658
QAP,4067,6,34658
QAP,4068,6,34674
QAP,4069,6,34674
QAP,4070,6,34689
QAP,4071,6,34689
QAP,4072,6,34712
QAP,4073,6,34721
QAP,4074,6,34721
QAP,4075,6,34737
QAP,4076,6,34737
QAP,4077,6,34752
QAP,4078,6,34752
QAP,4079,6,34768
QAP,4080,6,34768
QAP,4081,6,34784
QAP,4082,6,34784
QAP,4083,6,34799
QAP,4084,6,34815
QAP,4085,6,34815
QAP,4086,6,34831
QAP,4087,6,34831
QAP,4088,6,34846
QAP,4089,6,34846
QAP,4090,6,34862
QAP,4091,6,34862
QAP,4092,6,34878
QAP,4093,6,34878
QAP,4094,6,34893
QAP,4095,6,34909
QAP,4096,6,34909
QAP,4097,6,34925
QAP,4098,6,34925
QAP,4099,6,34940
QAP,4100,6,34940
QAP,4101,6,34956
QAP,4102,6,34956
QAP,4103,6,34972
QAP,4104,6,34972
QAP,4105,6,34987
QAP,4106,6,35003
QAP,4107,6,35003
QAP,4108,6,35019
QAP,4109,6,35019
QAP,4110,6,35035
QAP,4111,6,35035
QAP,4112,6,35050
QAP,4113,6,35066
QAP,4114,6,35066
QAP,4115,6,35081
QAP,4116,6,35081
QAP,4117,6,35097
QAP,4118,6,35097
QAP,4119,6,35113
QAP,4120,6,35113
QAP,4121,6,35128
QAP,4122,6,35144
QAP,4123,6,35144
QAP,4124,6,35160
QAP,4125,6,35160
QAP,4126,6,35175
QAP,4127,6,35175
QAP,4128,6,35191
QAP,4129,6,35191
QAP,4130,6,35207
QAP,4131,6,35207
QAP,4132,6,35222
QAP,4133,6,35238
QAP,4134,6,35238
QAP,4135,6,35254
QAP,4136,6,35254
QAP,4137,6,35269
QAP,4138,6,35269
QAP,4139,6,35285
QAP,4140,6,35285
QAP,4141,6,35301
QAP,4142,6,35301
QAP,4143,6,35316
QAP,4144,6,35332
QAP,4145,6,35332
QAP,4146,6,35348
QAP,4147,6,35348
QAP,4148,6,35364
QAP,4149,6,35364
QAP,4150,6,35379
QAP,4151,6,35379
QAP,4152,6,35395
QAP,4153,6,35395
QAP,4154,6,35411
QAP,4155,6,35426
QAP,4156,6,35426
QAP,4157,6,35442
QAP,4158,6,35442
QAP,4159,6,35458
QAP,4160,6,35458
QAP,4161,6,35473
QAP,4162,6,35489
QAP,4163,6,35489
QAP,4164,6,35505
QAP,4165,6,35505
QAP,4166,6,35520
QAP,4167,6,35520
QAP,4168,6,35536
QAP,4169,6,35536
QAP,4170,6,35552
QAP,4171,6,35552
QAP,4172,6,35567
QAP,4173,6,35583
QAP,4174,6,35583
QAP,4175,6,35599
QAP,4176,6,35599
QAP,4177,6,35614
QAP,4178,6,35614
QAP,4179,6,35630
QAP,4180,6,35630
QAP,4181,6,35646
QAP,4182,6,35661
QAP,4183,6,35661
QAP,4184,6,35677
QAP,4185,6,35677
QAP,4186,6,35693
QAP,4187,6,35693
QAP,4188,6,35708
QAP,4189,6,35708
QAP,4190,6,35724
QAP,4191,6,35724
QAP,4192,6,35740
QAP,4193,6,35755
QAP,4194,6,35755
QAP,4195,6,35771
QAP,4196,6,35771
QAP,4197,6,35787
QAP,4198,6,35787
QAP,4199,6,35803
QAP,4200,6,35803
QAP,4201,6,35818
QAP,4202,6,35818
QAP,4203,6,35834
QAP,4204,6,35850
QAP,4205,6,35850
QAP,4206,6,35865
QAP,4207,6,35865
QAP,4208,6,35881
QAP,4209,6,35881
QAP,4210,6,35897
QAP,4211,6,35897
QAP,4212,6,35913
QAP,4213,6,35928
QAP,4214,6,35928
QAP,4215,6,35944
QAP,4216,6,35944
QAP,4217,6,35960
QAP,4218,6,35960
QAP,4219,6,35975
QAP,4220,6,35975
QAP,4221,6,35991
QAP,4222,6,36007
QAP,4223,6,36007
QAP,4224,6,36022
QAP,4225,6,36022
QAP,4226,6,36038
QAP,4227,6,36038
QAP,4228,6,36054
QAP,4229,6,36054
QAP,4230,6,36076
QAP,4231,6,36077
QAP,4232,6,36085
QAP,4233,6,36101
QAP,4234,6,36101
QAP,4235,6,36117
QAP,4236,6,36117
QAP,4237,6,36132
QAP,4238,6,36132
QAP,4239,6,36148
QAP,4240,6,36148
QAP,4241,6,36164
QAP,4242,6,36179
QAP,4243,6,36179
QAP,4244,6,36195
QAP,4245,6,36195
QAP,4246,6,36211
QAP,4247,6,36211
QAP,4248,6,36226
QAP,4249,6,36226
QAP,4250,6,36242
QAP,4251,6,36242
QAP,4252,6,36258
QAP,4253,6,36273
QAP,4254,6,36273
QAP,4255,6,36289
QAP,4256,6,36289
QAP,4257,6,36305
QAP,4258,6,36305
QAP,4259,6,36320
QAP,4260,6,36320
QAP,4261,6,36336
QAP,4262,6,36352
QAP,4263,6,36352
QAP,4264,6,36368
QAP,4265,6,36368
QAP,4266,6,36383
QAP,4267,6,36383
QAP,4268,6,36399
QAP,4269,6,36399
QAP,4270,6,36415
QAP,4271,6,36415
QAP,4272,6,36430
QAP,4273,6,36446
QAP,4274,6,36446
QAP,4275,6,36462
QAP,4276,6,36462
QAP,4277,6,36477
QAP,4278,6,36477
QAP,4279,6,36493
QAP,4280,6,36493
QAP,4281,6,36509
QAP,4282,6,36509
QAP,4283,6,36524
QAP,4284,6,36540
QAP,4285,6,36540
QAP,4286,6,36556
QAP,4287,6,36556
QAP,4288,6,36571
QAP,4289,6,36571
QAP,4290,6,36587
QAP,4291,6,36587
QAP,4292,6,36603
QAP,4293,6,36618
QAP,4294,6,36618
QAP,4295,6,36634
QAP,4296,6,36634
QAP,4297,6,36650
QAP,4298,6,36650
QAP,4299,6,36665
QAP,4300,6,36665
QAP,4301,6,36681
QAP,4302,6,36681
QAP,4303,6,36697
QAP,4304,6,36712
QAP,4305,6,36712
QAP,4306,6,36728
QAP,4307,6,36728
QAP,4308,6,36744
QAP,4309,6,36744
QAP,4310,6,36759
QAP,4311,6,36759
QAP,4312,6,36775
QAP,4313,6,36775
QAP,4314,6,36791
QAP,4315,6,36806
QAP,4316,6,36806
QAP,4317,6,36822
QAP,4318,6,36822
QAP,4319,6,36838
QAP,4320,6,36838
QAP,4321,6,36853
QAP,4322,6,36853
QAP,4323,6,36869
QAP,4324,6,36869
QAP,4325,6,36885
QAP,4326,6,36900
QAP,4327,6,36900
QAP,4328,6,36916
QAP,4329,6,36916
QAP,4330,6,36932
QAP,4331,6,36932
QAP,4332,6,36947
QAP,4333,6,36947
QAP,4334,6,36963
QAP,4335,6,36979
QAP,4336,6,36979
QAP,4337,6,36994
QAP,4338,6,36994
QAP,4339,6,37010
QAP,4340,6,37010
QAP,4341,6,37026
QAP,4342,6,37026
QAP,4343,6,37041
QAP,4344,6,37057
QAP,4345,6,37057
QAP,4346,6,37073
QAP,4347,6,37073
QAP,4348,6,37088
QAP,4349,6,37088
QAP,4350,6,37104
QAP,4351,6,37104
QAP,4352,6,37120
QAP,4353,6,37135
QAP,4354,6,37135
QAP,4355,6,37151
QAP,4356,6,37151
QAP,4357,6,37167
QAP,4358,6,37167
QAP,4359,6,37183
QAP,4360,6,37183
QAP,4361,6,37198
QAP,4362,6,37214
QAP,4363,6,37214
QAP,4364,6,37230
QAP,4365,6,37230
QAP,4366,6,37245
QAP,4367,6,37245
QAP,4368,6,37261
QAP,4369,6,37261
QAP,4370,6,37277
QAP,4371,6,37292
QAP,4372,6,37292
QAP,4373,6,37308
QAP,4374,6,37308
QAP,4375,6,37324
QAP,4376,6,37324
QAP,4377,6,37340
QAP,4378,6,37340
QAP,4379,6,37355
QAP,4380,6,37371
QAP,4381,6,37371
QAP,4382,6,37387
QAP,4383,6,37387
QAP,4384,6,37402
QAP,4385,6,37402
QAP,4386,6,37418
QAP,4387,6,37418
QAP,4388,6,37441
QAP,4389,6,37450
QAP,4390,6,37450
QAP,4391,6,37465
QAP,4392,6,37465
QAP,4393,6,37481
QAP,4394,6,37481
QAP,4395,6,37497
QAP,4396,6,37497
QAP,4397,6,37512
QAP,4398,6,37512
QAP,4399,6,37528
QAP,4400,6,37544
QAP,4401,6,37544
QAP,4402,6,37559
QAP,4403,6,37559
QAP,4404,6,37575
QAP,4405,6,37575
QAP,4406,6,37591
QAP,4407,6,37591
QAP,4408,6,37606
QAP,4409,6,37622
QAP,4410,6,37622
QAP,4411,6,37638
QAP,4412,6,37638
QAP,4413,6,37653
QAP,4414,6,37653
QAP,4415,6,37669
QAP,4416,6,37669
QAP,4417,6,37685
QAP,4418,6,37700
QAP,4419,6,37700
QAP,4420,6,37716
QAP,4421,6,37716
QAP,4422,6,37732
QAP,4423,6,37732
QAP,4424,6,37747
QAP,4425,6,37747
QAP,4426,6,37763
QAP,4427,6,37763
QAP,4428,6,37779
QAP,4429,6,37794
QAP,4430,6,37794
QAP,4431,6,37810
QAP,4432,6,37810
QAP,4433,6,37826
QAP,4434,6,37826
QAP,4435,6,37841
QAP,4436,6,37841
QAP,4437,6,37857
QAP,4438,6,37857
QAP,4439,6,37873
QAP,4440,6,37888
QAP,4441,6,37888
QAP,4442,6,37904
QAP,4443,6,37904
QAP,4444,6,37920
QAP,4445,6,37920
QAP,4446,6,37935
QAP,4447,6,37935
QAP,4448,6,37951
QAP,4449,6,37967
QAP,4450,6,37967
QAP,4451,6,37982
QAP,4452,6,37982
QAP,4453,6,37998
QAP,4454,6,37998
QAP,4455,6,38014
QAP,4456,6,38014
QAP,4457,6,38029
QAP,4458,6,38045
QAP,4459,6,38045
QAP,4460,6,38061
QAP,4461,6,38061
QAP,4462,6,38076
QAP,4463,6,38076
QAP,4464,6,38092
QAP,4465,6,38092
QAP,4466,6,38108
QAP,4467,6,38123
QAP,4468,6,38123
QAP,4469,6,38139
QAP,4470,6,38139
QAP,4471,6,38155
QAP,4472,6,38155
QAP,4473,6,38170
QAP,4474,6,38170
QAP,4475,6,38186
QAP,4476,6,38186
QAP,4477,6,38202
QAP,4478,6,38217
QAP,4479,6,38217
QAP,4480,6,38233
QAP,4481,6,38233
QAP,4482,6,38249
QAP,4483,6,38249
QAP,4484,6,38264
QAP,4485,6,38264
QAP,4486,6,38280
QAP,4487,6,38296
QAP,4488,6,38296
QAP,4489,6,38311
QAP,4490,6,38311
QAP,4491,6,38327
QAP,4492,6,38327
QAP,4493,6,38343
QAP,4494,6,38343
QAP,4495,6,38358
QAP,4496,6,38374
QAP,4497,6,38374
QAP,4498,6,38390
QAP,4499,6,38390
QAP,4500,6,38405
QAP,4501,6,38405
QAP,4502,6,38421
QAP,4503,6,38421
QAP,4504,6,38437
QAP,4505,6,38437
QAP,4506,6,38452
QAP,4507,6,38468
QAP,4508,6,38468
QAP,4509,6,38484
QAP,4510,6,38484
QAP,4511,6,38500
QAP,4512,6,38500
QAP,4513,6,38515
QAP,4514,6,38515
QAP,4515,6,38531
QAP,4516,6,38547
QAP,4517,6,38547
QAP,4518,6,38562
QAP,4519,6,38562
QAP,4520,6,38578
QAP,4521,6,38578
QAP,4522,6,38598
QAP,4523,6,38602
QAP,4524,6,38610
QAP,4525,6,38610
QAP,4526,6,38625
QAP,4527,6,38641
QAP,4528,6,38641
QAP,4529,6,38657
QAP,4530,6,38657
QAP,4531,6,38673
QAP,4532,6,38673
QAP,4533,6,38688
QAP,4534,6,38688
QAP,4535,6,38704
QAP,4536,6,38720
QAP,4537,6,38720
QAP,4538,6,38735
QAP,4539,6,38735
QAP,4540,6,38751
QAP,4541,6,38751
QAP,4542,6,38767
QAP,4543,6,38767
QAP,4544,6,38782
QAP,4545,6,38782
QAP,4546,6,38798
QAP,4547,6,38814
QAP,4548,6,38814
QAP,4549,6,38829
QAP,4550,6,38829
QAP,4551,6,38845
QAP,4552,6,38845
QAP,4553,6,38861
QAP,4554,6,38861
QAP,4555,6,38876
QAP,4556,6,38892
QAP,4557,6,38892
QAP,4558,6,38908
QAP,4559,6,38908
QAP,4560,6,38924
QAP,4561,6,38924
QAP,4562,6,38939
QAP,4563,6,38939
QAP,4564,6,38955
QAP,4565,6,38971
QAP,4566,6,38971
QAP,4567,6,38986
QAP,4568,6,38986
QAP,4569,6,39002
QAP,4570,6,39002
QAP,4571,6,39018
QAP,4572,6,39018
QAP,4573,6,39033
QAP,4574,6,39033
QAP,4575,6,39049
QAP,4576,6,39065
QAP,4577,6,39065
QAP,4578,6,39080
QAP,4579,6,39080
QAP,4580,6,39096
QAP,4581,6,39096
QAP,4582,6,39112
QAP,4583,6,39112
QAP,4584,6,39127
QAP,4585,6,39143
QAP,4586,6,39143
QAP,4587,6,39159
QAP,4588,6,39159
QAP,4589,6,39174
QAP,4590,6,39174
QAP,4591,6,39190
QAP,4592,6,39190
QAP,4593,6,39206
QAP,4594,6,39221
QAP,4595,6,39221
QAP,4596,6,39237
QAP,4597,6,39237
QAP,4598,6,39253
QAP,4599,6,39253
QAP,4600,6,39269
QAP,4601,6,39269
QAP,4602,6,39284
QAP,4603,6,39300
QAP,4604,6,39300
QAP,4605,6,39316
QAP,4606,6,39316
QAP,4607,6,39331
QAP,4608,6,39331
QAP,4609,6,39347
QAP,4610,6,39347
QAP,4611,6,39363
QAP,4612,6,39363
QAP,4613,6,39378
QAP,4614,6,39394
QAP,4615,6,39394
QAP,4616,6,39410
QAP,4617,6,39410
QAP,4618,6,39425
QAP,4619,6,39425
QAP,4620,6,39441
QAP,4621,6,39441
QAP,4622,6,39457
QAP,4623,6,39457
QAP,4624,6,39473
QAP,4625,6,39488
QAP,4626,6,39488
QAP,4627,6,39504
QAP,4628,6,39504
QAP,4629,6,39520
QAP,4630,6,39520
QAP,4631,6,39535
QAP,4632,6,39535
QAP,4633,6,39551
QAP,4634,6,39567
QAP,4635,6,39567
QAP,4636,6,39583
QAP,4637,6,39583
QAP,4638,6,39598
QAP,4639,6,39598
QAP,4640,6,39614
QAP,4641,6,39614
QAP,4642,6,39629
QAP,4643,6,39645
QAP,4644,6,39645
QAP,4645,6,39661
QAP,4646,6,39661
QAP,4647,6,39677
QAP,4648,6,39677
QAP,4649,6,39692
QAP,4650,6,39692
QAP,4651,6,39708
QAP,4652,6,39708
QAP,4653,6,39724
QAP,4654,6,39739
QAP,4655,6,39739
QAP,4656,6,39755
QAP,4657,6,39755
QAP,4658,6,39771
QAP,4659,6,39771
QAP,4660,6,39786
QAP,4661,6,39786
QAP,4662,6,39802
QAP,4663,6,39818
QAP,4664,6,39818
QAP,4665,6,39833
QAP,4666,6,39833
QAP,4667,6,39849
QAP,4668,6,39849
QAP,4669,6,39865
QAP,4670,6,39865
QAP,4671,6,39880
QAP,4672,6,39880
QAP,4673,6,39896
QAP,4674,6,39912
QAP,4675,6,39912
QAP,4676,6,39927
QAP,4677,6,39927
QAP,4678,6,39943
QAP,4679,6,39943
QAP,4680,6,39959
QAP,4681,6,39959
QAP,4682,6,39974
QAP,4683,6,39990
QAP,4684,6,39990
QAP,4685,6,40006
QAP,4686,6,40006
QAP,4687,6,40021
QAP,4688,6,40021
QAP,4689,6,40037
QAP,4690,6,40037
QAP,4691,6,40053
QAP,4692,6,40068
QAP,4693,6,40068
QAP,4694,6,40084
QAP,4695,6,40084
QAP,4696,6,40100
QAP,4697,6,40100
QAP,4698,6,40116
QAP,4699,6,40116
QAP,4700,6,40131
QAP,4701,6,40147
QAP,4702,6,40147
QAP,4703,6,40165
QAP,4704,6,40171
QAP,4705,6,40179
QAP,4706,6,40179
QAP,4707,6,40194
QAP,4708,6,40194
QAP,4709,6,40210
QAP,4710,6,40226
QAP,4711,6,40226
QAP,4712,6,40242
QAP,4713,6,40242
QAP,4714,6,40257
QAP,4715,6,40257
QAP,4716,6,40273
QAP,4717,6,40273
QAP,4718,6,40289
QAP,4719,6,40304
QAP,4720,6,40304
QAP,4721,6,40320
QAP,4722,6,40320
QAP,4723,6,40336
QAP,4724,6,40336
QAP,4725,6,40351
QAP,4726,6,40351
QAP,4727,6,40367
QAP,4728,6,40367
QAP,4729,6,40383
QAP,4730,6,40398
QAP,4731,6,40398
QAP,4732,6,40414
QAP,4733,6,40414
QAP,4734,6,40430
QAP,4735,6,40430
QAP,4736,6,40445
QAP,4737,6,40445
QAP,4738,6,40461
QAP,4739,6,40461
QAP,4740,6,40477
QAP,4741,6,40492
QAP,4742,6,40492
QAP,4743,6,40508
QAP,4744,6,40508
QAP,4745,6,40524
QAP,4746,6,40524
QAP,4747,6,40539
QAP,4748,6,40539
QAP,4749,6,40555
QAP,4750,6,40571
QAP,4751,6,40571
QAP,4752,6,40586
QAP,4753,6,40586
QAP,4754,6,40602
QAP,4755,6,40602
QAP,4756,6,40618
QAP,4757,6,40618
QAP,4758,6,40633
QAP,4759,6,40633
QAP,4760,6,40649
QAP,4761,6,40665
QAP,4762,6,40665
QAP,4763,6,40680
QAP,4764,6,40680
QAP,4765,6,40696
QAP,4766,6,40696
QAP,4767,6,40712
QAP,4768,6,40712
QAP,4769,6,40727
QAP,4770,6,40727
QAP,4771,6,40743
QAP,4772,6,40759
QAP,4773,6,40767
QAP,4774,6,40775
QAP,4775,6,40775
QAP,4776,6,40791
QAP,4777,6,40791
QAP,4778,6,40806
QAP,4779,6,40822
QAP,4780,6,40822
QAP,4781,6,40838
QAP,4782,6,40838
QAP,4783,6,40853
QAP,4784,6,40853
QAP,4785,6,40869
QAP,4786,6,40869
QAP,4787,6,40884
QAP,4788,6,40900
QAP,4789,6,40900
QAP,4790,6,40916
QAP,4791,6,40916
QAP,4792,6,40932
QAP,4793,6,40932
QAP,4794,6,40947
QAP,4795,6,40947
QAP,4796,6,40963
QAP,4797,6,40979
QAP,4798,6,40979
QAP,4799,6,40994
QAP,4800,6,40994
QAP,4801,6,41010
QAP,4802,6,41010
QAP,4803,6,41026
QAP,4804,6,41026
QAP,4805,6,41041
QAP,4806,6,41057
QAP,4807,6,41057
QAP,4808,6,41073
QAP,4809,6,41073
QAP,4810,6,41088
QAP,4811,6,41088
QAP,4812,6,41104
QAP,4813,6,41104
QAP,4814,6,41120
QAP,4815,6,41135
QAP,4816,6,41144
QAP,4817,6,41153
QAP,4818,6,41153
QAP,4819,6,41167
QAP,4820,6,41167
QAP,4821,6,41182
QAP,4822,6,41182
QAP,4823,6,41198
QAP,4824,6,41214
QAP,4825,6,41214
QAP,4826,6,41229
QAP,4827,6,41229
QAP,4828,6,41245
QAP,4829,6,41245
QAP,4830,6,41261
QAP,4831,6,41261
QAP,4832,6,41276
QAP,4833,6,41292
QAP,4834,6,41292
QAP,4835,6,41308
QAP,4836,6,41308
QAP,4837,6,41323
QAP,4838,6,41323
QAP,4839,6,41339
QAP,4840,6,41339
QAP,4841,6,41355
QAP,4842,6,41371
QAP,4843,6,41371
QAP,4844,6,41386
QAP,4845,6,41386
QAP,4846,6,41402
QAP,4847,6,41402
QAP,4848,6,41417
QAP,4849,6,41417
QAP,4850,6,41433
QAP,4851,6,41449
QAP,4852,6,41449
QAP,4853,6,41465
QAP,4854,6,41465
QAP,4855,6,41480
QAP,4856,6,41480
QAP,4857,6,41496
QAP,4858,6,41496
QAP,4859,6,41512
QAP,4860,6,41527
QAP,4861,6,41535
QAP,4862,6,41543
QAP,4863,6,41543
QAP,4864,6,41559
QAP,4865,6,41559
QAP,4866,6,41575
QAP,4867,6,41575
QAP,4868,6,41590
QAP,4869,6,41590
QAP,4870,6,41606
QAP,4871,6,41622
QAP,4872,6,41622
QAP,4873,6,41637
QAP,4874,6,41637
QAP,4875,6,41653
QAP,4876,6,41653
QAP,4877,6,41669
QAP,4878,6,41669
QAP,4879,6,41684
QAP,4880,6,41700
QAP,4881,6,41700
QAP,4882,6,41716
QAP,4883,6,41716
QAP,4884,6,41732
QAP,4885,6,41732
QAP,4886,6,41747
QAP,4887,6,41747
QAP,4888,6,41763
QAP,4889,6,41778
QAP,4890,6,41778
QAP,4891,6,41794
QAP,4892,6,41794
QAP,4893,6,41810
QAP,4894,6,41810
QAP,4895,6,41825
QAP,4896,6,41825
QAP,4897,6,41841
QAP,4898,6,41857
QAP,4899,6,41857
QAP,4900,6,41873
QAP,4901,6,41873
QAP,4902,6,41888
QAP,4903,6,41888
QAP,4904,6,41904
QAP,4905,6,41920
QAP,4906,6,41920
QAP,4907,6,41935
QAP,4908,6,41935
QAP,4909,6,41951
QAP,4910,6,41951
QAP,4911,6,41967
QAP,4912,6,41967
QAP,4913,6,41982
QAP,4914,6,41998
QAP,4915,6,41998
QAP,4916,6,42014
QAP,4917,6,42014
QAP,4918,6,42029
QAP,4919,6,42029
QAP,4920,6,42045
QAP,4921,6,42045
QAP,4922,6,42061
QAP,4923,6,42076
QAP,4924,6,42076
QAP,4925,6,42092
QAP,4926,6,42092
QAP,4927,6,42108
QAP,4928,6,42108
QAP,4929,6,42123
QAP,4930,6,42123
QAP,4931,6,42139
QAP,4932,6,42139
QAP,4933,6,42155
QAP,4934,6,42171
QAP,4935,6,42171
QAP,4936,6,42186
QAP,4937,6,42186
QAP,4938,6,42202
QAP,4939,6,42202
QAP,4940,6,42218
QAP,4941,6,42218
QAP,4942,6,42233
QAP,4943,6,42233
QAP,4944,6,42249
QAP,4945,6,42265
QAP,4946,6,42265
QAP,4947,6,42280
QAP,4948,6,42280
QAP,4949,6,42296
QAP,4950,6,42296
QAP,4951,6,42312
QAP,4952,6,42312
QAP,4953,6,42328
QAP,4954,6,42328
QAP,4955,6,42343
QAP,4956,6,42359
QAP,4957,6,42359
QAP,4958,6,42375
QAP,4959,6,42375
QAP,4960,6,42390
QAP,4961,6,42390
QAP,4962,6,42406
QAP,4963,6,42406
QAP,4964,6,42422
QAP,4965,6,42422
QAP,4966,6,42437
QAP,4967,6,42453
QAP,4968,6,42453
QAP,4969,6,42469
QAP,4970,6,42469
QAP,4971,6,42485
QAP,4972,6,42485
QAP,4973,6,42500
QAP,4974,6,42500
QAP,4975,6,42516
QAP,4976,6,42516
QAP,4977,6,42532
QAP,4978,6,42547
QAP,4979,6,42547
QAP,4980,6,42563
QAP,4981,6,42563
QAP,4982,6,42579
QAP,4983,6,42579
QAP,4984,6,42595
QAP,4985,6,42595
QAP,4986,6,42610
QAP,4987,6,42610
QAP,4988,6,42626
QAP,4989,6,42626
QAP,4990,6,42642
QAP,4991,6,42657
QAP,4992,6,42657
QAP,4993,6,42673
QAP,4994,6,42673
QAP,4995,6,42689
QAP,4996,6,42689
QAP,4997,6,42704
QAP,4998,6,42704
QAP,4999,6,42720
