Problem,Generation,BestCost,TimeMS
GPP,0,454,0
GPP,1,454,31
GPP,2,438,62
GPP,3,438,94
GPP,4,438,122
GPP,5,438,138
GPP,6,438,179
GPP,7,438,205
GPP,8,438,235
GPP,9,436,254
GPP,10,436,293
GPP,11,434,321
GPP,12,434,350
GPP,13,434,378
GPP,14,426,413
GPP,15,426,445
GPP,16,426,472
GPP,17,426,501
GPP,18,426,527
GPP,19,426,555
GPP,20,424,586
GPP,21,424,606
GPP,22,424,643
GPP,23,424,671
GPP,24,424,699
GPP,25,424,727
GPP,26,424,755
GPP,27,424,784
GPP,28,424,805
GPP,29,424,840
GPP,30,424,855
GPP,31,424,896
GPP,32,424,925
GPP,33,424,953
GPP,34,424,971
GPP,35,424,1002
GPP,36,424,1034
GPP,37,424,1065
GPP,38,424,1081
GPP,39,424,1112
GPP,40,422,1144
GPP,41,422,1175
GPP,42,422,1207
GPP,43,418,1222
GPP,44,410,1254
GPP,45,410,1285
GPP,46,410,1317
GPP,47,410,1332
GPP,48,410,1364
GPP,49,410,1395
GPP,50,410,1426
GPP,51,410,1442
GPP,52,410,1474
GPP,53,410,1505
GPP,54,410,1536
GPP,55,410,1552
GPP,56,410,1584
GPP,57,410,1615
GPP,58,410,1646
GPP,59,410,1662
GPP,60,410,1694
GPP,61,410,1725
GPP,62,410,1757
GPP,63,410,1788
GPP,64,410,1804
GPP,65,408,1851
GPP,66,408,1867
GPP,67,408,1898
GPP,68,408,1930
GPP,69,408,1961
GPP,70,408,1977
GPP,71,408,2008
GPP,72,408,2040
GPP,73,408,2071
GPP,74,408,2087
GPP,75,406,2118
GPP,76,406,2150
GPP,77,406,2181
GPP,78,404,2197
GPP,79,404,2228
GPP,80,404,2260
GPP,81,404,2291
GPP,82,404,2307
GPP,83,404,2338
GPP,84,404,2369
GPP,85,404,2401
GPP,86,404,2417
GPP,87,404,2448
GPP,88,404,2480
GPP,89,404,2511
GPP,90,402,2527
GPP,91,402,2558
GPP,92,402,2589
GPP,93,402,2621
GPP,94,402,2637
GPP,95,402,2668
GPP,96,402,2699
GPP,97,402,2731
GPP,98,402,2747
GPP,99,402,2778
GPP,100,402,2809
GPP,101,402,2841
GPP,102,402,2872
GPP,103,400,2904
GPP,104,400,2919
GPP,105,400,2951
GPP,106,400,2982
GPP,107,400,3014
GPP,108,400,3029
GPP,109,396,3061
GPP,110,396,3092
GPP,111,396,3123
GPP,112,396,3139
GPP,113,396,3171
GPP,114,396,3202
GPP,115,392,3233
GPP,116,392,3249
GPP,117,392,3280
GPP,118,392,3312
GPP,119,392,3343
GPP,120,392,3359
GPP,121,392,3399
GPP,122,392,3422
GPP,123,392,3453
GPP,124,392,3469
GPP,125,392,3500
GPP,126,390,3532
GPP,127,390,3563
GPP,128,390,3579
GPP,129,390,3610
GPP,130,390,3642
GPP,131,390,3673
GPP,132,390,3706
GPP,133,390,3720
GPP,134,390,3752
GPP,135,390,3783
GPP,136,390,3815
GPP,137,390,3830
GPP,138,388,3862
GPP,139,388,3894
GPP,140,388,3925
GPP,141,388,3940
GPP,142,388,3972
GPP,143,388,4003
GPP,144,388,4035
GPP,145,388,4050
GPP,146,386,4082
GPP,147,382,4113
GPP,148,378,4144
GPP,149,378,4160
GPP,150,378,4191
GPP,151,378,4223
GPP,152,378,4254
GPP,153,378,4270
GPP,154,378,4301
GPP,155,378,4333
GPP,156,378,4364
GPP,157,378,4380
GPP,158,378,4411
GPP,159,378,4443
GPP,160,378,4474
GPP,161,378,4490
GPP,162,378,4521
GPP,163,378,4553
GPP,164,378,4584
GPP,165,378,4600
GPP,166,378,4631
GPP,167,378,4663
GPP,168,378,4694
GPP,169,378,4710
GPP,170,376,4749
GPP,171,376,4773
GPP,172,376,4804
GPP,173,376,4820
GPP,174,374,4851
GPP,175,374,4883
GPP,176,374,4914
GPP,177,374,4930
GPP,178,374,4961
GPP,179,374,4992
GPP,180,374,5024
GPP,181,374,5039
GPP,182,374,5071
GPP,183,374,5102
GPP,184,370,5134
GPP,185,370,5149
GPP,186,370,5181
GPP,187,370,5212
GPP,188,370,5244
GPP,189,370,5259
GPP,190,370,5291
GPP,191,370,5322
GPP,192,370,5353
GPP,193,370,5369
GPP,194,370,5400
GPP,195,370,5432
GPP,196,370,5463
GPP,197,370,5479
GPP,198,370,5510
GPP,199,370,5542
GPP,200,370,5573
GPP,201,370,5589
GPP,202,370,5620
GPP,203,370,5652
GPP,204,370,5683
GPP,205,370,5699
GPP,206,370,5730
GPP,207,370,5762
GPP,208,370,5793
GPP,209,370,5825
GPP,210,370,5840
GPP,211,370,5872
GPP,212,370,5903
GPP,213,370,5934
GPP,214,368,5950
GPP,215,368,5981
GPP,216,368,6013
GPP,217,368,6044
GPP,218,362,6060
GPP,219,362,6091
GPP,220,358,6123
GPP,221,358,6154
GPP,222,358,6170
GPP,223,358,6201
GPP,224,358,6232
GPP,225,358,6264
GPP,226,358,6280
GPP,227,358,6311
GPP,228,358,6342
GPP,229,358,6374
GPP,230,356,6389
GPP,231,356,6421
GPP,232,356,6452
GPP,233,356,6483
GPP,234,350,6499
GPP,235,350,6530
GPP,236,350,6562
GPP,237,350,6577
GPP,238,350,6609
GPP,239,350,6640
GPP,240,350,6672
GPP,241,350,6687
GPP,242,350,6719
GPP,243,350,6750
GPP,244,350,6782
GPP,245,350,6797
GPP,246,350,6829
GPP,247,350,6860
GPP,248,350,6891
GPP,249,350,6907
GPP,250,346,6938
GPP,251,346,6970
GPP,252,346,7001
GPP,253,340,7017
GPP,254,338,7048
GPP,255,338,7080
GPP,256,338,7111
GPP,257,338,7127
GPP,258,338,7158
GPP,259,338,7190
GPP,260,338,7221
GPP,261,338,7237
GPP,262,336,7268
GPP,263,336,7300
GPP,264,332,7331
GPP,265,332,7347
GPP,266,332,7378
GPP,267,330,7410
GPP,268,330,7441
GPP,269,330,7457
GPP,270,328,7488
GPP,271,328,7520
GPP,272,328,7551
GPP,273,328,7567
GPP,274,328,7598
GPP,275,328,7630
GPP,276,328,7661
GPP,277,328,7677
GPP,278,328,7709
GPP,279,328,7740
GPP,280,328,7771
GPP,281,324,7787
GPP,282,324,7818
GPP,283,324,7850
GPP,284,324,7881
GPP,285,324,7897
GPP,286,324,7928
GPP,287,322,7960
GPP,288,322,7991
GPP,289,320,8007
GPP,290,320,8038
GPP,291,320,8069
GPP,292,318,8085
GPP,293,318,8117
GPP,294,318,8148
GPP,295,312,8179
GPP,296,312,8195
GPP,297,312,8226
GPP,298,312,8258
GPP,299,312,8289
GPP,300,312,8305
GPP,301,310,8336
GPP,302,310,8368
GPP,303,310,8399
GPP,304,310,8415
GPP,305,310,8446
GPP,306,310,8478
GPP,307,310,8509
GPP,308,310,8525
GPP,309,310,8556
GPP,310,310,8588
GPP,311,310,8619
GPP,312,310,8635
GPP,313,310,8666
GPP,314,310,8698
GPP,315,310,8729
GPP,316,310,8761
GPP,317,310,8776
GPP,318,310,8808
GPP,319,310,8839
GPP,320,310,8870
GPP,321,310,8886
GPP,322,310,8918
GPP,323,310,8949
GPP,324,310,8980
GPP,325,310,8996
GPP,326,310,9028
GPP,327,310,9059
GPP,328,310,9090
GPP,329,310,9106
GPP,330,310,9138
GPP,331,310,9169
GPP,332,310,9185
GPP,333,310,9216
GPP,334,310,9248
GPP,335,310,9279
GPP,336,310,9295
GPP,337,310,9326
GPP,338,310,9357
GPP,339,310,9389
GPP,340,310,9405
GPP,341,310,9436
GPP,342,310,9467
GPP,343,310,9499
GPP,344,306,9514
GPP,345,306,9546
GPP,346,306,9577
GPP,347,306,9593
GPP,348,304,9624
GPP,349,300,9656
GPP,350,300,9687
GPP,351,300,9703
GPP,352,300,9734
GPP,353,296,9766
GPP,354,296,9797
GPP,355,296,9813
GPP,356,294,9844
GPP,357,294,9876
GPP,358,294,9891
GPP,359,294,9923
GPP,360,294,9954
GPP,361,294,9986
GPP,362,288,10001
GPP,363,288,10033
GPP,364,288,10064
GPP,365,288,10080
GPP,366,288,10111
GPP,367,288,10143
GPP,368,288,10174
GPP,369,288,10190
GPP,370,288,10221
GPP,371,288,10253
GPP,372,288,10268
GPP,373,288,10300
GPP,374,286,10331
GPP,375,286,10363
GPP,376,286,10379
GPP,377,286,10410
GPP,378,286,10441
GPP,379,286,10473
GPP,380,286,10489
GPP,381,286,10520
GPP,382,286,10552
GPP,383,286,10583
GPP,384,284,10599
GPP,385,284,10630
GPP,386,284,10662
GPP,387,284,10693
GPP,388,284,10709
GPP,389,284,10740
GPP,390,284,10772
GPP,391,284,10803
GPP,392,284,10819
GPP,393,284,10850
GPP,394,282,10881
GPP,395,282,10897
GPP,396,282,10928
GPP,397,282,10960
GPP,398,282,10992
GPP,399,282,11007
GPP,400,282,11039
GPP,401,282,11070
GPP,402,282,11101
GPP,403,282,11117
GPP,404,282,11149
GPP,405,282,11180
GPP,406,282,11211
GPP,407,282,11227
GPP,408,282,11259
GPP,409,282,11290
GPP,410,282,11306
GPP,411,282,11337
GPP,412,282,11368
GPP,413,282,11400
GPP,414,282,11416
GPP,415,282,11447
GPP,416,282,11478
GPP,417,282,11510
GPP,418,282,11525
GPP,419,282,11564
GPP,420,282,11588
GPP,421,282,11604
GPP,422,280,11635
GPP,423,280,11667
GPP,424,278,11698
GPP,425,278,11714
GPP,426,278,11745
GPP,427,276,11777
GPP,428,276,11808
GPP,429,274,11824
GPP,430,274,11856
GPP,431,274,11887
GPP,432,274,11903
GPP,433,274,11934
GPP,434,270,11965
GPP,435,270,11981
GPP,436,268,12013
GPP,437,264,12044
GPP,438,264,12075
GPP,439,264,12091
GPP,440,264,12123
GPP,441,264,12154
GPP,442,264,12170
GPP,443,264,12201
GPP,444,264,12232
GPP,445,264,12248
GPP,446,264,12280
GPP,447,264,12311
GPP,448,262,12342
GPP,449,262,12358
GPP,450,258,12389
GPP,451,258,12421
GPP,452,258,12437
GPP,453,258,12468
GPP,454,254,12499
GPP,455,254,12515
GPP,456,254,12547
GPP,457,254,12578
GPP,458,254,12609
GPP,459,254,12625
GPP,460,254,12657
GPP,461,254,12688
GPP,462,252,12719
GPP,463,252,12735
GPP,464,252,12766
GPP,465,252,12798
GPP,466,252,12829
GPP,467,252,12845
GPP,468,252,12876
GPP,469,252,12907
GPP,470,250,12939
GPP,471,248,12954
GPP,472,248,12986
GPP,473,248,13017
GPP,474,248,13049
GPP,475,248,13065
GPP,476,248,13096
GPP,477,248,13127
GPP,478,248,13159
GPP,479,246,13174
GPP,480,246,13206
GPP,481,246,13237
GPP,482,244,13269
GPP,483,244,13284
GPP,484,244,13316
GPP,485,244,13347
GPP,486,244,13378
GPP,487,244,13394
GPP,488,244,13426
GPP,489,244,13457
GPP,490,244,13488
GPP,491,244,13504
GPP,492,244,13535
GPP,493,244,13567
GPP,494,244,13598
GPP,495,244,13614
GPP,496,244,13655
GPP,497,244,13676
GPP,498,244,13708
GPP,499,244,13724
GPP,500,244,13765
GPP,501,244,13795
GPP,502,244,13822
GPP,503,244,13849
GPP,504,240,13876
GPP,505,240,13902
GPP,506,240,13930
GPP,507,236,13957
GPP,508,236,13983
GPP,509,236,14011
GPP,510,236,14037
GPP,511,236,14065
GPP,512,236,14091
GPP,513,236,14119
GPP,514,236,14144
GPP,515,236,14172
GPP,516,236,14198
GPP,517,234,14225
GPP,518,228,14252
GPP,519,228,14280
GPP,520,228,14306
GPP,521,228,14321
GPP,522,228,14353
GPP,523,218,14385
GPP,524,218,14400
GPP,525,218,14432
GPP,526,218,14463
GPP,527,218,14494
GPP,528,218,14510
GPP,529,218,14542
GPP,530,218,14573
GPP,531,216,14589
GPP,532,216,14620
GPP,533,216,14651
GPP,534,216,14667
GPP,535,216,14699
GPP,536,216,14730
GPP,537,216,14761
GPP,538,216,14777
GPP,539,214,14808
GPP,540,214,14840
GPP,541,214,14871
GPP,542,210,14887
GPP,543,210,14918
GPP,544,210,14950
GPP,545,210,14965
GPP,546,210,14997
GPP,547,210,15028
GPP,548,210,15044
GPP,549,210,15075
GPP,550,210,15107
GPP,551,206,15138
GPP,552,206,15162
GPP,553,206,15185
GPP,554,206,15217
GPP,555,206,15232
GPP,556,206,15264
GPP,557,206,15295
GPP,558,206,15327
GPP,559,206,15342
GPP,560,206,15374
GPP,561,206,15405
GPP,562,204,15421
GPP,563,204,15452
GPP,564,204,15484
GPP,565,204,15515
GPP,566,204,15531
GPP,567,204,15562
GPP,568,204,15594
GPP,569,204,15609
GPP,570,202,15641
GPP,571,202,15672
GPP,572,202,15704
GPP,573,200,15719
GPP,574,200,15751
GPP,575,200,15782
GPP,576,200,15814
GPP,577,200,15842
GPP,578,200,15869
GPP,579,200,15895
GPP,580,200,15923
GPP,581,200,15949
GPP,582,198,15976
GPP,583,198,16004
GPP,584,198,16031
GPP,585,198,16057
GPP,586,198,16084
GPP,587,194,16109
GPP,588,194,16137
GPP,589,194,16163
GPP,590,194,16190
GPP,591,194,16215
GPP,592,194,16245
GPP,593,194,16271
GPP,594,194,16298
GPP,595,194,16323
GPP,596,194,16350
GPP,597,188,16378
GPP,598,188,16405
GPP,599,188,16432
GPP,600,186,16457
GPP,601,186,16485
GPP,602,186,16512
GPP,603,186,16537
GPP,604,186,16565
GPP,605,186,16592
GPP,606,186,16618
GPP,607,184,16647
GPP,608,184,16674
GPP,609,184,16699
GPP,610,184,16727
GPP,611,182,16754
GPP,612,182,16781
GPP,613,182,16807
GPP,614,182,16835
GPP,615,182,16862
GPP,616,182,16888
GPP,617,182,16915
GPP,618,182,16943
GPP,619,182,16970
GPP,620,182,16996
GPP,621,182,17022
GPP,622,182,17051
GPP,623,182,17078
GPP,624,182,17104
GPP,625,182,17131
GPP,626,180,17158
GPP,627,180,17186
GPP,628,180,17212
GPP,629,180,17239
GPP,630,178,17267
GPP,631,178,17294
GPP,632,178,17320
GPP,633,178,17347
GPP,634,178,17373
GPP,635,178,17401
GPP,636,178,17429
GPP,637,178,17455
GPP,638,178,17483
GPP,639,178,17509
GPP,640,178,17535
GPP,641,176,17562
GPP,642,176,17590
GPP,643,176,17615
GPP,644,174,17643
GPP,645,174,17670
GPP,646,174,17697
GPP,647,174,17726
GPP,648,174,17753
GPP,649,174,17781
GPP,650,174,17808
GPP,651,174,17835
GPP,652,174,17864
GPP,653,174,17891
GPP,654,174,17920
GPP,655,174,17947
GPP,656,174,17974
GPP,657,174,18001
GPP,658,174,18027
GPP,659,174,18054
GPP,660,174,18082
GPP,661,174,18110
GPP,662,174,18137
GPP,663,174,18165
GPP,664,174,18192
GPP,665,174,18218
GPP,666,174,18247
GPP,667,174,18274
GPP,668,174,18301
GPP,669,174,18328
GPP,670,174,18355
GPP,671,174,18384
GPP,672,174,18412
GPP,673,174,18438
GPP,674,174,18467
GPP,675,174,18494
GPP,676,174,18522
GPP,677,174,18550
GPP,678,174,18578
GPP,679,174,18605
GPP,680,174,18632
GPP,681,174,18661
GPP,682,174,18688
GPP,683,174,18715
GPP,684,174,18743
GPP,685,174,18772
GPP,686,174,18798
GPP,687,174,18815
GPP,688,174,18846
GPP,689,174,18877
GPP,690,174,18893
GPP,691,174,18925
GPP,692,172,18956
GPP,693,172,18987
GPP,694,172,19003
GPP,695,172,19035
GPP,696,172,19066
GPP,697,172,19082
GPP,698,172,19113
GPP,699,172,19145
GPP,700,172,19160
GPP,701,172,19191
GPP,702,172,19223
GPP,703,168,19254
GPP,704,168,19270
GPP,705,168,19301
GPP,706,168,19333
GPP,707,168,19364
GPP,708,168,19380
GPP,709,162,19411
GPP,710,162,19443
GPP,711,162,19459
GPP,712,160,19490
GPP,713,160,19521
GPP,714,160,19537
GPP,715,160,19569
GPP,716,158,19600
GPP,717,158,19616
GPP,718,158,19647
GPP,719,158,19678
GPP,720,158,19694
GPP,721,158,19726
GPP,722,158,19757
GPP,723,158,19789
GPP,724,158,19804
GPP,725,158,19836
GPP,726,158,19867
GPP,727,158,19883
GPP,728,154,19914
GPP,729,154,19946
GPP,730,154,19961
GPP,731,154,19993
GPP,732,154,20024
GPP,733,154,20056
GPP,734,152,20071
GPP,735,152,20103
GPP,736,152,20134
GPP,737,152,20150
GPP,738,152,20181
GPP,739,152,20212
GPP,740,152,20228
GPP,741,152,20260
GPP,742,152,20291
GPP,743,152,20323
GPP,744,152,20338
GPP,745,152,20370
GPP,746,152,20401
GPP,747,152,20417
GPP,748,150,20448
GPP,749,150,20480
GPP,750,150,20511
GPP,751,150,20527
GPP,752,150,20558
GPP,753,150,20590
GPP,754,150,20605
GPP,755,150,20637
GPP,756,150,20668
GPP,757,150,20700
GPP,758,150,20715
GPP,759,150,20747
GPP,760,150,20778
GPP,761,150,20810
GPP,762,150,20825
GPP,763,150,20857
GPP,764,150,20888
GPP,765,150,20920
GPP,766,150,20935
GPP,767,150,20967
GPP,768,150,20998
GPP,769,150,21029
GPP,770,150,21045
GPP,771,150,21076
GPP,772,150,21111
GPP,773,150,21123
GPP,774,150,21155
GPP,775,150,21186
GPP,776,150,21218
GPP,777,150,21233
GPP,778,150,21265
GPP,779,150,21296
GPP,780,150,21312
GPP,781,150,21343
GPP,782,150,21374
GPP,783,150,21406
GPP,784,150,21422
GPP,785,150,21453
GPP,786,150,21484
GPP,787,150,21500
GPP,788,150,21532
GPP,789,150,21563
GPP,790,150,21579
GPP,791,150,21610
GPP,792,150,21641
GPP,793,150,21657
GPP,794,150,21689
GPP,795,150,21720
GPP,796,148,21736
GPP,797,148,21767
GPP,798,148,21799
GPP,799,148,21830
GPP,800,148,21846
GPP,801,148,21877
GPP,802,148,21909
GPP,803,148,21924
GPP,804,148,21956
GPP,805,148,21987
GPP,806,146,22003
GPP,807,146,22034
GPP,808,146,22066
GPP,809,146,22081
GPP,810,146,22113
GPP,811,146,22144
GPP,812,146,22176
GPP,813,144,22192
GPP,814,144,22223
GPP,815,144,22254
GPP,816,144,22270
GPP,817,142,22301
GPP,818,142,22333
GPP,819,142,22364
GPP,820,142,22380
GPP,821,142,22411
GPP,822,142,22443
GPP,823,142,22458
GPP,824,142,22490
GPP,825,142,22521
GPP,826,142,22553
GPP,827,142,22568
GPP,828,142,22600
GPP,829,142,22631
GPP,830,142,22663
GPP,831,142,22678
GPP,832,142,22710
GPP,833,142,22741
GPP,834,142,22772
GPP,835,142,22788
GPP,836,142,22820
GPP,837,142,22851
GPP,838,142,22883
GPP,839,142,22898
GPP,840,142,22930
GPP,841,142,22961
GPP,842,142,22993
GPP,843,142,23024
GPP,844,142,23040
GPP,845,142,23071
GPP,846,142,23103
GPP,847,142,23134
GPP,848,142,23150
GPP,849,142,23181
GPP,850,142,23212
GPP,851,142,23228
GPP,852,142,23260
GPP,853,142,23291
GPP,854,142,23322
GPP,855,142,23354
GPP,856,142,23370
GPP,857,142,23401
GPP,858,142,23433
GPP,859,142,23464
GPP,860,142,23480
GPP,861,142,23511
GPP,862,142,23543
GPP,863,142,23558
GPP,864,142,23590
GPP,865,142,23621
GPP,866,142,23653
GPP,867,142,23669
GPP,868,142,23700
GPP,869,142,23731
GPP,870,142,23763
GPP,871,142,23779
GPP,872,142,23810
GPP,873,142,23842
GPP,874,142,23873
GPP,875,142,23889
GPP,876,142,23920
GPP,877,142,23952
GPP,878,142,23983
GPP,879,142,23999
GPP,880,142,24030
GPP,881,142,24062
GPP,882,142,24077
GPP,883,142,24109
GPP,884,142,24140
GPP,885,142,24172
GPP,886,142,24187
GPP,887,142,24219
GPP,888,142,24250
GPP,889,142,24266
GPP,890,142,24297
GPP,891,142,24329
GPP,892,142,24345
GPP,893,142,24376
GPP,894,142,24407
GPP,895,142,24423
GPP,896,142,24454
GPP,897,142,24486
GPP,898,142,24502
GPP,899,142,24533
GPP,900,142,24564
GPP,901,142,24580
GPP,902,142,24612
GPP,903,140,24643
GPP,904,140,24674
GPP,905,140,24690
GPP,906,140,24721
GPP,907,140,24753
GPP,908,140,24769
GPP,909,140,24800
GPP,910,140,24831
GPP,911,140,24847
GPP,912,140,24878
GPP,913,140,24910
GPP,914,140,24926
GPP,915,140,24957
GPP,916,140,24988
GPP,917,140,25004
GPP,918,140,25036
GPP,919,140,25067
GPP,920,140,25098
GPP,921,140,25114
GPP,922,140,25145
GPP,923,140,25177
GPP,924,138,25200
GPP,925,138,25224
GPP,926,138,25255
GPP,927,138,25287
GPP,928,138,25302
GPP,929,138,25334
GPP,930,138,25365
GPP,931,138,25381
GPP,932,138,25412
GPP,933,138,25444
GPP,934,138,25459
GPP,935,138,25491
GPP,936,138,25522
GPP,937,138,25553
GPP,938,138,25569
GPP,939,138,25601
GPP,940,138,25632
GPP,941,138,25664
GPP,942,138,25679
GPP,943,138,25711
GPP,944,138,25742
GPP,945,138,25774
GPP,946,138,25789
GPP,947,138,25821
GPP,948,138,25852
GPP,949,138,25884
GPP,950,138,25899
GPP,951,138,25931
GPP,952,138,25962
GPP,953,138,25994
GPP,954,138,26009
GPP,955,138,26041
GPP,956,138,26072
GPP,957,138,26104
GPP,958,138,26120
GPP,959,138,26151
GPP,960,138,26182
GPP,961,138,26214
GPP,962,138,26230
GPP,963,138,26261
GPP,964,138,26292
GPP,965,138,26324
GPP,966,138,26339
GPP,967,138,26371
GPP,968,138,26402
GPP,969,138,26434
GPP,970,138,26465
GPP,971,138,26481
GPP,972,138,26512
GPP,973,138,26544
GPP,974,138,26575
GPP,975,138,26591
GPP,976,138,26622
GPP,977,138,26654
GPP,978,138,26685
GPP,979,138,26701
GPP,980,138,26732
GPP,981,138,26764
GPP,982,138,26795
GPP,983,138,26811
GPP,984,138,26842
GPP,985,138,26874
GPP,986,138,26905
GPP,987,138,26921
GPP,988,138,26952
GPP,989,138,26984
GPP,990,138,27015
GPP,991,138,27031
GPP,992,138,27062
GPP,993,138,27094
GPP,994,138,27125
GPP,995,138,27141
GPP,996,138,27172
GPP,997,138,27203
GPP,998,138,27235
GPP,999,138,27251
GPP,1000,138,27282
GPP,1001,138,27314
GPP,1002,138,27345
GPP,1003,138,27376
GPP,1004,138,27392
GPP,1005,138,27424
GPP,1006,138,27455
GPP,1007,138,27471
GPP,1008,138,27502
GPP,1009,138,27534
GPP,1010,138,27565
GPP,1011,138,27581
GPP,1012,138,27612
GPP,1013,138,27644
GPP,1014,138,27675
GPP,1015,138,27691
GPP,1016,138,27722
GPP,1017,138,27753
GPP,1018,138,27785
GPP,1019,138,27801
GPP,1020,138,27832
GPP,1021,138,27864
GPP,1022,138,27879
GPP,1023,138,27911
GPP,1024,138,27942
GPP,1025,138,27958
GPP,1026,138,27989
GPP,1027,138,28020
GPP,1028,138,28036
GPP,1029,138,28068
GPP,1030,138,28099
GPP,1031,138,28115
GPP,1032,138,28146
GPP,1033,138,28178
GPP,1034,138,28193
GPP,1035,138,28225
GPP,1036,138,28256
GPP,1037,138,28272
GPP,1038,138,28303
GPP,1039,138,28335
GPP,1040,138,28350
GPP,1041,138,28382
GPP,1042,136,28413
GPP,1043,136,28429
GPP,1044,136,28460
GPP,1045,136,28492
GPP,1046,136,28508
GPP,1047,136,28539
GPP,1048,136,28570
GPP,1049,136,28586
GPP,1050,136,28618
GPP,1051,136,28649
GPP,1052,136,28665
GPP,1053,136,28696
GPP,1054,136,28728
GPP,1055,136,28743
GPP,1056,136,28775
GPP,1057,136,28806
GPP,1058,136,28838
GPP,1059,136,28853
GPP,1060,136,28885
GPP,1061,136,28916
GPP,1062,136,28932
GPP,1063,136,28963
GPP,1064,136,28994
GPP,1065,136,29010
GPP,1066,136,29041
GPP,1067,136,29073
GPP,1068,136,29104
GPP,1069,136,29120
GPP,1070,136,29151
GPP,1071,136,29183
GPP,1072,136,29214
GPP,1073,134,29230
GPP,1074,134,29261
GPP,1075,134,29297
GPP,1076,134,29324
GPP,1077,134,29339
GPP,1078,134,29371
GPP,1079,134,29402
GPP,1080,134,29418
GPP,1081,134,29449
GPP,1082,134,29481
GPP,1083,132,29512
GPP,1084,132,29528
GPP,1085,132,29559
GPP,1086,132,29591
GPP,1087,132,29622
GPP,1088,132,29638
GPP,1089,132,29669
GPP,1090,132,29701
GPP,1091,132,29732
GPP,1092,132,29748
GPP,1093,132,29779
GPP,1094,132,29811
GPP,1095,132,29842
GPP,1096,132,29874
GPP,1097,132,29889
GPP,1098,132,29921
GPP,1099,132,29952
GPP,1100,132,29984
GPP,1101,132,29999
GPP,1102,132,30031
GPP,1103,132,30062
GPP,1104,132,30093
GPP,1105,132,30109
GPP,1106,132,30141
GPP,1107,132,30172
GPP,1108,132,30204
GPP,1109,132,30219
GPP,1110,132,30251
GPP,1111,132,30282
GPP,1112,132,30314
GPP,1113,132,30345
GPP,1114,132,30361
GPP,1115,132,30392
GPP,1116,132,30424
GPP,1117,132,30455
GPP,1118,132,30471
GPP,1119,132,30502
GPP,1120,132,30533
GPP,1121,132,30565
GPP,1122,132,30580
GPP,1123,132,30612
GPP,1124,132,30649
GPP,1125,132,30674
GPP,1126,132,30690
GPP,1127,132,30722
GPP,1128,132,30753
GPP,1129,132,30784
GPP,1130,132,30800
GPP,1131,132,30831
GPP,1132,132,30863
GPP,1133,132,30894
GPP,1134,132,30910
GPP,1135,132,30941
GPP,1136,132,30973
GPP,1137,132,31004
GPP,1138,132,31035
GPP,1139,132,31051
GPP,1140,132,31082
GPP,1141,132,31114
GPP,1142,132,31145
GPP,1143,132,31161
GPP,1144,132,31192
GPP,1145,132,31224
GPP,1146,132,31255
GPP,1147,132,31271
GPP,1148,132,31302
GPP,1149,132,31333
GPP,1150,132,31349
GPP,1151,132,31381
GPP,1152,132,31412
GPP,1153,132,31443
GPP,1154,132,31459
GPP,1155,132,31490
GPP,1156,132,31522
GPP,1157,132,31537
GPP,1158,132,31569
GPP,1159,132,31600
GPP,1160,132,31616
GPP,1161,132,31647
GPP,1162,132,31678
GPP,1163,132,31694
GPP,1164,132,31725
GPP,1165,132,31757
GPP,1166,132,31773
GPP,1167,132,31804
GPP,1168,132,31836
GPP,1169,132,31867
GPP,1170,132,31883
GPP,1171,132,31914
GPP,1172,132,31946
GPP,1173,132,31961
GPP,1174,132,31993
GPP,1175,130,32024
GPP,1176,130,32040
GPP,1177,130,32071
GPP,1178,130,32103
GPP,1179,130,32118
GPP,1180,130,32150
GPP,1181,130,32181
GPP,1182,130,32197
GPP,1183,130,32228
GPP,1184,130,32260
GPP,1185,130,32275
GPP,1186,130,32307
GPP,1187,130,32338
GPP,1188,130,32354
GPP,1189,130,32385
GPP,1190,130,32417
GPP,1191,130,32432
GPP,1192,130,32464
GPP,1193,130,32495
GPP,1194,130,32511
GPP,1195,130,32542
GPP,1196,130,32574
GPP,1197,130,32589
GPP,1198,130,32621
GPP,1199,130,32653
GPP,1200,130,32668
GPP,1201,130,32700
GPP,1202,130,32731
GPP,1203,130,32762
GPP,1204,130,32778
GPP,1205,130,32809
GPP,1206,130,32841
GPP,1207,130,32857
GPP,1208,130,32888
GPP,1209,130,32920
GPP,1210,130,32935
GPP,1211,130,32967
GPP,1212,130,32998
GPP,1213,130,33029
GPP,1214,130,33045
GPP,1215,130,33076
GPP,1216,130,33108
GPP,1217,130,33139
GPP,1218,130,33155
GPP,1219,130,33186
GPP,1220,130,33218
GPP,1221,130,33249
GPP,1222,130,33265
GPP,1223,130,33296
GPP,1224,130,33328
GPP,1225,130,33343
GPP,1226,130,33383
GPP,1227,130,33406
GPP,1228,130,33438
GPP,1229,130,33469
GPP,1230,130,33485
GPP,1231,130,33516
GPP,1232,130,33547
GPP,1233,130,33579
GPP,1234,130,33594
GPP,1235,130,33626
GPP,1236,130,33657
GPP,1237,130,33689
GPP,1238,130,33704
GPP,1239,130,33736
GPP,1240,130,33774
GPP,1241,130,33799
GPP,1242,130,33814
GPP,1243,130,33846
GPP,1244,130,33877
GPP,1245,130,33909
GPP,1246,130,33940
GPP,1247,130,33956
GPP,1248,130,33987
GPP,1249,130,34019
GPP,1250,130,34050
GPP,1251,130,34066
GPP,1252,130,34098
GPP,1253,130,34129
GPP,1254,130,34160
GPP,1255,130,34192
GPP,1256,130,34208
GPP,1257,130,34239
GPP,1258,130,34270
GPP,1259,130,34302
GPP,1260,130,34318
GPP,1261,130,34349
GPP,1262,130,34380
GPP,1263,130,34412
GPP,1264,130,34427
GPP,1265,130,34459
GPP,1266,130,34490
GPP,1267,130,34522
GPP,1268,130,34538
GPP,1269,130,34569
GPP,1270,130,34600
GPP,1271,130,34632
GPP,1272,130,34647
GPP,1273,130,34679
GPP,1274,130,34710
GPP,1275,130,34746
GPP,1276,130,34773
GPP,1277,130,34789
GPP,1278,130,34820
GPP,1279,130,34852
GPP,1280,130,34867
GPP,1281,130,34899
GPP,1282,130,34930
GPP,1283,130,34962
GPP,1284,130,34977
GPP,1285,130,35009
GPP,1286,130,35040
GPP,1287,130,35072
GPP,1288,130,35087
GPP,1289,130,35119
GPP,1290,130,35150
GPP,1291,130,35166
GPP,1292,130,35197
GPP,1293,130,35229
GPP,1294,130,35260
GPP,1295,130,35276
GPP,1296,130,35307
GPP,1297,130,35339
GPP,1298,130,35354
GPP,1299,130,35386
GPP,1300,130,35417
GPP,1301,130,35433
GPP,1302,130,35465
GPP,1303,130,35480
GPP,1304,130,35512
GPP,1305,130,35543
GPP,1306,130,35559
GPP,1307,130,35590
GPP,1308,130,35622
GPP,1309,130,35637
GPP,1310,130,35669
GPP,1311,130,35700
GPP,1312,130,35716
GPP,1313,130,35747
GPP,1314,130,35779
GPP,1315,130,35810
GPP,1316,130,35826
GPP,1317,130,35857
GPP,1318,130,35889
GPP,1319,130,35904
GPP,1320,130,35936
GPP,1321,130,35967
GPP,1322,130,35983
GPP,1323,130,36014
GPP,1324,130,36046
GPP,1325,130,36061
GPP,1326,130,36093
GPP,1327,130,36124
GPP,1328,130,36140
GPP,1329,130,36171
GPP,1330,130,36203
GPP,1331,130,36218
GPP,1332,130,36250
GPP,1333,130,36281
GPP,1334,130,36297
GPP,1335,130,36328
GPP,1336,130,36360
GPP,1337,130,36376
GPP,1338,130,36407
GPP,1339,130,36438
GPP,1340,130,36454
GPP,1341,130,36485
GPP,1342,130,36517
GPP,1343,130,36548
GPP,1344,130,36564
GPP,1345,130,36595
GPP,1346,130,36626
GPP,1347,130,36642
GPP,1348,130,36674
GPP,1349,130,36705
GPP,1350,130,36736
GPP,1351,130,36752
GPP,1352,130,36784
GPP,1353,130,36815
GPP,1354,130,36831
GPP,1355,130,36862
GPP,1356,130,36894
GPP,1357,130,36925
GPP,1358,130,36941
GPP,1359,130,36972
GPP,1360,130,37003
GPP,1361,130,37035
GPP,1362,130,37051
GPP,1363,130,37082
GPP,1364,130,37113
GPP,1365,130,37145
GPP,1366,130,37160
GPP,1367,130,37192
GPP,1368,130,37223
GPP,1369,130,37255
GPP,1370,130,37271
GPP,1371,130,37302
GPP,1372,130,37333
GPP,1373,130,37365
GPP,1374,130,37380
GPP,1375,130,37412
GPP,1376,130,37443
GPP,1377,130,37475
GPP,1378,130,37506
GPP,1379,130,37522
GPP,1380,130,37553
GPP,1381,130,37585
GPP,1382,130,37616
GPP,1383,130,37632
GPP,1384,130,37663
GPP,1385,130,37695
GPP,1386,130,37726
GPP,1387,130,37742
GPP,1388,130,37773
GPP,1389,130,37805
GPP,1390,130,37836
GPP,1391,130,37867
GPP,1392,130,37883
GPP,1393,130,37915
GPP,1394,130,37946
GPP,1395,130,37977
GPP,1396,130,37993
GPP,1397,130,38025
GPP,1398,130,38056
GPP,1399,130,38088
GPP,1400,130,38119
GPP,1401,130,38135
GPP,1402,130,38166
GPP,1403,130,38198
GPP,1404,130,38229
GPP,1405,130,38245
GPP,1406,130,38276
GPP,1407,130,38308
GPP,1408,130,38339
GPP,1409,130,38355
GPP,1410,130,38386
GPP,1411,130,38417
GPP,1412,130,38449
GPP,1413,130,38465
GPP,1414,130,38496
GPP,1415,130,38527
GPP,1416,130,38559
GPP,1417,130,38590
GPP,1418,130,38606
GPP,1419,130,38637
GPP,1420,130,38669
GPP,1421,130,38700
GPP,1422,130,38716
GPP,1423,130,38747
GPP,1424,130,38783
GPP,1425,130,38810
GPP,1426,130,38826
GPP,1427,130,38857
GPP,1428,130,38888
GPP,1429,130,38920
GPP,1430,130,38936
GPP,1431,130,38967
GPP,1432,130,38999
GPP,1433,130,39030
GPP,1434,130,39046
GPP,1435,130,39077
GPP,1436,130,39109
GPP,1437,130,39140
GPP,1438,130,39172
GPP,1439,130,39187
GPP,1440,130,39219
GPP,1441,130,39250
GPP,1442,130,39282
GPP,1443,130,39297
GPP,1444,130,39329
GPP,1445,130,39360
GPP,1446,130,39392
GPP,1447,130,39407
GPP,1448,130,39439
GPP,1449,130,39470
GPP,1450,130,39501
GPP,1451,130,39517
GPP,1452,130,39549
GPP,1453,130,39580
GPP,1454,130,39611
GPP,1455,130,39627
GPP,1456,130,39659
GPP,1457,130,39690
GPP,1458,130,39706
GPP,1459,130,39737
GPP,1460,130,39768
GPP,1461,130,39800
GPP,1462,130,39816
GPP,1463,130,39847
GPP,1464,130,39878
GPP,1465,130,39910
GPP,1466,130,39925
GPP,1467,130,39957
GPP,1468,130,39988
GPP,1469,130,40004
GPP,1470,130,40035
GPP,1471,130,40067
GPP,1472,130,40098
GPP,1473,130,40114
GPP,1474,130,40145
GPP,1475,130,40177
GPP,1476,130,40200
GPP,1477,130,40224
GPP,1478,130,40255
GPP,1479,130,40287
GPP,1480,130,40302
GPP,1481,130,40334
GPP,1482,130,40365
GPP,1483,130,40396
GPP,1484,130,40412
GPP,1485,130,40443
GPP,1486,130,40475
GPP,1487,130,40490
GPP,1488,130,40522
GPP,1489,130,40553
GPP,1490,130,40585
GPP,1491,130,40600
GPP,1492,130,40632
GPP,1493,130,40663
GPP,1494,130,40679
GPP,1495,130,40710
GPP,1496,130,40742
GPP,1497,130,40773
GPP,1498,130,40789
GPP,1499,130,40820
GPP,1500,130,40852
GPP,1501,130,40867
GPP,1502,130,40899
GPP,1503,130,40930
GPP,1504,130,40962
GPP,1505,130,40977
GPP,1506,130,41009
GPP,1507,130,41040
GPP,1508,130,41056
GPP,1509,130,41087
GPP,1510,130,41119
GPP,1511,130,41150
GPP,1512,130,41166
GPP,1513,130,41197
GPP,1514,130,41229
GPP,1515,130,41260
GPP,1516,130,41276
GPP,1517,130,41307
GPP,1518,130,41339
GPP,1519,130,41355
GPP,1520,130,41386
GPP,1521,130,41418
GPP,1522,130,41433
GPP,1523,130,41465
GPP,1524,130,41496
GPP,1525,130,41527
GPP,1526,130,41543
GPP,1527,130,41574
GPP,1528,130,41606
GPP,1529,130,41621
GPP,1530,130,41653
GPP,1531,130,41684
GPP,1532,130,41716
GPP,1533,130,41731
GPP,1534,130,41763
GPP,1535,130,41794
GPP,1536,130,41826
GPP,1537,130,41841
GPP,1538,130,41873
GPP,1539,130,41904
GPP,1540,130,41920
GPP,1541,130,41951
GPP,1542,130,41983
GPP,1543,130,42014
GPP,1544,130,42030
GPP,1545,130,42061
GPP,1546,130,42093
GPP,1547,130,42109
GPP,1548,130,42140
GPP,1549,130,42171
GPP,1550,130,42203
GPP,1551,130,42219
GPP,1552,130,42250
GPP,1553,130,42281
GPP,1554,130,42313
GPP,1555,130,42329
GPP,1556,130,42360
GPP,1557,130,42392
GPP,1558,130,42407
GPP,1559,130,42439
GPP,1560,130,42470
GPP,1561,130,42501
GPP,1562,130,42517
GPP,1563,130,42549
GPP,1564,130,42580
GPP,1565,130,42611
GPP,1566,130,42627
GPP,1567,130,42659
GPP,1568,130,42690
GPP,1569,130,42706
GPP,1570,130,42737
GPP,1571,130,42769
GPP,1572,130,42800
GPP,1573,130,42816
GPP,1574,130,42847
GPP,1575,130,42879
GPP,1576,130,42894
GPP,1577,130,42926
GPP,1578,130,42957
GPP,1579,130,42989
GPP,1580,130,43004
GPP,1581,130,43036
GPP,1582,130,43067
GPP,1583,130,43083
GPP,1584,130,43114
GPP,1585,130,43146
GPP,1586,130,43177
GPP,1587,130,43193
GPP,1588,130,43224
GPP,1589,130,43256
GPP,1590,130,43271
GPP,1591,130,43303
GPP,1592,130,43334
GPP,1593,130,43365
GPP,1594,130,43381
GPP,1595,130,43413
GPP,1596,130,43444
GPP,1597,130,43460
GPP,1598,130,43491
GPP,1599,130,43522
GPP,1600,130,43554
GPP,1601,130,43570
GPP,1602,130,43601
GPP,1603,130,43632
GPP,1604,130,43664
GPP,1605,130,43680
GPP,1606,130,43711
GPP,1607,130,43742
GPP,1608,130,43758
GPP,1609,130,43798
GPP,1610,130,43821
GPP,1611,130,43852
GPP,1612,130,43868
GPP,1613,130,43899
GPP,1614,130,43931
GPP,1615,130,43962
GPP,1616,130,43978
GPP,1617,130,44009
GPP,1618,130,44041
GPP,1619,130,44072
GPP,1620,130,44088
GPP,1621,130,44119
GPP,1622,130,44151
GPP,1623,130,44182
GPP,1624,130,44198
GPP,1625,130,44229
GPP,1626,130,44261
GPP,1627,130,44285
GPP,1628,130,44308
GPP,1629,130,44339
GPP,1630,130,44371
GPP,1631,130,44387
GPP,1632,130,44418
GPP,1633,130,44449
GPP,1634,130,44481
GPP,1635,130,44496
GPP,1636,130,44528
GPP,1637,130,44559
GPP,1638,130,44575
GPP,1639,130,44606
GPP,1640,130,44638
GPP,1641,130,44669
GPP,1642,130,44685
GPP,1643,130,44716
GPP,1644,130,44748
GPP,1645,130,44779
GPP,1646,130,44795
GPP,1647,130,44826
GPP,1648,130,44858
GPP,1649,130,44873
GPP,1650,130,44905
GPP,1651,130,44936
GPP,1652,130,44968
GPP,1653,130,44983
GPP,1654,130,45015
GPP,1655,130,45046
GPP,1656,130,45062
GPP,1657,130,45093
GPP,1658,130,45124
GPP,1659,130,45156
GPP,1660,130,45172
GPP,1661,130,45203
GPP,1662,130,45235
GPP,1663,130,45266
GPP,1664,130,45282
GPP,1665,130,45313
GPP,1666,130,45344
GPP,1667,130,45376
GPP,1668,130,45392
GPP,1669,130,45423
GPP,1670,130,45455
GPP,1671,130,45470
GPP,1672,130,45502
GPP,1673,130,45533
GPP,1674,130,45564
GPP,1675,130,45580
GPP,1676,130,45612
GPP,1677,130,45648
GPP,1678,130,45674
GPP,1679,130,45690
GPP,1680,130,45721
GPP,1681,130,45753
GPP,1682,130,45784
GPP,1683,130,45800
GPP,1684,130,45831
GPP,1685,130,45863
GPP,1686,130,45894
GPP,1687,130,45910
GPP,1688,130,45941
GPP,1689,130,45973
GPP,1690,130,45988
GPP,1691,130,46020
GPP,1692,130,46051
GPP,1693,130,46083
GPP,1694,130,46098
GPP,1695,130,46130
GPP,1696,130,46161
GPP,1697,130,46192
GPP,1698,130,46208
GPP,1699,130,46240
GPP,1700,130,46271
GPP,1701,130,46287
GPP,1702,130,46318
GPP,1703,130,46350
GPP,1704,130,46381
GPP,1705,130,46397
GPP,1706,130,46428
GPP,1707,130,46460
GPP,1708,130,46491
GPP,1709,130,46507
GPP,1710,130,46538
GPP,1711,130,46570
GPP,1712,130,46585
GPP,1713,130,46617
GPP,1714,130,46648
GPP,1715,130,46679
GPP,1716,130,46695
GPP,1717,130,46726
GPP,1718,130,46758
GPP,1719,130,46773
GPP,1720,130,46805
GPP,1721,130,46836
GPP,1722,130,46868
GPP,1723,130,46883
GPP,1724,130,46915
GPP,1725,130,46946
GPP,1726,130,46977
GPP,1727,130,46993
GPP,1728,130,47025
GPP,1729,130,47056
GPP,1730,130,47087
GPP,1731,130,47103
GPP,1732,130,47135
GPP,1733,130,47166
GPP,1734,130,47197
GPP,1735,130,47213
GPP,1736,130,47245
GPP,1737,130,47276
GPP,1738,130,47292
GPP,1739,130,47323
GPP,1740,130,47355
GPP,1741,130,47386
GPP,1742,130,47402
GPP,1743,130,47433
GPP,1744,130,47464
GPP,1745,130,47496
GPP,1746,130,47511
GPP,1747,130,47543
GPP,1748,130,47574
GPP,1749,130,47605
GPP,1750,130,47621
GPP,1751,130,47656
GPP,1752,130,47684
GPP,1753,130,47700
GPP,1754,130,47731
GPP,1755,130,47762
GPP,1756,130,47794
GPP,1757,130,47810
GPP,1758,130,47841
GPP,1759,130,47872
GPP,1760,130,47904
GPP,1761,130,47919
GPP,1762,130,47951
GPP,1763,130,47982
GPP,1764,130,48014
GPP,1765,130,48029
GPP,1766,130,48061
GPP,1767,130,48092
GPP,1768,130,48108
GPP,1769,130,48140
GPP,1770,130,48171
GPP,1771,130,48202
GPP,1772,130,48218
GPP,1773,130,48250
GPP,1774,130,48281
GPP,1775,130,48297
GPP,1776,130,48328
GPP,1777,130,48360
GPP,1778,130,48391
GPP,1779,130,48407
GPP,1780,130,48438
GPP,1781,130,48470
GPP,1782,130,48501
GPP,1783,130,48517
GPP,1784,130,48548
GPP,1785,130,48580
GPP,1786,130,48611
GPP,1787,130,48627
GPP,1788,130,48658
GPP,1789,130,48690
GPP,1790,130,48705
GPP,1791,130,48737
GPP,1792,130,48768
GPP,1793,130,48801
GPP,1794,130,48815
GPP,1795,130,48847
GPP,1796,130,48878
GPP,1797,130,48894
GPP,1798,130,48925
GPP,1799,130,48956
GPP,1800,130,48988
GPP,1801,130,49004
GPP,1802,130,49035
GPP,1803,130,49067
GPP,1804,130,49098
GPP,1805,130,49114
GPP,1806,130,49145
GPP,1807,130,49176
GPP,1808,130,49208
GPP,1809,130,49223
GPP,1810,130,49255
GPP,1811,130,49286
GPP,1812,130,49318
GPP,1813,130,49333
GPP,1814,130,49365
GPP,1815,130,49396
GPP,1816,130,49428
GPP,1817,130,49443
GPP,1818,130,49475
GPP,1819,130,49506
GPP,1820,130,49522
GPP,1821,130,49554
GPP,1822,130,49585
GPP,1823,130,49617
GPP,1824,130,49632
GPP,1825,130,49664
GPP,1826,130,49695
GPP,1827,130,49711
GPP,1828,130,49742
GPP,1829,130,49774
GPP,1830,130,49805
GPP,1831,130,49821
GPP,1832,130,49852
GPP,1833,130,49884
GPP,1834,130,49915
GPP,1835,130,49931
GPP,1836,130,49962
GPP,1837,130,49994
GPP,1838,130,50010
GPP,1839,130,50041
GPP,1840,130,50072
GPP,1841,130,50104
GPP,1842,130,50119
GPP,1843,130,50151
GPP,1844,130,50182
GPP,1845,130,50198
GPP,1846,130,50229
GPP,1847,130,50261
GPP,1848,130,50292
GPP,1849,130,50308
GPP,1850,130,50339
GPP,1851,130,50371
GPP,1852,130,50387
GPP,1853,130,50418
GPP,1854,130,50449
GPP,1855,130,50481
GPP,1856,130,50496
GPP,1857,130,50528
GPP,1858,130,50559
GPP,1859,130,50575
GPP,1860,130,50606
GPP,1861,130,50638
GPP,1862,130,50669
GPP,1863,130,50685
GPP,1864,130,50716
GPP,1865,130,50748
GPP,1866,130,50779
GPP,1867,130,50795
GPP,1868,130,50826
GPP,1869,130,50857
GPP,1870,130,50873
GPP,1871,130,50904
GPP,1872,130,50936
GPP,1873,130,50967
GPP,1874,130,50983
GPP,1875,130,51014
GPP,1876,130,51046
GPP,1877,130,51061
GPP,1878,130,51101
GPP,1879,130,51125
GPP,1880,130,51156
GPP,1881,130,51172
GPP,1882,130,51203
GPP,1883,130,51235
GPP,1884,130,51250
GPP,1885,130,51282
GPP,1886,130,51313
GPP,1887,130,51345
GPP,1888,130,51360
GPP,1889,130,51392
GPP,1890,130,51423
GPP,1891,130,51454
GPP,1892,130,51470
GPP,1893,130,51501
GPP,1894,130,51533
GPP,1895,130,51564
GPP,1896,130,51580
GPP,1897,130,51611
GPP,1898,130,51643
GPP,1899,130,51674
GPP,1900,130,51690
GPP,1901,130,51721
GPP,1902,130,51753
GPP,1903,130,51769
GPP,1904,130,51800
GPP,1905,130,51831
GPP,1906,130,51863
GPP,1907,130,51879
GPP,1908,130,51910
GPP,1909,130,51941
GPP,1910,130,51973
GPP,1911,130,51988
GPP,1912,130,52020
GPP,1913,130,52051
GPP,1914,130,52083
GPP,1915,130,52098
GPP,1916,130,52130
GPP,1917,130,52161
GPP,1918,130,52177
GPP,1919,130,52208
GPP,1920,130,52240
GPP,1921,130,52271
GPP,1922,130,52287
GPP,1923,130,52318
GPP,1924,130,52349
GPP,1925,130,52381
GPP,1926,130,52396
GPP,1927,130,52428
GPP,1928,130,52462
GPP,1929,130,52475
GPP,1930,130,52506
GPP,1931,130,52538
GPP,1932,130,52569
GPP,1933,130,52585
GPP,1934,130,52616
GPP,1935,130,52648
GPP,1936,130,52679
GPP,1937,130,52695
GPP,1938,130,52726
GPP,1939,130,52758
GPP,1940,130,52773
GPP,1941,130,52805
GPP,1942,130,52836
GPP,1943,130,52867
GPP,1944,130,52883
GPP,1945,130,52915
GPP,1946,130,52946
GPP,1947,130,52962
GPP,1948,130,52993
GPP,1949,130,53025
GPP,1950,130,53056
GPP,1951,130,53072
GPP,1952,130,53103
GPP,1953,130,53135
GPP,1954,130,53150
GPP,1955,130,53182
GPP,1956,130,53213
GPP,1957,130,53245
GPP,1958,130,53260
GPP,1959,130,53292
GPP,1960,130,53323
GPP,1961,130,53355
GPP,1962,130,53370
GPP,1963,130,53402
GPP,1964,130,53433
GPP,1965,130,53464
GPP,1966,130,53480
GPP,1967,130,53512
GPP,1968,130,53543
GPP,1969,130,53559
GPP,1970,130,53590
GPP,1971,130,53622
GPP,1972,130,53653
GPP,1973,130,53669
GPP,1974,130,53700
GPP,1975,130,53732
GPP,1976,130,53763
GPP,1977,130,53779
GPP,1978,130,53819
GPP,1979,130,53842
GPP,1980,130,53873
GPP,1981,130,53889
GPP,1982,130,53920
GPP,1983,130,53952
GPP,1984,130,53983
GPP,1985,130,53999
GPP,1986,130,54030
GPP,1987,130,54062
GPP,1988,130,54077
GPP,1989,130,54109
GPP,1990,130,54140
GPP,1991,130,54171
GPP,1992,130,54187
GPP,1993,130,54218
GPP,1994,130,54250
GPP,1995,130,54281
GPP,1996,130,54297
GPP,1997,130,54328
GPP,1998,130,54360
GPP,1999,130,54375
GPP,2000,130,54407
GPP,2001,130,54438
GPP,2002,130,54469
GPP,2003,130,54485
GPP,2004,130,54517
GPP,2005,130,54548
GPP,2006,130,54564
GPP,2007,130,54595
GPP,2008,130,54627
GPP,2009,130,54658
GPP,2010,130,54674
GPP,2011,130,54705
GPP,2012,130,54737
GPP,2013,130,54752
GPP,2014,130,54784
GPP,2015,130,54815
GPP,2016,130,54846
GPP,2017,130,54862
GPP,2018,130,54893
GPP,2019,130,54925
GPP,2020,130,54941
GPP,2021,130,54972
GPP,2022,130,55004
GPP,2023,130,55035
GPP,2024,130,55051
GPP,2025,130,55082
GPP,2026,130,55114
GPP,2027,130,55145
GPP,2028,130,55174
GPP,2029,130,55193
GPP,2030,130,55224
GPP,2031,130,55255
GPP,2032,130,55271
GPP,2033,130,55303
GPP,2034,130,55334
GPP,2035,130,55366
GPP,2036,130,55397
GPP,2037,130,55413
GPP,2038,130,55444
GPP,2039,130,55476
GPP,2040,130,55491
GPP,2041,130,55523
GPP,2042,130,55554
GPP,2043,130,55586
GPP,2044,130,55601
GPP,2045,130,55635
GPP,2046,130,55664
GPP,2047,130,55695
GPP,2048,130,55711
GPP,2049,130,55742
GPP,2050,130,55774
GPP,2051,130,55805
GPP,2052,130,55821
GPP,2053,130,55852
GPP,2054,130,55884
GPP,2055,130,55915
GPP,2056,130,55931
GPP,2057,130,55962
GPP,2058,130,55994
GPP,2059,130,56010
GPP,2060,130,56041
GPP,2061,130,56072
GPP,2062,130,56104
GPP,2063,130,56120
GPP,2064,130,56151
GPP,2065,130,56182
GPP,2066,130,56214
GPP,2067,130,56230
GPP,2068,130,56261
GPP,2069,130,56292
GPP,2070,130,56308
GPP,2071,130,56339
GPP,2072,130,56371
GPP,2073,130,56402
GPP,2074,130,56418
GPP,2075,130,56449
GPP,2076,130,56481
GPP,2077,130,56512
GPP,2078,130,56528
GPP,2079,130,56559
GPP,2080,130,56591
GPP,2081,130,56622
GPP,2082,130,56638
GPP,2083,130,56669
GPP,2084,130,56701
GPP,2085,130,56732
GPP,2086,130,56748
GPP,2087,130,56779
GPP,2088,130,56811
GPP,2089,130,56842
GPP,2090,130,56858
GPP,2091,130,56889
GPP,2092,130,56921
GPP,2093,130,56937
GPP,2094,130,56968
GPP,2095,130,57000
GPP,2096,130,57031
GPP,2097,130,57047
GPP,2098,130,57078
GPP,2099,130,57109
GPP,2100,130,57141
GPP,2101,130,57157
GPP,2102,130,57188
GPP,2103,130,57219
GPP,2104,130,57251
GPP,2105,130,57267
GPP,2106,130,57298
GPP,2107,130,57329
GPP,2108,130,57361
GPP,2109,130,57377
GPP,2110,130,57408
GPP,2111,130,57439
GPP,2112,130,57455
GPP,2113,130,57486
GPP,2114,130,57518
GPP,2115,130,57549
GPP,2116,130,57565
GPP,2117,130,57596
GPP,2118,130,57627
GPP,2119,130,57659
GPP,2120,130,57675
GPP,2121,130,57706
GPP,2122,130,57737
GPP,2123,130,57769
GPP,2124,130,57785
GPP,2125,130,57816
GPP,2126,130,57847
GPP,2127,130,57863
GPP,2128,130,57895
GPP,2129,130,57926
GPP,2130,130,57957
GPP,2131,130,57973
GPP,2132,130,58005
GPP,2133,130,58036
GPP,2134,130,58068
GPP,2135,130,58083
GPP,2136,130,58115
GPP,2137,130,58146
GPP,2138,130,58178
GPP,2139,130,58193
GPP,2140,130,58225
GPP,2141,130,58256
GPP,2142,130,58290
GPP,2143,130,58303
GPP,2144,130,58335
GPP,2145,130,58366
GPP,2146,130,58398
GPP,2147,130,58429
GPP,2148,130,58445
GPP,2149,130,58476
GPP,2150,130,58508
GPP,2151,130,58523
GPP,2152,130,58555
GPP,2153,130,58586
GPP,2154,130,58617
GPP,2155,130,58633
GPP,2156,130,58665
GPP,2157,130,58696
GPP,2158,130,58727
GPP,2159,130,58743
GPP,2160,130,58786
GPP,2161,130,58806
GPP,2162,130,58843
GPP,2163,130,58869
GPP,2164,130,58900
GPP,2165,130,58931
GPP,2166,130,58947
GPP,2167,130,58979
GPP,2168,130,59010
GPP,2169,130,59042
GPP,2170,130,59058
GPP,2171,130,59089
GPP,2172,130,59120
GPP,2173,130,59152
GPP,2174,130,59168
GPP,2175,130,59199
GPP,2176,130,59230
GPP,2177,130,59246
GPP,2178,130,59285
GPP,2179,130,59309
GPP,2180,130,59340
GPP,2181,130,59356
GPP,2182,130,59387
GPP,2183,130,59419
GPP,2184,130,59450
GPP,2185,130,59466
GPP,2186,130,59497
GPP,2187,130,59529
GPP,2188,130,59560
GPP,2189,130,59576
GPP,2190,130,59607
GPP,2191,130,59638
GPP,2192,130,59670
GPP,2193,130,59685
GPP,2194,130,59717
GPP,2195,130,59748
GPP,2196,130,59764
GPP,2197,130,59795
GPP,2198,130,59827
GPP,2199,130,59858
GPP,2200,130,59874
GPP,2201,130,59905
GPP,2202,130,59936
GPP,2203,130,59968
GPP,2204,130,59983
GPP,2205,130,60015
GPP,2206,130,60046
GPP,2207,130,60062
GPP,2208,130,60093
GPP,2209,130,60125
GPP,2210,130,60156
GPP,2211,130,60172
GPP,2212,130,60203
GPP,2213,130,60235
GPP,2214,130,60266
GPP,2215,130,60282
GPP,2216,130,60313
GPP,2217,130,60345
GPP,2218,130,60376
GPP,2219,130,60392
GPP,2220,130,60423
GPP,2221,130,60454
GPP,2222,130,60486
GPP,2223,130,60501
GPP,2224,130,60533
GPP,2225,130,60564
GPP,2226,130,60596
GPP,2227,130,60611
GPP,2228,130,60650
GPP,2229,130,60674
GPP,2230,130,60690
GPP,2231,130,60721
GPP,2232,130,60753
GPP,2233,130,60784
GPP,2234,130,60800
GPP,2235,130,60831
GPP,2236,130,60862
GPP,2237,130,60894
GPP,2238,130,60910
GPP,2239,130,60941
GPP,2240,130,60972
GPP,2241,130,60988
GPP,2242,130,61019
GPP,2243,130,61051
GPP,2244,130,61082
GPP,2245,130,61098
GPP,2246,130,61129
GPP,2247,130,61161
GPP,2248,130,61176
GPP,2249,130,61208
GPP,2250,130,61239
GPP,2251,130,61271
GPP,2252,130,61286
GPP,2253,130,61318
GPP,2254,130,61349
GPP,2255,130,61365
GPP,2256,130,61396
GPP,2257,130,61428
GPP,2258,130,61459
GPP,2259,130,61475
GPP,2260,130,61506
GPP,2261,130,61538
GPP,2262,130,61569
GPP,2263,130,61585
GPP,2264,130,61616
GPP,2265,130,61647
GPP,2266,130,61679
GPP,2267,130,61703
GPP,2268,130,61726
GPP,2269,130,61757
GPP,2270,130,61773
GPP,2271,130,61804
GPP,2272,130,61835
GPP,2273,130,61867
GPP,2274,130,61883
GPP,2275,130,61914
GPP,2276,130,61945
GPP,2277,130,61977
GPP,2278,130,61992
GPP,2279,130,62024
GPP,2280,130,62055
GPP,2281,130,62087
GPP,2282,130,62102
GPP,2283,130,62134
GPP,2284,130,62165
GPP,2285,130,62181
GPP,2286,130,62212
GPP,2287,130,62244
GPP,2288,130,62275
GPP,2289,130,62291
GPP,2290,130,62322
GPP,2291,130,62354
GPP,2292,130,62369
GPP,2293,130,62401
GPP,2294,130,62432
GPP,2295,130,62464
GPP,2296,130,62479
GPP,2297,130,62511
GPP,2298,130,62542
GPP,2299,130,62558
GPP,2300,130,62589
GPP,2301,130,62621
GPP,2302,130,62652
GPP,2303,130,62668
GPP,2304,130,62700
GPP,2305,130,62731
GPP,2306,130,62762
GPP,2307,130,62778
GPP,2308,130,62810
GPP,2309,130,62841
GPP,2310,130,62857
GPP,2311,130,62888
GPP,2312,130,62920
GPP,2313,130,62951
GPP,2314,130,62967
GPP,2315,130,62998
GPP,2316,130,63029
GPP,2317,130,63045
GPP,2318,130,63076
GPP,2319,130,63108
GPP,2320,130,63139
GPP,2321,130,63155
GPP,2322,130,63186
GPP,2323,130,63218
GPP,2324,130,63233
GPP,2325,130,63265
GPP,2326,130,63296
GPP,2327,130,63328
GPP,2328,130,63343
GPP,2329,130,63375
GPP,2330,130,63406
GPP,2331,130,63422
GPP,2332,130,63453
GPP,2333,130,63485
GPP,2334,130,63516
GPP,2335,130,63532
GPP,2336,130,63563
GPP,2337,130,63595
GPP,2338,130,63626
GPP,2339,130,63642
GPP,2340,130,63673
GPP,2341,130,63705
GPP,2342,130,63736
GPP,2343,130,63752
GPP,2344,130,63783
GPP,2345,130,63815
GPP,2346,130,63846
GPP,2347,130,63862
GPP,2348,130,63893
GPP,2349,130,63924
GPP,2350,130,63940
GPP,2351,130,63972
GPP,2352,130,64003
GPP,2353,130,64034
GPP,2354,130,64066
GPP,2355,130,64081
GPP,2356,130,64113
GPP,2357,130,64144
GPP,2358,130,64160
GPP,2359,130,64191
GPP,2360,130,64223
GPP,2361,130,64254
GPP,2362,130,64270
GPP,2363,130,64302
GPP,2364,130,64333
GPP,2365,130,64364
GPP,2366,130,64380
GPP,2367,130,64419
GPP,2368,130,64443
GPP,2369,130,64474
GPP,2370,130,64490
GPP,2371,130,64522
GPP,2372,130,64553
GPP,2373,130,64569
GPP,2374,130,64600
GPP,2375,130,64631
GPP,2376,130,64663
GPP,2377,130,64679
GPP,2378,130,64710
GPP,2379,130,64741
GPP,2380,130,64773
GPP,2381,130,64789
GPP,2382,130,64820
GPP,2383,130,64851
GPP,2384,130,64883
GPP,2385,130,64898
GPP,2386,130,64930
GPP,2387,130,64961
GPP,2388,130,64977
GPP,2389,130,65008
GPP,2390,130,65040
GPP,2391,130,65071
GPP,2392,130,65087
GPP,2393,130,65118
GPP,2394,130,65150
GPP,2395,130,65181
GPP,2396,130,65197
GPP,2397,130,65228
GPP,2398,130,65260
GPP,2399,130,65275
GPP,2400,130,65307
GPP,2401,130,65338
GPP,2402,130,65369
GPP,2403,130,65385
GPP,2404,130,65417
GPP,2405,130,65448
GPP,2406,130,65479
GPP,2407,130,65495
GPP,2408,130,65527
GPP,2409,130,65558
GPP,2410,130,65574
GPP,2411,130,65605
GPP,2412,130,65636
GPP,2413,130,65668
GPP,2414,130,65699
GPP,2415,130,65715
GPP,2416,130,65746
GPP,2417,130,65778
GPP,2418,130,65793
GPP,2419,130,65825
GPP,2420,130,65856
GPP,2421,130,65887
GPP,2422,130,65903
GPP,2423,130,65935
GPP,2424,130,65966
GPP,2425,130,65997
GPP,2426,130,66028
GPP,2427,130,66044
GPP,2428,130,66075
GPP,2429,130,66107
GPP,2430,130,66138
GPP,2431,130,66154
GPP,2432,130,66185
GPP,2433,130,66217
GPP,2434,130,66248
GPP,2435,130,66264
GPP,2436,130,66295
GPP,2437,130,66327
GPP,2438,130,66343
GPP,2439,130,66374
GPP,2440,130,66406
GPP,2441,130,66437
GPP,2442,130,66453
GPP,2443,130,66484
GPP,2444,130,66516
GPP,2445,130,66547
GPP,2446,130,66563
GPP,2447,130,66594
GPP,2448,130,66626
GPP,2449,130,66657
GPP,2450,130,66673
GPP,2451,130,66704
GPP,2452,130,66736
GPP,2453,130,66767
GPP,2454,130,66783
GPP,2455,130,66814
GPP,2456,130,66846
GPP,2457,130,66877
GPP,2458,130,66893
GPP,2459,130,66924
GPP,2460,130,66955
GPP,2461,130,66971
GPP,2462,130,67002
GPP,2463,130,67034
GPP,2464,130,67065
GPP,2465,130,67081
GPP,2466,130,67112
GPP,2467,130,67144
GPP,2468,130,67175
GPP,2469,130,67191
GPP,2470,130,67222
GPP,2471,130,67253
GPP,2472,130,67285
GPP,2473,130,67300
GPP,2474,130,67332
GPP,2475,130,67363
GPP,2476,130,67395
GPP,2477,130,67410
GPP,2478,130,67442
GPP,2479,130,67476
GPP,2480,130,67505
GPP,2481,130,67520
GPP,2482,130,67552
GPP,2483,130,67583
GPP,2484,130,67615
GPP,2485,130,67630
GPP,2486,130,67662
GPP,2487,130,67693
GPP,2488,130,67725
GPP,2489,130,67740
GPP,2490,130,67772
GPP,2491,130,67803
GPP,2492,130,67835
GPP,2493,130,67850
GPP,2494,130,67882
GPP,2495,130,67913
GPP,2496,130,67944
GPP,2497,130,67960
GPP,2498,130,67991
GPP,2499,130,68023
GPP,2500,130,68054
GPP,2501,130,68070
GPP,2502,130,68102
GPP,2503,130,68133
GPP,2504,130,68164
GPP,2505,130,68180
GPP,2506,130,68211
GPP,2507,130,68243
GPP,2508,130,68259
GPP,2509,130,68290
GPP,2510,130,68321
GPP,2511,130,68353
GPP,2512,130,68368
GPP,2513,130,68400
GPP,2514,130,68431
GPP,2515,130,68447
GPP,2516,130,68478
GPP,2517,130,68510
GPP,2518,130,68541
GPP,2519,130,68557
GPP,2520,130,68588
GPP,2521,130,68620
GPP,2522,130,68651
GPP,2523,130,68667
GPP,2524,130,68698
GPP,2525,130,68730
GPP,2526,130,68761
GPP,2527,130,68777
GPP,2528,130,68808
GPP,2529,130,68840
GPP,2530,130,68871
GPP,2531,130,68887
GPP,2532,130,68918
GPP,2533,130,68950
GPP,2534,130,68965
GPP,2535,130,68997
GPP,2536,130,69028
GPP,2537,130,69060
GPP,2538,130,69075
GPP,2539,130,69107
GPP,2540,130,69138
GPP,2541,130,69154
GPP,2542,130,69185
GPP,2543,130,69217
GPP,2544,130,69248
GPP,2545,130,69264
GPP,2546,130,69295
GPP,2547,130,69326
GPP,2548,130,69358
GPP,2549,130,69373
GPP,2550,130,69405
GPP,2551,130,69436
GPP,2552,130,69452
GPP,2553,130,69483
GPP,2554,130,69515
GPP,2555,130,69546
GPP,2556,130,69562
GPP,2557,130,69594
GPP,2558,130,69625
GPP,2559,130,69656
GPP,2560,130,69672
GPP,2561,130,69704
GPP,2562,130,69735
GPP,2563,130,69766
GPP,2564,130,69782
GPP,2565,130,69813
GPP,2566,130,69845
GPP,2567,130,69861
GPP,2568,130,69892
GPP,2569,130,69923
GPP,2570,130,69955
GPP,2571,130,69971
GPP,2572,130,70002
GPP,2573,130,70033
GPP,2574,130,70065
GPP,2575,130,70080
GPP,2576,130,70112
GPP,2577,130,70143
GPP,2578,130,70159
GPP,2579,130,70190
GPP,2580,130,70222
GPP,2581,130,70253
GPP,2582,130,70269
GPP,2583,130,70300
GPP,2584,130,70332
GPP,2585,130,70347
GPP,2586,130,70379
GPP,2587,130,70410
GPP,2588,130,70441
GPP,2589,130,70457
GPP,2590,130,70488
GPP,2591,130,70520
GPP,2592,130,70536
GPP,2593,130,70567
GPP,2594,130,70598
GPP,2595,130,70630
GPP,2596,130,70646
GPP,2597,130,70677
GPP,2598,130,70708
GPP,2599,130,70740
GPP,2600,130,70756
GPP,2601,130,70787
GPP,2602,130,70818
GPP,2603,130,70850
GPP,2604,130,70865
GPP,2605,130,70897
GPP,2606,130,70928
GPP,2607,130,70959
GPP,2608,130,70975
GPP,2609,130,71007
GPP,2610,130,71038
GPP,2611,130,71054
GPP,2612,130,71085
GPP,2613,130,71116
GPP,2614,130,71148
GPP,2615,130,71179
GPP,2616,130,71195
GPP,2617,130,71226
GPP,2618,130,71257
GPP,2619,130,71273
GPP,2620,130,71304
GPP,2621,130,71336
GPP,2622,130,71367
GPP,2623,130,71383
GPP,2624,130,71414
GPP,2625,130,71446
GPP,2626,130,71477
GPP,2627,130,71493
GPP,2628,130,71524
GPP,2629,130,71555
GPP,2630,130,71571
GPP,2631,130,71603
GPP,2632,130,71634
GPP,2633,130,71666
GPP,2634,130,71681
GPP,2635,130,71713
GPP,2636,130,71744
GPP,2637,130,71776
GPP,2638,130,71791
GPP,2639,130,71823
GPP,2640,130,71854
GPP,2641,130,71885
GPP,2642,130,71901
GPP,2643,130,71933
GPP,2644,130,71964
GPP,2645,130,71996
GPP,2646,130,72011
GPP,2647,130,72043
GPP,2648,130,72074
GPP,2649,130,72105
GPP,2650,130,72121
GPP,2651,130,72153
GPP,2652,130,72184
GPP,2653,130,72200
GPP,2654,130,72231
GPP,2655,130,72262
GPP,2656,130,72294
GPP,2657,130,72309
GPP,2658,130,72341
GPP,2659,130,72372
GPP,2660,130,72403
GPP,2661,130,72419
GPP,2662,130,72451
GPP,2663,130,72482
GPP,2664,130,72498
GPP,2665,130,72529
GPP,2666,130,72560
GPP,2667,130,72592
GPP,2668,130,72607
GPP,2669,130,72639
GPP,2670,130,72670
GPP,2671,130,72702
GPP,2672,130,72718
GPP,2673,130,72749
GPP,2674,130,72780
GPP,2675,130,72796
GPP,2676,130,72827
GPP,2677,130,72859
GPP,2678,130,72890
GPP,2679,130,72914
GPP,2680,130,72938
GPP,2681,130,72969
GPP,2682,130,73000
GPP,2683,130,73016
GPP,2684,130,73048
GPP,2685,130,73079
GPP,2686,130,73095
GPP,2687,130,73126
GPP,2688,130,73158
GPP,2689,130,73189
GPP,2690,130,73205
GPP,2691,130,73236
GPP,2692,130,73267
GPP,2693,130,73283
GPP,2694,130,73314
GPP,2695,130,73346
GPP,2696,130,73362
GPP,2697,130,73393
GPP,2698,130,73425
GPP,2699,130,73456
GPP,2700,130,73472
GPP,2701,130,73503
GPP,2702,130,73535
GPP,2703,130,73550
GPP,2704,130,73582
GPP,2705,130,73613
GPP,2706,130,73645
GPP,2707,130,73660
GPP,2708,130,73692
GPP,2709,130,73723
GPP,2710,130,73755
GPP,2711,130,73770
GPP,2712,130,73802
GPP,2713,130,73833
GPP,2714,130,73865
GPP,2715,130,73880
GPP,2716,130,73912
GPP,2717,130,73943
GPP,2718,130,73959
GPP,2719,130,73990
GPP,2720,130,74022
GPP,2721,130,74053
GPP,2722,130,74069
GPP,2723,130,74100
GPP,2724,130,74132
GPP,2725,130,74163
GPP,2726,130,74179
GPP,2727,130,74210
GPP,2728,130,74241
GPP,2729,130,74257
GPP,2730,130,74289
GPP,2731,130,74320
GPP,2732,130,74351
GPP,2733,130,74367
GPP,2734,130,74398
GPP,2735,130,74430
GPP,2736,130,74446
GPP,2737,130,74477
GPP,2738,130,74508
GPP,2739,130,74540
GPP,2740,130,74555
GPP,2741,130,74587
GPP,2742,130,74618
GPP,2743,130,74636
GPP,2744,130,74665
GPP,2745,130,74697
GPP,2746,130,74728
GPP,2747,130,74744
GPP,2748,130,74775
GPP,2749,130,74807
GPP,2750,130,74838
GPP,2751,130,74854
GPP,2752,130,74885
GPP,2753,130,74917
GPP,2754,130,74932
GPP,2755,130,74964
GPP,2756,130,74995
GPP,2757,130,75026
GPP,2758,130,75042
GPP,2759,130,75073
GPP,2760,130,75105
GPP,2761,130,75121
GPP,2762,130,75152
GPP,2763,130,75183
GPP,2764,130,75215
GPP,2765,130,75230
GPP,2766,130,75262
GPP,2767,130,75293
GPP,2768,130,75325
GPP,2769,130,75340
GPP,2770,130,75372
GPP,2771,130,75403
GPP,2772,130,75419
GPP,2773,130,75450
GPP,2774,130,75482
GPP,2775,130,75513
GPP,2776,130,75529
GPP,2777,130,75560
GPP,2778,130,75592
GPP,2779,130,75623
GPP,2780,130,75647
GPP,2781,130,75670
GPP,2782,130,75702
GPP,2783,130,75733
GPP,2784,130,75749
GPP,2785,130,75780
GPP,2786,130,75812
GPP,2787,130,75827
GPP,2788,130,75859
GPP,2789,130,75890
GPP,2790,130,75922
GPP,2791,130,75937
GPP,2792,130,75969
GPP,2793,130,76000
GPP,2794,130,76032
GPP,2795,130,76048
GPP,2796,130,76079
GPP,2797,130,76110
GPP,2798,130,76126
GPP,2799,130,76157
GPP,2800,130,76189
GPP,2801,130,76220
GPP,2802,130,76236
GPP,2803,130,76267
GPP,2804,130,76299
GPP,2805,130,76314
GPP,2806,130,76346
GPP,2807,130,76377
GPP,2808,130,76393
GPP,2809,130,76424
GPP,2810,130,76456
GPP,2811,130,76487
GPP,2812,130,76503
GPP,2813,130,76534
GPP,2814,130,76566
GPP,2815,130,76581
GPP,2816,130,76613
GPP,2817,130,76644
GPP,2818,130,76676
GPP,2819,130,76691
GPP,2820,130,76723
GPP,2821,130,76754
GPP,2822,130,76770
GPP,2823,130,76801
GPP,2824,130,76833
GPP,2825,130,76864
GPP,2826,130,76880
GPP,2827,130,76911
GPP,2828,130,76942
GPP,2829,130,76958
GPP,2830,130,76998
GPP,2831,130,77021
GPP,2832,130,77052
GPP,2833,130,77068
GPP,2834,130,77099
GPP,2835,130,77131
GPP,2836,130,77146
GPP,2837,130,77178
GPP,2838,130,77209
GPP,2839,130,77240
GPP,2840,130,77256
GPP,2841,130,77287
GPP,2842,130,77319
GPP,2843,130,77350
GPP,2844,130,77366
GPP,2845,130,77397
GPP,2846,130,77429
GPP,2847,130,77444
GPP,2848,130,77476
GPP,2849,130,77507
GPP,2850,130,77523
GPP,2851,130,77554
GPP,2852,130,77586
GPP,2853,130,77617
GPP,2854,130,77649
GPP,2855,130,77664
GPP,2856,130,77696
GPP,2857,130,77727
GPP,2858,130,77743
GPP,2859,130,77774
GPP,2860,130,77806
GPP,2861,130,77837
GPP,2862,130,77853
GPP,2863,130,77884
GPP,2864,130,77916
GPP,2865,130,77931
GPP,2866,130,77963
GPP,2867,130,77994
GPP,2868,130,78026
GPP,2869,130,78041
GPP,2870,130,78073
GPP,2871,130,78104
GPP,2872,130,78120
GPP,2873,130,78151
GPP,2874,130,78183
GPP,2875,130,78214
GPP,2876,130,78230
GPP,2877,130,78261
GPP,2878,130,78293
GPP,2879,130,78308
GPP,2880,130,78340
GPP,2881,130,78371
GPP,2882,130,78402
GPP,2883,130,78418
GPP,2884,130,78449
GPP,2885,130,78481
GPP,2886,130,78497
GPP,2887,130,78528
GPP,2888,130,78559
GPP,2889,130,78591
GPP,2890,130,78607
GPP,2891,130,78638
GPP,2892,130,78669
GPP,2893,130,78685
GPP,2894,130,78717
GPP,2895,130,78748
GPP,2896,130,78779
GPP,2897,130,78795
GPP,2898,130,78826
GPP,2899,130,78858
GPP,2900,130,78889
GPP,2901,130,78905
GPP,2902,130,78936
GPP,2903,130,78968
GPP,2904,130,78999
GPP,2905,130,79015
GPP,2906,130,79046
GPP,2907,130,79078
GPP,2908,130,79109
GPP,2909,130,79125
GPP,2910,130,79157
GPP,2911,130,79188
GPP,2912,130,79204
GPP,2913,130,79235
GPP,2914,130,79267
GPP,2915,130,79298
GPP,2916,130,79314
GPP,2917,130,79345
GPP,2918,130,79377
GPP,2919,130,79392
GPP,2920,130,79424
GPP,2921,130,79455
GPP,2922,130,79487
GPP,2923,130,79502
GPP,2924,130,79534
GPP,2925,130,79565
GPP,2926,130,79597
GPP,2927,130,79612
GPP,2928,130,79644
GPP,2929,130,79675
GPP,2930,130,79707
GPP,2931,130,79730
GPP,2932,130,79754
GPP,2933,130,79785
GPP,2934,130,79801
GPP,2935,130,79832
GPP,2936,130,79864
GPP,2937,130,79895
GPP,2938,130,79911
GPP,2939,130,79942
GPP,2940,130,79974
GPP,2941,130,80005
GPP,2942,130,80021
GPP,2943,130,80052
GPP,2944,130,80084
GPP,2945,130,80100
GPP,2946,130,80131
GPP,2947,130,80162
GPP,2948,130,80194
GPP,2949,130,80209
GPP,2950,130,80241
GPP,2951,130,80272
GPP,2952,130,80304
GPP,2953,130,80319
GPP,2954,130,80351
GPP,2955,130,80382
GPP,2956,130,80398
GPP,2957,130,80429
GPP,2958,130,80460
GPP,2959,130,80492
GPP,2960,130,80508
GPP,2961,130,80539
GPP,2962,130,80570
GPP,2963,130,80586
GPP,2964,130,80618
GPP,2965,130,80649
GPP,2966,130,80680
GPP,2967,130,80696
GPP,2968,130,80728
GPP,2969,130,80759
GPP,2970,130,80790
GPP,2971,130,80806
GPP,2972,130,80838
GPP,2973,130,80869
GPP,2974,130,80885
GPP,2975,130,80916
GPP,2976,130,80948
GPP,2977,130,80979
GPP,2978,130,80995
GPP,2979,130,81026
GPP,2980,130,81058
GPP,2981,130,81089
GPP,2982,130,81105
GPP,2983,130,81136
GPP,2984,130,81168
GPP,2985,130,81183
GPP,2986,130,81215
GPP,2987,130,81246
GPP,2988,130,81278
GPP,2989,130,81293
GPP,2990,130,81325
GPP,2991,130,81356
GPP,2992,130,81388
GPP,2993,130,81403
GPP,2994,130,81435
GPP,2995,130,81466
GPP,2996,130,81482
GPP,2997,130,81513
GPP,2998,130,81545
GPP,2999,130,81576
GPP,3000,130,81592
GPP,3001,130,81623
GPP,3002,130,81655
GPP,3003,130,81670
GPP,3004,130,81702
GPP,3005,130,81733
GPP,3006,130,81765
GPP,3007,130,81780
GPP,3008,130,81812
GPP,3009,130,81843
GPP,3010,130,81875
GPP,3011,130,81890
GPP,3012,130,81922
GPP,3013,130,81953
GPP,3014,130,81969
GPP,3015,130,82000
GPP,3016,130,82032
GPP,3017,130,82063
GPP,3018,130,82079
GPP,3019,130,82110
GPP,3020,130,82142
GPP,3021,130,82173
GPP,3022,130,82189
GPP,3023,130,82220
GPP,3024,130,82252
GPP,3025,130,82267
GPP,3026,130,82299
GPP,3027,130,82330
GPP,3028,130,82362
GPP,3029,130,82378
GPP,3030,130,82409
GPP,3031,130,82443
GPP,3032,130,82456
GPP,3033,130,82487
GPP,3034,130,82519
GPP,3035,130,82550
GPP,3036,130,82566
GPP,3037,130,82597
GPP,3038,130,82629
GPP,3039,130,82645
GPP,3040,130,82676
GPP,3041,130,82707
GPP,3042,130,82739
GPP,3043,130,82755
GPP,3044,130,82786
GPP,3045,130,82818
GPP,3046,130,82833
GPP,3047,130,82865
GPP,3048,130,82896
GPP,3049,130,82927
GPP,3050,130,82943
GPP,3051,130,82974
GPP,3052,130,83006
GPP,3053,130,83021
GPP,3054,130,83053
GPP,3055,130,83084
GPP,3056,130,83116
GPP,3057,130,83132
GPP,3058,130,83163
GPP,3059,130,83194
GPP,3060,130,83210
GPP,3061,130,83242
GPP,3062,130,83273
GPP,3063,130,83304
GPP,3064,130,83320
GPP,3065,130,83351
GPP,3066,130,83383
GPP,3067,130,83398
GPP,3068,130,83430
GPP,3069,130,83461
GPP,3070,130,83493
GPP,3071,130,83508
GPP,3072,130,83540
GPP,3073,130,83571
GPP,3074,130,83587
GPP,3075,130,83618
GPP,3076,130,83650
GPP,3077,130,83681
GPP,3078,130,83697
GPP,3079,130,83728
GPP,3080,130,83760
GPP,3081,130,83791
GPP,3082,130,83815
GPP,3083,130,83838
GPP,3084,130,83870
GPP,3085,130,83885
GPP,3086,130,83917
GPP,3087,130,83948
GPP,3088,130,83980
GPP,3089,130,83995
GPP,3090,130,84027
GPP,3091,130,84058
GPP,3092,130,84074
GPP,3093,130,84105
GPP,3094,130,84137
GPP,3095,130,84168
GPP,3096,130,84184
GPP,3097,130,84215
GPP,3098,130,84247
GPP,3099,130,84278
GPP,3100,130,84294
GPP,3101,130,84325
GPP,3102,130,84357
GPP,3103,130,84372
GPP,3104,130,84404
GPP,3105,130,84435
GPP,3106,130,84467
GPP,3107,130,84482
GPP,3108,130,84514
GPP,3109,130,84545
GPP,3110,130,84576
GPP,3111,130,84592
GPP,3112,130,84623
GPP,3113,130,84655
GPP,3114,130,84688
GPP,3115,130,84716
GPP,3116,130,84744
GPP,3117,130,84772
GPP,3118,130,84796
GPP,3119,130,84827
GPP,3120,130,84843
GPP,3121,130,84874
GPP,3122,130,84906
GPP,3123,130,84922
GPP,3124,130,84953
GPP,3125,130,84984
GPP,3126,130,85016
GPP,3127,130,85031
GPP,3128,130,85063
GPP,3129,130,85094
GPP,3130,130,85125
GPP,3131,130,85141
GPP,3132,130,85180
GPP,3133,130,85204
GPP,3134,130,85235
GPP,3135,130,85251
GPP,3136,130,85283
GPP,3137,130,85314
GPP,3138,130,85330
GPP,3139,130,85361
GPP,3140,130,85393
GPP,3141,130,85424
GPP,3142,130,85440
GPP,3143,130,85471
GPP,3144,130,85503
GPP,3145,130,85534
GPP,3146,130,85550
GPP,3147,130,85581
GPP,3148,130,85613
GPP,3149,130,85629
GPP,3150,130,85660
GPP,3151,130,85692
GPP,3152,130,85723
GPP,3153,130,85739
GPP,3154,130,85770
GPP,3155,130,85802
GPP,3156,130,85833
GPP,3157,130,85849
GPP,3158,130,85880
GPP,3159,130,85912
GPP,3160,130,85943
GPP,3161,130,85959
GPP,3162,130,85990
GPP,3163,130,86021
GPP,3164,130,86037
GPP,3165,130,86069
GPP,3166,130,86100
GPP,3167,130,86131
GPP,3168,130,86147
GPP,3169,130,86178
GPP,3170,130,86210
GPP,3171,130,86226
GPP,3172,130,86257
GPP,3173,130,86289
GPP,3174,130,86320
GPP,3175,130,86336
GPP,3176,130,86367
GPP,3177,130,86398
GPP,3178,130,86414
GPP,3179,130,86445
GPP,3180,130,86477
GPP,3181,130,86508
GPP,3182,130,86524
GPP,3183,130,86555
GPP,3184,130,86587
GPP,3185,130,86602
GPP,3186,130,86634
GPP,3187,130,86665
GPP,3188,130,86697
GPP,3189,130,86712
GPP,3190,130,86744
GPP,3191,130,86775
GPP,3192,130,86806
GPP,3193,130,86822
GPP,3194,130,86854
GPP,3195,130,86885
GPP,3196,130,86901
GPP,3197,130,86932
GPP,3198,130,86964
GPP,3199,130,86995
GPP,3200,130,87011
GPP,3201,130,87042
GPP,3202,130,87074
GPP,3203,130,87089
GPP,3204,130,87121
GPP,3205,130,87152
GPP,3206,130,87184
GPP,3207,130,87199
GPP,3208,130,87231
GPP,3209,130,87262
GPP,3210,130,87278
GPP,3211,130,87309
GPP,3212,130,87341
GPP,3213,130,87372
GPP,3214,130,87388
GPP,3215,130,87419
GPP,3216,130,87450
GPP,3217,130,87466
GPP,3218,130,87497
GPP,3219,130,87529
GPP,3220,130,87560
GPP,3221,130,87576
GPP,3222,130,87608
GPP,3223,130,87639
GPP,3224,130,87671
GPP,3225,130,87686
GPP,3226,130,87718
GPP,3227,130,87749
GPP,3228,130,87781
GPP,3229,130,87796
GPP,3230,130,87828
GPP,3231,130,87859
GPP,3232,130,87890
GPP,3233,130,87914
GPP,3234,130,87938
GPP,3235,130,87969
GPP,3236,130,87985
GPP,3237,130,88016
GPP,3238,130,88048
GPP,3239,130,88079
GPP,3240,130,88095
GPP,3241,130,88126
GPP,3242,130,88158
GPP,3243,130,88174
GPP,3244,130,88205
GPP,3245,130,88237
GPP,3246,130,88268
GPP,3247,130,88284
GPP,3248,130,88315
GPP,3249,130,88346
GPP,3250,130,88362
GPP,3251,130,88394
GPP,3252,130,88425
GPP,3253,130,88456
GPP,3254,130,88472
GPP,3255,130,88503
GPP,3256,130,88535
GPP,3257,130,88566
GPP,3258,130,88582
GPP,3259,130,88613
GPP,3260,130,88645
GPP,3261,130,88660
GPP,3262,130,88692
GPP,3263,130,88723
GPP,3264,130,88755
GPP,3265,130,88770
GPP,3266,130,88802
GPP,3267,130,88833
GPP,3268,130,88849
GPP,3269,130,88880
GPP,3270,130,88912
GPP,3271,130,88943
GPP,3272,130,88959
GPP,3273,130,88990
GPP,3274,130,89022
GPP,3275,130,89037
GPP,3276,130,89069
GPP,3277,130,89100
GPP,3278,130,89131
GPP,3279,130,89147
GPP,3280,130,89179
GPP,3281,130,89210
GPP,3282,130,89226
GPP,3283,130,89265
GPP,3284,130,89289
GPP,3285,130,89320
GPP,3286,130,89336
GPP,3287,130,89375
GPP,3288,130,89403
GPP,3289,130,89430
GPP,3290,130,89455
GPP,3291,130,89483
GPP,3292,130,89511
GPP,3293,130,89537
GPP,3294,130,89566
GPP,3295,130,89592
GPP,3296,130,89620
GPP,3297,130,89647
GPP,3298,130,89674
GPP,3299,130,89702
GPP,3300,130,89729
GPP,3301,130,89756
GPP,3302,130,89785
GPP,3303,130,89813
GPP,3304,130,89839
GPP,3305,130,89866
GPP,3306,130,89894
GPP,3307,130,89922
GPP,3308,130,89949
GPP,3309,130,89977
GPP,3310,130,90005
GPP,3311,130,90032
GPP,3312,130,90059
GPP,3313,130,90088
GPP,3314,130,90116
GPP,3315,130,90144
GPP,3316,130,90169
GPP,3317,130,90197
GPP,3318,130,90227
GPP,3319,130,90253
GPP,3320,130,90281
GPP,3321,130,90308
GPP,3322,130,90335
GPP,3323,130,90363
GPP,3324,130,90390
GPP,3325,130,90416
GPP,3326,130,90443
GPP,3327,130,90470
GPP,3328,130,90498
GPP,3329,130,90526
GPP,3330,130,90553
GPP,3331,130,90580
GPP,3332,130,90608
GPP,3333,130,90635
GPP,3334,130,90663
GPP,3335,130,90691
GPP,3336,130,90718
GPP,3337,130,90747
GPP,3338,130,90775
GPP,3339,130,90802
GPP,3340,130,90829
GPP,3341,130,90856
GPP,3342,130,90884
GPP,3343,130,90911
GPP,3344,130,90938
GPP,3345,130,90966
GPP,3346,130,90992
GPP,3347,130,91020
GPP,3348,130,91047
GPP,3349,130,91075
GPP,3350,130,91102
GPP,3351,130,91128
GPP,3352,130,91156
GPP,3353,130,91182
GPP,3354,130,91209
GPP,3355,130,91237
GPP,3356,130,91264
GPP,3357,130,91291
GPP,3358,130,91317
GPP,3359,130,91345
GPP,3360,130,91372
GPP,3361,130,91399
GPP,3362,130,91425
GPP,3363,130,91452
GPP,3364,130,91480
GPP,3365,130,91507
GPP,3366,130,91534
GPP,3367,130,91563
GPP,3368,130,91590
GPP,3369,130,91617
GPP,3370,130,91646
GPP,3371,130,91673
GPP,3372,130,91702
GPP,3373,130,91729
GPP,3374,130,91756
GPP,3375,130,91783
GPP,3376,130,91810
GPP,3377,130,91839
GPP,3378,130,91866
GPP,3379,130,91893
GPP,3380,130,91922
GPP,3381,130,91949
GPP,3382,130,91977
GPP,3383,130,92005
GPP,3384,130,92031
GPP,3385,130,92060
GPP,3386,130,92088
GPP,3387,130,92115
GPP,3388,130,92143
GPP,3389,130,92170
GPP,3390,130,92198
GPP,3391,130,92226
GPP,3392,130,92254
GPP,3393,130,92281
GPP,3394,130,92307
GPP,3395,130,92335
GPP,3396,130,92362
GPP,3397,130,92389
GPP,3398,130,92416
GPP,3399,130,92443
GPP,3400,130,92471
GPP,3401,130,92498
GPP,3402,130,92527
GPP,3403,130,92553
GPP,3404,130,92580
GPP,3405,130,92607
GPP,3406,130,92636
GPP,3407,130,92664
GPP,3408,130,92691
GPP,3409,130,92719
GPP,3410,130,92747
GPP,3411,130,92774
GPP,3412,130,92802
GPP,3413,130,92829
GPP,3414,130,92857
GPP,3415,130,92884
GPP,3416,130,92910
GPP,3417,130,92938
GPP,3418,130,92964
GPP,3419,130,92993
GPP,3420,130,93019
GPP,3421,130,93047
GPP,3422,130,93074
GPP,3423,130,93100
GPP,3424,130,93126
GPP,3425,130,93154
GPP,3426,130,93182
GPP,3427,130,93208
GPP,3428,130,93235
GPP,3429,130,93263
GPP,3430,130,93290
GPP,3431,130,93316
GPP,3432,130,93343
GPP,3433,130,93372
GPP,3434,130,93398
GPP,3435,130,93425
GPP,3436,130,93454
GPP,3437,130,93479
GPP,3438,130,93507
GPP,3439,130,93534
GPP,3440,130,93561
GPP,3441,130,93590
GPP,3442,130,93617
GPP,3443,130,93643
GPP,3444,130,93671
GPP,3445,130,93699
GPP,3446,130,93727
GPP,3447,130,93754
GPP,3448,130,93782
GPP,3449,130,93809
GPP,3450,130,93838
GPP,3451,130,93862
GPP,3452,130,93893
GPP,3453,130,93909
GPP,3454,130,93940
GPP,3455,130,93972
GPP,3456,130,94003
GPP,3457,130,94019
GPP,3458,130,94050
GPP,3459,130,94081
GPP,3460,130,94113
GPP,3461,130,94128
GPP,3462,130,94160
GPP,3463,130,94191
GPP,3464,130,94223
GPP,3465,130,94238
GPP,3466,130,94270
GPP,3467,130,94301
GPP,3468,130,94317
GPP,3469,130,94348
GPP,3470,130,94380
GPP,3471,130,94411
GPP,3472,130,94427
GPP,3473,130,94458
GPP,3474,130,94490
GPP,3475,130,94505
GPP,3476,130,94537
GPP,3477,130,94568
GPP,3478,130,94600
GPP,3479,130,94616
GPP,3480,130,94647
GPP,3481,130,94678
GPP,3482,130,94710
GPP,3483,130,94726
GPP,3484,130,94757
GPP,3485,130,94788
GPP,3486,130,94804
GPP,3487,130,94836
GPP,3488,130,94867
GPP,3489,130,94898
GPP,3490,130,94914
GPP,3491,130,94945
GPP,3492,130,94977
GPP,3493,130,95008
GPP,3494,130,95024
GPP,3495,130,95056
GPP,3496,130,95087
GPP,3497,130,95103
GPP,3498,130,95134
GPP,3499,130,95166
GPP,3500,130,95197
GPP,3501,130,95213
GPP,3502,130,95244
GPP,3503,130,95276
GPP,3504,130,95291
GPP,3505,130,95323
GPP,3506,130,95354
GPP,3507,130,95386
GPP,3508,130,95401
GPP,3509,130,95433
GPP,3510,130,95464
GPP,3511,130,95480
GPP,3512,130,95511
GPP,3513,130,95542
GPP,3514,130,95574
GPP,3515,130,95589
GPP,3516,130,95621
GPP,3517,130,95652
GPP,3518,130,95668
GPP,3519,130,95699
GPP,3520,130,95731
GPP,3521,130,95762
GPP,3522,130,95778
GPP,3523,130,95809
GPP,3524,130,95841
GPP,3525,130,95872
GPP,3526,130,95888
GPP,3527,130,95919
GPP,3528,130,95950
GPP,3529,130,95982
GPP,3530,130,95998
GPP,3531,130,96029
GPP,3532,130,96060
GPP,3533,130,96092
GPP,3534,130,96108
GPP,3535,130,96139
GPP,3536,130,96171
GPP,3537,130,96202
GPP,3538,130,96218
GPP,3539,130,96249
GPP,3540,130,96281
GPP,3541,130,96296
GPP,3542,130,96328
GPP,3543,130,96359
GPP,3544,130,96390
GPP,3545,130,96406
GPP,3546,130,96438
GPP,3547,130,96469
GPP,3548,130,96484
GPP,3549,130,96516
GPP,3550,130,96547
GPP,3551,130,96579
GPP,3552,130,96594
GPP,3553,130,96626
GPP,3554,130,96657
GPP,3555,130,96688
GPP,3556,130,96704
GPP,3557,130,96736
GPP,3558,130,96767
GPP,3559,130,96798
GPP,3560,130,96814
GPP,3561,130,96845
GPP,3562,130,96877
GPP,3563,130,96908
GPP,3564,130,96924
GPP,3565,130,96955
GPP,3566,130,96987
GPP,3567,130,97003
GPP,3568,130,97034
GPP,3569,130,97065
GPP,3570,130,97097
GPP,3571,130,97112
GPP,3572,130,97144
GPP,3573,130,97175
GPP,3574,130,97206
GPP,3575,130,97222
GPP,3576,130,97254
GPP,3577,130,97285
GPP,3578,130,97301
GPP,3579,130,97332
GPP,3580,130,97363
GPP,3581,130,97395
GPP,3582,130,97410
GPP,3583,130,97450
GPP,3584,130,97473
GPP,3585,130,97505
GPP,3586,130,97521
GPP,3587,130,97552
GPP,3588,130,97583
GPP,3589,130,97599
GPP,3590,130,97630
GPP,3591,130,97662
GPP,3592,130,97693
GPP,3593,130,97709
GPP,3594,130,97740
GPP,3595,130,97772
GPP,3596,130,97803
GPP,3597,130,97819
GPP,3598,130,97850
GPP,3599,130,97882
GPP,3600,130,97898
GPP,3601,130,97929
GPP,3602,130,97960
GPP,3603,130,97992
GPP,3604,130,98008
GPP,3605,130,98039
GPP,3606,130,98070
GPP,3607,130,98102
GPP,3608,130,98133
GPP,3609,130,98149
GPP,3610,130,98180
GPP,3611,130,98212
GPP,3612,130,98227
GPP,3613,130,98259
GPP,3614,130,98290
GPP,3615,130,98321
GPP,3616,130,98337
GPP,3617,130,98368
GPP,3618,130,98400
GPP,3619,130,98416
GPP,3620,130,98447
GPP,3621,130,98479
GPP,3622,130,98510
GPP,3623,130,98526
GPP,3624,130,98557
GPP,3625,130,98588
GPP,3626,130,98604
GPP,3627,130,98636
GPP,3628,130,98667
GPP,3629,130,98698
GPP,3630,130,98714
GPP,3631,130,98745
GPP,3632,130,98777
GPP,3633,130,98808
GPP,3634,130,98824
GPP,3635,130,98855
GPP,3636,130,98887
GPP,3637,130,98902
GPP,3638,130,98934
GPP,3639,130,98965
GPP,3640,130,98997
GPP,3641,130,99013
GPP,3642,130,99044
GPP,3643,130,99075
GPP,3644,130,99091
GPP,3645,130,99122
GPP,3646,130,99154
GPP,3647,130,99185
GPP,3648,130,99201
GPP,3649,130,99233
GPP,3650,130,99264
GPP,3651,130,99280
GPP,3652,130,99311
GPP,3653,130,99343
GPP,3654,130,99374
GPP,3655,130,99390
GPP,3656,130,99421
GPP,3657,130,99453
GPP,3658,130,99468
GPP,3659,130,99500
GPP,3660,130,99531
GPP,3661,130,99562
GPP,3662,130,99578
GPP,3663,130,99610
GPP,3664,130,99641
GPP,3665,130,99672
GPP,3666,130,99688
GPP,3667,130,99720
GPP,3668,130,99751
GPP,3669,130,99767
GPP,3670,130,99798
GPP,3671,130,99830
GPP,3672,130,99861
GPP,3673,130,99877
GPP,3674,130,99908
GPP,3675,130,99940
GPP,3676,130,99955
GPP,3677,130,99987
GPP,3678,130,100018
GPP,3679,130,100050
GPP,3680,130,100065
GPP,3681,130,100097
GPP,3682,130,100128
GPP,3683,130,100144
GPP,3684,130,100183
GPP,3685,130,100207
GPP,3686,130,100238
GPP,3687,130,100253
GPP,3688,130,100285
GPP,3689,130,100316
GPP,3690,130,100332
GPP,3691,130,100363
GPP,3692,130,100395
GPP,3693,130,100426
GPP,3694,130,100442
GPP,3695,130,100473
GPP,3696,130,100505
GPP,3697,130,100521
GPP,3698,130,100552
GPP,3699,130,100584
GPP,3700,130,100615
GPP,3701,130,100640
GPP,3702,130,100662
GPP,3703,130,100693
GPP,3704,130,100709
GPP,3705,130,100741
GPP,3706,130,100772
GPP,3707,130,100803
GPP,3708,130,100819
GPP,3709,130,100850
GPP,3710,130,100882
GPP,3711,130,100913
GPP,3712,130,100929
GPP,3713,130,100960
GPP,3714,130,100992
GPP,3715,130,101008
GPP,3716,130,101039
GPP,3717,130,101070
GPP,3718,130,101086
GPP,3719,130,101117
GPP,3720,130,101149
GPP,3721,130,101180
GPP,3722,130,101196
GPP,3723,130,101227
GPP,3724,130,101259
GPP,3725,130,101275
GPP,3726,130,101306
GPP,3727,130,101337
GPP,3728,130,101369
GPP,3729,130,101384
GPP,3730,130,101416
GPP,3731,130,101447
GPP,3732,130,101463
GPP,3733,130,101494
GPP,3734,130,101532
GPP,3735,130,101557
GPP,3736,130,101573
GPP,3737,130,101604
GPP,3738,130,101636
GPP,3739,130,101667
GPP,3740,130,101683
GPP,3741,130,101714
GPP,3742,130,101746
GPP,3743,130,101777
GPP,3744,130,101793
GPP,3745,130,101824
GPP,3746,130,101856
GPP,3747,130,101871
GPP,3748,130,101903
GPP,3749,130,101934
GPP,3750,130,101966
GPP,3751,130,101982
GPP,3752,130,102013
GPP,3753,130,102049
GPP,3754,130,102077
GPP,3755,130,102104
GPP,3756,130,102131
GPP,3757,130,102159
GPP,3758,130,102187
GPP,3759,130,102214
GPP,3760,130,102241
GPP,3761,130,102268
GPP,3762,130,102296
GPP,3763,130,102325
GPP,3764,130,102351
GPP,3765,130,102380
GPP,3766,130,102407
GPP,3767,130,102434
GPP,3768,130,102461
GPP,3769,130,102489
GPP,3770,130,102515
GPP,3771,130,102543
GPP,3772,130,102569
GPP,3773,130,102598
GPP,3774,130,102626
GPP,3775,130,102654
GPP,3776,130,102682
GPP,3777,130,102709
GPP,3778,130,102738
GPP,3779,130,102765
GPP,3780,130,102793
GPP,3781,130,102820
GPP,3782,130,102847
GPP,3783,130,102877
GPP,3784,130,102904
GPP,3785,130,102932
GPP,3786,130,102959
GPP,3787,130,102986
GPP,3788,130,103014
GPP,3789,130,103041
GPP,3790,130,103068
GPP,3791,130,103095
GPP,3792,130,103124
GPP,3793,130,103150
GPP,3794,130,103178
GPP,3795,130,103205
GPP,3796,130,103232
GPP,3797,130,103259
GPP,3798,130,103286
GPP,3799,130,103314
GPP,3800,130,103341
GPP,3801,130,103369
GPP,3802,130,103396
GPP,3803,130,103423
GPP,3804,130,103450
GPP,3805,130,103478
GPP,3806,130,103506
GPP,3807,130,103533
GPP,3808,130,103559
GPP,3809,130,103586
GPP,3810,130,103614
GPP,3811,130,103641
GPP,3812,130,103668
GPP,3813,130,103697
GPP,3814,130,103723
GPP,3815,130,103751
GPP,3816,130,103777
GPP,3817,130,103805
GPP,3818,130,103833
GPP,3819,130,103861
GPP,3820,130,103889
GPP,3821,130,103916
GPP,3822,130,103943
GPP,3823,130,103971
GPP,3824,130,103998
GPP,3825,130,104027
GPP,3826,130,104054
GPP,3827,130,104082
GPP,3828,130,104109
GPP,3829,130,104135
GPP,3830,130,104163
GPP,3831,130,104190
GPP,3832,130,104217
GPP,3833,130,104244
GPP,3834,130,104272
GPP,3835,130,104300
GPP,3836,130,104328
GPP,3837,130,104356
GPP,3838,130,104382
GPP,3839,130,104408
GPP,3840,130,104437
GPP,3841,130,104464
GPP,3842,130,104491
GPP,3843,130,104520
GPP,3844,130,104546
GPP,3845,130,104574
GPP,3846,130,104600
GPP,3847,130,104628
GPP,3848,130,104656
GPP,3849,130,104683
GPP,3850,130,104710
GPP,3851,130,104737
GPP,3852,130,104765
GPP,3853,130,104792
GPP,3854,130,104819
GPP,3855,130,104847
GPP,3856,130,104874
GPP,3857,130,104903
GPP,3858,130,104930
GPP,3859,130,104956
GPP,3860,130,104984
GPP,3861,130,105011
GPP,3862,130,105038
GPP,3863,130,105065
GPP,3864,130,105092
GPP,3865,130,105119
GPP,3866,130,105147
GPP,3867,130,105174
GPP,3868,130,105201
GPP,3869,130,105227
GPP,3870,130,105256
GPP,3871,130,105283
GPP,3872,130,105310
GPP,3873,130,105338
GPP,3874,130,105366
GPP,3875,130,105393
GPP,3876,130,105419
GPP,3877,130,105447
GPP,3878,130,105474
GPP,3879,130,105501
GPP,3880,130,105528
GPP,3881,130,105556
GPP,3882,130,105581
GPP,3883,130,105609
GPP,3884,130,105638
GPP,3885,130,105665
GPP,3886,130,105692
GPP,3887,130,105719
GPP,3888,130,105748
GPP,3889,130,105774
GPP,3890,130,105801
GPP,3891,130,105830
GPP,3892,130,105858
GPP,3893,130,105884
GPP,3894,130,105912
GPP,3895,130,105939
GPP,3896,130,105967
GPP,3897,130,105996
GPP,3898,130,106022
GPP,3899,130,106048
GPP,3900,130,106077
GPP,3901,130,106104
GPP,3902,130,106132
GPP,3903,130,106159
GPP,3904,130,106186
GPP,3905,130,106214
GPP,3906,130,106240
GPP,3907,130,106267
GPP,3908,130,106295
GPP,3909,130,106322
GPP,3910,130,106349
GPP,3911,130,106376
GPP,3912,130,106402
GPP,3913,130,106429
GPP,3914,130,106456
GPP,3915,130,106484
GPP,3916,130,106511
GPP,3917,130,106537
GPP,3918,130,106564
GPP,3919,130,106592
GPP,3920,130,106619
GPP,3921,130,106647
GPP,3922,130,106674
GPP,3923,130,106702
GPP,3924,130,106729
GPP,3925,130,106757
GPP,3926,130,106783
GPP,3927,130,106809
GPP,3928,130,106838
GPP,3929,130,106864
GPP,3930,130,106892
GPP,3931,130,106920
GPP,3932,130,106947
GPP,3933,130,106975
GPP,3934,130,107001
GPP,3935,130,107028
GPP,3936,130,107055
GPP,3937,130,107082
GPP,3938,130,107109
GPP,3939,130,107136
GPP,3940,130,107163
GPP,3941,130,107190
GPP,3942,130,107219
GPP,3943,130,107245
GPP,3944,130,107272
GPP,3945,130,107298
GPP,3946,130,107326
GPP,3947,130,107351
GPP,3948,130,107380
GPP,3949,130,107406
GPP,3950,130,107433
GPP,3951,130,107456
GPP,3952,130,107487
GPP,3953,130,107519
GPP,3954,130,107534
GPP,3955,130,107566
GPP,3956,130,107597
GPP,3957,130,107613
GPP,3958,130,107644
GPP,3959,130,107676
GPP,3960,130,107707
GPP,3961,130,107723
GPP,3962,130,107754
GPP,3963,130,107785
GPP,3964,130,107801
GPP,3965,130,107832
GPP,3966,130,107864
GPP,3967,130,107895
GPP,3968,130,107911
GPP,3969,130,107942
GPP,3970,130,107974
GPP,3971,130,108005
GPP,3972,130,108021
GPP,3973,130,108052
GPP,3974,130,108084
GPP,3975,130,108115
GPP,3976,130,108131
GPP,3977,130,108162
GPP,3978,130,108194
GPP,3979,130,108225
GPP,3980,130,108241
GPP,3981,130,108272
GPP,3982,130,108304
GPP,3983,130,108335
GPP,3984,130,108359
GPP,3985,130,108382
GPP,3986,130,108414
GPP,3987,130,108445
GPP,3988,130,108461
GPP,3989,130,108492
GPP,3990,130,108524
GPP,3991,130,108539
GPP,3992,130,108571
GPP,3993,130,108602
GPP,3994,130,108634
GPP,3995,130,108649
GPP,3996,130,108681
GPP,3997,130,108712
GPP,3998,130,108743
GPP,3999,130,108759
GPP,4000,130,108790
GPP,4001,130,108822
GPP,4002,130,108853
GPP,4003,130,108869
GPP,4004,130,108900
GPP,4005,130,108932
GPP,4006,130,108947
GPP,4007,130,108979
GPP,4008,130,109010
GPP,4009,130,109042
GPP,4010,130,109057
GPP,4011,130,109089
GPP,4012,130,109120
GPP,4013,130,109136
GPP,4014,130,109167
GPP,4015,130,109199
GPP,4016,130,109230
GPP,4017,130,109246
GPP,4018,130,109278
GPP,4019,130,109309
GPP,4020,130,109325
GPP,4021,130,109356
GPP,4022,130,109388
GPP,4023,130,109419
GPP,4024,130,109435
GPP,4025,130,109466
GPP,4026,130,109498
GPP,4027,130,109529
GPP,4028,130,109545
GPP,4029,130,109576
GPP,4030,130,109608
GPP,4031,130,109639
GPP,4032,130,109655
GPP,4033,130,109686
GPP,4034,130,109718
GPP,4035,130,109749
GPP,4036,130,109765
GPP,4037,130,109796
GPP,4038,130,109827
GPP,4039,130,109859
GPP,4040,130,109874
GPP,4041,130,109906
GPP,4042,130,109937
GPP,4043,130,109969
GPP,4044,130,109985
GPP,4045,130,110016
GPP,4046,130,110047
GPP,4047,130,110079
GPP,4048,130,110094
GPP,4049,130,110126
GPP,4050,130,110157
GPP,4051,130,110189
GPP,4052,130,110204
GPP,4053,130,110235
GPP,4054,130,110267
GPP,4055,130,110282
GPP,4056,130,110314
GPP,4057,130,110345
GPP,4058,130,110377
GPP,4059,130,110392
GPP,4060,130,110424
GPP,4061,130,110455
GPP,4062,130,110486
GPP,4063,130,110502
GPP,4064,130,110533
GPP,4065,130,110565
GPP,4066,130,110581
GPP,4067,130,110612
GPP,4068,130,110643
GPP,4069,130,110675
GPP,4070,130,110691
GPP,4071,130,110722
GPP,4072,130,110753
GPP,4073,130,110785
GPP,4074,130,110800
GPP,4075,130,110832
GPP,4076,130,110863
GPP,4077,130,110879
GPP,4078,130,110910
GPP,4079,130,110942
GPP,4080,130,110973
GPP,4081,130,110989
GPP,4082,130,111020
GPP,4083,130,111051
GPP,4084,130,111083
GPP,4085,130,111098
GPP,4086,130,111130
GPP,4087,130,111161
GPP,4088,130,111193
GPP,4089,130,111208
GPP,4090,130,111240
GPP,4091,130,111271
GPP,4092,130,111287
GPP,4093,130,111318
GPP,4094,130,111350
GPP,4095,130,111381
GPP,4096,130,111397
GPP,4097,130,111428
GPP,4098,130,111459
GPP,4099,130,111491
GPP,4100,130,111507
GPP,4101,130,111538
GPP,4102,130,111569
GPP,4103,130,111585
GPP,4104,130,111616
GPP,4105,130,111648
GPP,4106,130,111679
GPP,4107,130,111695
GPP,4108,130,111726
GPP,4109,130,111758
GPP,4110,130,111789
GPP,4111,130,111805
GPP,4112,130,111836
GPP,4113,130,111868
GPP,4114,130,111883
GPP,4115,130,111915
GPP,4116,130,111946
GPP,4117,130,111978
GPP,4118,130,111993
GPP,4119,130,112025
GPP,4120,130,112056
GPP,4121,130,112088
GPP,4122,130,112103
GPP,4123,130,112135
GPP,4124,130,112166
GPP,4125,130,112182
GPP,4126,130,112213
GPP,4127,130,112245
GPP,4128,130,112276
GPP,4129,130,112307
GPP,4130,130,112323
GPP,4131,130,112354
GPP,4132,130,112386
GPP,4133,130,112401
GPP,4134,130,112441
GPP,4135,130,112464
GPP,4136,130,112496
GPP,4137,130,112511
GPP,4138,130,112543
GPP,4139,130,112574
GPP,4140,130,112605
GPP,4141,130,112621
GPP,4142,130,112652
GPP,4143,130,112684
GPP,4144,130,112715
GPP,4145,130,112731
GPP,4146,130,112762
GPP,4147,130,112794
GPP,4148,130,112809
GPP,4149,130,112841
GPP,4150,130,112872
GPP,4151,130,112904
GPP,4152,130,112919
GPP,4153,130,112951
GPP,4154,130,112982
GPP,4155,130,112998
GPP,4156,130,113029
GPP,4157,130,113061
GPP,4158,130,113092
GPP,4159,130,113108
GPP,4160,130,113139
GPP,4161,130,113171
GPP,4162,130,113202
GPP,4163,130,113218
GPP,4164,130,113249
GPP,4165,130,113281
GPP,4166,130,113312
GPP,4167,130,113328
GPP,4168,130,113359
GPP,4169,130,113390
GPP,4170,130,113406
GPP,4171,130,113437
GPP,4172,130,113469
GPP,4173,130,113500
GPP,4174,130,113516
GPP,4175,130,113547
GPP,4176,130,113579
GPP,4177,130,113610
GPP,4178,130,113626
GPP,4179,130,113657
GPP,4180,130,113689
GPP,4181,130,113720
GPP,4182,130,113736
GPP,4183,130,113767
GPP,4184,130,113802
GPP,4185,130,113815
GPP,4186,130,113846
GPP,4187,130,113877
GPP,4188,130,113909
GPP,4189,130,113924
GPP,4190,130,113956
GPP,4191,130,113987
GPP,4192,130,114018
GPP,4193,130,114034
GPP,4194,130,114066
GPP,4195,130,114097
GPP,4196,130,114128
GPP,4197,130,114144
GPP,4198,130,114175
GPP,4199,130,114207
GPP,4200,130,114238
GPP,4201,130,114254
GPP,4202,130,114285
GPP,4203,130,114316
GPP,4204,130,114348
GPP,4205,130,114364
GPP,4206,130,114395
GPP,4207,130,114427
GPP,4208,130,114458
GPP,4209,130,114474
GPP,4210,130,114505
GPP,4211,130,114541
GPP,4212,130,114568
GPP,4213,130,114584
GPP,4214,130,114615
GPP,4215,130,114646
GPP,4216,130,114678
GPP,4217,130,114694
GPP,4218,130,114725
GPP,4219,130,114757
GPP,4220,130,114788
GPP,4221,130,114804
GPP,4222,130,114835
GPP,4223,130,114866
GPP,4224,130,114882
GPP,4225,130,114913
GPP,4226,130,114945
GPP,4227,130,114976
GPP,4228,130,114992
GPP,4229,130,115023
GPP,4230,130,115055
GPP,4231,130,115086
GPP,4232,130,115102
GPP,4233,130,115133
GPP,4234,130,115170
GPP,4235,130,115196
GPP,4236,130,115212
GPP,4237,130,115243
GPP,4238,130,115274
GPP,4239,130,115306
GPP,4240,130,115321
GPP,4241,130,115353
GPP,4242,130,115384
GPP,4243,130,115416
GPP,4244,130,115432
GPP,4245,130,115463
GPP,4246,130,115494
GPP,4247,130,115510
GPP,4248,130,115542
GPP,4249,130,115573
GPP,4250,130,115604
GPP,4251,130,115636
GPP,4252,130,115652
GPP,4253,130,115683
GPP,4254,130,115715
GPP,4255,130,115746
GPP,4256,130,115762
GPP,4257,130,115793
GPP,4258,130,115825
GPP,4259,130,115856
GPP,4260,130,115872
GPP,4261,130,115903
GPP,4262,130,115934
GPP,4263,130,115966
GPP,4264,130,115981
GPP,4265,130,116013
GPP,4266,130,116044
GPP,4267,130,116060
GPP,4268,130,116091
GPP,4269,130,116123
GPP,4270,130,116154
GPP,4271,130,116186
GPP,4272,130,116201
GPP,4273,130,116233
GPP,4274,130,116264
GPP,4275,130,116280
GPP,4276,130,116311
GPP,4277,130,116343
GPP,4278,130,116374
GPP,4279,130,116405
GPP,4280,130,116421
GPP,4281,130,116452
GPP,4282,130,116484
GPP,4283,130,116515
GPP,4284,130,116539
GPP,4285,130,116562
GPP,4286,130,116594
GPP,4287,130,116610
GPP,4288,130,116641
GPP,4289,130,116673
GPP,4290,130,116704
GPP,4291,130,116735
GPP,4292,130,116751
GPP,4293,130,116783
GPP,4294,130,116814
GPP,4295,130,116846
GPP,4296,130,116861
GPP,4297,130,116893
GPP,4298,130,116924
GPP,4299,130,116956
GPP,4300,130,116987
GPP,4301,130,117003
GPP,4302,130,117034
GPP,4303,130,117066
GPP,4304,130,117081
GPP,4305,130,117113
GPP,4306,130,117144
GPP,4307,130,117175
GPP,4308,130,117191
GPP,4309,130,117222
GPP,4310,130,117254
GPP,4311,130,117270
GPP,4312,130,117301
GPP,4313,130,117333
GPP,4314,130,117364
GPP,4315,130,117380
GPP,4316,130,117411
GPP,4317,130,117442
GPP,4318,130,117474
GPP,4319,130,117489
GPP,4320,130,117521
GPP,4321,130,117552
GPP,4322,130,117583
GPP,4323,130,117599
GPP,4324,130,117631
GPP,4325,130,117662
GPP,4326,130,117694
GPP,4327,130,117709
GPP,4328,130,117741
GPP,4329,130,117772
GPP,4330,130,117803
GPP,4331,130,117819
GPP,4332,130,117850
GPP,4333,130,117882
GPP,4334,130,117913
GPP,4335,130,117929
GPP,4336,130,117960
GPP,4337,130,117992
GPP,4338,130,118007
GPP,4339,130,118039
GPP,4340,130,118070
GPP,4341,130,118102
GPP,4342,130,118117
GPP,4343,130,118149
GPP,4344,130,118180
GPP,4345,130,118212
GPP,4346,130,118227
GPP,4347,130,118259
GPP,4348,130,118290
GPP,4349,130,118322
GPP,4350,130,118337
GPP,4351,130,118369
GPP,4352,130,118400
GPP,4353,130,118416
GPP,4354,130,118447
GPP,4355,130,118479
GPP,4356,130,118510
GPP,4357,130,118542
GPP,4358,130,118563
GPP,4359,130,118588
GPP,4360,130,118620
GPP,4361,130,118651
GPP,4362,130,118667
GPP,4363,130,118698
GPP,4364,130,118730
GPP,4365,130,118761
GPP,4366,130,118777
GPP,4367,130,118808
GPP,4368,130,118840
GPP,4369,130,118871
GPP,4370,130,118887
GPP,4371,130,118918
GPP,4372,130,118950
GPP,4373,130,118981
GPP,4374,130,118997
GPP,4375,130,119028
GPP,4376,130,119060
GPP,4377,130,119091
GPP,4378,130,119107
GPP,4379,130,119138
GPP,4380,130,119170
GPP,4381,130,119185
GPP,4382,130,119217
GPP,4383,130,119253
GPP,4384,130,119279
GPP,4385,130,119295
GPP,4386,130,119327
GPP,4387,130,119358
GPP,4388,130,119374
GPP,4389,130,119405
GPP,4390,130,119436
GPP,4391,130,119468
GPP,4392,130,119484
GPP,4393,130,119515
GPP,4394,130,119552
GPP,4395,130,119578
GPP,4396,130,119593
GPP,4397,130,119625
GPP,4398,130,119656
GPP,4399,130,119688
GPP,4400,130,119704
GPP,4401,130,119735
GPP,4402,130,119766
GPP,4403,130,119798
GPP,4404,130,119813
GPP,4405,130,119845
GPP,4406,130,119876
GPP,4407,130,119907
GPP,4408,130,119923
GPP,4409,130,119955
GPP,4410,130,119986
GPP,4411,130,120017
GPP,4412,130,120033
GPP,4413,130,120064
GPP,4414,130,120096
GPP,4415,130,120112
GPP,4416,130,120143
GPP,4417,130,120175
GPP,4418,130,120206
GPP,4419,130,120222
GPP,4420,130,120253
GPP,4421,130,120285
GPP,4422,130,120316
GPP,4423,130,120332
GPP,4424,130,120363
GPP,4425,130,120395
GPP,4426,130,120426
GPP,4427,130,120442
GPP,4428,130,120473
GPP,4429,130,120505
GPP,4430,130,120536
GPP,4431,130,120552
GPP,4432,130,120583
GPP,4433,130,120617
GPP,4434,130,120646
GPP,4435,130,120661
GPP,4436,130,120693
GPP,4437,130,120724
GPP,4438,130,120756
GPP,4439,130,120771
GPP,4440,130,120803
GPP,4441,130,120834
GPP,4442,130,120850
GPP,4443,130,120881
GPP,4444,130,120913
GPP,4445,130,120944
GPP,4446,130,120960
GPP,4447,130,120991
GPP,4448,130,121023
GPP,4449,130,121054
GPP,4450,130,121070
GPP,4451,130,121101
GPP,4452,130,121132
GPP,4453,130,121164
GPP,4454,130,121179
GPP,4455,130,121211
GPP,4456,130,121242
GPP,4457,130,121258
GPP,4458,130,121289
GPP,4459,130,121321
GPP,4460,130,121352
GPP,4461,130,121368
GPP,4462,130,121399
GPP,4463,130,121431
GPP,4464,130,121462
GPP,4465,130,121478
GPP,4466,130,121509
GPP,4467,130,121541
GPP,4468,130,121556
GPP,4469,130,121588
GPP,4470,130,121619
GPP,4471,130,121650
GPP,4472,130,121666
GPP,4473,130,121697
GPP,4474,130,121729
GPP,4475,130,121760
GPP,4476,130,121776
GPP,4477,130,121807
GPP,4478,130,121839
GPP,4479,130,121870
GPP,4480,130,121886
GPP,4481,130,121917
GPP,4482,130,121949
GPP,4483,130,121981
GPP,4484,130,121996
GPP,4485,130,122027
GPP,4486,130,122059
GPP,4487,130,122090
GPP,4488,130,122106
GPP,4489,130,122137
GPP,4490,130,122169
GPP,4491,130,122200
GPP,4492,130,122216
GPP,4493,130,122247
GPP,4494,130,122279
GPP,4495,130,122310
GPP,4496,130,122326
GPP,4497,130,122357
GPP,4498,130,122389
GPP,4499,130,122420
GPP,4500,130,122436
GPP,4501,130,122467
GPP,4502,130,122499
GPP,4503,130,122530
GPP,4504,130,122561
GPP,4505,130,122577
GPP,4506,130,122609
GPP,4507,130,122642
GPP,4508,130,122672
GPP,4509,130,122688
GPP,4510,130,122719
GPP,4511,130,122750
GPP,4512,130,122782
GPP,4513,130,122797
GPP,4514,130,122829
GPP,4515,130,122860
GPP,4516,130,122876
GPP,4517,130,122908
GPP,4518,130,122939
GPP,4519,130,122970
GPP,4520,130,122986
GPP,4521,130,123018
GPP,4522,130,123049
GPP,4523,130,123065
GPP,4524,130,123096
GPP,4525,130,123127
GPP,4526,130,123159
GPP,4527,130,123175
GPP,4528,130,123206
GPP,4529,130,123238
GPP,4530,130,123253
GPP,4531,130,123285
GPP,4532,130,123316
GPP,4533,130,123349
GPP,4534,130,123363
GPP,4535,130,123394
GPP,4536,130,123426
GPP,4537,130,123457
GPP,4538,130,123473
GPP,4539,130,123504
GPP,4540,130,123536
GPP,4541,130,123552
GPP,4542,130,123583
GPP,4543,130,123614
GPP,4544,130,123646
GPP,4545,130,123661
GPP,4546,130,123693
GPP,4547,130,123724
GPP,4548,130,123756
GPP,4549,130,123771
GPP,4550,130,123803
GPP,4551,130,123834
GPP,4552,130,123850
GPP,4553,130,123881
GPP,4554,130,123913
GPP,4555,130,123944
GPP,4556,130,123960
GPP,4557,130,123991
GPP,4558,130,124023
GPP,4559,130,124054
GPP,4560,130,124070
GPP,4561,130,124101
GPP,4562,130,124133
GPP,4563,130,124148
GPP,4564,130,124180
GPP,4565,130,124211
GPP,4566,130,124243
GPP,4567,130,124258
GPP,4568,130,124290
GPP,4569,130,124321
GPP,4570,130,124353
GPP,4571,130,124368
GPP,4572,130,124400
GPP,4573,130,124431
GPP,4574,130,124447
GPP,4575,130,124478
GPP,4576,130,124509
GPP,4577,130,124541
GPP,4578,130,124565
GPP,4579,130,124588
GPP,4580,130,124619
GPP,4581,130,124651
GPP,4582,130,124666
GPP,4583,130,124698
GPP,4584,130,124729
GPP,4585,130,124745
GPP,4586,130,124776
GPP,4587,130,124808
GPP,4588,130,124839
GPP,4589,130,124855
GPP,4590,130,124886
GPP,4591,130,124918
GPP,4592,130,124934
GPP,4593,130,124965
GPP,4594,130,124997
GPP,4595,130,125028
GPP,4596,130,125044
GPP,4597,130,125075
GPP,4598,130,125107
GPP,4599,130,125138
GPP,4600,130,125154
GPP,4601,130,125185
GPP,4602,130,125217
GPP,4603,130,125232
GPP,4604,130,125264
GPP,4605,130,125295
GPP,4606,130,125327
GPP,4607,130,125342
GPP,4608,130,125374
GPP,4609,130,125405
GPP,4610,130,125421
GPP,4611,130,125452
GPP,4612,130,125484
GPP,4613,130,125515
GPP,4614,130,125531
GPP,4615,130,125562
GPP,4616,130,125594
GPP,4617,130,125609
GPP,4618,130,125641
GPP,4619,130,125672
GPP,4620,130,125704
GPP,4621,130,125719
GPP,4622,130,125751
GPP,4623,130,125782
GPP,4624,130,125798
GPP,4625,130,125829
GPP,4626,130,125861
GPP,4627,130,125892
GPP,4628,130,125908
GPP,4629,130,125939
GPP,4630,130,125971
GPP,4631,130,125986
GPP,4632,130,126018
GPP,4633,130,126049
GPP,4634,130,126073
GPP,4635,130,126096
GPP,4636,130,126128
GPP,4637,130,126159
GPP,4638,130,126175
GPP,4639,130,126214
GPP,4640,130,126238
GPP,4641,130,126269
GPP,4642,130,126285
GPP,4643,130,126316
GPP,4644,130,126348
GPP,4645,130,126379
GPP,4646,130,126395
GPP,4647,130,126426
GPP,4648,130,126457
GPP,4649,130,126473
GPP,4650,130,126505
GPP,4651,130,126536
GPP,4652,130,126568
GPP,4653,130,126583
GPP,4654,130,126615
GPP,4655,130,126646
GPP,4656,130,126662
GPP,4657,130,126693
GPP,4658,130,126725
GPP,4659,130,126756
GPP,4660,130,126772
GPP,4661,130,126803
GPP,4662,130,126835
GPP,4663,130,126850
GPP,4664,130,126882
GPP,4665,130,126913
GPP,4666,130,126945
GPP,4667,130,126960
GPP,4668,130,126992
GPP,4669,130,127023
GPP,4670,130,127039
GPP,4671,130,127070
GPP,4672,130,127102
GPP,4673,130,127133
GPP,4674,130,127149
GPP,4675,130,127180
GPP,4676,130,127212
GPP,4677,130,127227
GPP,4678,130,127259
GPP,4679,130,127290
GPP,4680,130,127322
GPP,4681,130,127338
GPP,4682,130,127369
GPP,4683,130,127401
GPP,4684,130,127416
GPP,4685,130,127448
GPP,4686,130,127479
GPP,4687,130,127510
GPP,4688,130,127526
GPP,4689,130,127558
GPP,4690,130,127589
GPP,4691,130,127620
GPP,4692,130,127636
GPP,4693,130,127668
GPP,4694,130,127699
GPP,4695,130,127715
GPP,4696,130,127746
GPP,4697,130,127778
GPP,4698,130,127809
GPP,4699,130,127825
GPP,4700,130,127856
GPP,4701,130,127887
GPP,4702,130,127903
GPP,4703,130,127934
GPP,4704,130,127966
GPP,4705,130,127997
GPP,4706,130,128013
GPP,4707,130,128044
GPP,4708,130,128076
GPP,4709,130,128107
GPP,4710,130,128123
GPP,4711,130,128154
GPP,4712,130,128186
GPP,4713,130,128201
GPP,4714,130,128233
GPP,4715,130,128264
GPP,4716,130,128296
GPP,4717,130,128311
GPP,4718,130,128343
GPP,4719,130,128374
GPP,4720,130,128406
GPP,4721,130,128421
GPP,4722,130,128453
GPP,4723,130,128484
GPP,4724,130,128500
GPP,4725,130,128531
GPP,4726,130,128563
GPP,4727,130,128594
GPP,4728,130,128610
GPP,4729,130,128641
GPP,4730,130,128673
GPP,4731,130,128704
GPP,4732,130,128720
GPP,4733,130,128751
GPP,4734,130,128782
GPP,4735,130,128814
GPP,4736,130,128829
GPP,4737,130,128861
GPP,4738,130,128892
GPP,4739,130,128924
GPP,4740,130,128939
GPP,4741,130,128971
GPP,4742,130,129002
GPP,4743,130,129018
GPP,4744,130,129049
GPP,4745,130,129081
GPP,4746,130,129112
GPP,4747,130,129128
GPP,4748,130,129159
GPP,4749,130,129191
GPP,4750,130,129222
GPP,4751,130,129238
GPP,4752,130,129269
GPP,4753,130,129300
GPP,4754,130,129316
GPP,4755,130,129348
GPP,4756,130,129379
GPP,4757,130,129410
GPP,4758,130,129426
GPP,4759,130,129458
GPP,4760,130,129489
GPP,4761,130,129505
GPP,4762,130,129536
GPP,4763,130,129574
GPP,4764,130,129599
GPP,4765,130,129614
GPP,4766,130,129646
GPP,4767,130,129677
GPP,4768,130,129709
GPP,4769,130,129724
GPP,4770,130,129756
GPP,4771,130,129787
GPP,4772,130,129803
GPP,4773,130,129834
GPP,4774,130,129866
GPP,4775,130,129897
GPP,4776,130,129913
GPP,4777,130,129944
GPP,4778,130,129976
GPP,4779,130,129991
GPP,4780,130,130023
GPP,4781,130,130054
GPP,4782,130,130085
GPP,4783,130,130101
GPP,4784,130,130133
GPP,4785,130,130166
GPP,4786,130,130180
GPP,4787,130,130211
GPP,4788,130,130243
GPP,4789,130,130274
GPP,4790,130,130290
GPP,4791,130,130321
GPP,4792,130,130352
GPP,4793,130,130384
GPP,4794,130,130399
GPP,4795,130,130431
GPP,4796,130,130462
GPP,4797,130,130478
GPP,4798,130,130510
GPP,4799,130,130541
GPP,4800,130,130572
GPP,4801,130,130588
GPP,4802,130,130619
GPP,4803,130,130651
GPP,4804,130,130682
GPP,4805,130,130698
GPP,4806,130,130729
GPP,4807,130,130761
GPP,4808,130,130792
GPP,4809,130,130808
GPP,4810,130,130839
GPP,4811,130,130871
GPP,4812,130,130886
GPP,4813,130,130918
GPP,4814,130,130949
GPP,4815,130,130980
GPP,4816,130,130996
GPP,4817,130,131028
GPP,4818,130,131059
GPP,4819,130,131090
GPP,4820,130,131106
GPP,4821,130,131138
GPP,4822,130,131169
GPP,4823,130,131201
GPP,4824,130,131216
GPP,4825,130,131248
GPP,4826,130,131279
GPP,4827,130,131310
GPP,4828,130,131326
GPP,4829,130,131357
GPP,4830,130,131389
GPP,4831,130,131404
GPP,4832,130,131436
GPP,4833,130,131467
GPP,4834,130,131499
GPP,4835,130,131523
GPP,4836,130,131546
GPP,4837,130,131577
GPP,4838,130,131608
GPP,4839,130,131624
GPP,4840,130,131656
GPP,4841,130,131687
GPP,4842,130,131719
GPP,4843,130,131734
GPP,4844,130,131766
GPP,4845,130,131797
GPP,4846,130,131813
GPP,4847,130,131844
GPP,4848,130,131876
GPP,4849,130,131907
GPP,4850,130,131923
GPP,4851,130,131954
GPP,4852,130,131986
GPP,4853,130,132002
GPP,4854,130,132033
GPP,4855,130,132065
GPP,4856,130,132096
GPP,4857,130,132112
GPP,4858,130,132143
GPP,4859,130,132175
GPP,4860,130,132190
GPP,4861,130,132222
GPP,4862,130,132253
GPP,4863,130,132285
GPP,4864,130,132300
GPP,4865,130,132332
GPP,4866,130,132363
GPP,4867,130,132394
GPP,4868,130,132410
GPP,4869,130,132441
GPP,4870,130,132473
GPP,4871,130,132504
GPP,4872,130,132520
GPP,4873,130,132551
GPP,4874,130,132583
GPP,4875,130,132614
GPP,4876,130,132630
GPP,4877,130,132662
GPP,4878,130,132693
GPP,4879,130,132724
GPP,4880,130,132740
GPP,4881,130,132771
GPP,4882,130,132803
GPP,4883,130,132819
GPP,4884,130,132850
GPP,4885,130,132888
GPP,4886,130,132913
GPP,4887,130,132928
GPP,4888,130,132960
GPP,4889,130,132991
GPP,4890,130,133023
GPP,4891,130,133054
GPP,4892,130,133070
GPP,4893,130,133101
GPP,4894,130,133133
GPP,4895,130,133148
GPP,4896,130,133180
GPP,4897,130,133211
GPP,4898,130,133243
GPP,4899,130,133258
GPP,4900,130,133290
GPP,4901,130,133321
GPP,4902,130,133352
GPP,4903,130,133368
GPP,4904,130,133400
GPP,4905,130,133431
GPP,4906,130,133447
GPP,4907,130,133478
GPP,4908,130,133509
GPP,4909,130,133541
GPP,4910,130,133556
GPP,4911,130,133588
GPP,4912,130,133619
GPP,4913,130,133651
GPP,4914,130,133666
GPP,4915,130,133698
GPP,4916,130,133729
GPP,4917,130,133761
GPP,4918,130,133776
GPP,4919,130,133808
GPP,4920,130,133839
GPP,4921,130,133871
GPP,4922,130,133886
GPP,4923,130,133918
GPP,4924,130,133949
GPP,4925,130,133980
GPP,4926,130,133996
GPP,4927,130,134027
GPP,4928,130,134059
GPP,4929,130,134075
GPP,4930,130,134106
GPP,4931,130,134137
GPP,4932,130,134169
GPP,4933,130,134185
GPP,4934,130,134216
GPP,4935,130,134251
GPP,4936,130,134263
GPP,4937,130,134295
GPP,4938,130,134326
GPP,4939,130,134358
GPP,4940,130,134389
GPP,4941,130,134405
GPP,4942,130,134436
GPP,4943,130,134467
GPP,4944,130,134483
GPP,4945,130,134514
GPP,4946,130,134546
GPP,4947,130,134579
GPP,4948,130,134593
GPP,4949,130,134624
GPP,4950,130,134656
GPP,4951,130,134687
GPP,4952,130,134703
GPP,4953,130,134735
GPP,4954,130,134766
GPP,4955,130,134782
GPP,4956,130,134813
GPP,4957,130,134844
GPP,4958,130,134876
GPP,4959,130,134891
GPP,4960,130,134923
GPP,4961,130,134954
GPP,4962,130,134970
GPP,4963,130,135001
GPP,4964,130,135033
GPP,4965,130,135064
GPP,4966,130,135080
GPP,4967,130,135111
GPP,4968,130,135143
GPP,4969,130,135174
GPP,4970,130,135190
GPP,4971,130,135221
GPP,4972,130,135253
GPP,4973,130,135268
GPP,4974,130,135300
GPP,4975,130,135331
GPP,4976,130,135363
GPP,4977,130,135378
GPP,4978,130,135410
GPP,4979,130,135441
GPP,4980,130,135457
GPP,4981,130,135488
GPP,4982,130,135520
GPP,4983,130,135551
GPP,4984,130,135567
GPP,4985,130,135599
GPP,4986,130,135630
GPP,4987,130,135646
GPP,4988,130,135677
GPP,4989,130,135709
GPP,4990,130,135740
GPP,4991,130,135756
GPP,4992,130,135787
GPP,4993,130,135819
GPP,4994,130,135834
GPP,4995,130,135866
GPP,4996,130,135897
GPP,4997,130,135928
GPP,4998,130,135944
GPP,4999,130,135976
QAP,0,908,0
QAP,1,896,47
QAP,2,892,109
QAP,3,892,156
QAP,4,892,203
QAP,5,892,251
QAP,6,868,298
QAP,7,868,345
QAP,8,868,392
QAP,9,868,439
QAP,10,868,486
QAP,11,868,534
QAP,12,868,596
QAP,13,868,644
QAP,14,868,691
QAP,15,868,738
QAP,16,864,785
QAP,17,864,832
QAP,18,864,879
QAP,19,864,926
QAP,20,864,973
QAP,21,856,1020
QAP,22,856,1067
QAP,23,856,1114
QAP,24,856,1162
QAP,25,856,1209
QAP,26,856,1256
QAP,27,856,1319
QAP,28,856,1366
QAP,29,856,1413
QAP,30,856,1460
QAP,31,856,1507
QAP,32,856,1554
QAP,33,856,1601
QAP,34,856,1649
QAP,35,856,1696
QAP,36,856,1743
QAP,37,848,1790
QAP,38,848,1837
QAP,39,848,1884
QAP,40,848,1947
QAP,41,848,1994
QAP,42,848,2041
QAP,43,848,2088
QAP,44,848,2136
QAP,45,848,2183
QAP,46,848,2230
QAP,47,848,2277
QAP,48,828,2324
QAP,49,828,2371
QAP,50,828,2418
QAP,51,828,2481
QAP,52,828,2528
QAP,53,828,2575
QAP,54,828,2622
QAP,55,828,2669
QAP,56,828,2717
QAP,57,828,2764
QAP,58,828,2811
QAP,59,828,2858
QAP,60,828,2905
QAP,61,828,2952
QAP,62,828,2999
QAP,63,828,3046
QAP,64,828,3094
QAP,65,828,3156
QAP,66,828,3203
QAP,67,828,3250
QAP,68,828,3297
QAP,69,828,3344
QAP,70,828,3392
QAP,71,828,3439
QAP,72,828,3486
QAP,73,820,3533
QAP,74,816,3580
QAP,75,816,3627
QAP,76,816,3689
QAP,77,816,3736
QAP,78,816,3783
QAP,79,816,3831
QAP,80,816,3878
QAP,81,816,3925
QAP,82,816,3972
QAP,83,816,4019
QAP,84,816,4066
QAP,85,816,4113
QAP,86,816,4161
QAP,87,812,4208
QAP,88,812,4255
QAP,89,812,4302
QAP,90,812,4365
QAP,91,812,4412
QAP,92,784,4459
QAP,93,784,4506
QAP,94,784,4553
QAP,95,784,4600
QAP,96,784,4648
QAP,97,784,4695
QAP,98,784,4742
QAP,99,784,4789
QAP,100,784,4836
QAP,101,784,4883
QAP,102,784,4946
QAP,103,784,4993
QAP,104,780,5040
QAP,105,780,5087
QAP,106,780,5134
QAP,107,780,5181
QAP,108,780,5229
QAP,109,776,5276
QAP,110,776,5323
QAP,111,776,5370
QAP,112,768,5417
QAP,113,768,5464
QAP,114,764,5511
QAP,115,764,5559
QAP,116,764,5621
QAP,117,764,5669
QAP,118,764,5716
QAP,119,764,5763
QAP,120,764,5810
QAP,121,752,5857
QAP,122,752,5904
QAP,123,752,5951
QAP,124,752,5998
QAP,125,752,6045
QAP,126,752,6092
QAP,127,752,6139
QAP,128,752,6186
QAP,129,748,6233
QAP,130,748,6296
QAP,131,748,6343
QAP,132,748,6390
QAP,133,748,6438
QAP,134,748,6485
QAP,135,740,6532
QAP,136,740,6579
QAP,137,740,6627
QAP,138,732,6674
QAP,139,732,6721
QAP,140,732,6768
QAP,141,732,6815
QAP,142,732,6878
QAP,143,732,6925
QAP,144,732,6972
QAP,145,732,7019
QAP,146,732,7066
QAP,147,732,7113
QAP,148,732,7160
QAP,149,732,7207
QAP,150,732,7254
QAP,151,732,7302
QAP,152,724,7349
QAP,153,724,7396
QAP,154,724,7443
QAP,155,724,7490
QAP,156,724,7537
QAP,157,724,7584
QAP,158,724,7647
QAP,159,724,7694
QAP,160,724,7741
QAP,161,724,7789
QAP,162,708,7836
QAP,163,708,7883
QAP,164,708,7930
QAP,165,708,7977
QAP,166,708,8024
QAP,167,708,8071
QAP,168,696,8118
QAP,169,684,8165
QAP,170,684,8212
QAP,171,684,8259
QAP,172,672,8307
QAP,173,672,8354
QAP,174,672,8401
QAP,175,668,8448
QAP,176,668,8511
QAP,177,668,8558
QAP,178,660,8605
QAP,179,660,8652
QAP,180,660,8699
QAP,181,660,8747
QAP,182,656,8794
QAP,183,656,8841
QAP,184,656,8888
QAP,185,656,8936
QAP,186,656,8983
QAP,187,644,9030
QAP,188,644,9092
QAP,189,644,9140
QAP,190,644,9187
QAP,191,644,9234
QAP,192,644,9281
QAP,193,644,9328
QAP,194,644,9375
QAP,195,644,9422
QAP,196,644,9469
QAP,197,644,9517
QAP,198,644,9565
QAP,199,644,9611
QAP,200,644,9658
QAP,201,644,9705
QAP,202,644,9768
QAP,203,644,9815
QAP,204,644,9862
QAP,205,644,9909
QAP,206,644,9956
QAP,207,640,10004
QAP,208,640,10051
QAP,209,640,10098
QAP,210,640,10145
QAP,211,640,10192
QAP,212,640,10239
QAP,213,640,10286
QAP,214,640,10333
QAP,215,636,10380
QAP,216,636,10427
QAP,217,636,10490
QAP,218,636,10538
QAP,219,636,10585
QAP,220,636,10632
QAP,221,636,10679
QAP,222,636,10726
QAP,223,636,10773
QAP,224,636,10821
QAP,225,636,10868
QAP,226,632,10915
QAP,227,632,10962
QAP,228,632,11009
QAP,229,632,11056
QAP,230,632,11104
QAP,231,632,11151
QAP,232,632,11198
QAP,233,612,11245
QAP,234,612,11292
QAP,235,612,11355
QAP,236,612,11402
QAP,237,612,11449
QAP,238,608,11496
QAP,239,608,11544
QAP,240,608,11591
QAP,241,608,11638
QAP,242,600,11685
QAP,243,600,11732
QAP,244,600,11779
QAP,245,600,11826
QAP,246,588,11873
QAP,247,588,11920
QAP,248,588,11967
QAP,249,588,12015
QAP,250,588,12062
QAP,251,588,12109
QAP,252,588,12156
QAP,253,588,12218
QAP,254,588,12266
QAP,255,588,12313
QAP,256,588,12360
QAP,257,584,12407
QAP,258,584,12454
QAP,259,584,12501
QAP,260,584,12548
QAP,261,576,12595
QAP,262,576,12642
QAP,263,576,12690
QAP,264,576,12737
QAP,265,576,12784
QAP,266,576,12831
QAP,267,576,12894
QAP,268,576,12941
QAP,269,576,12988
QAP,270,576,13035
QAP,271,576,13082
QAP,272,576,13129
QAP,273,576,13182
QAP,274,576,13223
QAP,275,576,13270
QAP,276,576,13318
QAP,277,576,13365
QAP,278,576,13412
QAP,279,568,13459
QAP,280,568,13506
QAP,281,568,13553
QAP,282,568,13616
QAP,283,568,13663
QAP,284,568,13710
QAP,285,568,13757
QAP,286,568,13805
QAP,287,568,13852
QAP,288,568,13899
QAP,289,568,13946
QAP,290,568,13993
QAP,291,560,14040
QAP,292,560,14088
QAP,293,560,14135
QAP,294,560,14182
QAP,295,560,14229
QAP,296,552,14276
QAP,297,552,14323
QAP,298,552,14370
QAP,299,552,14417
QAP,300,548,14464
QAP,301,548,14527
QAP,302,548,14574
QAP,303,548,14621
QAP,304,548,14668
QAP,305,524,14716
QAP,306,524,14763
QAP,307,524,14810
QAP,308,524,14857
QAP,309,520,14904
QAP,310,520,14951
QAP,311,520,14998
QAP,312,520,15046
QAP,313,520,15093
QAP,314,520,15140
QAP,315,520,15187
QAP,316,520,15234
QAP,317,520,15281
QAP,318,520,15328
QAP,319,520,15375
QAP,320,520,15422
QAP,321,520,15469
QAP,322,520,15516
QAP,323,520,15564
QAP,324,496,15611
QAP,325,496,15658
QAP,326,496,15721
QAP,327,496,15768
QAP,328,496,15815
QAP,329,496,15862
QAP,330,496,15909
QAP,331,496,15956
QAP,332,496,16004
QAP,333,496,16051
QAP,334,496,16098
QAP,335,496,16145
QAP,336,496,16192
QAP,337,496,16239
QAP,338,484,16286
QAP,339,484,16334
QAP,340,484,16381
QAP,341,484,16428
QAP,342,484,16475
QAP,343,484,16522
QAP,344,484,16585
QAP,345,484,16632
QAP,346,484,16679
QAP,347,484,16727
QAP,348,484,16774
QAP,349,484,16821
QAP,350,484,16868
QAP,351,480,16915
QAP,352,480,16962
QAP,353,480,17009
QAP,354,480,17056
QAP,355,480,17103
QAP,356,480,17151
QAP,357,476,17198
QAP,358,476,17245
QAP,359,476,17292
QAP,360,476,17339
QAP,361,476,17386
QAP,362,476,17433
QAP,363,476,17496
QAP,364,476,17544
QAP,365,476,17591
QAP,366,476,17640
QAP,367,476,17686
QAP,368,476,17733
QAP,369,476,17780
QAP,370,476,17827
QAP,371,476,17875
QAP,372,468,17922
QAP,373,468,17969
QAP,374,468,18016
QAP,375,468,18063
QAP,376,468,18110
QAP,377,468,18157
QAP,378,468,18204
QAP,379,468,18251
QAP,380,468,18299
QAP,381,452,18346
QAP,382,452,18393
QAP,383,452,18440
QAP,384,452,18487
QAP,385,452,18534
QAP,386,452,18597
QAP,387,448,18644
QAP,388,448,18691
QAP,389,444,18738
QAP,390,444,18786
QAP,391,444,18833
QAP,392,444,18880
QAP,393,444,18927
QAP,394,444,18974
QAP,395,444,19021
QAP,396,444,19068
QAP,397,444,19115
QAP,398,444,19162
QAP,399,444,19210
QAP,400,444,19257
QAP,401,444,19304
QAP,402,444,19351
QAP,403,444,19398
QAP,404,444,19445
QAP,405,444,19492
QAP,406,444,19539
QAP,407,436,19586
QAP,408,436,19633
QAP,409,436,19681
QAP,410,436,19728
QAP,411,428,19775
QAP,412,428,19822
QAP,413,428,19869
QAP,414,428,19916
QAP,415,424,19963
QAP,416,424,20010
QAP,417,424,20073
QAP,418,424,20120
QAP,419,424,20167
QAP,420,424,20214
QAP,421,420,20261
QAP,422,420,20308
QAP,423,420,20356
QAP,424,420,20403
QAP,425,420,20450
QAP,426,420,20497
QAP,427,420,20544
QAP,428,420,20591
QAP,429,420,20644
QAP,430,420,20694
QAP,431,420,20742
QAP,432,420,20788
QAP,433,420,20838
QAP,434,420,20885
QAP,435,416,20933
QAP,436,416,20981
QAP,437,416,21028
QAP,438,416,21079
QAP,439,416,21126
QAP,440,416,21175
QAP,441,416,21223
QAP,442,416,21271
QAP,443,408,21320
QAP,444,408,21367
QAP,445,408,21415
QAP,446,408,21464
QAP,447,408,21512
QAP,448,408,21563
QAP,449,404,21610
QAP,450,404,21659
QAP,451,404,21708
QAP,452,404,21756
QAP,453,404,21805
QAP,454,400,21853
QAP,455,400,21900
QAP,456,400,21948
QAP,457,400,21995
QAP,458,400,22044
QAP,459,400,22091
QAP,460,400,22140
QAP,461,396,22189
QAP,462,396,22237
QAP,463,396,22284
QAP,464,388,22332
QAP,465,388,22380
QAP,466,388,22427
QAP,467,388,22474
QAP,468,388,22521
QAP,469,388,22572
QAP,470,388,22622
QAP,471,388,22670
QAP,472,388,22718
QAP,473,388,22766
QAP,474,388,22814
QAP,475,388,22861
QAP,476,388,22908
QAP,477,384,22958
QAP,478,380,23005
QAP,479,380,23054
QAP,480,380,23101
QAP,481,380,23150
QAP,482,380,23198
QAP,483,380,23245
QAP,484,380,23293
QAP,485,380,23341
QAP,486,380,23390
QAP,487,380,23436
QAP,488,380,23485
QAP,489,376,23533
QAP,490,376,23583
QAP,491,376,23629
QAP,492,376,23678
QAP,493,376,23725
QAP,494,376,23772
QAP,495,376,23822
QAP,496,376,23870
QAP,497,376,23917
QAP,498,376,23965
QAP,499,376,24013
QAP,500,376,24060
QAP,501,376,24103
QAP,502,376,24150
QAP,503,376,24197
QAP,504,376,24244
QAP,505,368,24291
QAP,506,368,24354
QAP,507,368,24401
QAP,508,368,24448
QAP,509,368,24495
QAP,510,368,24543
QAP,511,368,24590
QAP,512,368,24637
QAP,513,368,24684
QAP,514,368,24739
QAP,515,368,24778
QAP,516,368,24825
QAP,517,368,24872
QAP,518,368,24919
QAP,519,368,24967
QAP,520,368,25014
QAP,521,368,25061
QAP,522,368,25108
QAP,523,368,25155
QAP,524,368,25202
QAP,525,368,25250
QAP,526,368,25312
QAP,527,368,25359
QAP,528,368,25407
QAP,529,368,25454
QAP,530,368,25501
QAP,531,368,25548
QAP,532,368,25595
QAP,533,368,25642
QAP,534,368,25689
QAP,535,368,25736
QAP,536,368,25783
QAP,537,364,25830
QAP,538,364,25878
QAP,539,364,25925
QAP,540,364,25972
QAP,541,360,26019
QAP,542,360,26066
QAP,543,360,26113
QAP,544,360,26161
QAP,545,360,26208
QAP,546,352,26255
QAP,547,352,26302
QAP,548,352,26349
QAP,549,352,26396
QAP,550,352,26444
QAP,551,352,26491
QAP,552,344,26538
QAP,553,344,26585
QAP,554,344,26632
QAP,555,344,26679
QAP,556,344,26726
QAP,557,344,26773
QAP,558,344,26821
QAP,559,344,26868
QAP,560,344,26915
QAP,561,344,26962
QAP,562,344,27009
QAP,563,344,27056
QAP,564,344,27103
QAP,565,344,27150
QAP,566,344,27213
QAP,567,344,27260
QAP,568,344,27307
QAP,569,340,27354
QAP,570,340,27401
QAP,571,340,27448
QAP,572,340,27495
QAP,573,340,27542
QAP,574,340,27590
QAP,575,340,27637
QAP,576,340,27684
QAP,577,340,27731
QAP,578,340,27778
QAP,579,340,27841
QAP,580,340,27888
QAP,581,340,27935
QAP,582,340,27982
QAP,583,340,28030
QAP,584,340,28077
QAP,585,340,28124
QAP,586,340,28175
QAP,587,340,28218
QAP,588,340,28265
QAP,589,340,28312
QAP,590,340,28359
QAP,591,340,28406
QAP,592,336,28454
QAP,593,336,28516
QAP,594,336,28563
QAP,595,336,28611
QAP,596,336,28658
QAP,597,336,28705
QAP,598,336,28752
QAP,599,336,28799
QAP,600,336,28846
QAP,601,336,28893
QAP,602,336,28940
QAP,603,336,28987
QAP,604,336,29035
QAP,605,336,29082
QAP,606,336,29129
QAP,607,336,29176
QAP,608,336,29223
QAP,609,336,29270
QAP,610,336,29318
QAP,611,336,29380
QAP,612,336,29428
QAP,613,336,29475
QAP,614,332,29522
QAP,615,332,29569
QAP,616,332,29616
QAP,617,332,29663
QAP,618,332,29710
QAP,619,332,29758
QAP,620,332,29805
QAP,621,332,29852
QAP,622,332,29899
QAP,623,332,29946
QAP,624,332,29993
QAP,625,332,30041
QAP,626,328,30088
QAP,627,328,30135
QAP,628,324,30182
QAP,629,324,30229
QAP,630,324,30276
QAP,631,324,30323
QAP,632,324,30370
QAP,633,324,30418
QAP,634,320,30465
QAP,635,320,30512
QAP,636,312,30559
QAP,637,312,30606
QAP,638,312,30653
QAP,639,312,30700
QAP,640,312,30748
QAP,641,312,30795
QAP,642,312,30842
QAP,643,312,30897
QAP,644,312,30936
QAP,645,312,31000
QAP,646,312,31047
QAP,647,312,31094
QAP,648,312,31141
QAP,649,312,31188
QAP,650,312,31235
QAP,651,312,31282
QAP,652,312,31329
QAP,653,312,31376
QAP,654,312,31423
QAP,655,312,31471
QAP,656,312,31518
QAP,657,312,31565
QAP,658,312,31612
QAP,659,308,31659
QAP,660,308,31706
QAP,661,308,31753
QAP,662,304,31800
QAP,663,304,31863
QAP,664,304,31910
QAP,665,304,31957
QAP,666,304,32004
QAP,667,304,32052
QAP,668,304,32099
QAP,669,304,32146
QAP,670,304,32193
QAP,671,304,32240
QAP,672,304,32287
QAP,673,304,32334
QAP,674,304,32397
QAP,675,304,32444
QAP,676,304,32491
QAP,677,304,32538
QAP,678,304,32585
QAP,679,304,32633
QAP,680,304,32680
QAP,681,304,32727
QAP,682,304,32774
QAP,683,304,32822
QAP,684,304,32885
QAP,685,304,32932
QAP,686,304,32979
QAP,687,304,33026
QAP,688,304,33074
QAP,689,304,33121
QAP,690,304,33168
QAP,691,304,33215
QAP,692,304,33262
QAP,693,304,33309
QAP,694,304,33356
QAP,695,304,33403
QAP,696,304,33450
QAP,697,304,33498
QAP,698,304,33545
QAP,699,304,33592
QAP,700,304,33639
QAP,701,304,33686
QAP,702,304,33733
QAP,703,304,33780
QAP,704,304,33827
QAP,705,304,33874
QAP,706,304,33937
QAP,707,304,33984
QAP,708,304,34032
QAP,709,304,34079
QAP,710,300,34126
QAP,711,300,34173
QAP,712,300,34220
QAP,713,300,34268
QAP,714,300,34315
QAP,715,296,34362
QAP,716,296,34409
QAP,717,296,34456
QAP,718,296,34504
QAP,719,296,34551
QAP,720,292,34598
QAP,721,288,34645
QAP,722,288,34692
QAP,723,288,34740
QAP,724,288,34787
QAP,725,288,34834
QAP,726,288,34881
QAP,727,288,34928
QAP,728,284,34991
QAP,729,284,35038
QAP,730,284,35085
QAP,731,284,35132
QAP,732,284,35179
QAP,733,284,35226
QAP,734,284,35273
QAP,735,280,35321
QAP,736,280,35368
QAP,737,280,35415
QAP,738,280,35462
QAP,739,280,35509
QAP,740,276,35556
QAP,741,276,35603
QAP,742,276,35650
QAP,743,276,35697
QAP,744,276,35760
QAP,745,276,35807
QAP,746,276,35854
QAP,747,276,35901
QAP,748,276,35948
QAP,749,276,35995
QAP,750,276,36042
QAP,751,276,36089
QAP,752,276,36137
QAP,753,276,36184
QAP,754,276,36231
QAP,755,276,36278
QAP,756,276,36325
QAP,757,276,36372
QAP,758,276,36435
QAP,759,276,36482
QAP,760,276,36529
QAP,761,276,36576
QAP,762,276,36624
QAP,763,276,36671
QAP,764,276,36718
QAP,765,276,36765
QAP,766,276,36812
QAP,767,276,36875
QAP,768,276,36922
QAP,769,276,36969
QAP,770,276,37016
QAP,771,276,37063
QAP,772,276,37110
QAP,773,276,37157
QAP,774,276,37204
QAP,775,276,37252
QAP,776,276,37299
QAP,777,276,37346
QAP,778,276,37393
QAP,779,276,37440
QAP,780,276,37487
QAP,781,276,37550
QAP,782,276,37597
QAP,783,276,37644
QAP,784,276,37691
QAP,785,276,37738
QAP,786,276,37786
QAP,787,276,37833
QAP,788,276,37895
QAP,789,276,37943
QAP,790,276,37990
QAP,791,276,38037
QAP,792,276,38084
QAP,793,276,38131
QAP,794,276,38178
QAP,795,276,38225
QAP,796,276,38272
QAP,797,276,38319
QAP,798,276,38366
QAP,799,276,38413
QAP,800,276,38476
QAP,801,276,38523
QAP,802,276,38570
QAP,803,276,38618
QAP,804,276,38665
QAP,805,276,38712
QAP,806,276,38771
QAP,807,276,38806
QAP,808,276,38869
QAP,809,276,38916
QAP,810,276,38963
QAP,811,276,39010
QAP,812,276,39058
QAP,813,276,39105
QAP,814,276,39152
QAP,815,276,39199
QAP,816,276,39246
QAP,817,276,39293
QAP,818,276,39340
QAP,819,276,39387
QAP,820,276,39435
QAP,821,276,39482
QAP,822,276,39529
QAP,823,276,39576
QAP,824,276,39623
QAP,825,276,39670
QAP,826,276,39717
QAP,827,276,39764
QAP,828,276,39811
QAP,829,276,39859
QAP,830,276,39906
QAP,831,276,39953
QAP,832,276,40000
QAP,833,276,40047
QAP,834,276,40094
QAP,835,276,40141
QAP,836,276,40189
QAP,837,268,40236
QAP,838,268,40283
QAP,839,268,40330
QAP,840,268,40377
QAP,841,268,40424
QAP,842,268,40471
QAP,843,268,40518
QAP,844,268,40565
QAP,845,268,40613
QAP,846,268,40660
QAP,847,264,40723
QAP,848,264,40770
QAP,849,264,40817
QAP,850,264,40864
QAP,851,260,40911
QAP,852,260,40958
QAP,853,260,41006
QAP,854,260,41053
QAP,855,260,41100
QAP,856,260,41147
QAP,857,256,41194
QAP,858,256,41241
QAP,859,256,41288
QAP,860,256,41335
QAP,861,256,41382
QAP,862,256,41430
QAP,863,256,41477
QAP,864,256,41524
QAP,865,256,41571
QAP,866,256,41618
QAP,867,256,41665
QAP,868,256,41712
QAP,869,256,41759
QAP,870,256,41814
QAP,871,256,41854
QAP,872,256,41901
QAP,873,256,41963
QAP,874,256,42010
QAP,875,256,42058
QAP,876,256,42105
QAP,877,256,42152
QAP,878,256,42199
QAP,879,256,42246
QAP,880,256,42293
QAP,881,256,42340
QAP,882,256,42387
QAP,883,256,42434
QAP,884,256,42481
QAP,885,256,42528
QAP,886,256,42576
QAP,887,256,42638
QAP,888,256,42685
QAP,889,256,42733
QAP,890,256,42780
QAP,891,256,42827
QAP,892,256,42874
QAP,893,256,42921
QAP,894,256,42968
QAP,895,256,43015
QAP,896,256,43062
QAP,897,256,43110
QAP,898,256,43165
QAP,899,256,43220
QAP,900,256,43267
QAP,901,256,43314
QAP,902,256,43361
QAP,903,256,43408
QAP,904,256,43455
QAP,905,256,43502
QAP,906,256,43549
QAP,907,256,43596
QAP,908,256,43643
QAP,909,256,43691
QAP,910,256,43738
QAP,911,256,43785
QAP,912,256,43832
QAP,913,256,43895
QAP,914,256,43942
QAP,915,256,43989
QAP,916,256,44036
QAP,917,256,44083
QAP,918,256,44130
QAP,919,256,44177
QAP,920,256,44225
QAP,921,256,44272
QAP,922,256,44319
QAP,923,256,44366
QAP,924,256,44413
QAP,925,256,44460
QAP,926,256,44507
QAP,927,256,44570
QAP,928,256,44617
QAP,929,256,44664
QAP,930,256,44711
QAP,931,256,44758
QAP,932,256,44805
QAP,933,256,44853
QAP,934,256,44900
QAP,935,256,44963
QAP,936,256,45010
QAP,937,256,45057
QAP,938,256,45104
QAP,939,256,45151
QAP,940,256,45198
QAP,941,256,45245
QAP,942,256,45292
QAP,943,256,45339
QAP,944,256,45387
QAP,945,256,45434
QAP,946,256,45481
QAP,947,256,45528
QAP,948,256,45575
QAP,949,256,45623
QAP,950,256,45685
QAP,951,256,45732
QAP,952,256,45780
QAP,953,256,45827
QAP,954,256,45874
QAP,955,256,45921
QAP,956,256,45968
QAP,957,256,46015
QAP,958,256,46062
QAP,959,256,46109
QAP,960,256,46157
QAP,961,256,46204
QAP,962,256,46251
QAP,963,256,46298
QAP,964,256,46345
QAP,965,256,46392
QAP,966,256,46439
QAP,967,256,46486
QAP,968,256,46533
QAP,969,256,46580
QAP,970,256,46627
QAP,971,256,46674
QAP,972,256,46721
QAP,973,256,46768
QAP,974,256,46816
QAP,975,256,46862
QAP,976,256,46910
QAP,977,256,46957
QAP,978,256,47004
QAP,979,256,47051
QAP,980,256,47098
QAP,981,256,47145
QAP,982,256,47193
QAP,983,256,47240
QAP,984,256,47287
QAP,985,252,47334
QAP,986,252,47381
QAP,987,252,47428
QAP,988,252,47475
QAP,989,252,47522
QAP,990,252,47569
QAP,991,252,47616
QAP,992,252,47664
QAP,993,252,47711
QAP,994,252,47758
QAP,995,252,47805
QAP,996,252,47852
QAP,997,252,47899
QAP,998,248,47946
QAP,999,248,47993
QAP,1000,248,48040
QAP,1001,248,48088
QAP,1002,248,48135
QAP,1003,248,48182
QAP,1004,248,48229
QAP,1005,248,48276
QAP,1006,248,48323
QAP,1007,248,48370
QAP,1008,248,48417
QAP,1009,248,48480
QAP,1010,248,48527
QAP,1011,248,48574
QAP,1012,248,48625
QAP,1013,248,48668
QAP,1014,248,48715
QAP,1015,248,48762
QAP,1016,248,48809
QAP,1017,248,48857
QAP,1018,248,48904
QAP,1019,248,48951
QAP,1020,248,48998
QAP,1021,248,49045
QAP,1022,248,49093
QAP,1023,248,49155
QAP,1024,248,49202
QAP,1025,248,49250
QAP,1026,248,49297
QAP,1027,248,49344
QAP,1028,248,49391
QAP,1029,248,49438
QAP,1030,248,49485
QAP,1031,248,49532
QAP,1032,248,49579
QAP,1033,248,49626
QAP,1034,248,49673
QAP,1035,248,49720
QAP,1036,248,49767
QAP,1037,248,49830
QAP,1038,248,49877
QAP,1039,248,49925
QAP,1040,248,49972
QAP,1041,248,50019
QAP,1042,248,50066
QAP,1043,248,50113
QAP,1044,248,50160
QAP,1045,248,50207
QAP,1046,248,50254
QAP,1047,248,50302
QAP,1048,248,50349
QAP,1049,248,50396
QAP,1050,248,50443
QAP,1051,248,50490
QAP,1052,248,50553
QAP,1053,248,50600
QAP,1054,248,50647
QAP,1055,248,50694
QAP,1056,248,50742
QAP,1057,248,50789
QAP,1058,248,50836
QAP,1059,248,50883
QAP,1060,248,50930
QAP,1061,248,50977
QAP,1062,248,51025
QAP,1063,248,51072
QAP,1064,248,51119
QAP,1065,248,51166
QAP,1066,248,51213
QAP,1067,248,51261
QAP,1068,248,51308
QAP,1069,248,51371
QAP,1070,248,51418
QAP,1071,248,51465
QAP,1072,248,51512
QAP,1073,248,51559
QAP,1074,248,51606
QAP,1075,248,51653
QAP,1076,248,51701
QAP,1077,248,51748
QAP,1078,248,51795
QAP,1079,248,51842
QAP,1080,248,51889
QAP,1081,248,51936
QAP,1082,248,51984
QAP,1083,248,52031
QAP,1084,248,52078
QAP,1085,248,52125
QAP,1086,248,52172
QAP,1087,248,52219
QAP,1088,248,52267
QAP,1089,248,52314
QAP,1090,248,52361
QAP,1091,248,52408
QAP,1092,248,52455
QAP,1093,248,52503
QAP,1094,248,52550
QAP,1095,248,52597
QAP,1096,248,52644
QAP,1097,248,52691
QAP,1098,248,52738
QAP,1099,248,52785
QAP,1100,248,52832
QAP,1101,248,52880
QAP,1102,248,52927
QAP,1103,248,52974
QAP,1104,248,53021
QAP,1105,248,53068
QAP,1106,244,53115
QAP,1107,244,53162
QAP,1108,244,53209
QAP,1109,244,53256
QAP,1110,244,53303
QAP,1111,244,53366
QAP,1112,244,53413
QAP,1113,244,53461
QAP,1114,240,53508
QAP,1115,240,53555
QAP,1116,240,53602
QAP,1117,236,53649
QAP,1118,236,53696
QAP,1119,236,53743
QAP,1120,236,53790
QAP,1121,236,53837
QAP,1122,236,53884
QAP,1123,236,53931
QAP,1124,236,53978
QAP,1125,236,54026
QAP,1126,236,54080
QAP,1127,236,54120
QAP,1128,236,54167
QAP,1129,232,54214
QAP,1130,232,54277
QAP,1131,232,54324
QAP,1132,232,54371
QAP,1133,232,54418
QAP,1134,232,54466
QAP,1135,232,54513
QAP,1136,232,54560
QAP,1137,232,54607
QAP,1138,232,54655
QAP,1139,232,54702
QAP,1140,232,54749
QAP,1141,232,54812
QAP,1142,232,54859
QAP,1143,232,54906
QAP,1144,232,54953
QAP,1145,232,55000
QAP,1146,232,55047
QAP,1147,232,55095
QAP,1148,232,55142
QAP,1149,232,55189
QAP,1150,232,55252
QAP,1151,232,55299
QAP,1152,232,55346
QAP,1153,232,55393
QAP,1154,232,55440
QAP,1155,232,55488
QAP,1156,232,55535
QAP,1157,232,55582
QAP,1158,232,55629
QAP,1159,232,55692
QAP,1160,232,55739
QAP,1161,232,55786
QAP,1162,232,55833
QAP,1163,232,55880
QAP,1164,232,55927
QAP,1165,232,55974
QAP,1166,232,56021
QAP,1167,232,56068
QAP,1168,232,56116
QAP,1169,232,56163
QAP,1170,232,56210
QAP,1171,232,56257
QAP,1172,232,56304
QAP,1173,232,56367
QAP,1174,232,56414
QAP,1175,232,56461
QAP,1176,232,56508
QAP,1177,232,56555
QAP,1178,232,56602
QAP,1179,232,56649
QAP,1180,232,56712
QAP,1181,232,56759
QAP,1182,232,56807
QAP,1183,232,56854
QAP,1184,232,56901
QAP,1185,232,56948
QAP,1186,232,56995
QAP,1187,232,57042
QAP,1188,232,57089
QAP,1189,232,57152
QAP,1190,232,57199
QAP,1191,232,57246
QAP,1192,232,57293
QAP,1193,232,57341
QAP,1194,232,57388
QAP,1195,232,57435
QAP,1196,232,57482
QAP,1197,232,57545
QAP,1198,232,57592
QAP,1199,232,57639
QAP,1200,232,57686
QAP,1201,232,57733
QAP,1202,232,57780
QAP,1203,232,57827
QAP,1204,232,57874
QAP,1205,232,57921
QAP,1206,232,57968
QAP,1207,232,58015
QAP,1208,232,58062
QAP,1209,232,58109
QAP,1210,232,58172
QAP,1211,232,58219
QAP,1212,232,58266
QAP,1213,232,58314
QAP,1214,232,58361
QAP,1215,232,58408
QAP,1216,232,58455
QAP,1217,232,58502
QAP,1218,232,58549
QAP,1219,232,58596
QAP,1220,232,58643
QAP,1221,232,58691
QAP,1222,232,58738
QAP,1223,232,58785
QAP,1224,232,58832
QAP,1225,232,58879
QAP,1226,232,58926
QAP,1227,232,58989
QAP,1228,232,59036
QAP,1229,232,59083
QAP,1230,232,59130
QAP,1231,232,59177
QAP,1232,232,59225
QAP,1233,232,59272
QAP,1234,232,59319
QAP,1235,232,59366
QAP,1236,232,59413
QAP,1237,232,59460
QAP,1238,232,59507
QAP,1239,232,59554
QAP,1240,232,59601
QAP,1241,228,59649
QAP,1242,228,59696
QAP,1243,228,59743
QAP,1244,228,59790
QAP,1245,228,59837
QAP,1246,228,59884
QAP,1247,228,59931
QAP,1248,228,59978
QAP,1249,228,60025
QAP,1250,228,60072
QAP,1251,228,60120
QAP,1252,228,60167
QAP,1253,228,60214
QAP,1254,228,60261
QAP,1255,228,60308
QAP,1256,228,60355
QAP,1257,228,60402
QAP,1258,228,60450
QAP,1259,228,60497
QAP,1260,228,60559
QAP,1261,228,60607
QAP,1262,228,60654
QAP,1263,228,60701
QAP,1264,228,60748
QAP,1265,228,60795
QAP,1266,228,60842
QAP,1267,228,60897
QAP,1268,228,60937
QAP,1269,228,60984
QAP,1270,228,61031
QAP,1271,228,61078
QAP,1272,228,61125
QAP,1273,228,61188
QAP,1274,228,61235
QAP,1275,228,61282
QAP,1276,228,61329
QAP,1277,228,61376
QAP,1278,228,61427
QAP,1279,228,61477
QAP,1280,228,61518
QAP,1281,228,61581
QAP,1282,228,61628
QAP,1283,228,61675
QAP,1284,228,61723
QAP,1285,228,61770
QAP,1286,228,61833
QAP,1287,228,61880
QAP,1288,228,61929
QAP,1289,228,62022
QAP,1290,228,62069
QAP,1291,228,62116
QAP,1292,228,62163
QAP,1293,228,62210
QAP,1294,228,62273
QAP,1295,228,62321
QAP,1296,228,62368
QAP,1297,228,62421
QAP,1298,228,62471
QAP,1299,228,62520
QAP,1300,228,62569
QAP,1301,228,62619
QAP,1302,228,62668
QAP,1303,228,62719
QAP,1304,228,62770
QAP,1305,228,62820
QAP,1306,228,62868
QAP,1307,228,62917
QAP,1308,228,62967
QAP,1309,228,63018
QAP,1310,228,63066
QAP,1311,228,63115
QAP,1312,228,63165
QAP,1313,228,63213
QAP,1314,228,63264
QAP,1315,228,63314
QAP,1316,228,63363
QAP,1317,228,63413
QAP,1318,228,63462
QAP,1319,228,63511
QAP,1320,228,63561
QAP,1321,228,63612
QAP,1322,228,63660
QAP,1323,228,63709
QAP,1324,228,63759
QAP,1325,228,63808
QAP,1326,228,63857
QAP,1327,228,63905
QAP,1328,228,63954
QAP,1329,228,64001
QAP,1330,228,64051
QAP,1331,228,64099
QAP,1332,228,64149
QAP,1333,228,64196
QAP,1334,228,64243
QAP,1335,228,64293
QAP,1336,228,64341
QAP,1337,228,64390
QAP,1338,228,64438
QAP,1339,228,64486
QAP,1340,228,64533
QAP,1341,228,64583
QAP,1342,228,64631
QAP,1343,228,64678
QAP,1344,228,64726
QAP,1345,228,64776
QAP,1346,228,64824
QAP,1347,228,64872
QAP,1348,228,64919
QAP,1349,228,64966
QAP,1350,228,65016
QAP,1351,228,65063
QAP,1352,228,65110
QAP,1353,228,65161
QAP,1354,228,65209
QAP,1355,228,65256
QAP,1356,228,65304
QAP,1357,228,65351
QAP,1358,228,65401
QAP,1359,228,65449
QAP,1360,228,65497
QAP,1361,228,65545
QAP,1362,228,65592
QAP,1363,228,65640
QAP,1364,228,65688
QAP,1365,228,65735
QAP,1366,228,65784
QAP,1367,228,65832
QAP,1368,228,65878
QAP,1369,228,65926
QAP,1370,228,65974
QAP,1371,228,66020
QAP,1372,224,66068
QAP,1373,224,66115
QAP,1374,224,66163
QAP,1375,224,66210
QAP,1376,224,66257
QAP,1377,224,66305
QAP,1378,224,66354
QAP,1379,224,66401
QAP,1380,224,66449
QAP,1381,224,66498
QAP,1382,224,66545
QAP,1383,224,66596
QAP,1384,224,66644
QAP,1385,224,66691
QAP,1386,224,66740
QAP,1387,224,66789
QAP,1388,224,66837
QAP,1389,224,66885
QAP,1390,224,66934
QAP,1391,224,66982
QAP,1392,224,67031
QAP,1393,224,67078
QAP,1394,224,67128
QAP,1395,224,67177
QAP,1396,224,67225
QAP,1397,224,67274
QAP,1398,224,67323
QAP,1399,224,67372
QAP,1400,224,67421
QAP,1401,224,67469
QAP,1402,224,67519
QAP,1403,224,67568
QAP,1404,224,67617
QAP,1405,220,67666
QAP,1406,220,67715
QAP,1407,220,67764
QAP,1408,220,67813
QAP,1409,220,67861
QAP,1410,220,67910
QAP,1411,220,67959
QAP,1412,220,68008
QAP,1413,220,68057
QAP,1414,220,68105
QAP,1415,220,68155
QAP,1416,220,68202
QAP,1417,220,68250
QAP,1418,220,68300
QAP,1419,220,68349
QAP,1420,220,68397
QAP,1421,220,68446
QAP,1422,220,68494
QAP,1423,220,68542
QAP,1424,220,68591
QAP,1425,220,68641
QAP,1426,220,68690
QAP,1427,220,68738
QAP,1428,220,68786
QAP,1429,220,68835
QAP,1430,220,68886
QAP,1431,220,68933
QAP,1432,220,68983
QAP,1433,220,69031
QAP,1434,220,69079
QAP,1435,220,69128
QAP,1436,220,69176
QAP,1437,220,69224
QAP,1438,220,69275
QAP,1439,220,69324
QAP,1440,220,69372
QAP,1441,220,69421
QAP,1442,220,69470
QAP,1443,220,69518
QAP,1444,220,69566
QAP,1445,220,69616
QAP,1446,220,69664
QAP,1447,220,69712
QAP,1448,220,69760
QAP,1449,220,69809
QAP,1450,220,69860
QAP,1451,220,69908
QAP,1452,220,69957
QAP,1453,220,70005
QAP,1454,220,70054
QAP,1455,220,70104
QAP,1456,220,70154
QAP,1457,220,70201
QAP,1458,220,70249
QAP,1459,220,70299
QAP,1460,220,70347
QAP,1461,220,70397
QAP,1462,220,70446
QAP,1463,220,70494
QAP,1464,220,70541
QAP,1465,220,70589
QAP,1466,220,70639
QAP,1467,220,70687
QAP,1468,220,70737
QAP,1469,220,70786
QAP,1470,220,70823
QAP,1471,220,70870
QAP,1472,220,70917
QAP,1473,220,70964
QAP,1474,220,71012
QAP,1475,220,71059
QAP,1476,220,71106
QAP,1477,220,71153
QAP,1478,220,71200
QAP,1479,220,71263
QAP,1480,220,71310
QAP,1481,220,71357
QAP,1482,220,71404
QAP,1483,220,71452
QAP,1484,220,71499
QAP,1485,220,71549
QAP,1486,220,71593
QAP,1487,220,71640
QAP,1488,220,71687
QAP,1489,220,71734
QAP,1490,220,71784
QAP,1491,220,71828
QAP,1492,220,71875
QAP,1493,220,71923
QAP,1494,220,71970
QAP,1495,220,72017
QAP,1496,220,72064
QAP,1497,220,72111
QAP,1498,220,72158
QAP,1499,220,72205
QAP,1500,220,72252
QAP,1501,220,72299
QAP,1502,220,72346
QAP,1503,220,72393
QAP,1504,220,72440
QAP,1505,220,72488
QAP,1506,220,72535
QAP,1507,220,72582
QAP,1508,220,72629
QAP,1509,220,72676
QAP,1510,220,72723
QAP,1511,220,72770
QAP,1512,220,72817
QAP,1513,220,72864
QAP,1514,220,72911
QAP,1515,220,72959
QAP,1516,220,73006
QAP,1517,220,73053
QAP,1518,220,73100
QAP,1519,220,73147
QAP,1520,220,73194
QAP,1521,220,73241
QAP,1522,220,73289
QAP,1523,220,73336
QAP,1524,220,73383
QAP,1525,220,73430
QAP,1526,220,73477
QAP,1527,220,73524
QAP,1528,220,73571
QAP,1529,220,73619
QAP,1530,220,73666
QAP,1531,220,73713
QAP,1532,220,73760
QAP,1533,220,73807
QAP,1534,220,73855
QAP,1535,220,73902
QAP,1536,220,73949
QAP,1537,220,73996
QAP,1538,220,74043
QAP,1539,220,74090
QAP,1540,220,74137
QAP,1541,220,74185
QAP,1542,220,74232
QAP,1543,220,74295
QAP,1544,220,74342
QAP,1545,220,74389
QAP,1546,220,74436
QAP,1547,220,74483
QAP,1548,220,74530
QAP,1549,220,74577
QAP,1550,220,74624
QAP,1551,220,74671
QAP,1552,220,74718
QAP,1553,220,74765
QAP,1554,220,74813
QAP,1555,220,74875
QAP,1556,220,74923
QAP,1557,220,74970
QAP,1558,220,75017
QAP,1559,220,75064
QAP,1560,220,75111
QAP,1561,220,75158
QAP,1562,220,75205
QAP,1563,220,75252
QAP,1564,220,75299
QAP,1565,220,75347
QAP,1566,220,75409
QAP,1567,220,75456
QAP,1568,220,75504
QAP,1569,220,75551
QAP,1570,220,75598
QAP,1571,220,75645
QAP,1572,220,75693
QAP,1573,220,75740
QAP,1574,220,75787
QAP,1575,220,75834
QAP,1576,220,75882
QAP,1577,220,75928
QAP,1578,220,75975
QAP,1579,220,76022
QAP,1580,220,76069
QAP,1581,220,76132
QAP,1582,220,76179
QAP,1583,220,76226
QAP,1584,220,76273
QAP,1585,220,76320
QAP,1586,220,76368
QAP,1587,220,76415
QAP,1588,220,76462
QAP,1589,220,76509
QAP,1590,220,76556
QAP,1591,220,76603
QAP,1592,220,76650
QAP,1593,220,76713
QAP,1594,220,76760
QAP,1595,220,76807
QAP,1596,220,76854
QAP,1597,220,76901
QAP,1598,220,76949
QAP,1599,220,76996
QAP,1600,220,77043
QAP,1601,220,77090
QAP,1602,220,77137
QAP,1603,220,77184
QAP,1604,220,77231
QAP,1605,220,77291
QAP,1606,220,77341
QAP,1607,220,77388
QAP,1608,220,77435
QAP,1609,220,77482
QAP,1610,220,77530
QAP,1611,220,77577
QAP,1612,220,77624
QAP,1613,220,77671
QAP,1614,220,77734
QAP,1615,220,77781
QAP,1616,220,77828
QAP,1617,220,77875
QAP,1618,220,77922
QAP,1619,220,77970
QAP,1620,220,78017
QAP,1621,220,78064
QAP,1622,220,78111
QAP,1623,220,78158
QAP,1624,220,78206
QAP,1625,220,78268
QAP,1626,220,78315
QAP,1627,220,78362
QAP,1628,220,78410
QAP,1629,220,78457
QAP,1630,220,78504
QAP,1631,220,78551
QAP,1632,220,78606
QAP,1633,220,78645
QAP,1634,220,78692
QAP,1635,220,78739
QAP,1636,220,78786
QAP,1637,220,78849
QAP,1638,220,78896
QAP,1639,220,78943
QAP,1640,220,78990
QAP,1641,220,79037
QAP,1642,220,79085
QAP,1643,220,79132
QAP,1644,220,79179
QAP,1645,220,79226
QAP,1646,220,79273
QAP,1647,220,79320
QAP,1648,220,79367
QAP,1649,220,79415
QAP,1650,220,79462
QAP,1651,220,79524
QAP,1652,220,79571
QAP,1653,220,79619
QAP,1654,220,79666
QAP,1655,220,79713
QAP,1656,220,79760
QAP,1657,220,79807
QAP,1658,220,79854
QAP,1659,220,79901
QAP,1660,220,79949
QAP,1661,220,79996
QAP,1662,220,80043
QAP,1663,220,80090
QAP,1664,220,80153
QAP,1665,220,80200
QAP,1666,220,80247
QAP,1667,220,80294
QAP,1668,220,80341
QAP,1669,220,80389
QAP,1670,220,80436
QAP,1671,220,80483
QAP,1672,220,80530
QAP,1673,220,80577
QAP,1674,220,80624
QAP,1675,220,80671
QAP,1676,220,80719
QAP,1677,220,80766
QAP,1678,220,80813
QAP,1679,220,80860
QAP,1680,220,80923
QAP,1681,220,80970
QAP,1682,220,81017
QAP,1683,220,81064
QAP,1684,220,81112
QAP,1685,220,81159
QAP,1686,220,81206
QAP,1687,220,81253
QAP,1688,220,81300
QAP,1689,220,81347
QAP,1690,220,81394
QAP,1691,220,81441
QAP,1692,220,81489
QAP,1693,220,81536
QAP,1694,220,81583
QAP,1695,220,81630
QAP,1696,220,81677
QAP,1697,220,81724
QAP,1698,220,81772
QAP,1699,220,81835
QAP,1700,220,81882
QAP,1701,220,81929
QAP,1702,220,81976
QAP,1703,220,82023
QAP,1704,220,82070
QAP,1705,220,82117
QAP,1706,220,82164
QAP,1707,220,82211
QAP,1708,220,82258
QAP,1709,220,82306
QAP,1710,220,82353
QAP,1711,220,82400
QAP,1712,220,82447
QAP,1713,220,82494
QAP,1714,220,82541
QAP,1715,220,82588
QAP,1716,220,82651
QAP,1717,220,82698
QAP,1718,220,82745
QAP,1719,220,82792
QAP,1720,220,82839
QAP,1721,220,82886
QAP,1722,220,82933
QAP,1723,220,82981
QAP,1724,220,83028
QAP,1725,220,83075
QAP,1726,220,83122
QAP,1727,220,83169
QAP,1728,220,83216
QAP,1729,220,83263
QAP,1730,220,83310
QAP,1731,220,83373
QAP,1732,220,83420
QAP,1733,220,83468
QAP,1734,220,83515
QAP,1735,220,83562
QAP,1736,220,83609
QAP,1737,220,83656
QAP,1738,220,83703
QAP,1739,220,83750
QAP,1740,220,83797
QAP,1741,220,83844
QAP,1742,220,83891
QAP,1743,220,83938
QAP,1744,220,84001
QAP,1745,220,84048
QAP,1746,220,84096
QAP,1747,220,84143
QAP,1748,220,84190
QAP,1749,220,84237
QAP,1750,220,84284
QAP,1751,220,84331
QAP,1752,220,84379
QAP,1753,220,84426
QAP,1754,220,84473
QAP,1755,220,84520
QAP,1756,220,84567
QAP,1757,220,84614
QAP,1758,220,84677
QAP,1759,220,84724
QAP,1760,220,84772
QAP,1761,220,84819
QAP,1762,220,84866
QAP,1763,220,84913
QAP,1764,220,84960
QAP,1765,220,85007
QAP,1766,220,85054
QAP,1767,220,85102
QAP,1768,220,85149
QAP,1769,220,85196
QAP,1770,220,85243
QAP,1771,220,85290
QAP,1772,220,85353
QAP,1773,220,85400
QAP,1774,220,85447
QAP,1775,220,85494
QAP,1776,220,85541
QAP,1777,220,85588
QAP,1778,220,85635
QAP,1779,220,85682
QAP,1780,220,85730
QAP,1781,220,85777
QAP,1782,220,85824
QAP,1783,220,85871
QAP,1784,220,85918
QAP,1785,220,85965
QAP,1786,220,86012
QAP,1787,220,86059
QAP,1788,220,86106
QAP,1789,220,86170
QAP,1790,220,86217
QAP,1791,220,86264
QAP,1792,220,86311
QAP,1793,220,86358
QAP,1794,220,86405
QAP,1795,220,86452
QAP,1796,220,86499
QAP,1797,220,86546
QAP,1798,220,86593
QAP,1799,220,86641
QAP,1800,220,86688
QAP,1801,220,86735
QAP,1802,220,86790
QAP,1803,220,86829
QAP,1804,220,86876
QAP,1805,220,86923
QAP,1806,220,86971
QAP,1807,220,87018
QAP,1808,220,87065
QAP,1809,220,87112
QAP,1810,220,87159
QAP,1811,220,87221
QAP,1812,220,87268
QAP,1813,220,87316
QAP,1814,220,87363
QAP,1815,220,87410
QAP,1816,220,87457
QAP,1817,220,87504
QAP,1818,220,87552
QAP,1819,220,87599
QAP,1820,220,87646
QAP,1821,220,87693
QAP,1822,220,87740
QAP,1823,220,87787
QAP,1824,220,87834
QAP,1825,220,87881
QAP,1826,220,87929
QAP,1827,220,87992
QAP,1828,220,88039
QAP,1829,220,88086
QAP,1830,220,88133
QAP,1831,220,88180
QAP,1832,220,88227
QAP,1833,220,88274
QAP,1834,220,88321
QAP,1835,220,88368
QAP,1836,220,88416
QAP,1837,220,88463
QAP,1838,220,88510
QAP,1839,220,88557
QAP,1840,220,88604
QAP,1841,220,88651
QAP,1842,220,88714
QAP,1843,220,88761
QAP,1844,220,88808
QAP,1845,220,88855
QAP,1846,220,88902
QAP,1847,220,88949
QAP,1848,220,88996
QAP,1849,220,89043
QAP,1850,220,89090
QAP,1851,220,89137
QAP,1852,220,89184
QAP,1853,220,89232
QAP,1854,220,89279
QAP,1855,220,89341
QAP,1856,220,89388
QAP,1857,220,89435
QAP,1858,220,89483
QAP,1859,220,89530
QAP,1860,220,89577
QAP,1861,220,89624
QAP,1862,220,89671
QAP,1863,220,89718
QAP,1864,220,89765
QAP,1865,220,89812
QAP,1866,220,89875
QAP,1867,220,89922
QAP,1868,220,89969
QAP,1869,220,90016
QAP,1870,220,90063
QAP,1871,220,90110
QAP,1872,220,90157
QAP,1873,220,90205
QAP,1874,220,90252
QAP,1875,220,90299
QAP,1876,220,90346
QAP,1877,220,90393
QAP,1878,220,90456
QAP,1879,220,90503
QAP,1880,220,90550
QAP,1881,220,90597
QAP,1882,220,90644
QAP,1883,220,90691
QAP,1884,220,90739
QAP,1885,220,90786
QAP,1886,220,90833
QAP,1887,220,90880
QAP,1888,220,90927
QAP,1889,220,90990
QAP,1890,220,91037
QAP,1891,220,91084
QAP,1892,220,91132
QAP,1893,220,91179
QAP,1894,220,91226
QAP,1895,220,91273
QAP,1896,220,91320
QAP,1897,220,91367
QAP,1898,220,91415
QAP,1899,220,91462
QAP,1900,220,91509
QAP,1901,220,91556
QAP,1902,220,91619
QAP,1903,220,91666
QAP,1904,220,91713
QAP,1905,220,91761
QAP,1906,220,91808
QAP,1907,220,91855
QAP,1908,220,91902
QAP,1909,220,91949
QAP,1910,220,91996
QAP,1911,220,92043
QAP,1912,220,92106
QAP,1913,220,92153
QAP,1914,220,92201
QAP,1915,220,92248
QAP,1916,220,92295
QAP,1917,220,92342
QAP,1918,220,92389
QAP,1919,220,92436
QAP,1920,220,92483
QAP,1921,220,92530
QAP,1922,220,92577
QAP,1923,220,92640
QAP,1924,220,92687
QAP,1925,220,92735
QAP,1926,220,92782
QAP,1927,220,92834
QAP,1928,220,92876
QAP,1929,220,92923
QAP,1930,220,92970
QAP,1931,220,93018
QAP,1932,220,93081
QAP,1933,220,93128
QAP,1934,220,93175
QAP,1935,220,93222
QAP,1936,220,93269
QAP,1937,220,93316
QAP,1938,220,93363
QAP,1939,220,93410
QAP,1940,220,93458
QAP,1941,220,93505
QAP,1942,220,93552
QAP,1943,220,93607
QAP,1944,220,93646
QAP,1945,220,93709
QAP,1946,220,93756
QAP,1947,220,93803
QAP,1948,220,93851
QAP,1949,220,93898
QAP,1950,220,93945
QAP,1951,220,93992
QAP,1952,220,94039
QAP,1953,220,94086
QAP,1954,220,94133
QAP,1955,220,94181
QAP,1956,220,94243
QAP,1957,220,94290
QAP,1958,220,94357
QAP,1959,220,94401
QAP,1960,220,94448
QAP,1961,220,94495
QAP,1962,220,94558
QAP,1963,220,94605
QAP,1964,220,94652
QAP,1965,220,94707
QAP,1966,220,94747
QAP,1967,220,94794
QAP,1968,220,94841
QAP,1969,220,94904
QAP,1970,220,94951
QAP,1971,220,95014
QAP,1972,220,95062
QAP,1973,220,95111
QAP,1974,220,95156
QAP,1975,220,95203
QAP,1976,220,95252
QAP,1977,220,95300
QAP,1978,220,95345
QAP,1979,220,95408
QAP,1980,220,95455
QAP,1981,220,95506
QAP,1982,220,95549
QAP,1983,220,95599
QAP,1984,220,95644
QAP,1985,220,95691
QAP,1986,220,95753
QAP,1987,220,95800
QAP,1988,220,95850
QAP,1989,220,95905
QAP,1990,220,95955
QAP,1991,220,96006
QAP,1992,220,96054
QAP,1993,220,96104
QAP,1994,220,96147
QAP,1995,220,96194
QAP,1996,220,96243
QAP,1997,220,96288
QAP,1998,220,96336
QAP,1999,220,96398
QAP,2000,220,96446
QAP,2001,220,96493
QAP,2002,220,96540
QAP,2003,220,96587
QAP,2004,220,96634
QAP,2005,220,96681
QAP,2006,220,96729
QAP,2007,220,96776
QAP,2008,220,96838
QAP,2009,220,96885
QAP,2010,220,96933
QAP,2011,220,96980
QAP,2012,220,97027
QAP,2013,220,97074
QAP,2014,220,97121
QAP,2015,220,97168
QAP,2016,220,97215
QAP,2017,220,97278
QAP,2018,220,97325
QAP,2019,220,97372
QAP,2020,220,97419
QAP,2021,220,97466
QAP,2022,220,97513
QAP,2023,220,97563
QAP,2024,220,97624
QAP,2025,220,97671
QAP,2026,220,97719
QAP,2027,220,97766
QAP,2028,220,97813
QAP,2029,220,97860
QAP,2030,220,97907
QAP,2031,220,97954
QAP,2032,220,98001
QAP,2033,220,98064
QAP,2034,220,98111
QAP,2035,220,98159
QAP,2036,220,98206
QAP,2037,220,98253
QAP,2038,220,98300
QAP,2039,220,98347
QAP,2040,220,98410
QAP,2041,220,98457
QAP,2042,220,98504
QAP,2043,220,98551
QAP,2044,220,98599
QAP,2045,220,98646
QAP,2046,220,98693
QAP,2047,220,98741
QAP,2048,220,98788
QAP,2049,220,98850
QAP,2050,220,98898
QAP,2051,220,98945
QAP,2052,220,98992
QAP,2053,220,99039
QAP,2054,220,99086
QAP,2055,220,99144
QAP,2056,220,99193
QAP,2057,220,99228
QAP,2058,220,99291
QAP,2059,220,99338
QAP,2060,220,99385
QAP,2061,220,99432
QAP,2062,220,99479
QAP,2063,220,99527
QAP,2064,220,99574
QAP,2065,220,99637
QAP,2066,220,99684
QAP,2067,220,99731
QAP,2068,220,99778
QAP,2069,220,99825
QAP,2070,220,99873
QAP,2071,220,99921
QAP,2072,220,99982
QAP,2073,220,100029
QAP,2074,220,100077
QAP,2075,220,100127
QAP,2076,220,100171
QAP,2077,220,100218
QAP,2078,220,100265
QAP,2079,220,100328
QAP,2080,220,100375
QAP,2081,220,100422
QAP,2082,220,100469
QAP,2083,220,100517
QAP,2084,220,100564
QAP,2085,220,100611
QAP,2086,220,100674
QAP,2087,220,100721
QAP,2088,220,100768
QAP,2089,220,100815
QAP,2090,220,100862
QAP,2091,220,100910
QAP,2092,220,100957
QAP,2093,220,101004
QAP,2094,220,101051
QAP,2095,220,101114
QAP,2096,220,101161
QAP,2097,220,101208
QAP,2098,220,101255
QAP,2099,220,101302
QAP,2100,220,101349
QAP,2101,220,101396
QAP,2102,220,101443
QAP,2103,220,101506
QAP,2104,220,101554
QAP,2105,220,101601
QAP,2106,220,101648
QAP,2107,220,101695
QAP,2108,220,101743
QAP,2109,220,101790
QAP,2110,220,101837
QAP,2111,220,101900
QAP,2112,220,101947
QAP,2113,220,101994
QAP,2114,220,102041
QAP,2115,220,102088
QAP,2116,220,102135
QAP,2117,220,102183
QAP,2118,220,102230
QAP,2119,220,102293
QAP,2120,220,102340
QAP,2121,220,102387
QAP,2122,220,102434
QAP,2123,220,102481
QAP,2124,220,102528
QAP,2125,220,102575
QAP,2126,220,102623
QAP,2127,220,102686
QAP,2128,220,102733
QAP,2129,220,102780
QAP,2130,220,102827
QAP,2131,220,102874
QAP,2132,220,102921
QAP,2133,220,102968
QAP,2134,220,103031
QAP,2135,220,103078
QAP,2136,220,103125
QAP,2137,220,103173
QAP,2138,220,103220
QAP,2139,220,103267
QAP,2140,220,103330
QAP,2141,220,103378
QAP,2142,220,103425
QAP,2143,220,103472
QAP,2144,220,103519
QAP,2145,220,103566
QAP,2146,220,103613
QAP,2147,220,103660
QAP,2148,220,103723
QAP,2149,220,103783
QAP,2150,220,103818
QAP,2151,220,103881
QAP,2152,220,103928
QAP,2153,220,103975
QAP,2154,220,104023
QAP,2155,220,104070
QAP,2156,220,104118
QAP,2157,220,104165
QAP,2158,220,104228
QAP,2159,220,104277
QAP,2160,220,104323
QAP,2161,220,104380
QAP,2162,220,104417
QAP,2163,220,104465
QAP,2164,220,104528
QAP,2165,220,104575
QAP,2166,220,104622
QAP,2167,220,104669
QAP,2168,220,104716
QAP,2169,220,104764
QAP,2170,220,104826
QAP,2171,220,104873
QAP,2172,220,104921
QAP,2173,220,104968
QAP,2174,220,105015
QAP,2175,220,105062
QAP,2176,220,105125
QAP,2177,220,105172
QAP,2178,220,105219
QAP,2179,220,105266
QAP,2180,220,105313
QAP,2181,220,105360
QAP,2182,220,105407
QAP,2183,220,105455
QAP,2184,220,105517
QAP,2185,220,105564
QAP,2186,220,105612
QAP,2187,220,105659
QAP,2188,220,105708
QAP,2189,220,105766
QAP,2190,220,105801
QAP,2191,220,105864
QAP,2192,220,105911
QAP,2193,220,105958
QAP,2194,220,106005
QAP,2195,220,106052
QAP,2196,220,106099
QAP,2197,220,106147
QAP,2198,220,106194
QAP,2199,220,106241
QAP,2200,220,106304
QAP,2201,220,106351
QAP,2202,220,106398
QAP,2203,220,106445
QAP,2204,220,106492
QAP,2205,220,106539
QAP,2206,220,106586
QAP,2207,220,106633
QAP,2208,220,106696
QAP,2209,220,106743
QAP,2210,220,106791
QAP,2211,220,106838
QAP,2212,220,106887
QAP,2213,220,106932
QAP,2214,220,106979
QAP,2215,220,107037
QAP,2216,220,107089
QAP,2217,220,107136
QAP,2218,220,107183
QAP,2219,220,107230
QAP,2220,220,107278
QAP,2221,220,107325
QAP,2222,220,107372
QAP,2223,220,107434
QAP,2224,220,107482
QAP,2225,220,107529
QAP,2226,220,107576
QAP,2227,220,107623
QAP,2228,220,107670
QAP,2229,220,107717
QAP,2230,220,107780
QAP,2231,220,107827
QAP,2232,220,107874
QAP,2233,220,107922
QAP,2234,220,107969
QAP,2235,220,108016
QAP,2236,220,108063
QAP,2237,220,108126
QAP,2238,220,108173
QAP,2239,220,108220
QAP,2240,220,108267
QAP,2241,220,108314
QAP,2242,220,108362
QAP,2243,220,108424
QAP,2244,220,108471
QAP,2245,220,108518
QAP,2246,220,108565
QAP,2247,220,108613
QAP,2248,220,108660
QAP,2249,220,108707
QAP,2250,220,108769
QAP,2251,220,108817
QAP,2252,220,108864
QAP,2253,220,108911
QAP,2254,220,108958
QAP,2255,220,109005
QAP,2256,220,109052
QAP,2257,220,109115
QAP,2258,220,109162
QAP,2259,220,109209
QAP,2260,220,109256
QAP,2261,220,109303
QAP,2262,220,109350
QAP,2263,220,109413
QAP,2264,220,109460
QAP,2265,220,109507
QAP,2266,220,109554
QAP,2267,220,109601
QAP,2268,220,109648
QAP,2269,220,109695
QAP,2270,220,109758
QAP,2271,220,109805
QAP,2272,220,109853
QAP,2273,220,109900
QAP,2274,220,109947
QAP,2275,220,109994
QAP,2276,220,110041
QAP,2277,220,110088
QAP,2278,220,110135
QAP,2279,220,110198
QAP,2280,220,110245
QAP,2281,220,110292
QAP,2282,220,110345
QAP,2283,220,110387
QAP,2284,220,110434
QAP,2285,220,110481
QAP,2286,220,110544
QAP,2287,220,110591
QAP,2288,220,110638
QAP,2289,220,110685
QAP,2290,220,110732
QAP,2291,220,110779
QAP,2292,220,110827
QAP,2293,220,110889
QAP,2294,220,110936
QAP,2295,220,110983
QAP,2296,220,111031
QAP,2297,220,111078
QAP,2298,220,111125
QAP,2299,220,111172
QAP,2300,220,111235
QAP,2301,220,111282
QAP,2302,220,111329
QAP,2303,220,111376
QAP,2304,220,111423
QAP,2305,220,111470
QAP,2306,220,111517
QAP,2307,220,111580
QAP,2308,220,111627
QAP,2309,220,111675
QAP,2310,220,111722
QAP,2311,220,111769
QAP,2312,220,111816
QAP,2313,220,111863
QAP,2314,220,111926
QAP,2315,220,111973
QAP,2316,220,112020
QAP,2317,220,112067
QAP,2318,220,112114
QAP,2319,220,112162
QAP,2320,220,112209
QAP,2321,220,112272
QAP,2322,220,112319
QAP,2323,220,112366
QAP,2324,220,112413
QAP,2325,220,112460
QAP,2326,220,112507
QAP,2327,220,112554
QAP,2328,220,112617
QAP,2329,220,112664
QAP,2330,220,112712
QAP,2331,220,112759
QAP,2332,220,112806
QAP,2333,220,112853
QAP,2334,220,112900
QAP,2335,220,112963
QAP,2336,220,113010
QAP,2337,220,113057
QAP,2338,220,113104
QAP,2339,220,113151
QAP,2340,220,113198
QAP,2341,220,113246
QAP,2342,220,113309
QAP,2343,220,113356
QAP,2344,220,113403
QAP,2345,220,113450
QAP,2346,220,113497
QAP,2347,220,113544
QAP,2348,220,113592
QAP,2349,220,113654
QAP,2350,220,113701
QAP,2351,220,113748
QAP,2352,220,113796
QAP,2353,220,113843
QAP,2354,220,113890
QAP,2355,220,113937
QAP,2356,220,114000
QAP,2357,220,114047
QAP,2358,220,114094
QAP,2359,220,114142
QAP,2360,220,114189
QAP,2361,220,114236
QAP,2362,220,114283
QAP,2363,220,114330
QAP,2364,220,114393
QAP,2365,220,114440
QAP,2366,220,114487
QAP,2367,220,114534
QAP,2368,220,114581
QAP,2369,220,114628
QAP,2370,220,114676
QAP,2371,220,114723
QAP,2372,220,114786
QAP,2373,220,114833
QAP,2374,220,114880
QAP,2375,220,114927
QAP,2376,220,114974
QAP,2377,220,115021
QAP,2378,220,115068
QAP,2379,220,115115
QAP,2380,220,115178
QAP,2381,220,115225
QAP,2382,220,115272
QAP,2383,220,115319
QAP,2384,220,115366
QAP,2385,220,115413
QAP,2386,220,115461
QAP,2387,220,115523
QAP,2388,220,115570
QAP,2389,220,115618
QAP,2390,220,115665
QAP,2391,220,115712
QAP,2392,220,115759
QAP,2393,220,115806
QAP,2394,220,115853
QAP,2395,220,115900
QAP,2396,220,115963
QAP,2397,220,116010
QAP,2398,220,116057
QAP,2399,220,116104
QAP,2400,220,116151
QAP,2401,220,116199
QAP,2402,220,116246
QAP,2403,220,116293
QAP,2404,220,116340
QAP,2405,220,116387
QAP,2406,220,116434
QAP,2407,220,116481
QAP,2408,220,116528
QAP,2409,220,116575
QAP,2410,220,116622
QAP,2411,220,116670
QAP,2412,220,116717
QAP,2413,220,116779
QAP,2414,220,116826
QAP,2415,220,116873
QAP,2416,220,116921
QAP,2417,220,116968
QAP,2418,220,117015
QAP,2419,220,117062
QAP,2420,220,117109
QAP,2421,220,117156
QAP,2422,220,117203
QAP,2423,220,117250
QAP,2424,220,117297
QAP,2425,220,117344
QAP,2426,220,117391
QAP,2427,220,117454
QAP,2428,220,117501
QAP,2429,220,117548
QAP,2430,220,117595
QAP,2431,220,117643
QAP,2432,220,117690
QAP,2433,220,117737
QAP,2434,220,117784
QAP,2435,220,117831
QAP,2436,220,117894
QAP,2437,220,117941
QAP,2438,220,117988
QAP,2439,220,118035
QAP,2440,220,118082
QAP,2441,220,118131
QAP,2442,220,118176
QAP,2443,220,118223
QAP,2444,220,118270
QAP,2445,220,118317
QAP,2446,220,118365
QAP,2447,220,118412
QAP,2448,220,118459
QAP,2449,220,118506
QAP,2450,220,118553
QAP,2451,220,118616
QAP,2452,220,118663
QAP,2453,220,118710
QAP,2454,220,118757
QAP,2455,220,118804
QAP,2456,220,118851
QAP,2457,220,118898
QAP,2458,220,118945
QAP,2459,220,118992
QAP,2460,220,119039
QAP,2461,220,119102
QAP,2462,220,119149
QAP,2463,220,119196
QAP,2464,220,119243
QAP,2465,220,119290
QAP,2466,220,119337
QAP,2467,220,119384
QAP,2468,220,119431
QAP,2469,220,119478
QAP,2470,220,119525
QAP,2471,220,119572
QAP,2472,220,119620
QAP,2473,220,119683
QAP,2474,220,119730
QAP,2475,220,119777
QAP,2476,220,119824
QAP,2477,220,119871
QAP,2478,220,119918
QAP,2479,220,119966
QAP,2480,220,120013
QAP,2481,220,120060
QAP,2482,220,120107
QAP,2483,220,120154
QAP,2484,220,120201
QAP,2485,220,120248
QAP,2486,220,120295
QAP,2487,220,120342
QAP,2488,220,120389
QAP,2489,220,120452
QAP,2490,220,120499
QAP,2491,220,120546
QAP,2492,220,120594
QAP,2493,220,120641
QAP,2494,220,120688
QAP,2495,220,120735
QAP,2496,220,120782
QAP,2497,220,120829
QAP,2498,220,120876
QAP,2499,220,120923
QAP,2500,220,120970
QAP,2501,220,121017
QAP,2502,220,121064
QAP,2503,220,121111
QAP,2504,220,121174
QAP,2505,220,121221
QAP,2506,220,121268
QAP,2507,220,121315
QAP,2508,220,121362
QAP,2509,220,121409
QAP,2510,220,121456
QAP,2511,220,121503
QAP,2512,220,121551
QAP,2513,220,121598
QAP,2514,220,121645
QAP,2515,220,121692
QAP,2516,220,121739
QAP,2517,220,121786
QAP,2518,220,121833
QAP,2519,220,121880
QAP,2520,220,121943
QAP,2521,220,121990
QAP,2522,220,122037
QAP,2523,220,122084
QAP,2524,220,122131
QAP,2525,220,122178
QAP,2526,220,122233
QAP,2527,220,122272
QAP,2528,220,122319
QAP,2529,220,122366
QAP,2530,220,122429
QAP,2531,220,122476
QAP,2532,220,122523
QAP,2533,220,122570
QAP,2534,220,122617
QAP,2535,220,122664
QAP,2536,220,122711
QAP,2537,220,122758
QAP,2538,220,122821
QAP,2539,220,122868
QAP,2540,220,122915
QAP,2541,220,122962
QAP,2542,220,123009
QAP,2543,220,123056
QAP,2544,220,123103
QAP,2545,220,123150
QAP,2546,220,123197
QAP,2547,220,123244
QAP,2548,220,123307
QAP,2549,220,123354
QAP,2550,220,123401
QAP,2551,220,123448
QAP,2552,220,123495
QAP,2553,220,123542
QAP,2554,220,123598
QAP,2555,220,123636
QAP,2556,220,123683
QAP,2557,220,123730
QAP,2558,220,123793
QAP,2559,220,123840
QAP,2560,220,123887
QAP,2561,220,123934
QAP,2562,220,123981
QAP,2563,220,124028
QAP,2564,220,124075
QAP,2565,220,124122
QAP,2566,220,124169
QAP,2567,220,124216
QAP,2568,220,124279
QAP,2569,220,124326
QAP,2570,220,124373
QAP,2571,220,124420
QAP,2572,220,124467
QAP,2573,220,124514
QAP,2574,220,124561
QAP,2575,220,124608
QAP,2576,220,124655
QAP,2577,220,124702
QAP,2578,220,124749
QAP,2579,220,124797
QAP,2580,220,124844
QAP,2581,220,124891
QAP,2582,220,124954
QAP,2583,220,125001
QAP,2584,220,125048
QAP,2585,220,125095
QAP,2586,220,125142
QAP,2587,220,125189
QAP,2588,220,125236
QAP,2589,220,125284
QAP,2590,220,125331
QAP,2591,220,125378
QAP,2592,220,125425
QAP,2593,220,125472
QAP,2594,220,125519
QAP,2595,220,125568
QAP,2596,220,125613
QAP,2597,220,125661
QAP,2598,220,125708
QAP,2599,220,125755
QAP,2600,220,125802
QAP,2601,220,125865
QAP,2602,220,125912
QAP,2603,220,125959
QAP,2604,220,126006
QAP,2605,220,126053
QAP,2606,220,126100
QAP,2607,220,126147
QAP,2608,220,126195
QAP,2609,220,126242
QAP,2610,220,126289
QAP,2611,220,126336
QAP,2612,220,126383
QAP,2613,220,126430
QAP,2614,220,126477
QAP,2615,220,126524
QAP,2616,220,126587
QAP,2617,220,126634
QAP,2618,220,126681
QAP,2619,220,126728
QAP,2620,220,126775
QAP,2621,220,126823
QAP,2622,220,126870
QAP,2623,220,126917
QAP,2624,220,126964
QAP,2625,220,127011
QAP,2626,220,127058
QAP,2627,220,127105
QAP,2628,220,127152
QAP,2629,220,127199
QAP,2630,220,127246
QAP,2631,220,127293
QAP,2632,220,127341
QAP,2633,220,127388
QAP,2634,220,127435
QAP,2635,220,127482
QAP,2636,220,127529
QAP,2637,220,127576
QAP,2638,220,127623
QAP,2639,220,127679
QAP,2640,220,127717
QAP,2641,220,127765
QAP,2642,220,127812
QAP,2643,220,127859
QAP,2644,220,127906
QAP,2645,220,127969
QAP,2646,220,128016
QAP,2647,220,128063
QAP,2648,220,128110
QAP,2649,220,128157
QAP,2650,220,128205
QAP,2651,220,128251
QAP,2652,220,128298
QAP,2653,220,128346
QAP,2654,220,128393
QAP,2655,220,128440
QAP,2656,220,128487
QAP,2657,220,128534
QAP,2658,220,128581
QAP,2659,220,128628
QAP,2660,220,128676
QAP,2661,220,128723
QAP,2662,220,128770
QAP,2663,220,128817
QAP,2664,220,128864
QAP,2665,220,128911
QAP,2666,220,128958
QAP,2667,220,129005
QAP,2668,220,129068
QAP,2669,220,129115
QAP,2670,220,129163
QAP,2671,220,129210
QAP,2672,220,129257
QAP,2673,220,129304
QAP,2674,220,129351
QAP,2675,220,129398
QAP,2676,220,129445
QAP,2677,220,129493
QAP,2678,220,129540
QAP,2679,220,129587
QAP,2680,220,129634
QAP,2681,220,129681
QAP,2682,220,129728
QAP,2683,220,129775
QAP,2684,220,129823
QAP,2685,220,129870
QAP,2686,220,129917
QAP,2687,220,129964
QAP,2688,220,130011
QAP,2689,220,130058
QAP,2690,220,130105
QAP,2691,220,130152
QAP,2692,220,130199
QAP,2693,220,130262
QAP,2694,220,130310
QAP,2695,220,130357
QAP,2696,220,130405
QAP,2697,220,130451
QAP,2698,220,130498
QAP,2699,220,130546
QAP,2700,220,130593
QAP,2701,220,130640
QAP,2702,220,130687
QAP,2703,220,130734
QAP,2704,220,130781
QAP,2705,220,130828
QAP,2706,220,130875
QAP,2707,220,130923
QAP,2708,220,130985
QAP,2709,220,131033
QAP,2710,220,131080
QAP,2711,220,131127
QAP,2712,220,131174
QAP,2713,220,131221
QAP,2714,220,131268
QAP,2715,220,131315
QAP,2716,220,131362
QAP,2717,220,131409
QAP,2718,220,131456
QAP,2719,220,131503
QAP,2720,220,131550
QAP,2721,220,131613
QAP,2722,220,131660
QAP,2723,220,131707
QAP,2724,220,131754
QAP,2725,220,131801
QAP,2726,220,131848
QAP,2727,220,131895
QAP,2728,220,131942
QAP,2729,220,131989
QAP,2730,220,132037
QAP,2731,220,132084
QAP,2732,220,132131
QAP,2733,220,132178
QAP,2734,220,132225
QAP,2735,220,132273
QAP,2736,220,132335
QAP,2737,220,132382
QAP,2738,220,132430
QAP,2739,220,132477
QAP,2740,220,132524
QAP,2741,220,132571
QAP,2742,220,132618
QAP,2743,220,132665
QAP,2744,220,132712
QAP,2745,220,132759
QAP,2746,220,132806
QAP,2747,220,132854
QAP,2748,220,132901
QAP,2749,220,132948
QAP,2750,220,132995
QAP,2751,220,133058
QAP,2752,220,133105
QAP,2753,220,133152
QAP,2754,220,133199
QAP,2755,220,133246
QAP,2756,220,133293
QAP,2757,220,133340
QAP,2758,220,133388
QAP,2759,220,133435
QAP,2760,220,133482
QAP,2761,220,133529
QAP,2762,220,133576
QAP,2763,220,133623
QAP,2764,220,133670
QAP,2765,220,133717
QAP,2766,220,133764
QAP,2767,220,133811
QAP,2768,220,133859
QAP,2769,220,133906
QAP,2770,220,133969
QAP,2771,220,134016
QAP,2772,220,134063
QAP,2773,220,134110
QAP,2774,220,134157
QAP,2775,220,134204
QAP,2776,220,134251
QAP,2777,220,134299
QAP,2778,220,134346
QAP,2779,220,134393
QAP,2780,220,134440
QAP,2781,220,134495
QAP,2782,220,134534
QAP,2783,220,134581
QAP,2784,220,134628
QAP,2785,220,134676
QAP,2786,220,134723
QAP,2787,220,134770
QAP,2788,220,134817
QAP,2789,220,134864
QAP,2790,220,134911
QAP,2791,220,134958
QAP,2792,220,135005
QAP,2793,220,135052
QAP,2794,220,135115
QAP,2795,220,135162
QAP,2796,220,135209
QAP,2797,220,135256
QAP,2798,220,135304
QAP,2799,220,135351
QAP,2800,220,135398
QAP,2801,220,135445
QAP,2802,220,135492
QAP,2803,220,135539
QAP,2804,220,135587
QAP,2805,220,135634
QAP,2806,220,135681
QAP,2807,220,135728
QAP,2808,220,135775
QAP,2809,220,135822
QAP,2810,220,135869
QAP,2811,220,135917
QAP,2812,220,135964
QAP,2813,220,136011
QAP,2814,220,136058
QAP,2815,220,136106
QAP,2816,220,136153
QAP,2817,220,136200
QAP,2818,220,136247
QAP,2819,220,136294
QAP,2820,220,136341
QAP,2821,220,136404
QAP,2822,220,136451
QAP,2823,220,136498
QAP,2824,220,136545
QAP,2825,220,136592
QAP,2826,220,136640
QAP,2827,220,136687
QAP,2828,220,136734
QAP,2829,220,136781
QAP,2830,220,136828
QAP,2831,220,136875
QAP,2832,220,136922
QAP,2833,220,136970
QAP,2834,220,137017
QAP,2835,220,137064
QAP,2836,220,137111
QAP,2837,220,137158
QAP,2838,220,137205
QAP,2839,220,137253
QAP,2840,220,137300
QAP,2841,220,137347
QAP,2842,220,137394
QAP,2843,220,137441
QAP,2844,220,137488
QAP,2845,220,137536
QAP,2846,220,137583
QAP,2847,220,137630
QAP,2848,220,137693
QAP,2849,220,137740
QAP,2850,220,137787
QAP,2851,220,137834
QAP,2852,220,137881
QAP,2853,220,137928
QAP,2854,220,137976
QAP,2855,220,138022
QAP,2856,220,138070
QAP,2857,220,138117
QAP,2858,220,138164
QAP,2859,220,138211
QAP,2860,220,138258
QAP,2861,220,138305
QAP,2862,220,138352
QAP,2863,220,138399
QAP,2864,220,138446
QAP,2865,220,138494
QAP,2866,220,138541
QAP,2867,220,138595
QAP,2868,220,138635
QAP,2869,220,138682
QAP,2870,220,138745
QAP,2871,220,138792
QAP,2872,220,138839
QAP,2873,220,138886
QAP,2874,220,138934
QAP,2875,220,138981
QAP,2876,220,139028
QAP,2877,220,139075
QAP,2878,220,139122
QAP,2879,220,139169
QAP,2880,220,139217
QAP,2881,220,139264
QAP,2882,220,139311
QAP,2883,220,139358
QAP,2884,220,139405
QAP,2885,220,139453
QAP,2886,220,139500
QAP,2887,220,139547
QAP,2888,220,139594
QAP,2889,220,139641
QAP,2890,220,139688
QAP,2891,220,139751
QAP,2892,220,139798
QAP,2893,220,139845
QAP,2894,220,139893
QAP,2895,220,139942
QAP,2896,220,139987
QAP,2897,220,140034
QAP,2898,220,140081
QAP,2899,220,140128
QAP,2900,220,140175
QAP,2901,220,140222
QAP,2902,220,140269
QAP,2903,220,140316
QAP,2904,220,140364
QAP,2905,220,140411
QAP,2906,220,140458
QAP,2907,220,140505
QAP,2908,220,140552
QAP,2909,220,140599
QAP,2910,220,140646
QAP,2911,220,140694
QAP,2912,220,140741
QAP,2913,220,140804
QAP,2914,220,140851
QAP,2915,220,140898
QAP,2916,220,140945
QAP,2917,220,140992
QAP,2918,220,141039
QAP,2919,220,141086
QAP,2920,220,141133
QAP,2921,220,141180
QAP,2922,220,141243
QAP,2923,220,141290
QAP,2924,220,141337
QAP,2925,220,141384
QAP,2926,220,141431
QAP,2927,220,141478
QAP,2928,220,141525
QAP,2929,220,141572
QAP,2930,220,141619
QAP,2931,220,141666
QAP,2932,220,141713
QAP,2933,220,141760
QAP,2934,220,141808
QAP,2935,220,141855
QAP,2936,220,141902
QAP,2937,220,141949
QAP,2938,220,141996
QAP,2939,220,142043
QAP,2940,220,142090
QAP,2941,220,142137
QAP,2942,220,142184
QAP,2943,220,142231
QAP,2944,220,142278
QAP,2945,220,142341
QAP,2946,220,142388
QAP,2947,220,142435
QAP,2948,220,142482
QAP,2949,220,142529
QAP,2950,220,142577
QAP,2951,220,142624
QAP,2952,220,142676
QAP,2953,220,142718
QAP,2954,220,142765
QAP,2955,220,142812
QAP,2956,220,142860
QAP,2957,220,142907
QAP,2958,220,142954
QAP,2959,220,143001
QAP,2960,220,143048
QAP,2961,220,143096
QAP,2962,220,143143
QAP,2963,220,143190
QAP,2964,220,143237
QAP,2965,220,143284
QAP,2966,220,143347
QAP,2967,220,143394
QAP,2968,220,143441
QAP,2969,220,143488
QAP,2970,220,143535
QAP,2971,220,143582
QAP,2972,220,143629
QAP,2973,220,143676
QAP,2974,220,143723
QAP,2975,220,143770
QAP,2976,220,143818
QAP,2977,220,143865
QAP,2978,220,143912
QAP,2979,220,143959
QAP,2980,220,144006
QAP,2981,220,144053
QAP,2982,220,144100
QAP,2983,220,144147
QAP,2984,220,144194
QAP,2985,220,144241
QAP,2986,220,144304
QAP,2987,220,144351
QAP,2988,220,144398
QAP,2989,220,144445
QAP,2990,220,144492
QAP,2991,220,144539
QAP,2992,220,144586
QAP,2993,220,144633
QAP,2994,220,144680
QAP,2995,220,144727
QAP,2996,220,144775
QAP,2997,220,144822
QAP,2998,220,144869
QAP,2999,220,144916
QAP,3000,220,144963
QAP,3001,220,145010
QAP,3002,220,145057
QAP,3003,220,145121
QAP,3004,220,145168
QAP,3005,220,145215
QAP,3006,220,145262
QAP,3007,220,145309
QAP,3008,220,145356
QAP,3009,220,145409
QAP,3010,220,145450
QAP,3011,220,145497
QAP,3012,220,145545
QAP,3013,220,145592
QAP,3014,220,145639
QAP,3015,220,145686
QAP,3016,220,145733
QAP,3017,220,145780
QAP,3018,220,145843
QAP,3019,220,145890
QAP,3020,220,145937
QAP,3021,220,145985
QAP,3022,220,146032
QAP,3023,220,146079
QAP,3024,220,146126
QAP,3025,220,146173
QAP,3026,220,146220
QAP,3027,220,146268
QAP,3028,220,146315
QAP,3029,220,146362
QAP,3030,220,146409
QAP,3031,220,146456
QAP,3032,220,146503
QAP,3033,220,146550
QAP,3034,220,146598
QAP,3035,220,146645
QAP,3036,220,146692
QAP,3037,220,146755
QAP,3038,220,146802
QAP,3039,220,146849
QAP,3040,220,146896
QAP,3041,220,146943
QAP,3042,220,146990
QAP,3043,220,147037
QAP,3044,220,147084
QAP,3045,220,147131
QAP,3046,220,147178
QAP,3047,220,147225
QAP,3048,220,147272
QAP,3049,220,147319
QAP,3050,220,147366
QAP,3051,220,147414
QAP,3052,220,147461
QAP,3053,220,147508
QAP,3054,220,147555
QAP,3055,220,147602
QAP,3056,220,147649
QAP,3057,220,147696
QAP,3058,220,147759
QAP,3059,220,147806
QAP,3060,220,147853
QAP,3061,220,147900
QAP,3062,220,147947
QAP,3063,220,147994
QAP,3064,220,148041
QAP,3065,220,148088
QAP,3066,220,148135
QAP,3067,220,148182
QAP,3068,220,148230
QAP,3069,220,148277
QAP,3070,220,148324
QAP,3071,220,148371
QAP,3072,220,148418
QAP,3073,220,148465
QAP,3074,220,148512
QAP,3075,220,148560
QAP,3076,220,148607
QAP,3077,220,148654
QAP,3078,220,148701
QAP,3079,220,148764
QAP,3080,220,148811
QAP,3081,220,148858
QAP,3082,220,148905
QAP,3083,220,148952
QAP,3084,220,148999
QAP,3085,220,149046
QAP,3086,220,149093
QAP,3087,220,149140
QAP,3088,220,149188
QAP,3089,220,149235
QAP,3090,220,149282
QAP,3091,220,149329
QAP,3092,220,149376
QAP,3093,220,149423
QAP,3094,220,149471
QAP,3095,220,149518
QAP,3096,220,149565
QAP,3097,220,149612
QAP,3098,220,149659
QAP,3099,220,149706
QAP,3100,220,149753
QAP,3101,220,149800
QAP,3102,220,149847
QAP,3103,220,149894
QAP,3104,220,149941
QAP,3105,220,149988
QAP,3106,220,150035
QAP,3107,220,150098
QAP,3108,220,150145
QAP,3109,220,150193
QAP,3110,220,150240
QAP,3111,220,150287
QAP,3112,220,150334
QAP,3113,220,150381
QAP,3114,220,150428
QAP,3115,220,150475
QAP,3116,220,150522
QAP,3117,220,150569
QAP,3118,220,150616
QAP,3119,220,150663
QAP,3120,220,150711
QAP,3121,220,150758
QAP,3122,220,150805
QAP,3123,220,150860
QAP,3124,220,150915
QAP,3125,220,150962
QAP,3126,220,151009
QAP,3127,220,151056
QAP,3128,220,151103
QAP,3129,220,151150
QAP,3130,220,151197
QAP,3131,220,151245
QAP,3132,220,151292
QAP,3133,220,151339
QAP,3134,220,151386
QAP,3135,220,151433
QAP,3136,220,151480
QAP,3137,220,151527
QAP,3138,220,151574
QAP,3139,220,151621
QAP,3140,220,151668
QAP,3141,220,151715
QAP,3142,220,151763
QAP,3143,220,151810
QAP,3144,220,151857
QAP,3145,220,151904
QAP,3146,220,151951
QAP,3147,220,151998
QAP,3148,220,152046
QAP,3149,220,152108
QAP,3150,220,152156
QAP,3151,220,152203
QAP,3152,220,152250
QAP,3153,220,152297
QAP,3154,220,152344
QAP,3155,220,152392
QAP,3156,220,152439
QAP,3157,220,152486
QAP,3158,220,152533
QAP,3159,220,152580
QAP,3160,220,152627
QAP,3161,220,152674
QAP,3162,220,152721
QAP,3163,220,152768
QAP,3164,220,152816
QAP,3165,220,152863
QAP,3166,220,152910
QAP,3167,220,152957
QAP,3168,220,153019
QAP,3169,220,153067
QAP,3170,220,153114
QAP,3171,220,153161
QAP,3172,220,153208
QAP,3173,220,153255
QAP,3174,220,153302
QAP,3175,220,153349
QAP,3176,220,153396
QAP,3177,220,153443
QAP,3178,220,153490
QAP,3179,220,153538
QAP,3180,220,153593
QAP,3181,220,153632
QAP,3182,220,153679
QAP,3183,220,153726
QAP,3184,220,153773
QAP,3185,220,153820
QAP,3186,220,153867
QAP,3187,220,153914
QAP,3188,220,153977
QAP,3189,220,154024
QAP,3190,220,154071
QAP,3191,220,154118
QAP,3192,220,154166
QAP,3193,220,154213
QAP,3194,220,154260
QAP,3195,220,154307
QAP,3196,220,154354
QAP,3197,220,154401
QAP,3198,220,154448
QAP,3199,220,154495
QAP,3200,220,154543
QAP,3201,220,154590
QAP,3202,220,154637
QAP,3203,220,154684
QAP,3204,220,154731
QAP,3205,220,154778
QAP,3206,220,154825
QAP,3207,220,154872
QAP,3208,220,154919
QAP,3209,220,154966
QAP,3210,220,155029
QAP,3211,220,155076
QAP,3212,220,155123
QAP,3213,220,155170
QAP,3214,220,155218
QAP,3215,220,155265
QAP,3216,220,155312
QAP,3217,220,155359
QAP,3218,220,155406
QAP,3219,220,155453
QAP,3220,220,155501
QAP,3221,220,155548
QAP,3222,220,155595
QAP,3223,220,155642
QAP,3224,220,155689
QAP,3225,220,155736
QAP,3226,220,155783
QAP,3227,220,155830
QAP,3228,220,155877
QAP,3229,220,155925
QAP,3230,220,155972
QAP,3231,220,156034
QAP,3232,220,156082
QAP,3233,220,156129
QAP,3234,220,156176
QAP,3235,220,156223
QAP,3236,220,156270
QAP,3237,220,156317
QAP,3238,220,156365
QAP,3239,220,156412
QAP,3240,220,156459
QAP,3241,220,156506
QAP,3242,220,156553
QAP,3243,220,156600
QAP,3244,220,156647
QAP,3245,220,156694
QAP,3246,220,156741
QAP,3247,220,156788
QAP,3248,220,156835
QAP,3249,220,156883
QAP,3250,220,156930
QAP,3251,220,156993
QAP,3252,220,157040
QAP,3253,220,157087
QAP,3254,220,157134
QAP,3255,220,157181
QAP,3256,220,157228
QAP,3257,220,157276
QAP,3258,220,157323
QAP,3259,220,157370
QAP,3260,220,157417
QAP,3261,220,157464
QAP,3262,220,157511
QAP,3263,220,157558
QAP,3264,220,157606
QAP,3265,220,157653
QAP,3266,220,157700
QAP,3267,220,157747
QAP,3268,220,157794
QAP,3269,220,157857
QAP,3270,220,157904
QAP,3271,220,157951
QAP,3272,220,157998
QAP,3273,220,158045
QAP,3274,220,158092
QAP,3275,220,158139
QAP,3276,220,158186
QAP,3277,220,158233
QAP,3278,220,158280
QAP,3279,220,158328
QAP,3280,220,158375
QAP,3281,220,158430
QAP,3282,220,158479
QAP,3283,220,158528
QAP,3284,220,158576
QAP,3285,220,158625
QAP,3286,220,158673
QAP,3287,220,158721
QAP,3288,220,158771
QAP,3289,220,158818
QAP,3290,220,158866
QAP,3291,220,158915
QAP,3292,220,158962
QAP,3293,220,159010
QAP,3294,220,159058
QAP,3295,220,159107
QAP,3296,220,159155
QAP,3297,220,159204
QAP,3298,220,159252
QAP,3299,220,159302
QAP,3300,220,159352
QAP,3301,220,159400
QAP,3302,220,159449
QAP,3303,220,159498
QAP,3304,220,159546
QAP,3305,220,159595
QAP,3306,220,159645
QAP,3307,220,159693
QAP,3308,220,159740
QAP,3309,220,159787
QAP,3310,220,159837
QAP,3311,220,159873
QAP,3312,220,159920
QAP,3313,220,159967
QAP,3314,220,160014
QAP,3315,220,160076
QAP,3316,220,160123
QAP,3317,220,160170
QAP,3318,220,160217
QAP,3319,220,160265
QAP,3320,220,160312
QAP,3321,220,160359
QAP,3322,220,160406
QAP,3323,220,160453
QAP,3324,220,160500
QAP,3325,220,160547
QAP,3326,220,160594
QAP,3327,220,160642
QAP,3328,220,160705
QAP,3329,220,160752
QAP,3330,220,160799
QAP,3331,220,160846
QAP,3332,220,160893
QAP,3333,220,160940
QAP,3334,220,160987
QAP,3335,220,161034
QAP,3336,220,161081
QAP,3337,220,161129
QAP,3338,220,161176
QAP,3339,220,161223
QAP,3340,220,161270
QAP,3341,220,161317
QAP,3342,220,161364
QAP,3343,220,161411
QAP,3344,220,161458
QAP,3345,220,161521
QAP,3346,220,161568
QAP,3347,220,161615
QAP,3348,220,161662
QAP,3349,220,161709
QAP,3350,220,161761
QAP,3351,220,161804
QAP,3352,220,161851
QAP,3353,220,161898
QAP,3354,220,161945
QAP,3355,220,161992
QAP,3356,220,162039
QAP,3357,220,162087
QAP,3358,220,162134
QAP,3359,220,162181
QAP,3360,220,162228
QAP,3361,220,162275
QAP,3362,220,162322
QAP,3363,220,162385
QAP,3364,220,162432
QAP,3365,220,162480
QAP,3366,220,162527
QAP,3367,220,162574
QAP,3368,220,162621
QAP,3369,220,162668
QAP,3370,220,162715
QAP,3371,220,162762
QAP,3372,220,162809
QAP,3373,220,162856
QAP,3374,220,162903
QAP,3375,220,162950
QAP,3376,220,162998
QAP,3377,220,163045
QAP,3378,220,163092
QAP,3379,220,163140
QAP,3380,220,163187
QAP,3381,220,163234
QAP,3382,220,163297
QAP,3383,220,163344
QAP,3384,220,163391
QAP,3385,220,163438
QAP,3386,220,163485
QAP,3387,220,163532
QAP,3388,220,163579
QAP,3389,220,163626
QAP,3390,220,163674
QAP,3391,220,163721
QAP,3392,220,163768
QAP,3393,220,163815
QAP,3394,220,163862
QAP,3395,220,163909
QAP,3396,220,163957
QAP,3397,220,164004
QAP,3398,220,164051
QAP,3399,220,164098
QAP,3400,220,164145
QAP,3401,220,164192
QAP,3402,220,164239
QAP,3403,220,164287
QAP,3404,220,164333
QAP,3405,220,164381
QAP,3406,220,164428
QAP,3407,220,164475
QAP,3408,220,164522
QAP,3409,220,164585
QAP,3410,220,164632
QAP,3411,220,164679
QAP,3412,220,164726
QAP,3413,220,164774
QAP,3414,220,164821
QAP,3415,220,164868
QAP,3416,220,164915
QAP,3417,220,164962
QAP,3418,220,165009
QAP,3419,220,165056
QAP,3420,220,165103
QAP,3421,220,165150
QAP,3422,220,165197
QAP,3423,220,165244
QAP,3424,220,165291
QAP,3425,220,165338
QAP,3426,220,165385
QAP,3427,220,165448
QAP,3428,220,165495
QAP,3429,220,165543
QAP,3430,220,165590
QAP,3431,220,165641
QAP,3432,220,165684
QAP,3433,220,165731
QAP,3434,220,165778
QAP,3435,220,165825
QAP,3436,220,165872
QAP,3437,220,165920
QAP,3438,220,165967
QAP,3439,220,166014
QAP,3440,220,166061
QAP,3441,220,166123
QAP,3442,220,166170
QAP,3443,220,166217
QAP,3444,220,166265
QAP,3445,220,166312
QAP,3446,220,166359
QAP,3447,220,166406
QAP,3448,220,166453
QAP,3449,220,166500
QAP,3450,220,166547
QAP,3451,220,166594
QAP,3452,220,166657
QAP,3453,220,166704
QAP,3454,220,166751
QAP,3455,220,166798
QAP,3456,220,166845
QAP,3457,220,166892
QAP,3458,220,166940
QAP,3459,220,166987
QAP,3460,220,167034
QAP,3461,220,167081
QAP,3462,220,167128
QAP,3463,220,167175
QAP,3464,220,167222
QAP,3465,220,167269
QAP,3466,220,167316
QAP,3467,220,167379
QAP,3468,220,167426
QAP,3469,220,167473
QAP,3470,220,167520
QAP,3471,220,167567
QAP,3472,220,167614
QAP,3473,220,167662
QAP,3474,220,167709
QAP,3475,220,167756
QAP,3476,220,167803
QAP,3477,220,167850
QAP,3478,220,167897
QAP,3479,220,167944
QAP,3480,220,167991
QAP,3481,220,168038
QAP,3482,220,168085
QAP,3483,220,168133
QAP,3484,220,168180
QAP,3485,220,168227
QAP,3486,220,168290
QAP,3487,220,168337
QAP,3488,220,168384
QAP,3489,220,168431
QAP,3490,220,168478
QAP,3491,220,168526
QAP,3492,220,168581
QAP,3493,220,168620
QAP,3494,220,168667
QAP,3495,220,168714
QAP,3496,220,168761
QAP,3497,220,168808
QAP,3498,220,168870
QAP,3499,220,168918
QAP,3500,220,168965
QAP,3501,220,169012
QAP,3502,220,169059
QAP,3503,220,169106
QAP,3504,220,169153
QAP,3505,220,169200
QAP,3506,220,169247
QAP,3507,220,169294
QAP,3508,220,169341
QAP,3509,220,169389
QAP,3510,220,169436
QAP,3511,220,169483
QAP,3512,220,169530
QAP,3513,220,169577
QAP,3514,220,169640
QAP,3515,220,169687
QAP,3516,220,169734
QAP,3517,220,169781
QAP,3518,220,169828
QAP,3519,220,169876
QAP,3520,220,169923
QAP,3521,220,169970
QAP,3522,220,170017
QAP,3523,220,170064
QAP,3524,220,170111
QAP,3525,220,170158
QAP,3526,220,170205
QAP,3527,220,170252
QAP,3528,220,170300
QAP,3529,220,170347
QAP,3530,220,170410
QAP,3531,220,170457
QAP,3532,220,170504
QAP,3533,220,170551
QAP,3534,220,170599
QAP,3535,220,170654
QAP,3536,220,170693
QAP,3537,220,170740
QAP,3538,220,170787
QAP,3539,220,170834
QAP,3540,220,170881
QAP,3541,220,170928
QAP,3542,220,170991
QAP,3543,220,171038
QAP,3544,220,171085
QAP,3545,220,171132
QAP,3546,220,171179
QAP,3547,220,171226
QAP,3548,220,171274
QAP,3549,220,171321
QAP,3550,220,171368
QAP,3551,220,171415
QAP,3552,220,171463
QAP,3553,220,171510
QAP,3554,220,171557
QAP,3555,220,171604
QAP,3556,220,171651
QAP,3557,220,171698
QAP,3558,220,171761
QAP,3559,220,171808
QAP,3560,220,171855
QAP,3561,220,171902
QAP,3562,220,171949
QAP,3563,220,171996
QAP,3564,220,172043
QAP,3565,220,172090
QAP,3566,220,172137
QAP,3567,220,172185
QAP,3568,220,172232
QAP,3569,220,172279
QAP,3570,220,172326
QAP,3571,220,172373
QAP,3572,220,172420
QAP,3573,220,172467
QAP,3574,220,172514
QAP,3575,220,172572
QAP,3576,220,172609
QAP,3577,220,172671
QAP,3578,220,172718
QAP,3579,220,172765
QAP,3580,220,172813
QAP,3581,220,172860
QAP,3582,220,172907
QAP,3583,220,172954
QAP,3584,220,173001
QAP,3585,220,173049
QAP,3586,220,173096
QAP,3587,220,173143
QAP,3588,220,173190
QAP,3589,220,173253
QAP,3590,220,173300
QAP,3591,220,173347
QAP,3592,220,173394
QAP,3593,220,173442
QAP,3594,220,173489
QAP,3595,220,173536
QAP,3596,220,173583
QAP,3597,220,173630
QAP,3598,220,173677
QAP,3599,220,173724
QAP,3600,220,173771
QAP,3601,220,173819
QAP,3602,220,173866
QAP,3603,220,173928
QAP,3604,220,173975
QAP,3605,220,174023
QAP,3606,220,174070
QAP,3607,220,174117
QAP,3608,220,174164
QAP,3609,220,174211
QAP,3610,220,174258
QAP,3611,220,174305
QAP,3612,220,174352
QAP,3613,220,174399
QAP,3614,220,174446
QAP,3615,220,174494
QAP,3616,220,174541
QAP,3617,220,174588
QAP,3618,220,174651
QAP,3619,220,174698
QAP,3620,220,174745
QAP,3621,220,174792
QAP,3622,220,174839
QAP,3623,220,174887
QAP,3624,220,174934
QAP,3625,220,174981
QAP,3626,220,175028
QAP,3627,220,175075
QAP,3628,220,175122
QAP,3629,220,175169
QAP,3630,220,175216
QAP,3631,220,175263
QAP,3632,220,175310
QAP,3633,220,175357
QAP,3634,220,175420
QAP,3635,220,175467
QAP,3636,220,175514
QAP,3637,220,175561
QAP,3638,220,175608
QAP,3639,220,175661
QAP,3640,220,175703
QAP,3641,220,175750
QAP,3642,220,175797
QAP,3643,220,175844
QAP,3644,220,175891
QAP,3645,220,175938
QAP,3646,220,175986
QAP,3647,220,176033
QAP,3648,220,176080
QAP,3649,220,176127
QAP,3650,220,176174
QAP,3651,220,176221
QAP,3652,220,176268
QAP,3653,220,176316
QAP,3654,220,176363
QAP,3655,220,176410
QAP,3656,220,176457
QAP,3657,220,176520
QAP,3658,220,176567
QAP,3659,220,176614
QAP,3660,220,176661
QAP,3661,220,176708
QAP,3662,220,176761
QAP,3663,220,176802
QAP,3664,220,176850
QAP,3665,220,176897
QAP,3666,220,176944
QAP,3667,220,176991
QAP,3668,220,177038
QAP,3669,220,177085
QAP,3670,220,177132
QAP,3671,220,177179
QAP,3672,220,177227
QAP,3673,220,177274
QAP,3674,220,177321
QAP,3675,220,177368
QAP,3676,220,177430
QAP,3677,220,177478
QAP,3678,220,177525
QAP,3679,220,177572
QAP,3680,220,177619
QAP,3681,220,177666
QAP,3682,220,177713
QAP,3683,220,177760
QAP,3684,220,177807
QAP,3685,220,177854
QAP,3686,220,177902
QAP,3687,220,177949
QAP,3688,220,177996
QAP,3689,220,178043
QAP,3690,220,178090
QAP,3691,220,178137
QAP,3692,220,178184
QAP,3693,220,178231
QAP,3694,220,178279
QAP,3695,220,178326
QAP,3696,220,178373
QAP,3697,220,178420
QAP,3698,220,178467
QAP,3699,220,178514
QAP,3700,220,178577
QAP,3701,220,178624
QAP,3702,220,178672
QAP,3703,220,178719
QAP,3704,220,178766
QAP,3705,220,178813
QAP,3706,220,178860
QAP,3707,220,178907
QAP,3708,220,178955
QAP,3709,220,179002
QAP,3710,220,179049
QAP,3711,220,179096
QAP,3712,220,179143
QAP,3713,220,179190
QAP,3714,220,179237
QAP,3715,220,179284
QAP,3716,220,179331
QAP,3717,220,179378
QAP,3718,220,179425
QAP,3719,220,179488
QAP,3720,220,179535
QAP,3721,220,179583
QAP,3722,220,179630
QAP,3723,220,179677
QAP,3724,220,179725
QAP,3725,220,179772
QAP,3726,220,179819
QAP,3727,220,179866
QAP,3728,220,179913
QAP,3729,220,179960
QAP,3730,220,180007
QAP,3731,220,180054
QAP,3732,220,180102
QAP,3733,220,180149
QAP,3734,220,180196
QAP,3735,220,180243
QAP,3736,220,180290
QAP,3737,220,180337
QAP,3738,220,180384
QAP,3739,220,180432
QAP,3740,220,180479
QAP,3741,220,180526
QAP,3742,220,180573
QAP,3743,220,180620
QAP,3744,220,180683
QAP,3745,220,180730
QAP,3746,220,180777
QAP,3747,220,180824
QAP,3748,220,180871
QAP,3749,220,180918
QAP,3750,220,180965
QAP,3751,220,181012
QAP,3752,220,181059
QAP,3753,220,181107
QAP,3754,220,181154
QAP,3755,220,181201
QAP,3756,220,181248
QAP,3757,220,181311
QAP,3758,220,181358
QAP,3759,220,181405
QAP,3760,220,181452
QAP,3761,220,181499
QAP,3762,220,181550
QAP,3763,220,181600
QAP,3764,220,181649
QAP,3765,220,181698
QAP,3766,220,181745
QAP,3767,220,181792
QAP,3768,220,181842
QAP,3769,220,181889
QAP,3770,220,181937
QAP,3771,220,181986
QAP,3772,220,182033
QAP,3773,220,182081
QAP,3774,220,182129
QAP,3775,220,182178
QAP,3776,220,182227
QAP,3777,220,182276
QAP,3778,220,182324
QAP,3779,220,182373
QAP,3780,220,182422
QAP,3781,220,182469
QAP,3782,220,182518
QAP,3783,220,182567
QAP,3784,220,182615
QAP,3785,220,182664
QAP,3786,220,182714
QAP,3787,220,182763
QAP,3788,220,182811
QAP,3789,220,182860
QAP,3790,220,182909
QAP,3791,220,182959
QAP,3792,220,183007
QAP,3793,220,183056
QAP,3794,220,183104
QAP,3795,220,183152
QAP,3796,220,183201
QAP,3797,220,183251
QAP,3798,220,183298
QAP,3799,220,183346
QAP,3800,220,183393
QAP,3801,220,183442
QAP,3802,220,183490
QAP,3803,220,183540
QAP,3804,220,183590
QAP,3805,220,183639
QAP,3806,220,183687
QAP,3807,220,183736
QAP,3808,220,183784
QAP,3809,220,183833
QAP,3810,220,183881
QAP,3811,220,183929
QAP,3812,220,183977
QAP,3813,220,184027
QAP,3814,220,184074
QAP,3815,220,184124
QAP,3816,220,184171
QAP,3817,220,184219
QAP,3818,220,184269
QAP,3819,220,184317
QAP,3820,220,184364
QAP,3821,220,184411
QAP,3822,220,184461
QAP,3823,220,184510
QAP,3824,220,184558
QAP,3825,220,184608
QAP,3826,220,184657
QAP,3827,220,184704
QAP,3828,220,184754
QAP,3829,220,184803
QAP,3830,220,184851
QAP,3831,220,184898
QAP,3832,220,184947
QAP,3833,220,184996
QAP,3834,220,185044
QAP,3835,220,185093
QAP,3836,220,185141
QAP,3837,220,185189
QAP,3838,220,185237
QAP,3839,220,185286
QAP,3840,220,185333
QAP,3841,220,185380
QAP,3842,220,185430
QAP,3843,220,185477
QAP,3844,220,185527
QAP,3845,220,185574
QAP,3846,220,185623
QAP,3847,220,185672
QAP,3848,220,185719
QAP,3849,220,185768
QAP,3850,220,185814
QAP,3851,220,185864
QAP,3852,220,185912
QAP,3853,220,185961
QAP,3854,220,186009
QAP,3855,220,186058
QAP,3856,220,186106
QAP,3857,220,186156
QAP,3858,220,186203
QAP,3859,220,186251
QAP,3860,220,186300
QAP,3861,220,186350
QAP,3862,220,186399
QAP,3863,220,186448
QAP,3864,220,186497
QAP,3865,220,186543
QAP,3866,220,186594
QAP,3867,220,186641
QAP,3868,220,186689
QAP,3869,220,186737
QAP,3870,220,186785
QAP,3871,220,186833
QAP,3872,220,186881
QAP,3873,220,186928
QAP,3874,220,186977
QAP,3875,220,187025
QAP,3876,220,187073
QAP,3877,220,187120
QAP,3878,220,187168
QAP,3879,220,187216
QAP,3880,216,187263
QAP,3881,216,187313
QAP,3882,216,187361
QAP,3883,216,187409
QAP,3884,216,187457
QAP,3885,216,187504
QAP,3886,216,187552
QAP,3887,216,187600
QAP,3888,216,187647
QAP,3889,216,187696
QAP,3890,216,187743
QAP,3891,216,187790
QAP,3892,216,187837
QAP,3893,216,187885
QAP,3894,216,187933
QAP,3895,216,187982
QAP,3896,216,188029
QAP,3897,216,188077
QAP,3898,216,188124
QAP,3899,216,188171
QAP,3900,216,188219
QAP,3901,216,188266
QAP,3902,212,188315
QAP,3903,212,188362
QAP,3904,212,188408
QAP,3905,212,188455
QAP,3906,212,188503
QAP,3907,212,188549
QAP,3908,212,188598
QAP,3909,212,188645
QAP,3910,212,188693
QAP,3911,212,188741
QAP,3912,212,188788
QAP,3913,212,188835
QAP,3914,212,188882
QAP,3915,212,188930
QAP,3916,212,188977
QAP,3917,212,189025
QAP,3918,212,189072
QAP,3919,212,189120
QAP,3920,212,189167
QAP,3921,212,189215
QAP,3922,212,189264
QAP,3923,212,189312
QAP,3924,212,189360
QAP,3925,212,189407
QAP,3926,212,189454
QAP,3927,212,189502
QAP,3928,212,189552
QAP,3929,212,189599
QAP,3930,212,189648
QAP,3931,212,189697
QAP,3932,212,189744
QAP,3933,212,189790
QAP,3934,212,189838
QAP,3935,212,189886
QAP,3936,212,189932
QAP,3937,212,189980
QAP,3938,212,190029
QAP,3939,212,190077
QAP,3940,212,190126
QAP,3941,212,190172
QAP,3942,212,190220
QAP,3943,212,190269
QAP,3944,212,190316
QAP,3945,212,190365
QAP,3946,212,190414
QAP,3947,212,190461
QAP,3948,212,190511
QAP,3949,212,190559
QAP,3950,212,190608
QAP,3951,212,190657
QAP,3952,212,190707
QAP,3953,212,190755
QAP,3954,212,190804
QAP,3955,212,190851
QAP,3956,212,190900
QAP,3957,212,190949
QAP,3958,212,190999
QAP,3959,212,191049
QAP,3960,212,191096
QAP,3961,212,191146
QAP,3962,212,191194
QAP,3963,212,191242
QAP,3964,212,191291
QAP,3965,212,191340
QAP,3966,212,191389
QAP,3967,212,191437
QAP,3968,212,191486
QAP,3969,212,191534
QAP,3970,212,191585
QAP,3971,212,191634
QAP,3972,212,191682
QAP,3973,212,191731
QAP,3974,212,191782
QAP,3975,212,191830
QAP,3976,212,191879
QAP,3977,212,191927
QAP,3978,212,191975
QAP,3979,212,192025
QAP,3980,212,192074
QAP,3981,212,192121
QAP,3982,212,192171
QAP,3983,212,192219
QAP,3984,212,192268
QAP,3985,212,192316
QAP,3986,212,192365
QAP,3987,212,192413
QAP,3988,212,192462
QAP,3989,212,192511
QAP,3990,212,192559
QAP,3991,212,192607
QAP,3992,212,192657
QAP,3993,212,192704
QAP,3994,212,192754
QAP,3995,212,192803
QAP,3996,212,192850
QAP,3997,212,192898
QAP,3998,212,192948
QAP,3999,212,192995
QAP,4000,212,193045
QAP,4001,212,193093
QAP,4002,212,193142
QAP,4003,212,193190
QAP,4004,212,193238
QAP,4005,212,193288
QAP,4006,212,193337
QAP,4007,212,193385
QAP,4008,212,193434
QAP,4009,212,193482
QAP,4010,212,193530
QAP,4011,212,193580
QAP,4012,212,193630
QAP,4013,212,193678
QAP,4014,212,193727
QAP,4015,212,193775
QAP,4016,212,193824
QAP,4017,212,193872
QAP,4018,212,193919
QAP,4019,212,193967
QAP,4020,212,194016
QAP,4021,212,194063
QAP,4022,212,194113
QAP,4023,212,194161
QAP,4024,212,194210
QAP,4025,212,194259
QAP,4026,212,194307
QAP,4027,212,194357
QAP,4028,212,194405
QAP,4029,212,194451
QAP,4030,212,194499
QAP,4031,212,194547
QAP,4032,212,194596
QAP,4033,212,194644
QAP,4034,212,194693
QAP,4035,212,194739
QAP,4036,212,194786
QAP,4037,212,194834
QAP,4038,212,194883
QAP,4039,212,194930
QAP,4040,212,194978
QAP,4041,212,195024
QAP,4042,212,195072
QAP,4043,212,195118
QAP,4044,212,195166
QAP,4045,212,195214
QAP,4046,212,195262
QAP,4047,212,195309
QAP,4048,212,195357
QAP,4049,212,195405
QAP,4050,212,195452
QAP,4051,212,195499
QAP,4052,212,195547
QAP,4053,212,195594
QAP,4054,212,195643
QAP,4055,212,195689
QAP,4056,212,195737
QAP,4057,212,195784
QAP,4058,212,195831
QAP,4059,212,195878
QAP,4060,212,195925
QAP,4061,212,195973
QAP,4062,212,196020
QAP,4063,212,196069
QAP,4064,212,196116
QAP,4065,212,196162
QAP,4066,212,196209
QAP,4067,212,196257
QAP,4068,212,196307
QAP,4069,212,196353
QAP,4070,212,196400
QAP,4071,212,196450
QAP,4072,212,196496
QAP,4073,212,196545
QAP,4074,212,196593
QAP,4075,212,196640
QAP,4076,212,196688
QAP,4077,212,196738
QAP,4078,212,196786
QAP,4079,212,196835
QAP,4080,212,196883
QAP,4081,212,196931
QAP,4082,212,196979
QAP,4083,212,197027
QAP,4084,212,197075
QAP,4085,212,197123
QAP,4086,212,197171
QAP,4087,212,197220
QAP,4088,212,197268
QAP,4089,212,197318
QAP,4090,212,197366
QAP,4091,212,197415
QAP,4092,212,197464
QAP,4093,212,197511
QAP,4094,212,197562
QAP,4095,212,197611
QAP,4096,212,197647
QAP,4097,212,197710
QAP,4098,212,197757
QAP,4099,212,197804
QAP,4100,212,197851
QAP,4101,212,197899
QAP,4102,212,197946
QAP,4103,212,197993
QAP,4104,212,198040
QAP,4105,212,198087
QAP,4106,212,198134
QAP,4107,212,198197
QAP,4108,212,198244
QAP,4109,212,198291
QAP,4110,212,198339
QAP,4111,212,198386
QAP,4112,212,198433
QAP,4113,212,198480
QAP,4114,212,198527
QAP,4115,212,198574
QAP,4116,212,198637
QAP,4117,212,198684
QAP,4118,212,198731
QAP,4119,212,198778
QAP,4120,212,198826
QAP,4121,212,198873
QAP,4122,212,198920
QAP,4123,212,198967
QAP,4124,212,199014
QAP,4125,212,199077
QAP,4126,212,199124
QAP,4127,212,199171
QAP,4128,212,199218
QAP,4129,212,199265
QAP,4130,212,199312
QAP,4131,212,199359
QAP,4132,212,199406
QAP,4133,212,199453
QAP,4134,212,199501
QAP,4135,212,199548
QAP,4136,212,199611
QAP,4137,212,199658
QAP,4138,212,199705
QAP,4139,212,199752
QAP,4140,212,199799
QAP,4141,212,199846
QAP,4142,212,199893
QAP,4143,212,199940
QAP,4144,212,199987
QAP,4145,212,200050
QAP,4146,212,200097
QAP,4147,212,200144
QAP,4148,212,200191
QAP,4149,212,200239
QAP,4150,212,200286
QAP,4151,212,200333
QAP,4152,212,200380
QAP,4153,212,200427
QAP,4154,212,200474
QAP,4155,212,200537
QAP,4156,212,200584
QAP,4157,212,200631
QAP,4158,212,200678
QAP,4159,212,200730
QAP,4160,212,200773
QAP,4161,212,200820
QAP,4162,212,200867
QAP,4163,212,200914
QAP,4164,212,200961
QAP,4165,212,201008
QAP,4166,212,201055
QAP,4167,212,201102
QAP,4168,212,201149
QAP,4169,212,201212
QAP,4170,212,201259
QAP,4171,212,201306
QAP,4172,212,201353
QAP,4173,212,201401
QAP,4174,212,201448
QAP,4175,212,201495
QAP,4176,212,201542
QAP,4177,212,201589
QAP,4178,212,201636
QAP,4179,212,201683
QAP,4180,212,201730
QAP,4181,212,201778
QAP,4182,212,201825
QAP,4183,212,201872
QAP,4184,212,201919
QAP,4185,212,201966
QAP,4186,212,202013
QAP,4187,212,202060
QAP,4188,212,202123
QAP,4189,212,202170
QAP,4190,212,202217
QAP,4191,212,202264
QAP,4192,212,202311
QAP,4193,212,202358
QAP,4194,212,202406
QAP,4195,212,202453
QAP,4196,212,202500
QAP,4197,212,202547
QAP,4198,212,202594
QAP,4199,212,202641
QAP,4200,212,202688
QAP,4201,212,202735
QAP,4202,212,202782
QAP,4203,212,202829
QAP,4204,212,202876
QAP,4205,212,202924
QAP,4206,212,202971
QAP,4207,212,203018
QAP,4208,212,203065
QAP,4209,212,203128
QAP,4210,212,203175
QAP,4211,212,203222
QAP,4212,212,203269
QAP,4213,212,203316
QAP,4214,212,203363
QAP,4215,212,203410
QAP,4216,212,203458
QAP,4217,212,203505
QAP,4218,212,203552
QAP,4219,212,203599
QAP,4220,212,203646
QAP,4221,212,203693
QAP,4222,212,203740
QAP,4223,212,203788
QAP,4224,212,203835
QAP,4225,212,203882
QAP,4226,212,203929
QAP,4227,212,203976
QAP,4228,212,204023
QAP,4229,212,204070
QAP,4230,212,204117
QAP,4231,212,204180
QAP,4232,212,204227
QAP,4233,212,204274
QAP,4234,212,204321
QAP,4235,212,204368
QAP,4236,212,204416
QAP,4237,212,204463
QAP,4238,212,204510
QAP,4239,212,204557
QAP,4240,212,204604
QAP,4241,212,204651
QAP,4242,212,204698
QAP,4243,212,204745
QAP,4244,212,204793
QAP,4245,212,204840
QAP,4246,212,204887
QAP,4247,212,204934
QAP,4248,212,204981
QAP,4249,212,205028
QAP,4250,212,205075
QAP,4251,212,205122
QAP,4252,212,205169
QAP,4253,212,205217
QAP,4254,212,205264
QAP,4255,212,205311
QAP,4256,212,205358
QAP,4257,212,205405
QAP,4258,212,205452
QAP,4259,212,205499
QAP,4260,212,205547
QAP,4261,212,205609
QAP,4262,212,205657
QAP,4263,212,205704
QAP,4264,212,205751
QAP,4265,212,205798
QAP,4266,212,205845
QAP,4267,212,205892
QAP,4268,212,205940
QAP,4269,212,205987
QAP,4270,212,206034
QAP,4271,212,206081
QAP,4272,212,206128
QAP,4273,212,206175
QAP,4274,212,206222
QAP,4275,212,206269
QAP,4276,212,206316
QAP,4277,212,206363
QAP,4278,212,206410
QAP,4279,212,206457
QAP,4280,212,206504
QAP,4281,212,206551
QAP,4282,212,206599
QAP,4283,212,206646
QAP,4284,212,206693
QAP,4285,212,206748
QAP,4286,212,206787
QAP,4287,212,206834
QAP,4288,212,206881
QAP,4289,212,206944
QAP,4290,212,206991
QAP,4291,212,207038
QAP,4292,212,207086
QAP,4293,212,207133
QAP,4294,212,207180
QAP,4295,212,207227
QAP,4296,212,207274
QAP,4297,212,207321
QAP,4298,212,207368
QAP,4299,212,207416
QAP,4300,212,207463
QAP,4301,212,207510
QAP,4302,212,207557
QAP,4303,212,207604
QAP,4304,212,207651
QAP,4305,212,207698
QAP,4306,212,207745
QAP,4307,212,207808
QAP,4308,212,207855
QAP,4309,212,207903
QAP,4310,212,207950
QAP,4311,212,207997
QAP,4312,212,208044
QAP,4313,212,208091
QAP,4314,212,208138
QAP,4315,212,208185
QAP,4316,212,208232
QAP,4317,212,208280
QAP,4318,212,208327
QAP,4319,212,208374
QAP,4320,212,208421
QAP,4321,212,208468
QAP,4322,212,208515
QAP,4323,212,208562
QAP,4324,212,208609
QAP,4325,212,208656
QAP,4326,212,208703
QAP,4327,212,208750
QAP,4328,212,208797
QAP,4329,212,208844
QAP,4330,212,208891
QAP,4331,212,208938
QAP,4332,212,208985
QAP,4333,212,209032
QAP,4334,212,209079
QAP,4335,212,209127
QAP,4336,212,209174
QAP,4337,212,209221
QAP,4338,212,209268
QAP,4339,212,209331
QAP,4340,212,209378
QAP,4341,212,209425
QAP,4342,212,209474
QAP,4343,212,209519
QAP,4344,212,209566
QAP,4345,212,209613
QAP,4346,212,209660
QAP,4347,212,209707
QAP,4348,212,209755
QAP,4349,212,209802
QAP,4350,212,209849
QAP,4351,212,209896
QAP,4352,212,209943
QAP,4353,212,209990
QAP,4354,212,210037
QAP,4355,212,210084
QAP,4356,212,210131
QAP,4357,212,210178
QAP,4358,212,210226
QAP,4359,212,210273
QAP,4360,212,210320
QAP,4361,212,210382
QAP,4362,212,210429
QAP,4363,212,210476
QAP,4364,212,210523
QAP,4365,212,210571
QAP,4366,212,210618
QAP,4367,212,210665
QAP,4368,212,210712
QAP,4369,212,210766
QAP,4370,212,210806
QAP,4371,212,210853
QAP,4372,212,210901
QAP,4373,212,210948
QAP,4374,212,210995
QAP,4375,212,211042
QAP,4376,212,211089
QAP,4377,212,211136
QAP,4378,212,211183
QAP,4379,212,211230
QAP,4380,212,211277
QAP,4381,212,211340
QAP,4382,212,211387
QAP,4383,212,211434
QAP,4384,212,211481
QAP,4385,212,211528
QAP,4386,212,211576
QAP,4387,212,211623
QAP,4388,212,211670
QAP,4389,212,211717
QAP,4390,212,211764
QAP,4391,212,211811
QAP,4392,212,211858
QAP,4393,212,211905
QAP,4394,212,211953
QAP,4395,212,212000
QAP,4396,212,212047
QAP,4397,212,212094
QAP,4398,212,212141
QAP,4399,212,212196
QAP,4400,212,212236
QAP,4401,212,212283
QAP,4402,212,212330
QAP,4403,212,212377
QAP,4404,212,212440
QAP,4405,212,212487
QAP,4406,212,212534
QAP,4407,212,212581
QAP,4408,212,212628
QAP,4409,212,212675
QAP,4410,212,212722
QAP,4411,212,212769
QAP,4412,212,212817
QAP,4413,212,212864
QAP,4414,212,212911
QAP,4415,212,212958
QAP,4416,212,213005
QAP,4417,212,213052
QAP,4418,212,213099
QAP,4419,212,213146
QAP,4420,212,213193
QAP,4421,212,213240
QAP,4422,212,213287
QAP,4423,212,213334
QAP,4424,212,213382
QAP,4425,212,213445
QAP,4426,212,213492
QAP,4427,212,213539
QAP,4428,212,213586
QAP,4429,212,213633
QAP,4430,212,213680
QAP,4431,212,213727
QAP,4432,212,213775
QAP,4433,212,213822
QAP,4434,212,213869
QAP,4435,212,213916
QAP,4436,212,213963
QAP,4437,212,214010
QAP,4438,212,214057
QAP,4439,212,214104
QAP,4440,212,214151
QAP,4441,212,214198
QAP,4442,212,214245
QAP,4443,212,214292
QAP,4444,212,214339
QAP,4445,212,214387
QAP,4446,212,214434
QAP,4447,212,214481
QAP,4448,212,214528
QAP,4449,212,214591
QAP,4450,212,214638
QAP,4451,212,214685
QAP,4452,212,214732
QAP,4453,212,214779
QAP,4454,212,214826
QAP,4455,212,214873
QAP,4456,212,214925
QAP,4457,212,214967
QAP,4458,212,215014
QAP,4459,212,215061
QAP,4460,212,215108
QAP,4461,212,215155
QAP,4462,212,215203
QAP,4463,212,215250
QAP,4464,212,215297
QAP,4465,212,215344
QAP,4466,212,215391
QAP,4467,212,215438
QAP,4468,212,215485
QAP,4469,212,215532
QAP,4470,212,215579
QAP,4471,212,215627
QAP,4472,212,215674
QAP,4473,212,215737
QAP,4474,212,215784
QAP,4475,212,215831
QAP,4476,212,215878
QAP,4477,212,215925
QAP,4478,212,215972
QAP,4479,212,216019
QAP,4480,212,216066
QAP,4481,212,216114
QAP,4482,212,216161
QAP,4483,212,216208
QAP,4484,212,216255
QAP,4485,212,216302
QAP,4486,212,216349
QAP,4487,212,216396
QAP,4488,212,216444
QAP,4489,212,216491
QAP,4490,212,216538
QAP,4491,212,216585
QAP,4492,212,216632
QAP,4493,212,216679
QAP,4494,212,216742
QAP,4495,212,216789
QAP,4496,212,216836
QAP,4497,212,216883
QAP,4498,212,216930
QAP,4499,212,216977
QAP,4500,212,217024
QAP,4501,212,217071
QAP,4502,212,217118
QAP,4503,212,217166
QAP,4504,212,217213
QAP,4505,212,217260
QAP,4506,212,217307
QAP,4507,212,217354
QAP,4508,212,217401
QAP,4509,212,217448
QAP,4510,212,217495
QAP,4511,212,217542
QAP,4512,212,217590
QAP,4513,212,217637
QAP,4514,212,217700
QAP,4515,212,217747
QAP,4516,212,217794
QAP,4517,212,217841
QAP,4518,212,217888
QAP,4519,212,217935
QAP,4520,212,217983
QAP,4521,212,218030
QAP,4522,212,218077
QAP,4523,212,218124
QAP,4524,212,218171
QAP,4525,212,218218
QAP,4526,212,218265
QAP,4527,212,218312
QAP,4528,212,218359
QAP,4529,212,218407
QAP,4530,212,218454
QAP,4531,212,218501
QAP,4532,212,218548
QAP,4533,212,218595
QAP,4534,212,218643
QAP,4535,212,218690
QAP,4536,212,218737
QAP,4537,212,218784
QAP,4538,212,218831
QAP,4539,212,218878
QAP,4540,212,218925
QAP,4541,212,218972
QAP,4542,212,219035
QAP,4543,212,219082
QAP,4544,212,219129
QAP,4545,212,219176
QAP,4546,212,219223
QAP,4547,212,219270
QAP,4548,212,219317
QAP,4549,212,219364
QAP,4550,212,219411
QAP,4551,212,219459
QAP,4552,212,219506
QAP,4553,212,219553
QAP,4554,212,219600
QAP,4555,212,219647
QAP,4556,212,219694
QAP,4557,212,219741
QAP,4558,212,219788
QAP,4559,212,219835
QAP,4560,212,219883
QAP,4561,212,219930
QAP,4562,212,219977
QAP,4563,212,220024
QAP,4564,212,220071
QAP,4565,212,220118
QAP,4566,212,220165
QAP,4567,212,220212
QAP,4568,212,220275
QAP,4569,212,220322
QAP,4570,212,220371
QAP,4571,212,220416
QAP,4572,212,220464
QAP,4573,212,220511
QAP,4574,212,220558
QAP,4575,212,220605
QAP,4576,212,220652
QAP,4577,212,220699
QAP,4578,212,220747
QAP,4579,212,220794
QAP,4580,212,220841
QAP,4581,212,220888
QAP,4582,212,220935
QAP,4583,212,220982
QAP,4584,212,221029
QAP,4585,212,221076
QAP,4586,212,221123
QAP,4587,212,221170
QAP,4588,212,221233
QAP,4589,212,221280
QAP,4590,212,221327
QAP,4591,212,221375
QAP,4592,212,221422
QAP,4593,212,221469
QAP,4594,212,221516
QAP,4595,212,221563
QAP,4596,212,221610
QAP,4597,212,221657
QAP,4598,212,221704
QAP,4599,212,221751
QAP,4600,212,221798
QAP,4601,212,221846
QAP,4602,212,221893
QAP,4603,212,221940
QAP,4604,212,221987
QAP,4605,212,222034
QAP,4606,212,222081
QAP,4607,212,222144
QAP,4608,212,222191
QAP,4609,212,222238
QAP,4610,212,222285
QAP,4611,212,222332
QAP,4612,212,222379
QAP,4613,212,222426
QAP,4614,212,222473
QAP,4615,212,222521
QAP,4616,212,222568
QAP,4617,212,222615
QAP,4618,212,222662
QAP,4619,212,222709
QAP,4620,212,222756
QAP,4621,212,222803
QAP,4622,212,222850
QAP,4623,212,222897
QAP,4624,212,222945
QAP,4625,212,222992
QAP,4626,212,223039
QAP,4627,212,223086
QAP,4628,212,223133
QAP,4629,212,223180
QAP,4630,212,223227
QAP,4631,212,223275
QAP,4632,212,223337
QAP,4633,212,223384
QAP,4634,212,223431
QAP,4635,212,223479
QAP,4636,212,223526
QAP,4637,212,223573
QAP,4638,212,223620
QAP,4639,212,223667
QAP,4640,212,223714
QAP,4641,212,223761
QAP,4642,212,223808
QAP,4643,212,223855
QAP,4644,212,223902
QAP,4645,212,223949
QAP,4646,212,223997
QAP,4647,212,224044
QAP,4648,212,224091
QAP,4649,212,224154
QAP,4650,212,224201
QAP,4651,212,224248
QAP,4652,212,224295
QAP,4653,212,224342
QAP,4654,212,224389
QAP,4655,212,224436
QAP,4656,212,224484
QAP,4657,212,224531
QAP,4658,212,224578
QAP,4659,212,224625
QAP,4660,212,224672
QAP,4661,212,224719
QAP,4662,212,224766
QAP,4663,212,224813
QAP,4664,212,224861
QAP,4665,212,224908
QAP,4666,212,224955
QAP,4667,212,225002
QAP,4668,212,225049
QAP,4669,212,225112
QAP,4670,212,225159
QAP,4671,212,225206
QAP,4672,212,225253
QAP,4673,212,225300
QAP,4674,212,225347
QAP,4675,212,225394
QAP,4676,212,225441
QAP,4677,212,225488
QAP,4678,212,225536
QAP,4679,212,225583
QAP,4680,212,225630
QAP,4681,212,225677
QAP,4682,212,225724
QAP,4683,212,225771
QAP,4684,212,225818
QAP,4685,212,225865
QAP,4686,212,225912
QAP,4687,212,225975
QAP,4688,212,226022
QAP,4689,212,226069
QAP,4690,212,226116
QAP,4691,212,226163
QAP,4692,212,226210
QAP,4693,212,226257
QAP,4694,212,226305
QAP,4695,212,226352
QAP,4696,212,226399
QAP,4697,212,226446
QAP,4698,212,226493
QAP,4699,212,226540
QAP,4700,212,226587
QAP,4701,212,226635
QAP,4702,212,226682
QAP,4703,212,226729
QAP,4704,212,226776
QAP,4705,212,226839
QAP,4706,212,226886
QAP,4707,212,226933
QAP,4708,212,226980
QAP,4709,212,227028
QAP,4710,212,227075
QAP,4711,212,227122
QAP,4712,212,227169
QAP,4713,212,227216
QAP,4714,212,227263
QAP,4715,212,227310
QAP,4716,212,227357
QAP,4717,212,227404
QAP,4718,212,227452
QAP,4719,212,227499
QAP,4720,212,227546
QAP,4721,212,227593
QAP,4722,212,227640
QAP,4723,212,227687
QAP,4724,212,227734
QAP,4725,212,227781
QAP,4726,212,227844
QAP,4727,212,227891
QAP,4728,212,227938
QAP,4729,212,227985
QAP,4730,212,228032
QAP,4731,212,228080
QAP,4732,212,228127
QAP,4733,212,228174
QAP,4734,212,228221
QAP,4735,212,228268
QAP,4736,212,228315
QAP,4737,212,228362
QAP,4738,212,228409
QAP,4739,212,228456
QAP,4740,212,228504
QAP,4741,212,228559
QAP,4742,212,228598
QAP,4743,212,228645
QAP,4744,212,228692
QAP,4745,212,228739
QAP,4746,212,228786
QAP,4747,212,228833
QAP,4748,212,228880
QAP,4749,212,228927
QAP,4750,212,228975
QAP,4751,212,229022
QAP,4752,212,229069
QAP,4753,212,229116
QAP,4754,212,229163
QAP,4755,212,229210
QAP,4756,212,229273
QAP,4757,212,229320
QAP,4758,212,229367
QAP,4759,212,229414
QAP,4760,212,229461
QAP,4761,212,229508
QAP,4762,212,229555
QAP,4763,212,229602
QAP,4764,212,229649
QAP,4765,212,229697
QAP,4766,212,229744
QAP,4767,212,229791
QAP,4768,212,229838
QAP,4769,212,229885
QAP,4770,212,229932
QAP,4771,212,229979
QAP,4772,212,230026
QAP,4773,212,230073
QAP,4774,212,230121
QAP,4775,212,230168
QAP,4776,212,230230
QAP,4777,212,230278
QAP,4778,212,230325
QAP,4779,212,230372
QAP,4780,212,230419
QAP,4781,212,230466
QAP,4782,212,230513
QAP,4783,212,230560
QAP,4784,212,230607
QAP,4785,212,230654
QAP,4786,212,230702
QAP,4787,212,230749
QAP,4788,212,230804
QAP,4789,212,230843
QAP,4790,212,230890
QAP,4791,212,230938
QAP,4792,212,230985
QAP,4793,212,231032
QAP,4794,212,231079
QAP,4795,212,231126
QAP,4796,212,231173
QAP,4797,212,231220
QAP,4798,212,231267
QAP,4799,212,231314
QAP,4800,212,231361
QAP,4801,212,231409
QAP,4802,212,231456
QAP,4803,212,231519
QAP,4804,212,231566
QAP,4805,212,231613
QAP,4806,212,231660
QAP,4807,212,231707
QAP,4808,212,231755
QAP,4809,212,231802
QAP,4810,212,231849
QAP,4811,212,231896
QAP,4812,212,231943
QAP,4813,212,231990
QAP,4814,212,232037
QAP,4815,212,232085
QAP,4816,212,232132
QAP,4817,212,232179
QAP,4818,212,232226
QAP,4819,212,232273
QAP,4820,212,232320
QAP,4821,212,232367
QAP,4822,212,232414
QAP,4823,212,232461
QAP,4824,212,232509
QAP,4825,212,232556
QAP,4826,212,232618
QAP,4827,212,232666
QAP,4828,212,232713
QAP,4829,212,232760
QAP,4830,212,232807
QAP,4831,212,232854
QAP,4832,212,232901
QAP,4833,212,232948
QAP,4834,212,232995
QAP,4835,212,233043
QAP,4836,212,233090
QAP,4837,212,233137
QAP,4838,212,233184
QAP,4839,212,233231
QAP,4840,212,233278
QAP,4841,212,233325
QAP,4842,212,233372
QAP,4843,212,233420
QAP,4844,212,233467
QAP,4845,212,233514
QAP,4846,212,233577
QAP,4847,212,233624
QAP,4848,212,233671
QAP,4849,212,233718
QAP,4850,212,233765
QAP,4851,212,233812
QAP,4852,212,233859
QAP,4853,212,233907
QAP,4854,212,233954
QAP,4855,212,234009
QAP,4856,212,234048
QAP,4857,212,234095
QAP,4858,212,234142
QAP,4859,212,234204
QAP,4860,212,234252
QAP,4861,212,234299
QAP,4862,212,234346
QAP,4863,212,234393
QAP,4864,212,234440
QAP,4865,212,234487
QAP,4866,212,234534
QAP,4867,212,234581
QAP,4868,212,234628
QAP,4869,212,234675
QAP,4870,212,234722
QAP,4871,212,234785
QAP,4872,212,234832
QAP,4873,212,234879
QAP,4874,212,234926
QAP,4875,212,234973
QAP,4876,212,235021
QAP,4877,212,235068
QAP,4878,212,235115
QAP,4879,212,235162
QAP,4880,212,235209
QAP,4881,212,235256
QAP,4882,212,235303
QAP,4883,212,235350
QAP,4884,212,235413
QAP,4885,212,235460
QAP,4886,212,235507
QAP,4887,212,235554
QAP,4888,212,235601
QAP,4889,212,235648
QAP,4890,212,235696
QAP,4891,212,235743
QAP,4892,212,235790
QAP,4893,212,235837
QAP,4894,212,235884
QAP,4895,212,235931
QAP,4896,212,235978
QAP,4897,212,236025
QAP,4898,212,236088
QAP,4899,212,236135
QAP,4900,212,236182
QAP,4901,212,236229
QAP,4902,212,236276
QAP,4903,212,236323
QAP,4904,212,236371
QAP,4905,212,236418
QAP,4906,212,236465
QAP,4907,212,236512
QAP,4908,212,236559
QAP,4909,212,236607
QAP,4910,212,236654
QAP,4911,212,236701
QAP,4912,212,236748
QAP,4913,212,236795
QAP,4914,212,236843
QAP,4915,212,236890
QAP,4916,212,236937
QAP,4917,212,236984
QAP,4918,212,237031
QAP,4919,212,237094
QAP,4920,212,237141
QAP,4921,212,237188
QAP,4922,212,237236
QAP,4923,212,237283
QAP,4924,212,237330
QAP,4925,212,237377
QAP,4926,212,237424
QAP,4927,212,237471
QAP,4928,212,237518
QAP,4929,212,237565
QAP,4930,212,237613
QAP,4931,212,237660
QAP,4932,212,237707
QAP,4933,212,237754
QAP,4934,212,237817
QAP,4935,212,237864
QAP,4936,212,237911
QAP,4937,212,237958
QAP,4938,212,238005
QAP,4939,212,238052
QAP,4940,212,238105
QAP,4941,212,238146
QAP,4942,212,238193
QAP,4943,212,238240
QAP,4944,212,238288
QAP,4945,212,238335
QAP,4946,212,238381
QAP,4947,212,238429
QAP,4948,212,238476
QAP,4949,212,238538
QAP,4950,212,238585
QAP,4951,212,238633
QAP,4952,212,238680
QAP,4953,212,238727
QAP,4954,212,238774
QAP,4955,212,238821
QAP,4956,212,238868
QAP,4957,212,238915
QAP,4958,212,238963
QAP,4959,212,239010
QAP,4960,212,239057
QAP,4961,212,239104
QAP,4962,212,239167
QAP,4963,212,239214
QAP,4964,212,239261
QAP,4965,212,239308
QAP,4966,212,239355
QAP,4967,212,239402
QAP,4968,212,239455
QAP,4969,212,239497
QAP,4970,212,239544
QAP,4971,212,239591
QAP,4972,212,239638
QAP,4973,212,239685
QAP,4974,212,239732
QAP,4975,212,239779
QAP,4976,212,239826
QAP,4977,212,239873
QAP,4978,212,239936
QAP,4979,212,239983
QAP,4980,212,240030
QAP,4981,212,240077
QAP,4982,212,240124
QAP,4983,212,240172
QAP,4984,212,240219
QAP,4985,212,240266
QAP,4986,212,240313
QAP,4987,212,240360
QAP,4988,212,240407
QAP,4989,212,240454
QAP,4990,212,240501
QAP,4991,212,240548
QAP,4992,212,240611
QAP,4993,212,240658
QAP,4994,212,240705
QAP,4995,212,240752
QAP,4996,212,240799
QAP,4997,212,240846
QAP,4998,212,240893
QAP,4999,212,240956
