Problem,Generation,BestCost,TimeMS
GPP,0,433,0
GPP,1,415,31
GPP,2,415,47
GPP,3,413,78
GPP,4,413,111
GPP,5,412,140
GPP,6,412,158
GPP,7,408,195
GPP,8,408,222
GPP,9,408,249
GPP,10,408,275
GPP,11,408,304
GPP,12,408,325
GPP,13,403,361
GPP,14,403,387
GPP,15,403,415
GPP,16,403,442
GPP,17,403,470
GPP,18,403,497
GPP,19,403,525
GPP,20,403,552
GPP,21,403,575
GPP,22,401,606
GPP,23,401,625
GPP,24,401,661
GPP,25,399,675
GPP,26,399,716
GPP,27,399,743
GPP,28,399,770
GPP,29,399,797
GPP,30,399,824
GPP,31,399,851
GPP,32,390,875
GPP,33,390,906
GPP,34,390,933
GPP,35,390,960
GPP,36,390,975
GPP,37,388,1006
GPP,38,388,1038
GPP,39,388,1069
GPP,40,388,1085
GPP,41,388,1116
GPP,42,388,1148
GPP,43,388,1164
GPP,44,388,1195
GPP,45,388,1227
GPP,46,383,1258
GPP,47,368,1274
GPP,48,368,1305
GPP,49,368,1337
GPP,50,368,1352
GPP,51,368,1384
GPP,52,368,1415
GPP,53,368,1431
GPP,54,368,1462
GPP,55,368,1494
GPP,56,368,1525
GPP,57,368,1541
GPP,58,368,1572
GPP,59,368,1604
GPP,60,368,1619
GPP,61,368,1651
GPP,62,367,1682
GPP,63,367,1698
GPP,64,367,1729
GPP,65,367,1760
GPP,66,364,1792
GPP,67,364,1823
GPP,68,364,1839
GPP,69,364,1870
GPP,70,364,1902
GPP,71,364,1933
GPP,72,364,1949
GPP,73,364,1980
GPP,74,364,2012
GPP,75,364,2027
GPP,76,358,2059
GPP,77,358,2090
GPP,78,358,2106
GPP,79,358,2137
GPP,80,358,2169
GPP,81,358,2200
GPP,82,355,2216
GPP,83,355,2247
GPP,84,355,2279
GPP,85,355,2295
GPP,86,355,2326
GPP,87,355,2357
GPP,88,355,2373
GPP,89,355,2405
GPP,90,355,2436
GPP,91,355,2452
GPP,92,350,2483
GPP,93,350,2515
GPP,94,350,2546
GPP,95,350,2562
GPP,96,350,2593
GPP,97,350,2624
GPP,98,350,2640
GPP,99,350,2672
GPP,100,348,2703
GPP,101,348,2719
GPP,102,339,2750
GPP,103,339,2782
GPP,104,337,2797
GPP,105,337,2829
GPP,106,337,2860
GPP,107,337,2876
GPP,108,337,2908
GPP,109,334,2939
GPP,110,334,2955
GPP,111,327,2994
GPP,112,327,3018
GPP,113,324,3033
GPP,114,324,3065
GPP,115,324,3096
GPP,116,324,3128
GPP,117,324,3143
GPP,118,324,3175
GPP,119,324,3206
GPP,120,324,3222
GPP,121,323,3253
GPP,122,323,3284
GPP,123,323,3300
GPP,124,323,3332
GPP,125,323,3363
GPP,126,323,3394
GPP,127,323,3410
GPP,128,322,3442
GPP,129,322,3473
GPP,130,322,3489
GPP,131,322,3520
GPP,132,322,3551
GPP,133,322,3567
GPP,134,318,3599
GPP,135,318,3630
GPP,136,318,3646
GPP,137,318,3677
GPP,138,318,3709
GPP,139,318,3724
GPP,140,318,3756
GPP,141,318,3787
GPP,142,318,3803
GPP,143,318,3834
GPP,144,309,3866
GPP,145,309,3881
GPP,146,309,3913
GPP,147,309,3944
GPP,148,309,3960
GPP,149,309,3991
GPP,150,309,4023
GPP,151,309,4038
GPP,152,308,4070
GPP,153,308,4101
GPP,154,308,4117
GPP,155,308,4148
GPP,156,308,4180
GPP,157,308,4196
GPP,158,308,4227
GPP,159,308,4259
GPP,160,308,4290
GPP,161,308,4306
GPP,162,307,4337
GPP,163,307,4368
GPP,164,307,4384
GPP,165,307,4416
GPP,166,307,4447
GPP,167,307,4471
GPP,168,307,4494
GPP,169,307,4526
GPP,170,307,4557
GPP,171,307,4573
GPP,172,307,4604
GPP,173,307,4635
GPP,174,307,4651
GPP,175,307,4683
GPP,176,307,4714
GPP,177,307,4730
GPP,178,307,4761
GPP,179,307,4792
GPP,180,307,4808
GPP,181,307,4839
GPP,182,307,4871
GPP,183,307,4886
GPP,184,307,4918
GPP,185,307,4949
GPP,186,307,4981
GPP,187,307,4996
GPP,188,307,5028
GPP,189,307,5059
GPP,190,307,5075
GPP,191,307,5106
GPP,192,305,5138
GPP,193,305,5153
GPP,194,305,5185
GPP,195,305,5216
GPP,196,305,5232
GPP,197,305,5263
GPP,198,305,5295
GPP,199,305,5326
GPP,200,305,5342
GPP,201,305,5373
GPP,202,305,5405
GPP,203,297,5420
GPP,204,297,5452
GPP,205,297,5483
GPP,206,297,5499
GPP,207,297,5530
GPP,208,297,5562
GPP,209,297,5577
GPP,210,291,5609
GPP,211,291,5640
GPP,212,291,5656
GPP,213,291,5687
GPP,214,291,5719
GPP,215,291,5735
GPP,216,291,5766
GPP,217,291,5797
GPP,218,291,5813
GPP,219,291,5844
GPP,220,291,5876
GPP,221,291,5892
GPP,222,291,5923
GPP,223,291,5954
GPP,224,287,5970
GPP,225,287,6001
GPP,226,287,6033
GPP,227,283,6049
GPP,228,283,6080
GPP,229,283,6111
GPP,230,278,6127
GPP,231,278,6158
GPP,232,278,6190
GPP,233,278,6205
GPP,234,278,6237
GPP,235,278,6268
GPP,236,278,6284
GPP,237,278,6315
GPP,238,278,6347
GPP,239,274,6363
GPP,240,274,6394
GPP,241,273,6425
GPP,242,272,6441
GPP,243,272,6472
GPP,244,271,6504
GPP,245,271,6519
GPP,246,270,6551
GPP,247,269,6582
GPP,248,269,6598
GPP,249,264,6629
GPP,250,264,6661
GPP,251,264,6677
GPP,252,262,6708
GPP,253,261,6739
GPP,254,258,6755
GPP,255,258,6787
GPP,256,258,6818
GPP,257,258,6834
GPP,258,257,6865
GPP,259,257,6896
GPP,260,257,6912
GPP,261,257,6943
GPP,262,257,6975
GPP,263,256,7006
GPP,264,256,7022
GPP,265,256,7053
GPP,266,256,7085
GPP,267,256,7101
GPP,268,256,7132
GPP,269,256,7163
GPP,270,256,7188
GPP,271,256,7211
GPP,272,256,7242
GPP,273,256,7258
GPP,274,256,7289
GPP,275,256,7321
GPP,276,256,7336
GPP,277,256,7368
GPP,278,256,7399
GPP,279,256,7415
GPP,280,252,7446
GPP,281,252,7478
GPP,282,252,7509
GPP,283,252,7525
GPP,284,252,7556
GPP,285,252,7587
GPP,286,250,7603
GPP,287,250,7634
GPP,288,250,7666
GPP,289,250,7682
GPP,290,250,7713
GPP,291,250,7745
GPP,292,250,7760
GPP,293,250,7792
GPP,294,246,7823
GPP,295,241,7839
GPP,296,241,7870
GPP,297,241,7902
GPP,298,241,7917
GPP,299,241,7949
GPP,300,237,7980
GPP,301,237,8012
GPP,302,237,8027
GPP,303,237,8059
GPP,304,237,8090
GPP,305,237,8106
GPP,306,237,8138
GPP,307,237,8169
GPP,308,237,8185
GPP,309,237,8216
GPP,310,237,8248
GPP,311,237,8263
GPP,312,237,8295
GPP,313,237,8326
GPP,314,237,8342
GPP,315,237,8374
GPP,316,237,8405
GPP,317,237,8421
GPP,318,237,8452
GPP,319,235,8483
GPP,320,235,8499
GPP,321,235,8530
GPP,322,235,8562
GPP,323,235,8578
GPP,324,235,8609
GPP,325,235,8640
GPP,326,235,8656
GPP,327,231,8687
GPP,328,231,8719
GPP,329,231,8734
GPP,330,231,8766
GPP,331,231,8797
GPP,332,231,8813
GPP,333,231,8844
GPP,334,226,8875
GPP,335,226,8891
GPP,336,226,8923
GPP,337,226,8954
GPP,338,226,8970
GPP,339,220,9001
GPP,340,220,9033
GPP,341,220,9048
GPP,342,220,9080
GPP,343,220,9095
GPP,344,220,9127
GPP,345,220,9158
GPP,346,220,9174
GPP,347,220,9205
GPP,348,220,9236
GPP,349,220,9252
GPP,350,220,9284
GPP,351,220,9315
GPP,352,220,9331
GPP,353,218,9362
GPP,354,218,9394
GPP,355,218,9409
GPP,356,218,9441
GPP,357,218,9472
GPP,358,218,9503
GPP,359,218,9519
GPP,360,218,9550
GPP,361,218,9582
GPP,362,218,9613
GPP,363,218,9629
GPP,364,218,9660
GPP,365,218,9692
GPP,366,218,9707
GPP,367,217,9739
GPP,368,217,9770
GPP,369,217,9786
GPP,370,217,9817
GPP,371,217,9849
GPP,372,217,9864
GPP,373,217,9896
GPP,374,217,9927
GPP,375,217,9943
GPP,376,217,9974
GPP,377,217,10005
GPP,378,217,10037
GPP,379,217,10052
GPP,380,217,10084
GPP,381,217,10115
GPP,382,217,10131
GPP,383,217,10162
GPP,384,215,10193
GPP,385,215,10209
GPP,386,215,10240
GPP,387,215,10272
GPP,388,210,10303
GPP,389,210,10319
GPP,390,210,10350
GPP,391,208,10366
GPP,392,208,10397
GPP,393,208,10428
GPP,394,204,10444
GPP,395,204,10475
GPP,396,204,10507
GPP,397,204,10522
GPP,398,203,10554
GPP,399,199,10585
GPP,400,199,10601
GPP,401,199,10632
GPP,402,199,10664
GPP,403,199,10679
GPP,404,199,10711
GPP,405,199,10726
GPP,406,198,10758
GPP,407,198,10789
GPP,408,198,10805
GPP,409,194,10836
GPP,410,194,10867
GPP,411,194,10883
GPP,412,194,10914
GPP,413,193,10946
GPP,414,193,10961
GPP,415,190,10993
GPP,416,189,11024
GPP,417,189,11040
GPP,418,189,11071
GPP,419,184,11102
GPP,420,184,11118
GPP,421,184,11149
GPP,422,184,11181
GPP,423,184,11196
GPP,424,181,11228
GPP,425,181,11259
GPP,426,181,11283
GPP,427,181,11307
GPP,428,181,11338
GPP,429,181,11354
GPP,430,181,11385
GPP,431,181,11416
GPP,432,179,11432
GPP,433,179,11463
GPP,434,179,11495
GPP,435,179,11510
GPP,436,179,11542
GPP,437,179,11573
GPP,438,179,11589
GPP,439,179,11620
GPP,440,179,11651
GPP,441,179,11683
GPP,442,179,11698
GPP,443,179,11730
GPP,444,179,11761
GPP,445,179,11777
GPP,446,179,11808
GPP,447,179,11840
GPP,448,179,11855
GPP,449,179,11887
GPP,450,177,11918
GPP,451,177,11934
GPP,452,177,11965
GPP,453,177,11996
GPP,454,177,12012
GPP,455,177,12043
GPP,456,177,12075
GPP,457,177,12106
GPP,458,177,12122
GPP,459,177,12153
GPP,460,177,12169
GPP,461,177,12200
GPP,462,173,12231
GPP,463,173,12247
GPP,464,173,12278
GPP,465,173,12310
GPP,466,173,12325
GPP,467,173,12357
GPP,468,173,12388
GPP,469,173,12404
GPP,470,173,12435
GPP,471,173,12467
GPP,472,173,12482
GPP,473,171,12514
GPP,474,171,12545
GPP,475,171,12561
GPP,476,171,12592
GPP,477,171,12623
GPP,478,171,12647
GPP,479,171,12671
GPP,480,171,12702
GPP,481,170,12718
GPP,482,170,12749
GPP,483,170,12781
GPP,484,170,12796
GPP,485,167,12828
GPP,486,167,12859
GPP,487,167,12875
GPP,488,167,12906
GPP,489,162,12937
GPP,490,162,12953
GPP,491,162,12984
GPP,492,162,13017
GPP,493,162,13031
GPP,494,162,13062
GPP,495,162,13094
GPP,496,162,13109
GPP,497,162,13141
GPP,498,162,13172
GPP,499,162,13188
GPP,500,162,13219
GPP,501,162,13251
GPP,502,162,13282
GPP,503,162,13298
GPP,504,162,13329
GPP,505,159,13361
GPP,506,159,13376
GPP,507,159,13408
GPP,508,159,13439
GPP,509,159,13455
GPP,510,158,13486
GPP,511,158,13502
GPP,512,158,13533
GPP,513,158,13565
GPP,514,158,13581
GPP,515,158,13612
GPP,516,158,13643
GPP,517,158,13659
GPP,518,158,13690
GPP,519,158,13722
GPP,520,158,13738
GPP,521,158,13769
GPP,522,158,13800
GPP,523,158,13816
GPP,524,158,13848
GPP,525,158,13879
GPP,526,158,13895
GPP,527,158,13926
GPP,528,158,13942
GPP,529,158,13973
GPP,530,158,14010
GPP,531,158,14020
GPP,532,158,14052
GPP,533,155,14083
GPP,534,155,14099
GPP,535,155,14130
GPP,536,155,14162
GPP,537,155,14177
GPP,538,155,14209
GPP,539,155,14240
GPP,540,153,14256
GPP,541,153,14287
GPP,542,153,14303
GPP,543,152,14334
GPP,544,152,14366
GPP,545,152,14381
GPP,546,152,14413
GPP,547,152,14444
GPP,548,150,14460
GPP,549,150,14491
GPP,550,150,14523
GPP,551,150,14538
GPP,552,150,14570
GPP,553,150,14601
GPP,554,150,14617
GPP,555,150,14648
GPP,556,150,14664
GPP,557,150,14695
GPP,558,150,14727
GPP,559,150,14742
GPP,560,150,14774
GPP,561,149,14805
GPP,562,149,14821
GPP,563,149,14852
GPP,564,149,14884
GPP,565,149,14899
GPP,566,149,14931
GPP,567,149,14947
GPP,568,149,14978
GPP,569,149,15009
GPP,570,149,15041
GPP,571,147,15057
GPP,572,147,15088
GPP,573,147,15104
GPP,574,147,15135
GPP,575,147,15167
GPP,576,147,15198
GPP,577,147,15214
GPP,578,147,15245
GPP,579,147,15277
GPP,580,147,15292
GPP,581,147,15324
GPP,582,147,15355
GPP,583,147,15379
GPP,584,147,15402
GPP,585,147,15434
GPP,586,147,15449
GPP,587,147,15481
GPP,588,147,15512
GPP,589,147,15528
GPP,590,147,15559
GPP,591,147,15591
GPP,592,147,15606
GPP,593,147,15638
GPP,594,147,15669
GPP,595,147,15685
GPP,596,147,15716
GPP,597,147,15748
GPP,598,146,15764
GPP,599,146,15795
GPP,600,146,15827
GPP,601,146,15851
GPP,602,146,15874
GPP,603,146,15905
GPP,604,146,15921
GPP,605,146,15952
GPP,606,146,15968
GPP,607,146,15999
GPP,608,146,16031
GPP,609,146,16047
GPP,610,146,16078
GPP,611,146,16109
GPP,612,146,16125
GPP,613,146,16157
GPP,614,146,16172
GPP,615,146,16204
GPP,616,146,16235
GPP,617,146,16251
GPP,618,146,16282
GPP,619,146,16314
GPP,620,146,16329
GPP,621,146,16361
GPP,622,146,16392
GPP,623,143,16408
GPP,624,143,16439
GPP,625,143,16471
GPP,626,143,16486
GPP,627,141,16518
GPP,628,141,16533
GPP,629,140,16565
GPP,630,140,16596
GPP,631,140,16612
GPP,632,140,16643
GPP,633,138,16674
GPP,634,138,16690
GPP,635,138,16727
GPP,636,138,16737
GPP,637,138,16769
GPP,638,138,16800
GPP,639,138,16816
GPP,640,137,16847
GPP,641,137,16879
GPP,642,137,16894
GPP,643,137,16926
GPP,644,137,16957
GPP,645,137,16973
GPP,646,137,17005
GPP,647,137,17036
GPP,648,137,17052
GPP,649,137,17083
GPP,650,137,17115
GPP,651,137,17130
GPP,652,137,17162
GPP,653,137,17193
GPP,654,137,17209
GPP,655,137,17240
GPP,656,134,17272
GPP,657,134,17287
GPP,658,134,17319
GPP,659,134,17350
GPP,660,134,17366
GPP,661,134,17397
GPP,662,134,17429
GPP,663,134,17444
GPP,664,134,17476
GPP,665,134,17507
GPP,666,134,17523
GPP,667,134,17554
GPP,668,134,17586
GPP,669,134,17601
GPP,670,134,17633
GPP,671,134,17664
GPP,672,134,17680
GPP,673,134,17711
GPP,674,134,17743
GPP,675,134,17758
GPP,676,134,17790
GPP,677,134,17821
GPP,678,134,17837
GPP,679,134,17869
GPP,680,134,17900
GPP,681,134,17931
GPP,682,134,17947
GPP,683,134,17978
GPP,684,134,18010
GPP,685,134,18033
GPP,686,134,18057
GPP,687,134,18088
GPP,688,134,18104
GPP,689,134,18136
GPP,690,134,18167
GPP,691,134,18183
GPP,692,134,18214
GPP,693,134,18245
GPP,694,134,18277
GPP,695,134,18293
GPP,696,134,18324
GPP,697,134,18356
GPP,698,134,18371
GPP,699,134,18403
GPP,700,134,18434
GPP,701,134,18450
GPP,702,134,18481
GPP,703,134,18512
GPP,704,134,18528
GPP,705,134,18559
GPP,706,134,18591
GPP,707,134,18607
GPP,708,134,18638
GPP,709,134,18669
GPP,710,134,18701
GPP,711,134,18717
GPP,712,134,18748
GPP,713,134,18779
GPP,714,134,18795
GPP,715,134,18826
GPP,716,134,18858
GPP,717,134,18874
GPP,718,134,18905
GPP,719,134,18936
GPP,720,134,18952
GPP,721,134,18983
GPP,722,134,19015
GPP,723,134,19031
GPP,724,134,19062
GPP,725,134,19093
GPP,726,134,19109
GPP,727,134,19140
GPP,728,134,19172
GPP,729,134,19188
GPP,730,134,19219
GPP,731,134,19235
GPP,732,134,19266
GPP,733,134,19297
GPP,734,134,19313
GPP,735,134,19345
GPP,736,134,19376
GPP,737,134,19392
GPP,738,134,19423
GPP,739,134,19439
GPP,740,134,19470
GPP,741,134,19502
GPP,742,133,19517
GPP,743,133,19549
GPP,744,132,19565
GPP,745,132,19596
GPP,746,132,19627
GPP,747,131,19643
GPP,748,131,19674
GPP,749,131,19706
GPP,750,131,19722
GPP,751,131,19753
GPP,752,131,19769
GPP,753,131,19800
GPP,754,131,19832
GPP,755,131,19847
GPP,756,130,19879
GPP,757,130,19910
GPP,758,130,19926
GPP,759,130,19957
GPP,760,130,19988
GPP,761,130,20004
GPP,762,130,20036
GPP,763,130,20051
GPP,764,130,20083
GPP,765,129,20114
GPP,766,129,20130
GPP,767,129,20162
GPP,768,129,20193
GPP,769,129,20209
GPP,770,129,20240
GPP,771,128,20272
GPP,772,128,20287
GPP,773,128,20319
GPP,774,128,20350
GPP,775,128,20366
GPP,776,128,20397
GPP,777,128,20429
GPP,778,127,20444
GPP,779,127,20476
GPP,780,127,20507
GPP,781,127,20523
GPP,782,127,20554
GPP,783,127,20586
GPP,784,127,20601
GPP,785,127,20633
GPP,786,127,20664
GPP,787,127,20680
GPP,788,127,20711
GPP,789,127,20743
GPP,790,127,20758
GPP,791,127,20790
GPP,792,127,20827
GPP,793,127,20853
GPP,794,127,20868
GPP,795,127,20900
GPP,796,127,20931
GPP,797,127,20947
GPP,798,127,20978
GPP,799,127,21010
GPP,800,127,21041
GPP,801,127,21057
GPP,802,127,21088
GPP,803,127,21120
GPP,804,127,21136
GPP,805,127,21167
GPP,806,127,21198
GPP,807,127,21214
GPP,808,127,21245
GPP,809,127,21277
GPP,810,127,21308
GPP,811,127,21324
GPP,812,127,21355
GPP,813,127,21387
GPP,814,127,21402
GPP,815,127,21434
GPP,816,127,21465
GPP,817,127,21481
GPP,818,127,21512
GPP,819,127,21544
GPP,820,127,21560
GPP,821,127,21591
GPP,822,127,21623
GPP,823,127,21654
GPP,824,127,21670
GPP,825,127,21701
GPP,826,127,21733
GPP,827,127,21748
GPP,828,127,21780
GPP,829,127,21811
GPP,830,127,21827
GPP,831,127,21858
GPP,832,127,21889
GPP,833,127,21905
GPP,834,127,21936
GPP,835,127,21968
GPP,836,127,21984
GPP,837,127,22015
GPP,838,127,22046
GPP,839,127,22062
GPP,840,127,22094
GPP,841,127,22125
GPP,842,127,22141
GPP,843,127,22172
GPP,844,127,22203
GPP,845,127,22219
GPP,846,127,22251
GPP,847,127,22282
GPP,848,127,22298
GPP,849,127,22329
GPP,850,127,22361
GPP,851,127,22376
GPP,852,127,22408
GPP,853,127,22423
GPP,854,127,22455
GPP,855,127,22486
GPP,856,127,22502
GPP,857,127,22534
GPP,858,127,22565
GPP,859,127,22581
GPP,860,127,22612
GPP,861,127,22628
GPP,862,127,22659
GPP,863,127,22691
GPP,864,127,22707
GPP,865,126,22738
GPP,866,126,22754
GPP,867,126,22785
GPP,868,126,22817
GPP,869,126,22832
GPP,870,126,22864
GPP,871,126,22895
GPP,872,126,22911
GPP,873,126,22942
GPP,874,124,22958
GPP,875,124,22989
GPP,876,124,23020
GPP,877,124,23045
GPP,878,124,23068
GPP,879,124,23099
GPP,880,124,23115
GPP,881,124,23146
GPP,882,124,23177
GPP,883,122,23193
GPP,884,122,23224
GPP,885,122,23256
GPP,886,122,23271
GPP,887,122,23303
GPP,888,122,23334
GPP,889,122,23350
GPP,890,122,23381
GPP,891,122,23413
GPP,892,122,23428
GPP,893,122,23460
GPP,894,122,23491
GPP,895,122,23507
GPP,896,122,23543
GPP,897,122,23570
GPP,898,122,23586
GPP,899,122,23617
GPP,900,122,23648
GPP,901,122,23664
GPP,902,122,23696
GPP,903,122,23727
GPP,904,120,23743
GPP,905,120,23774
GPP,906,120,23805
GPP,907,120,23821
GPP,908,120,23853
GPP,909,120,23884
GPP,910,120,23900
GPP,911,120,23931
GPP,912,120,23963
GPP,913,120,23994
GPP,914,120,24010
GPP,915,120,24041
GPP,916,120,24073
GPP,917,120,24088
GPP,918,120,24120
GPP,919,120,24151
GPP,920,120,24167
GPP,921,120,24198
GPP,922,120,24230
GPP,923,120,24246
GPP,924,120,24277
GPP,925,120,24308
GPP,926,120,24340
GPP,927,120,24356
GPP,928,120,24387
GPP,929,120,24418
GPP,930,120,24434
GPP,931,120,24465
GPP,932,120,24497
GPP,933,120,24512
GPP,934,120,24544
GPP,935,120,24575
GPP,936,120,24607
GPP,937,120,24622
GPP,938,120,24654
GPP,939,120,24685
GPP,940,120,24701
GPP,941,120,24732
GPP,942,120,24764
GPP,943,120,24779
GPP,944,120,24811
GPP,945,120,24842
GPP,946,120,24858
GPP,947,120,24889
GPP,948,120,24921
GPP,949,120,24952
GPP,950,120,24968
GPP,951,120,24999
GPP,952,120,25031
GPP,953,120,25046
GPP,954,120,25078
GPP,955,120,25109
GPP,956,120,25141
GPP,957,120,25156
GPP,958,120,25188
GPP,959,120,25219
GPP,960,120,25235
GPP,961,120,25266
GPP,962,120,25298
GPP,963,120,25313
GPP,964,120,25345
GPP,965,120,25376
GPP,966,120,25392
GPP,967,120,25423
GPP,968,120,25455
GPP,969,120,25470
GPP,970,120,25502
GPP,971,120,25533
GPP,972,120,25549
GPP,973,120,25580
GPP,974,120,25612
GPP,975,120,25627
GPP,976,120,25659
GPP,977,120,25690
GPP,978,120,25706
GPP,979,120,25737
GPP,980,120,25769
GPP,981,120,25784
GPP,982,120,25816
GPP,983,120,25847
GPP,984,120,25863
GPP,985,120,25894
GPP,986,120,25926
GPP,987,120,25941
GPP,988,120,25973
GPP,989,120,26004
GPP,990,120,26020
GPP,991,120,26051
GPP,992,120,26083
GPP,993,120,26098
GPP,994,120,26130
GPP,995,120,26145
GPP,996,120,26177
GPP,997,120,26208
GPP,998,120,26224
GPP,999,120,26255
GPP,1000,120,26287
GPP,1001,120,26302
GPP,1002,120,26334
GPP,1003,120,26365
GPP,1004,120,26381
GPP,1005,120,26412
GPP,1006,120,26444
GPP,1007,120,26460
GPP,1008,120,26491
GPP,1009,120,26522
GPP,1010,120,26538
GPP,1011,120,26570
GPP,1012,120,26601
GPP,1013,120,26617
GPP,1014,120,26648
GPP,1015,120,26664
GPP,1016,120,26695
GPP,1017,120,26727
GPP,1018,120,26743
GPP,1019,120,26774
GPP,1020,120,26805
GPP,1021,120,26821
GPP,1022,120,26852
GPP,1023,120,26884
GPP,1024,120,26899
GPP,1025,120,26931
GPP,1026,120,26962
GPP,1027,120,26978
GPP,1028,120,27009
GPP,1029,120,27041
GPP,1030,120,27056
GPP,1031,120,27088
GPP,1032,120,27119
GPP,1033,120,27135
GPP,1034,120,27166
GPP,1035,120,27182
GPP,1036,120,27213
GPP,1037,120,27245
GPP,1038,120,27260
GPP,1039,120,27292
GPP,1040,120,27323
GPP,1041,120,27339
GPP,1042,120,27371
GPP,1043,120,27386
GPP,1044,119,27418
GPP,1045,119,27449
GPP,1046,119,27465
GPP,1047,119,27496
GPP,1048,119,27528
GPP,1049,119,27543
GPP,1050,119,27575
GPP,1051,119,27606
GPP,1052,119,27622
GPP,1053,119,27654
GPP,1054,119,27685
GPP,1055,119,27701
GPP,1056,119,27732
GPP,1057,119,27764
GPP,1058,119,27779
GPP,1059,119,27811
GPP,1060,119,27842
GPP,1061,119,27858
GPP,1062,119,27889
GPP,1063,119,27921
GPP,1064,119,27937
GPP,1065,119,27968
GPP,1066,119,27999
GPP,1067,119,28015
GPP,1068,119,28055
GPP,1069,119,28078
GPP,1070,119,28094
GPP,1071,119,28125
GPP,1072,119,28156
GPP,1073,119,28172
GPP,1074,119,28203
GPP,1075,119,28235
GPP,1076,119,28251
GPP,1077,119,28282
GPP,1078,119,28314
GPP,1079,119,28345
GPP,1080,119,28361
GPP,1081,119,28392
GPP,1082,119,28424
GPP,1083,119,28439
GPP,1084,119,28471
GPP,1085,119,28502
GPP,1086,119,28518
GPP,1087,119,28549
GPP,1088,119,28581
GPP,1089,119,28612
GPP,1090,119,28628
GPP,1091,119,28659
GPP,1092,119,28691
GPP,1093,119,28707
GPP,1094,119,28738
GPP,1095,119,28770
GPP,1096,119,28785
GPP,1097,119,28817
GPP,1098,119,28848
GPP,1099,119,28864
GPP,1100,119,28895
GPP,1101,119,28927
GPP,1102,119,28942
GPP,1103,119,28976
GPP,1104,119,29005
GPP,1105,119,29037
GPP,1106,119,29052
GPP,1107,119,29084
GPP,1108,119,29115
GPP,1109,119,29131
GPP,1110,119,29162
GPP,1111,119,29194
GPP,1112,119,29225
GPP,1113,119,29241
GPP,1114,119,29272
GPP,1115,119,29304
GPP,1116,119,29319
GPP,1117,119,29351
GPP,1118,119,29382
GPP,1119,119,29398
GPP,1120,119,29429
GPP,1121,119,29460
GPP,1122,119,29476
GPP,1123,119,29508
GPP,1124,119,29539
GPP,1125,119,29570
GPP,1126,119,29586
GPP,1127,119,29618
GPP,1128,119,29649
GPP,1129,119,29665
GPP,1130,119,29696
GPP,1131,119,29727
GPP,1132,119,29743
GPP,1133,119,29775
GPP,1134,119,29806
GPP,1135,119,29822
GPP,1136,119,29853
GPP,1137,119,29884
GPP,1138,119,29900
GPP,1139,119,29932
GPP,1140,119,29963
GPP,1141,119,29979
GPP,1142,119,30011
GPP,1143,119,30042
GPP,1144,119,30058
GPP,1145,119,30089
GPP,1146,119,30121
GPP,1147,119,30136
GPP,1148,119,30168
GPP,1149,119,30199
GPP,1150,119,30215
GPP,1151,119,30246
GPP,1152,119,30262
GPP,1153,119,30293
GPP,1154,119,30325
GPP,1155,119,30340
GPP,1156,119,30372
GPP,1157,119,30403
GPP,1158,119,30419
GPP,1159,119,30450
GPP,1160,119,30466
GPP,1161,119,30497
GPP,1162,119,30529
GPP,1163,119,30545
GPP,1164,119,30576
GPP,1165,119,30592
GPP,1166,119,30623
GPP,1167,119,30655
GPP,1168,119,30670
GPP,1169,119,30702
GPP,1170,119,30717
GPP,1171,119,30749
GPP,1172,119,30780
GPP,1173,119,30796
GPP,1174,119,30827
GPP,1175,119,30843
GPP,1176,119,30874
GPP,1177,119,30906
GPP,1178,119,30921
GPP,1179,119,30953
GPP,1180,119,30984
GPP,1181,119,31000
GPP,1182,119,31031
GPP,1183,119,31047
GPP,1184,119,31078
GPP,1185,119,31110
GPP,1186,117,31126
GPP,1187,117,31157
GPP,1188,117,31188
GPP,1189,117,31204
GPP,1190,117,31235
GPP,1191,117,31267
GPP,1192,117,31282
GPP,1193,117,31314
GPP,1194,117,31345
GPP,1195,117,31361
GPP,1196,117,31392
GPP,1197,117,31424
GPP,1198,117,31440
GPP,1199,117,31471
GPP,1200,117,31502
GPP,1201,117,31518
GPP,1202,117,31550
GPP,1203,117,31581
GPP,1204,117,31597
GPP,1205,116,31628
GPP,1206,116,31659
GPP,1207,116,31675
GPP,1208,116,31707
GPP,1209,116,31738
GPP,1210,116,31754
GPP,1211,116,31785
GPP,1212,116,31817
GPP,1213,116,31832
GPP,1214,116,31864
GPP,1215,116,31895
GPP,1216,116,31911
GPP,1217,116,31942
GPP,1218,116,31974
GPP,1219,116,32005
GPP,1220,116,32021
GPP,1221,116,32052
GPP,1222,116,32083
GPP,1223,116,32099
GPP,1224,116,32130
GPP,1225,116,32162
GPP,1226,116,32177
GPP,1227,115,32209
GPP,1228,115,32240
GPP,1229,115,32256
GPP,1230,115,32287
GPP,1231,115,32319
GPP,1232,115,32350
GPP,1233,115,32366
GPP,1234,115,32397
GPP,1235,115,32429
GPP,1236,115,32444
GPP,1237,115,32476
GPP,1238,115,32507
GPP,1239,115,32523
GPP,1240,115,32554
GPP,1241,115,32586
GPP,1242,115,32617
GPP,1243,115,32645
GPP,1244,115,32671
GPP,1245,115,32697
GPP,1246,115,32724
GPP,1247,115,32751
GPP,1248,115,32778
GPP,1249,115,32805
GPP,1250,115,32831
GPP,1251,115,32858
GPP,1252,115,32884
GPP,1253,115,32914
GPP,1254,115,32942
GPP,1255,115,32969
GPP,1256,115,32997
GPP,1257,115,33024
GPP,1258,115,33051
GPP,1259,115,33078
GPP,1260,115,33106
GPP,1261,115,33133
GPP,1262,115,33160
GPP,1263,115,33186
GPP,1264,115,33213
GPP,1265,115,33239
GPP,1266,115,33266
GPP,1267,115,33294
GPP,1268,115,33320
GPP,1269,115,33348
GPP,1270,115,33376
GPP,1271,115,33402
GPP,1272,115,33430
GPP,1273,115,33457
GPP,1274,115,33483
GPP,1275,115,33510
GPP,1276,115,33536
GPP,1277,115,33563
GPP,1278,115,33590
GPP,1279,115,33617
GPP,1280,115,33643
GPP,1281,115,33672
GPP,1282,115,33697
GPP,1283,115,33724
GPP,1284,115,33751
GPP,1285,115,33777
GPP,1286,115,33803
GPP,1287,115,33830
GPP,1288,115,33855
GPP,1289,115,33883
GPP,1290,115,33908
GPP,1291,115,33935
GPP,1292,115,33964
GPP,1293,115,33990
GPP,1294,115,34016
GPP,1295,115,34043
GPP,1296,115,34070
GPP,1297,115,34095
GPP,1298,115,34119
GPP,1299,115,34145
GPP,1300,115,34171
GPP,1301,115,34197
GPP,1302,115,34223
GPP,1303,115,34248
GPP,1304,115,34273
GPP,1305,115,34299
GPP,1306,115,34324
GPP,1307,115,34349
GPP,1308,115,34375
GPP,1309,115,34400
GPP,1310,115,34426
GPP,1311,115,34452
GPP,1312,115,34477
GPP,1313,115,34502
GPP,1314,115,34528
GPP,1315,115,34553
GPP,1316,115,34579
GPP,1317,115,34605
GPP,1318,115,34630
GPP,1319,115,34656
GPP,1320,115,34682
GPP,1321,115,34708
GPP,1322,115,34733
GPP,1323,113,34760
GPP,1324,113,34784
GPP,1325,113,34810
GPP,1326,113,34836
GPP,1327,113,34862
GPP,1328,113,34887
GPP,1329,113,34912
GPP,1330,113,34938
GPP,1331,113,34963
GPP,1332,113,34989
GPP,1333,113,35016
GPP,1334,113,35042
GPP,1335,113,35065
GPP,1336,113,35093
GPP,1337,113,35118
GPP,1338,113,35144
GPP,1339,113,35171
GPP,1340,113,35197
GPP,1341,113,35222
GPP,1342,113,35248
GPP,1343,113,35274
GPP,1344,113,35300
GPP,1345,113,35327
GPP,1346,113,35352
GPP,1347,113,35379
GPP,1348,113,35405
GPP,1349,113,35432
GPP,1350,113,35457
GPP,1351,113,35484
GPP,1352,112,35510
GPP,1353,112,35536
GPP,1354,112,35562
GPP,1355,112,35589
GPP,1356,112,35615
GPP,1357,112,35641
GPP,1358,112,35668
GPP,1359,112,35695
GPP,1360,112,35721
GPP,1361,112,35747
GPP,1362,112,35774
GPP,1363,112,35800
GPP,1364,112,35827
GPP,1365,112,35854
GPP,1366,112,35871
GPP,1367,112,35902
GPP,1368,112,35934
GPP,1369,112,35950
GPP,1370,112,35981
GPP,1371,112,36012
GPP,1372,112,36044
GPP,1373,112,36061
GPP,1374,112,36091
GPP,1375,112,36122
GPP,1376,112,36138
GPP,1377,112,36169
GPP,1378,112,36201
GPP,1379,112,36232
GPP,1380,112,36263
GPP,1381,112,36279
GPP,1382,112,36310
GPP,1383,112,36342
GPP,1384,112,36358
GPP,1385,112,36389
GPP,1386,112,36420
GPP,1387,112,36452
GPP,1388,112,36467
GPP,1389,112,36499
GPP,1390,112,36530
GPP,1391,112,36546
GPP,1392,112,36578
GPP,1393,112,36609
GPP,1394,112,36640
GPP,1395,112,36656
GPP,1396,112,36688
GPP,1397,112,36719
GPP,1398,112,36746
GPP,1399,112,36767
GPP,1400,112,36798
GPP,1401,112,36814
GPP,1402,112,36845
GPP,1403,112,36877
GPP,1404,112,36892
GPP,1405,112,36924
GPP,1406,112,36955
GPP,1407,112,36987
GPP,1408,112,37003
GPP,1409,112,37034
GPP,1410,112,37066
GPP,1411,112,37097
GPP,1412,112,37113
GPP,1413,112,37144
GPP,1414,112,37175
GPP,1415,112,37192
GPP,1416,112,37223
GPP,1417,112,37254
GPP,1418,112,37270
GPP,1419,112,37302
GPP,1420,112,37333
GPP,1421,112,37349
GPP,1422,112,37380
GPP,1423,112,37412
GPP,1424,112,37443
GPP,1425,112,37459
GPP,1426,112,37490
GPP,1427,112,37522
GPP,1428,112,37537
GPP,1429,112,37569
GPP,1430,112,37600
GPP,1431,112,37616
GPP,1432,112,37647
GPP,1433,112,37679
GPP,1434,112,37710
GPP,1435,112,37726
GPP,1436,112,37757
GPP,1437,112,37788
GPP,1438,112,37804
GPP,1439,112,37835
GPP,1440,112,37867
GPP,1441,112,37882
GPP,1442,112,37914
GPP,1443,112,37945
GPP,1444,112,37961
GPP,1445,112,37992
GPP,1446,112,38024
GPP,1447,112,38055
GPP,1448,112,38079
GPP,1449,112,38102
GPP,1450,112,38134
GPP,1451,112,38149
GPP,1452,112,38181
GPP,1453,112,38197
GPP,1454,112,38228
GPP,1455,112,38259
GPP,1456,112,38275
GPP,1457,112,38306
GPP,1458,112,38338
GPP,1459,112,38354
GPP,1460,112,38385
GPP,1461,112,38416
GPP,1462,112,38432
GPP,1463,112,38464
GPP,1464,112,38495
GPP,1465,112,38511
GPP,1466,112,38549
GPP,1467,112,38574
GPP,1468,112,38589
GPP,1469,112,38621
GPP,1470,112,38652
GPP,1471,112,38668
GPP,1472,112,38699
GPP,1473,112,38715
GPP,1474,112,38746
GPP,1475,112,38778
GPP,1476,112,38793
GPP,1477,112,38825
GPP,1478,112,38856
GPP,1479,112,38872
GPP,1480,112,38903
GPP,1481,112,38919
GPP,1482,112,38950
GPP,1483,112,38982
GPP,1484,112,39013
GPP,1485,112,39029
GPP,1486,112,39061
GPP,1487,112,39076
GPP,1488,112,39108
GPP,1489,112,39139
GPP,1490,112,39155
GPP,1491,112,39186
GPP,1492,112,39218
GPP,1493,112,39233
GPP,1494,112,39265
GPP,1495,112,39296
GPP,1496,112,39312
GPP,1497,112,39343
GPP,1498,112,39375
GPP,1499,112,39391
GPP,1500,112,39422
GPP,1501,112,39453
GPP,1502,112,39469
GPP,1503,112,39500
GPP,1504,112,39532
GPP,1505,112,39547
GPP,1506,112,39579
GPP,1507,112,39610
GPP,1508,112,39626
GPP,1509,112,39657
GPP,1510,112,39689
GPP,1511,112,39720
GPP,1512,112,39736
GPP,1513,112,39767
GPP,1514,112,39798
GPP,1515,112,39814
GPP,1516,112,39845
GPP,1517,112,39877
GPP,1518,112,39908
GPP,1519,112,39924
GPP,1520,112,39955
GPP,1521,112,39987
GPP,1522,112,40003
GPP,1523,112,40034
GPP,1524,112,40065
GPP,1525,110,40097
GPP,1526,110,40112
GPP,1527,110,40144
GPP,1528,110,40175
GPP,1529,110,40191
GPP,1530,110,40222
GPP,1531,110,40254
GPP,1532,110,40285
GPP,1533,110,40301
GPP,1534,110,40332
GPP,1535,110,40364
GPP,1536,110,40379
GPP,1537,110,40411
GPP,1538,110,40442
GPP,1539,110,40474
GPP,1540,110,40489
GPP,1541,110,40521
GPP,1542,110,40552
GPP,1543,110,40568
GPP,1544,110,40599
GPP,1545,110,40631
GPP,1546,110,40646
GPP,1547,110,40678
GPP,1548,110,40709
GPP,1549,110,40741
GPP,1550,110,40757
GPP,1551,110,40788
GPP,1552,110,40819
GPP,1553,110,40835
GPP,1554,110,40866
GPP,1555,110,40898
GPP,1556,110,40914
GPP,1557,110,40945
GPP,1558,110,40977
GPP,1559,110,41008
GPP,1560,110,41024
GPP,1561,110,41055
GPP,1562,110,41087
GPP,1563,110,41102
GPP,1564,110,41134
GPP,1565,110,41165
GPP,1566,110,41181
GPP,1567,110,41212
GPP,1568,110,41243
GPP,1569,110,41275
GPP,1570,110,41290
GPP,1571,110,41322
GPP,1572,110,41353
GPP,1573,110,41369
GPP,1574,110,41400
GPP,1575,110,41432
GPP,1576,110,41447
GPP,1577,110,41479
GPP,1578,110,41510
GPP,1579,110,41526
GPP,1580,110,41557
GPP,1581,110,41589
GPP,1582,110,41604
GPP,1583,110,41635
GPP,1584,110,41667
GPP,1585,110,41683
GPP,1586,110,41714
GPP,1587,110,41745
GPP,1588,110,41761
GPP,1589,110,41793
GPP,1590,110,41824
GPP,1591,110,41840
GPP,1592,110,41871
GPP,1593,110,41903
GPP,1594,110,41918
GPP,1595,110,41950
GPP,1596,110,41965
GPP,1597,110,41997
GPP,1598,110,42028
GPP,1599,110,42044
GPP,1600,110,42075
GPP,1601,110,42107
GPP,1602,110,42122
GPP,1603,110,42154
GPP,1604,110,42169
GPP,1605,110,42201
GPP,1606,110,42232
GPP,1607,110,42248
GPP,1608,110,42279
GPP,1609,110,42311
GPP,1610,110,42326
GPP,1611,110,42358
GPP,1612,110,42374
GPP,1613,110,42405
GPP,1614,110,42436
GPP,1615,110,42452
GPP,1616,110,42484
GPP,1617,110,42499
GPP,1618,110,42531
GPP,1619,110,42562
GPP,1620,110,42578
GPP,1621,110,42609
GPP,1622,110,42633
GPP,1623,110,42656
GPP,1624,110,42688
GPP,1625,110,42703
GPP,1626,110,42735
GPP,1627,110,42750
GPP,1628,110,42782
GPP,1629,110,42813
GPP,1630,110,42829
GPP,1631,110,42860
GPP,1632,110,42892
GPP,1633,110,42907
GPP,1634,110,42939
GPP,1635,110,42954
GPP,1636,110,42986
GPP,1637,110,43017
GPP,1638,110,43033
GPP,1639,110,43064
GPP,1640,110,43096
GPP,1641,110,43112
GPP,1642,110,43143
GPP,1643,110,43174
GPP,1644,110,43190
GPP,1645,110,43221
GPP,1646,110,43237
GPP,1647,110,43268
GPP,1648,110,43300
GPP,1649,110,43315
GPP,1650,110,43347
GPP,1651,110,43378
GPP,1652,110,43394
GPP,1653,110,43425
GPP,1654,110,43457
GPP,1655,110,43488
GPP,1656,110,43504
GPP,1657,110,43535
GPP,1658,110,43567
GPP,1659,110,43582
GPP,1660,110,43614
GPP,1661,110,43645
GPP,1662,110,43661
GPP,1663,110,43692
GPP,1664,110,43724
GPP,1665,110,43739
GPP,1666,110,43771
GPP,1667,110,43802
GPP,1668,110,43818
GPP,1669,110,43849
GPP,1670,110,43881
GPP,1671,110,43897
GPP,1672,110,43928
GPP,1673,110,43960
GPP,1674,110,43991
GPP,1675,110,44007
GPP,1676,110,44038
GPP,1677,110,44069
GPP,1678,110,44085
GPP,1679,110,44117
GPP,1680,110,44148
GPP,1681,110,44164
GPP,1682,110,44195
GPP,1683,110,44227
GPP,1684,110,44242
GPP,1685,110,44274
GPP,1686,110,44305
GPP,1687,110,44337
GPP,1688,110,44352
GPP,1689,110,44384
GPP,1690,110,44415
GPP,1691,110,44431
GPP,1692,110,44462
GPP,1693,110,44494
GPP,1694,110,44510
GPP,1695,110,44541
GPP,1696,110,44572
GPP,1697,110,44588
GPP,1698,110,44620
GPP,1699,110,44651
GPP,1700,110,44682
GPP,1701,110,44698
GPP,1702,110,44730
GPP,1703,110,44761
GPP,1704,110,44777
GPP,1705,110,44808
GPP,1706,110,44839
GPP,1707,110,44855
GPP,1708,110,44886
GPP,1709,110,44918
GPP,1710,110,44934
GPP,1711,110,44965
GPP,1712,110,44996
GPP,1713,110,45028
GPP,1714,110,45043
GPP,1715,110,45075
GPP,1716,110,45106
GPP,1717,110,45122
GPP,1718,110,45153
GPP,1719,110,45185
GPP,1720,110,45201
GPP,1721,110,45232
GPP,1722,110,45263
GPP,1723,110,45279
GPP,1724,110,45311
GPP,1725,110,45342
GPP,1726,110,45373
GPP,1727,110,45389
GPP,1728,110,45421
GPP,1729,110,45452
GPP,1730,110,45468
GPP,1731,110,45499
GPP,1732,110,45531
GPP,1733,110,45546
GPP,1734,110,45578
GPP,1735,110,45609
GPP,1736,110,45641
GPP,1737,110,45656
GPP,1738,110,45688
GPP,1739,110,45719
GPP,1740,110,45735
GPP,1741,110,45766
GPP,1742,110,45798
GPP,1743,110,45813
GPP,1744,110,45845
GPP,1745,110,45876
GPP,1746,110,45908
GPP,1747,110,45923
GPP,1748,110,45957
GPP,1749,110,45986
GPP,1750,110,46002
GPP,1751,110,46033
GPP,1752,110,46065
GPP,1753,110,46096
GPP,1754,110,46112
GPP,1755,110,46143
GPP,1756,110,46175
GPP,1757,110,46190
GPP,1758,110,46222
GPP,1759,110,46253
GPP,1760,110,46269
GPP,1761,110,46300
GPP,1762,110,46332
GPP,1763,110,46348
GPP,1764,110,46379
GPP,1765,110,46410
GPP,1766,110,46442
GPP,1767,110,46457
GPP,1768,110,46489
GPP,1769,110,46520
GPP,1770,110,46536
GPP,1771,110,46567
GPP,1772,110,46599
GPP,1773,110,46615
GPP,1774,110,46646
GPP,1775,110,46677
GPP,1776,110,46693
GPP,1777,110,46732
GPP,1778,110,46756
GPP,1779,110,46772
GPP,1780,110,46803
GPP,1781,110,46835
GPP,1782,110,46850
GPP,1783,110,46882
GPP,1784,110,46913
GPP,1785,110,46929
GPP,1786,110,46962
GPP,1787,110,46992
GPP,1788,110,47007
GPP,1789,110,47039
GPP,1790,110,47070
GPP,1791,110,47086
GPP,1792,110,47117
GPP,1793,110,47149
GPP,1794,110,47164
GPP,1795,110,47196
GPP,1796,110,47227
GPP,1797,110,47243
GPP,1798,110,47274
GPP,1799,110,47306
GPP,1800,110,47321
GPP,1801,110,47353
GPP,1802,110,47368
GPP,1803,110,47400
GPP,1804,110,47431
GPP,1805,110,47447
GPP,1806,110,47478
GPP,1807,110,47510
GPP,1808,110,47526
GPP,1809,110,47557
GPP,1810,110,47588
GPP,1811,110,47604
GPP,1812,110,47635
GPP,1813,110,47667
GPP,1814,110,47683
GPP,1815,110,47714
GPP,1816,110,47745
GPP,1817,110,47761
GPP,1818,110,47793
GPP,1819,110,47824
GPP,1820,110,47840
GPP,1821,110,47871
GPP,1822,110,47903
GPP,1823,110,47918
GPP,1824,110,47950
GPP,1825,110,47981
GPP,1826,110,47997
GPP,1827,110,48028
GPP,1828,110,48060
GPP,1829,110,48084
GPP,1830,110,48107
GPP,1831,110,48138
GPP,1832,110,48154
GPP,1833,110,48185
GPP,1834,110,48217
GPP,1835,110,48233
GPP,1836,110,48264
GPP,1837,110,48295
GPP,1838,110,48311
GPP,1839,110,48342
GPP,1840,110,48358
GPP,1841,110,48389
GPP,1842,110,48421
GPP,1843,110,48436
GPP,1844,110,48468
GPP,1845,110,48499
GPP,1846,110,48515
GPP,1847,110,48547
GPP,1848,110,48578
GPP,1849,110,48594
GPP,1850,110,48625
GPP,1851,110,48657
GPP,1852,110,48672
GPP,1853,110,48704
GPP,1854,110,48735
GPP,1855,110,48751
GPP,1856,110,48782
GPP,1857,110,48814
GPP,1858,110,48829
GPP,1859,110,48861
GPP,1860,110,48892
GPP,1861,110,48908
GPP,1862,110,48939
GPP,1863,110,48971
GPP,1864,110,48986
GPP,1865,110,49018
GPP,1866,110,49049
GPP,1867,110,49065
GPP,1868,110,49097
GPP,1869,110,49128
GPP,1870,110,49144
GPP,1871,110,49175
GPP,1872,110,49207
GPP,1873,110,49222
GPP,1874,110,49254
GPP,1875,110,49285
GPP,1876,110,49301
GPP,1877,110,49332
GPP,1878,110,49364
GPP,1879,110,49395
GPP,1880,110,49411
GPP,1881,110,49448
GPP,1882,110,49474
GPP,1883,110,49490
GPP,1884,110,49521
GPP,1885,110,49552
GPP,1886,110,49568
GPP,1887,110,49600
GPP,1888,110,49631
GPP,1889,110,49647
GPP,1890,110,49678
GPP,1891,110,49709
GPP,1892,110,49725
GPP,1893,110,49756
GPP,1894,110,49772
GPP,1895,110,49804
GPP,1896,110,49835
GPP,1897,110,49851
GPP,1898,110,49882
GPP,1899,110,49913
GPP,1900,110,49929
GPP,1901,110,49963
GPP,1902,110,49992
GPP,1903,110,50024
GPP,1904,110,50039
GPP,1905,110,50071
GPP,1906,110,50102
GPP,1907,110,50118
GPP,1908,110,50149
GPP,1909,110,50181
GPP,1910,110,50196
GPP,1911,110,50228
GPP,1912,110,50259
GPP,1913,110,50275
GPP,1914,110,50306
GPP,1915,110,50337
GPP,1916,110,50353
GPP,1917,110,50385
GPP,1918,110,50400
GPP,1919,110,50432
GPP,1920,110,50463
GPP,1921,110,50494
GPP,1922,110,50510
GPP,1923,110,50541
GPP,1924,110,50573
GPP,1925,110,50589
GPP,1926,110,50620
GPP,1927,110,50651
GPP,1928,110,50667
GPP,1929,110,50698
GPP,1930,110,50730
GPP,1931,110,50745
GPP,1932,110,50777
GPP,1933,110,50808
GPP,1934,110,50824
GPP,1935,110,50855
GPP,1936,110,50887
GPP,1937,110,50902
GPP,1938,110,50934
GPP,1939,110,50965
GPP,1940,110,50981
GPP,1941,110,51012
GPP,1942,110,51044
GPP,1943,110,51059
GPP,1944,110,51091
GPP,1945,110,51122
GPP,1946,110,51138
GPP,1947,110,51169
GPP,1948,110,51201
GPP,1949,110,51216
GPP,1950,110,51248
GPP,1951,110,51279
GPP,1952,110,51295
GPP,1953,110,51326
GPP,1954,110,51358
GPP,1955,110,51373
GPP,1956,110,51405
GPP,1957,110,51436
GPP,1958,110,51452
GPP,1959,110,51483
GPP,1960,110,51514
GPP,1961,110,51530
GPP,1962,110,51561
GPP,1963,110,51593
GPP,1964,110,51608
GPP,1965,110,51640
GPP,1966,110,51671
GPP,1967,110,51687
GPP,1968,110,51718
GPP,1969,110,51750
GPP,1970,110,51766
GPP,1971,110,51797
GPP,1972,110,51828
GPP,1973,110,51844
GPP,1974,110,51876
GPP,1975,110,51907
GPP,1976,110,51923
GPP,1977,110,51954
GPP,1978,110,51986
GPP,1979,110,52001
GPP,1980,110,52033
GPP,1981,110,52064
GPP,1982,110,52080
GPP,1983,110,52111
GPP,1984,110,52143
GPP,1985,110,52158
GPP,1986,110,52190
GPP,1987,110,52221
GPP,1988,110,52237
GPP,1989,110,52268
GPP,1990,110,52300
GPP,1991,110,52316
GPP,1992,110,52347
GPP,1993,110,52378
GPP,1994,110,52394
GPP,1995,110,52425
GPP,1996,110,52457
GPP,1997,110,52488
GPP,1998,110,52504
GPP,1999,110,52536
GPP,2000,110,52567
GPP,2001,110,52583
GPP,2002,110,52614
GPP,2003,110,52646
GPP,2004,110,52661
GPP,2005,110,52693
GPP,2006,110,52724
GPP,2007,110,52740
GPP,2008,110,52771
GPP,2009,110,52803
GPP,2010,110,52819
GPP,2011,110,52850
GPP,2012,110,52881
GPP,2013,110,52897
GPP,2014,110,52928
GPP,2015,110,52960
GPP,2016,110,52976
GPP,2017,110,53007
GPP,2018,110,53038
GPP,2019,110,53070
GPP,2020,110,53085
GPP,2021,110,53117
GPP,2022,110,53148
GPP,2023,110,53164
GPP,2024,110,53195
GPP,2025,110,53227
GPP,2026,110,53242
GPP,2027,110,53274
GPP,2028,110,53305
GPP,2029,110,53321
GPP,2030,110,53352
GPP,2031,110,53383
GPP,2032,110,53399
GPP,2033,110,53431
GPP,2034,110,53462
GPP,2035,110,53478
GPP,2036,110,53509
GPP,2037,110,53543
GPP,2038,110,53556
GPP,2039,110,53588
GPP,2040,110,53619
GPP,2041,110,53635
GPP,2042,110,53666
GPP,2043,110,53698
GPP,2044,110,53713
GPP,2045,110,53745
GPP,2046,110,53776
GPP,2047,110,53792
GPP,2048,110,53823
GPP,2049,110,53854
GPP,2050,110,53870
GPP,2051,110,53902
GPP,2052,110,53933
GPP,2053,110,53949
GPP,2054,110,53980
GPP,2055,110,54012
GPP,2056,110,54027
GPP,2057,110,54059
GPP,2058,110,54090
GPP,2059,110,54121
GPP,2060,110,54137
GPP,2061,110,54168
GPP,2062,110,54200
GPP,2063,110,54215
GPP,2064,110,54247
GPP,2065,110,54278
GPP,2066,110,54294
GPP,2067,110,54325
GPP,2068,110,54357
GPP,2069,110,54372
GPP,2070,110,54404
GPP,2071,110,54435
GPP,2072,110,54451
GPP,2073,110,54482
GPP,2074,110,54514
GPP,2075,110,54529
GPP,2076,110,54561
GPP,2077,110,54592
GPP,2078,110,54608
GPP,2079,110,54639
GPP,2080,110,54671
GPP,2081,110,54686
GPP,2082,110,54718
GPP,2083,110,54749
GPP,2084,110,54765
GPP,2085,110,54796
GPP,2086,110,54828
GPP,2087,110,54843
GPP,2088,110,54875
GPP,2089,110,54906
GPP,2090,110,54922
GPP,2091,110,54953
GPP,2092,110,54985
GPP,2093,110,55016
GPP,2094,110,55032
GPP,2095,110,55063
GPP,2096,110,55094
GPP,2097,110,55110
GPP,2098,110,55142
GPP,2099,110,55173
GPP,2100,110,55204
GPP,2101,110,55220
GPP,2102,110,55251
GPP,2103,110,55283
GPP,2104,110,55298
GPP,2105,110,55330
GPP,2106,110,55361
GPP,2107,110,55377
GPP,2108,110,55408
GPP,2109,110,55439
GPP,2110,110,55455
GPP,2111,110,55486
GPP,2112,110,55518
GPP,2113,110,55534
GPP,2114,110,55565
GPP,2115,110,55596
GPP,2116,110,55612
GPP,2117,110,55643
GPP,2118,110,55675
GPP,2119,110,55691
GPP,2120,110,55722
GPP,2121,110,55754
GPP,2122,110,55769
GPP,2123,110,55801
GPP,2124,110,55832
GPP,2125,110,55848
GPP,2126,110,55879
GPP,2127,110,55910
GPP,2128,110,55942
GPP,2129,110,55957
GPP,2130,110,55989
GPP,2131,110,56020
GPP,2132,110,56036
GPP,2133,110,56068
GPP,2134,110,56099
GPP,2135,110,56115
GPP,2136,110,56146
GPP,2137,110,56178
GPP,2138,110,56193
GPP,2139,110,56225
GPP,2140,110,56258
GPP,2141,110,56272
GPP,2142,110,56304
GPP,2143,110,56335
GPP,2144,110,56351
GPP,2145,110,56382
GPP,2146,110,56413
GPP,2147,110,56429
GPP,2148,110,56461
GPP,2149,110,56492
GPP,2150,110,56523
GPP,2151,110,56543
GPP,2152,110,56570
GPP,2153,110,56602
GPP,2154,110,56618
GPP,2155,110,56649
GPP,2156,110,56680
GPP,2157,110,56696
GPP,2158,110,56728
GPP,2159,110,56759
GPP,2160,110,56775
GPP,2161,110,56806
GPP,2162,110,56837
GPP,2163,110,56853
GPP,2164,110,56885
GPP,2165,110,56916
GPP,2166,110,56932
GPP,2167,110,56963
GPP,2168,110,56995
GPP,2169,110,57010
GPP,2170,110,57042
GPP,2171,110,57073
GPP,2172,110,57089
GPP,2173,110,57120
GPP,2174,110,57152
GPP,2175,110,57168
GPP,2176,110,57199
GPP,2177,110,57215
GPP,2178,110,57246
GPP,2179,110,57278
GPP,2180,110,57293
GPP,2181,110,57325
GPP,2182,110,57356
GPP,2183,110,57372
GPP,2184,110,57403
GPP,2185,110,57434
GPP,2186,110,57450
GPP,2187,110,57481
GPP,2188,110,57513
GPP,2189,110,57529
GPP,2190,110,57560
GPP,2191,110,57591
GPP,2192,110,57607
GPP,2193,110,57638
GPP,2194,110,57670
GPP,2195,110,57686
GPP,2196,110,57717
GPP,2197,110,57749
GPP,2198,110,57764
GPP,2199,110,57796
GPP,2200,110,57827
GPP,2201,110,57843
GPP,2202,110,57874
GPP,2203,110,57906
GPP,2204,110,57921
GPP,2205,110,57953
GPP,2206,110,57984
GPP,2207,110,58000
GPP,2208,110,58031
GPP,2209,110,58063
GPP,2210,110,58079
GPP,2211,110,58116
GPP,2212,110,58142
GPP,2213,110,58157
GPP,2214,110,58189
GPP,2215,110,58220
GPP,2216,110,58236
GPP,2217,110,58268
GPP,2218,110,58283
GPP,2219,110,58315
GPP,2220,110,58346
GPP,2221,110,58362
GPP,2222,110,58393
GPP,2223,110,58424
GPP,2224,110,58440
GPP,2225,110,58472
GPP,2226,110,58503
GPP,2227,110,58519
GPP,2228,110,58550
GPP,2229,110,58582
GPP,2230,110,58597
GPP,2231,110,58629
GPP,2232,110,58660
GPP,2233,110,58676
GPP,2234,110,58707
GPP,2235,110,58739
GPP,2236,110,58754
GPP,2237,110,58786
GPP,2238,110,58817
GPP,2239,110,58833
GPP,2240,110,58865
GPP,2241,110,58896
GPP,2242,110,58912
GPP,2243,110,58943
GPP,2244,110,58974
GPP,2245,110,58999
GPP,2246,110,59022
GPP,2247,110,59053
GPP,2248,110,59069
GPP,2249,110,59100
GPP,2250,110,59131
GPP,2251,110,59147
GPP,2252,110,59178
GPP,2253,110,59210
GPP,2254,110,59226
GPP,2255,110,59257
GPP,2256,110,59289
GPP,2257,110,59304
GPP,2258,110,59336
GPP,2259,110,59367
GPP,2260,110,59383
GPP,2261,110,59414
GPP,2262,110,59446
GPP,2263,110,59461
GPP,2264,110,59493
GPP,2265,110,59508
GPP,2266,110,59540
GPP,2267,110,59571
GPP,2268,110,59587
GPP,2269,110,59618
GPP,2270,110,59650
GPP,2271,110,59665
GPP,2272,110,59697
GPP,2273,110,59728
GPP,2274,110,59744
GPP,2275,110,59775
GPP,2276,110,59807
GPP,2277,110,59822
GPP,2278,110,59854
GPP,2279,110,59885
GPP,2280,110,59901
GPP,2281,110,59932
GPP,2282,110,59964
GPP,2283,110,59980
GPP,2284,110,60011
GPP,2285,110,60042
GPP,2286,110,60058
GPP,2287,110,60089
GPP,2288,110,60121
GPP,2289,110,60137
GPP,2290,110,60168
GPP,2291,110,60184
GPP,2292,110,60215
GPP,2293,110,60246
GPP,2294,110,60262
GPP,2295,110,60294
GPP,2296,110,60325
GPP,2297,110,60341
GPP,2298,110,60372
GPP,2299,110,60404
GPP,2300,110,60419
GPP,2301,110,60451
GPP,2302,110,60482
GPP,2303,110,60498
GPP,2304,110,60529
GPP,2305,110,60561
GPP,2306,110,60577
GPP,2307,110,60608
GPP,2308,110,60639
GPP,2309,110,60655
GPP,2310,110,60687
GPP,2311,110,60718
GPP,2312,110,60734
GPP,2313,110,60765
GPP,2314,110,60781
GPP,2315,110,60812
GPP,2316,110,60844
GPP,2317,110,60859
GPP,2318,110,60891
GPP,2319,110,60922
GPP,2320,110,60938
GPP,2321,110,60969
GPP,2322,110,61001
GPP,2323,110,61016
GPP,2324,110,61048
GPP,2325,110,61079
GPP,2326,110,61095
GPP,2327,110,61126
GPP,2328,110,61158
GPP,2329,110,61174
GPP,2330,110,61205
GPP,2331,110,61236
GPP,2332,110,61252
GPP,2333,110,61283
GPP,2334,110,61315
GPP,2335,110,61331
GPP,2336,110,61362
GPP,2337,110,61393
GPP,2338,110,61409
GPP,2339,110,61440
GPP,2340,110,61472
GPP,2341,110,61487
GPP,2342,110,61519
GPP,2343,110,61550
GPP,2344,110,61566
GPP,2345,110,61597
GPP,2346,110,61629
GPP,2347,110,61645
GPP,2348,110,61676
GPP,2349,110,61711
GPP,2350,110,61723
GPP,2351,110,61755
GPP,2352,110,61786
GPP,2353,110,61802
GPP,2354,110,61833
GPP,2355,110,61865
GPP,2356,110,61880
GPP,2357,110,61912
GPP,2358,110,61943
GPP,2359,110,61975
GPP,2360,110,61991
GPP,2361,110,62022
GPP,2362,110,62053
GPP,2363,110,62069
GPP,2364,110,62101
GPP,2365,110,62132
GPP,2366,110,62148
GPP,2367,110,62179
GPP,2368,110,62211
GPP,2369,110,62226
GPP,2370,110,62258
GPP,2371,110,62289
GPP,2372,110,62305
GPP,2373,110,62337
GPP,2374,110,62368
GPP,2375,110,62384
GPP,2376,110,62415
GPP,2377,110,62446
GPP,2378,110,62462
GPP,2379,110,62494
GPP,2380,110,62525
GPP,2381,110,62541
GPP,2382,110,62572
GPP,2383,110,62603
GPP,2384,110,62619
GPP,2385,110,62651
GPP,2386,110,62682
GPP,2387,110,62698
GPP,2388,110,62729
GPP,2389,110,62761
GPP,2390,110,62776
GPP,2391,110,62808
GPP,2392,110,62839
GPP,2393,110,62855
GPP,2394,110,62886
GPP,2395,110,62918
GPP,2396,110,62933
GPP,2397,110,62965
GPP,2398,110,62996
GPP,2399,110,63012
GPP,2400,110,63043
GPP,2401,110,63079
GPP,2402,110,63091
GPP,2403,110,63122
GPP,2404,110,63153
GPP,2405,110,63185
GPP,2406,110,63200
GPP,2407,110,63232
GPP,2408,110,63263
GPP,2409,110,63279
GPP,2410,110,63310
GPP,2411,110,63342
GPP,2412,110,63357
GPP,2413,110,63389
GPP,2414,110,63420
GPP,2415,110,63436
GPP,2416,110,63467
GPP,2417,110,63499
GPP,2418,110,63514
GPP,2419,110,63546
GPP,2420,110,63577
GPP,2421,110,63593
GPP,2422,110,63624
GPP,2423,110,63656
GPP,2424,110,63672
GPP,2425,110,63703
GPP,2426,110,63734
GPP,2427,110,63750
GPP,2428,110,63781
GPP,2429,110,63813
GPP,2430,110,63828
GPP,2431,110,63860
GPP,2432,110,63891
GPP,2433,110,63907
GPP,2434,110,63938
GPP,2435,110,63970
GPP,2436,110,63985
GPP,2437,110,64017
GPP,2438,110,64048
GPP,2439,110,64064
GPP,2440,110,64095
GPP,2441,110,64127
GPP,2442,110,64142
GPP,2443,110,64174
GPP,2444,110,64205
GPP,2445,110,64221
GPP,2446,110,64253
GPP,2447,110,64284
GPP,2448,110,64300
GPP,2449,110,64331
GPP,2450,110,64363
GPP,2451,110,64378
GPP,2452,110,64410
GPP,2453,110,64426
GPP,2454,110,64457
GPP,2455,110,64488
GPP,2456,110,64520
GPP,2457,110,64535
GPP,2458,110,64567
GPP,2459,110,64598
GPP,2460,110,64614
GPP,2461,110,64645
GPP,2462,110,64677
GPP,2463,110,64692
GPP,2464,110,64724
GPP,2465,110,64755
GPP,2466,110,64771
GPP,2467,110,64803
GPP,2468,110,64834
GPP,2469,110,64850
GPP,2470,110,64881
GPP,2471,110,64912
GPP,2472,110,64928
GPP,2473,110,64960
GPP,2474,110,64991
GPP,2475,110,65007
GPP,2476,110,65038
GPP,2477,110,65069
GPP,2478,110,65085
GPP,2479,110,65116
GPP,2480,110,65148
GPP,2481,110,65164
GPP,2482,110,65195
GPP,2483,110,65227
GPP,2484,110,65242
GPP,2485,110,65274
GPP,2486,110,65305
GPP,2487,110,65321
GPP,2488,110,65352
GPP,2489,110,65384
GPP,2490,110,65399
GPP,2491,110,65431
GPP,2492,110,65462
GPP,2493,110,65478
GPP,2494,110,65509
GPP,2495,110,65541
GPP,2496,110,65556
GPP,2497,110,65588
GPP,2498,110,65619
GPP,2499,110,65635
GPP,2500,110,65666
GPP,2501,110,65698
GPP,2502,110,65713
GPP,2503,110,65745
GPP,2504,110,65776
GPP,2505,110,65792
GPP,2506,110,65824
GPP,2507,110,65855
GPP,2508,110,65871
GPP,2509,110,65902
GPP,2510,110,65933
GPP,2511,110,65949
GPP,2512,110,65980
GPP,2513,110,66012
GPP,2514,110,66027
GPP,2515,110,66059
GPP,2516,110,66090
GPP,2517,110,66106
GPP,2518,110,66137
GPP,2519,110,66169
GPP,2520,110,66185
GPP,2521,110,66216
GPP,2522,110,66247
GPP,2523,110,66263
GPP,2524,110,66294
GPP,2525,110,66326
GPP,2526,110,66342
GPP,2527,110,66373
GPP,2528,110,66404
GPP,2529,110,66420
GPP,2530,110,66452
GPP,2531,110,66467
GPP,2532,110,66499
GPP,2533,110,66530
GPP,2534,110,66546
GPP,2535,110,66577
GPP,2536,110,66608
GPP,2537,110,66640
GPP,2538,110,66656
GPP,2539,110,66687
GPP,2540,110,66718
GPP,2541,110,66734
GPP,2542,110,66765
GPP,2543,110,66797
GPP,2544,110,66813
GPP,2545,110,66844
GPP,2546,110,66875
GPP,2547,110,66891
GPP,2548,110,66923
GPP,2549,110,66954
GPP,2550,110,66970
GPP,2551,110,67001
GPP,2552,110,67033
GPP,2553,110,67048
GPP,2554,110,67080
GPP,2555,110,67111
GPP,2556,110,67127
GPP,2557,110,67166
GPP,2558,110,67190
GPP,2559,110,67205
GPP,2560,110,67237
GPP,2561,110,67268
GPP,2562,110,67284
GPP,2563,110,67315
GPP,2564,110,67347
GPP,2565,110,67362
GPP,2566,110,67394
GPP,2567,110,67425
GPP,2568,110,67441
GPP,2569,110,67472
GPP,2570,110,67504
GPP,2571,110,67519
GPP,2572,110,67551
GPP,2573,110,67582
GPP,2574,110,67598
GPP,2575,110,67630
GPP,2576,110,67661
GPP,2577,110,67677
GPP,2578,110,67708
GPP,2579,110,67740
GPP,2580,110,67755
GPP,2581,110,67787
GPP,2582,110,67818
GPP,2583,110,67834
GPP,2584,110,67865
GPP,2585,110,67897
GPP,2586,110,67912
GPP,2587,110,67944
GPP,2588,110,67975
GPP,2589,110,67991
GPP,2590,110,68022
GPP,2591,110,68054
GPP,2592,110,68069
GPP,2593,110,68101
GPP,2594,110,68137
GPP,2595,110,68163
GPP,2596,110,68179
GPP,2597,110,68210
GPP,2598,110,68242
GPP,2599,110,68258
GPP,2600,110,68289
GPP,2601,110,68320
GPP,2602,110,68336
GPP,2603,110,68368
GPP,2604,110,68399
GPP,2605,110,68415
GPP,2606,110,68446
GPP,2607,110,68477
GPP,2608,110,68493
GPP,2609,110,68530
GPP,2610,110,68556
GPP,2611,110,68572
GPP,2612,110,68603
GPP,2613,110,68635
GPP,2614,110,68650
GPP,2615,110,68682
GPP,2616,110,68713
GPP,2617,110,68729
GPP,2618,110,68760
GPP,2619,110,68792
GPP,2620,110,68807
GPP,2621,110,68839
GPP,2622,110,68870
GPP,2623,110,68886
GPP,2624,110,68917
GPP,2625,110,68949
GPP,2626,110,68964
GPP,2627,110,68996
GPP,2628,110,69027
GPP,2629,110,69043
GPP,2630,110,69074
GPP,2631,110,69105
GPP,2632,110,69121
GPP,2633,110,69153
GPP,2634,110,69184
GPP,2635,110,69200
GPP,2636,110,69231
GPP,2637,110,69262
GPP,2638,110,69278
GPP,2639,110,69310
GPP,2640,110,69325
GPP,2641,110,69357
GPP,2642,110,69388
GPP,2643,110,69404
GPP,2644,110,69435
GPP,2645,110,69467
GPP,2646,110,69483
GPP,2647,110,69514
GPP,2648,110,69545
GPP,2649,110,69561
GPP,2650,110,69593
GPP,2651,110,69624
GPP,2652,110,69655
GPP,2653,110,69671
GPP,2654,110,69703
GPP,2655,110,69718
GPP,2656,110,69750
GPP,2657,110,69781
GPP,2658,110,69797
GPP,2659,110,69829
GPP,2660,110,69860
GPP,2661,110,69876
GPP,2662,110,69907
GPP,2663,110,69939
GPP,2664,110,69954
GPP,2665,110,69986
GPP,2666,110,70017
GPP,2667,110,70033
GPP,2668,110,70064
GPP,2669,110,70096
GPP,2670,110,70112
GPP,2671,110,70143
GPP,2672,110,70174
GPP,2673,110,70190
GPP,2674,110,70222
GPP,2675,110,70253
GPP,2676,110,70269
GPP,2677,110,70300
GPP,2678,110,70332
GPP,2679,110,70347
GPP,2680,110,70379
GPP,2681,110,70395
GPP,2682,110,70426
GPP,2683,110,70457
GPP,2684,110,70473
GPP,2685,110,70505
GPP,2686,110,70536
GPP,2687,110,70552
GPP,2688,110,70583
GPP,2689,110,70615
GPP,2690,110,70630
GPP,2691,110,70662
GPP,2692,110,70693
GPP,2693,110,70709
GPP,2694,110,70741
GPP,2695,110,70772
GPP,2696,110,70788
GPP,2697,110,70819
GPP,2698,110,70851
GPP,2699,110,70866
GPP,2700,110,70898
GPP,2701,110,70929
GPP,2702,110,70961
GPP,2703,110,70977
GPP,2704,110,71008
GPP,2705,110,71040
GPP,2706,110,71056
GPP,2707,110,71087
GPP,2708,110,71118
GPP,2709,110,71134
GPP,2710,110,71165
GPP,2711,110,71197
GPP,2712,110,71213
GPP,2713,110,71244
GPP,2714,110,71275
GPP,2715,110,71291
GPP,2716,110,71323
GPP,2717,110,71354
GPP,2718,110,71370
GPP,2719,110,71401
GPP,2720,110,71432
GPP,2721,110,71448
GPP,2722,110,71479
GPP,2723,110,71511
GPP,2724,110,71527
GPP,2725,110,71558
GPP,2726,110,71589
GPP,2727,110,71605
GPP,2728,110,71636
GPP,2729,110,71668
GPP,2730,110,71683
GPP,2731,110,71715
GPP,2732,110,71746
GPP,2733,110,71762
GPP,2734,110,71793
GPP,2735,110,71809
GPP,2736,110,71840
GPP,2737,110,71872
GPP,2738,110,71903
GPP,2739,110,71919
GPP,2740,110,71950
GPP,2741,110,71982
GPP,2742,110,71997
GPP,2743,110,72029
GPP,2744,110,72060
GPP,2745,110,72076
GPP,2746,110,72107
GPP,2747,110,72139
GPP,2748,110,72154
GPP,2749,110,72186
GPP,2750,110,72202
GPP,2751,110,72233
GPP,2752,110,72265
GPP,2753,110,72280
GPP,2754,110,72312
GPP,2755,110,72343
GPP,2756,110,72359
GPP,2757,110,72390
GPP,2758,110,72422
GPP,2759,110,72437
GPP,2760,110,72469
GPP,2761,110,72500
GPP,2762,110,72516
GPP,2763,110,72548
GPP,2764,110,72579
GPP,2765,110,72595
GPP,2766,110,72626
GPP,2767,110,72657
GPP,2768,110,72673
GPP,2769,110,72704
GPP,2770,110,72735
GPP,2771,110,72767
GPP,2772,110,72782
GPP,2773,110,72814
GPP,2774,110,72845
GPP,2775,110,72861
GPP,2776,110,72892
GPP,2777,110,72924
GPP,2778,110,72939
GPP,2779,110,72971
GPP,2780,110,73002
GPP,2781,110,73018
GPP,2782,110,73049
GPP,2783,110,73081
GPP,2784,110,73096
GPP,2785,110,73128
GPP,2786,110,73159
GPP,2787,110,73190
GPP,2788,110,73206
GPP,2789,110,73237
GPP,2790,110,73269
GPP,2791,110,73284
GPP,2792,110,73316
GPP,2793,110,73347
GPP,2794,110,73363
GPP,2795,110,73394
GPP,2796,110,73425
GPP,2797,110,73457
GPP,2798,110,73472
GPP,2799,110,73504
GPP,2800,110,73519
GPP,2801,110,73551
GPP,2802,110,73582
GPP,2803,110,73614
GPP,2804,110,73629
GPP,2805,110,73661
GPP,2806,110,73692
GPP,2807,110,73708
GPP,2808,110,73739
GPP,2809,110,73770
GPP,2810,110,73786
GPP,2811,110,73818
GPP,2812,110,73849
GPP,2813,110,73865
GPP,2814,110,73896
GPP,2815,110,73927
GPP,2816,110,73943
GPP,2817,110,73983
GPP,2818,110,74006
GPP,2819,110,74037
GPP,2820,110,74053
GPP,2821,110,74084
GPP,2822,110,74115
GPP,2823,110,74131
GPP,2824,110,74162
GPP,2825,110,74194
GPP,2826,110,74209
GPP,2827,110,74240
GPP,2828,110,74272
GPP,2829,110,74287
GPP,2830,110,74319
GPP,2831,110,74350
GPP,2832,110,74381
GPP,2833,110,74397
GPP,2834,110,74428
GPP,2835,110,74460
GPP,2836,110,74475
GPP,2837,110,74507
GPP,2838,110,74538
GPP,2839,110,74554
GPP,2840,110,74585
GPP,2841,110,74616
GPP,2842,110,74632
GPP,2843,110,74663
GPP,2844,110,74695
GPP,2845,110,74726
GPP,2846,110,74742
GPP,2847,110,74773
GPP,2848,110,74805
GPP,2849,110,74821
GPP,2850,110,74852
GPP,2851,110,74883
GPP,2852,110,74899
GPP,2853,110,74930
GPP,2854,110,74962
GPP,2855,110,74977
GPP,2856,110,75009
GPP,2857,110,75040
GPP,2858,110,75071
GPP,2859,110,75087
GPP,2860,110,75118
GPP,2861,110,75150
GPP,2862,110,75165
GPP,2863,110,75197
GPP,2864,110,75228
GPP,2865,110,75244
GPP,2866,110,75275
GPP,2867,110,75306
GPP,2868,110,75322
GPP,2869,110,75353
GPP,2870,110,75385
GPP,2871,110,75400
GPP,2872,110,75432
GPP,2873,110,75463
GPP,2874,110,75479
GPP,2875,110,75510
GPP,2876,110,75541
GPP,2877,110,75557
GPP,2878,110,75588
GPP,2879,110,75620
GPP,2880,110,75651
GPP,2881,110,75667
GPP,2882,110,75698
GPP,2883,110,75729
GPP,2884,110,75745
GPP,2885,110,75776
GPP,2886,110,75792
GPP,2887,110,75823
GPP,2888,110,75855
GPP,2889,110,75886
GPP,2890,110,75902
GPP,2891,110,75933
GPP,2892,110,75949
GPP,2893,110,75980
GPP,2894,110,76012
GPP,2895,110,76043
GPP,2896,110,76059
GPP,2897,110,76090
GPP,2898,110,76106
GPP,2899,110,76137
GPP,2900,110,76168
GPP,2901,110,76200
GPP,2902,110,76215
GPP,2903,110,76247
GPP,2904,110,76278
GPP,2905,110,76294
GPP,2906,110,76325
GPP,2907,110,76356
GPP,2908,110,76372
GPP,2909,110,76403
GPP,2910,110,76435
GPP,2911,110,76450
GPP,2912,110,76482
GPP,2913,110,76513
GPP,2914,110,76529
GPP,2915,110,76560
GPP,2916,110,76591
GPP,2917,110,76623
GPP,2918,110,76638
GPP,2919,110,76670
GPP,2920,110,76703
GPP,2921,110,76717
GPP,2922,110,76748
GPP,2923,110,76780
GPP,2924,110,76795
GPP,2925,110,76827
GPP,2926,110,76858
GPP,2927,110,76890
GPP,2928,110,76905
GPP,2929,110,76937
GPP,2930,110,76968
GPP,2931,110,76984
GPP,2932,110,77015
GPP,2933,110,77046
GPP,2934,110,77078
GPP,2935,110,77093
GPP,2936,110,77125
GPP,2937,110,77156
GPP,2938,110,77172
GPP,2939,110,77203
GPP,2940,110,77234
GPP,2941,110,77250
GPP,2942,110,77281
GPP,2943,110,77313
GPP,2944,110,77328
GPP,2945,110,77360
GPP,2946,110,77391
GPP,2947,110,77422
GPP,2948,110,77438
GPP,2949,110,77469
GPP,2950,110,77501
GPP,2951,110,77516
GPP,2952,110,77548
GPP,2953,110,77579
GPP,2954,110,77595
GPP,2955,110,77626
GPP,2956,110,77658
GPP,2957,110,77673
GPP,2958,110,77705
GPP,2959,110,77736
GPP,2960,110,77752
GPP,2961,110,77783
GPP,2962,110,77814
GPP,2963,110,77830
GPP,2964,110,77861
GPP,2965,110,77893
GPP,2966,110,77908
GPP,2967,110,77940
GPP,2968,110,77971
GPP,2969,110,77987
GPP,2970,110,78018
GPP,2971,110,78049
GPP,2972,110,78081
GPP,2973,110,78097
GPP,2974,110,78128
GPP,2975,110,78160
GPP,2976,110,78175
GPP,2977,110,78207
GPP,2978,110,78238
GPP,2979,110,78254
GPP,2980,110,78285
GPP,2981,110,78301
GPP,2982,110,78332
GPP,2983,110,78363
GPP,2984,110,78379
GPP,2985,110,78410
GPP,2986,110,78442
GPP,2987,110,78473
GPP,2988,110,78489
GPP,2989,110,78520
GPP,2990,110,78551
GPP,2991,110,78567
GPP,2992,110,78598
GPP,2993,110,78630
GPP,2994,110,78646
GPP,2995,110,78677
GPP,2996,110,78709
GPP,2997,110,78724
GPP,2998,110,78756
GPP,2999,110,78787
GPP,3000,110,78802
GPP,3001,110,78834
GPP,3002,110,78865
GPP,3003,110,78896
GPP,3004,110,78912
GPP,3005,110,78943
GPP,3006,110,78975
GPP,3007,110,78991
GPP,3008,110,79022
GPP,3009,110,79053
GPP,3010,110,79069
GPP,3011,110,79100
GPP,3012,110,79132
GPP,3013,110,79147
GPP,3014,110,79179
GPP,3015,110,79210
GPP,3016,110,79226
GPP,3017,110,79257
GPP,3018,110,79288
GPP,3019,110,79304
GPP,3020,110,79335
GPP,3021,110,79367
GPP,3022,110,79382
GPP,3023,110,79414
GPP,3024,110,79445
GPP,3025,110,79461
GPP,3026,110,79492
GPP,3027,110,79524
GPP,3028,110,79539
GPP,3029,110,79571
GPP,3030,110,79602
GPP,3031,110,79618
GPP,3032,110,79649
GPP,3033,110,79680
GPP,3034,110,79696
GPP,3035,110,79727
GPP,3036,110,79759
GPP,3037,110,79774
GPP,3038,110,79806
GPP,3039,110,79837
GPP,3040,110,79853
GPP,3041,110,79884
GPP,3042,110,79915
GPP,3043,110,79931
GPP,3044,110,79962
GPP,3045,110,79994
GPP,3046,110,80025
GPP,3047,110,80048
GPP,3048,110,80073
GPP,3049,110,80104
GPP,3050,110,80135
GPP,3051,110,80151
GPP,3052,110,80182
GPP,3053,110,80214
GPP,3054,110,80229
GPP,3055,110,80261
GPP,3056,110,80292
GPP,3057,110,80308
GPP,3058,110,80339
GPP,3059,110,80370
GPP,3060,110,80386
GPP,3061,110,80417
GPP,3062,110,80449
GPP,3063,110,80464
GPP,3064,110,80496
GPP,3065,110,80527
GPP,3066,110,80543
GPP,3067,110,80574
GPP,3068,110,80606
GPP,3069,110,80637
GPP,3070,110,80653
GPP,3071,110,80684
GPP,3072,110,80715
GPP,3073,110,80731
GPP,3074,110,80762
GPP,3075,110,80797
GPP,3076,110,80810
GPP,3077,110,80841
GPP,3078,110,80872
GPP,3079,110,80888
GPP,3080,110,80920
GPP,3081,110,80951
GPP,3082,110,80982
GPP,3083,110,80998
GPP,3084,110,81029
GPP,3085,110,81061
GPP,3086,110,81077
GPP,3087,110,81108
GPP,3088,110,81140
GPP,3089,110,81155
GPP,3090,110,81187
GPP,3091,110,81218
GPP,3092,110,81234
GPP,3093,110,81265
GPP,3094,110,81296
GPP,3095,110,81312
GPP,3096,110,81343
GPP,3097,110,81375
GPP,3098,110,81406
GPP,3099,110,81422
GPP,3100,110,81453
GPP,3101,110,81469
GPP,3102,110,81500
GPP,3103,110,81531
GPP,3104,110,81563
GPP,3105,110,81578
GPP,3106,110,81610
GPP,3107,110,81641
GPP,3108,110,81657
GPP,3109,110,81688
GPP,3110,110,81720
GPP,3111,110,81735
GPP,3112,110,81767
GPP,3113,110,81798
GPP,3114,110,81814
GPP,3115,110,81845
GPP,3116,110,81861
GPP,3117,110,81892
GPP,3118,110,81923
GPP,3119,110,81955
GPP,3120,110,81970
GPP,3121,110,82002
GPP,3122,110,82033
GPP,3123,110,82049
GPP,3124,110,82080
GPP,3125,110,82112
GPP,3126,110,82127
GPP,3127,110,82167
GPP,3128,110,82191
GPP,3129,110,82206
GPP,3130,110,82238
GPP,3131,110,82269
GPP,3132,110,82285
GPP,3133,110,82316
GPP,3134,110,82347
GPP,3135,110,82363
GPP,3136,110,82395
GPP,3137,110,82426
GPP,3138,110,82442
GPP,3139,110,82473
GPP,3140,110,82504
GPP,3141,110,82520
GPP,3142,110,82551
GPP,3143,110,82583
GPP,3144,110,82614
GPP,3145,110,82630
GPP,3146,110,82661
GPP,3147,110,82692
GPP,3148,110,82708
GPP,3149,110,82739
GPP,3150,110,82771
GPP,3151,110,82786
GPP,3152,110,82818
GPP,3153,110,82849
GPP,3154,110,82880
GPP,3155,110,82896
GPP,3156,110,82927
GPP,3157,110,82959
GPP,3158,110,82974
GPP,3159,110,83006
GPP,3160,110,83037
GPP,3161,110,83068
GPP,3162,110,83084
GPP,3163,110,83115
GPP,3164,110,83147
GPP,3165,110,83170
GPP,3166,110,83194
GPP,3167,110,83225
GPP,3168,110,83257
GPP,3169,110,83272
GPP,3170,110,83304
GPP,3171,110,83335
GPP,3172,110,83351
GPP,3173,110,83382
GPP,3174,110,83413
GPP,3175,110,83429
GPP,3176,110,83460
GPP,3177,110,83492
GPP,3178,110,83523
GPP,3179,110,83539
GPP,3180,110,83571
GPP,3181,110,83602
GPP,3182,110,83618
GPP,3183,110,83649
GPP,3184,110,83680
GPP,3185,110,83696
GPP,3186,110,83727
GPP,3187,110,83758
GPP,3188,110,83790
GPP,3189,110,83805
GPP,3190,110,83837
GPP,3191,110,83852
GPP,3192,110,83884
GPP,3193,110,83915
GPP,3194,110,83947
GPP,3195,110,83962
GPP,3196,110,83994
GPP,3197,110,84025
GPP,3198,110,84041
GPP,3199,110,84072
GPP,3200,110,84103
GPP,3201,110,84119
GPP,3202,110,84151
GPP,3203,110,84182
GPP,3204,110,84198
GPP,3205,110,84229
GPP,3206,110,84261
GPP,3207,110,84292
GPP,3208,110,84308
GPP,3209,110,84339
GPP,3210,110,84370
GPP,3211,110,84386
GPP,3212,110,84417
GPP,3213,110,84448
GPP,3214,110,84464
GPP,3215,110,84496
GPP,3216,110,84527
GPP,3217,110,84542
GPP,3218,110,84574
GPP,3219,110,84605
GPP,3220,110,84621
GPP,3221,110,84652
GPP,3222,110,84684
GPP,3223,110,84699
GPP,3224,110,84731
GPP,3225,110,84762
GPP,3226,110,84778
GPP,3227,110,84809
GPP,3228,110,84840
GPP,3229,110,84871
GPP,3230,110,84896
GPP,3231,110,84919
GPP,3232,110,84950
GPP,3233,110,84966
GPP,3234,110,84997
GPP,3235,110,85029
GPP,3236,110,85044
GPP,3237,110,85076
GPP,3238,110,85107
GPP,3239,110,85123
GPP,3240,110,85154
GPP,3241,110,85185
GPP,3242,110,85217
GPP,3243,110,85232
GPP,3244,110,85264
GPP,3245,110,85295
GPP,3246,110,85311
GPP,3247,110,85342
GPP,3248,110,85373
GPP,3249,110,85389
GPP,3250,110,85420
GPP,3251,110,85452
GPP,3252,110,85483
GPP,3253,110,85499
GPP,3254,110,85530
GPP,3255,110,85562
GPP,3256,110,85577
GPP,3257,110,85609
GPP,3258,110,85640
GPP,3259,110,85656
GPP,3260,110,85687
GPP,3261,110,85719
GPP,3262,110,85734
GPP,3263,110,85766
GPP,3264,110,85797
GPP,3265,110,85813
GPP,3266,110,85844
GPP,3267,110,85876
GPP,3268,110,85891
GPP,3269,110,85923
GPP,3270,110,85954
GPP,3271,110,85970
GPP,3272,110,86001
GPP,3273,110,86017
GPP,3274,110,86049
GPP,3275,110,86080
GPP,3276,110,86096
GPP,3277,110,86127
GPP,3278,110,86158
GPP,3279,110,86174
GPP,3280,110,86206
GPP,3281,110,86237
GPP,3282,110,86261
GPP,3283,110,86284
GPP,3284,110,86315
GPP,3285,110,86331
GPP,3286,110,86363
GPP,3287,110,86394
GPP,3288,110,86410
GPP,3289,110,86441
GPP,3290,110,86472
GPP,3291,110,86488
GPP,3292,110,86519
GPP,3293,110,86551
GPP,3294,110,86566
GPP,3295,110,86598
GPP,3296,110,86629
GPP,3297,110,86645
GPP,3298,110,86677
GPP,3299,110,86708
GPP,3300,110,86724
GPP,3301,110,86755
GPP,3302,110,86786
GPP,3303,110,86802
GPP,3304,110,86834
GPP,3305,110,86865
GPP,3306,110,86881
GPP,3307,110,86912
GPP,3308,110,86943
GPP,3309,110,86959
GPP,3310,110,86991
GPP,3311,110,87022
GPP,3312,110,87038
GPP,3313,110,87069
GPP,3314,110,87100
GPP,3315,110,87116
GPP,3316,110,87147
GPP,3317,110,87179
GPP,3318,110,87194
GPP,3319,110,87226
GPP,3320,110,87241
GPP,3321,110,87273
GPP,3322,110,87304
GPP,3323,110,87320
GPP,3324,110,87352
GPP,3325,110,87383
GPP,3326,110,87399
GPP,3327,110,87430
GPP,3328,110,87461
GPP,3329,110,87477
GPP,3330,110,87509
GPP,3331,110,87540
GPP,3332,110,87556
GPP,3333,110,87587
GPP,3334,110,87621
GPP,3335,110,87634
GPP,3336,110,87666
GPP,3337,110,87697
GPP,3338,110,87713
GPP,3339,110,87744
GPP,3340,110,87775
GPP,3341,110,87791
GPP,3342,110,87823
GPP,3343,110,87854
GPP,3344,110,87870
GPP,3345,110,87901
GPP,3346,110,87932
GPP,3347,110,87948
GPP,3348,110,87979
GPP,3349,110,88011
GPP,3350,110,88042
GPP,3351,110,88058
GPP,3352,110,88089
GPP,3353,110,88121
GPP,3354,110,88136
GPP,3355,110,88168
GPP,3356,110,88199
GPP,3357,110,88215
GPP,3358,110,88246
GPP,3359,110,88277
GPP,3360,110,88293
GPP,3361,110,88325
GPP,3362,110,88356
GPP,3363,110,88372
GPP,3364,110,88403
GPP,3365,110,88435
GPP,3366,110,88450
GPP,3367,110,88482
GPP,3368,110,88513
GPP,3369,110,88529
GPP,3370,110,88560
GPP,3371,110,88592
GPP,3372,110,88607
GPP,3373,110,88639
GPP,3374,110,88670
GPP,3375,110,88686
GPP,3376,110,88718
GPP,3377,110,88749
GPP,3378,110,88765
GPP,3379,110,88796
GPP,3380,110,88827
GPP,3381,110,88843
GPP,3382,110,88874
GPP,3383,110,88906
GPP,3384,110,88922
GPP,3385,110,88959
GPP,3386,110,88984
GPP,3387,110,89000
GPP,3388,110,89031
GPP,3389,110,89063
GPP,3390,110,89094
GPP,3391,110,89109
GPP,3392,110,89141
GPP,3393,110,89172
GPP,3394,110,89188
GPP,3395,110,89219
GPP,3396,110,89251
GPP,3397,110,89267
GPP,3398,110,89298
GPP,3399,110,89329
GPP,3400,110,89345
GPP,3401,110,89377
GPP,3402,110,89392
GPP,3403,110,89424
GPP,3404,110,89455
GPP,3405,110,89471
GPP,3406,110,89502
GPP,3407,110,89534
GPP,3408,110,89549
GPP,3409,110,89581
GPP,3410,110,89612
GPP,3411,110,89628
GPP,3412,110,89659
GPP,3413,110,89690
GPP,3414,110,89706
GPP,3415,110,89738
GPP,3416,110,89769
GPP,3417,110,89785
GPP,3418,110,89816
GPP,3419,110,89848
GPP,3420,110,89863
GPP,3421,110,89895
GPP,3422,110,89911
GPP,3423,110,89942
GPP,3424,110,89973
GPP,3425,110,90005
GPP,3426,110,90021
GPP,3427,110,90052
GPP,3428,110,90068
GPP,3429,110,90099
GPP,3430,110,90131
GPP,3431,110,90146
GPP,3432,110,90178
GPP,3433,110,90209
GPP,3434,110,90225
GPP,3435,110,90256
GPP,3436,110,90287
GPP,3437,110,90303
GPP,3438,110,90342
GPP,3439,110,90366
GPP,3440,110,90381
GPP,3441,110,90413
GPP,3442,110,90444
GPP,3443,110,90460
GPP,3444,110,90491
GPP,3445,110,90523
GPP,3446,110,90539
GPP,3447,110,90570
GPP,3448,110,90601
GPP,3449,110,90617
GPP,3450,110,90649
GPP,3451,110,90680
GPP,3452,110,90696
GPP,3453,110,90727
GPP,3454,110,90758
GPP,3455,110,90774
GPP,3456,110,90806
GPP,3457,110,90837
GPP,3458,110,90853
GPP,3459,110,90884
GPP,3460,110,90916
GPP,3461,110,90931
GPP,3462,110,90963
GPP,3463,110,90994
GPP,3464,110,91010
GPP,3465,110,91041
GPP,3466,110,91073
GPP,3467,110,91088
GPP,3468,110,91120
GPP,3469,110,91151
GPP,3470,110,91167
GPP,3471,110,91198
GPP,3472,110,91214
GPP,3473,110,91245
GPP,3474,110,91277
GPP,3475,110,91292
GPP,3476,110,91324
GPP,3477,110,91355
GPP,3478,110,91371
GPP,3479,110,91402
GPP,3480,110,91434
GPP,3481,110,91450
GPP,3482,110,91481
GPP,3483,110,91512
GPP,3484,110,91528
GPP,3485,110,91560
GPP,3486,110,91591
GPP,3487,110,91607
GPP,3488,110,91638
GPP,3489,110,91670
GPP,3490,110,91701
GPP,3491,110,91717
GPP,3492,110,91748
GPP,3493,110,91779
GPP,3494,110,91795
GPP,3495,110,91827
GPP,3496,110,91858
GPP,3497,110,91874
GPP,3498,110,91905
GPP,3499,110,91936
GPP,3500,110,91952
GPP,3501,110,91984
GPP,3502,110,92015
GPP,3503,110,92031
GPP,3504,110,92062
GPP,3505,110,92093
GPP,3506,110,92109
GPP,3507,110,92141
GPP,3508,110,92172
GPP,3509,110,92188
GPP,3510,110,92219
GPP,3511,110,92251
GPP,3512,110,92266
GPP,3513,110,92298
GPP,3514,110,92329
GPP,3515,110,92345
GPP,3516,110,92376
GPP,3517,110,92408
GPP,3518,110,92423
GPP,3519,110,92455
GPP,3520,110,92471
GPP,3521,110,92502
GPP,3522,110,92533
GPP,3523,110,92549
GPP,3524,110,92580
GPP,3525,110,92612
GPP,3526,110,92628
GPP,3527,110,92659
GPP,3528,110,92690
GPP,3529,110,92706
GPP,3530,110,92738
GPP,3531,110,92769
GPP,3532,110,92785
GPP,3533,110,92816
GPP,3534,110,92848
GPP,3535,110,92879
GPP,3536,110,92895
GPP,3537,110,92926
GPP,3538,110,92957
GPP,3539,110,92973
GPP,3540,110,93005
GPP,3541,110,93036
GPP,3542,110,93052
GPP,3543,110,93083
GPP,3544,110,93114
GPP,3545,110,93130
GPP,3546,110,93162
GPP,3547,110,93193
GPP,3548,110,93209
GPP,3549,110,93240
GPP,3550,110,93271
GPP,3551,110,93287
GPP,3552,110,93318
GPP,3553,110,93350
GPP,3554,110,93365
GPP,3555,110,93397
GPP,3556,110,93428
GPP,3557,110,93460
GPP,3558,110,93475
GPP,3559,110,93507
GPP,3560,110,93538
GPP,3561,110,93554
GPP,3562,110,93585
GPP,3563,110,93616
GPP,3564,110,93632
GPP,3565,110,93663
GPP,3566,110,93695
GPP,3567,110,93711
GPP,3568,110,93742
GPP,3569,110,93773
GPP,3570,110,93789
GPP,3571,110,93820
GPP,3572,110,93851
GPP,3573,110,93883
GPP,3574,110,93898
GPP,3575,110,93930
GPP,3576,110,93961
GPP,3577,110,93977
GPP,3578,110,94008
GPP,3579,110,94040
GPP,3580,110,94055
GPP,3581,110,94087
GPP,3582,110,94118
GPP,3583,110,94149
GPP,3584,110,94165
GPP,3585,110,94196
GPP,3586,110,94228
GPP,3587,110,94243
GPP,3588,110,94275
GPP,3589,110,94306
GPP,3590,110,94322
GPP,3591,110,94353
GPP,3592,110,94384
GPP,3593,110,94400
GPP,3594,110,94439
GPP,3595,110,94463
GPP,3596,110,94479
GPP,3597,110,94510
GPP,3598,110,94541
GPP,3599,110,94557
GPP,3600,110,94588
GPP,3601,110,94620
GPP,3602,110,94635
GPP,3603,110,94667
GPP,3604,110,94698
GPP,3605,110,94714
GPP,3606,110,94745
GPP,3607,110,94777
GPP,3608,110,94808
GPP,3609,110,94824
GPP,3610,110,94855
GPP,3611,110,94886
GPP,3612,110,94902
GPP,3613,110,94933
GPP,3614,110,94964
GPP,3615,110,94980
GPP,3616,110,95012
GPP,3617,110,95043
GPP,3618,110,95059
GPP,3619,110,95090
GPP,3620,110,95121
GPP,3621,110,95137
GPP,3622,110,95168
GPP,3623,110,95200
GPP,3624,110,95231
GPP,3625,110,95247
GPP,3626,110,95278
GPP,3627,110,95309
GPP,3628,110,95325
GPP,3629,110,95356
GPP,3630,110,95388
GPP,3631,110,95403
GPP,3632,110,95435
GPP,3633,110,95466
GPP,3634,110,95482
GPP,3635,110,95513
GPP,3636,110,95544
GPP,3637,110,95560
GPP,3638,110,95591
GPP,3639,110,95623
GPP,3640,110,95639
GPP,3641,110,95670
GPP,3642,110,95701
GPP,3643,110,95717
GPP,3644,110,95748
GPP,3645,110,95780
GPP,3646,110,95811
GPP,3647,110,95827
GPP,3648,110,95858
GPP,3649,110,95890
GPP,3650,110,95905
GPP,3651,110,95937
GPP,3652,110,95968
GPP,3653,110,96000
GPP,3654,110,96015
GPP,3655,110,96047
GPP,3656,110,96078
GPP,3657,110,96094
GPP,3658,110,96125
GPP,3659,110,96156
GPP,3660,110,96172
GPP,3661,110,96204
GPP,3662,110,96235
GPP,3663,110,96251
GPP,3664,110,96282
GPP,3665,110,96313
GPP,3666,110,96345
GPP,3667,110,96360
GPP,3668,110,96392
GPP,3669,110,96423
GPP,3670,110,96439
GPP,3671,110,96470
GPP,3672,110,96501
GPP,3673,110,96517
GPP,3674,110,96548
GPP,3675,110,96580
GPP,3676,110,96595
GPP,3677,110,96627
GPP,3678,110,96658
GPP,3679,110,96689
GPP,3680,110,96705
GPP,3681,110,96736
GPP,3682,110,96768
GPP,3683,110,96784
GPP,3684,110,96815
GPP,3685,110,96846
GPP,3686,110,96862
GPP,3687,110,96893
GPP,3688,110,96924
GPP,3689,110,96940
GPP,3690,110,96972
GPP,3691,110,97003
GPP,3692,110,97034
GPP,3693,110,97050
GPP,3694,110,97081
GPP,3695,110,97113
GPP,3696,110,97144
GPP,3697,110,97168
GPP,3698,110,97191
GPP,3699,110,97223
GPP,3700,110,97238
GPP,3701,110,97270
GPP,3702,110,97301
GPP,3703,110,97317
GPP,3704,110,97348
GPP,3705,110,97379
GPP,3706,110,97395
GPP,3707,110,97426
GPP,3708,110,97458
GPP,3709,110,97473
GPP,3710,110,97505
GPP,3711,110,97536
GPP,3712,110,97552
GPP,3713,110,97583
GPP,3714,110,97614
GPP,3715,110,97630
GPP,3716,110,97662
GPP,3717,110,97693
GPP,3718,110,97709
GPP,3719,110,97740
GPP,3720,110,97771
GPP,3721,110,97787
GPP,3722,110,97818
GPP,3723,110,97850
GPP,3724,110,97865
GPP,3725,110,97897
GPP,3726,110,97928
GPP,3727,110,97944
GPP,3728,110,97975
GPP,3729,110,98007
GPP,3730,110,98022
GPP,3731,110,98054
GPP,3732,110,98085
GPP,3733,110,98101
GPP,3734,110,98132
GPP,3735,110,98163
GPP,3736,110,98179
GPP,3737,110,98211
GPP,3738,110,98242
GPP,3739,110,98258
GPP,3740,110,98289
GPP,3741,110,98321
GPP,3742,110,98336
GPP,3743,110,98368
GPP,3744,110,98399
GPP,3745,110,98415
GPP,3746,110,98446
GPP,3747,110,98477
GPP,3748,110,98493
GPP,3749,110,98532
GPP,3750,110,98556
GPP,3751,110,98572
GPP,3752,110,98603
GPP,3753,110,98634
GPP,3754,110,98650
GPP,3755,110,98681
GPP,3756,110,98713
GPP,3757,110,98744
GPP,3758,110,98760
GPP,3759,110,98791
GPP,3760,110,98823
GPP,3761,110,98838
GPP,3762,110,98870
GPP,3763,110,98901
GPP,3764,110,98917
GPP,3765,110,98948
GPP,3766,110,98979
GPP,3767,110,98995
GPP,3768,110,99026
GPP,3769,110,99058
GPP,3770,110,99073
GPP,3771,110,99105
GPP,3772,110,99136
GPP,3773,110,99152
GPP,3774,110,99183
GPP,3775,110,99214
GPP,3776,110,99246
GPP,3777,110,99261
GPP,3778,110,99293
GPP,3779,110,99324
GPP,3780,110,99340
GPP,3781,110,99371
GPP,3782,110,99402
GPP,3783,110,99418
GPP,3784,110,99449
GPP,3785,110,99481
GPP,3786,110,99512
GPP,3787,110,99528
GPP,3788,110,99559
GPP,3789,110,99590
GPP,3790,110,99606
GPP,3791,110,99637
GPP,3792,110,99669
GPP,3793,110,99685
GPP,3794,110,99716
GPP,3795,110,99747
GPP,3796,110,99763
GPP,3797,110,99794
GPP,3798,110,99826
GPP,3799,110,99841
GPP,3800,110,99873
GPP,3801,110,99904
GPP,3802,110,99935
GPP,3803,110,99967
GPP,3804,110,99983
GPP,3805,110,100014
GPP,3806,110,100045
GPP,3807,110,100061
GPP,3808,110,100093
GPP,3809,110,100124
GPP,3810,110,100140
GPP,3811,110,100171
GPP,3812,110,100203
GPP,3813,110,100234
GPP,3814,110,100250
GPP,3815,110,100281
GPP,3816,110,100312
GPP,3817,110,100328
GPP,3818,110,100359
GPP,3819,110,100391
GPP,3820,110,100422
GPP,3821,110,100447
GPP,3822,110,100469
GPP,3823,110,100501
GPP,3824,110,100516
GPP,3825,110,100548
GPP,3826,110,100579
GPP,3827,110,100595
GPP,3828,110,100626
GPP,3829,110,100658
GPP,3830,110,100673
GPP,3831,110,100705
GPP,3832,110,100736
GPP,3833,110,100752
GPP,3834,110,100783
GPP,3835,110,100815
GPP,3836,110,100830
GPP,3837,110,100862
GPP,3838,110,100893
GPP,3839,110,100909
GPP,3840,110,100940
GPP,3841,110,100972
GPP,3842,110,100987
GPP,3843,110,101019
GPP,3844,110,101050
GPP,3845,110,101066
GPP,3846,110,101097
GPP,3847,110,101128
GPP,3848,110,101160
GPP,3849,110,101175
GPP,3850,110,101207
GPP,3851,110,101238
GPP,3852,110,101254
GPP,3853,110,101286
GPP,3854,110,101317
GPP,3855,110,101333
GPP,3856,110,101364
GPP,3857,110,101396
GPP,3858,110,101411
GPP,3859,110,101443
GPP,3860,110,101474
GPP,3861,110,101490
GPP,3862,110,101522
GPP,3863,110,101553
GPP,3864,110,101569
GPP,3865,110,101600
GPP,3866,110,101616
GPP,3867,110,101647
GPP,3868,110,101678
GPP,3869,110,101710
GPP,3870,110,101726
GPP,3871,110,101757
GPP,3872,110,101789
GPP,3873,110,101804
GPP,3874,110,101836
GPP,3875,110,101851
GPP,3876,110,101883
GPP,3877,110,101914
GPP,3878,110,101930
GPP,3879,110,101961
GPP,3880,110,101993
GPP,3881,110,102009
GPP,3882,110,102040
GPP,3883,110,102071
GPP,3884,110,102103
GPP,3885,110,102119
GPP,3886,110,102150
GPP,3887,110,102166
GPP,3888,110,102197
GPP,3889,110,102229
GPP,3890,110,102244
GPP,3891,110,102276
GPP,3892,110,102307
GPP,3893,110,102323
GPP,3894,110,102354
GPP,3895,110,102386
GPP,3896,110,102401
GPP,3897,110,102433
GPP,3898,110,102464
GPP,3899,110,102480
GPP,3900,110,102512
GPP,3901,110,102543
GPP,3902,110,102559
GPP,3903,110,102590
GPP,3904,110,102621
GPP,3905,110,102637
GPP,3906,110,102669
GPP,3907,110,102700
GPP,3908,110,102716
GPP,3909,110,102747
GPP,3910,110,102778
GPP,3911,110,102794
GPP,3912,110,102825
GPP,3913,110,102857
GPP,3914,110,102888
GPP,3915,110,102904
GPP,3916,110,102935
GPP,3917,110,102967
GPP,3918,110,102982
GPP,3919,110,103014
GPP,3920,110,103046
GPP,3921,110,103061
GPP,3922,110,103093
GPP,3923,110,103124
GPP,3924,110,103140
GPP,3925,110,103171
GPP,3926,110,103205
GPP,3927,110,103218
GPP,3928,110,103250
GPP,3929,110,103281
GPP,3930,110,103297
GPP,3931,110,103328
GPP,3932,110,103360
GPP,3933,110,103375
GPP,3934,110,103407
GPP,3935,110,103438
GPP,3936,110,103470
GPP,3937,110,103485
GPP,3938,110,103517
GPP,3939,110,103548
GPP,3940,110,103564
GPP,3941,110,103595
GPP,3942,110,103627
GPP,3943,110,103642
GPP,3944,110,103674
GPP,3945,110,103705
GPP,3946,110,103721
GPP,3947,110,103752
GPP,3948,110,103784
GPP,3949,110,103800
GPP,3950,110,103831
GPP,3951,110,103863
GPP,3952,110,103878
GPP,3953,110,103910
GPP,3954,110,103941
GPP,3955,110,103973
GPP,3956,110,103988
GPP,3957,110,104020
GPP,3958,110,104051
GPP,3959,110,104067
GPP,3960,110,104098
GPP,3961,110,104130
GPP,3962,110,104146
GPP,3963,110,104177
GPP,3964,110,104208
GPP,3965,110,104224
GPP,3966,110,104255
GPP,3967,110,104287
GPP,3968,110,104303
GPP,3969,110,104334
GPP,3970,110,104365
GPP,3971,110,104381
GPP,3972,110,104412
GPP,3973,110,104444
GPP,3974,110,104460
GPP,3975,110,104491
GPP,3976,110,104523
GPP,3977,110,104538
GPP,3978,110,104570
GPP,3979,110,104601
GPP,3980,110,104617
GPP,3981,110,104648
GPP,3982,110,104679
GPP,3983,110,104695
GPP,3984,110,104726
GPP,3985,110,104758
GPP,3986,110,104774
GPP,3987,110,104805
GPP,3988,110,104837
GPP,3989,110,104852
GPP,3990,110,104884
GPP,3991,110,104915
GPP,3992,110,104931
GPP,3993,110,104962
GPP,3994,110,104993
GPP,3995,110,105025
GPP,3996,110,105041
GPP,3997,110,105072
GPP,3998,110,105104
GPP,3999,110,105119
GPP,4000,110,105151
GPP,4001,110,105182
GPP,4002,110,105198
GPP,4003,110,105229
GPP,4004,110,105260
GPP,4005,110,105276
GPP,4006,110,105307
GPP,4007,110,105342
GPP,4008,110,105355
GPP,4009,110,105386
GPP,4010,110,105417
GPP,4011,110,105449
GPP,4012,110,105464
GPP,4013,110,105496
GPP,4014,110,105527
GPP,4015,110,105543
GPP,4016,110,105574
GPP,4017,110,105606
GPP,4018,110,105621
GPP,4019,110,105653
GPP,4020,110,105684
GPP,4021,110,105700
GPP,4022,110,105731
GPP,4023,110,105762
GPP,4024,110,105778
GPP,4025,110,105809
GPP,4026,110,105841
GPP,4027,110,105872
GPP,4028,110,105888
GPP,4029,110,105919
GPP,4030,110,105951
GPP,4031,110,105966
GPP,4032,110,105998
GPP,4033,110,106029
GPP,4034,110,106045
GPP,4035,110,106076
GPP,4036,110,106108
GPP,4037,110,106124
GPP,4038,110,106155
GPP,4039,110,106186
GPP,4040,110,106202
GPP,4041,110,106233
GPP,4042,110,106265
GPP,4043,110,106281
GPP,4044,110,106312
GPP,4045,110,106343
GPP,4046,110,106359
GPP,4047,110,106390
GPP,4048,110,106422
GPP,4049,110,106438
GPP,4050,110,106469
GPP,4051,110,106500
GPP,4052,110,106516
GPP,4053,110,106548
GPP,4054,110,106579
GPP,4055,110,106610
GPP,4056,110,106626
GPP,4057,110,106657
GPP,4058,110,106689
GPP,4059,110,106704
GPP,4060,110,106736
GPP,4061,110,106767
GPP,4062,110,106783
GPP,4063,110,106814
GPP,4064,110,106846
GPP,4065,110,106861
GPP,4066,110,106893
GPP,4067,110,106924
GPP,4068,110,106940
GPP,4069,110,106971
GPP,4070,110,107003
GPP,4071,110,107019
GPP,4072,110,107050
GPP,4073,110,107081
GPP,4074,110,107097
GPP,4075,110,107128
GPP,4076,110,107159
GPP,4077,110,107175
GPP,4078,110,107206
GPP,4079,110,107238
GPP,4080,110,107269
GPP,4081,110,107285
GPP,4082,110,107317
GPP,4083,110,107332
GPP,4084,110,107364
GPP,4085,110,107395
GPP,4086,110,107411
GPP,4087,110,107442
GPP,4088,110,107473
GPP,4089,110,107489
GPP,4090,110,107521
GPP,4091,110,107552
GPP,4092,110,107568
GPP,4093,110,107599
GPP,4094,110,107631
GPP,4095,110,107647
GPP,4096,110,107678
GPP,4097,110,107709
GPP,4098,110,107725
GPP,4099,110,107756
GPP,4100,110,107788
GPP,4101,110,107819
GPP,4102,110,107835
GPP,4103,110,107866
GPP,4104,110,107897
GPP,4105,110,107913
GPP,4106,110,107944
GPP,4107,110,107976
GPP,4108,110,107992
GPP,4109,110,108023
GPP,4110,110,108039
GPP,4111,110,108071
GPP,4112,110,108102
GPP,4113,110,108133
GPP,4114,110,108149
GPP,4115,110,108181
GPP,4116,110,108212
GPP,4117,110,108228
GPP,4118,110,108259
GPP,4119,110,108291
GPP,4120,110,108306
GPP,4121,110,108338
GPP,4122,110,108369
GPP,4123,110,108385
GPP,4124,110,108416
GPP,4125,110,108448
GPP,4126,110,108463
GPP,4127,110,108495
GPP,4128,110,108526
GPP,4129,110,108542
GPP,4130,110,108573
GPP,4131,110,108605
GPP,4132,110,108620
GPP,4133,110,108652
GPP,4134,110,108683
GPP,4135,110,108699
GPP,4136,110,108730
GPP,4137,110,108761
GPP,4138,110,108777
GPP,4139,110,108809
GPP,4140,110,108840
GPP,4141,110,108856
GPP,4142,110,108887
GPP,4143,110,108919
GPP,4144,110,108934
GPP,4145,110,108966
GPP,4146,110,108997
GPP,4147,110,109013
GPP,4148,110,109044
GPP,4149,110,109076
GPP,4150,110,109091
GPP,4151,110,109123
GPP,4152,110,109154
GPP,4153,110,109170
GPP,4154,110,109201
GPP,4155,110,109233
GPP,4156,110,109248
GPP,4157,110,109280
GPP,4158,110,109311
GPP,4159,110,109327
GPP,4160,110,109359
GPP,4161,110,109390
GPP,4162,110,109406
GPP,4163,110,109437
GPP,4164,110,109469
GPP,4165,110,109484
GPP,4166,110,109516
GPP,4167,110,109547
GPP,4168,110,109563
GPP,4169,110,109594
GPP,4170,110,109626
GPP,4171,110,109642
GPP,4172,110,109673
GPP,4173,110,109689
GPP,4174,110,109720
GPP,4175,110,109751
GPP,4176,110,109767
GPP,4177,110,109798
GPP,4178,110,109830
GPP,4179,110,109846
GPP,4180,110,109877
GPP,4181,110,109909
GPP,4182,110,109924
GPP,4183,110,109956
GPP,4184,110,109987
GPP,4185,110,110003
GPP,4186,110,110034
GPP,4187,110,110066
GPP,4188,110,110081
GPP,4189,110,110113
GPP,4190,110,110144
GPP,4191,110,110160
GPP,4192,110,110191
GPP,4193,110,110223
GPP,4194,110,110238
GPP,4195,110,110270
GPP,4196,110,110301
GPP,4197,110,110317
GPP,4198,110,110348
GPP,4199,110,110380
GPP,4200,110,110395
GPP,4201,110,110427
GPP,4202,110,110458
GPP,4203,110,110474
GPP,4204,110,110505
GPP,4205,110,110537
GPP,4206,110,110553
GPP,4207,110,110584
GPP,4208,110,110615
GPP,4209,110,110631
GPP,4210,110,110662
GPP,4211,110,110694
GPP,4212,110,110709
GPP,4213,110,110741
GPP,4214,110,110772
GPP,4215,110,110796
GPP,4216,110,110819
GPP,4217,110,110851
GPP,4218,110,110866
GPP,4219,110,110898
GPP,4220,110,110929
GPP,4221,110,110945
GPP,4222,110,110976
GPP,4223,110,111008
GPP,4224,110,111024
GPP,4225,110,111055
GPP,4226,110,111086
GPP,4227,110,111102
GPP,4228,110,111133
GPP,4229,110,111165
GPP,4230,110,111181
GPP,4231,110,111212
GPP,4232,110,111243
GPP,4233,110,111259
GPP,4234,110,111290
GPP,4235,110,111306
GPP,4236,110,111337
GPP,4237,110,111369
GPP,4238,110,111385
GPP,4239,110,111416
GPP,4240,110,111448
GPP,4241,110,111463
GPP,4242,110,111495
GPP,4243,110,111526
GPP,4244,110,111542
GPP,4245,110,111573
GPP,4246,110,111604
GPP,4247,110,111620
GPP,4248,110,111651
GPP,4249,110,111683
GPP,4250,110,111699
GPP,4251,110,111730
GPP,4252,110,111762
GPP,4253,110,111777
GPP,4254,110,111809
GPP,4255,110,111840
GPP,4256,110,111856
GPP,4257,110,111887
GPP,4258,110,111918
GPP,4259,110,111934
GPP,4260,110,111965
GPP,4261,110,111997
GPP,4262,110,112013
GPP,4263,110,112044
GPP,4264,110,112075
GPP,4265,110,112091
GPP,4266,110,112122
GPP,4267,110,112138
GPP,4268,110,112169
GPP,4269,110,112201
GPP,4270,110,112216
GPP,4271,110,112248
GPP,4272,110,112279
GPP,4273,110,112295
GPP,4274,110,112326
GPP,4275,110,112358
GPP,4276,110,112373
GPP,4277,110,112405
GPP,4278,110,112436
GPP,4279,110,112452
GPP,4280,110,112483
GPP,4281,110,112515
GPP,4282,110,112530
GPP,4283,110,112562
GPP,4284,110,112577
GPP,4285,110,112609
GPP,4286,110,112640
GPP,4287,110,112656
GPP,4288,110,112687
GPP,4289,110,112719
GPP,4290,110,112734
GPP,4291,110,112766
GPP,4292,110,112797
GPP,4293,110,112813
GPP,4294,110,112844
GPP,4295,110,112876
GPP,4296,110,112892
GPP,4297,110,112923
GPP,4298,110,112954
GPP,4299,110,112970
GPP,4300,110,113001
GPP,4301,110,113037
GPP,4302,110,113064
GPP,4303,110,113089
GPP,4304,110,113117
GPP,4305,110,113143
GPP,4306,110,113170
GPP,4307,110,113195
GPP,4308,110,113222
GPP,4309,110,113237
GPP,4310,110,113268
GPP,4311,110,113299
GPP,4312,110,113315
GPP,4313,110,113346
GPP,4314,110,113378
GPP,4315,110,113393
GPP,4316,110,113425
GPP,4317,110,113456
GPP,4318,110,113472
GPP,4319,110,113503
GPP,4320,110,113535
GPP,4321,110,113550
GPP,4322,110,113582
GPP,4323,110,113613
GPP,4324,110,113629
GPP,4325,110,113660
GPP,4326,110,113691
GPP,4327,110,113707
GPP,4328,110,113739
GPP,4329,110,113770
GPP,4330,110,113786
GPP,4331,110,113817
GPP,4332,110,113848
GPP,4333,110,113864
GPP,4334,110,113896
GPP,4335,110,113927
GPP,4336,110,113943
GPP,4337,110,113974
GPP,4338,110,114005
GPP,4339,110,114021
GPP,4340,110,114053
GPP,4341,110,114084
GPP,4342,110,114100
GPP,4343,110,114131
GPP,4344,110,114163
GPP,4345,110,114178
GPP,4346,110,114210
GPP,4347,110,114241
GPP,4348,110,114257
GPP,4349,110,114288
GPP,4350,110,114320
GPP,4351,110,114335
GPP,4352,110,114367
GPP,4353,110,114398
GPP,4354,110,114414
GPP,4355,110,114445
GPP,4356,110,114477
GPP,4357,110,114492
GPP,4358,110,114524
GPP,4359,110,114555
GPP,4360,110,114571
GPP,4361,110,114603
GPP,4362,110,114634
GPP,4363,110,114650
GPP,4364,110,114681
GPP,4365,110,114713
GPP,4366,110,114728
GPP,4367,110,114760
GPP,4368,110,114791
GPP,4369,110,114807
GPP,4370,110,114839
GPP,4371,110,114870
GPP,4372,110,114886
GPP,4373,110,114917
GPP,4374,110,114949
GPP,4375,110,114964
GPP,4376,110,114996
GPP,4377,110,115027
GPP,4378,110,115059
GPP,4379,110,115074
GPP,4380,110,115106
GPP,4381,110,115137
GPP,4382,110,115153
GPP,4383,110,115184
GPP,4384,110,115215
GPP,4385,110,115231
GPP,4386,110,115263
GPP,4387,110,115294
GPP,4388,110,115310
GPP,4389,110,115341
GPP,4390,110,115373
GPP,4391,110,115388
GPP,4392,110,115420
GPP,4393,110,115451
GPP,4394,110,115467
GPP,4395,110,115498
GPP,4396,110,115530
GPP,4397,110,115545
GPP,4398,110,115577
GPP,4399,110,115608
GPP,4400,110,115624
GPP,4401,110,115655
GPP,4402,110,115687
GPP,4403,110,115702
GPP,4404,110,115734
GPP,4405,110,115765
GPP,4406,110,115781
GPP,4407,110,115812
GPP,4408,110,115843
GPP,4409,110,115859
GPP,4410,110,115891
GPP,4411,110,115922
GPP,4412,110,115938
GPP,4413,110,115969
GPP,4414,110,116000
GPP,4415,110,116016
GPP,4416,110,116047
GPP,4417,110,116079
GPP,4418,110,116095
GPP,4419,110,116126
GPP,4420,110,116157
GPP,4421,110,116173
GPP,4422,110,116204
GPP,4423,110,116238
GPP,4424,110,116252
GPP,4425,110,116283
GPP,4426,110,116314
GPP,4427,110,116330
GPP,4428,110,116361
GPP,4429,110,116393
GPP,4430,110,116408
GPP,4431,110,116440
GPP,4432,110,116471
GPP,4433,110,116487
GPP,4434,110,116518
GPP,4435,110,116550
GPP,4436,110,116566
GPP,4437,110,116597
GPP,4438,110,116613
GPP,4439,110,116644
GPP,4440,110,116676
GPP,4441,110,116691
GPP,4442,110,116723
GPP,4443,110,116754
GPP,4444,110,116770
GPP,4445,110,116801
GPP,4446,110,116833
GPP,4447,110,116864
GPP,4448,110,116880
GPP,4449,110,116911
GPP,4450,110,116943
GPP,4451,110,116959
GPP,4452,110,116990
GPP,4453,110,117021
GPP,4454,110,117037
GPP,4455,110,117069
GPP,4456,110,117100
GPP,4457,110,117116
GPP,4458,110,117147
GPP,4459,110,117178
GPP,4460,110,117194
GPP,4461,110,117226
GPP,4462,110,117257
GPP,4463,110,117289
GPP,4464,110,117304
GPP,4465,110,117336
GPP,4466,110,117367
GPP,4467,110,117383
GPP,4468,110,117414
GPP,4469,110,117445
GPP,4470,110,117461
GPP,4471,110,117492
GPP,4472,110,117524
GPP,4473,110,117539
GPP,4474,110,117571
GPP,4475,110,117604
GPP,4476,110,117618
GPP,4477,110,117649
GPP,4478,110,117681
GPP,4479,110,117696
GPP,4480,110,117728
GPP,4481,110,117759
GPP,4482,110,117775
GPP,4483,110,117806
GPP,4484,110,117838
GPP,4485,110,117869
GPP,4486,110,117885
GPP,4487,110,117916
GPP,4488,110,117947
GPP,4489,110,117963
GPP,4490,110,117994
GPP,4491,110,118026
GPP,4492,110,118042
GPP,4493,110,118073
GPP,4494,110,118104
GPP,4495,110,118120
GPP,4496,110,118151
GPP,4497,110,118183
GPP,4498,110,118198
GPP,4499,110,118238
GPP,4500,110,118261
GPP,4501,110,118277
GPP,4502,110,118308
GPP,4503,110,118340
GPP,4504,110,118371
GPP,4505,110,118387
GPP,4506,110,118418
GPP,4507,110,118434
GPP,4508,110,118465
GPP,4509,110,118497
GPP,4510,110,118528
GPP,4511,110,118544
GPP,4512,110,118575
GPP,4513,110,118606
GPP,4514,110,118622
GPP,4515,110,118653
GPP,4516,110,118685
GPP,4517,110,118700
GPP,4518,110,118732
GPP,4519,110,118763
GPP,4520,110,118779
GPP,4521,110,118810
GPP,4522,110,118842
GPP,4523,110,118857
GPP,4524,110,118889
GPP,4525,110,118920
GPP,4526,110,118936
GPP,4527,110,118976
GPP,4528,110,118999
GPP,4529,110,119030
GPP,4530,110,119046
GPP,4531,110,119077
GPP,4532,110,119108
GPP,4533,110,119124
GPP,4534,110,119155
GPP,4535,110,119187
GPP,4536,110,119202
GPP,4537,110,119234
GPP,4538,110,119265
GPP,4539,110,119281
GPP,4540,110,119312
GPP,4541,110,119344
GPP,4542,110,119360
GPP,4543,110,119391
GPP,4544,110,119422
GPP,4545,110,119438
GPP,4546,110,119470
GPP,4547,110,119501
GPP,4548,110,119517
GPP,4549,110,119548
GPP,4550,110,119579
GPP,4551,110,119611
GPP,4552,110,119626
GPP,4553,110,119658
GPP,4554,110,119689
GPP,4555,110,119705
GPP,4556,110,119736
GPP,4557,110,119768
GPP,4558,110,119783
GPP,4559,110,119815
GPP,4560,110,119846
GPP,4561,110,119862
GPP,4562,110,119893
GPP,4563,110,119925
GPP,4564,110,119940
GPP,4565,110,119972
GPP,4566,110,120003
GPP,4567,110,120019
GPP,4568,110,120050
GPP,4569,110,120082
GPP,4570,110,120097
GPP,4571,110,120129
GPP,4572,110,120160
GPP,4573,110,120176
GPP,4574,110,120207
GPP,4575,110,120238
GPP,4576,110,120254
GPP,4577,110,120285
GPP,4578,110,120317
GPP,4579,110,120340
GPP,4580,110,120364
GPP,4581,110,120395
GPP,4582,110,120411
GPP,4583,110,120442
GPP,4584,110,120474
GPP,4585,110,120490
GPP,4586,110,120521
GPP,4587,110,120553
GPP,4588,110,120584
GPP,4589,110,120600
GPP,4590,110,120631
GPP,4591,110,120647
GPP,4592,110,120679
GPP,4593,110,120710
GPP,4594,110,120741
GPP,4595,110,120757
GPP,4596,110,120789
GPP,4597,110,120820
GPP,4598,110,120836
GPP,4599,110,120867
GPP,4600,110,120899
GPP,4601,110,120914
GPP,4602,110,120946
GPP,4603,110,120977
GPP,4604,110,120992
GPP,4605,110,121024
GPP,4606,110,121055
GPP,4607,110,121071
GPP,4608,110,121102
GPP,4609,110,121134
GPP,4610,110,121150
GPP,4611,110,121181
GPP,4612,110,121212
GPP,4613,110,121228
GPP,4614,110,121259
GPP,4615,110,121291
GPP,4616,110,121307
GPP,4617,110,121338
GPP,4618,110,121369
GPP,4619,110,121385
GPP,4620,110,121416
GPP,4621,110,121448
GPP,4622,110,121464
GPP,4623,110,121495
GPP,4624,110,121526
GPP,4625,110,121542
GPP,4626,110,121574
GPP,4627,110,121605
GPP,4628,110,121621
GPP,4629,110,121652
GPP,4630,110,121687
GPP,4631,110,121699
GPP,4632,110,121731
GPP,4633,110,121762
GPP,4634,110,121778
GPP,4635,110,121809
GPP,4636,110,121841
GPP,4637,110,121856
GPP,4638,110,121888
GPP,4639,110,121919
GPP,4640,110,121935
GPP,4641,110,121966
GPP,4642,110,121998
GPP,4643,110,122029
GPP,4644,110,122045
GPP,4645,110,122076
GPP,4646,110,122108
GPP,4647,110,122124
GPP,4648,110,122155
GPP,4649,110,122171
GPP,4650,110,122202
GPP,4651,110,122234
GPP,4652,110,122249
GPP,4653,110,122281
GPP,4654,110,122312
GPP,4655,110,122328
GPP,4656,110,122359
GPP,4657,110,122391
GPP,4658,110,122422
GPP,4659,110,122438
GPP,4660,110,122469
GPP,4661,110,122501
GPP,4662,110,122516
GPP,4663,110,122548
GPP,4664,110,122579
GPP,4665,110,122595
GPP,4666,110,122626
GPP,4667,110,122658
GPP,4668,110,122673
GPP,4669,110,122705
GPP,4670,110,122736
GPP,4671,110,122752
GPP,4672,110,122783
GPP,4673,110,122815
GPP,4674,110,122830
GPP,4675,110,122862
GPP,4676,110,122893
GPP,4677,110,122909
GPP,4678,110,122940
GPP,4679,110,122972
GPP,4680,110,123003
GPP,4681,110,123019
GPP,4682,110,123055
GPP,4683,110,123082
GPP,4684,110,123097
GPP,4685,110,123129
GPP,4686,110,123160
GPP,4687,110,123176
GPP,4688,110,123207
GPP,4689,110,123239
GPP,4690,110,123254
GPP,4691,110,123286
GPP,4692,110,123317
GPP,4693,110,123333
GPP,4694,110,123364
GPP,4695,110,123396
GPP,4696,110,123412
GPP,4697,110,123443
GPP,4698,110,123474
GPP,4699,110,123490
GPP,4700,110,123521
GPP,4701,110,123553
GPP,4702,110,123568
GPP,4703,110,123600
GPP,4704,110,123631
GPP,4705,110,123647
GPP,4706,110,123678
GPP,4707,110,123709
GPP,4708,110,123725
GPP,4709,110,123757
GPP,4710,110,123788
GPP,4711,110,123804
GPP,4712,110,123835
GPP,4713,110,123866
GPP,4714,110,123882
GPP,4715,110,123914
GPP,4716,110,123945
GPP,4717,110,123960
GPP,4718,110,123992
GPP,4719,110,124023
GPP,4720,110,124055
GPP,4721,110,124070
GPP,4722,110,124102
GPP,4723,110,124133
GPP,4724,110,124149
GPP,4725,110,124180
GPP,4726,110,124212
GPP,4727,110,124227
GPP,4728,110,124259
GPP,4729,110,124290
GPP,4730,110,124306
GPP,4731,110,124337
GPP,4732,110,124369
GPP,4733,110,124384
GPP,4734,110,124422
GPP,4735,110,124447
GPP,4736,110,124463
GPP,4737,110,124494
GPP,4738,110,124525
GPP,4739,110,124541
GPP,4740,110,124572
GPP,4741,110,124604
GPP,4742,110,124619
GPP,4743,110,124651
GPP,4744,110,124682
GPP,4745,110,124698
GPP,4746,110,124729
GPP,4747,110,124761
GPP,4748,110,124777
GPP,4749,110,124808
GPP,4750,110,124840
GPP,4751,110,124855
GPP,4752,110,124887
GPP,4753,110,124918
GPP,4754,110,124934
GPP,4755,110,124965
GPP,4756,110,124997
GPP,4757,110,125012
GPP,4758,110,125044
GPP,4759,110,125075
GPP,4760,110,125091
GPP,4761,110,125122
GPP,4762,110,125138
GPP,4763,110,125169
GPP,4764,110,125201
GPP,4765,110,125232
GPP,4766,110,125248
GPP,4767,110,125279
GPP,4768,110,125310
GPP,4769,110,125326
GPP,4770,110,125358
GPP,4771,110,125373
GPP,4772,110,125405
GPP,4773,110,125436
GPP,4774,110,125452
GPP,4775,110,125483
GPP,4776,110,125515
GPP,4777,110,125530
GPP,4778,110,125562
GPP,4779,110,125593
GPP,4780,110,125609
GPP,4781,110,125640
GPP,4782,110,125672
GPP,4783,110,125687
GPP,4784,110,125719
GPP,4785,110,125750
GPP,4786,110,125766
GPP,4787,110,125797
GPP,4788,110,125829
GPP,4789,110,125845
GPP,4790,110,125876
GPP,4791,110,125907
GPP,4792,110,125923
GPP,4793,110,125954
GPP,4794,110,125986
GPP,4795,110,126017
GPP,4796,110,126033
GPP,4797,110,126064
GPP,4798,110,126096
GPP,4799,110,126112
GPP,4800,110,126143
GPP,4801,110,126174
GPP,4802,110,126206
GPP,4803,110,126221
GPP,4804,110,126253
GPP,4805,110,126284
GPP,4806,110,126300
GPP,4807,110,126331
GPP,4808,110,126363
GPP,4809,110,126378
GPP,4810,110,126410
GPP,4811,110,126441
GPP,4812,110,126457
GPP,4813,110,126488
GPP,4814,110,126520
GPP,4815,110,126536
GPP,4816,110,126567
GPP,4817,110,126599
GPP,4818,110,126614
GPP,4819,110,126646
GPP,4820,110,126677
GPP,4821,110,126709
GPP,4822,110,126724
GPP,4823,110,126756
GPP,4824,110,126787
GPP,4825,110,126803
GPP,4826,110,126835
GPP,4827,110,126866
GPP,4828,110,126882
GPP,4829,110,126913
GPP,4830,110,126945
GPP,4831,110,126960
GPP,4832,110,126992
GPP,4833,110,127023
GPP,4834,110,127039
GPP,4835,110,127071
GPP,4836,110,127102
GPP,4837,110,127118
GPP,4838,110,127157
GPP,4839,110,127181
GPP,4840,110,127196
GPP,4841,110,127228
GPP,4842,110,127259
GPP,4843,110,127275
GPP,4844,110,127307
GPP,4845,110,127338
GPP,4846,110,127354
GPP,4847,110,127385
GPP,4848,110,127416
GPP,4849,110,127432
GPP,4850,110,127464
GPP,4851,110,127495
GPP,4852,110,127526
GPP,4853,110,127542
GPP,4854,110,127574
GPP,4855,110,127605
GPP,4856,110,127621
GPP,4857,110,127652
GPP,4858,110,127684
GPP,4859,110,127699
GPP,4860,110,127731
GPP,4861,110,127762
GPP,4862,110,127778
GPP,4863,110,127809
GPP,4864,110,127841
GPP,4865,110,127857
GPP,4866,110,127888
GPP,4867,110,127919
GPP,4868,110,127935
GPP,4869,110,127967
GPP,4870,110,127998
GPP,4871,110,128014
GPP,4872,110,128045
GPP,4873,110,128077
GPP,4874,110,128092
GPP,4875,110,128124
GPP,4876,110,128139
GPP,4877,110,128171
GPP,4878,110,128202
GPP,4879,110,128218
GPP,4880,110,128257
GPP,4881,110,128280
GPP,4882,110,128296
GPP,4883,110,128328
GPP,4884,110,128359
GPP,4885,110,128375
GPP,4886,110,128406
GPP,4887,110,128438
GPP,4888,110,128453
GPP,4889,110,128485
GPP,4890,110,128516
GPP,4891,110,128532
GPP,4892,110,128563
GPP,4893,110,128595
GPP,4894,110,128610
GPP,4895,110,128642
GPP,4896,110,128673
GPP,4897,110,128689
GPP,4898,110,128720
GPP,4899,110,128752
GPP,4900,110,128767
GPP,4901,110,128799
GPP,4902,110,128830
GPP,4903,110,128846
GPP,4904,110,128877
GPP,4905,110,128909
GPP,4906,110,128924
GPP,4907,110,128956
GPP,4908,110,128987
GPP,4909,110,129003
GPP,4910,110,129034
GPP,4911,110,129065
GPP,4912,110,129097
GPP,4913,110,129112
GPP,4914,110,129144
GPP,4915,110,129175
GPP,4916,110,129191
GPP,4917,110,129222
GPP,4918,110,129254
GPP,4919,110,129269
GPP,4920,110,129301
GPP,4921,110,129332
GPP,4922,110,129348
GPP,4923,110,129379
GPP,4924,110,129411
GPP,4925,110,129426
GPP,4926,110,129458
GPP,4927,110,129489
GPP,4928,110,129505
GPP,4929,110,129536
GPP,4930,110,129568
GPP,4931,110,129583
GPP,4932,110,129615
GPP,4933,110,129646
GPP,4934,110,129662
GPP,4935,110,129693
GPP,4936,110,129725
GPP,4937,110,129740
GPP,4938,110,129772
GPP,4939,110,129803
GPP,4940,110,129819
GPP,4941,110,129850
GPP,4942,110,129882
GPP,4943,110,129913
GPP,4944,110,129929
GPP,4945,110,129960
GPP,4946,110,129992
GPP,4947,110,130008
GPP,4948,110,130039
GPP,4949,110,130071
GPP,4950,110,130102
GPP,4951,110,130118
GPP,4952,110,130149
GPP,4953,110,130181
GPP,4954,110,130196
GPP,4955,110,130227
GPP,4956,110,130259
GPP,4957,110,130275
GPP,4958,110,130306
GPP,4959,110,130337
GPP,4960,110,130353
GPP,4961,110,130384
GPP,4962,110,130416
GPP,4963,110,130432
GPP,4964,110,130463
GPP,4965,110,130494
GPP,4966,110,130510
GPP,4967,110,130542
GPP,4968,110,130573
GPP,4969,110,130589
GPP,4970,110,130620
GPP,4971,110,130652
GPP,4972,110,130668
GPP,4973,110,130699
GPP,4974,110,130730
GPP,4975,110,130746
GPP,4976,110,130778
GPP,4977,110,130809
GPP,4978,110,130825
GPP,4979,110,130856
GPP,4980,110,130888
GPP,4981,110,130903
GPP,4982,110,130935
GPP,4983,110,130966
GPP,4984,110,130982
GPP,4985,110,131013
GPP,4986,110,131045
GPP,4987,110,131076
GPP,4988,110,131092
GPP,4989,110,131123
GPP,4990,110,131155
GPP,4991,110,131170
GPP,4992,110,131202
GPP,4993,110,131233
GPP,4994,110,131249
GPP,4995,110,131280
GPP,4996,110,131312
GPP,4997,110,131327
GPP,4998,110,131359
GPP,4999,110,131390
QAP,0,850,0
QAP,1,850,46
QAP,2,834,94
QAP,3,832,141
QAP,4,832,188
QAP,5,832,235
QAP,6,828,282
QAP,7,828,329
QAP,8,828,376
QAP,9,828,423
QAP,10,828,470
QAP,11,816,517
QAP,12,816,564
QAP,13,816,612
QAP,14,816,659
QAP,15,816,706
QAP,16,816,753
QAP,17,816,800
QAP,18,816,847
QAP,19,816,894
QAP,20,804,941
QAP,21,804,989
QAP,22,804,1036
QAP,23,804,1083
QAP,24,804,1132
QAP,25,804,1177
QAP,26,804,1224
QAP,27,800,1271
QAP,28,800,1303
QAP,29,798,1350
QAP,30,798,1397
QAP,31,798,1444
QAP,32,798,1491
QAP,33,798,1538
QAP,34,798,1585
QAP,35,798,1633
QAP,36,798,1680
QAP,37,798,1727
QAP,38,798,1774
QAP,39,798,1821
QAP,40,798,1868
QAP,41,798,1916
QAP,42,798,1963
QAP,43,798,2010
QAP,44,798,2057
QAP,45,798,2104
QAP,46,798,2151
QAP,47,798,2198
QAP,48,798,2245
QAP,49,798,2292
QAP,50,798,2340
QAP,51,798,2387
QAP,52,798,2434
QAP,53,798,2481
QAP,54,798,2528
QAP,55,798,2575
QAP,56,798,2622
QAP,57,796,2669
QAP,58,782,2716
QAP,59,782,2763
QAP,60,778,2810
QAP,61,778,2857
QAP,62,778,2904
QAP,63,778,2951
QAP,64,778,2999
QAP,65,778,3046
QAP,66,778,3093
QAP,67,778,3140
QAP,68,778,3187
QAP,69,778,3234
QAP,70,778,3281
QAP,71,778,3328
QAP,72,774,3375
QAP,73,774,3422
QAP,74,774,3470
QAP,75,774,3517
QAP,76,774,3564
QAP,77,774,3611
QAP,78,774,3659
QAP,79,774,3706
QAP,80,774,3753
QAP,81,774,3800
QAP,82,774,3847
QAP,83,772,3894
QAP,84,772,3925
QAP,85,772,3972
QAP,86,772,4019
QAP,87,772,4067
QAP,88,772,4114
QAP,89,772,4161
QAP,90,772,4208
QAP,91,768,4255
QAP,92,768,4302
QAP,93,768,4349
QAP,94,760,4396
QAP,95,760,4443
QAP,96,760,4490
QAP,97,760,4537
QAP,98,760,4584
QAP,99,760,4631
QAP,100,760,4678
QAP,101,746,4725
QAP,102,746,4773
QAP,103,746,4820
QAP,104,746,4867
QAP,105,746,4914
QAP,106,746,4961
QAP,107,740,5008
QAP,108,740,5055
QAP,109,736,5102
QAP,110,736,5149
QAP,111,736,5197
QAP,112,736,5244
QAP,113,736,5291
QAP,114,736,5338
QAP,115,724,5385
QAP,116,724,5432
QAP,117,724,5479
QAP,118,716,5526
QAP,119,716,5574
QAP,120,716,5621
QAP,121,716,5652
QAP,122,716,5699
QAP,123,716,5746
QAP,124,716,5793
QAP,125,716,5841
QAP,126,708,5888
QAP,127,708,5935
QAP,128,694,5982
QAP,129,694,6029
QAP,130,694,6076
QAP,131,694,6123
QAP,132,694,6170
QAP,133,690,6217
QAP,134,690,6265
QAP,135,690,6312
QAP,136,690,6359
QAP,137,690,6406
QAP,138,690,6453
QAP,139,690,6500
QAP,140,690,6547
QAP,141,690,6594
QAP,142,690,6642
QAP,143,690,6689
QAP,144,690,6736
QAP,145,690,6783
QAP,146,690,6814
QAP,147,690,6861
QAP,148,682,6908
QAP,149,682,6956
QAP,150,682,7003
QAP,151,682,7050
QAP,152,682,7097
QAP,153,682,7144
QAP,154,678,7191
QAP,155,674,7238
QAP,156,674,7285
QAP,157,668,7332
QAP,158,668,7379
QAP,159,668,7427
QAP,160,666,7474
QAP,161,666,7521
QAP,162,666,7568
QAP,163,666,7615
QAP,164,656,7662
QAP,165,656,7709
QAP,166,656,7756
QAP,167,656,7803
QAP,168,656,7850
QAP,169,656,7897
QAP,170,656,7946
QAP,171,656,7992
QAP,172,656,8039
QAP,173,656,8086
QAP,174,648,8117
QAP,175,648,8164
QAP,176,648,8211
QAP,177,644,8259
QAP,178,644,8306
QAP,179,644,8353
QAP,180,638,8400
QAP,181,638,8447
QAP,182,638,8494
QAP,183,638,8541
QAP,184,638,8589
QAP,185,638,8636
QAP,186,638,8683
QAP,187,638,8730
QAP,188,638,8777
QAP,189,638,8824
QAP,190,638,8871
QAP,191,638,8918
QAP,192,638,8965
QAP,193,628,9012
QAP,194,628,9060
QAP,195,628,9107
QAP,196,628,9154
QAP,197,628,9201
QAP,198,628,9248
QAP,199,628,9295
QAP,200,626,9343
QAP,201,626,9390
QAP,202,626,9437
QAP,203,626,9484
QAP,204,626,9531
QAP,205,626,9578
QAP,206,624,9626
QAP,207,624,9673
QAP,208,624,9704
QAP,209,624,9752
QAP,210,624,9799
QAP,211,624,9846
QAP,212,624,9893
QAP,213,624,9940
QAP,214,616,9987
QAP,215,616,10034
QAP,216,616,10081
QAP,217,616,10128
QAP,218,616,10175
QAP,219,616,10223
QAP,220,602,10270
QAP,221,602,10317
QAP,222,602,10364
QAP,223,602,10411
QAP,224,602,10459
QAP,225,600,10506
QAP,226,600,10553
QAP,227,600,10600
QAP,228,600,10647
QAP,229,600,10695
QAP,230,600,10742
QAP,231,600,10789
QAP,232,600,10836
QAP,233,600,10883
QAP,234,600,10930
QAP,235,600,10977
QAP,236,600,11024
QAP,237,600,11071
QAP,238,600,11103
QAP,239,596,11150
QAP,240,596,11197
QAP,241,596,11244
QAP,242,588,11291
QAP,243,588,11338
QAP,244,588,11385
QAP,245,588,11432
QAP,246,578,11479
QAP,247,578,11526
QAP,248,578,11574
QAP,249,578,11621
QAP,250,578,11668
QAP,251,570,11715
QAP,252,570,11746
QAP,253,570,11793
QAP,254,570,11840
QAP,255,570,11887
QAP,256,570,11934
QAP,257,566,11981
QAP,258,566,12030
QAP,259,566,12075
QAP,260,564,12123
QAP,261,564,12170
QAP,262,562,12217
QAP,263,552,12264
QAP,264,552,12311
QAP,265,552,12358
QAP,266,544,12406
QAP,267,544,12453
QAP,268,544,12500
QAP,269,544,12547
QAP,270,544,12594
QAP,271,544,12626
QAP,272,544,12673
QAP,273,544,12720
QAP,274,544,12767
QAP,275,544,12814
QAP,276,544,12861
QAP,277,544,12908
QAP,278,544,12955
QAP,279,544,13003
QAP,280,544,13050
QAP,281,544,13097
QAP,282,534,13144
QAP,283,534,13191
QAP,284,534,13238
QAP,285,534,13285
QAP,286,534,13332
QAP,287,534,13379
QAP,288,534,13426
QAP,289,534,13474
QAP,290,534,13521
QAP,291,534,13568
QAP,292,534,13615
QAP,293,534,13662
QAP,294,534,13709
QAP,295,528,13756
QAP,296,528,13803
QAP,297,528,13851
QAP,298,528,13898
QAP,299,528,13945
QAP,300,528,13992
QAP,301,528,14039
QAP,302,528,14086
QAP,303,528,14133
QAP,304,528,14180
QAP,305,528,14227
QAP,306,528,14274
QAP,307,528,14322
QAP,308,522,14369
QAP,309,522,14416
QAP,310,522,14447
QAP,311,522,14494
QAP,312,522,14541
QAP,313,522,14589
QAP,314,522,14636
QAP,315,522,14683
QAP,316,522,14730
QAP,317,522,14777
QAP,318,522,14824
QAP,319,522,14872
QAP,320,522,14919
QAP,321,522,14966
QAP,322,522,15013
QAP,323,522,15060
QAP,324,522,15107
QAP,325,522,15155
QAP,326,522,15186
QAP,327,522,15233
QAP,328,506,15280
QAP,329,506,15327
QAP,330,506,15374
QAP,331,506,15422
QAP,332,506,15469
QAP,333,506,15516
QAP,334,506,15563
QAP,335,506,15610
QAP,336,506,15657
QAP,337,506,15704
QAP,338,506,15751
QAP,339,506,15799
QAP,340,498,15846
QAP,341,494,15877
QAP,342,494,15924
QAP,343,492,15971
QAP,344,492,16018
QAP,345,492,16065
QAP,346,492,16112
QAP,347,492,16159
QAP,348,492,16206
QAP,349,490,16253
QAP,350,490,16301
QAP,351,484,16348
QAP,352,484,16379
QAP,353,484,16438
QAP,354,484,16486
QAP,355,484,16532
QAP,356,480,16577
QAP,357,480,16622
QAP,358,480,16671
QAP,359,474,16718
QAP,360,474,16764
QAP,361,474,16808
QAP,362,474,16856
QAP,363,474,16900
QAP,364,474,16946
QAP,365,474,16993
QAP,366,474,17040
QAP,367,474,17085
QAP,368,474,17132
QAP,369,474,17178
QAP,370,474,17223
QAP,371,474,17271
QAP,372,470,17316
QAP,373,470,17362
QAP,374,470,17408
QAP,375,470,17455
QAP,376,464,17499
QAP,377,464,17546
QAP,378,464,17593
QAP,379,464,17640
QAP,380,452,17687
QAP,381,452,17734
QAP,382,452,17781
QAP,383,452,17828
QAP,384,452,17860
QAP,385,452,17907
QAP,386,452,17954
QAP,387,452,18001
QAP,388,452,18048
QAP,389,452,18096
QAP,390,452,18143
QAP,391,452,18190
QAP,392,452,18237
QAP,393,452,18284
QAP,394,450,18332
QAP,395,450,18379
QAP,396,450,18426
QAP,397,450,18473
QAP,398,450,18520
QAP,399,450,18568
QAP,400,450,18599
QAP,401,450,18646
QAP,402,450,18693
QAP,403,450,18740
QAP,404,450,18787
QAP,405,450,18834
QAP,406,450,18882
QAP,407,450,18929
QAP,408,450,18976
QAP,409,450,19023
QAP,410,450,19070
QAP,411,450,19117
QAP,412,450,19164
QAP,413,450,19211
QAP,414,450,19258
QAP,415,450,19306
QAP,416,450,19353
QAP,417,450,19400
QAP,418,450,19447
QAP,419,450,19478
QAP,420,450,19525
QAP,421,450,19572
QAP,422,450,19620
QAP,423,450,19667
QAP,424,450,19714
QAP,425,450,19761
QAP,426,450,19808
QAP,427,442,19855
QAP,428,442,19903
QAP,429,442,19950
QAP,430,442,19997
QAP,431,442,20044
QAP,432,442,20076
QAP,433,442,20123
QAP,434,442,20170
QAP,435,442,20225
QAP,436,442,20264
QAP,437,438,20311
QAP,438,438,20358
QAP,439,438,20405
QAP,440,438,20452
QAP,441,438,20499
QAP,442,438,20546
QAP,443,438,20578
QAP,444,438,20625
QAP,445,424,20672
QAP,446,424,20719
QAP,447,424,20766
QAP,448,424,20813
QAP,449,424,20860
QAP,450,424,20907
QAP,451,418,20955
QAP,452,418,21002
QAP,453,418,21049
QAP,454,416,21080
QAP,455,416,21127
QAP,456,414,21175
QAP,457,414,21222
QAP,458,414,21269
QAP,459,414,21316
QAP,460,414,21363
QAP,461,414,21410
QAP,462,414,21457
QAP,463,406,21504
QAP,464,406,21552
QAP,465,406,21583
QAP,466,406,21630
QAP,467,400,21677
QAP,468,400,21724
QAP,469,400,21771
QAP,470,376,21818
QAP,471,376,21865
QAP,472,376,21913
QAP,473,376,21960
QAP,474,376,22013
QAP,475,376,22060
QAP,476,376,22105
QAP,477,376,22151
QAP,478,376,22199
QAP,479,376,22245
QAP,480,376,22290
QAP,481,376,22337
QAP,482,376,22383
QAP,483,376,22428
QAP,484,376,22475
QAP,485,376,22523
QAP,486,372,22568
QAP,487,372,22614
QAP,488,372,22661
QAP,489,372,22706
QAP,490,372,22753
QAP,491,372,22801
QAP,492,372,22847
QAP,493,372,22893
QAP,494,372,22938
QAP,495,372,22985
QAP,496,372,23029
QAP,497,368,23076
QAP,498,368,23121
QAP,499,368,23168
QAP,500,368,23214
QAP,501,368,23259
QAP,502,368,23305
QAP,503,368,23351
QAP,504,368,23397
QAP,505,368,23442
QAP,506,356,23487
QAP,507,356,23535
QAP,508,356,23581
QAP,509,354,23627
QAP,510,354,23673
QAP,511,354,23721
QAP,512,354,23765
QAP,513,354,23810
QAP,514,354,23858
QAP,515,354,23903
QAP,516,354,23949
QAP,517,354,23997
QAP,518,352,24041
QAP,519,352,24087
QAP,520,342,24133
QAP,521,330,24179
QAP,522,330,24225
QAP,523,330,24272
QAP,524,330,24318
QAP,525,330,24365
QAP,526,330,24411
QAP,527,330,24458
QAP,528,330,24505
QAP,529,330,24550
QAP,530,330,24597
QAP,531,330,24643
QAP,532,330,24688
QAP,533,330,24735
QAP,534,330,24780
QAP,535,330,24826
QAP,536,330,24871
QAP,537,330,24918
QAP,538,330,24962
QAP,539,330,25004
QAP,540,330,25051
QAP,541,330,25098
QAP,542,330,25146
QAP,543,330,25177
QAP,544,330,25224
QAP,545,330,25271
QAP,546,326,25318
QAP,547,326,25365
QAP,548,326,25412
QAP,549,326,25459
QAP,550,326,25507
QAP,551,326,25554
QAP,552,324,25601
QAP,553,324,25648
QAP,554,322,25679
QAP,555,318,25726
QAP,556,318,25773
QAP,557,318,25820
QAP,558,318,25867
QAP,559,318,25915
QAP,560,318,25962
QAP,561,318,26009
QAP,562,318,26056
QAP,563,318,26087
QAP,564,318,26135
QAP,565,312,26182
QAP,566,312,26229
QAP,567,312,26276
QAP,568,312,26323
QAP,569,312,26370
QAP,570,312,26417
QAP,571,312,26464
QAP,572,308,26511
QAP,573,308,26543
QAP,574,308,26590
QAP,575,308,26637
QAP,576,308,26684
QAP,577,308,26732
QAP,578,304,26779
QAP,579,304,26826
QAP,580,304,26873
QAP,581,304,26920
QAP,582,304,26967
QAP,583,304,27014
QAP,584,304,27061
QAP,585,304,27093
QAP,586,304,27140
QAP,587,304,27187
QAP,588,304,27234
QAP,589,304,27281
QAP,590,304,27328
QAP,591,304,27375
QAP,592,304,27422
QAP,593,304,27470
QAP,594,304,27517
QAP,595,304,27564
QAP,596,304,27611
QAP,597,300,27658
QAP,598,300,27706
QAP,599,300,27753
QAP,600,300,27800
QAP,601,300,27847
QAP,602,300,27879
QAP,603,300,27926
QAP,604,300,27973
QAP,605,300,28020
QAP,606,300,28067
QAP,607,300,28114
QAP,608,300,28162
QAP,609,300,28209
QAP,610,300,28256
QAP,611,300,28303
QAP,612,300,28350
QAP,613,300,28381
QAP,614,300,28428
QAP,615,300,28475
QAP,616,300,28523
QAP,617,300,28570
QAP,618,300,28617
QAP,619,300,28664
QAP,620,300,28711
QAP,621,300,28758
QAP,622,300,28805
QAP,623,300,28837
QAP,624,296,28884
QAP,625,296,28931
QAP,626,296,28978
QAP,627,296,29025
QAP,628,296,29072
QAP,629,296,29120
QAP,630,296,29167
QAP,631,296,29214
QAP,632,296,29245
QAP,633,296,29292
QAP,634,288,29339
QAP,635,288,29386
QAP,636,288,29434
QAP,637,288,29481
QAP,638,288,29528
QAP,639,288,29575
QAP,640,288,29622
QAP,641,288,29654
QAP,642,288,29701
QAP,643,288,29756
QAP,644,288,29795
QAP,645,286,29842
QAP,646,286,29889
QAP,647,286,29936
QAP,648,286,29983
QAP,649,286,30030
QAP,650,286,30078
QAP,651,286,30109
QAP,652,286,30156
QAP,653,286,30203
QAP,654,286,30250
QAP,655,286,30298
QAP,656,286,30345
QAP,657,286,30392
QAP,658,286,30439
QAP,659,286,30486
QAP,660,286,30533
QAP,661,286,30580
QAP,662,286,30612
QAP,663,286,30659
QAP,664,286,30706
QAP,665,286,30753
QAP,666,286,30800
QAP,667,286,30847
QAP,668,286,30894
QAP,669,286,30942
QAP,670,286,30989
QAP,671,286,31036
QAP,672,286,31083
QAP,673,286,31130
QAP,674,286,31177
QAP,675,282,31224
QAP,676,282,31255
QAP,677,282,31303
QAP,678,282,31350
QAP,679,282,31397
QAP,680,282,31444
QAP,681,282,31493
QAP,682,282,31538
QAP,683,282,31585
QAP,684,282,31633
QAP,685,282,31680
QAP,686,282,31727
QAP,687,282,31774
QAP,688,282,31821
QAP,689,282,31868
QAP,690,282,31900
QAP,691,282,31947
QAP,692,282,31994
QAP,693,282,32041
QAP,694,282,32088
QAP,695,282,32135
QAP,696,282,32183
QAP,697,282,32230
QAP,698,282,32277
QAP,699,282,32324
QAP,700,282,32371
QAP,701,282,32402
QAP,702,282,32449
QAP,703,282,32496
QAP,704,282,32543
QAP,705,282,32591
QAP,706,278,32638
QAP,707,278,32685
QAP,708,278,32732
QAP,709,278,32779
QAP,710,278,32826
QAP,711,278,32874
QAP,712,278,32921
QAP,713,278,32952
QAP,714,278,32999
QAP,715,278,33046
QAP,716,278,33093
QAP,717,278,33140
QAP,718,278,33188
QAP,719,278,33235
QAP,720,278,33282
QAP,721,278,33329
QAP,722,278,33376
QAP,723,274,33423
QAP,724,274,33470
QAP,725,274,33517
QAP,726,274,33549
QAP,727,274,33596
QAP,728,274,33643
QAP,729,274,33690
QAP,730,274,33737
QAP,731,274,33784
QAP,732,274,33831
QAP,733,274,33878
QAP,734,274,33926
QAP,735,274,33973
QAP,736,274,34020
QAP,737,274,34067
QAP,738,274,34114
QAP,739,274,34161
QAP,740,274,34208
QAP,741,274,34255
QAP,742,274,34302
QAP,743,274,34350
QAP,744,274,34381
QAP,745,274,34428
QAP,746,274,34475
QAP,747,274,34522
QAP,748,274,34569
QAP,749,274,34617
QAP,750,274,34664
QAP,751,274,34711
QAP,752,274,34758
QAP,753,274,34805
QAP,754,274,34852
QAP,755,274,34899
QAP,756,274,34947
QAP,757,274,34994
QAP,758,274,35041
QAP,759,274,35088
QAP,760,274,35135
QAP,761,274,35182
QAP,762,274,35229
QAP,763,274,35276
QAP,764,274,35323
QAP,765,274,35370
QAP,766,274,35417
QAP,767,274,35449
QAP,768,274,35496
QAP,769,274,35543
QAP,770,274,35590
QAP,771,274,35637
QAP,772,274,35684
QAP,773,274,35732
QAP,774,274,35779
QAP,775,274,35826
QAP,776,274,35873
QAP,777,274,35920
QAP,778,274,35967
QAP,779,274,36014
QAP,780,274,36062
QAP,781,274,36109
QAP,782,274,36140
QAP,783,274,36187
QAP,784,274,36234
QAP,785,274,36281
QAP,786,274,36329
QAP,787,274,36376
QAP,788,274,36423
QAP,789,274,36470
QAP,790,274,36517
QAP,791,274,36569
QAP,792,274,36611
QAP,793,274,36658
QAP,794,274,36706
QAP,795,274,36753
QAP,796,274,36800
QAP,797,274,36831
QAP,798,274,36887
QAP,799,274,36926
QAP,800,274,36973
QAP,801,274,37020
QAP,802,274,37067
QAP,803,274,37114
QAP,804,274,37161
QAP,805,274,37208
QAP,806,274,37256
QAP,807,274,37287
QAP,808,274,37334
QAP,809,274,37381
QAP,810,274,37429
QAP,811,270,37476
QAP,812,270,37523
QAP,813,270,37570
QAP,814,266,37617
QAP,815,266,37664
QAP,816,266,37696
QAP,817,266,37743
QAP,818,266,37790
QAP,819,266,37837
QAP,820,266,37884
QAP,821,266,37936
QAP,822,266,37979
QAP,823,264,38025
QAP,824,264,38073
QAP,825,264,38104
QAP,826,264,38151
QAP,827,264,38199
QAP,828,264,38246
QAP,829,264,38293
QAP,830,264,38340
QAP,831,264,38387
QAP,832,264,38434
QAP,833,264,38481
QAP,834,264,38528
QAP,835,260,38575
QAP,836,260,38607
QAP,837,260,38654
QAP,838,260,38701
QAP,839,260,38748
QAP,840,260,38795
QAP,841,260,38842
QAP,842,260,38889
QAP,843,260,38936
QAP,844,260,38983
QAP,845,260,39030
QAP,846,260,39077
QAP,847,260,39125
QAP,848,260,39172
QAP,849,260,39219
QAP,850,260,39266
QAP,851,260,39313
QAP,852,260,39360
QAP,853,258,39407
QAP,854,258,39455
QAP,855,258,39486
QAP,856,258,39533
QAP,857,258,39580
QAP,858,258,39628
QAP,859,258,39675
QAP,860,258,39722
QAP,861,258,39769
QAP,862,258,39816
QAP,863,258,39863
QAP,864,258,39910
QAP,865,258,39957
QAP,866,258,40004
QAP,867,258,40051
QAP,868,258,40099
QAP,869,258,40146
QAP,870,258,40193
QAP,871,258,40240
QAP,872,258,40287
QAP,873,258,40334
QAP,874,258,40381
QAP,875,258,40413
QAP,876,258,40460
QAP,877,258,40507
QAP,878,258,40554
QAP,879,258,40602
QAP,880,258,40649
QAP,881,258,40696
QAP,882,258,40743
QAP,883,258,40790
QAP,884,258,40837
QAP,885,258,40884
QAP,886,258,40931
QAP,887,258,40978
QAP,888,258,41025
QAP,889,258,41072
QAP,890,258,41120
QAP,891,258,41167
QAP,892,258,41214
QAP,893,258,41261
QAP,894,258,41308
QAP,895,258,41355
QAP,896,258,41402
QAP,897,258,41434
QAP,898,258,41481
QAP,899,258,41528
QAP,900,258,41575
QAP,901,258,41622
QAP,902,258,41670
QAP,903,258,41717
QAP,904,258,41764
QAP,905,258,41811
QAP,906,258,41858
QAP,907,258,41905
QAP,908,258,41953
QAP,909,258,42000
QAP,910,258,42047
QAP,911,258,42078
QAP,912,258,42126
QAP,913,258,42173
QAP,914,258,42220
QAP,915,258,42267
QAP,916,254,42314
QAP,917,254,42361
QAP,918,254,42408
QAP,919,254,42455
QAP,920,254,42503
QAP,921,254,42534
QAP,922,254,42581
QAP,923,254,42628
QAP,924,254,42676
QAP,925,254,42723
QAP,926,254,42770
QAP,927,254,42817
QAP,928,250,42864
QAP,929,250,42911
QAP,930,250,42959
QAP,931,250,42990
QAP,932,250,43037
QAP,933,250,43084
QAP,934,250,43131
QAP,935,250,43178
QAP,936,250,43225
QAP,937,250,43272
QAP,938,250,43320
QAP,939,250,43367
QAP,940,250,43414
QAP,941,250,43461
QAP,942,250,43508
QAP,943,250,43555
QAP,944,248,43602
QAP,945,248,43649
QAP,946,248,43681
QAP,947,248,43728
QAP,948,248,43775
QAP,949,248,43822
QAP,950,248,43869
QAP,951,248,43916
QAP,952,248,43964
QAP,953,248,44011
QAP,954,248,44058
QAP,955,248,44105
QAP,956,248,44152
QAP,957,248,44199
QAP,958,248,44246
QAP,959,248,44293
QAP,960,248,44340
QAP,961,248,44387
QAP,962,248,44435
QAP,963,246,44482
QAP,964,246,44529
QAP,965,246,44576
QAP,966,246,44608
QAP,967,246,44655
QAP,968,246,44702
QAP,969,246,44757
QAP,970,246,44796
QAP,971,246,44843
QAP,972,246,44890
QAP,973,246,44937
QAP,974,246,44984
QAP,975,246,45031
QAP,976,246,45079
QAP,977,246,45126
QAP,978,246,45173
QAP,979,246,45220
QAP,980,246,45267
QAP,981,246,45314
QAP,982,246,45361
QAP,983,246,45408
QAP,984,246,45456
QAP,985,246,45503
QAP,986,246,45550
QAP,987,246,45581
QAP,988,246,45628
QAP,989,246,45675
QAP,990,246,45722
QAP,991,246,45769
QAP,992,246,45817
QAP,993,246,45864
QAP,994,246,45911
QAP,995,246,45958
QAP,996,246,46005
QAP,997,246,46052
QAP,998,246,46099
QAP,999,246,46145
QAP,1000,246,46193
QAP,1001,246,46240
QAP,1002,246,46287
QAP,1003,246,46334
QAP,1004,246,46381
QAP,1005,246,46428
QAP,1006,246,46475
QAP,1007,246,46522
QAP,1008,246,46554
QAP,1009,246,46601
QAP,1010,246,46648
QAP,1011,246,46695
QAP,1012,246,46742
QAP,1013,246,46789
QAP,1014,246,46836
QAP,1015,246,46883
QAP,1016,246,46930
QAP,1017,246,46978
QAP,1018,246,47025
QAP,1019,246,47056
QAP,1020,246,47103
QAP,1021,246,47150
QAP,1022,246,47198
QAP,1023,246,47245
QAP,1024,246,47292
QAP,1025,246,47339
QAP,1026,246,47386
QAP,1027,246,47433
QAP,1028,246,47465
QAP,1029,246,47512
QAP,1030,244,47559
QAP,1031,242,47606
QAP,1032,242,47653
QAP,1033,242,47700
QAP,1034,242,47747
QAP,1035,240,47794
QAP,1036,240,47842
QAP,1037,240,47873
QAP,1038,240,47920
QAP,1039,240,47967
QAP,1040,240,48014
QAP,1041,240,48061
QAP,1042,240,48108
QAP,1043,236,48155
QAP,1044,236,48202
QAP,1045,232,48249
QAP,1046,232,48296
QAP,1047,232,48343
QAP,1048,232,48391
QAP,1049,232,48422
QAP,1050,232,48469
QAP,1051,232,48516
QAP,1052,232,48563
QAP,1053,232,48610
QAP,1054,232,48658
QAP,1055,232,48705
QAP,1056,232,48752
QAP,1057,232,48799
QAP,1058,232,48846
QAP,1059,232,48893
QAP,1060,232,48940
QAP,1061,232,48987
QAP,1062,232,49034
QAP,1063,232,49081
QAP,1064,232,49128
QAP,1065,230,49160
QAP,1066,230,49207
QAP,1067,230,49254
QAP,1068,230,49301
QAP,1069,230,49348
QAP,1070,230,49395
QAP,1071,230,49443
QAP,1072,230,49490
QAP,1073,230,49537
QAP,1074,230,49584
QAP,1075,230,49631
QAP,1076,230,49678
QAP,1077,230,49725
QAP,1078,230,49773
QAP,1079,230,49820
QAP,1080,230,49867
QAP,1081,230,49914
QAP,1082,230,49961
QAP,1083,230,50008
QAP,1084,230,50055
QAP,1085,230,50103
QAP,1086,230,50134
QAP,1087,230,50181
QAP,1088,230,50228
QAP,1089,230,50275
QAP,1090,230,50322
QAP,1091,230,50370
QAP,1092,230,50417
QAP,1093,230,50464
QAP,1094,230,50511
QAP,1095,230,50558
QAP,1096,230,50605
QAP,1097,230,50652
QAP,1098,230,50699
QAP,1099,230,50746
QAP,1100,230,50793
QAP,1101,230,50841
QAP,1102,230,50888
QAP,1103,230,50935
QAP,1104,230,50982
QAP,1105,230,51029
QAP,1106,230,51076
QAP,1107,230,51123
QAP,1108,230,51155
QAP,1109,230,51202
QAP,1110,230,51249
QAP,1111,230,51296
QAP,1112,230,51343
QAP,1113,230,51391
QAP,1114,230,51438
QAP,1115,230,51485
QAP,1116,230,51532
QAP,1117,230,51579
QAP,1118,230,51626
QAP,1119,230,51673
QAP,1120,230,51720
QAP,1121,230,51767
QAP,1122,230,51815
QAP,1123,230,51862
QAP,1124,230,51912
QAP,1125,230,51956
QAP,1126,230,52003
QAP,1127,230,52050
QAP,1128,230,52097
QAP,1129,230,52129
QAP,1130,230,52176
QAP,1131,230,52223
QAP,1132,230,52270
QAP,1133,230,52317
QAP,1134,230,52364
QAP,1135,230,52411
QAP,1136,230,52458
QAP,1137,230,52506
QAP,1138,230,52553
QAP,1139,230,52600
QAP,1140,230,52632
QAP,1141,230,52679
QAP,1142,230,52726
QAP,1143,230,52773
QAP,1144,230,52820
QAP,1145,230,52867
QAP,1146,230,52914
QAP,1147,230,52961
QAP,1148,230,53008
QAP,1149,230,53040
QAP,1150,230,53087
QAP,1151,230,53134
QAP,1152,230,53181
QAP,1153,230,53228
QAP,1154,230,53276
QAP,1155,230,53323
QAP,1156,230,53354
QAP,1157,230,53401
QAP,1158,230,53449
QAP,1159,230,53496
QAP,1160,230,53543
QAP,1161,230,53590
QAP,1162,228,53637
QAP,1163,228,53685
QAP,1164,228,53716
QAP,1165,228,53763
QAP,1166,228,53810
QAP,1167,228,53857
QAP,1168,226,53905
QAP,1169,226,53952
QAP,1170,226,53999
QAP,1171,226,54046
QAP,1172,226,54077
QAP,1173,226,54125
QAP,1174,226,54172
QAP,1175,226,54219
QAP,1176,226,54266
QAP,1177,226,54313
QAP,1178,224,54360
QAP,1179,224,54407
QAP,1180,224,54454
QAP,1181,224,54501
QAP,1182,222,54533
QAP,1183,222,54580
QAP,1184,222,54627
QAP,1185,222,54674
QAP,1186,222,54721
QAP,1187,222,54768
QAP,1188,222,54815
QAP,1189,222,54862
QAP,1190,222,54909
QAP,1191,222,54957
QAP,1192,222,55004
QAP,1193,222,55051
QAP,1194,222,55082
QAP,1195,222,55130
QAP,1196,222,55177
QAP,1197,222,55224
QAP,1198,222,55271
QAP,1199,220,55318
QAP,1200,220,55365
QAP,1201,220,55412
QAP,1202,220,55460
QAP,1203,220,55507
QAP,1204,218,55554
QAP,1205,218,55601
QAP,1206,218,55652
QAP,1207,218,55695
QAP,1208,218,55743
QAP,1209,218,55790
QAP,1210,218,55837
QAP,1211,218,55884
QAP,1212,218,55915
QAP,1213,218,55962
QAP,1214,218,56009
QAP,1215,218,56056
QAP,1216,218,56104
QAP,1217,218,56151
QAP,1218,218,56198
QAP,1219,218,56245
QAP,1220,218,56292
QAP,1221,218,56339
QAP,1222,218,56386
QAP,1223,218,56434
QAP,1224,218,56481
QAP,1225,218,56528
QAP,1226,218,56575
QAP,1227,218,56622
QAP,1228,218,56669
QAP,1229,218,56717
QAP,1230,218,56748
QAP,1231,218,56795
QAP,1232,218,56842
QAP,1233,218,56889
QAP,1234,218,56937
QAP,1235,218,56984
QAP,1236,218,57031
QAP,1237,218,57078
QAP,1238,218,57125
QAP,1239,218,57172
QAP,1240,218,57219
QAP,1241,218,57266
QAP,1242,218,57313
QAP,1243,218,57360
QAP,1244,218,57407
QAP,1245,218,57454
QAP,1246,218,57501
QAP,1247,218,57548
QAP,1248,218,57595
QAP,1249,218,57642
QAP,1250,218,57690
QAP,1251,218,57737
QAP,1252,218,57784
QAP,1253,218,57831
QAP,1254,218,57878
QAP,1255,218,57925
QAP,1256,218,57956
QAP,1257,218,58004
QAP,1258,218,58051
QAP,1259,218,58098
QAP,1260,218,58145
QAP,1261,218,58192
QAP,1262,218,58239
QAP,1263,218,58286
QAP,1264,218,58333
QAP,1265,218,58387
QAP,1266,218,58427
QAP,1267,218,58474
QAP,1268,218,58522
QAP,1269,218,58569
QAP,1270,218,58616
QAP,1271,218,58663
QAP,1272,218,58710
QAP,1273,218,58757
QAP,1274,218,58789
QAP,1275,218,58836
QAP,1276,218,58883
QAP,1277,218,58930
QAP,1278,218,58977
QAP,1279,218,59024
QAP,1280,218,59071
QAP,1281,218,59118
QAP,1282,218,59165
QAP,1283,218,59197
QAP,1284,218,59244
QAP,1285,218,59291
QAP,1286,218,59338
QAP,1287,218,59385
QAP,1288,218,59432
QAP,1289,218,59479
QAP,1290,218,59527
QAP,1291,218,59558
QAP,1292,218,59605
QAP,1293,218,59652
QAP,1294,218,59700
QAP,1295,218,59754
QAP,1296,218,59794
QAP,1297,216,59841
QAP,1298,216,59888
QAP,1299,216,59919
QAP,1300,216,59967
QAP,1301,216,60014
QAP,1302,216,60061
QAP,1303,216,60108
QAP,1304,216,60155
QAP,1305,216,60202
QAP,1306,216,60249
QAP,1307,216,60280
QAP,1308,216,60327
QAP,1309,216,60375
QAP,1310,214,60422
QAP,1311,214,60469
QAP,1312,214,60516
QAP,1313,214,60563
QAP,1314,214,60610
QAP,1315,210,60657
QAP,1316,210,60704
QAP,1317,210,60751
QAP,1318,210,60783
QAP,1319,210,60830
QAP,1320,210,60877
QAP,1321,210,60924
QAP,1322,210,60971
QAP,1323,210,61018
QAP,1324,210,61065
QAP,1325,210,61116
QAP,1326,210,61159
QAP,1327,210,61207
QAP,1328,210,61254
QAP,1329,210,61301
QAP,1330,210,61348
QAP,1331,210,61395
QAP,1332,210,61442
QAP,1333,210,61489
QAP,1334,210,61521
QAP,1335,210,61568
QAP,1336,210,61615
QAP,1337,210,61662
QAP,1338,210,61709
QAP,1339,210,61756
QAP,1340,210,61803
QAP,1341,210,61850
QAP,1342,210,61898
QAP,1343,210,61951
QAP,1344,210,61992
QAP,1345,210,62039
QAP,1346,208,62086
QAP,1347,208,62133
QAP,1348,208,62180
QAP,1349,208,62227
QAP,1350,208,62275
QAP,1351,208,62306
QAP,1352,208,62353
QAP,1353,208,62400
QAP,1354,208,62447
QAP,1355,208,62494
QAP,1356,208,62541
QAP,1357,208,62588
QAP,1358,208,62635
QAP,1359,208,62683
QAP,1360,208,62730
QAP,1361,208,62777
QAP,1362,208,62824
QAP,1363,208,62871
QAP,1364,208,62918
QAP,1365,208,62965
QAP,1366,208,63012
QAP,1367,208,63060
QAP,1368,208,63107
QAP,1369,208,63154
QAP,1370,208,63201
QAP,1371,208,63248
QAP,1372,208,63295
QAP,1373,208,63326
QAP,1374,208,63373
QAP,1375,208,63420
QAP,1376,208,63467
QAP,1377,208,63530
QAP,1378,208,63561
QAP,1379,208,63608
QAP,1380,208,63655
QAP,1381,208,63702
QAP,1382,208,63749
QAP,1383,208,63796
QAP,1384,208,63844
QAP,1385,208,63891
QAP,1386,208,63938
QAP,1387,208,63985
QAP,1388,208,64032
QAP,1389,208,64079
QAP,1390,208,64126
QAP,1391,208,64173
QAP,1392,208,64220
QAP,1393,208,64267
QAP,1394,208,64314
QAP,1395,208,64361
QAP,1396,208,64408
QAP,1397,208,64455
QAP,1398,208,64502
QAP,1399,208,64549
QAP,1400,208,64596
QAP,1401,208,64643
QAP,1402,208,64690
QAP,1403,208,64737
QAP,1404,208,64784
QAP,1405,208,64831
QAP,1406,208,64878
QAP,1407,208,64925
QAP,1408,208,64972
QAP,1409,208,65019
QAP,1410,208,65066
QAP,1411,208,65113
QAP,1412,208,65160
QAP,1413,208,65207
QAP,1414,208,65254
QAP,1415,208,65301
QAP,1416,208,65348
QAP,1417,208,65395
QAP,1418,208,65442
QAP,1419,208,65489
QAP,1420,208,65536
QAP,1421,208,65583
QAP,1422,208,65630
QAP,1423,208,65677
QAP,1424,208,65724
QAP,1425,208,65771
QAP,1426,208,65819
QAP,1427,208,65865
QAP,1428,208,65912
QAP,1429,208,65959
QAP,1430,208,66006
QAP,1431,208,66038
QAP,1432,208,66085
QAP,1433,208,66132
QAP,1434,208,66179
QAP,1435,208,66226
QAP,1436,208,66273
QAP,1437,208,66320
QAP,1438,208,66367
QAP,1439,208,66414
QAP,1440,208,66461
QAP,1441,208,66508
QAP,1442,208,66563
QAP,1443,208,66602
QAP,1444,208,66649
QAP,1445,208,66696
QAP,1446,208,66744
QAP,1447,208,66791
QAP,1448,208,66838
QAP,1449,208,66885
QAP,1450,208,66932
QAP,1451,208,66979
QAP,1452,208,67026
QAP,1453,208,67073
QAP,1454,208,67120
QAP,1455,208,67167
QAP,1456,208,67214
QAP,1457,208,67261
QAP,1458,208,67308
QAP,1459,208,67355
QAP,1460,208,67403
QAP,1461,208,67434
QAP,1462,208,67481
QAP,1463,208,67528
QAP,1464,208,67575
QAP,1465,208,67622
QAP,1466,208,67670
QAP,1467,208,67717
QAP,1468,208,67764
QAP,1469,208,67811
QAP,1470,208,67858
QAP,1471,208,67905
QAP,1472,208,67953
QAP,1473,208,68000
QAP,1474,208,68047
QAP,1475,208,68094
QAP,1476,208,68126
QAP,1477,208,68173
QAP,1478,208,68220
QAP,1479,208,68267
QAP,1480,208,68314
QAP,1481,208,68361
QAP,1482,208,68408
QAP,1483,208,68455
QAP,1484,208,68503
QAP,1485,208,68550
QAP,1486,208,68581
QAP,1487,208,68628
QAP,1488,208,68675
QAP,1489,208,68723
QAP,1490,208,68770
QAP,1491,208,68817
QAP,1492,208,68864
QAP,1493,208,68896
QAP,1494,208,68943
QAP,1495,208,68990
QAP,1496,208,69037
QAP,1497,208,69084
QAP,1498,208,69131
QAP,1499,208,69178
QAP,1500,208,69210
QAP,1501,208,69257
QAP,1502,208,69304
QAP,1503,208,69351
QAP,1504,208,69398
QAP,1505,208,69445
QAP,1506,208,69493
QAP,1507,208,69540
QAP,1508,208,69571
QAP,1509,208,69618
QAP,1510,208,69665
QAP,1511,208,69712
QAP,1512,208,69759
QAP,1513,208,69806
QAP,1514,208,69854
QAP,1515,208,69901
QAP,1516,208,69948
QAP,1517,208,69980
QAP,1518,208,70027
QAP,1519,208,70074
QAP,1520,208,70121
QAP,1521,208,70168
QAP,1522,208,70215
QAP,1523,208,70263
QAP,1524,208,70310
QAP,1525,208,70357
QAP,1526,208,70388
QAP,1527,208,70435
QAP,1528,208,70482
QAP,1529,208,70530
QAP,1530,208,70577
QAP,1531,208,70624
QAP,1532,208,70671
QAP,1533,208,70718
QAP,1534,208,70765
QAP,1535,208,70812
QAP,1536,208,70859
QAP,1537,208,70906
QAP,1538,208,70953
QAP,1539,208,71001
QAP,1540,208,71048
QAP,1541,208,71079
QAP,1542,208,71126
QAP,1543,208,71173
QAP,1544,208,71220
QAP,1545,208,71267
QAP,1546,208,71315
QAP,1547,208,71362
QAP,1548,208,71409
QAP,1549,208,71456
QAP,1550,208,71503
QAP,1551,208,71551
QAP,1552,208,71598
QAP,1553,208,71645
QAP,1554,208,71692
QAP,1555,208,71739
QAP,1556,208,71786
QAP,1557,208,71833
QAP,1558,208,71880
QAP,1559,208,71927
QAP,1560,208,71981
QAP,1561,208,72022
QAP,1562,208,72069
QAP,1563,208,72116
QAP,1564,208,72163
QAP,1565,208,72210
QAP,1566,208,72257
QAP,1567,208,72304
QAP,1568,208,72351
QAP,1569,208,72399
QAP,1570,208,72446
QAP,1571,208,72493
QAP,1572,208,72540
QAP,1573,208,72587
QAP,1574,208,72634
QAP,1575,208,72666
QAP,1576,208,72713
QAP,1577,208,72760
QAP,1578,208,72807
QAP,1579,208,72854
QAP,1580,208,72901
QAP,1581,208,72948
QAP,1582,208,72995
QAP,1583,208,73042
QAP,1584,208,73090
QAP,1585,208,73137
QAP,1586,208,73184
QAP,1587,208,73231
QAP,1588,208,73278
QAP,1589,208,73325
QAP,1590,208,73380
QAP,1591,208,73419
QAP,1592,208,73467
QAP,1593,208,73514
QAP,1594,208,73561
QAP,1595,208,73608
QAP,1596,208,73655
QAP,1597,208,73702
QAP,1598,208,73749
QAP,1599,208,73797
QAP,1600,208,73844
QAP,1601,208,73893
QAP,1602,208,73938
QAP,1603,208,73985
QAP,1604,208,74033
QAP,1605,208,74080
QAP,1606,208,74127
QAP,1607,208,74174
QAP,1608,208,74221
QAP,1609,208,74253
QAP,1610,208,74300
QAP,1611,208,74347
QAP,1612,208,74394
QAP,1613,208,74441
QAP,1614,208,74488
QAP,1615,208,74535
QAP,1616,208,74583
QAP,1617,208,74630
QAP,1618,208,74677
QAP,1619,208,74724
QAP,1620,208,74771
QAP,1621,208,74818
QAP,1622,208,74865
QAP,1623,208,74913
QAP,1624,208,74960
QAP,1625,208,75007
QAP,1626,208,75054
QAP,1627,208,75085
QAP,1628,208,75132
QAP,1629,208,75179
QAP,1630,208,75227
QAP,1631,208,75274
QAP,1632,208,75321
QAP,1633,208,75368
QAP,1634,208,75415
QAP,1635,208,75462
QAP,1636,208,75510
QAP,1637,208,75557
QAP,1638,208,75604
QAP,1639,208,75651
QAP,1640,208,75683
QAP,1641,208,75730
QAP,1642,208,75777
QAP,1643,208,75824
QAP,1644,208,75871
QAP,1645,208,75918
QAP,1646,208,75965
QAP,1647,208,76012
QAP,1648,208,76059
QAP,1649,208,76109
QAP,1650,208,76153
QAP,1651,208,76201
QAP,1652,208,76232
QAP,1653,208,76279
QAP,1654,208,76326
QAP,1655,208,76374
QAP,1656,208,76421
QAP,1657,208,76468
QAP,1658,208,76515
QAP,1659,208,76562
QAP,1660,208,76609
QAP,1661,208,76657
QAP,1662,208,76704
QAP,1663,208,76751
QAP,1664,208,76782
QAP,1665,208,76829
QAP,1666,208,76876
QAP,1667,208,76923
QAP,1668,208,76970
QAP,1669,208,77018
QAP,1670,208,77065
QAP,1671,208,77112
QAP,1672,208,77159
QAP,1673,208,77206
QAP,1674,208,77253
QAP,1675,208,77301
QAP,1676,208,77348
QAP,1677,208,77379
QAP,1678,208,77426
QAP,1679,208,77473
QAP,1680,208,77520
QAP,1681,208,77568
QAP,1682,208,77615
QAP,1683,208,77662
QAP,1684,208,77709
QAP,1685,208,77756
QAP,1686,208,77803
QAP,1687,208,77850
QAP,1688,208,77897
QAP,1689,208,77944
QAP,1690,208,77991
QAP,1691,208,78038
QAP,1692,208,78086
QAP,1693,208,78133
QAP,1694,208,78164
QAP,1695,208,78211
QAP,1696,208,78258
QAP,1697,208,78305
QAP,1698,208,78352
QAP,1699,208,78399
QAP,1700,208,78446
QAP,1701,208,78493
QAP,1702,208,78541
QAP,1703,208,78588
QAP,1704,208,78635
QAP,1705,208,78682
QAP,1706,208,78730
QAP,1707,208,78761
QAP,1708,208,78808
QAP,1709,208,78855
QAP,1710,208,78903
QAP,1711,208,78950
QAP,1712,208,78997
QAP,1713,208,79044
QAP,1714,208,79091
QAP,1715,208,79138
QAP,1716,208,79186
QAP,1717,208,79233
QAP,1718,208,79280
QAP,1719,208,79327
QAP,1720,208,79359
QAP,1721,208,79406
QAP,1722,208,79453
QAP,1723,208,79500
QAP,1724,208,79547
QAP,1725,208,79594
QAP,1726,208,79642
QAP,1727,208,79689
QAP,1728,208,79736
QAP,1729,208,79783
QAP,1730,208,79830
QAP,1731,208,79877
QAP,1732,208,79924
QAP,1733,208,79971
QAP,1734,208,80019
QAP,1735,208,80066
QAP,1736,208,80097
QAP,1737,208,80144
QAP,1738,208,80199
QAP,1739,208,80239
QAP,1740,208,80286
QAP,1741,208,80333
QAP,1742,208,80380
QAP,1743,208,80427
QAP,1744,208,80474
QAP,1745,208,80521
QAP,1746,208,80568
QAP,1747,208,80616
QAP,1748,208,80663
QAP,1749,208,80710
QAP,1750,208,80757
QAP,1751,208,80788
QAP,1752,208,80836
QAP,1753,208,80883
QAP,1754,208,80930
QAP,1755,208,80977
QAP,1756,208,81024
QAP,1757,208,81071
QAP,1758,208,81118
QAP,1759,208,81165
QAP,1760,208,81212
QAP,1761,208,81259
QAP,1762,208,81307
QAP,1763,208,81354
QAP,1764,208,81401
QAP,1765,208,81432
QAP,1766,208,81479
QAP,1767,208,81526
QAP,1768,208,81574
QAP,1769,208,81621
QAP,1770,208,81668
QAP,1771,208,81715
QAP,1772,208,81762
QAP,1773,208,81809
QAP,1774,208,81856
QAP,1775,208,81903
QAP,1776,208,81951
QAP,1777,208,81998
QAP,1778,208,82045
QAP,1779,208,82092
QAP,1780,208,82139
QAP,1781,208,82171
QAP,1782,208,82218
QAP,1783,208,82265
QAP,1784,208,82312
QAP,1785,208,82359
QAP,1786,208,82406
QAP,1787,208,82453
QAP,1788,208,82500
QAP,1789,208,82548
QAP,1790,208,82595
QAP,1791,208,82642
QAP,1792,208,82689
QAP,1793,208,82736
QAP,1794,208,82783
QAP,1795,208,82830
QAP,1796,208,82862
QAP,1797,208,82909
QAP,1798,208,82956
QAP,1799,208,83003
QAP,1800,208,83050
QAP,1801,208,83097
QAP,1802,208,83144
QAP,1803,208,83191
QAP,1804,208,83238
QAP,1805,208,83285
QAP,1806,208,83332
QAP,1807,208,83380
QAP,1808,208,83427
QAP,1809,208,83474
QAP,1810,208,83505
QAP,1811,208,83552
QAP,1812,208,83599
QAP,1813,208,83646
QAP,1814,208,83693
QAP,1815,208,83740
QAP,1816,208,83787
QAP,1817,208,83834
QAP,1818,208,83881
QAP,1819,208,83929
QAP,1820,208,83976
QAP,1821,208,84023
QAP,1822,208,84070
QAP,1823,208,84117
QAP,1824,208,84149
QAP,1825,208,84196
QAP,1826,208,84243
QAP,1827,208,84290
QAP,1828,208,84337
QAP,1829,208,84384
QAP,1830,208,84431
QAP,1831,208,84478
QAP,1832,208,84525
QAP,1833,208,84572
QAP,1834,208,84619
QAP,1835,208,84667
QAP,1836,208,84714
QAP,1837,208,84745
QAP,1838,208,84792
QAP,1839,208,84839
QAP,1840,208,84887
QAP,1841,208,84934
QAP,1842,208,84981
QAP,1843,208,85028
QAP,1844,208,85075
QAP,1845,208,85122
QAP,1846,208,85169
QAP,1847,208,85201
QAP,1848,208,85248
QAP,1849,208,85295
QAP,1850,208,85342
QAP,1851,208,85389
QAP,1852,208,85436
QAP,1853,208,85483
QAP,1854,208,85530
QAP,1855,208,85577
QAP,1856,208,85624
QAP,1857,208,85672
QAP,1858,208,85719
QAP,1859,208,85750
QAP,1860,208,85797
QAP,1861,208,85844
QAP,1862,208,85891
QAP,1863,208,85939
QAP,1864,208,85986
QAP,1865,208,86033
QAP,1866,208,86080
QAP,1867,208,86127
QAP,1868,208,86174
QAP,1869,208,86221
QAP,1870,208,86268
QAP,1871,208,86316
QAP,1872,208,86347
QAP,1873,208,86394
QAP,1874,208,86441
QAP,1875,208,86488
QAP,1876,208,86535
QAP,1877,208,86583
QAP,1878,208,86630
QAP,1879,208,86677
QAP,1880,208,86724
QAP,1881,208,86771
QAP,1882,208,86818
QAP,1883,208,86865
QAP,1884,208,86912
QAP,1885,208,86944
QAP,1886,208,86991
QAP,1887,208,87038
QAP,1888,208,87085
QAP,1889,208,87132
QAP,1890,208,87179
QAP,1891,208,87226
QAP,1892,208,87273
QAP,1893,208,87320
QAP,1894,208,87368
QAP,1895,208,87415
QAP,1896,208,87462
QAP,1897,208,87509
QAP,1898,208,87556
QAP,1899,208,87587
QAP,1900,208,87635
QAP,1901,208,87682
QAP,1902,208,87729
QAP,1903,208,87776
QAP,1904,208,87823
QAP,1905,208,87870
QAP,1906,208,87917
QAP,1907,208,87965
QAP,1908,208,88012
QAP,1909,208,88059
QAP,1910,208,88106
QAP,1911,208,88153
QAP,1912,208,88200
QAP,1913,208,88232
QAP,1914,208,88279
QAP,1915,208,88326
QAP,1916,208,88381
QAP,1917,208,88420
QAP,1918,208,88467
QAP,1919,208,88514
QAP,1920,208,88561
QAP,1921,208,88608
QAP,1922,208,88656
QAP,1923,208,88703
QAP,1924,208,88750
QAP,1925,208,88797
QAP,1926,208,88844
QAP,1927,208,88875
QAP,1928,208,88923
QAP,1929,208,88970
QAP,1930,208,89017
QAP,1931,208,89064
QAP,1932,208,89111
QAP,1933,208,89158
QAP,1934,208,89205
QAP,1935,208,89252
QAP,1936,208,89300
QAP,1937,208,89347
QAP,1938,208,89394
QAP,1939,208,89441
QAP,1940,208,89472
QAP,1941,208,89519
QAP,1942,208,89566
QAP,1943,208,89613
QAP,1944,208,89660
QAP,1945,208,89708
QAP,1946,208,89755
QAP,1947,208,89802
QAP,1948,208,89849
QAP,1949,208,89896
QAP,1950,208,89943
QAP,1951,208,89990
QAP,1952,208,90037
QAP,1953,208,90069
QAP,1954,208,90116
QAP,1955,208,90163
QAP,1956,208,90210
QAP,1957,208,90257
QAP,1958,208,90305
QAP,1959,208,90352
QAP,1960,208,90399
QAP,1961,208,90446
QAP,1962,208,90493
QAP,1963,208,90540
QAP,1964,208,90587
QAP,1965,208,90618
QAP,1966,208,90666
QAP,1967,208,90713
QAP,1968,208,90760
QAP,1969,208,90807
QAP,1970,208,90854
QAP,1971,208,90901
QAP,1972,208,90948
QAP,1973,208,90996
QAP,1974,208,91043
QAP,1975,208,91092
QAP,1976,208,91137
QAP,1977,208,91168
QAP,1978,208,91216
QAP,1979,208,91263
QAP,1980,208,91310
QAP,1981,208,91357
QAP,1982,208,91404
QAP,1983,208,91451
QAP,1984,208,91499
QAP,1985,208,91546
QAP,1986,208,91593
QAP,1987,208,91640
QAP,1988,208,91687
QAP,1989,208,91734
QAP,1990,208,91781
QAP,1991,208,91813
QAP,1992,208,91860
QAP,1993,208,91907
QAP,1994,208,91954
QAP,1995,208,92001
QAP,1996,208,92048
QAP,1997,208,92095
QAP,1998,208,92142
QAP,1999,208,92189
QAP,2000,208,92236
QAP,2001,208,92283
QAP,2002,208,92331
QAP,2003,208,92378
QAP,2004,208,92425
QAP,2005,208,92472
QAP,2006,208,92519
QAP,2007,208,92550
QAP,2008,208,92598
QAP,2009,208,92645
QAP,2010,208,92692
QAP,2011,208,92739
QAP,2012,208,92786
QAP,2013,208,92833
QAP,2014,208,92880
QAP,2015,208,92927
QAP,2016,208,92974
QAP,2017,208,93021
QAP,2018,208,93068
QAP,2019,208,93116
QAP,2020,208,93147
QAP,2021,208,93194
QAP,2022,208,93241
QAP,2023,208,93288
QAP,2024,208,93335
QAP,2025,208,93383
QAP,2026,208,93430
QAP,2027,208,93477
QAP,2028,208,93524
QAP,2029,208,93571
QAP,2030,208,93618
QAP,2031,208,93665
QAP,2032,208,93712
QAP,2033,208,93744
QAP,2034,208,93791
QAP,2035,208,93838
QAP,2036,208,93885
QAP,2037,208,93932
QAP,2038,208,93980
QAP,2039,208,94027
QAP,2040,208,94074
QAP,2041,208,94121
QAP,2042,208,94168
QAP,2043,208,94215
QAP,2044,208,94247
QAP,2045,208,94294
QAP,2046,208,94341
QAP,2047,208,94388
QAP,2048,208,94435
QAP,2049,208,94482
QAP,2050,208,94529
QAP,2051,208,94576
QAP,2052,208,94624
QAP,2053,208,94671
QAP,2054,208,94718
QAP,2055,208,94765
QAP,2056,208,94797
QAP,2057,208,94844
QAP,2058,208,94891
QAP,2059,208,94938
QAP,2060,208,94985
QAP,2061,208,95032
QAP,2062,208,95080
QAP,2063,208,95127
QAP,2064,208,95174
QAP,2065,208,95221
QAP,2066,208,95268
QAP,2067,208,95315
QAP,2068,208,95362
QAP,2069,208,95394
QAP,2070,208,95441
QAP,2071,208,95488
QAP,2072,208,95535
QAP,2073,208,95582
QAP,2074,208,95629
QAP,2075,208,95677
QAP,2076,208,95724
QAP,2077,208,95771
QAP,2078,208,95818
QAP,2079,208,95865
QAP,2080,208,95912
QAP,2081,208,95944
QAP,2082,208,95991
QAP,2083,208,96038
QAP,2084,208,96085
QAP,2085,208,96132
QAP,2086,208,96179
QAP,2087,208,96226
QAP,2088,208,96274
QAP,2089,208,96321
QAP,2090,208,96368
QAP,2091,208,96415
QAP,2092,208,96462
QAP,2093,208,96510
QAP,2094,208,96549
QAP,2095,208,96588
QAP,2096,208,96635
QAP,2097,208,96682
QAP,2098,208,96729
QAP,2099,208,96776
QAP,2100,208,96824
QAP,2101,208,96871
QAP,2102,208,96918
QAP,2103,208,96965
QAP,2104,208,97012
QAP,2105,208,97059
QAP,2106,208,97106
QAP,2107,208,97153
QAP,2108,208,97184
QAP,2109,208,97231
QAP,2110,208,97278
QAP,2111,208,97326
QAP,2112,208,97373
QAP,2113,208,97420
QAP,2114,208,97467
QAP,2115,208,97514
QAP,2116,208,97561
QAP,2117,208,97608
QAP,2118,208,97656
QAP,2119,208,97703
QAP,2120,208,97750
QAP,2121,208,97781
QAP,2122,208,97828
QAP,2123,208,97875
QAP,2124,208,97922
QAP,2125,208,97970
QAP,2126,208,98017
QAP,2127,208,98064
QAP,2128,208,98111
QAP,2129,208,98158
QAP,2130,208,98205
QAP,2131,208,98252
QAP,2132,208,98299
QAP,2133,208,98331
QAP,2134,208,98378
QAP,2135,208,98425
QAP,2136,208,98472
QAP,2137,208,98520
QAP,2138,208,98567
QAP,2139,208,98614
QAP,2140,208,98661
QAP,2141,208,98708
QAP,2142,208,98755
QAP,2143,208,98802
QAP,2144,208,98849
QAP,2145,208,98881
QAP,2146,208,98928
QAP,2147,208,98975
QAP,2148,208,99022
QAP,2149,208,99069
QAP,2150,208,99117
QAP,2151,208,99164
QAP,2152,208,99211
QAP,2153,208,99258
QAP,2154,208,99305
QAP,2155,208,99352
QAP,2156,208,99400
QAP,2157,208,99431
QAP,2158,208,99478
QAP,2159,208,99525
QAP,2160,208,99572
QAP,2161,208,99619
QAP,2162,208,99667
QAP,2163,208,99714
QAP,2164,208,99761
QAP,2165,208,99808
QAP,2166,208,99855
QAP,2167,208,99902
QAP,2168,208,99934
QAP,2169,208,99981
QAP,2170,208,100028
QAP,2171,208,100075
QAP,2172,208,100122
QAP,2173,208,100169
QAP,2174,208,100216
QAP,2175,208,100263
QAP,2176,208,100311
QAP,2177,208,100357
QAP,2178,208,100405
QAP,2179,208,100452
QAP,2180,208,100499
QAP,2181,208,100546
QAP,2182,208,100593
QAP,2183,208,100640
QAP,2184,208,100687
QAP,2185,208,100719
QAP,2186,208,100766
QAP,2187,208,100813
QAP,2188,208,100860
QAP,2189,208,100907
QAP,2190,208,100954
QAP,2191,208,101001
QAP,2192,208,101049
QAP,2193,208,101096
QAP,2194,208,101143
QAP,2195,208,101190
QAP,2196,208,101237
QAP,2197,208,101284
QAP,2198,208,101315
QAP,2199,208,101362
QAP,2200,208,101409
QAP,2201,208,101456
QAP,2202,208,101503
QAP,2203,208,101550
QAP,2204,208,101597
QAP,2205,208,101645
QAP,2206,208,101692
QAP,2207,208,101739
QAP,2208,208,101786
QAP,2209,208,101833
QAP,2210,208,101881
QAP,2211,208,101928
QAP,2212,208,101959
QAP,2213,208,102014
QAP,2214,208,102054
QAP,2215,208,102101
QAP,2216,208,102148
QAP,2217,208,102195
QAP,2218,208,102242
QAP,2219,208,102289
QAP,2220,208,102336
QAP,2221,208,102384
QAP,2222,208,102431
QAP,2223,208,102478
QAP,2224,208,102525
QAP,2225,208,102572
QAP,2226,208,102603
QAP,2227,208,102650
QAP,2228,208,102698
QAP,2229,208,102745
QAP,2230,208,102792
QAP,2231,208,102839
QAP,2232,208,102886
QAP,2233,208,102934
QAP,2234,208,102981
QAP,2235,208,103028
QAP,2236,208,103075
QAP,2237,208,103106
QAP,2238,208,103154
QAP,2239,208,103201
QAP,2240,208,103248
QAP,2241,208,103295
QAP,2242,208,103342
QAP,2243,208,103389
QAP,2244,208,103437
QAP,2245,208,103484
QAP,2246,208,103531
QAP,2247,208,103578
QAP,2248,208,103625
QAP,2249,208,103672
QAP,2250,208,103703
QAP,2251,208,103750
QAP,2252,208,103797
QAP,2253,208,103844
QAP,2254,208,103891
QAP,2255,208,103938
QAP,2256,208,103985
QAP,2257,208,104032
QAP,2258,208,104079
QAP,2259,208,104126
QAP,2260,208,104173
QAP,2261,208,104220
QAP,2262,208,104267
QAP,2263,208,104314
QAP,2264,208,104361
QAP,2265,208,104408
QAP,2266,208,104456
QAP,2267,208,104503
QAP,2268,208,104550
QAP,2269,208,104597
QAP,2270,208,104644
QAP,2271,208,104675
QAP,2272,208,104730
QAP,2273,208,104769
QAP,2274,208,104816
QAP,2275,208,104863
QAP,2276,208,104910
QAP,2277,208,104958
QAP,2278,208,105005
QAP,2279,208,105052
QAP,2280,208,105099
QAP,2281,208,105146
QAP,2282,208,105193
QAP,2283,208,105240
QAP,2284,208,105287
QAP,2285,208,105334
QAP,2286,208,105381
QAP,2287,208,105412
QAP,2288,208,105459
QAP,2289,208,105507
QAP,2290,208,105554
QAP,2291,208,105601
QAP,2292,208,105648
QAP,2293,208,105695
QAP,2294,208,105742
QAP,2295,208,105789
QAP,2296,208,105836
QAP,2297,208,105883
QAP,2298,208,105930
QAP,2299,208,105977
QAP,2300,208,106024
QAP,2301,208,106071
QAP,2302,208,106118
QAP,2303,208,106165
QAP,2304,208,106212
QAP,2305,208,106259
QAP,2306,208,106306
QAP,2307,208,106353
QAP,2308,208,106384
QAP,2309,208,106448
QAP,2310,208,106479
QAP,2311,208,106526
QAP,2312,208,106573
QAP,2313,208,106620
QAP,2314,208,106667
QAP,2315,208,106714
QAP,2316,208,106761
QAP,2317,208,106808
QAP,2318,208,106855
QAP,2319,208,106902
QAP,2320,208,106949
QAP,2321,208,106996
QAP,2322,208,107043
QAP,2323,208,107090
QAP,2324,208,107137
QAP,2325,208,107184
QAP,2326,208,107231
QAP,2327,208,107278
QAP,2328,208,107325
QAP,2329,208,107372
QAP,2330,208,107404
QAP,2331,208,107459
QAP,2332,208,107498
QAP,2333,208,107545
QAP,2334,208,107592
QAP,2335,208,107639
QAP,2336,208,107687
QAP,2337,208,107733
QAP,2338,208,107780
QAP,2339,208,107827
QAP,2340,208,107875
QAP,2341,208,107922
QAP,2342,208,107969
QAP,2343,208,108016
QAP,2344,208,108063
QAP,2345,208,108110
QAP,2346,208,108157
QAP,2347,208,108204
QAP,2348,208,108235
QAP,2349,208,108282
QAP,2350,208,108329
QAP,2351,208,108376
QAP,2352,208,108423
QAP,2353,208,108470
QAP,2354,208,108517
QAP,2355,208,108564
QAP,2356,208,108611
QAP,2357,208,108659
QAP,2358,208,108706
QAP,2359,208,108753
QAP,2360,208,108800
QAP,2361,208,108847
QAP,2362,208,108878
QAP,2363,208,108926
QAP,2364,208,108973
QAP,2365,208,109020
QAP,2366,208,109067
QAP,2367,208,109114
QAP,2368,208,109161
QAP,2369,208,109208
QAP,2370,208,109255
QAP,2371,208,109302
QAP,2372,208,109349
QAP,2373,208,109396
QAP,2374,208,109444
QAP,2375,208,109491
QAP,2376,208,109522
QAP,2377,208,109569
QAP,2378,208,109616
QAP,2379,208,109663
QAP,2380,208,109711
QAP,2381,208,109758
QAP,2382,208,109805
QAP,2383,208,109852
QAP,2384,208,109899
QAP,2385,208,109946
QAP,2386,208,109993
QAP,2387,208,110040
QAP,2388,208,110072
QAP,2389,208,110119
QAP,2390,208,110166
QAP,2391,208,110213
QAP,2392,208,110260
QAP,2393,208,110307
QAP,2394,208,110354
QAP,2395,208,110402
QAP,2396,208,110449
QAP,2397,208,110496
QAP,2398,208,110543
QAP,2399,208,110590
QAP,2400,208,110637
QAP,2401,208,110668
QAP,2402,208,110715
QAP,2403,208,110762
QAP,2404,208,110810
QAP,2405,208,110857
QAP,2406,208,110904
QAP,2407,208,110951
QAP,2408,208,110998
QAP,2409,208,111046
QAP,2410,208,111093
QAP,2411,208,111140
QAP,2412,208,111171
QAP,2413,208,111219
QAP,2414,208,111266
QAP,2415,208,111313
QAP,2416,208,111360
QAP,2417,208,111407
QAP,2418,208,111454
QAP,2419,208,111501
QAP,2420,208,111553
QAP,2421,208,111595
QAP,2422,208,111642
QAP,2423,208,111689
QAP,2424,208,111736
QAP,2425,208,111768
QAP,2426,208,111815
QAP,2427,208,111862
QAP,2428,208,111909
QAP,2429,208,111956
QAP,2430,208,112003
QAP,2431,208,112051
QAP,2432,208,112098
QAP,2433,208,112145
QAP,2434,208,112192
QAP,2435,208,112239
QAP,2436,208,112286
QAP,2437,208,112333
QAP,2438,208,112381
QAP,2439,208,112428
QAP,2440,208,112459
QAP,2441,208,112506
QAP,2442,208,112553
QAP,2443,208,112600
QAP,2444,208,112647
QAP,2445,208,112695
QAP,2446,208,112742
QAP,2447,208,112789
QAP,2448,208,112836
QAP,2449,208,112883
QAP,2450,208,112930
QAP,2451,208,112977
QAP,2452,208,113024
QAP,2453,208,113071
QAP,2454,208,113103
QAP,2455,208,113150
QAP,2456,208,113197
QAP,2457,208,113244
QAP,2458,208,113291
QAP,2459,208,113339
QAP,2460,208,113386
QAP,2461,208,113433
QAP,2462,208,113480
QAP,2463,208,113527
QAP,2464,208,113574
QAP,2465,208,113621
QAP,2466,208,113668
QAP,2467,208,113715
QAP,2468,208,113747
QAP,2469,208,113794
QAP,2470,208,113841
QAP,2471,208,113888
QAP,2472,208,113936
QAP,2473,208,113983
QAP,2474,208,114030
QAP,2475,208,114077
QAP,2476,208,114124
QAP,2477,208,114171
QAP,2478,208,114218
QAP,2479,208,114250
QAP,2480,208,114297
QAP,2481,208,114344
QAP,2482,208,114391
QAP,2483,208,114438
QAP,2484,208,114486
QAP,2485,208,114533
QAP,2486,208,114580
QAP,2487,208,114627
QAP,2488,208,114674
QAP,2489,208,114721
QAP,2490,208,114768
QAP,2491,208,114815
QAP,2492,208,114847
QAP,2493,208,114894
QAP,2494,208,114941
QAP,2495,208,114988
QAP,2496,208,115035
QAP,2497,208,115082
QAP,2498,208,115129
QAP,2499,208,115176
QAP,2500,208,115223
QAP,2501,208,115270
QAP,2502,208,115317
QAP,2503,208,115364
QAP,2504,208,115411
QAP,2505,208,115443
QAP,2506,208,115504
QAP,2507,208,115537
QAP,2508,208,115585
QAP,2509,208,115640
QAP,2510,208,115679
QAP,2511,208,115726
QAP,2512,208,115773
QAP,2513,208,115820
QAP,2514,208,115867
QAP,2515,208,115914
QAP,2516,208,115961
QAP,2517,208,116008
QAP,2518,208,116055
QAP,2519,208,116102
QAP,2520,208,116150
QAP,2521,208,116197
QAP,2522,208,116244
QAP,2523,208,116275
QAP,2524,208,116322
QAP,2525,208,116369
QAP,2526,208,116417
QAP,2527,208,116464
QAP,2528,208,116511
QAP,2529,208,116558
QAP,2530,208,116605
QAP,2531,208,116652
QAP,2532,208,116699
QAP,2533,208,116746
QAP,2534,208,116793
QAP,2535,208,116841
QAP,2536,208,116888
QAP,2537,208,116935
QAP,2538,208,116982
QAP,2539,208,117014
QAP,2540,208,117061
QAP,2541,208,117108
QAP,2542,208,117155
QAP,2543,208,117202
QAP,2544,208,117249
QAP,2545,208,117296
QAP,2546,208,117343
QAP,2547,208,117390
QAP,2548,208,117437
QAP,2549,208,117485
QAP,2550,208,117532
QAP,2551,208,117579
QAP,2552,208,117626
QAP,2553,208,117675
QAP,2554,208,117720
QAP,2555,208,117767
QAP,2556,208,117799
QAP,2557,208,117846
QAP,2558,208,117893
QAP,2559,208,117940
QAP,2560,208,117987
QAP,2561,208,118034
QAP,2562,208,118081
QAP,2563,208,118128
QAP,2564,208,118175
QAP,2565,208,118222
QAP,2566,208,118269
QAP,2567,208,118316
QAP,2568,208,118348
QAP,2569,208,118395
QAP,2570,208,118442
QAP,2571,208,118489
QAP,2572,208,118536
QAP,2573,208,118584
QAP,2574,208,118631
QAP,2575,208,118678
QAP,2576,208,118725
QAP,2577,208,118772
QAP,2578,208,118819
QAP,2579,208,118866
QAP,2580,208,118898
QAP,2581,208,118945
QAP,2582,208,118992
QAP,2583,208,119039
QAP,2584,208,119086
QAP,2585,208,119133
QAP,2586,208,119180
QAP,2587,208,119227
QAP,2588,208,119274
QAP,2589,208,119321
QAP,2590,208,119368
QAP,2591,208,119415
QAP,2592,208,119447
QAP,2593,208,119494
QAP,2594,208,119541
QAP,2595,208,119588
QAP,2596,208,119635
QAP,2597,208,119682
QAP,2598,208,119738
QAP,2599,208,119776
QAP,2600,208,119823
QAP,2601,208,119870
QAP,2602,208,119918
QAP,2603,208,119965
QAP,2604,208,120012
QAP,2605,208,120059
QAP,2606,208,120090
QAP,2607,208,120137
QAP,2608,208,120185
QAP,2609,208,120232
QAP,2610,208,120279
QAP,2611,208,120326
QAP,2612,208,120373
QAP,2613,208,120420
QAP,2614,208,120467
QAP,2615,208,120514
QAP,2616,208,120561
QAP,2617,208,120593
QAP,2618,208,120640
QAP,2619,208,120687
QAP,2620,208,120734
QAP,2621,208,120781
QAP,2622,208,120828
QAP,2623,208,120875
QAP,2624,208,120923
QAP,2625,208,120970
QAP,2626,208,121017
QAP,2627,208,121064
QAP,2628,208,121111
QAP,2629,208,121142
QAP,2630,208,121190
QAP,2631,208,121237
QAP,2632,208,121284
QAP,2633,208,121331
QAP,2634,208,121378
QAP,2635,208,121425
QAP,2636,208,121472
QAP,2637,208,121519
QAP,2638,208,121567
QAP,2639,208,121614
QAP,2640,208,121661
QAP,2641,208,121692
QAP,2642,208,121739
QAP,2643,208,121786
QAP,2644,208,121833
QAP,2645,208,121881
QAP,2646,208,121928
QAP,2647,208,121975
QAP,2648,208,122022
QAP,2649,208,122069
QAP,2650,208,122116
QAP,2651,208,122163
QAP,2652,208,122195
QAP,2653,208,122242
QAP,2654,208,122289
QAP,2655,208,122336
QAP,2656,208,122384
QAP,2657,208,122431
QAP,2658,208,122478
QAP,2659,208,122525
QAP,2660,208,122572
QAP,2661,208,122619
QAP,2662,208,122666
QAP,2663,208,122713
QAP,2664,208,122745
QAP,2665,208,122792
QAP,2666,208,122839
QAP,2667,208,122886
QAP,2668,208,122933
QAP,2669,208,122980
QAP,2670,208,123027
QAP,2671,208,123074
QAP,2672,208,123121
QAP,2673,208,123168
QAP,2674,208,123215
QAP,2675,208,123262
QAP,2676,208,123294
QAP,2677,208,123341
QAP,2678,208,123388
QAP,2679,208,123435
QAP,2680,208,123482
QAP,2681,208,123529
QAP,2682,208,123576
QAP,2683,208,123624
QAP,2684,208,123671
QAP,2685,208,123718
QAP,2686,208,123765
QAP,2687,208,123812
QAP,2688,208,123843
QAP,2689,208,123890
QAP,2690,208,123938
QAP,2691,208,123985
QAP,2692,208,124032
QAP,2693,208,124079
QAP,2694,208,124126
QAP,2695,208,124173
QAP,2696,208,124220
QAP,2697,208,124267
QAP,2698,208,124314
QAP,2699,208,124362
QAP,2700,208,124393
QAP,2701,208,124440
QAP,2702,208,124489
QAP,2703,208,124534
QAP,2704,208,124581
QAP,2705,208,124629
QAP,2706,208,124676
QAP,2707,208,124723
QAP,2708,208,124770
QAP,2709,208,124817
QAP,2710,208,124864
QAP,2711,208,124911
QAP,2712,208,124958
QAP,2713,208,125005
QAP,2714,208,125053
QAP,2715,208,125084
QAP,2716,208,125131
QAP,2717,208,125186
QAP,2718,208,125225
QAP,2719,208,125273
QAP,2720,208,125320
QAP,2721,208,125367
QAP,2722,208,125414
QAP,2723,208,125461
QAP,2724,208,125508
QAP,2725,208,125555
QAP,2726,208,125602
QAP,2727,208,125649
QAP,2728,208,125697
QAP,2729,208,125744
QAP,2730,208,125775
QAP,2731,208,125822
QAP,2732,208,125869
QAP,2733,208,125916
QAP,2734,208,125963
QAP,2735,208,126010
QAP,2736,208,126057
QAP,2737,208,126105
QAP,2738,208,126152
QAP,2739,208,126199
QAP,2740,208,126246
QAP,2741,208,126293
QAP,2742,208,126340
QAP,2743,208,126387
QAP,2744,208,126434
QAP,2745,208,126481
QAP,2746,208,126529
QAP,2747,208,126560
QAP,2748,208,126607
QAP,2749,208,126654
QAP,2750,208,126701
QAP,2751,208,126748
QAP,2752,208,126795
QAP,2753,208,126843
QAP,2754,208,126890
QAP,2755,208,126937
QAP,2756,208,126984
QAP,2757,208,127031
QAP,2758,208,127078
QAP,2759,208,127125
QAP,2760,208,127173
QAP,2761,208,127204
QAP,2762,208,127251
QAP,2763,208,127299
QAP,2764,208,127346
QAP,2765,208,127393
QAP,2766,208,127440
QAP,2767,208,127487
QAP,2768,208,127534
QAP,2769,208,127581
QAP,2770,208,127628
QAP,2771,208,127675
QAP,2772,208,127723
QAP,2773,208,127770
QAP,2774,208,127817
QAP,2775,208,127864
QAP,2776,208,127911
QAP,2777,208,127942
QAP,2778,208,127989
QAP,2779,208,128036
QAP,2780,208,128084
QAP,2781,208,128131
QAP,2782,208,128178
QAP,2783,208,128225
QAP,2784,208,128272
QAP,2785,208,128319
QAP,2786,208,128366
QAP,2787,208,128413
QAP,2788,208,128460
QAP,2789,208,128507
QAP,2790,208,128554
QAP,2791,208,128602
QAP,2792,208,128649
QAP,2793,208,128680
QAP,2794,208,128727
QAP,2795,208,128774
QAP,2796,208,128822
QAP,2797,208,128869
QAP,2798,208,128916
QAP,2799,208,128963
QAP,2800,208,129010
QAP,2801,208,129057
QAP,2802,208,129104
QAP,2803,208,129151
QAP,2804,208,129198
QAP,2805,208,129245
QAP,2806,208,129277
QAP,2807,208,129324
QAP,2808,208,129371
QAP,2809,208,129418
QAP,2810,208,129465
QAP,2811,208,129512
QAP,2812,208,129559
QAP,2813,208,129606
QAP,2814,208,129653
QAP,2815,208,129700
QAP,2816,208,129747
QAP,2817,208,129795
QAP,2818,208,129842
QAP,2819,208,129890
QAP,2820,208,129936
QAP,2821,208,129967
QAP,2822,208,130014
QAP,2823,208,130061
QAP,2824,208,130108
QAP,2825,208,130155
QAP,2826,208,130203
QAP,2827,208,130250
QAP,2828,208,130297
QAP,2829,208,130344
QAP,2830,208,130391
QAP,2831,208,130438
QAP,2832,208,130486
QAP,2833,208,130533
QAP,2834,208,130580
QAP,2835,208,130628
QAP,2836,208,130674
QAP,2837,208,130706
QAP,2838,208,130753
QAP,2839,208,130800
QAP,2840,208,130847
QAP,2841,208,130894
QAP,2842,208,130941
QAP,2843,208,130988
QAP,2844,208,131035
QAP,2845,208,131083
QAP,2846,208,131130
QAP,2847,208,131177
QAP,2848,208,131224
QAP,2849,208,131271
QAP,2850,208,131318
QAP,2851,208,131349
QAP,2852,208,131396
QAP,2853,208,131443
QAP,2854,208,131490
QAP,2855,208,131537
QAP,2856,208,131584
QAP,2857,208,131631
QAP,2858,208,131678
QAP,2859,208,131725
QAP,2860,208,131772
QAP,2861,208,131819
QAP,2862,208,131866
QAP,2863,208,131913
QAP,2864,208,131960
QAP,2865,208,132007
QAP,2866,208,132054
QAP,2867,208,132101
QAP,2868,208,132148
QAP,2869,208,132195
QAP,2870,208,132242
QAP,2871,208,132289
QAP,2872,208,132336
QAP,2873,208,132383
QAP,2874,208,132430
QAP,2875,208,132477
QAP,2876,208,132524
QAP,2877,208,132572
QAP,2878,208,132619
QAP,2879,208,132666
QAP,2880,208,132714
QAP,2881,208,132760
QAP,2882,208,132807
QAP,2883,208,132838
QAP,2884,208,132901
QAP,2885,208,132932
QAP,2886,208,132979
QAP,2887,208,133026
QAP,2888,208,133073
QAP,2889,208,133120
QAP,2890,208,133167
QAP,2891,208,133214
QAP,2892,208,133261
QAP,2893,208,133308
QAP,2894,208,133363
QAP,2895,208,133403
QAP,2896,208,133450
QAP,2897,208,133497
QAP,2898,208,133544
QAP,2899,208,133591
QAP,2900,208,133638
QAP,2901,208,133685
QAP,2902,208,133732
QAP,2903,208,133779
QAP,2904,208,133826
QAP,2905,208,133873
QAP,2906,208,133920
QAP,2907,208,133967
QAP,2908,208,134014
QAP,2909,208,134061
QAP,2910,208,134108
QAP,2911,208,134139
QAP,2912,208,134186
QAP,2913,208,134233
QAP,2914,208,134280
QAP,2915,208,134327
QAP,2916,208,134374
QAP,2917,208,134421
QAP,2918,208,134468
QAP,2919,208,134515
QAP,2920,208,134562
QAP,2921,208,134610
QAP,2922,208,134657
QAP,2923,208,134703
QAP,2924,208,134751
QAP,2925,208,134798
QAP,2926,208,134845
QAP,2927,208,134892
QAP,2928,208,134939
QAP,2929,208,134986
QAP,2930,208,135033
QAP,2931,208,135080
QAP,2932,208,135127
QAP,2933,208,135174
QAP,2934,208,135221
QAP,2935,208,135268
QAP,2936,208,135315
QAP,2937,208,135346
QAP,2938,208,135393
QAP,2939,208,135440
QAP,2940,208,135487
QAP,2941,208,135534
QAP,2942,208,135582
QAP,2943,208,135629
QAP,2944,208,135676
QAP,2945,208,135723
QAP,2946,208,135770
QAP,2947,208,135817
QAP,2948,208,135864
QAP,2949,208,135911
QAP,2950,208,135958
QAP,2951,208,136005
QAP,2952,208,136052
QAP,2953,208,136099
QAP,2954,208,136146
QAP,2955,208,136178
QAP,2956,208,136225
QAP,2957,208,136272
QAP,2958,208,136319
QAP,2959,208,136366
QAP,2960,208,136413
QAP,2961,208,136460
QAP,2962,208,136507
QAP,2963,208,136554
QAP,2964,208,136601
QAP,2965,208,136648
QAP,2966,208,136695
QAP,2967,208,136742
QAP,2968,208,136789
QAP,2969,208,136836
QAP,2970,208,136883
QAP,2971,208,136930
QAP,2972,208,136977
QAP,2973,208,137024
QAP,2974,208,137071
QAP,2975,208,137118
QAP,2976,208,137165
QAP,2977,208,137212
QAP,2978,208,137259
QAP,2979,208,137306
QAP,2980,208,137353
QAP,2981,208,137400
QAP,2982,208,137447
QAP,2983,208,137479
QAP,2984,208,137526
QAP,2985,208,137573
QAP,2986,208,137620
QAP,2987,208,137667
QAP,2988,208,137714
QAP,2989,208,137761
QAP,2990,208,137808
QAP,2991,208,137855
QAP,2992,208,137902
QAP,2993,208,137949
QAP,2994,208,137996
QAP,2995,208,138043
QAP,2996,208,138090
QAP,2997,208,138137
QAP,2998,208,138184
QAP,2999,208,138231
QAP,3000,208,138278
QAP,3001,208,138325
QAP,3002,208,138372
QAP,3003,208,138419
QAP,3004,208,138466
QAP,3005,208,138513
QAP,3006,208,138560
QAP,3007,208,138607
QAP,3008,208,138639
QAP,3009,208,138686
QAP,3010,208,138733
QAP,3011,208,138780
QAP,3012,208,138827
QAP,3013,208,138874
QAP,3014,208,138921
QAP,3015,208,138968
QAP,3016,208,139015
QAP,3017,208,139062
QAP,3018,208,139109
QAP,3019,208,139156
QAP,3020,208,139203
QAP,3021,208,139250
QAP,3022,208,139297
QAP,3023,208,139344
QAP,3024,208,139391
QAP,3025,208,139438
QAP,3026,208,139470
QAP,3027,208,139517
QAP,3028,208,139564
QAP,3029,208,139611
QAP,3030,208,139658
QAP,3031,208,139705
QAP,3032,208,139752
QAP,3033,208,139799
QAP,3034,208,139846
QAP,3035,208,139893
QAP,3036,208,139940
QAP,3037,208,139987
QAP,3038,208,140034
QAP,3039,208,140081
QAP,3040,208,140128
QAP,3041,208,140182
QAP,3042,208,140223
QAP,3043,208,140270
QAP,3044,208,140316
QAP,3045,208,140363
QAP,3046,208,140410
QAP,3047,208,140458
QAP,3048,208,140504
QAP,3049,208,140552
QAP,3050,208,140599
QAP,3051,208,140646
QAP,3052,208,140693
QAP,3053,208,140740
QAP,3054,208,140787
QAP,3055,208,140835
QAP,3056,208,140866
QAP,3057,208,140913
QAP,3058,208,140960
QAP,3059,208,141007
QAP,3060,208,141054
QAP,3061,208,141102
QAP,3062,208,141149
QAP,3063,208,141196
QAP,3064,208,141243
QAP,3065,208,141290
QAP,3066,208,141337
QAP,3067,208,141384
QAP,3068,208,141431
QAP,3069,208,141463
QAP,3070,208,141510
QAP,3071,208,141557
QAP,3072,208,141604
QAP,3073,208,141651
QAP,3074,208,141698
QAP,3075,208,141745
QAP,3076,208,141793
QAP,3077,208,141840
QAP,3078,208,141887
QAP,3079,208,141934
QAP,3080,208,141981
QAP,3081,208,142028
QAP,3082,208,142075
QAP,3083,208,142107
QAP,3084,208,142154
QAP,3085,208,142201
QAP,3086,208,142248
QAP,3087,208,142295
QAP,3088,208,142342
QAP,3089,208,142389
QAP,3090,208,142437
QAP,3091,208,142484
QAP,3092,208,142531
QAP,3093,208,142578
QAP,3094,208,142625
QAP,3095,208,142672
QAP,3096,208,142719
QAP,3097,208,142766
QAP,3098,208,142814
QAP,3099,208,142845
QAP,3100,208,142892
QAP,3101,208,142939
QAP,3102,208,142987
QAP,3103,208,143034
QAP,3104,208,143081
QAP,3105,208,143128
QAP,3106,208,143175
QAP,3107,208,143222
QAP,3108,208,143269
QAP,3109,208,143316
QAP,3110,208,143363
QAP,3111,208,143411
QAP,3112,208,143442
QAP,3113,208,143489
QAP,3114,208,143536
QAP,3115,208,143584
QAP,3116,208,143631
QAP,3117,208,143678
QAP,3118,208,143725
QAP,3119,208,143772
QAP,3120,208,143819
QAP,3121,208,143866
QAP,3122,208,143913
QAP,3123,208,143960
QAP,3124,208,144007
QAP,3125,208,144039
QAP,3126,208,144086
QAP,3127,208,144133
QAP,3128,208,144180
QAP,3129,208,144227
QAP,3130,208,144274
QAP,3131,208,144321
QAP,3132,208,144368
QAP,3133,208,144416
QAP,3134,208,144463
QAP,3135,208,144510
QAP,3136,208,144557
QAP,3137,208,144604
QAP,3138,208,144652
QAP,3139,208,144699
QAP,3140,208,144746
QAP,3141,208,144793
QAP,3142,208,144840
QAP,3143,208,144888
QAP,3144,208,144935
QAP,3145,208,144982
QAP,3146,208,145013
QAP,3147,208,145060
QAP,3148,208,145108
QAP,3149,208,145155
QAP,3150,208,145202
QAP,3151,208,145249
QAP,3152,208,145296
QAP,3153,208,145343
QAP,3154,208,145390
QAP,3155,208,145437
QAP,3156,208,145484
QAP,3157,208,145532
QAP,3158,208,145579
QAP,3159,208,145629
QAP,3160,208,145673
QAP,3161,208,145720
QAP,3162,208,145767
QAP,3163,208,145798
QAP,3164,208,145845
QAP,3165,208,145892
QAP,3166,208,145939
QAP,3167,208,145986
QAP,3168,208,146033
QAP,3169,208,146080
QAP,3170,208,146127
QAP,3171,208,146174
QAP,3172,208,146222
QAP,3173,208,146269
QAP,3174,208,146316
QAP,3175,208,146363
QAP,3176,208,146410
QAP,3177,208,146457
QAP,3178,208,146504
QAP,3179,208,146551
QAP,3180,208,146598
QAP,3181,208,146645
QAP,3182,208,146692
QAP,3183,208,146739
QAP,3184,208,146786
QAP,3185,208,146818
QAP,3186,208,146865
QAP,3187,208,146912
QAP,3188,208,146959
QAP,3189,208,147006
QAP,3190,208,147053
QAP,3191,208,147100
QAP,3192,208,147147
QAP,3193,208,147194
QAP,3194,208,147241
QAP,3195,208,147288
QAP,3196,208,147335
QAP,3197,208,147382
QAP,3198,208,147414
QAP,3199,208,147461
QAP,3200,208,147508
QAP,3201,208,147555
QAP,3202,208,147603
QAP,3203,208,147650
QAP,3204,208,147697
QAP,3205,208,147744
QAP,3206,208,147791
QAP,3207,208,147838
QAP,3208,208,147885
QAP,3209,208,147932
QAP,3210,208,147980
QAP,3211,208,148027
QAP,3212,208,148074
QAP,3213,208,148105
QAP,3214,208,148152
QAP,3215,208,148199
QAP,3216,208,148247
QAP,3217,208,148294
QAP,3218,208,148349
QAP,3219,208,148388
QAP,3220,208,148435
QAP,3221,208,148482
QAP,3222,208,148529
QAP,3223,208,148576
QAP,3224,208,148624
QAP,3225,208,148671
QAP,3226,208,148718
QAP,3227,208,148749
QAP,3228,208,148797
QAP,3229,208,148844
QAP,3230,208,148891
QAP,3231,208,148938
QAP,3232,208,148985
QAP,3233,208,149032
QAP,3234,208,149080
QAP,3235,208,149127
QAP,3236,208,149174
QAP,3237,208,149221
QAP,3238,208,149268
QAP,3239,208,149299
QAP,3240,208,149347
QAP,3241,208,149394
QAP,3242,208,149441
QAP,3243,208,149488
QAP,3244,208,149535
QAP,3245,208,149582
QAP,3246,208,149629
QAP,3247,208,149676
QAP,3248,208,149723
QAP,3249,208,149770
QAP,3250,208,149818
QAP,3251,208,149865
QAP,3252,208,149896
QAP,3253,208,149943
QAP,3254,208,149990
QAP,3255,208,150037
QAP,3256,208,150085
QAP,3257,208,150132
QAP,3258,208,150179
QAP,3259,208,150226
QAP,3260,208,150273
QAP,3261,208,150320
QAP,3262,208,150367
QAP,3263,208,150414
QAP,3264,208,150461
QAP,3265,208,150508
QAP,3266,208,150540
QAP,3267,208,150587
QAP,3268,208,150634
QAP,3269,208,150681
QAP,3270,208,150728
QAP,3271,208,150775
QAP,3272,208,150823
QAP,3273,208,150870
QAP,3274,208,150917
QAP,3275,208,150964
QAP,3276,208,151011
QAP,3277,208,151058
QAP,3278,208,151105
QAP,3279,208,151152
QAP,3280,208,151199
QAP,3281,208,151231
QAP,3282,208,151278
QAP,3283,208,151325
QAP,3284,208,151372
QAP,3285,208,151419
QAP,3286,208,151467
QAP,3287,208,151514
QAP,3288,208,151561
QAP,3289,208,151608
QAP,3290,208,151655
QAP,3291,208,151702
QAP,3292,208,151750
QAP,3293,208,151781
QAP,3294,208,151828
QAP,3295,208,151876
QAP,3296,208,151923
QAP,3297,208,151970
QAP,3298,208,152017
QAP,3299,208,152064
QAP,3300,208,152111
QAP,3301,208,152158
QAP,3302,208,152205
QAP,3303,208,152252
QAP,3304,208,152300
QAP,3305,208,152347
QAP,3306,208,152394
QAP,3307,208,152425
QAP,3308,208,152473
QAP,3309,208,152520
QAP,3310,208,152567
QAP,3311,208,152614
QAP,3312,208,152661
QAP,3313,208,152709
QAP,3314,208,152756
QAP,3315,208,152803
QAP,3316,208,152850
QAP,3317,208,152897
QAP,3318,208,152945
QAP,3319,208,152992
QAP,3320,208,153023
QAP,3321,208,153070
QAP,3322,208,153117
QAP,3323,208,153164
QAP,3324,208,153211
QAP,3325,208,153259
QAP,3326,208,153306
QAP,3327,208,153353
QAP,3328,208,153400
QAP,3329,208,153447
QAP,3330,208,153494
QAP,3331,208,153541
QAP,3332,208,153589
QAP,3333,208,153620
QAP,3334,208,153667
QAP,3335,208,153714
QAP,3336,208,153761
QAP,3337,208,153817
QAP,3338,208,153856
QAP,3339,208,153903
QAP,3340,208,153950
QAP,3341,208,153997
QAP,3342,208,154044
QAP,3343,208,154091
QAP,3344,208,154138
QAP,3345,208,154185
QAP,3346,208,154232
QAP,3347,208,154263
QAP,3348,208,154311
QAP,3349,208,154358
QAP,3350,208,154405
QAP,3351,208,154452
QAP,3352,208,154499
QAP,3353,208,154546
QAP,3354,208,154593
QAP,3355,208,154640
QAP,3356,208,154687
QAP,3357,208,154734
QAP,3358,208,154782
QAP,3359,208,154829
QAP,3360,208,154876
QAP,3361,208,154907
QAP,3362,208,154955
QAP,3363,208,155002
QAP,3364,208,155049
QAP,3365,208,155096
QAP,3366,208,155143
QAP,3367,208,155190
QAP,3368,208,155237
QAP,3369,208,155284
QAP,3370,208,155332
QAP,3371,208,155379
QAP,3372,208,155426
QAP,3373,208,155473
QAP,3374,208,155520
QAP,3375,208,155552
QAP,3376,208,155599
QAP,3377,208,155646
QAP,3378,208,155693
QAP,3379,208,155740
QAP,3380,208,155787
QAP,3381,208,155834
QAP,3382,208,155881
QAP,3383,208,155929
QAP,3384,208,155976
QAP,3385,208,156023
QAP,3386,208,156070
QAP,3387,208,156101
QAP,3388,208,156148
QAP,3389,208,156195
QAP,3390,208,156242
QAP,3391,208,156289
QAP,3392,208,156337
QAP,3393,208,156384
QAP,3394,208,156431
QAP,3395,208,156478
QAP,3396,208,156528
QAP,3397,208,156572
QAP,3398,208,156620
QAP,3399,208,156651
QAP,3400,208,156698
QAP,3401,208,156745
QAP,3402,208,156792
QAP,3403,208,156839
QAP,3404,208,156886
QAP,3405,208,156933
QAP,3406,208,156980
QAP,3407,208,157027
QAP,3408,208,157075
QAP,3409,208,157122
QAP,3410,208,157169
QAP,3411,208,157200
QAP,3412,208,157248
QAP,3413,208,157295
QAP,3414,208,157342
QAP,3415,208,157389
QAP,3416,208,157436
QAP,3417,208,157483
QAP,3418,208,157530
QAP,3419,208,157577
QAP,3420,208,157624
QAP,3421,208,157671
QAP,3422,208,157718
QAP,3423,208,157766
QAP,3424,208,157797
QAP,3425,208,157844
QAP,3426,208,157891
QAP,3427,208,157938
QAP,3428,208,157985
QAP,3429,208,158033
QAP,3430,208,158080
QAP,3431,208,158127
QAP,3432,208,158174
QAP,3433,208,158221
QAP,3434,208,158268
QAP,3435,208,158315
QAP,3436,208,158362
QAP,3437,208,158393
QAP,3438,208,158441
QAP,3439,208,158488
QAP,3440,208,158535
QAP,3441,208,158582
QAP,3442,208,158629
QAP,3443,208,158676
QAP,3444,208,158723
QAP,3445,208,158770
QAP,3446,208,158818
QAP,3447,208,158865
QAP,3448,208,158912
QAP,3449,208,158959
QAP,3450,208,159006
QAP,3451,208,159054
QAP,3452,208,159085
QAP,3453,208,159132
QAP,3454,208,159179
QAP,3455,208,159226
QAP,3456,208,159274
QAP,3457,208,159321
QAP,3458,208,159368
QAP,3459,208,159415
QAP,3460,208,159462
QAP,3461,208,159509
QAP,3462,208,159556
QAP,3463,208,159604
QAP,3464,208,159651
QAP,3465,208,159698
QAP,3466,208,159730
QAP,3467,208,159777
QAP,3468,208,159824
QAP,3469,208,159871
QAP,3470,208,159918
QAP,3471,208,159965
QAP,3472,208,160012
QAP,3473,208,160059
QAP,3474,208,160106
QAP,3475,208,160154
QAP,3476,208,160201
QAP,3477,208,160248
QAP,3478,208,160279
QAP,3479,208,160326
QAP,3480,208,160373
QAP,3481,208,160420
QAP,3482,208,160467
QAP,3483,208,160514
QAP,3484,208,160562
QAP,3485,208,160609
QAP,3486,208,160656
QAP,3487,208,160703
QAP,3488,208,160750
QAP,3489,208,160797
QAP,3490,208,160844
QAP,3491,208,160876
QAP,3492,208,160923
QAP,3493,208,160970
QAP,3494,208,161017
QAP,3495,208,161065
QAP,3496,208,161112
QAP,3497,208,161159
QAP,3498,208,161206
QAP,3499,208,161253
QAP,3500,208,161300
QAP,3501,208,161347
QAP,3502,208,161394
QAP,3503,208,161425
QAP,3504,208,161473
QAP,3505,208,161520
QAP,3506,208,161567
QAP,3507,208,161614
QAP,3508,208,161661
QAP,3509,208,161708
QAP,3510,208,161756
QAP,3511,208,161803
QAP,3512,208,161850
QAP,3513,208,161897
QAP,3514,208,161944
QAP,3515,208,161991
QAP,3516,208,162023
QAP,3517,208,162070
QAP,3518,208,162117
QAP,3519,208,162164
QAP,3520,208,162211
QAP,3521,208,162258
QAP,3522,208,162305
QAP,3523,208,162353
QAP,3524,208,162400
QAP,3525,208,162447
QAP,3526,208,162494
QAP,3527,208,162541
QAP,3528,208,162588
QAP,3529,208,162620
QAP,3530,208,162667
QAP,3531,208,162714
QAP,3532,208,162761
QAP,3533,208,162808
QAP,3534,208,162855
QAP,3535,208,162902
QAP,3536,208,162949
QAP,3537,208,162996
QAP,3538,208,163043
QAP,3539,208,163090
QAP,3540,208,163137
QAP,3541,208,163169
QAP,3542,208,163216
QAP,3543,208,163263
QAP,3544,208,163310
QAP,3545,208,163357
QAP,3546,208,163404
QAP,3547,208,163451
QAP,3548,208,163498
QAP,3549,208,163546
QAP,3550,208,163593
QAP,3551,208,163640
QAP,3552,208,163687
QAP,3553,208,163718
QAP,3554,208,163765
QAP,3555,208,163812
QAP,3556,208,163859
QAP,3557,208,163906
QAP,3558,208,163953
QAP,3559,208,164001
QAP,3560,208,164048
QAP,3561,208,164095
QAP,3562,208,164142
QAP,3563,208,164189
QAP,3564,208,164236
QAP,3565,208,164283
QAP,3566,208,164315
QAP,3567,208,164362
QAP,3568,208,164409
QAP,3569,208,164456
QAP,3570,208,164503
QAP,3571,208,164550
QAP,3572,208,164597
QAP,3573,208,164645
QAP,3574,208,164692
QAP,3575,208,164739
QAP,3576,208,164786
QAP,3577,208,164833
QAP,3578,208,164880
QAP,3579,208,164927
QAP,3580,208,164959
QAP,3581,208,165006
QAP,3582,208,165053
QAP,3583,208,165100
QAP,3584,208,165147
QAP,3585,208,165194
QAP,3586,208,165241
QAP,3587,208,165288
QAP,3588,208,165335
QAP,3589,208,165383
QAP,3590,208,165430
QAP,3591,208,165461
QAP,3592,208,165513
QAP,3593,208,165555
QAP,3594,208,165602
QAP,3595,208,165650
QAP,3596,208,165697
QAP,3597,208,165744
QAP,3598,208,165791
QAP,3599,208,165838
QAP,3600,208,165885
QAP,3601,208,165932
QAP,3602,208,165979
QAP,3603,208,166026
QAP,3604,208,166075
QAP,3605,208,166121
QAP,3606,208,166168
QAP,3607,208,166199
QAP,3608,208,166246
QAP,3609,208,166293
QAP,3610,208,166341
QAP,3611,208,166388
QAP,3612,208,166435
QAP,3613,208,166482
QAP,3614,208,166529
QAP,3615,208,166576
QAP,3616,208,166623
QAP,3617,208,166670
QAP,3618,208,166718
QAP,3619,208,166765
QAP,3620,208,166796
QAP,3621,208,166843
QAP,3622,208,166890
QAP,3623,208,166937
QAP,3624,208,166984
QAP,3625,208,167031
QAP,3626,208,167078
QAP,3627,208,167125
QAP,3628,208,167172
QAP,3629,208,167220
QAP,3630,208,167267
QAP,3631,208,167314
QAP,3632,208,167361
QAP,3633,208,167392
QAP,3634,208,167448
QAP,3635,208,167487
QAP,3636,208,167534
QAP,3637,208,167581
QAP,3638,208,167628
QAP,3639,208,167675
QAP,3640,208,167722
QAP,3641,208,167769
QAP,3642,208,167817
QAP,3643,208,167864
QAP,3644,208,167911
QAP,3645,208,167958
QAP,3646,208,168005
QAP,3647,208,168052
QAP,3648,208,168099
QAP,3649,208,168147
QAP,3650,208,168178
QAP,3651,208,168225
QAP,3652,208,168272
QAP,3653,208,168320
QAP,3654,208,168367
QAP,3655,208,168414
QAP,3656,208,168461
QAP,3657,208,168508
QAP,3658,208,168555
QAP,3659,208,168602
QAP,3660,208,168649
QAP,3661,208,168696
QAP,3662,208,168743
QAP,3663,208,168796
QAP,3664,208,168837
QAP,3665,208,168884
QAP,3666,208,168931
QAP,3667,208,168978
QAP,3668,208,169026
QAP,3669,208,169073
QAP,3670,208,169120
QAP,3671,208,169167
QAP,3672,208,169214
QAP,3673,208,169245
QAP,3674,208,169292
QAP,3675,208,169339
QAP,3676,208,169386
QAP,3677,208,169434
QAP,3678,208,169481
QAP,3679,208,169528
QAP,3680,208,169575
QAP,3681,208,169622
QAP,3682,208,169669
QAP,3683,208,169717
QAP,3684,208,169764
QAP,3685,208,169811
QAP,3686,208,169858
QAP,3687,208,169905
QAP,3688,208,169936
QAP,3689,208,169983
QAP,3690,208,170030
QAP,3691,208,170077
QAP,3692,208,170124
QAP,3693,208,170172
QAP,3694,208,170219
QAP,3695,208,170266
QAP,3696,208,170313
QAP,3697,208,170360
QAP,3698,208,170407
QAP,3699,208,170454
QAP,3700,208,170501
QAP,3701,208,170548
QAP,3702,208,170595
QAP,3703,208,170643
QAP,3704,208,170690
QAP,3705,208,170721
QAP,3706,208,170768
QAP,3707,208,170815
QAP,3708,208,170862
QAP,3709,208,170909
QAP,3710,208,170957
QAP,3711,208,171004
QAP,3712,208,171051
QAP,3713,208,171098
QAP,3714,208,171145
QAP,3715,208,171192
QAP,3716,208,171239
QAP,3717,208,171287
QAP,3718,208,171334
QAP,3719,208,171381
QAP,3720,208,171428
QAP,3721,208,171459
QAP,3722,208,171506
QAP,3723,208,171554
QAP,3724,208,171601
QAP,3725,208,171648
QAP,3726,208,171695
QAP,3727,208,171742
QAP,3728,208,171789
QAP,3729,208,171836
QAP,3730,208,171883
QAP,3731,208,171931
QAP,3732,208,171978
QAP,3733,208,172025
QAP,3734,208,172072
QAP,3735,208,172119
QAP,3736,208,172166
QAP,3737,208,172213
QAP,3738,208,172260
QAP,3739,208,172292
QAP,3740,208,172339
QAP,3741,208,172386
QAP,3742,208,172433
QAP,3743,208,172480
QAP,3744,208,172528
QAP,3745,208,172575
QAP,3746,208,172622
QAP,3747,208,172669
QAP,3748,208,172716
QAP,3749,208,172763
QAP,3750,208,172817
QAP,3751,208,172857
QAP,3752,208,172904
QAP,3753,208,172951
QAP,3754,208,172998
QAP,3755,208,173045
QAP,3756,208,173093
QAP,3757,208,173140
QAP,3758,208,173187
QAP,3759,208,173234
QAP,3760,208,173281
QAP,3761,208,173328
QAP,3762,208,173375
QAP,3763,208,173407
QAP,3764,208,173454
QAP,3765,208,173501
QAP,3766,208,173548
QAP,3767,208,173595
QAP,3768,208,173642
QAP,3769,208,173689
QAP,3770,208,173737
QAP,3771,208,173784
QAP,3772,208,173831
QAP,3773,208,173878
QAP,3774,208,173925
QAP,3775,208,173972
QAP,3776,208,174019
QAP,3777,208,174066
QAP,3778,208,174097
QAP,3779,208,174144
QAP,3780,208,174192
QAP,3781,208,174239
QAP,3782,208,174286
QAP,3783,208,174333
QAP,3784,208,174380
QAP,3785,208,174427
QAP,3786,208,174474
QAP,3787,208,174521
QAP,3788,208,174568
QAP,3789,208,174615
QAP,3790,208,174662
QAP,3791,208,174709
QAP,3792,208,174757
QAP,3793,208,174804
QAP,3794,208,174835
QAP,3795,208,174882
QAP,3796,208,174930
QAP,3797,208,174977
QAP,3798,208,175024
QAP,3799,208,175071
QAP,3800,208,175118
QAP,3801,208,175165
QAP,3802,208,175213
QAP,3803,208,175260
QAP,3804,208,175307
QAP,3805,208,175354
QAP,3806,208,175385
QAP,3807,208,175432
QAP,3808,208,175479
QAP,3809,208,175526
QAP,3810,208,175573
QAP,3811,208,175621
QAP,3812,208,175668
QAP,3813,208,175715
QAP,3814,208,175762
QAP,3815,208,175809
QAP,3816,208,175856
QAP,3817,208,175903
QAP,3818,208,175950
QAP,3819,208,175997
QAP,3820,208,176029
QAP,3821,208,176076
QAP,3822,208,176123
QAP,3823,208,176170
QAP,3824,208,176217
QAP,3825,208,176264
QAP,3826,208,176312
QAP,3827,208,176359
QAP,3828,208,176406
QAP,3829,208,176453
QAP,3830,208,176500
QAP,3831,208,176547
QAP,3832,208,176594
QAP,3833,208,176641
QAP,3834,208,176673
QAP,3835,208,176720
QAP,3836,208,176767
QAP,3837,208,176814
QAP,3838,208,176861
QAP,3839,208,176908
QAP,3840,208,176956
QAP,3841,208,177003
QAP,3842,208,177050
QAP,3843,208,177097
QAP,3844,208,177144
QAP,3845,208,177191
QAP,3846,208,177223
QAP,3847,208,177270
QAP,3848,208,177317
QAP,3849,208,177364
QAP,3850,208,177411
QAP,3851,208,177458
QAP,3852,208,177506
QAP,3853,208,177553
QAP,3854,208,177600
QAP,3855,208,177647
QAP,3856,208,177694
QAP,3857,208,177741
QAP,3858,208,177773
QAP,3859,208,177828
QAP,3860,208,177867
QAP,3861,208,177914
QAP,3862,208,177961
QAP,3863,208,178008
QAP,3864,208,178055
QAP,3865,208,178102
QAP,3866,208,178150
QAP,3867,208,178197
QAP,3868,208,178244
QAP,3869,208,178291
QAP,3870,208,178322
QAP,3871,208,178369
QAP,3872,208,178416
QAP,3873,208,178464
QAP,3874,208,178511
QAP,3875,208,178558
QAP,3876,208,178605
QAP,3877,208,178652
QAP,3878,208,178699
QAP,3879,208,178746
QAP,3880,208,178793
QAP,3881,208,178840
QAP,3882,208,178888
QAP,3883,208,178919
QAP,3884,208,178966
QAP,3885,208,179013
QAP,3886,208,179060
QAP,3887,208,179108
QAP,3888,208,179155
QAP,3889,208,179202
QAP,3890,208,179249
QAP,3891,208,179296
QAP,3892,208,179343
QAP,3893,208,179374
QAP,3894,208,179422
QAP,3895,208,179469
QAP,3896,208,179516
QAP,3897,208,179563
QAP,3898,208,179610
QAP,3899,208,179657
QAP,3900,208,179709
QAP,3901,208,179752
QAP,3902,208,179799
QAP,3903,208,179846
QAP,3904,208,179877
QAP,3905,208,179924
QAP,3906,208,179972
QAP,3907,208,180019
QAP,3908,208,180066
QAP,3909,208,180113
QAP,3910,208,180160
QAP,3911,208,180207
QAP,3912,208,180254
QAP,3913,208,180301
QAP,3914,208,180349
QAP,3915,208,180380
QAP,3916,208,180427
QAP,3917,208,180474
QAP,3918,208,180522
QAP,3919,208,180569
QAP,3920,208,180616
QAP,3921,208,180663
QAP,3922,208,180710
QAP,3923,208,180757
QAP,3924,208,180804
QAP,3925,208,180852
QAP,3926,208,180899
QAP,3927,208,180946
QAP,3928,208,180977
QAP,3929,208,181025
QAP,3930,208,181080
QAP,3931,208,181119
QAP,3932,208,181166
QAP,3933,208,181213
QAP,3934,208,181260
QAP,3935,208,181307
QAP,3936,208,181354
QAP,3937,208,181402
QAP,3938,208,181449
QAP,3939,208,181496
QAP,3940,208,181543
QAP,3941,208,181590
QAP,3942,208,181622
QAP,3943,208,181669
QAP,3944,208,181716
QAP,3945,208,181763
QAP,3946,208,181810
QAP,3947,208,181858
QAP,3948,208,181905
QAP,3949,208,181952
QAP,3950,208,181999
QAP,3951,208,182046
QAP,3952,208,182093
QAP,3953,208,182141
QAP,3954,208,182188
QAP,3955,208,182235
QAP,3956,208,182266
QAP,3957,208,182313
QAP,3958,208,182361
QAP,3959,208,182408
QAP,3960,208,182455
QAP,3961,208,182502
QAP,3962,208,182549
QAP,3963,208,182597
QAP,3964,208,182644
QAP,3965,208,182691
QAP,3966,208,182738
QAP,3967,208,182785
QAP,3968,208,182833
QAP,3969,208,182879
QAP,3970,208,182910
QAP,3971,208,182957
QAP,3972,208,183004
QAP,3973,208,183051
QAP,3974,208,183099
QAP,3975,208,183146
QAP,3976,208,183193
QAP,3977,208,183240
QAP,3978,208,183287
QAP,3979,208,183334
QAP,3980,208,183381
QAP,3981,208,183428
QAP,3982,208,183460
QAP,3983,208,183507
QAP,3984,208,183554
QAP,3985,208,183601
QAP,3986,208,183648
QAP,3987,208,183695
QAP,3988,208,183742
QAP,3989,208,183797
QAP,3990,208,183836
QAP,3991,208,183883
QAP,3992,208,183930
QAP,3993,208,183978
QAP,3994,208,184025
QAP,3995,208,184056
QAP,3996,208,184103
QAP,3997,208,184150
QAP,3998,208,184197
QAP,3999,208,184245
QAP,4000,208,184292
QAP,4001,208,184339
QAP,4002,208,184386
QAP,4003,208,184433
QAP,4004,208,184480
QAP,4005,208,184527
QAP,4006,208,184575
QAP,4007,208,184621
QAP,4008,208,184669
QAP,4009,208,184716
QAP,4010,208,184763
QAP,4011,208,184795
QAP,4012,208,184842
QAP,4013,208,184889
QAP,4014,208,184936
QAP,4015,208,184983
QAP,4016,208,185030
QAP,4017,208,185077
QAP,4018,208,185124
QAP,4019,208,185171
QAP,4020,208,185218
QAP,4021,208,185265
QAP,4022,208,185313
QAP,4023,208,185360
QAP,4024,208,185391
QAP,4025,208,185438
QAP,4026,208,185486
QAP,4027,208,185533
QAP,4028,208,185580
QAP,4029,208,185627
QAP,4030,208,185674
QAP,4031,208,185721
QAP,4032,208,185768
QAP,4033,208,185815
QAP,4034,208,185863
QAP,4035,208,185909
QAP,4036,208,185957
QAP,4037,208,186004
QAP,4038,208,186035
QAP,4039,208,186082
QAP,4040,208,186129
QAP,4041,208,186177
QAP,4042,208,186224
QAP,4043,208,186271
QAP,4044,208,186318
QAP,4045,208,186365
QAP,4046,208,186412
QAP,4047,208,186459
QAP,4048,208,186506
QAP,4049,208,186553
QAP,4050,208,186600
QAP,4051,208,186647
QAP,4052,208,186679
QAP,4053,208,186726
QAP,4054,208,186773
QAP,4055,208,186820
QAP,4056,208,186867
QAP,4057,208,186914
QAP,4058,208,186961
QAP,4059,208,187008
QAP,4060,208,187056
QAP,4061,208,187103
QAP,4062,208,187150
QAP,4063,208,187197
QAP,4064,208,187244
QAP,4065,208,187276
QAP,4066,208,187323
QAP,4067,208,187370
QAP,4068,208,187417
QAP,4069,208,187464
QAP,4070,208,187512
QAP,4071,208,187559
QAP,4072,208,187606
QAP,4073,208,187653
QAP,4074,208,187700
QAP,4075,208,187747
QAP,4076,208,187794
QAP,4077,208,187842
QAP,4078,208,187888
QAP,4079,208,187920
QAP,4080,208,187967
QAP,4081,208,188014
QAP,4082,208,188061
QAP,4083,208,188108
QAP,4084,208,188155
QAP,4085,208,188202
QAP,4086,208,188249
QAP,4087,208,188296
QAP,4088,208,188344
QAP,4089,208,188391
QAP,4090,208,188438
QAP,4091,208,188485
QAP,4092,208,188532
QAP,4093,208,188579
QAP,4094,208,188611
QAP,4095,208,188658
QAP,4096,208,188705
QAP,4097,208,188752
QAP,4098,208,188799
QAP,4099,208,188846
QAP,4100,208,188893
QAP,4101,208,188941
QAP,4102,208,188988
QAP,4103,208,189035
QAP,4104,208,189082
QAP,4105,208,189129
QAP,4106,208,189176
QAP,4107,208,189223
QAP,4108,208,189270
QAP,4109,208,189318
QAP,4110,208,189365
QAP,4111,208,189412
QAP,4112,208,189443
QAP,4113,208,189490
QAP,4114,208,189553
QAP,4115,208,189585
QAP,4116,208,189632
QAP,4117,208,189679
QAP,4118,208,189726
QAP,4119,208,189773
QAP,4120,208,189820
QAP,4121,208,189867
QAP,4122,208,189914
QAP,4123,208,189961
QAP,4124,208,190008
QAP,4125,208,190055
QAP,4126,208,190102
QAP,4127,208,190134
QAP,4128,208,190181
QAP,4129,208,190228
QAP,4130,208,190275
QAP,4131,208,190322
QAP,4132,208,190369
QAP,4133,208,190416
QAP,4134,208,190463
QAP,4135,208,190510
QAP,4136,208,190558
QAP,4137,208,190609
QAP,4138,208,190652
QAP,4139,208,190699
QAP,4140,208,190746
QAP,4141,208,190793
QAP,4142,208,190824
QAP,4143,208,190872
QAP,4144,208,190919
QAP,4145,208,190966
QAP,4146,208,191013
QAP,4147,208,191060
QAP,4148,208,191107
QAP,4149,208,191154
QAP,4150,208,191201
QAP,4151,208,191248
QAP,4152,208,191300
QAP,4153,208,191345
QAP,4154,208,191392
QAP,4155,208,191438
QAP,4156,208,191483
QAP,4157,208,191532
QAP,4158,208,191577
QAP,4159,208,191623
QAP,4160,208,191669
QAP,4161,208,191716
QAP,4162,208,191762
QAP,4163,208,191808
QAP,4164,208,191856
QAP,4165,208,191902
QAP,4166,208,191948
QAP,4167,208,191994
QAP,4168,208,192039
QAP,4169,208,192087
QAP,4170,208,192134
QAP,4171,208,192182
QAP,4172,208,192227
QAP,4173,208,192273
QAP,4174,208,192320
QAP,4175,208,192367
QAP,4176,208,192413
QAP,4177,208,192460
QAP,4178,208,192508
QAP,4179,208,192555
QAP,4180,208,192601
QAP,4181,208,192649
QAP,4182,208,192695
QAP,4183,208,192741
QAP,4184,208,192788
QAP,4185,208,192833
QAP,4186,208,192881
QAP,4187,208,192926
QAP,4188,208,192972
QAP,4189,208,193018
QAP,4190,208,193064
QAP,4191,208,193112
QAP,4192,208,193159
QAP,4193,208,193203
QAP,4194,208,193248
QAP,4195,208,193297
QAP,4196,208,193343
QAP,4197,208,193389
QAP,4198,208,193434
QAP,4199,208,193480
QAP,4200,208,193526
QAP,4201,208,193574
QAP,4202,208,193620
QAP,4203,208,193668
QAP,4204,208,193713
QAP,4205,208,193759
QAP,4206,208,193805
QAP,4207,208,193851
QAP,4208,208,193899
QAP,4209,208,193945
QAP,4210,208,193993
QAP,4211,208,194038
QAP,4212,208,194085
QAP,4213,208,194131
QAP,4214,208,194177
QAP,4215,208,194223
QAP,4216,208,194268
QAP,4217,208,194316
QAP,4218,208,194361
QAP,4219,208,194408
QAP,4220,208,194454
QAP,4221,208,194500
QAP,4222,208,194548
QAP,4223,208,194596
QAP,4224,208,194641
QAP,4225,208,194686
QAP,4226,208,194733
QAP,4227,208,194779
QAP,4228,208,194825
QAP,4229,208,194873
QAP,4230,208,194918
QAP,4231,208,194966
QAP,4232,208,195013
QAP,4233,208,195060
QAP,4234,208,195106
QAP,4235,208,195152
QAP,4236,208,195197
QAP,4237,208,195244
QAP,4238,208,195288
QAP,4239,208,195336
QAP,4240,208,195382
QAP,4241,208,195430
QAP,4242,208,195477
QAP,4243,208,195525
QAP,4244,208,195572
QAP,4245,208,195616
QAP,4246,208,195662
QAP,4247,208,195708
QAP,4248,208,195754
QAP,4249,208,195798
QAP,4250,208,195846
QAP,4251,208,195891
QAP,4252,208,195939
QAP,4253,208,195985
QAP,4254,208,196030
QAP,4255,208,196077
QAP,4256,208,196123
QAP,4257,208,196170
QAP,4258,208,196217
QAP,4259,208,196263
QAP,4260,208,196309
QAP,4261,208,196356
QAP,4262,208,196402
QAP,4263,208,196447
QAP,4264,208,196495
QAP,4265,208,196541
QAP,4266,208,196588
QAP,4267,208,196634
QAP,4268,208,196680
QAP,4269,208,196727
QAP,4270,208,196774
QAP,4271,208,196821
QAP,4272,208,196868
QAP,4273,208,196915
QAP,4274,208,196958
QAP,4275,208,197005
QAP,4276,208,197050
QAP,4277,208,197097
QAP,4278,208,197143
QAP,4279,208,197190
QAP,4280,208,197236
QAP,4281,208,197281
QAP,4282,208,197327
QAP,4283,208,197374
QAP,4284,208,197422
QAP,4285,208,197469
QAP,4286,208,197516
QAP,4287,208,197563
QAP,4288,208,197610
QAP,4289,208,197658
QAP,4290,208,197704
QAP,4291,208,197749
QAP,4292,208,197795
QAP,4293,208,197842
QAP,4294,208,197888
QAP,4295,208,197935
QAP,4296,208,197983
QAP,4297,208,198014
QAP,4298,208,198061
QAP,4299,208,198108
QAP,4300,208,198155
QAP,4301,208,198202
QAP,4302,208,198249
QAP,4303,208,198296
QAP,4304,208,198343
QAP,4305,208,198391
QAP,4306,208,198437
QAP,4307,208,198486
QAP,4308,208,198532
QAP,4309,208,198579
QAP,4310,208,198626
QAP,4311,208,198673
QAP,4312,208,198720
QAP,4313,208,198767
QAP,4314,208,198814
QAP,4315,208,198861
QAP,4316,208,198909
QAP,4317,208,198956
QAP,4318,208,198987
QAP,4319,208,199034
QAP,4320,208,199081
QAP,4321,208,199129
QAP,4322,208,199176
QAP,4323,208,199223
QAP,4324,208,199270
QAP,4325,208,199317
QAP,4326,208,199364
QAP,4327,208,199411
QAP,4328,208,199458
QAP,4329,208,199506
QAP,4330,208,199553
QAP,4331,208,199600
QAP,4332,208,199647
QAP,4333,208,199694
QAP,4334,208,199741
QAP,4335,208,199788
QAP,4336,208,199835
QAP,4337,208,199882
QAP,4338,208,199930
QAP,4339,208,199961
QAP,4340,208,200024
QAP,4341,208,200055
QAP,4342,208,200102
QAP,4343,208,200157
QAP,4344,208,200197
QAP,4345,208,200244
QAP,4346,208,200291
QAP,4347,208,200338
QAP,4348,208,200386
QAP,4349,208,200433
QAP,4350,208,200480
QAP,4351,208,200527
QAP,4352,208,200574
QAP,4353,208,200621
QAP,4354,208,200668
QAP,4355,208,200715
QAP,4356,208,200762
QAP,4357,208,200809
QAP,4358,208,200856
QAP,4359,208,200903
QAP,4360,208,200950
QAP,4361,208,200982
QAP,4362,208,201029
QAP,4363,208,201076
QAP,4364,208,201123
QAP,4365,208,201170
QAP,4366,208,201217
QAP,4367,208,201265
QAP,4368,208,201312
QAP,4369,208,201359
QAP,4370,208,201406
QAP,4371,208,201453
QAP,4372,208,201500
QAP,4373,208,201547
QAP,4374,208,201594
QAP,4375,208,201641
QAP,4376,208,201688
QAP,4377,208,201736
QAP,4378,208,201783
QAP,4379,208,201830
QAP,4380,208,201877
QAP,4381,208,201908
QAP,4382,208,201955
QAP,4383,208,202002
QAP,4384,208,202049
QAP,4385,208,202096
QAP,4386,208,202144
QAP,4387,208,202191
QAP,4388,208,202238
QAP,4389,208,202285
QAP,4390,208,202332
QAP,4391,208,202379
QAP,4392,208,202426
QAP,4393,208,202473
QAP,4394,208,202520
QAP,4395,208,202567
QAP,4396,208,202615
QAP,4397,208,202662
QAP,4398,208,202709
QAP,4399,208,202756
QAP,4400,208,202803
QAP,4401,208,202850
QAP,4402,208,202897
QAP,4403,208,202944
QAP,4404,208,202991
QAP,4405,208,203023
QAP,4406,208,203070
QAP,4407,208,203117
QAP,4408,208,203164
QAP,4409,208,203211
QAP,4410,208,203258
QAP,4411,208,203305
QAP,4412,208,203352
QAP,4413,208,203399
QAP,4414,208,203446
QAP,4415,208,203493
QAP,4416,208,203540
QAP,4417,208,203588
QAP,4418,208,203635
QAP,4419,208,203682
QAP,4420,208,203729
QAP,4421,208,203776
QAP,4422,208,203807
QAP,4423,208,203855
QAP,4424,208,203902
QAP,4425,208,203949
QAP,4426,208,203996
QAP,4427,208,204043
QAP,4428,208,204090
QAP,4429,208,204137
QAP,4430,208,204184
QAP,4431,208,204232
QAP,4432,208,204279
QAP,4433,208,204310
QAP,4434,208,204357
QAP,4435,208,204404
QAP,4436,208,204451
QAP,4437,208,204501
QAP,4438,208,204546
QAP,4439,208,204593
QAP,4440,208,204640
QAP,4441,208,204687
QAP,4442,208,204734
QAP,4443,208,204781
QAP,4444,208,204828
QAP,4445,208,204875
QAP,4446,208,204922
QAP,4447,208,204954
QAP,4448,208,205001
QAP,4449,208,205048
QAP,4450,208,205095
QAP,4451,208,205142
QAP,4452,208,205190
QAP,4453,208,205237
QAP,4454,208,205284
QAP,4455,208,205331
QAP,4456,208,205378
QAP,4457,208,205425
QAP,4458,208,205456
QAP,4459,208,205504
QAP,4460,208,205551
QAP,4461,208,205606
QAP,4462,208,205645
QAP,4463,208,205692
QAP,4464,208,205739
QAP,4465,208,205786
QAP,4466,208,205833
QAP,4467,208,205880
QAP,4468,208,205927
QAP,4469,208,205974
QAP,4470,208,206021
QAP,4471,208,206053
QAP,4472,208,206100
QAP,4473,208,206147
QAP,4474,208,206194
QAP,4475,208,206242
QAP,4476,208,206289
QAP,4477,208,206336
QAP,4478,208,206383
QAP,4479,208,206430
QAP,4480,208,206477
QAP,4481,208,206524
QAP,4482,208,206571
QAP,4483,208,206619
QAP,4484,208,206650
QAP,4485,208,206697
QAP,4486,208,206745
QAP,4487,208,206792
QAP,4488,208,206839
QAP,4489,208,206886
QAP,4490,208,206933
QAP,4491,208,206980
QAP,4492,208,207027
QAP,4493,208,207074
QAP,4494,208,207121
QAP,4495,208,207168
QAP,4496,208,207200
QAP,4497,208,207247
QAP,4498,208,207294
QAP,4499,208,207341
QAP,4500,208,207388
QAP,4501,208,207436
QAP,4502,208,207483
QAP,4503,208,207530
QAP,4504,208,207577
QAP,4505,208,207624
QAP,4506,208,207671
QAP,4507,208,207718
QAP,4508,208,207765
QAP,4509,208,207797
QAP,4510,208,207844
QAP,4511,208,207900
QAP,4512,208,207938
QAP,4513,208,207985
QAP,4514,208,208032
QAP,4515,208,208079
QAP,4516,208,208127
QAP,4517,208,208174
QAP,4518,208,208221
QAP,4519,208,208268
QAP,4520,208,208315
QAP,4521,208,208362
QAP,4522,208,208393
QAP,4523,208,208441
QAP,4524,208,208488
QAP,4525,208,208535
QAP,4526,208,208582
QAP,4527,208,208629
QAP,4528,208,208676
QAP,4529,208,208723
QAP,4530,208,208771
QAP,4531,208,208818
QAP,4532,208,208865
QAP,4533,208,208912
QAP,4534,208,208959
QAP,4535,208,209006
QAP,4536,208,209038
QAP,4537,208,209085
QAP,4538,208,209132
QAP,4539,208,209179
QAP,4540,208,209226
QAP,4541,208,209273
QAP,4542,208,209320
QAP,4543,208,209367
QAP,4544,208,209415
QAP,4545,208,209462
QAP,4546,208,209509
QAP,4547,208,209556
QAP,4548,208,209603
QAP,4549,208,209650
QAP,4550,208,209681
QAP,4551,208,209728
QAP,4552,208,209775
QAP,4553,208,209822
QAP,4554,208,209870
QAP,4555,208,209917
QAP,4556,208,209964
QAP,4557,208,210011
QAP,4558,208,210058
QAP,4559,208,210105
QAP,4560,208,210153
QAP,4561,208,210184
QAP,4562,208,210231
QAP,4563,208,210278
QAP,4564,208,210325
QAP,4565,208,210372
QAP,4566,208,210420
QAP,4567,208,210467
QAP,4568,208,210514
QAP,4569,208,210561
QAP,4570,208,210608
QAP,4571,208,210655
QAP,4572,208,210702
QAP,4573,208,210749
QAP,4574,208,210781
QAP,4575,208,210828
QAP,4576,208,210875
QAP,4577,208,210922
QAP,4578,208,210969
QAP,4579,208,211016
QAP,4580,208,211063
QAP,4581,208,211110
QAP,4582,208,211157
QAP,4583,208,211204
QAP,4584,208,211251
QAP,4585,208,211283
QAP,4586,208,211330
QAP,4587,208,211377
QAP,4588,208,211424
QAP,4589,208,211471
QAP,4590,208,211518
QAP,4591,208,211565
QAP,4592,208,211612
QAP,4593,208,211659
QAP,4594,208,211707
QAP,4595,208,211754
QAP,4596,208,211801
QAP,4597,208,211848
QAP,4598,208,211895
QAP,4599,208,211927
QAP,4600,208,211974
QAP,4601,208,212021
QAP,4602,208,212068
QAP,4603,208,212115
QAP,4604,208,212162
QAP,4605,208,212209
QAP,4606,208,212256
QAP,4607,208,212303
QAP,4608,208,212351
QAP,4609,208,212398
QAP,4610,208,212445
QAP,4611,208,212476
QAP,4612,208,212523
QAP,4613,208,212570
QAP,4614,208,212617
QAP,4615,208,212665
QAP,4616,208,212712
QAP,4617,208,212759
QAP,4618,208,212806
QAP,4619,208,212853
QAP,4620,208,212906
QAP,4621,208,212948
QAP,4622,208,212995
QAP,4623,208,213042
QAP,4624,208,213089
QAP,4625,208,213136
QAP,4626,208,213167
QAP,4627,208,213214
QAP,4628,208,213261
QAP,4629,208,213308
QAP,4630,208,213355
QAP,4631,208,213402
QAP,4632,208,213449
QAP,4633,208,213497
QAP,4634,208,213544
QAP,4635,208,213591
QAP,4636,208,213638
QAP,4637,208,213685
QAP,4638,208,213732
QAP,4639,208,213787
QAP,4640,208,213826
QAP,4641,208,213873
QAP,4642,208,213920
QAP,4643,208,213967
QAP,4644,208,214015
QAP,4645,208,214062
QAP,4646,208,214109
QAP,4647,208,214156
QAP,4648,208,214203
QAP,4649,208,214250
QAP,4650,208,214281
QAP,4651,208,214328
QAP,4652,208,214375
QAP,4653,208,214423
QAP,4654,208,214470
QAP,4655,208,214517
QAP,4656,208,214564
QAP,4657,208,214611
QAP,4658,208,214658
QAP,4659,208,214705
QAP,4660,208,214752
QAP,4661,208,214799
QAP,4662,208,214846
QAP,4663,208,214893
QAP,4664,208,214940
QAP,4665,208,214987
QAP,4666,208,215034
QAP,4667,208,215081
QAP,4668,208,215128
QAP,4669,208,215176
QAP,4670,208,215223
QAP,4671,208,215270
QAP,4672,208,215317
QAP,4673,208,215364
QAP,4674,208,215411
QAP,4675,208,215458
QAP,4676,208,215505
QAP,4677,208,215552
QAP,4678,208,215599
QAP,4679,208,215646
QAP,4680,208,215693
QAP,4681,208,215740
QAP,4682,208,215787
QAP,4683,208,215818
QAP,4684,208,215881
QAP,4685,208,215912
QAP,4686,208,215959
QAP,4687,208,216006
QAP,4688,208,216053
QAP,4689,208,216100
QAP,4690,208,216147
QAP,4691,208,216194
QAP,4692,208,216241
QAP,4693,208,216288
QAP,4694,208,216335
QAP,4695,208,216382
QAP,4696,208,216429
QAP,4697,208,216476
QAP,4698,208,216524
QAP,4699,208,216571
QAP,4700,208,216618
QAP,4701,208,216665
QAP,4702,208,216712
QAP,4703,208,216759
QAP,4704,208,216806
QAP,4705,208,216853
QAP,4706,208,216900
QAP,4707,208,216947
QAP,4708,208,216994
QAP,4709,208,217041
QAP,4710,208,217088
QAP,4711,208,217135
QAP,4712,208,217166
QAP,4713,208,217213
QAP,4714,208,217260
QAP,4715,208,217307
QAP,4716,208,217354
QAP,4717,208,217401
QAP,4718,208,217448
QAP,4719,208,217495
QAP,4720,208,217542
QAP,4721,208,217589
QAP,4722,208,217636
QAP,4723,208,217683
QAP,4724,208,217730
QAP,4725,208,217777
QAP,4726,208,217808
QAP,4727,208,217855
QAP,4728,208,217903
QAP,4729,208,217950
QAP,4730,208,217997
QAP,4731,208,218044
QAP,4732,208,218091
QAP,4733,208,218138
QAP,4734,208,218185
QAP,4735,208,218232
QAP,4736,208,218279
QAP,4737,208,218326
QAP,4738,208,218373
QAP,4739,208,218420
QAP,4740,208,218451
QAP,4741,208,218498
QAP,4742,208,218546
QAP,4743,208,218593
QAP,4744,208,218640
QAP,4745,208,218687
QAP,4746,208,218734
QAP,4747,208,218781
QAP,4748,208,218828
QAP,4749,208,218875
QAP,4750,208,218922
QAP,4751,208,218969
QAP,4752,208,219016
QAP,4753,208,219063
QAP,4754,208,219110
QAP,4755,208,219157
QAP,4756,208,219204
QAP,4757,208,219251
QAP,4758,208,219298
QAP,4759,208,219345
QAP,4760,208,219392
QAP,4761,208,219423
QAP,4762,208,219470
QAP,4763,208,219517
QAP,4764,208,219564
QAP,4765,208,219611
QAP,4766,208,219658
QAP,4767,208,219705
QAP,4768,208,219752
QAP,4769,208,219799
QAP,4770,208,219846
QAP,4771,208,219893
QAP,4772,208,219940
QAP,4773,208,219987
QAP,4774,208,220034
QAP,4775,208,220081
QAP,4776,208,220128
QAP,4777,208,220175
QAP,4778,208,220222
QAP,4779,208,220269
QAP,4780,208,220316
QAP,4781,208,220363
QAP,4782,208,220410
QAP,4783,208,220457
QAP,4784,208,220504
QAP,4785,208,220552
QAP,4786,208,220602
QAP,4787,208,220646
QAP,4788,208,220692
QAP,4789,208,220739
QAP,4790,208,220786
QAP,4791,208,220833
QAP,4792,208,220880
QAP,4793,208,220927
QAP,4794,208,220974
QAP,4795,208,221006
QAP,4796,208,221053
QAP,4797,208,221100
QAP,4798,208,221147
QAP,4799,208,221194
QAP,4800,208,221241
QAP,4801,208,221288
QAP,4802,208,221335
QAP,4803,208,221382
QAP,4804,208,221429
QAP,4805,208,221476
QAP,4806,208,221523
QAP,4807,208,221570
QAP,4808,208,221617
QAP,4809,208,221664
QAP,4810,208,221711
QAP,4811,208,221758
QAP,4812,208,221805
QAP,4813,208,221852
QAP,4814,208,221899
QAP,4815,208,221946
QAP,4816,208,221994
QAP,4817,208,222041
QAP,4818,208,222088
QAP,4819,208,222135
QAP,4820,208,222182
QAP,4821,208,222229
QAP,4822,208,222276
QAP,4823,208,222323
QAP,4824,208,222370
QAP,4825,208,222417
QAP,4826,208,222464
QAP,4827,208,222495
QAP,4828,208,222558
QAP,4829,208,222589
QAP,4830,208,222636
QAP,4831,208,222683
QAP,4832,208,222730
QAP,4833,208,222777
QAP,4834,208,222824
QAP,4835,208,222871
QAP,4836,208,222918
QAP,4837,208,222966
QAP,4838,208,223013
QAP,4839,208,223060
QAP,4840,208,223107
QAP,4841,208,223154
QAP,4842,208,223201
QAP,4843,208,223248
QAP,4844,208,223295
QAP,4845,208,223342
QAP,4846,208,223389
QAP,4847,208,223436
QAP,4848,208,223483
QAP,4849,208,223530
QAP,4850,208,223578
QAP,4851,208,223625
QAP,4852,208,223671
QAP,4853,208,223718
QAP,4854,208,223750
QAP,4855,208,223797
QAP,4856,208,223844
QAP,4857,208,223891
QAP,4858,208,223938
QAP,4859,208,223985
QAP,4860,208,224032
QAP,4861,208,224079
QAP,4862,208,224126
QAP,4863,208,224173
QAP,4864,208,224220
QAP,4865,208,224267
QAP,4866,208,224314
QAP,4867,208,224361
QAP,4868,208,224408
QAP,4869,208,224455
QAP,4870,208,224502
QAP,4871,208,224549
QAP,4872,208,224596
QAP,4873,208,224643
QAP,4874,208,224690
QAP,4875,208,224722
QAP,4876,208,224769
QAP,4877,208,224816
QAP,4878,208,224863
QAP,4879,208,224910
QAP,4880,208,224957
QAP,4881,208,225004
QAP,4882,208,225051
QAP,4883,208,225098
QAP,4884,208,225145
QAP,4885,208,225192
QAP,4886,208,225239
QAP,4887,208,225286
QAP,4888,208,225333
QAP,4889,208,225380
QAP,4890,208,225427
QAP,4891,208,225474
QAP,4892,208,225521
QAP,4893,208,225568
QAP,4894,208,225615
QAP,4895,208,225662
QAP,4896,208,225693
QAP,4897,208,225740
QAP,4898,208,225787
QAP,4899,208,225834
QAP,4900,208,225881
QAP,4901,208,225928
QAP,4902,208,225975
QAP,4903,208,226023
QAP,4904,208,226070
QAP,4905,208,226117
QAP,4906,208,226164
QAP,4907,208,226211
QAP,4908,208,226258
QAP,4909,208,226305
QAP,4910,208,226352
QAP,4911,208,226399
QAP,4912,208,226446
QAP,4913,208,226493
QAP,4914,208,226540
QAP,4915,208,226587
QAP,4916,208,226634
QAP,4917,208,226681
QAP,4918,208,226728
QAP,4919,208,226775
QAP,4920,208,226822
QAP,4921,208,226853
QAP,4922,208,226900
QAP,4923,208,226947
QAP,4924,208,226994
QAP,4925,208,227041
QAP,4926,208,227088
QAP,4927,208,227135
QAP,4928,208,227182
QAP,4929,208,227229
QAP,4930,208,227276
QAP,4931,208,227323
QAP,4932,208,227370
QAP,4933,208,227425
QAP,4934,208,227465
QAP,4935,208,227512
QAP,4936,208,227559
QAP,4937,208,227606
QAP,4938,208,227653
QAP,4939,208,227700
QAP,4940,208,227747
QAP,4941,208,227794
QAP,4942,208,227841
QAP,4943,208,227888
QAP,4944,208,227935
QAP,4945,208,227966
QAP,4946,208,228013
QAP,4947,208,228060
QAP,4948,208,228107
QAP,4949,208,228154
QAP,4950,208,228201
QAP,4951,208,228248
QAP,4952,208,228303
QAP,4953,208,228342
QAP,4954,208,228389
QAP,4955,208,228437
QAP,4956,208,228484
QAP,4957,208,228531
QAP,4958,208,228578
QAP,4959,208,228625
QAP,4960,208,228672
QAP,4961,208,228719
QAP,4962,208,228751
QAP,4963,208,228798
QAP,4964,208,228845
QAP,4965,208,228892
QAP,4966,208,228939
QAP,4967,208,228986
QAP,4968,208,229033
QAP,4969,208,229080
QAP,4970,208,229127
QAP,4971,208,229174
QAP,4972,208,229221
QAP,4973,208,229269
QAP,4974,208,229300
QAP,4975,208,229347
QAP,4976,208,229394
QAP,4977,208,229441
QAP,4978,208,229488
QAP,4979,208,229536
QAP,4980,208,229583
QAP,4981,208,229630
QAP,4982,208,229677
QAP,4983,208,229724
QAP,4984,208,229771
QAP,4985,208,229818
QAP,4986,208,229865
QAP,4987,208,229896
QAP,4988,208,229943
QAP,4989,208,229990
QAP,4990,208,230038
QAP,4991,208,230085
QAP,4992,208,230140
QAP,4993,208,230179
QAP,4994,208,230226
QAP,4995,208,230273
QAP,4996,208,230321
QAP,4997,208,230368
QAP,4998,208,230415
QAP,4999,208,230446
