Problem,Generation,BestCost,TimeMS
GPP,0,2479,0
GPP,1,2461,119
GPP,2,2453,236
GPP,3,2418,348
GPP,4,2418,466
GPP,5,2418,588
GPP,6,2418,698
GPP,7,2418,823
GPP,8,2418,927
GPP,9,2418,1055
GPP,10,2418,1163
GPP,11,2418,1289
GPP,12,2418,1399
GPP,13,2418,1511
GPP,14,2402,1635
GPP,15,2402,1744
GPP,16,2402,1854
GPP,17,2402,1980
GPP,18,2402,2090
GPP,19,2402,2216
GPP,20,2402,2325
GPP,21,2398,2446
GPP,22,2398,2561
GPP,23,2398,2671
GPP,24,2398,2796
GPP,25,2398,2906
GPP,26,2398,3016
GPP,27,2398,3142
GPP,28,2398,3252
GPP,29,2398,3378
GPP,30,2398,3487
GPP,31,2398,3613
GPP,32,2398,3722
GPP,33,2380,3832
GPP,34,2380,3957
GPP,35,2380,4067
GPP,36,2380,4193
GPP,37,2380,4302
GPP,38,2380,4413
GPP,39,2380,4538
GPP,40,2380,4648
GPP,41,2380,4773
GPP,42,2380,4884
GPP,43,2380,5009
GPP,44,2380,5119
GPP,45,2377,5244
GPP,46,2377,5353
GPP,47,2377,5479
GPP,48,2377,5589
GPP,49,2377,5698
GPP,50,2377,5824
GPP,51,2377,5934
GPP,52,2377,6059
GPP,53,2377,6169
GPP,54,2375,6279
GPP,55,2375,6404
GPP,56,2375,6514
GPP,57,2375,6640
GPP,58,2375,6749
GPP,59,2375,6875
GPP,60,2361,6984
GPP,61,2358,7110
GPP,62,2358,7220
GPP,63,2358,7345
GPP,64,2358,7455
GPP,65,2358,7580
GPP,66,2358,7690
GPP,67,2358,7800
GPP,68,2358,7925
GPP,69,2355,8035
GPP,70,2355,8160
GPP,71,2355,8270
GPP,72,2355,8395
GPP,73,2355,8505
GPP,74,2353,8615
GPP,75,2353,8740
GPP,76,2353,8850
GPP,77,2353,8975
GPP,78,2353,9085
GPP,79,2353,9210
GPP,80,2353,9320
GPP,81,2353,9446
GPP,82,2326,9556
GPP,83,2326,9666
GPP,84,2326,9792
GPP,85,2326,9910
GPP,86,2326,10028
GPP,87,2326,10138
GPP,88,2326,10248
GPP,89,2326,10374
GPP,90,2326,10483
GPP,91,2326,10609
GPP,92,2326,10725
GPP,93,2326,10841
GPP,94,2326,10958
GPP,95,2326,11074
GPP,96,2326,11189
GPP,97,2326,11306
GPP,98,2326,11422
GPP,99,2326,11538
GPP,100,2326,11655
GPP,101,2326,11771
GPP,102,2326,11887
GPP,103,2326,12003
GPP,104,2326,12119
GPP,105,2326,12234
GPP,106,2326,12351
GPP,107,2326,12466
GPP,108,2326,12582
GPP,109,2323,12699
GPP,110,2323,12815
GPP,111,2314,12931
GPP,112,2312,13047
GPP,113,2308,13163
GPP,114,2308,13282
GPP,115,2308,13397
GPP,116,2308,13514
GPP,117,2308,13632
GPP,118,2308,13748
GPP,119,2308,13863
GPP,120,2308,13979
GPP,121,2308,14096
GPP,122,2308,14212
GPP,123,2308,14327
GPP,124,2308,14444
GPP,125,2308,14560
GPP,126,2308,14677
GPP,127,2308,14792
GPP,128,2308,14909
GPP,129,2308,15024
GPP,130,2307,15141
GPP,131,2307,15258
GPP,132,2295,15373
GPP,133,2295,15490
GPP,134,2295,15606
GPP,135,2295,15722
GPP,136,2295,15837
GPP,137,2295,15953
GPP,138,2295,16069
GPP,139,2295,16186
GPP,140,2295,16302
GPP,141,2295,16417
GPP,142,2295,16534
GPP,143,2273,16650
GPP,144,2273,16766
GPP,145,2273,16881
GPP,146,2269,16998
GPP,147,2269,17114
GPP,148,2269,17231
GPP,149,2269,17347
GPP,150,2269,17463
GPP,151,2269,17579
GPP,152,2264,17695
GPP,153,2264,17812
GPP,154,2264,17927
GPP,155,2264,18043
GPP,156,2264,18160
GPP,157,2246,18276
GPP,158,2246,18391
GPP,159,2246,18508
GPP,160,2246,18623
GPP,161,2246,18740
GPP,162,2246,18857
GPP,163,2246,18972
GPP,164,2246,19089
GPP,165,2246,19205
GPP,166,2246,19321
GPP,167,2242,19437
GPP,168,2242,19554
GPP,169,2242,19671
GPP,170,2242,19787
GPP,171,2234,19903
GPP,172,2234,20021
GPP,173,2234,20125
GPP,174,2234,20250
GPP,175,2234,20360
GPP,176,2234,20469
GPP,177,2234,20595
GPP,178,2234,20704
GPP,179,2226,20830
GPP,180,2226,20940
GPP,181,2226,21065
GPP,182,2226,21175
GPP,183,2226,21285
GPP,184,2226,21410
GPP,185,2226,21520
GPP,186,2226,21645
GPP,187,2226,21755
GPP,188,2226,21864
GPP,189,2226,21990
GPP,190,2226,22100
GPP,191,2226,22226
GPP,192,2226,22335
GPP,193,2226,22445
GPP,194,2226,22571
GPP,195,2226,22680
GPP,196,2226,22805
GPP,197,2226,22916
GPP,198,2223,23025
GPP,199,2223,23151
GPP,200,2223,23261
GPP,201,2223,23386
GPP,202,2223,23496
GPP,203,2223,23606
GPP,204,2223,23731
GPP,205,2214,23841
GPP,206,2214,23951
GPP,207,2214,24077
GPP,208,2214,24187
GPP,209,2214,24313
GPP,210,2214,24423
GPP,211,2214,24533
GPP,212,2214,24659
GPP,213,2214,24769
GPP,214,2214,24898
GPP,215,2209,25005
GPP,216,2209,25115
GPP,217,2208,25240
GPP,218,2208,25350
GPP,219,2204,25476
GPP,220,2204,25585
GPP,221,2192,25695
GPP,222,2192,25821
GPP,223,2188,25931
GPP,224,2188,26056
GPP,225,2188,26166
GPP,226,2183,26292
GPP,227,2180,26402
GPP,228,2180,26512
GPP,229,2178,26638
GPP,230,2178,26747
GPP,231,2176,26857
GPP,232,2176,26983
GPP,233,2176,27093
GPP,234,2176,27204
GPP,235,2175,27329
GPP,236,2175,27439
GPP,237,2175,27565
GPP,238,2175,27675
GPP,239,2175,27785
GPP,240,2175,27910
GPP,241,2175,28020
GPP,242,2170,28130
GPP,243,2170,28256
GPP,244,2170,28366
GPP,245,2170,28491
GPP,246,2170,28601
GPP,247,2170,28711
GPP,248,2170,28837
GPP,249,2159,28946
GPP,250,2159,29056
GPP,251,2159,29182
GPP,252,2159,29292
GPP,253,2159,29402
GPP,254,2157,29528
GPP,255,2156,29637
GPP,256,2155,29763
GPP,257,2155,29873
GPP,258,2155,29983
GPP,259,2155,30109
GPP,260,2152,30219
GPP,261,2152,30345
GPP,262,2152,30455
GPP,263,2152,30565
GPP,264,2152,30691
GPP,265,2152,30800
GPP,266,2143,30926
GPP,267,2143,31036
GPP,268,2143,31162
GPP,269,2143,31272
GPP,270,2143,31382
GPP,271,2143,31508
GPP,272,2142,31618
GPP,273,2142,31746
GPP,274,2142,31862
GPP,275,2142,31978
GPP,276,2142,32094
GPP,277,2142,32211
GPP,278,2142,32328
GPP,279,2142,32443
GPP,280,2142,32560
GPP,281,2142,32676
GPP,282,2142,32791
GPP,283,2142,32909
GPP,284,2142,33025
GPP,285,2142,33140
GPP,286,2142,33256
GPP,287,2142,33374
GPP,288,2142,33489
GPP,289,2142,33606
GPP,290,2142,33722
GPP,291,2142,33826
GPP,292,2142,33951
GPP,293,2142,34061
GPP,294,2142,34170
GPP,295,2142,34296
GPP,296,2142,34407
GPP,297,2142,34532
GPP,298,2142,34642
GPP,299,2142,34752
GPP,300,2140,34877
GPP,301,2140,34987
GPP,302,2132,35096
GPP,303,2132,35222
GPP,304,2132,35331
GPP,305,2132,35456
GPP,306,2132,35566
GPP,307,2132,35676
GPP,308,2129,35801
GPP,309,2129,35911
GPP,310,2129,36020
GPP,311,2129,36146
GPP,312,2129,36255
GPP,313,2118,36380
GPP,314,2118,36490
GPP,315,2118,36600
GPP,316,2118,36726
GPP,317,2118,36836
GPP,318,2118,36945
GPP,319,2106,37071
GPP,320,2106,37181
GPP,321,2106,37291
GPP,322,2106,37416
GPP,323,2106,37526
GPP,324,2106,37651
GPP,325,2106,37761
GPP,326,2106,37871
GPP,327,2106,37996
GPP,328,2106,38106
GPP,329,2106,38216
GPP,330,2102,38345
GPP,331,2102,38451
GPP,332,2102,38577
GPP,333,2102,38687
GPP,334,2102,38797
GPP,335,2102,38923
GPP,336,2102,39032
GPP,337,2102,39142
GPP,338,2102,39268
GPP,339,2102,39378
GPP,340,2102,39504
GPP,341,2102,39614
GPP,342,2102,39724
GPP,343,2100,39850
GPP,344,2100,39960
GPP,345,2100,40069
GPP,346,2100,40195
GPP,347,2100,40305
GPP,348,2100,40430
GPP,349,2100,40540
GPP,350,2100,40650
GPP,351,2100,40776
GPP,352,2100,40886
GPP,353,2100,40996
GPP,354,2100,41122
GPP,355,2096,41232
GPP,356,2096,41357
GPP,357,2096,41467
GPP,358,2096,41577
GPP,359,2096,41703
GPP,360,2068,41813
GPP,361,2068,41923
GPP,362,2068,42049
GPP,363,2068,42158
GPP,364,2068,42280
GPP,365,2068,42395
GPP,366,2068,42505
GPP,367,2068,42627
GPP,368,2068,42742
GPP,369,2068,42858
GPP,370,2067,42974
GPP,371,2067,43075
GPP,372,2067,43201
GPP,373,2067,43311
GPP,374,2067,43421
GPP,375,2067,43547
GPP,376,2067,43657
GPP,377,2067,43767
GPP,378,2067,43893
GPP,379,2067,44003
GPP,380,2067,44112
GPP,381,2067,44238
GPP,382,2067,44348
GPP,383,2067,44474
GPP,384,2067,44584
GPP,385,2067,44694
GPP,386,2067,44819
GPP,387,2067,44929
GPP,388,2067,45039
GPP,389,2067,45165
GPP,390,2060,45275
GPP,391,2060,45401
GPP,392,2060,45510
GPP,393,2060,45620
GPP,394,2060,45746
GPP,395,2060,45856
GPP,396,2060,45966
GPP,397,2060,46092
GPP,398,2060,46202
GPP,399,2060,46328
GPP,400,2060,46437
GPP,401,2060,46563
GPP,402,2060,46673
GPP,403,2060,46783
GPP,404,2056,46909
GPP,405,2056,47019
GPP,406,2049,47129
GPP,407,2049,47259
GPP,408,2049,47375
GPP,409,2049,47492
GPP,410,2049,47609
GPP,411,2049,47725
GPP,412,2042,47839
GPP,413,2042,47958
GPP,414,2042,48073
GPP,415,2042,48189
GPP,416,2042,48301
GPP,417,2032,48412
GPP,418,2032,48522
GPP,419,2032,48647
GPP,420,2032,48757
GPP,421,2032,48883
GPP,422,2032,48993
GPP,423,2032,49103
GPP,424,2032,49228
GPP,425,2032,49338
GPP,426,2032,49448
GPP,427,2032,49574
GPP,428,2032,49684
GPP,429,2032,49794
GPP,430,2032,49920
GPP,431,2032,50030
GPP,432,2032,50140
GPP,433,2032,50265
GPP,434,2032,50375
GPP,435,2032,50485
GPP,436,2032,50611
GPP,437,2020,50721
GPP,438,2020,50831
GPP,439,2020,50956
GPP,440,2020,51066
GPP,441,2020,51192
GPP,442,2020,51302
GPP,443,2020,51412
GPP,444,2020,51538
GPP,445,2020,51648
GPP,446,2020,51758
GPP,447,2020,51884
GPP,448,2020,51994
GPP,449,2020,52104
GPP,450,2020,52229
GPP,451,2020,52340
GPP,452,2020,52450
GPP,453,2016,52575
GPP,454,2016,52685
GPP,455,2016,52811
GPP,456,2014,52925
GPP,457,2014,53041
GPP,458,2014,53157
GPP,459,2014,53273
GPP,460,2014,53388
GPP,461,2014,53490
GPP,462,2014,53616
GPP,463,2014,53726
GPP,464,2014,53851
GPP,465,2009,53962
GPP,466,2009,54071
GPP,467,2009,54197
GPP,468,2009,54307
GPP,469,2009,54417
GPP,470,2009,54543
GPP,471,2009,54653
GPP,472,2009,54763
GPP,473,2009,54891
GPP,474,2009,54999
GPP,475,2009,55108
GPP,476,2008,55234
GPP,477,2008,55344
GPP,478,2008,55454
GPP,479,2008,55580
GPP,480,2008,55689
GPP,481,2008,55799
GPP,482,2008,55925
GPP,483,2006,56035
GPP,484,2006,56145
GPP,485,2006,56271
GPP,486,2006,56381
GPP,487,2006,56491
GPP,488,2006,56617
GPP,489,2006,56727
GPP,490,2006,56837
GPP,491,2006,56962
GPP,492,2004,57072
GPP,493,1996,57182
GPP,494,1996,57308
GPP,495,1996,57418
GPP,496,1996,57532
GPP,497,1996,57654
GPP,498,1996,57764
GPP,499,1996,57874
GPP,500,1990,57999
GPP,501,1983,58109
GPP,502,1983,58219
GPP,503,1983,58345
GPP,504,1983,58454
GPP,505,1980,58564
GPP,506,1980,58690
GPP,507,1980,58800
GPP,508,1980,58910
GPP,509,1980,59036
GPP,510,1980,59146
GPP,511,1980,59256
GPP,512,1980,59382
GPP,513,1980,59492
GPP,514,1980,59602
GPP,515,1980,59728
GPP,516,1980,59838
GPP,517,1980,59948
GPP,518,1980,60073
GPP,519,1980,60183
GPP,520,1980,60309
GPP,521,1980,60419
GPP,522,1980,60529
GPP,523,1980,60654
GPP,524,1980,60765
GPP,525,1980,60874
GPP,526,1980,61000
GPP,527,1979,61110
GPP,528,1979,61235
GPP,529,1979,61345
GPP,530,1979,61455
GPP,531,1979,61581
GPP,532,1979,61691
GPP,533,1979,61801
GPP,534,1979,61926
GPP,535,1972,62036
GPP,536,1972,62146
GPP,537,1972,62272
GPP,538,1972,62382
GPP,539,1972,62492
GPP,540,1972,62617
GPP,541,1972,62728
GPP,542,1972,62838
GPP,543,1972,62963
GPP,544,1972,63073
GPP,545,1972,63183
GPP,546,1972,63309
GPP,547,1968,63419
GPP,548,1968,63529
GPP,549,1968,63655
GPP,550,1968,63765
GPP,551,1968,63875
GPP,552,1968,64001
GPP,553,1968,64111
GPP,554,1968,64221
GPP,555,1958,64347
GPP,556,1958,64457
GPP,557,1958,64567
GPP,558,1958,64693
GPP,559,1958,64802
GPP,560,1958,64912
GPP,561,1958,65038
GPP,562,1955,65148
GPP,563,1955,65269
GPP,564,1955,65383
GPP,565,1955,65500
GPP,566,1952,65614
GPP,567,1952,65730
GPP,568,1952,65845
GPP,569,1952,65953
GPP,570,1952,66063
GPP,571,1952,66189
GPP,572,1952,66299
GPP,573,1952,66422
GPP,574,1952,66537
GPP,575,1952,66653
GPP,576,1952,66769
GPP,577,1952,66885
GPP,578,1952,66998
GPP,579,1952,67115
GPP,580,1952,67230
GPP,581,1952,67344
GPP,582,1952,67459
GPP,583,1952,67575
GPP,584,1951,67691
GPP,585,1951,67807
GPP,586,1951,67922
GPP,587,1951,68036
GPP,588,1951,68152
GPP,589,1949,68267
GPP,590,1949,68383
GPP,591,1949,68499
GPP,592,1949,68614
GPP,593,1949,68729
GPP,594,1949,68846
GPP,595,1949,68960
GPP,596,1949,69075
GPP,597,1949,69181
GPP,598,1949,69307
GPP,599,1949,69417
GPP,600,1949,69527
GPP,601,1949,69653
GPP,602,1949,69762
GPP,603,1949,69880
GPP,604,1949,69998
GPP,605,1949,70108
GPP,606,1949,70218
GPP,607,1949,70343
GPP,608,1949,70453
GPP,609,1949,70563
GPP,610,1949,70689
GPP,611,1949,70799
GPP,612,1949,70909
GPP,613,1949,71034
GPP,614,1949,71144
GPP,615,1949,71254
GPP,616,1949,71380
GPP,617,1949,71490
GPP,618,1949,71616
GPP,619,1949,71726
GPP,620,1949,71835
GPP,621,1949,71961
GPP,622,1949,72071
GPP,623,1947,72181
GPP,624,1947,72307
GPP,625,1947,72417
GPP,626,1947,72526
GPP,627,1947,72637
GPP,628,1947,72762
GPP,629,1947,72872
GPP,630,1947,72982
GPP,631,1947,73108
GPP,632,1947,73218
GPP,633,1947,73328
GPP,634,1947,73454
GPP,635,1947,73564
GPP,636,1947,73674
GPP,637,1947,73799
GPP,638,1947,73909
GPP,639,1947,74019
GPP,640,1944,74145
GPP,641,1944,74255
GPP,642,1944,74365
GPP,643,1943,74490
GPP,644,1943,74600
GPP,645,1940,74710
GPP,646,1940,74836
GPP,647,1940,74946
GPP,648,1940,75056
GPP,649,1940,75182
GPP,650,1938,75292
GPP,651,1938,75402
GPP,652,1938,75528
GPP,653,1938,75645
GPP,654,1938,75760
GPP,655,1938,75874
GPP,656,1938,75989
GPP,657,1938,76104
GPP,658,1938,76207
GPP,659,1938,76333
GPP,660,1938,76442
GPP,661,1938,76552
GPP,662,1938,76677
GPP,663,1938,76788
GPP,664,1938,76898
GPP,665,1936,77023
GPP,666,1936,77133
GPP,667,1936,77258
GPP,668,1936,77368
GPP,669,1936,77478
GPP,670,1936,77603
GPP,671,1936,77712
GPP,672,1936,77823
GPP,673,1936,77948
GPP,674,1936,78066
GPP,675,1936,78168
GPP,676,1936,78294
GPP,677,1936,78404
GPP,678,1936,78529
GPP,679,1936,78639
GPP,680,1936,78749
GPP,681,1936,78874
GPP,682,1936,78984
GPP,683,1936,79094
GPP,684,1936,79220
GPP,685,1936,79330
GPP,686,1936,79440
GPP,687,1936,79566
GPP,688,1936,79676
GPP,689,1936,79802
GPP,690,1935,79911
GPP,691,1935,80021
GPP,692,1935,80150
GPP,693,1935,80268
GPP,694,1935,80384
GPP,695,1935,80499
GPP,696,1935,80615
GPP,697,1935,80730
GPP,698,1935,80840
GPP,699,1935,80966
GPP,700,1935,81076
GPP,701,1935,81202
GPP,702,1935,81312
GPP,703,1935,81422
GPP,704,1935,81547
GPP,705,1935,81657
GPP,706,1935,81767
GPP,707,1935,81893
GPP,708,1935,82003
GPP,709,1935,82113
GPP,710,1935,82239
GPP,711,1935,82349
GPP,712,1935,82458
GPP,713,1935,82584
GPP,714,1935,82694
GPP,715,1935,82804
GPP,716,1935,82930
GPP,717,1935,83039
GPP,718,1933,83149
GPP,719,1933,83275
GPP,720,1933,83385
GPP,721,1933,83495
GPP,722,1931,83621
GPP,723,1931,83731
GPP,724,1931,83841
GPP,725,1931,83951
GPP,726,1931,84076
GPP,727,1931,84186
GPP,728,1931,84296
GPP,729,1931,84422
GPP,730,1928,84532
GPP,731,1928,84642
GPP,732,1928,84768
GPP,733,1923,84885
GPP,734,1923,84988
GPP,735,1923,85114
GPP,736,1923,85224
GPP,737,1923,85334
GPP,738,1923,85444
GPP,739,1923,85570
GPP,740,1923,85680
GPP,741,1923,85790
GPP,742,1923,85915
GPP,743,1923,86025
GPP,744,1923,86135
GPP,745,1923,86261
GPP,746,1923,86371
GPP,747,1923,86480
GPP,748,1923,86606
GPP,749,1921,86715
GPP,750,1921,86825
GPP,751,1921,86950
GPP,752,1921,87060
GPP,753,1921,87186
GPP,754,1921,87298
GPP,755,1919,87406
GPP,756,1918,87532
GPP,757,1918,87642
GPP,758,1918,87752
GPP,759,1913,87878
GPP,760,1913,87988
GPP,761,1913,88114
GPP,762,1913,88223
GPP,763,1913,88333
GPP,764,1913,88459
GPP,765,1913,88569
GPP,766,1913,88679
GPP,767,1913,88805
GPP,768,1913,88915
GPP,769,1913,89041
GPP,770,1913,89151
GPP,771,1913,89261
GPP,772,1913,89387
GPP,773,1913,89497
GPP,774,1913,89622
GPP,775,1913,89733
GPP,776,1913,89843
GPP,777,1913,89968
GPP,778,1913,90078
GPP,779,1913,90188
GPP,780,1913,90314
GPP,781,1913,90424
GPP,782,1913,90534
GPP,783,1913,90660
GPP,784,1913,90770
GPP,785,1913,90880
GPP,786,1912,91006
GPP,787,1912,91115
GPP,788,1910,91226
GPP,789,1910,91352
GPP,790,1910,91462
GPP,791,1910,91571
GPP,792,1910,91697
GPP,793,1910,91807
GPP,794,1910,91917
GPP,795,1909,92043
GPP,796,1909,92153
GPP,797,1909,92279
GPP,798,1909,92389
GPP,799,1909,92499
GPP,800,1909,92625
GPP,801,1909,92735
GPP,802,1909,92845
GPP,803,1909,92970
GPP,804,1909,93081
GPP,805,1909,93191
GPP,806,1909,93316
GPP,807,1909,93426
GPP,808,1909,93536
GPP,809,1909,93662
GPP,810,1909,93771
GPP,811,1909,93881
GPP,812,1909,94007
GPP,813,1909,94117
GPP,814,1909,94227
GPP,815,1909,94353
GPP,816,1909,94463
GPP,817,1909,94573
GPP,818,1909,94698
GPP,819,1909,94808
GPP,820,1909,94934
GPP,821,1909,95044
GPP,822,1909,95154
GPP,823,1909,95280
GPP,824,1909,95389
GPP,825,1909,95499
GPP,826,1909,95625
GPP,827,1909,95735
GPP,828,1909,95845
GPP,829,1909,95971
GPP,830,1909,96081
GPP,831,1909,96191
GPP,832,1909,96317
GPP,833,1909,96427
GPP,834,1909,96537
GPP,835,1909,96663
GPP,836,1909,96773
GPP,837,1909,96883
GPP,838,1909,97008
GPP,839,1909,97118
GPP,840,1909,97228
GPP,841,1909,97354
GPP,842,1909,97464
GPP,843,1909,97574
GPP,844,1909,97700
GPP,845,1909,97810
GPP,846,1909,97920
GPP,847,1909,98048
GPP,848,1909,98156
GPP,849,1909,98266
GPP,850,1909,98392
GPP,851,1909,98508
GPP,852,1909,98612
GPP,853,1909,98737
GPP,854,1909,98847
GPP,855,1909,98957
GPP,856,1909,99083
GPP,857,1909,99193
GPP,858,1909,99303
GPP,859,1909,99428
GPP,860,1902,99538
GPP,861,1902,99648
GPP,862,1902,99774
GPP,863,1902,99884
GPP,864,1900,99994
GPP,865,1900,100119
GPP,866,1900,100229
GPP,867,1900,100339
GPP,868,1900,100465
GPP,869,1900,100575
GPP,870,1900,100685
GPP,871,1900,100811
GPP,872,1900,100921
GPP,873,1900,101031
GPP,874,1899,101156
GPP,875,1894,101266
GPP,876,1894,101376
GPP,877,1894,101502
GPP,878,1891,101612
GPP,879,1891,101738
GPP,880,1891,101848
GPP,881,1891,101958
GPP,882,1891,102083
GPP,883,1891,102193
GPP,884,1891,102303
GPP,885,1891,102429
GPP,886,1890,102545
GPP,887,1889,102660
GPP,888,1889,102776
GPP,889,1889,102891
GPP,890,1889,102998
GPP,891,1889,103107
GPP,892,1889,103233
GPP,893,1889,103343
GPP,894,1889,103453
GPP,895,1889,103579
GPP,896,1889,103689
GPP,897,1889,103799
GPP,898,1889,103925
GPP,899,1887,104035
GPP,900,1887,104145
GPP,901,1887,104271
GPP,902,1887,104381
GPP,903,1887,104506
GPP,904,1887,104616
GPP,905,1885,104726
GPP,906,1885,104851
GPP,907,1885,104962
GPP,908,1885,105072
GPP,909,1885,105197
GPP,910,1884,105307
GPP,911,1884,105433
GPP,912,1884,105543
GPP,913,1884,105653
GPP,914,1884,105778
GPP,915,1884,105888
GPP,916,1884,105998
GPP,917,1884,106124
GPP,918,1884,106234
GPP,919,1884,106344
GPP,920,1884,106469
GPP,921,1884,106579
GPP,922,1884,106705
GPP,923,1884,106815
GPP,924,1884,106925
GPP,925,1884,107050
GPP,926,1884,107161
GPP,927,1884,107271
GPP,928,1884,107396
GPP,929,1884,107506
GPP,930,1884,107632
GPP,931,1884,107742
GPP,932,1884,107852
GPP,933,1884,107977
GPP,934,1884,108088
GPP,935,1884,108213
GPP,936,1884,108323
GPP,937,1884,108433
GPP,938,1884,108558
GPP,939,1884,108668
GPP,940,1884,108777
GPP,941,1884,108903
GPP,942,1884,109013
GPP,943,1884,109138
GPP,944,1884,109248
GPP,945,1884,109373
GPP,946,1884,109483
GPP,947,1884,109593
GPP,948,1884,109719
GPP,949,1884,109829
GPP,950,1884,109939
GPP,951,1884,110065
GPP,952,1884,110175
GPP,953,1884,110300
GPP,954,1884,110410
GPP,955,1884,110520
GPP,956,1884,110646
GPP,957,1884,110756
GPP,958,1884,110866
GPP,959,1884,110992
GPP,960,1884,111102
GPP,961,1884,111212
GPP,962,1884,111337
GPP,963,1884,111448
GPP,964,1884,111574
GPP,965,1884,111684
GPP,966,1884,111809
GPP,967,1884,111920
GPP,968,1884,112030
GPP,969,1884,112156
GPP,970,1884,112266
GPP,971,1884,112375
GPP,972,1884,112501
GPP,973,1882,112611
GPP,974,1882,112737
GPP,975,1882,112847
GPP,976,1882,112957
GPP,977,1882,113082
GPP,978,1882,113192
GPP,979,1882,113302
GPP,980,1882,113428
GPP,981,1882,113538
GPP,982,1882,113664
GPP,983,1882,113773
GPP,984,1882,113883
GPP,985,1882,114009
GPP,986,1882,114119
GPP,987,1882,114229
GPP,988,1882,114355
GPP,989,1882,114465
GPP,990,1882,114574
GPP,991,1882,114700
GPP,992,1882,114810
GPP,993,1882,114936
GPP,994,1882,115046
GPP,995,1882,115157
GPP,996,1882,115282
GPP,997,1882,115392
GPP,998,1882,115522
GPP,999,1882,115639
GPP,1000,1882,115755
GPP,1001,1882,115867
GPP,1002,1882,115977
GPP,1003,1882,116102
GPP,1004,1882,116212
GPP,1005,1882,116322
GPP,1006,1882,116449
GPP,1007,1882,116558
GPP,1008,1882,116668
GPP,1009,1882,116793
GPP,1010,1882,116903
GPP,1011,1882,117029
GPP,1012,1882,117139
GPP,1013,1882,117249
GPP,1014,1882,117374
GPP,1015,1882,117484
GPP,1016,1882,117602
GPP,1017,1882,117720
GPP,1018,1882,117830
GPP,1019,1882,117956
GPP,1020,1882,118066
GPP,1021,1882,118176
GPP,1022,1882,118301
GPP,1023,1882,118411
GPP,1024,1882,118522
GPP,1025,1882,118647
GPP,1026,1882,118757
GPP,1027,1882,118883
GPP,1028,1882,118993
GPP,1029,1882,119103
GPP,1030,1882,119229
GPP,1031,1882,119339
GPP,1032,1882,119449
GPP,1033,1882,119575
GPP,1034,1882,119685
GPP,1035,1882,119810
GPP,1036,1882,119920
GPP,1037,1882,120030
GPP,1038,1882,120156
GPP,1039,1882,120266
GPP,1040,1882,120376
GPP,1041,1882,120501
GPP,1042,1882,120612
GPP,1043,1882,120721
GPP,1044,1882,120847
GPP,1045,1882,120957
GPP,1046,1882,121067
GPP,1047,1882,121193
GPP,1048,1882,121303
GPP,1049,1882,121429
GPP,1050,1882,121538
GPP,1051,1882,121648
GPP,1052,1882,121774
GPP,1053,1882,121884
GPP,1054,1882,121994
GPP,1055,1882,122120
GPP,1056,1882,122230
GPP,1057,1882,122340
GPP,1058,1882,122466
GPP,1059,1882,122575
GPP,1060,1882,122685
GPP,1061,1882,122811
GPP,1062,1882,122921
GPP,1063,1882,123031
GPP,1064,1881,123157
GPP,1065,1881,123267
GPP,1066,1881,123392
GPP,1067,1881,123502
GPP,1068,1881,123612
GPP,1069,1881,123738
GPP,1070,1881,123848
GPP,1071,1881,123958
GPP,1072,1881,124083
GPP,1073,1881,124193
GPP,1074,1881,124319
GPP,1075,1881,124429
GPP,1076,1881,124539
GPP,1077,1881,124664
GPP,1078,1881,124774
GPP,1079,1881,124884
GPP,1080,1881,125009
GPP,1081,1881,125119
GPP,1082,1881,125244
GPP,1083,1881,125354
GPP,1084,1881,125479
GPP,1085,1881,125589
GPP,1086,1881,125698
GPP,1087,1881,125824
GPP,1088,1881,125934
GPP,1089,1881,126059
GPP,1090,1881,126169
GPP,1091,1881,126279
GPP,1092,1881,126404
GPP,1093,1881,126514
GPP,1094,1881,126639
GPP,1095,1881,126749
GPP,1096,1881,126874
GPP,1097,1881,126984
GPP,1098,1881,127094
GPP,1099,1881,127220
GPP,1100,1881,127330
GPP,1101,1881,127440
GPP,1102,1881,127565
GPP,1103,1881,127675
GPP,1104,1881,127801
GPP,1105,1881,127911
GPP,1106,1881,128021
GPP,1107,1881,128147
GPP,1108,1881,128257
GPP,1109,1881,128367
GPP,1110,1881,128496
GPP,1111,1881,128602
GPP,1112,1881,128712
GPP,1113,1881,128838
GPP,1114,1881,128947
GPP,1115,1881,129073
GPP,1116,1881,129183
GPP,1117,1881,129292
GPP,1118,1881,129418
GPP,1119,1881,129527
GPP,1120,1881,129637
GPP,1121,1881,129763
GPP,1122,1881,129873
GPP,1123,1881,129998
GPP,1124,1881,130108
GPP,1125,1881,130218
GPP,1126,1881,130343
GPP,1127,1881,130453
GPP,1128,1881,130578
GPP,1129,1881,130688
GPP,1130,1881,130813
GPP,1131,1881,130922
GPP,1132,1881,131048
GPP,1133,1881,131158
GPP,1134,1881,131268
GPP,1135,1881,131393
GPP,1136,1881,131509
GPP,1137,1881,131613
GPP,1138,1881,131738
GPP,1139,1881,131848
GPP,1140,1881,131958
GPP,1141,1881,132083
GPP,1142,1881,132193
GPP,1143,1881,132302
GPP,1144,1881,132428
GPP,1145,1881,132537
GPP,1146,1881,132663
GPP,1147,1881,132772
GPP,1148,1881,132882
GPP,1149,1881,133007
GPP,1150,1881,133117
GPP,1151,1881,133243
GPP,1152,1881,133352
GPP,1153,1881,133462
GPP,1154,1881,133587
GPP,1155,1881,133697
GPP,1156,1881,133807
GPP,1157,1881,133932
GPP,1158,1881,134042
GPP,1159,1881,134167
GPP,1160,1881,134277
GPP,1161,1881,134387
GPP,1162,1881,134512
GPP,1163,1881,134622
GPP,1164,1881,134747
GPP,1165,1881,134857
GPP,1166,1881,134967
GPP,1167,1881,135092
GPP,1168,1881,135202
GPP,1169,1881,135327
GPP,1170,1881,135437
GPP,1171,1881,135547
GPP,1172,1881,135672
GPP,1173,1881,135782
GPP,1174,1881,135907
GPP,1175,1881,136017
GPP,1176,1881,136127
GPP,1177,1881,136252
GPP,1178,1881,136362
GPP,1179,1881,136487
GPP,1180,1881,136597
GPP,1181,1881,136706
GPP,1182,1881,136832
GPP,1183,1881,136941
GPP,1184,1881,137067
GPP,1185,1881,137177
GPP,1186,1881,137286
GPP,1187,1881,137412
GPP,1188,1881,137522
GPP,1189,1881,137631
GPP,1190,1881,137756
GPP,1191,1881,137866
GPP,1192,1881,137991
GPP,1193,1881,138101
GPP,1194,1881,138211
GPP,1195,1881,138336
GPP,1196,1881,138446
GPP,1197,1881,138571
GPP,1198,1881,138681
GPP,1199,1881,138791
GPP,1200,1881,138916
GPP,1201,1881,139026
GPP,1202,1881,139152
GPP,1203,1881,139261
GPP,1204,1881,139371
GPP,1205,1881,139496
GPP,1206,1881,139606
GPP,1207,1881,139732
GPP,1208,1881,139841
GPP,1209,1881,139951
GPP,1210,1881,140076
GPP,1211,1881,140186
GPP,1212,1881,140312
GPP,1213,1881,140421
GPP,1214,1881,140531
GPP,1215,1881,140656
GPP,1216,1881,140774
GPP,1217,1881,140876
GPP,1218,1881,141001
GPP,1219,1881,141111
GPP,1220,1881,141237
GPP,1221,1881,141346
GPP,1222,1881,141456
GPP,1223,1881,141583
GPP,1224,1881,141692
GPP,1225,1881,141802
GPP,1226,1881,141927
GPP,1227,1881,142037
GPP,1228,1881,142163
GPP,1229,1879,142273
GPP,1230,1879,142382
GPP,1231,1879,142508
GPP,1232,1879,142618
GPP,1233,1879,142727
GPP,1234,1879,142852
GPP,1235,1879,142962
GPP,1236,1877,143072
GPP,1237,1877,143197
GPP,1238,1877,143307
GPP,1239,1877,143417
GPP,1240,1877,143543
GPP,1241,1877,143652
GPP,1242,1877,143762
GPP,1243,1877,143887
GPP,1244,1877,143997
GPP,1245,1877,144122
GPP,1246,1877,144232
GPP,1247,1877,144342
GPP,1248,1877,144468
GPP,1249,1877,144577
GPP,1250,1877,144703
GPP,1251,1877,144812
GPP,1252,1877,144938
GPP,1253,1877,145047
GPP,1254,1877,145158
GPP,1255,1877,145283
GPP,1256,1877,145393
GPP,1257,1877,145518
GPP,1258,1877,145628
GPP,1259,1877,145737
GPP,1260,1877,145863
GPP,1261,1877,145972
GPP,1262,1877,146098
GPP,1263,1876,146207
GPP,1264,1876,146318
GPP,1265,1876,146443
GPP,1266,1876,146561
GPP,1267,1876,146679
GPP,1268,1874,146789
GPP,1269,1874,146899
GPP,1270,1874,147024
GPP,1271,1874,147134
GPP,1272,1874,147260
GPP,1273,1874,147370
GPP,1274,1874,147496
GPP,1275,1874,147606
GPP,1276,1874,147716
GPP,1277,1874,147841
GPP,1278,1874,147951
GPP,1279,1874,148077
GPP,1280,1874,148187
GPP,1281,1874,148296
GPP,1282,1874,148422
GPP,1283,1874,148532
GPP,1284,1874,148658
GPP,1285,1874,148767
GPP,1286,1874,148893
GPP,1287,1872,149003
GPP,1288,1872,149113
GPP,1289,1872,149238
GPP,1290,1872,149348
GPP,1291,1872,149458
GPP,1292,1872,149584
GPP,1293,1872,149694
GPP,1294,1872,149820
GPP,1295,1872,149930
GPP,1296,1872,150056
GPP,1297,1872,150166
GPP,1298,1872,150276
GPP,1299,1872,150402
GPP,1300,1872,150512
GPP,1301,1872,150639
GPP,1302,1872,150754
GPP,1303,1872,150871
GPP,1304,1872,150987
GPP,1305,1872,151102
GPP,1306,1872,151218
GPP,1307,1872,151335
GPP,1308,1872,151451
GPP,1309,1872,151566
GPP,1310,1872,151681
GPP,1311,1872,151798
GPP,1312,1872,151904
GPP,1313,1872,152014
GPP,1314,1872,152139
GPP,1315,1872,152248
GPP,1316,1872,152374
GPP,1317,1872,152483
GPP,1318,1872,152593
GPP,1319,1872,152718
GPP,1320,1872,152828
GPP,1321,1872,152937
GPP,1322,1872,153064
GPP,1323,1872,153173
GPP,1324,1872,153283
GPP,1325,1872,153409
GPP,1326,1872,153519
GPP,1327,1872,153629
GPP,1328,1872,153754
GPP,1329,1872,153864
GPP,1330,1872,153974
GPP,1331,1872,154100
GPP,1332,1872,154210
GPP,1333,1872,154320
GPP,1334,1872,154446
GPP,1335,1871,154556
GPP,1336,1871,154666
GPP,1337,1871,154791
GPP,1338,1871,154901
GPP,1339,1871,155011
GPP,1340,1871,155137
GPP,1341,1871,155247
GPP,1342,1870,155357
GPP,1343,1869,155467
GPP,1344,1869,155593
GPP,1345,1869,155703
GPP,1346,1869,155813
GPP,1347,1869,155938
GPP,1348,1869,156050
GPP,1349,1869,156159
GPP,1350,1869,156285
GPP,1351,1869,156395
GPP,1352,1869,156505
GPP,1353,1869,156630
GPP,1354,1869,156740
GPP,1355,1867,156850
GPP,1356,1867,156976
GPP,1357,1867,157086
GPP,1358,1867,157196
GPP,1359,1865,157321
GPP,1360,1865,157431
GPP,1361,1865,157541
GPP,1362,1865,157667
GPP,1363,1865,157777
GPP,1364,1865,157902
GPP,1365,1865,158012
GPP,1366,1865,158123
GPP,1367,1865,158248
GPP,1368,1865,158358
GPP,1369,1865,158469
GPP,1370,1865,158594
GPP,1371,1865,158704
GPP,1372,1865,158830
GPP,1373,1865,158940
GPP,1374,1865,159052
GPP,1375,1865,159176
GPP,1376,1865,159286
GPP,1377,1864,159396
GPP,1378,1862,159526
GPP,1379,1862,159641
GPP,1380,1862,159758
GPP,1381,1862,159874
GPP,1382,1862,159988
GPP,1383,1862,160105
GPP,1384,1862,160221
GPP,1385,1862,160338
GPP,1386,1862,160454
GPP,1387,1862,160574
GPP,1388,1862,160690
GPP,1389,1862,160806
GPP,1390,1862,160922
GPP,1391,1862,161039
GPP,1392,1862,161149
GPP,1393,1862,161259
GPP,1394,1862,161385
GPP,1395,1862,161495
GPP,1396,1862,161612
GPP,1397,1862,161735
GPP,1398,1861,161852
GPP,1399,1861,161967
GPP,1400,1861,162077
GPP,1401,1861,162187
GPP,1402,1861,162313
GPP,1403,1861,162422
GPP,1404,1861,162548
GPP,1405,1861,162658
GPP,1406,1861,162768
GPP,1407,1861,162894
GPP,1408,1861,163003
GPP,1409,1861,163129
GPP,1410,1861,163238
GPP,1411,1861,163348
GPP,1412,1861,163473
GPP,1413,1861,163583
GPP,1414,1861,163708
GPP,1415,1861,163818
GPP,1416,1861,163943
GPP,1417,1861,164053
GPP,1418,1861,164163
GPP,1419,1861,164288
GPP,1420,1861,164397
GPP,1421,1861,164523
GPP,1422,1861,164632
GPP,1423,1861,164742
GPP,1424,1861,164868
GPP,1425,1861,164978
GPP,1426,1861,165103
GPP,1427,1861,165213
GPP,1428,1861,165323
GPP,1429,1861,165449
GPP,1430,1861,165558
GPP,1431,1861,165668
GPP,1432,1861,165794
GPP,1433,1861,165904
GPP,1434,1861,166030
GPP,1435,1861,166140
GPP,1436,1861,166250
GPP,1437,1861,166376
GPP,1438,1861,166486
GPP,1439,1861,166613
GPP,1440,1861,166728
GPP,1441,1861,166844
GPP,1442,1861,166961
GPP,1443,1861,167076
GPP,1444,1861,167193
GPP,1445,1861,167309
GPP,1446,1861,167424
GPP,1447,1861,167540
GPP,1448,1861,167655
GPP,1449,1861,167770
GPP,1450,1861,167880
GPP,1451,1861,167990
GPP,1452,1861,168116
GPP,1453,1861,168226
GPP,1454,1861,168335
GPP,1455,1861,168461
GPP,1456,1861,168571
GPP,1457,1861,168681
GPP,1458,1861,168807
GPP,1459,1861,168916
GPP,1460,1861,169026
GPP,1461,1861,169152
GPP,1462,1861,169262
GPP,1463,1861,169372
GPP,1464,1861,169498
GPP,1465,1861,169607
GPP,1466,1861,169717
GPP,1467,1861,169827
GPP,1468,1861,169953
GPP,1469,1861,170062
GPP,1470,1861,170172
GPP,1471,1861,170298
GPP,1472,1860,170408
GPP,1473,1858,170518
GPP,1474,1858,170646
GPP,1475,1858,170761
GPP,1476,1858,170875
GPP,1477,1858,170991
GPP,1478,1858,171102
GPP,1479,1858,171212
GPP,1480,1856,171322
GPP,1481,1856,171448
GPP,1482,1856,171558
GPP,1483,1856,171668
GPP,1484,1856,171793
GPP,1485,1856,171903
GPP,1486,1856,172013
GPP,1487,1856,172139
GPP,1488,1855,172249
GPP,1489,1854,172359
GPP,1490,1854,172469
GPP,1491,1854,172595
GPP,1492,1854,172704
GPP,1493,1854,172814
GPP,1494,1854,172940
GPP,1495,1854,173050
GPP,1496,1854,173160
GPP,1497,1852,173286
GPP,1498,1852,173396
GPP,1499,1852,173513
GPP,1500,1852,173632
GPP,1501,1852,173742
GPP,1502,1852,173867
GPP,1503,1852,173977
GPP,1504,1852,174087
GPP,1505,1852,174213
GPP,1506,1852,174323
GPP,1507,1852,174433
GPP,1508,1852,174559
GPP,1509,1852,174669
GPP,1510,1852,174779
GPP,1511,1852,174904
GPP,1512,1852,175026
GPP,1513,1852,175142
GPP,1514,1852,175258
GPP,1515,1852,175376
GPP,1516,1852,175491
GPP,1517,1852,175607
GPP,1518,1852,175723
GPP,1519,1852,175840
GPP,1520,1852,175949
GPP,1521,1851,176059
GPP,1522,1851,176184
GPP,1523,1851,176294
GPP,1524,1851,176420
GPP,1525,1851,176529
GPP,1526,1851,176656
GPP,1527,1851,176765
GPP,1528,1851,176875
GPP,1529,1851,177001
GPP,1530,1851,177111
GPP,1531,1851,177236
GPP,1532,1851,177347
GPP,1533,1851,177457
GPP,1534,1851,177582
GPP,1535,1851,177692
GPP,1536,1851,177802
GPP,1537,1851,177928
GPP,1538,1851,178038
GPP,1539,1851,178164
GPP,1540,1851,178274
GPP,1541,1851,178384
GPP,1542,1851,178510
GPP,1543,1851,178620
GPP,1544,1851,178745
GPP,1545,1851,178863
GPP,1546,1851,178980
GPP,1547,1851,179096
GPP,1548,1851,179212
GPP,1549,1851,179328
GPP,1550,1851,179446
GPP,1551,1851,179562
GPP,1552,1851,179678
GPP,1553,1851,179795
GPP,1554,1851,179911
GPP,1555,1851,180029
GPP,1556,1851,180145
GPP,1557,1851,180261
GPP,1558,1851,180377
GPP,1559,1851,180492
GPP,1560,1851,180609
GPP,1561,1851,180726
GPP,1562,1851,180840
GPP,1563,1851,180957
GPP,1564,1851,181072
GPP,1565,1851,181187
GPP,1566,1851,181304
GPP,1567,1851,181420
GPP,1568,1851,181536
GPP,1569,1851,181652
GPP,1570,1851,181768
GPP,1571,1851,181883
GPP,1572,1851,181999
GPP,1573,1851,182116
GPP,1574,1851,182232
GPP,1575,1851,182346
GPP,1576,1851,182463
GPP,1577,1851,182578
GPP,1578,1851,182686
GPP,1579,1851,182812
GPP,1580,1851,182922
GPP,1581,1851,183032
GPP,1582,1851,183158
GPP,1583,1851,183268
GPP,1584,1851,183378
GPP,1585,1851,183504
GPP,1586,1851,183614
GPP,1587,1851,183723
GPP,1588,1851,183849
GPP,1589,1851,183959
GPP,1590,1851,184069
GPP,1591,1851,184194
GPP,1592,1851,184304
GPP,1593,1851,184414
GPP,1594,1851,184540
GPP,1595,1851,184650
GPP,1596,1851,184760
GPP,1597,1851,184886
GPP,1598,1851,184995
GPP,1599,1851,185106
GPP,1600,1851,185216
GPP,1601,1851,185341
GPP,1602,1851,185451
GPP,1603,1851,185561
GPP,1604,1851,185687
GPP,1605,1850,185797
GPP,1606,1850,185907
GPP,1607,1850,186033
GPP,1608,1850,186143
GPP,1609,1850,186253
GPP,1610,1850,186363
GPP,1611,1850,186488
GPP,1612,1850,186598
GPP,1613,1850,186708
GPP,1614,1849,186834
GPP,1615,1849,186944
GPP,1616,1848,187054
GPP,1617,1848,187179
GPP,1618,1846,187289
GPP,1619,1846,187399
GPP,1620,1846,187525
GPP,1621,1846,187634
GPP,1622,1846,187744
GPP,1623,1846,187870
GPP,1624,1846,187980
GPP,1625,1846,188090
GPP,1626,1846,188216
GPP,1627,1846,188326
GPP,1628,1845,188436
GPP,1629,1845,188561
GPP,1630,1845,188671
GPP,1631,1845,188782
GPP,1632,1845,188907
GPP,1633,1845,189017
GPP,1634,1845,189127
GPP,1635,1845,189253
GPP,1636,1845,189363
GPP,1637,1845,189488
GPP,1638,1845,189598
GPP,1639,1845,189708
GPP,1640,1845,189836
GPP,1641,1845,189944
GPP,1642,1845,190054
GPP,1643,1845,190180
GPP,1644,1845,190290
GPP,1645,1845,190415
GPP,1646,1845,190525
GPP,1647,1845,190635
GPP,1648,1845,190761
GPP,1649,1845,190871
GPP,1650,1845,190981
GPP,1651,1845,191106
GPP,1652,1845,191216
GPP,1653,1845,191342
GPP,1654,1845,191452
GPP,1655,1845,191577
GPP,1656,1845,191694
GPP,1657,1845,191797
GPP,1658,1845,191923
GPP,1659,1845,192033
GPP,1660,1845,192143
GPP,1661,1845,192269
GPP,1662,1845,192379
GPP,1663,1845,192504
GPP,1664,1845,192614
GPP,1665,1845,192724
GPP,1666,1845,192850
GPP,1667,1845,192960
GPP,1668,1845,193085
GPP,1669,1845,193195
GPP,1670,1845,193305
GPP,1671,1845,193431
GPP,1672,1845,193541
GPP,1673,1845,193667
GPP,1674,1845,193777
GPP,1675,1845,193887
GPP,1676,1845,194013
GPP,1677,1845,194122
GPP,1678,1845,194248
GPP,1679,1845,194358
GPP,1680,1845,194468
GPP,1681,1845,194593
GPP,1682,1845,194703
GPP,1683,1845,194813
GPP,1684,1845,194939
GPP,1685,1845,195049
GPP,1686,1845,195175
GPP,1687,1845,195292
GPP,1688,1845,195407
GPP,1689,1845,195522
GPP,1690,1845,195639
GPP,1691,1845,195756
GPP,1692,1845,195871
GPP,1693,1845,195987
GPP,1694,1845,196103
GPP,1695,1845,196219
GPP,1696,1845,196336
GPP,1697,1845,196452
GPP,1698,1845,196567
GPP,1699,1845,196684
GPP,1700,1845,196799
GPP,1701,1845,196916
GPP,1702,1845,197031
GPP,1703,1845,197148
GPP,1704,1845,197262
GPP,1705,1845,197379
GPP,1706,1845,197496
GPP,1707,1845,197611
GPP,1708,1845,197728
GPP,1709,1845,197843
GPP,1710,1845,197960
GPP,1711,1845,198076
GPP,1712,1845,198180
GPP,1713,1845,198305
GPP,1714,1845,198415
GPP,1715,1845,198525
GPP,1716,1845,198651
GPP,1717,1845,198760
GPP,1718,1845,198871
GPP,1719,1845,198996
GPP,1720,1845,199106
GPP,1721,1845,199216
GPP,1722,1845,199342
GPP,1723,1845,199452
GPP,1724,1845,199562
GPP,1725,1845,199688
GPP,1726,1845,199798
GPP,1727,1845,199923
GPP,1728,1845,200033
GPP,1729,1845,200143
GPP,1730,1845,200269
GPP,1731,1845,200380
GPP,1732,1845,200489
GPP,1733,1845,200615
GPP,1734,1845,200725
GPP,1735,1845,200835
GPP,1736,1845,200945
GPP,1737,1845,201070
GPP,1738,1845,201181
GPP,1739,1845,201291
GPP,1740,1845,201416
GPP,1741,1845,201526
GPP,1742,1845,201636
GPP,1743,1845,201762
GPP,1744,1845,201872
GPP,1745,1845,201982
GPP,1746,1845,202109
GPP,1747,1845,202218
GPP,1748,1845,202327
GPP,1749,1845,202452
GPP,1750,1844,202562
GPP,1751,1844,202672
GPP,1752,1844,202797
GPP,1753,1844,202907
GPP,1754,1844,203017
GPP,1755,1844,203142
GPP,1756,1844,203252
GPP,1757,1844,203361
GPP,1758,1844,203488
GPP,1759,1844,203597
GPP,1760,1844,203707
GPP,1761,1844,203832
GPP,1762,1844,203942
GPP,1763,1844,204052
GPP,1764,1844,204177
GPP,1765,1844,204287
GPP,1766,1844,204396
GPP,1767,1844,204522
GPP,1768,1844,204631
GPP,1769,1844,204756
GPP,1770,1844,204867
GPP,1771,1844,204976
GPP,1772,1844,205102
GPP,1773,1844,205212
GPP,1774,1844,205322
GPP,1775,1844,205447
GPP,1776,1844,205557
GPP,1777,1844,205667
GPP,1778,1843,205792
GPP,1779,1843,205902
GPP,1780,1843,206027
GPP,1781,1841,206137
GPP,1782,1841,206247
GPP,1783,1841,206372
GPP,1784,1841,206482
GPP,1785,1841,206592
GPP,1786,1841,206717
GPP,1787,1841,206827
GPP,1788,1841,206953
GPP,1789,1841,207062
GPP,1790,1841,207188
GPP,1791,1841,207298
GPP,1792,1841,207408
GPP,1793,1841,207535
GPP,1794,1841,207653
GPP,1795,1841,207769
GPP,1796,1841,207884
GPP,1797,1841,208000
GPP,1798,1841,208117
GPP,1799,1841,208233
GPP,1800,1841,208349
GPP,1801,1841,208465
GPP,1802,1841,208579
GPP,1803,1841,208697
GPP,1804,1841,208813
GPP,1805,1841,208928
GPP,1806,1841,209044
GPP,1807,1841,209161
GPP,1808,1841,209277
GPP,1809,1841,209393
GPP,1810,1841,209509
GPP,1811,1841,209624
GPP,1812,1841,209740
GPP,1813,1841,209855
GPP,1814,1841,209965
GPP,1815,1841,210091
GPP,1816,1841,210201
GPP,1817,1841,210311
GPP,1818,1841,210436
GPP,1819,1841,210546
GPP,1820,1841,210672
GPP,1821,1841,210782
GPP,1822,1841,210892
GPP,1823,1841,211018
GPP,1824,1841,211128
GPP,1825,1841,211238
GPP,1826,1841,211364
GPP,1827,1841,211474
GPP,1828,1841,211600
GPP,1829,1841,211710
GPP,1830,1841,211835
GPP,1831,1841,211951
GPP,1832,1841,212055
GPP,1833,1841,212180
GPP,1834,1841,212290
GPP,1835,1841,212415
GPP,1836,1841,212525
GPP,1837,1841,212635
GPP,1838,1841,212760
GPP,1839,1841,212870
GPP,1840,1841,212995
GPP,1841,1841,213106
GPP,1842,1841,213215
GPP,1843,1841,213341
GPP,1844,1841,213450
GPP,1845,1841,213576
GPP,1846,1841,213685
GPP,1847,1841,213795
GPP,1848,1841,213920
GPP,1849,1841,214030
GPP,1850,1841,214156
GPP,1851,1841,214265
GPP,1852,1841,214391
GPP,1853,1841,214501
GPP,1854,1841,214611
GPP,1855,1841,214737
GPP,1856,1841,214847
GPP,1857,1841,214957
GPP,1858,1841,215082
GPP,1859,1841,215192
GPP,1860,1841,215318
GPP,1861,1841,215428
GPP,1862,1841,215538
GPP,1863,1841,215664
GPP,1864,1841,215774
GPP,1865,1841,215900
GPP,1866,1841,216010
GPP,1867,1841,216120
GPP,1868,1841,216245
GPP,1869,1841,216355
GPP,1870,1841,216465
GPP,1871,1841,216591
GPP,1872,1841,216701
GPP,1873,1841,216827
GPP,1874,1841,216937
GPP,1875,1841,217047
GPP,1876,1841,217173
GPP,1877,1841,217283
GPP,1878,1841,217393
GPP,1879,1841,217519
GPP,1880,1841,217629
GPP,1881,1841,217739
GPP,1882,1841,217865
GPP,1883,1841,217975
GPP,1884,1841,218085
GPP,1885,1841,218211
GPP,1886,1841,218320
GPP,1887,1841,218430
GPP,1888,1841,218556
GPP,1889,1841,218666
GPP,1890,1841,218776
GPP,1891,1841,218886
GPP,1892,1841,219012
GPP,1893,1841,219122
GPP,1894,1841,219232
GPP,1895,1841,219358
GPP,1896,1841,219467
GPP,1897,1841,219593
GPP,1898,1841,219702
GPP,1899,1841,219812
GPP,1900,1841,219937
GPP,1901,1841,220047
GPP,1902,1841,220157
GPP,1903,1841,220267
GPP,1904,1841,220393
GPP,1905,1841,220502
GPP,1906,1841,220612
GPP,1907,1841,220737
GPP,1908,1841,220847
GPP,1909,1840,220957
GPP,1910,1840,221082
GPP,1911,1840,221198
GPP,1912,1840,221301
GPP,1913,1840,221427
GPP,1914,1840,221536
GPP,1915,1840,221646
GPP,1916,1840,221772
GPP,1917,1840,221881
GPP,1918,1840,221991
GPP,1919,1840,222117
GPP,1920,1840,222227
GPP,1921,1840,222337
GPP,1922,1840,222447
GPP,1923,1840,222573
GPP,1924,1839,222682
GPP,1925,1839,222792
GPP,1926,1839,222918
GPP,1927,1839,223028
GPP,1928,1839,223138
GPP,1929,1839,223264
GPP,1930,1839,223374
GPP,1931,1839,223484
GPP,1932,1839,223610
GPP,1933,1839,223720
GPP,1934,1839,223830
GPP,1935,1839,223955
GPP,1936,1838,224065
GPP,1937,1838,224175
GPP,1938,1838,224301
GPP,1939,1838,224411
GPP,1940,1838,224536
GPP,1941,1838,224645
GPP,1942,1838,224755
GPP,1943,1838,224880
GPP,1944,1838,224990
GPP,1945,1838,225115
GPP,1946,1838,225226
GPP,1947,1838,225336
GPP,1948,1838,225461
GPP,1949,1838,225571
GPP,1950,1838,225680
GPP,1951,1838,225806
GPP,1952,1837,225915
GPP,1953,1837,226041
GPP,1954,1837,226151
GPP,1955,1837,226277
GPP,1956,1836,226386
GPP,1957,1836,226496
GPP,1958,1836,226621
GPP,1959,1836,226731
GPP,1960,1836,226857
GPP,1961,1836,226967
GPP,1962,1836,227077
GPP,1963,1836,227202
GPP,1964,1836,227312
GPP,1965,1836,227437
GPP,1966,1836,227546
GPP,1967,1836,227672
GPP,1968,1836,227782
GPP,1969,1836,227892
GPP,1970,1836,228017
GPP,1971,1836,228127
GPP,1972,1836,228252
GPP,1973,1836,228362
GPP,1974,1836,228472
GPP,1975,1836,228597
GPP,1976,1836,228707
GPP,1977,1836,228832
GPP,1978,1836,228942
GPP,1979,1836,229052
GPP,1980,1836,229177
GPP,1981,1836,229287
GPP,1982,1836,229412
GPP,1983,1836,229522
GPP,1984,1836,229632
GPP,1985,1836,229757
GPP,1986,1836,229867
GPP,1987,1836,229992
GPP,1988,1836,230102
GPP,1989,1836,230228
GPP,1990,1836,230338
GPP,1991,1836,230447
GPP,1992,1836,230572
GPP,1993,1836,230682
GPP,1994,1836,230808
GPP,1995,1836,230918
GPP,1996,1836,231043
GPP,1997,1836,231153
GPP,1998,1836,231262
GPP,1999,1836,231388
GPP,2000,1836,231497
GPP,2001,1836,231622
GPP,2002,1836,231732
GPP,2003,1836,231842
GPP,2004,1836,231967
GPP,2005,1836,232077
GPP,2006,1836,232203
GPP,2007,1836,232312
GPP,2008,1836,232422
GPP,2009,1836,232548
GPP,2010,1836,232657
GPP,2011,1836,232783
GPP,2012,1836,232892
GPP,2013,1836,233018
GPP,2014,1836,233128
GPP,2015,1836,233238
GPP,2016,1836,233363
GPP,2017,1836,233474
GPP,2018,1836,233599
GPP,2019,1836,233708
GPP,2020,1836,233834
GPP,2021,1836,233943
GPP,2022,1836,234053
GPP,2023,1836,234178
GPP,2024,1836,234288
GPP,2025,1836,234414
GPP,2026,1836,234523
GPP,2027,1836,234633
GPP,2028,1836,234759
GPP,2029,1836,234869
GPP,2030,1836,234994
GPP,2031,1836,235104
GPP,2032,1836,235214
GPP,2033,1836,235340
GPP,2034,1836,235449
GPP,2035,1836,235559
GPP,2036,1836,235685
GPP,2037,1836,235794
GPP,2038,1836,235920
GPP,2039,1836,236029
GPP,2040,1836,236139
GPP,2041,1836,236264
GPP,2042,1836,236374
GPP,2043,1836,236499
GPP,2044,1836,236609
GPP,2045,1836,236718
GPP,2046,1836,236844
GPP,2047,1836,236954
GPP,2048,1836,237064
GPP,2049,1836,237189
GPP,2050,1836,237299
GPP,2051,1836,237425
GPP,2052,1836,237535
GPP,2053,1836,237645
GPP,2054,1836,237770
GPP,2055,1836,237880
GPP,2056,1836,238006
GPP,2057,1836,238116
GPP,2058,1836,238225
GPP,2059,1836,238351
GPP,2060,1836,238461
GPP,2061,1836,238571
GPP,2062,1836,238696
GPP,2063,1836,238806
GPP,2064,1836,238924
GPP,2065,1836,239042
GPP,2066,1836,239152
GPP,2067,1836,239278
GPP,2068,1836,239392
GPP,2069,1836,239508
GPP,2070,1836,239622
GPP,2071,1836,239738
GPP,2072,1836,239853
GPP,2073,1836,239969
GPP,2074,1836,240083
GPP,2075,1836,240199
GPP,2076,1836,240314
GPP,2077,1836,240429
GPP,2078,1836,240531
GPP,2079,1836,240656
GPP,2080,1836,240766
GPP,2081,1836,240876
GPP,2082,1836,241002
GPP,2083,1836,241112
GPP,2084,1836,241222
GPP,2085,1836,241348
GPP,2086,1836,241458
GPP,2087,1836,241568
GPP,2088,1836,241694
GPP,2089,1836,241804
GPP,2090,1836,241914
GPP,2091,1836,242039
GPP,2092,1836,242149
GPP,2093,1836,242259
GPP,2094,1836,242369
GPP,2095,1836,242495
GPP,2096,1836,242605
GPP,2097,1836,242715
GPP,2098,1836,242841
GPP,2099,1836,242950
GPP,2100,1836,243061
GPP,2101,1836,243186
GPP,2102,1836,243296
GPP,2103,1836,243422
GPP,2104,1836,243532
GPP,2105,1836,243642
GPP,2106,1836,243768
GPP,2107,1835,243878
GPP,2108,1835,243988
GPP,2109,1835,244113
GPP,2110,1835,244223
GPP,2111,1835,244334
GPP,2112,1835,244459
GPP,2113,1835,244569
GPP,2114,1835,244695
GPP,2115,1835,244804
GPP,2116,1835,244914
GPP,2117,1835,245040
GPP,2118,1835,245150
GPP,2119,1835,245260
GPP,2120,1835,245386
GPP,2121,1835,245496
GPP,2122,1835,245621
GPP,2123,1835,245739
GPP,2124,1835,245842
GPP,2125,1835,245967
GPP,2126,1835,246077
GPP,2127,1835,246203
GPP,2128,1835,246313
GPP,2129,1835,246436
GPP,2130,1835,246552
GPP,2131,1835,246669
GPP,2132,1835,246785
GPP,2133,1835,246895
GPP,2134,1835,247005
GPP,2135,1835,247131
GPP,2136,1835,247240
GPP,2137,1835,247366
GPP,2138,1835,247475
GPP,2139,1835,247585
GPP,2140,1835,247710
GPP,2141,1835,247820
GPP,2142,1835,247945
GPP,2143,1835,248055
GPP,2144,1835,248164
GPP,2145,1835,248290
GPP,2146,1835,248399
GPP,2147,1835,248525
GPP,2148,1835,248635
GPP,2149,1835,248744
GPP,2150,1835,248870
GPP,2151,1835,248979
GPP,2152,1835,249105
GPP,2153,1835,249215
GPP,2154,1835,249340
GPP,2155,1835,249450
GPP,2156,1835,249560
GPP,2157,1835,249685
GPP,2158,1835,249795
GPP,2159,1835,249920
GPP,2160,1835,250030
GPP,2161,1835,250140
GPP,2162,1835,250265
GPP,2163,1835,250375
GPP,2164,1835,250500
GPP,2165,1835,250610
GPP,2166,1835,250720
GPP,2167,1835,250845
GPP,2168,1835,250955
GPP,2169,1835,251080
GPP,2170,1835,251190
GPP,2171,1835,251300
GPP,2172,1835,251425
GPP,2173,1835,251534
GPP,2174,1835,251660
GPP,2175,1835,251769
GPP,2176,1835,251880
GPP,2177,1835,252005
GPP,2178,1835,252115
GPP,2179,1835,252240
GPP,2180,1835,252350
GPP,2181,1835,252459
GPP,2182,1835,252585
GPP,2183,1835,252695
GPP,2184,1835,252804
GPP,2185,1835,252929
GPP,2186,1835,253039
GPP,2187,1835,253149
GPP,2188,1835,253275
GPP,2189,1835,253385
GPP,2190,1835,253495
GPP,2191,1835,253620
GPP,2192,1835,253730
GPP,2193,1835,253841
GPP,2194,1835,253967
GPP,2195,1835,254077
GPP,2196,1835,254187
GPP,2197,1835,254297
GPP,2198,1835,254423
GPP,2199,1835,254532
GPP,2200,1835,254642
GPP,2201,1835,254768
GPP,2202,1835,254878
GPP,2203,1835,254988
GPP,2204,1835,255098
GPP,2205,1835,255223
GPP,2206,1833,255333
GPP,2207,1833,255444
GPP,2208,1833,255569
GPP,2209,1833,255679
GPP,2210,1833,255789
GPP,2211,1833,255900
GPP,2212,1832,256025
GPP,2213,1832,256136
GPP,2214,1832,256246
GPP,2215,1832,256371
GPP,2216,1832,256481
GPP,2217,1832,256591
GPP,2218,1832,256717
GPP,2219,1832,256826
GPP,2220,1832,256936
GPP,2221,1832,257062
GPP,2222,1832,257172
GPP,2223,1832,257282
GPP,2224,1832,257408
GPP,2225,1832,257518
GPP,2226,1832,257628
GPP,2227,1832,257754
GPP,2228,1832,257864
GPP,2229,1832,257974
GPP,2230,1832,258099
GPP,2231,1832,258209
GPP,2232,1832,258319
GPP,2233,1832,258429
GPP,2234,1832,258555
GPP,2235,1832,258665
GPP,2236,1832,258775
GPP,2237,1832,258901
GPP,2238,1832,259011
GPP,2239,1832,259136
GPP,2240,1831,259246
GPP,2241,1831,259364
GPP,2242,1831,259482
GPP,2243,1831,259592
GPP,2244,1831,259702
GPP,2245,1831,259827
GPP,2246,1831,259937
GPP,2247,1831,260047
GPP,2248,1831,260173
GPP,2249,1831,260283
GPP,2250,1831,260408
GPP,2251,1831,260518
GPP,2252,1831,260628
GPP,2253,1831,260754
GPP,2254,1831,260864
GPP,2255,1831,260974
GPP,2256,1831,261100
GPP,2257,1831,261210
GPP,2258,1831,261336
GPP,2259,1831,261446
GPP,2260,1831,261556
GPP,2261,1831,261682
GPP,2262,1831,261791
GPP,2263,1831,261917
GPP,2264,1831,262027
GPP,2265,1831,262137
GPP,2266,1831,262263
GPP,2267,1831,262373
GPP,2268,1831,262498
GPP,2269,1831,262609
GPP,2270,1831,262719
GPP,2271,1831,262844
GPP,2272,1831,262954
GPP,2273,1831,263064
GPP,2274,1831,263190
GPP,2275,1831,263300
GPP,2276,1831,263426
GPP,2277,1831,263536
GPP,2278,1831,263646
GPP,2279,1831,263771
GPP,2280,1831,263881
GPP,2281,1831,264007
GPP,2282,1831,264117
GPP,2283,1831,264227
GPP,2284,1831,264352
GPP,2285,1831,264462
GPP,2286,1831,264588
GPP,2287,1831,264698
GPP,2288,1831,264816
GPP,2289,1831,264934
GPP,2290,1831,265044
GPP,2291,1831,265169
GPP,2292,1831,265279
GPP,2293,1831,265405
GPP,2294,1831,265515
GPP,2295,1831,265625
GPP,2296,1831,265751
GPP,2297,1831,265861
GPP,2298,1831,265986
GPP,2299,1831,266096
GPP,2300,1831,266206
GPP,2301,1831,266331
GPP,2302,1831,266442
GPP,2303,1831,266567
GPP,2304,1831,266677
GPP,2305,1831,266788
GPP,2306,1831,266913
GPP,2307,1831,267024
GPP,2308,1831,267149
GPP,2309,1831,267259
GPP,2310,1831,267369
GPP,2311,1831,267495
GPP,2312,1831,267604
GPP,2313,1831,267730
GPP,2314,1831,267840
GPP,2315,1831,267950
GPP,2316,1831,268075
GPP,2317,1831,268186
GPP,2318,1831,268311
GPP,2319,1831,268420
GPP,2320,1831,268546
GPP,2321,1831,268656
GPP,2322,1831,268766
GPP,2323,1831,268893
GPP,2324,1831,269002
GPP,2325,1831,269112
GPP,2326,1831,269238
GPP,2327,1831,269348
GPP,2328,1831,269458
GPP,2329,1831,269583
GPP,2330,1831,269693
GPP,2331,1831,269819
GPP,2332,1831,269929
GPP,2333,1831,270038
GPP,2334,1831,270164
GPP,2335,1831,270274
GPP,2336,1831,270384
GPP,2337,1831,270510
GPP,2338,1831,270620
GPP,2339,1831,270730
GPP,2340,1831,270840
GPP,2341,1831,270966
GPP,2342,1831,271076
GPP,2343,1831,271186
GPP,2344,1831,271312
GPP,2345,1831,271422
GPP,2346,1831,271532
GPP,2347,1831,271658
GPP,2348,1831,271768
GPP,2349,1831,271877
GPP,2350,1831,272003
GPP,2351,1831,272113
GPP,2352,1831,272238
GPP,2353,1831,272348
GPP,2354,1831,272458
GPP,2355,1831,272568
GPP,2356,1831,272693
GPP,2357,1831,272803
GPP,2358,1831,272912
GPP,2359,1831,273038
GPP,2360,1831,273148
GPP,2361,1831,273257
GPP,2362,1831,273383
GPP,2363,1831,273492
GPP,2364,1831,273602
GPP,2365,1831,273727
GPP,2366,1831,273837
GPP,2367,1831,273946
GPP,2368,1831,274072
GPP,2369,1831,274182
GPP,2370,1831,274291
GPP,2371,1831,274417
GPP,2372,1831,274527
GPP,2373,1831,274637
GPP,2374,1831,274762
GPP,2375,1831,274871
GPP,2376,1831,274981
GPP,2377,1831,275107
GPP,2378,1831,275216
GPP,2379,1831,275342
GPP,2380,1831,275452
GPP,2381,1831,275562
GPP,2382,1831,275687
GPP,2383,1831,275797
GPP,2384,1831,275907
GPP,2385,1831,276033
GPP,2386,1831,276143
GPP,2387,1831,276252
GPP,2388,1831,276378
GPP,2389,1831,276487
GPP,2390,1831,276613
GPP,2391,1831,276723
GPP,2392,1831,276832
GPP,2393,1831,276958
GPP,2394,1831,277068
GPP,2395,1831,277178
GPP,2396,1831,277303
GPP,2397,1830,277413
GPP,2398,1830,277538
GPP,2399,1830,277648
GPP,2400,1830,277758
GPP,2401,1830,277883
GPP,2402,1830,277993
GPP,2403,1830,278119
GPP,2404,1830,278228
GPP,2405,1830,278354
GPP,2406,1830,278464
GPP,2407,1830,278573
GPP,2408,1830,278699
GPP,2409,1830,278809
GPP,2410,1830,278934
GPP,2411,1830,279044
GPP,2412,1830,279154
GPP,2413,1830,279280
GPP,2414,1830,279390
GPP,2415,1830,279515
GPP,2416,1830,279625
GPP,2417,1830,279735
GPP,2418,1830,279861
GPP,2419,1830,279971
GPP,2420,1830,280096
GPP,2421,1830,280206
GPP,2422,1830,280316
GPP,2423,1830,280442
GPP,2424,1830,280552
GPP,2425,1830,280662
GPP,2426,1830,280787
GPP,2427,1830,280897
GPP,2428,1830,281022
GPP,2429,1830,281132
GPP,2430,1830,281258
GPP,2431,1830,281367
GPP,2432,1830,281477
GPP,2433,1830,281602
GPP,2434,1830,281712
GPP,2435,1830,281838
GPP,2436,1830,281954
GPP,2437,1830,282061
GPP,2438,1830,282183
GPP,2439,1830,282293
GPP,2440,1830,282418
GPP,2441,1830,282536
GPP,2442,1830,282638
GPP,2443,1830,282764
GPP,2444,1830,282873
GPP,2445,1830,282999
GPP,2446,1830,283109
GPP,2447,1830,283219
GPP,2448,1830,283344
GPP,2449,1830,283454
GPP,2450,1830,283580
GPP,2451,1830,283689
GPP,2452,1830,283799
GPP,2453,1830,283925
GPP,2454,1830,284035
GPP,2455,1830,284160
GPP,2456,1830,284270
GPP,2457,1830,284380
GPP,2458,1830,284505
GPP,2459,1830,284615
GPP,2460,1830,284740
GPP,2461,1830,284850
GPP,2462,1830,284960
GPP,2463,1830,285085
GPP,2464,1830,285195
GPP,2465,1830,285321
GPP,2466,1830,285430
GPP,2467,1830,285540
GPP,2468,1830,285665
GPP,2469,1830,285775
GPP,2470,1830,285901
GPP,2471,1830,286010
GPP,2472,1830,286120
GPP,2473,1830,286246
GPP,2474,1830,286355
GPP,2475,1830,286465
GPP,2476,1830,286590
GPP,2477,1830,286700
GPP,2478,1830,286810
GPP,2479,1830,286935
GPP,2480,1830,287045
GPP,2481,1830,287170
GPP,2482,1830,287280
GPP,2483,1830,287390
GPP,2484,1830,287515
GPP,2485,1830,287630
GPP,2486,1830,287734
GPP,2487,1830,287860
GPP,2488,1830,287970
GPP,2489,1830,288080
GPP,2490,1830,288190
GPP,2491,1830,288316
GPP,2492,1830,288426
GPP,2493,1830,288536
GPP,2494,1830,288662
GPP,2495,1830,288772
GPP,2496,1830,288882
GPP,2497,1830,289007
GPP,2498,1830,289118
GPP,2499,1830,289227
GPP,2500,1830,289351
GPP,2501,1830,289463
GPP,2502,1830,289573
GPP,2503,1830,289683
GPP,2504,1830,289809
GPP,2505,1830,289919
GPP,2506,1830,290029
GPP,2507,1830,290154
GPP,2508,1830,290265
GPP,2509,1830,290375
GPP,2510,1830,290500
GPP,2511,1830,290610
GPP,2512,1830,290720
GPP,2513,1830,290830
GPP,2514,1830,290956
GPP,2515,1830,291065
GPP,2516,1830,291175
GPP,2517,1830,291301
GPP,2518,1830,291410
GPP,2519,1830,291521
GPP,2520,1830,291646
GPP,2521,1830,291756
GPP,2522,1830,291866
GPP,2523,1830,291992
GPP,2524,1830,292101
GPP,2525,1830,292211
GPP,2526,1830,292337
GPP,2527,1830,292446
GPP,2528,1830,292556
GPP,2529,1830,292682
GPP,2530,1830,292791
GPP,2531,1830,292917
GPP,2532,1830,293027
GPP,2533,1830,293136
GPP,2534,1830,293262
GPP,2535,1830,293372
GPP,2536,1830,293482
GPP,2537,1830,293608
GPP,2538,1830,293718
GPP,2539,1830,293844
GPP,2540,1830,293954
GPP,2541,1830,294079
GPP,2542,1830,294189
GPP,2543,1830,294299
GPP,2544,1830,294425
GPP,2545,1830,294535
GPP,2546,1830,294645
GPP,2547,1830,294770
GPP,2548,1830,294880
GPP,2549,1830,295006
GPP,2550,1830,295116
GPP,2551,1830,295226
GPP,2552,1830,295352
GPP,2553,1830,295462
GPP,2554,1830,295588
GPP,2555,1830,295698
GPP,2556,1830,295807
GPP,2557,1830,295933
GPP,2558,1830,296043
GPP,2559,1830,296169
GPP,2560,1830,296279
GPP,2561,1830,296389
GPP,2562,1830,296514
GPP,2563,1830,296624
GPP,2564,1830,296750
GPP,2565,1830,296860
GPP,2566,1830,296970
GPP,2567,1830,297095
GPP,2568,1830,297205
GPP,2569,1830,297315
GPP,2570,1830,297441
GPP,2571,1830,297551
GPP,2572,1830,297677
GPP,2573,1830,297787
GPP,2574,1830,297913
GPP,2575,1830,298022
GPP,2576,1830,298132
GPP,2577,1830,298258
GPP,2578,1830,298368
GPP,2579,1830,298493
GPP,2580,1830,298603
GPP,2581,1830,298729
GPP,2582,1830,298839
GPP,2583,1830,298949
GPP,2584,1830,299074
GPP,2585,1830,299184
GPP,2586,1830,299310
GPP,2587,1830,299420
GPP,2588,1830,299530
GPP,2589,1830,299655
GPP,2590,1830,299765
GPP,2591,1830,299891
GPP,2592,1830,300001
GPP,2593,1830,300111
GPP,2594,1830,300236
GPP,2595,1830,300346
GPP,2596,1830,300471
GPP,2597,1830,300588
GPP,2598,1830,300691
GPP,2599,1830,300817
GPP,2600,1830,300926
GPP,2601,1830,301052
GPP,2602,1830,301162
GPP,2603,1830,301287
GPP,2604,1830,301397
GPP,2605,1830,301506
GPP,2606,1830,301632
GPP,2607,1830,301742
GPP,2608,1830,301868
GPP,2609,1830,301978
GPP,2610,1830,302103
GPP,2611,1830,302213
GPP,2612,1830,302323
GPP,2613,1830,302449
GPP,2614,1830,302559
GPP,2615,1830,302684
GPP,2616,1830,302794
GPP,2617,1830,302904
GPP,2618,1830,303030
GPP,2619,1830,303140
GPP,2620,1830,303266
GPP,2621,1830,303376
GPP,2622,1830,303486
GPP,2623,1830,303611
GPP,2624,1830,303721
GPP,2625,1830,303847
GPP,2626,1830,303957
GPP,2627,1830,304082
GPP,2628,1830,304192
GPP,2629,1830,304302
GPP,2630,1830,304428
GPP,2631,1830,304538
GPP,2632,1830,304664
GPP,2633,1830,304774
GPP,2634,1830,304883
GPP,2635,1830,305009
GPP,2636,1830,305119
GPP,2637,1830,305245
GPP,2638,1830,305355
GPP,2639,1830,305480
GPP,2640,1830,305590
GPP,2641,1830,305708
GPP,2642,1830,305826
GPP,2643,1830,305935
GPP,2644,1830,306061
GPP,2645,1830,306170
GPP,2646,1830,306296
GPP,2647,1830,306406
GPP,2648,1830,306515
GPP,2649,1830,306641
GPP,2650,1830,306750
GPP,2651,1830,306876
GPP,2652,1830,306985
GPP,2653,1830,307095
GPP,2654,1830,307220
GPP,2655,1830,307330
GPP,2656,1830,307455
GPP,2657,1830,307565
GPP,2658,1830,307691
GPP,2659,1830,307801
GPP,2660,1830,307910
GPP,2661,1830,308036
GPP,2662,1830,308145
GPP,2663,1830,308271
GPP,2664,1830,308381
GPP,2665,1830,308491
GPP,2666,1830,308616
GPP,2667,1830,308726
GPP,2668,1830,308851
GPP,2669,1830,308961
GPP,2670,1830,309086
GPP,2671,1830,309196
GPP,2672,1830,309305
GPP,2673,1830,309431
GPP,2674,1830,309540
GPP,2675,1830,309666
GPP,2676,1830,309775
GPP,2677,1830,309885
GPP,2678,1830,310011
GPP,2679,1830,310121
GPP,2680,1830,310230
GPP,2681,1830,310356
GPP,2682,1830,310466
GPP,2683,1830,310591
GPP,2684,1830,310701
GPP,2685,1830,310810
GPP,2686,1830,310936
GPP,2687,1830,311045
GPP,2688,1830,311163
GPP,2689,1830,311281
GPP,2690,1830,311391
GPP,2691,1830,311516
GPP,2692,1830,311625
GPP,2693,1830,311735
GPP,2694,1830,311860
GPP,2695,1830,311970
GPP,2696,1830,312080
GPP,2697,1830,312206
GPP,2698,1830,312315
GPP,2699,1830,312441
GPP,2700,1830,312551
GPP,2701,1830,312660
GPP,2702,1830,312786
GPP,2703,1830,312896
GPP,2704,1830,313005
GPP,2705,1830,313131
GPP,2706,1830,313240
GPP,2707,1830,313366
GPP,2708,1830,313475
GPP,2709,1830,313585
GPP,2710,1830,313710
GPP,2711,1830,313820
GPP,2712,1830,313930
GPP,2713,1830,314055
GPP,2714,1830,314165
GPP,2715,1830,314290
GPP,2716,1830,314400
GPP,2717,1830,314509
GPP,2718,1830,314635
GPP,2719,1830,314744
GPP,2720,1830,314854
GPP,2721,1830,314979
GPP,2722,1830,315089
GPP,2723,1830,315214
GPP,2724,1830,315324
GPP,2725,1830,315434
GPP,2726,1830,315559
GPP,2727,1830,315668
GPP,2728,1830,315778
GPP,2729,1830,315904
GPP,2730,1830,316014
GPP,2731,1830,316139
GPP,2732,1830,316249
GPP,2733,1830,316375
GPP,2734,1830,316484
GPP,2735,1830,316594
GPP,2736,1830,316719
GPP,2737,1830,316829
GPP,2738,1830,316939
GPP,2739,1830,317064
GPP,2740,1830,317174
GPP,2741,1830,317299
GPP,2742,1830,317409
GPP,2743,1830,317519
GPP,2744,1830,317644
GPP,2745,1830,317754
GPP,2746,1830,317863
GPP,2747,1830,317989
GPP,2748,1830,318099
GPP,2749,1830,318225
GPP,2750,1830,318334
GPP,2751,1830,318444
GPP,2752,1830,318569
GPP,2753,1830,318679
GPP,2754,1830,318789
GPP,2755,1830,318914
GPP,2756,1830,319024
GPP,2757,1830,319149
GPP,2758,1830,319259
GPP,2759,1830,319369
GPP,2760,1830,319494
GPP,2761,1830,319604
GPP,2762,1830,319729
GPP,2763,1830,319839
GPP,2764,1830,319949
GPP,2765,1830,320074
GPP,2766,1830,320184
GPP,2767,1830,320293
GPP,2768,1830,320419
GPP,2769,1830,320529
GPP,2770,1830,320654
GPP,2771,1830,320764
GPP,2772,1830,320874
GPP,2773,1830,320999
GPP,2774,1830,321109
GPP,2775,1830,321234
GPP,2776,1830,321344
GPP,2777,1830,321453
GPP,2778,1830,321579
GPP,2779,1830,321689
GPP,2780,1830,321798
GPP,2781,1830,321924
GPP,2782,1830,322034
GPP,2783,1830,322160
GPP,2784,1830,322270
GPP,2785,1830,322379
GPP,2786,1830,322505
GPP,2787,1830,322614
GPP,2788,1830,322724
GPP,2789,1830,322850
GPP,2790,1830,322959
GPP,2791,1830,323085
GPP,2792,1830,323194
GPP,2793,1830,323304
GPP,2794,1830,323432
GPP,2795,1830,323539
GPP,2796,1830,323649
GPP,2797,1830,323774
GPP,2798,1830,323884
GPP,2799,1830,324010
GPP,2800,1830,324120
GPP,2801,1830,324229
GPP,2802,1830,324354
GPP,2803,1830,324464
GPP,2804,1830,324574
GPP,2805,1830,324699
GPP,2806,1830,324809
GPP,2807,1830,324919
GPP,2808,1830,325044
GPP,2809,1830,325154
GPP,2810,1830,325279
GPP,2811,1830,325389
GPP,2812,1830,325498
GPP,2813,1830,325624
GPP,2814,1830,325733
GPP,2815,1830,325859
GPP,2816,1830,325968
GPP,2817,1830,326078
GPP,2818,1830,326203
GPP,2819,1830,326313
GPP,2820,1830,326423
GPP,2821,1830,326548
GPP,2822,1830,326658
GPP,2823,1830,326783
GPP,2824,1830,326893
GPP,2825,1830,327002
GPP,2826,1830,327127
GPP,2827,1830,327237
GPP,2828,1830,327363
GPP,2829,1830,327472
GPP,2830,1830,327582
GPP,2831,1830,327707
GPP,2832,1830,327817
GPP,2833,1830,327927
GPP,2834,1830,328053
GPP,2835,1830,328163
GPP,2836,1830,328288
GPP,2837,1830,328398
GPP,2838,1830,328508
GPP,2839,1830,328633
GPP,2840,1830,328743
GPP,2841,1830,328853
GPP,2842,1830,328978
GPP,2843,1830,329089
GPP,2844,1830,329214
GPP,2845,1830,329324
GPP,2846,1830,329433
GPP,2847,1830,329559
GPP,2848,1830,329668
GPP,2849,1830,329793
GPP,2850,1830,329903
GPP,2851,1830,330013
GPP,2852,1830,330138
GPP,2853,1830,330256
GPP,2854,1830,330374
GPP,2855,1830,330483
GPP,2856,1830,330593
GPP,2857,1830,330719
GPP,2858,1830,330829
GPP,2859,1830,330954
GPP,2860,1830,331064
GPP,2861,1830,331173
GPP,2862,1830,331299
GPP,2863,1830,331409
GPP,2864,1830,331518
GPP,2865,1830,331644
GPP,2866,1830,331753
GPP,2867,1830,331863
GPP,2868,1830,331988
GPP,2869,1830,332098
GPP,2870,1830,332224
GPP,2871,1830,332333
GPP,2872,1830,332443
GPP,2873,1830,332569
GPP,2874,1830,332686
GPP,2875,1830,332789
GPP,2876,1830,332914
GPP,2877,1830,333024
GPP,2878,1830,333133
GPP,2879,1830,333259
GPP,2880,1830,333369
GPP,2881,1830,333494
GPP,2882,1830,333604
GPP,2883,1830,333713
GPP,2884,1830,333839
GPP,2885,1830,333948
GPP,2886,1830,334074
GPP,2887,1830,334184
GPP,2888,1830,334293
GPP,2889,1830,334419
GPP,2890,1830,334529
GPP,2891,1830,334638
GPP,2892,1830,334764
GPP,2893,1830,334873
GPP,2894,1830,334999
GPP,2895,1830,335108
GPP,2896,1830,335234
GPP,2897,1830,335343
GPP,2898,1830,335453
GPP,2899,1830,335579
GPP,2900,1830,335697
GPP,2901,1830,335799
GPP,2902,1830,335924
GPP,2903,1830,336034
GPP,2904,1830,336160
GPP,2905,1830,336270
GPP,2906,1830,336379
GPP,2907,1830,336505
GPP,2908,1830,336615
GPP,2909,1830,336725
GPP,2910,1830,336851
GPP,2911,1830,336961
GPP,2912,1830,337086
GPP,2913,1830,337196
GPP,2914,1830,337306
GPP,2915,1830,337436
GPP,2916,1830,337551
GPP,2917,1830,337667
GPP,2918,1830,337783
GPP,2919,1830,337898
GPP,2920,1830,338014
GPP,2921,1830,338130
GPP,2922,1830,338245
GPP,2923,1830,338361
GPP,2924,1830,338477
GPP,2925,1830,338586
GPP,2926,1830,338712
GPP,2927,1830,338822
GPP,2928,1830,338932
GPP,2929,1830,339057
GPP,2930,1830,339167
GPP,2931,1830,339277
GPP,2932,1830,339403
GPP,2933,1830,339513
GPP,2934,1830,339623
GPP,2935,1830,339748
GPP,2936,1830,339858
GPP,2937,1830,339984
GPP,2938,1830,340094
GPP,2939,1830,340204
GPP,2940,1830,340329
GPP,2941,1830,340439
GPP,2942,1830,340549
GPP,2943,1830,340675
GPP,2944,1830,340785
GPP,2945,1830,340895
GPP,2946,1830,341020
GPP,2947,1830,341130
GPP,2948,1830,341256
GPP,2949,1830,341366
GPP,2950,1830,341475
GPP,2951,1830,341601
GPP,2952,1830,341711
GPP,2953,1830,341821
GPP,2954,1830,341946
GPP,2955,1830,342056
GPP,2956,1830,342182
GPP,2957,1830,342292
GPP,2958,1830,342402
GPP,2959,1830,342528
GPP,2960,1830,342637
GPP,2961,1830,342763
GPP,2962,1830,342873
GPP,2963,1830,342999
GPP,2964,1830,343109
GPP,2965,1830,343218
GPP,2966,1830,343344
GPP,2967,1830,343454
GPP,2968,1830,343579
GPP,2969,1830,343689
GPP,2970,1830,343814
GPP,2971,1830,343924
GPP,2972,1830,344033
GPP,2973,1830,344160
GPP,2974,1830,344269
GPP,2975,1830,344379
GPP,2976,1830,344504
GPP,2977,1830,344614
GPP,2978,1830,344739
GPP,2979,1830,344849
GPP,2980,1830,344959
GPP,2981,1830,345084
GPP,2982,1830,345194
GPP,2983,1830,345304
GPP,2984,1830,345439
GPP,2985,1830,345554
GPP,2986,1830,345669
GPP,2987,1830,345785
GPP,2988,1830,345901
GPP,2989,1830,346017
GPP,2990,1830,346135
GPP,2991,1830,346237
GPP,2992,1830,346362
GPP,2993,1830,346472
GPP,2994,1830,346599
GPP,2995,1830,346707
GPP,2996,1830,346817
GPP,2997,1830,346942
GPP,2998,1830,347052
GPP,2999,1830,347177
GPP,3000,1830,347287
GPP,3001,1830,347396
GPP,3002,1830,347522
GPP,3003,1830,347631
GPP,3004,1830,347757
GPP,3005,1830,347867
GPP,3006,1830,347977
GPP,3007,1830,348103
GPP,3008,1830,348213
GPP,3009,1830,348323
GPP,3010,1830,348448
GPP,3011,1830,348558
GPP,3012,1830,348683
GPP,3013,1830,348793
GPP,3014,1830,348902
GPP,3015,1830,349028
GPP,3016,1830,349137
GPP,3017,1830,349263
GPP,3018,1830,349373
GPP,3019,1830,349483
GPP,3020,1830,349608
GPP,3021,1830,349718
GPP,3022,1830,349827
GPP,3023,1830,349953
GPP,3024,1830,350062
GPP,3025,1830,350188
GPP,3026,1830,350298
GPP,3027,1830,350408
GPP,3028,1830,350533
GPP,3029,1830,350643
GPP,3030,1830,350769
GPP,3031,1830,350878
GPP,3032,1830,350989
GPP,3033,1830,351115
GPP,3034,1830,351224
GPP,3035,1830,351349
GPP,3036,1830,351459
GPP,3037,1830,351569
GPP,3038,1830,351694
GPP,3039,1830,351804
GPP,3040,1830,351913
GPP,3041,1830,352039
GPP,3042,1830,352149
GPP,3043,1830,352274
GPP,3044,1830,352384
GPP,3045,1830,352510
GPP,3046,1830,352619
GPP,3047,1830,352729
GPP,3048,1830,352854
GPP,3049,1830,352964
GPP,3050,1830,353074
GPP,3051,1830,353199
GPP,3052,1830,353310
GPP,3053,1830,353435
GPP,3054,1830,353546
GPP,3055,1830,353656
GPP,3056,1830,353781
GPP,3057,1830,353891
GPP,3058,1830,354001
GPP,3059,1830,354127
GPP,3060,1830,354237
GPP,3061,1830,354347
GPP,3062,1830,354473
GPP,3063,1830,354583
GPP,3064,1830,354693
GPP,3065,1830,354818
GPP,3066,1830,354928
GPP,3067,1830,355054
GPP,3068,1830,355164
GPP,3069,1830,355274
GPP,3070,1830,355400
GPP,3071,1830,355510
GPP,3072,1830,355635
GPP,3073,1830,355745
GPP,3074,1830,355855
GPP,3075,1830,355981
GPP,3076,1830,356090
GPP,3077,1830,356201
GPP,3078,1830,356326
GPP,3079,1830,356436
GPP,3080,1830,356562
GPP,3081,1830,356671
GPP,3082,1830,356781
GPP,3083,1830,356907
GPP,3084,1830,357017
GPP,3085,1830,357127
GPP,3086,1830,357253
GPP,3087,1830,357363
GPP,3088,1830,357472
GPP,3089,1830,357598
GPP,3090,1830,357708
GPP,3091,1830,357834
GPP,3092,1830,357944
GPP,3093,1830,358054
GPP,3094,1830,358179
GPP,3095,1830,358289
GPP,3096,1830,358408
GPP,3097,1830,358525
GPP,3098,1830,358635
GPP,3099,1830,358745
GPP,3100,1830,358873
GPP,3101,1830,358981
GPP,3102,1830,359091
GPP,3103,1830,359216
GPP,3104,1830,359326
GPP,3105,1830,359436
GPP,3106,1830,359562
GPP,3107,1830,359672
GPP,3108,1830,359782
GPP,3109,1830,359908
GPP,3110,1830,360018
GPP,3111,1830,360143
GPP,3112,1830,360253
GPP,3113,1830,360363
GPP,3114,1830,360489
GPP,3115,1830,360599
GPP,3116,1830,360709
GPP,3117,1830,360835
GPP,3118,1830,360945
GPP,3119,1830,361055
GPP,3120,1830,361181
GPP,3121,1830,361290
GPP,3122,1830,361416
GPP,3123,1830,361526
GPP,3124,1830,361636
GPP,3125,1830,361762
GPP,3126,1830,361872
GPP,3127,1830,361982
GPP,3128,1830,362107
GPP,3129,1830,362217
GPP,3130,1830,362327
GPP,3131,1830,362453
GPP,3132,1830,362571
GPP,3133,1830,362687
GPP,3134,1830,362803
GPP,3135,1830,362917
GPP,3136,1830,363033
GPP,3137,1830,363148
GPP,3138,1830,363265
GPP,3139,1830,363381
GPP,3140,1830,363496
GPP,3141,1830,363612
GPP,3142,1830,363726
GPP,3143,1830,363829
GPP,3144,1830,363955
GPP,3145,1830,364065
GPP,3146,1830,364175
GPP,3147,1830,364301
GPP,3148,1830,364410
GPP,3149,1830,364536
GPP,3150,1830,364646
GPP,3151,1830,364756
GPP,3152,1830,364881
GPP,3153,1830,364991
GPP,3154,1830,365101
GPP,3155,1830,365227
GPP,3156,1830,365337
GPP,3157,1830,365447
GPP,3158,1830,365573
GPP,3159,1830,365691
GPP,3160,1830,365808
GPP,3161,1830,365918
GPP,3162,1830,366028
GPP,3163,1830,366155
GPP,3164,1830,366265
GPP,3165,1830,366375
GPP,3166,1830,366500
GPP,3167,1830,366610
GPP,3168,1830,366720
GPP,3169,1830,366846
GPP,3170,1830,366956
GPP,3171,1830,367066
GPP,3172,1830,367192
GPP,3173,1830,367302
GPP,3174,1830,367412
GPP,3175,1830,367537
GPP,3176,1830,367647
GPP,3177,1830,367757
GPP,3178,1830,367883
GPP,3179,1830,367992
GPP,3180,1830,368118
GPP,3181,1830,368228
GPP,3182,1830,368351
GPP,3183,1830,368465
GPP,3184,1830,368582
GPP,3185,1830,368696
GPP,3186,1830,368813
GPP,3187,1830,368928
GPP,3188,1830,369044
GPP,3189,1830,369161
GPP,3190,1830,369269
GPP,3191,1830,369394
GPP,3192,1830,369503
GPP,3193,1830,369613
GPP,3194,1830,369738
GPP,3195,1830,369848
GPP,3196,1830,369974
GPP,3197,1830,370083
GPP,3198,1830,370193
GPP,3199,1830,370319
GPP,3200,1830,370429
GPP,3201,1830,370538
GPP,3202,1830,370664
GPP,3203,1830,370773
GPP,3204,1830,370883
GPP,3205,1830,371009
GPP,3206,1830,371118
GPP,3207,1830,371244
GPP,3208,1830,371354
GPP,3209,1830,371464
GPP,3210,1830,371590
GPP,3211,1830,371699
GPP,3212,1830,371824
GPP,3213,1830,371934
GPP,3214,1830,372044
GPP,3215,1830,372169
GPP,3216,1830,372279
GPP,3217,1830,372389
GPP,3218,1830,372515
GPP,3219,1830,372624
GPP,3220,1830,372734
GPP,3221,1830,372860
GPP,3222,1830,372969
GPP,3223,1830,373095
GPP,3224,1830,373205
GPP,3225,1830,373314
GPP,3226,1830,373439
GPP,3227,1830,373549
GPP,3228,1830,373659
GPP,3229,1830,373784
GPP,3230,1830,373895
GPP,3231,1830,374020
GPP,3232,1830,374130
GPP,3233,1830,374240
GPP,3234,1830,374365
GPP,3235,1830,374475
GPP,3236,1830,374585
GPP,3237,1830,374711
GPP,3238,1830,374821
GPP,3239,1830,374931
GPP,3240,1830,375057
GPP,3241,1830,375167
GPP,3242,1830,375277
GPP,3243,1830,375403
GPP,3244,1830,375513
GPP,3245,1830,375623
GPP,3246,1830,375748
GPP,3247,1830,375858
GPP,3248,1830,375984
GPP,3249,1830,376094
GPP,3250,1830,376219
GPP,3251,1830,376329
GPP,3252,1830,376439
GPP,3253,1830,376565
GPP,3254,1830,376675
GPP,3255,1830,376785
GPP,3256,1830,376911
GPP,3257,1830,377021
GPP,3258,1830,377147
GPP,3259,1830,377256
GPP,3260,1830,377382
GPP,3261,1830,377492
GPP,3262,1830,377602
GPP,3263,1830,377728
GPP,3264,1830,377838
GPP,3265,1830,377948
GPP,3266,1830,378074
GPP,3267,1830,378184
GPP,3268,1830,378310
GPP,3269,1830,378420
GPP,3270,1830,378530
GPP,3271,1830,378656
GPP,3272,1830,378766
GPP,3273,1830,378876
GPP,3274,1830,379001
GPP,3275,1830,379111
GPP,3276,1830,379237
GPP,3277,1830,379347
GPP,3278,1830,379457
GPP,3279,1830,379582
GPP,3280,1830,379692
GPP,3281,1830,379802
GPP,3282,1830,379928
GPP,3283,1830,380038
GPP,3284,1830,380163
GPP,3285,1830,380273
GPP,3286,1830,380383
GPP,3287,1830,380509
GPP,3288,1830,380619
GPP,3289,1830,380729
GPP,3290,1830,380854
GPP,3291,1830,380963
GPP,3292,1830,381089
GPP,3293,1830,381199
GPP,3294,1830,381308
GPP,3295,1830,381433
GPP,3296,1830,381543
GPP,3297,1830,381668
GPP,3298,1830,381778
GPP,3299,1830,381888
GPP,3300,1830,382013
GPP,3301,1830,382123
GPP,3302,1830,382232
GPP,3303,1830,382358
GPP,3304,1830,382467
GPP,3305,1830,382593
GPP,3306,1830,382702
GPP,3307,1830,382812
GPP,3308,1830,382937
GPP,3309,1830,383047
GPP,3310,1830,383173
GPP,3311,1830,383282
GPP,3312,1830,383392
GPP,3313,1830,383518
GPP,3314,1830,383627
GPP,3315,1830,383753
GPP,3316,1830,383862
GPP,3317,1830,383972
GPP,3318,1830,384098
GPP,3319,1830,384207
GPP,3320,1830,384317
GPP,3321,1830,384443
GPP,3322,1830,384552
GPP,3323,1830,384678
GPP,3324,1830,384788
GPP,3325,1830,384898
GPP,3326,1830,385023
GPP,3327,1830,385133
GPP,3328,1830,385258
GPP,3329,1830,385367
GPP,3330,1830,385477
GPP,3331,1830,385603
GPP,3332,1830,385713
GPP,3333,1830,385838
GPP,3334,1830,385948
GPP,3335,1830,386057
GPP,3336,1830,386183
GPP,3337,1830,386293
GPP,3338,1830,386403
GPP,3339,1830,386529
GPP,3340,1830,386638
GPP,3341,1830,386786
GPP,3342,1830,386891
GPP,3343,1830,387016
GPP,3344,1830,387127
GPP,3345,1830,387236
GPP,3346,1830,387361
GPP,3347,1830,387471
GPP,3348,1830,387596
GPP,3349,1830,387706
GPP,3350,1830,387816
GPP,3351,1830,387942
GPP,3352,1830,388051
GPP,3353,1830,388161
GPP,3354,1830,388287
GPP,3355,1830,388396
GPP,3356,1830,388521
GPP,3357,1830,388631
GPP,3358,1830,388741
GPP,3359,1830,388867
GPP,3360,1830,388977
GPP,3361,1830,389087
GPP,3362,1830,389213
GPP,3363,1830,389323
GPP,3364,1830,389433
GPP,3365,1830,389558
GPP,3366,1830,389668
GPP,3367,1830,389779
GPP,3368,1830,389904
GPP,3369,1830,390014
GPP,3370,1830,390140
GPP,3371,1830,390250
GPP,3372,1830,390376
GPP,3373,1830,390485
GPP,3374,1830,390596
GPP,3375,1830,390722
GPP,3376,1830,390832
GPP,3377,1830,390942
GPP,3378,1830,391067
GPP,3379,1830,391177
GPP,3380,1830,391287
GPP,3381,1830,391413
GPP,3382,1830,391525
GPP,3383,1830,391648
GPP,3384,1830,391758
GPP,3385,1830,391868
GPP,3386,1830,391994
GPP,3387,1830,392105
GPP,3388,1830,392215
GPP,3389,1830,392340
GPP,3390,1830,392450
GPP,3391,1830,392560
GPP,3392,1830,392686
GPP,3393,1830,392796
GPP,3394,1830,392906
GPP,3395,1830,393032
GPP,3396,1830,393142
GPP,3397,1830,393267
GPP,3398,1830,393377
GPP,3399,1830,393487
GPP,3400,1830,393612
GPP,3401,1830,393722
GPP,3402,1830,393832
GPP,3403,1830,393958
GPP,3404,1830,394068
GPP,3405,1830,394178
GPP,3406,1830,394307
GPP,3407,1830,394414
GPP,3408,1830,394524
GPP,3409,1830,394649
GPP,3410,1830,394759
GPP,3411,1830,394869
GPP,3412,1830,394995
GPP,3413,1830,395104
GPP,3414,1830,395230
GPP,3415,1830,395340
GPP,3416,1830,395450
GPP,3417,1830,395575
GPP,3418,1830,395685
GPP,3419,1830,395811
GPP,3420,1830,395921
GPP,3421,1830,396031
GPP,3422,1830,396157
GPP,3423,1830,396266
GPP,3424,1830,396377
GPP,3425,1830,396502
GPP,3426,1830,396612
GPP,3427,1830,396722
GPP,3428,1830,396848
GPP,3429,1830,396958
GPP,3430,1830,397084
GPP,3431,1830,397194
GPP,3432,1830,397303
GPP,3433,1830,397429
GPP,3434,1830,397539
GPP,3435,1830,397649
GPP,3436,1830,397775
GPP,3437,1830,397885
GPP,3438,1830,397995
GPP,3439,1830,398126
GPP,3440,1830,398243
GPP,3441,1830,398358
GPP,3442,1830,398474
GPP,3443,1830,398592
GPP,3444,1830,398705
GPP,3445,1830,398815
GPP,3446,1830,398925
GPP,3447,1830,399051
GPP,3448,1830,399161
GPP,3449,1830,399271
GPP,3450,1830,399396
GPP,3451,1830,399506
GPP,3452,1830,399616
GPP,3453,1830,399742
GPP,3454,1830,399851
GPP,3455,1830,399977
GPP,3456,1830,400087
GPP,3457,1830,400197
GPP,3458,1830,400323
GPP,3459,1830,400433
GPP,3460,1830,400543
GPP,3461,1830,400669
GPP,3462,1830,400779
GPP,3463,1830,400889
GPP,3464,1830,401014
GPP,3465,1830,401132
GPP,3466,1830,401250
GPP,3467,1830,401360
GPP,3468,1830,401470
GPP,3469,1830,401596
GPP,3470,1830,401706
GPP,3471,1830,401831
GPP,3472,1830,401941
GPP,3473,1830,402051
GPP,3474,1830,402177
GPP,3475,1830,402287
GPP,3476,1830,402397
GPP,3477,1830,402523
GPP,3478,1830,402633
GPP,3479,1830,402743
GPP,3480,1830,402869
GPP,3481,1830,402979
GPP,3482,1830,403089
GPP,3483,1830,403214
GPP,3484,1830,403324
GPP,3485,1830,403450
GPP,3486,1830,403560
GPP,3487,1830,403670
GPP,3488,1830,403796
GPP,3489,1830,403905
GPP,3490,1830,404015
GPP,3491,1830,404141
GPP,3492,1830,404251
GPP,3493,1830,404361
GPP,3494,1830,404487
GPP,3495,1830,404597
GPP,3496,1830,404722
GPP,3497,1830,404832
GPP,3498,1830,404942
GPP,3499,1830,405068
GPP,3500,1830,405178
GPP,3501,1830,405287
GPP,3502,1830,405413
GPP,3503,1830,405523
GPP,3504,1830,405649
GPP,3505,1830,405759
GPP,3506,1830,405869
GPP,3507,1830,405995
GPP,3508,1830,406104
GPP,3509,1830,406214
GPP,3510,1830,406340
GPP,3511,1830,406450
GPP,3512,1830,406560
GPP,3513,1830,406686
GPP,3514,1830,406796
GPP,3515,1830,406921
GPP,3516,1830,407031
GPP,3517,1830,407141
GPP,3518,1830,407266
GPP,3519,1830,407377
GPP,3520,1830,407486
GPP,3521,1830,407612
GPP,3522,1830,407722
GPP,3523,1830,407848
GPP,3524,1830,407968
GPP,3525,1830,408084
GPP,3526,1830,408200
GPP,3527,1830,408315
GPP,3528,1830,408432
GPP,3529,1830,408548
GPP,3530,1830,408665
GPP,3531,1830,408777
GPP,3532,1830,408887
GPP,3533,1830,409013
GPP,3534,1830,409123
GPP,3535,1830,409233
GPP,3536,1830,409359
GPP,3537,1830,409469
GPP,3538,1830,409579
GPP,3539,1830,409705
GPP,3540,1830,409815
GPP,3541,1830,409940
GPP,3542,1830,410050
GPP,3543,1830,410160
GPP,3544,1830,410286
GPP,3545,1830,410395
GPP,3546,1830,410521
GPP,3547,1830,410630
GPP,3548,1830,410740
GPP,3549,1830,410866
GPP,3550,1830,410975
GPP,3551,1830,411101
GPP,3552,1830,411210
GPP,3553,1830,411320
GPP,3554,1830,411445
GPP,3555,1830,411555
GPP,3556,1830,411664
GPP,3557,1830,411790
GPP,3558,1830,411899
GPP,3559,1830,412027
GPP,3560,1830,412136
GPP,3561,1830,412246
GPP,3562,1830,412372
GPP,3563,1830,412482
GPP,3564,1830,412592
GPP,3565,1830,412717
GPP,3566,1830,412827
GPP,3567,1830,412953
GPP,3568,1830,413063
GPP,3569,1830,413173
GPP,3570,1830,413299
GPP,3571,1830,413408
GPP,3572,1830,413534
GPP,3573,1830,413644
GPP,3574,1830,413754
GPP,3575,1830,413880
GPP,3576,1830,413990
GPP,3577,1830,414100
GPP,3578,1830,414226
GPP,3579,1830,414336
GPP,3580,1830,414447
GPP,3581,1830,414572
GPP,3582,1830,414682
GPP,3583,1830,414808
GPP,3584,1830,414926
GPP,3585,1830,415029
GPP,3586,1830,415155
GPP,3587,1830,415265
GPP,3588,1830,415375
GPP,3589,1830,415501
GPP,3590,1830,415611
GPP,3591,1830,415721
GPP,3592,1830,415846
GPP,3593,1830,415956
GPP,3594,1830,416082
GPP,3595,1830,416192
GPP,3596,1830,416302
GPP,3597,1830,416428
GPP,3598,1830,416538
GPP,3599,1830,416648
GPP,3600,1830,416773
GPP,3601,1830,416883
GPP,3602,1830,417008
GPP,3603,1830,417118
GPP,3604,1830,417228
GPP,3605,1830,417354
GPP,3606,1830,417463
GPP,3607,1830,417573
GPP,3608,1830,417699
GPP,3609,1830,417809
GPP,3610,1830,417927
GPP,3611,1830,418045
GPP,3612,1830,418155
GPP,3613,1830,418265
GPP,3614,1830,418391
GPP,3615,1830,418501
GPP,3616,1830,418611
GPP,3617,1830,418736
GPP,3618,1830,418854
GPP,3619,1830,418956
GPP,3620,1830,419081
GPP,3621,1830,419191
GPP,3622,1830,419317
GPP,3623,1830,419427
GPP,3624,1830,419536
GPP,3625,1830,419662
GPP,3626,1830,419772
GPP,3627,1830,419882
GPP,3628,1830,420007
GPP,3629,1830,420117
GPP,3630,1830,420227
GPP,3631,1830,420353
GPP,3632,1830,420463
GPP,3633,1830,420589
GPP,3634,1830,420699
GPP,3635,1830,420808
GPP,3636,1830,420934
GPP,3637,1830,421044
GPP,3638,1830,421154
GPP,3639,1830,421280
GPP,3640,1830,421390
GPP,3641,1830,421500
GPP,3642,1830,421625
GPP,3643,1830,421735
GPP,3644,1830,421861
GPP,3645,1830,421971
GPP,3646,1830,422081
GPP,3647,1830,422206
GPP,3648,1830,422316
GPP,3649,1830,422426
GPP,3650,1830,422552
GPP,3651,1830,422662
GPP,3652,1830,422772
GPP,3653,1830,422898
GPP,3654,1830,423007
GPP,3655,1830,423133
GPP,3656,1830,423243
GPP,3657,1830,423353
GPP,3658,1830,423478
GPP,3659,1830,423588
GPP,3660,1830,423698
GPP,3661,1830,423824
GPP,3662,1830,423934
GPP,3663,1830,424044
GPP,3664,1830,424169
GPP,3665,1830,424279
GPP,3666,1830,424405
GPP,3667,1830,424515
GPP,3668,1830,424625
GPP,3669,1830,424751
GPP,3670,1830,424861
GPP,3671,1830,424971
GPP,3672,1830,425096
GPP,3673,1830,425206
GPP,3674,1830,425332
GPP,3675,1830,425442
GPP,3676,1830,425552
GPP,3677,1830,425678
GPP,3678,1830,425788
GPP,3679,1830,425898
GPP,3680,1830,426023
GPP,3681,1830,426133
GPP,3682,1830,426243
GPP,3683,1830,426369
GPP,3684,1830,426479
GPP,3685,1830,426604
GPP,3686,1830,426714
GPP,3687,1830,426824
GPP,3688,1830,426950
GPP,3689,1830,427059
GPP,3690,1830,427170
GPP,3691,1830,427296
GPP,3692,1830,427406
GPP,3693,1830,427516
GPP,3694,1830,427641
GPP,3695,1830,427751
GPP,3696,1830,427861
GPP,3697,1830,427987
GPP,3698,1830,428097
GPP,3699,1830,428207
GPP,3700,1830,428333
GPP,3701,1830,428443
GPP,3702,1830,428569
GPP,3703,1830,428679
GPP,3704,1830,428805
GPP,3705,1830,428915
GPP,3706,1830,429025
GPP,3707,1830,429150
GPP,3708,1830,429260
GPP,3709,1830,429370
GPP,3710,1830,429496
GPP,3711,1830,429606
GPP,3712,1830,429716
GPP,3713,1830,429841
GPP,3714,1830,429951
GPP,3715,1830,430061
GPP,3716,1830,430187
GPP,3717,1830,430297
GPP,3718,1830,430422
GPP,3719,1830,430532
GPP,3720,1830,430642
GPP,3721,1830,430767
GPP,3722,1830,430878
GPP,3723,1830,430987
GPP,3724,1830,431119
GPP,3725,1830,431223
GPP,3726,1830,431349
GPP,3727,1830,431459
GPP,3728,1830,431568
GPP,3729,1830,431694
GPP,3730,1830,431804
GPP,3731,1830,431914
GPP,3732,1830,432040
GPP,3733,1830,432150
GPP,3734,1830,432260
GPP,3735,1830,432386
GPP,3736,1830,432496
GPP,3737,1830,432621
GPP,3738,1830,432731
GPP,3739,1830,432856
GPP,3740,1830,432966
GPP,3741,1830,433076
GPP,3742,1830,433201
GPP,3743,1830,433310
GPP,3744,1830,433436
GPP,3745,1830,433552
GPP,3746,1830,433655
GPP,3747,1830,433780
GPP,3748,1830,433890
GPP,3749,1830,434000
GPP,3750,1830,434126
GPP,3751,1830,434235
GPP,3752,1830,434361
GPP,3753,1830,434470
GPP,3754,1830,434580
GPP,3755,1830,434706
GPP,3756,1830,434815
GPP,3757,1830,434941
GPP,3758,1830,435051
GPP,3759,1830,435161
GPP,3760,1830,435286
GPP,3761,1830,435396
GPP,3762,1830,435506
GPP,3763,1830,435632
GPP,3764,1830,435742
GPP,3765,1830,435852
GPP,3766,1830,435977
GPP,3767,1830,436087
GPP,3768,1830,436215
GPP,3769,1830,436330
GPP,3770,1830,436447
GPP,3771,1830,436562
GPP,3772,1830,436677
GPP,3773,1830,436794
GPP,3774,1830,436910
GPP,3775,1830,437025
GPP,3776,1830,437142
GPP,3777,1830,437257
GPP,3778,1830,437367
GPP,3779,1830,437476
GPP,3780,1830,437602
GPP,3781,1830,437712
GPP,3782,1830,437822
GPP,3783,1830,437948
GPP,3784,1830,438057
GPP,3785,1830,438183
GPP,3786,1830,438293
GPP,3787,1830,438403
GPP,3788,1830,438529
GPP,3789,1830,438639
GPP,3790,1830,438765
GPP,3791,1830,438875
GPP,3792,1830,438984
GPP,3793,1830,439110
GPP,3794,1830,439220
GPP,3795,1830,439330
GPP,3796,1830,439456
GPP,3797,1830,439566
GPP,3798,1830,439691
GPP,3799,1830,439801
GPP,3800,1830,439911
GPP,3801,1830,440037
GPP,3802,1830,440157
GPP,3803,1830,440272
GPP,3804,1830,440389
GPP,3805,1830,440503
GPP,3806,1830,440618
GPP,3807,1830,440736
GPP,3808,1830,440853
GPP,3809,1830,440968
GPP,3810,1830,441083
GPP,3811,1830,441199
GPP,3812,1830,441315
GPP,3813,1830,441430
GPP,3814,1830,441546
GPP,3815,1830,441662
GPP,3816,1830,441777
GPP,3817,1830,441892
GPP,3818,1830,442009
GPP,3819,1830,442124
GPP,3820,1830,442240
GPP,3821,1830,442341
GPP,3822,1830,442467
GPP,3823,1830,442577
GPP,3824,1830,442687
GPP,3825,1830,442812
GPP,3826,1830,442922
GPP,3827,1830,443048
GPP,3828,1830,443158
GPP,3829,1830,443268
GPP,3830,1830,443394
GPP,3831,1830,443504
GPP,3832,1830,443629
GPP,3833,1830,443739
GPP,3834,1830,443849
GPP,3835,1830,443975
GPP,3836,1830,444085
GPP,3837,1830,444195
GPP,3838,1830,444321
GPP,3839,1830,444431
GPP,3840,1830,444541
GPP,3841,1830,444667
GPP,3842,1830,444777
GPP,3843,1830,444887
GPP,3844,1830,445013
GPP,3845,1830,445122
GPP,3846,1830,445232
GPP,3847,1830,445358
GPP,3848,1830,445468
GPP,3849,1830,445578
GPP,3850,1830,445704
GPP,3851,1830,445814
GPP,3852,1830,445924
GPP,3853,1830,446050
GPP,3854,1830,446160
GPP,3855,1830,446270
GPP,3856,1830,446396
GPP,3857,1830,446506
GPP,3858,1830,446631
GPP,3859,1830,446741
GPP,3860,1830,446851
GPP,3861,1830,446977
GPP,3862,1830,447087
GPP,3863,1830,447197
GPP,3864,1830,447322
GPP,3865,1830,447432
GPP,3866,1830,447558
GPP,3867,1830,447668
GPP,3868,1830,447778
GPP,3869,1830,447904
GPP,3870,1830,448014
GPP,3871,1830,448124
GPP,3872,1830,448249
GPP,3873,1830,448359
GPP,3874,1830,448469
GPP,3875,1830,448600
GPP,3876,1830,448705
GPP,3877,1830,448831
GPP,3878,1830,448941
GPP,3879,1830,449050
GPP,3880,1830,449176
GPP,3881,1830,449286
GPP,3882,1830,449395
GPP,3883,1830,449521
GPP,3884,1830,449631
GPP,3885,1830,449741
GPP,3886,1830,449867
GPP,3887,1830,449977
GPP,3888,1830,450102
GPP,3889,1830,450212
GPP,3890,1830,450322
GPP,3891,1830,450448
GPP,3892,1830,450558
GPP,3893,1830,450668
GPP,3894,1830,450793
GPP,3895,1830,450903
GPP,3896,1830,451029
GPP,3897,1830,451139
GPP,3898,1830,451249
GPP,3899,1830,451374
GPP,3900,1830,451484
GPP,3901,1830,451594
GPP,3902,1830,451720
GPP,3903,1830,451830
GPP,3904,1830,451955
GPP,3905,1830,452065
GPP,3906,1830,452175
GPP,3907,1830,452301
GPP,3908,1830,452411
GPP,3909,1830,452521
GPP,3910,1830,452647
GPP,3911,1830,452756
GPP,3912,1830,452882
GPP,3913,1830,452992
GPP,3914,1830,453102
GPP,3915,1830,453228
GPP,3916,1830,453338
GPP,3917,1830,453448
GPP,3918,1830,453573
GPP,3919,1830,453683
GPP,3920,1830,453809
GPP,3921,1830,453918
GPP,3922,1830,454029
GPP,3923,1830,454154
GPP,3924,1830,454264
GPP,3925,1830,454390
GPP,3926,1830,454500
GPP,3927,1830,454610
GPP,3928,1830,454735
GPP,3929,1830,454845
GPP,3930,1830,454971
GPP,3931,1830,455081
GPP,3932,1830,455191
GPP,3933,1830,455317
GPP,3934,1830,455427
GPP,3935,1830,455537
GPP,3936,1830,455663
GPP,3937,1830,455772
GPP,3938,1830,455898
GPP,3939,1830,456008
GPP,3940,1830,456118
GPP,3941,1830,456243
GPP,3942,1830,456353
GPP,3943,1830,456464
GPP,3944,1830,456589
GPP,3945,1830,456699
GPP,3946,1830,456824
GPP,3947,1830,456934
GPP,3948,1830,457044
GPP,3949,1830,457170
GPP,3950,1830,457280
GPP,3951,1830,457390
GPP,3952,1830,457516
GPP,3953,1830,457626
GPP,3954,1830,457752
GPP,3955,1830,457861
GPP,3956,1830,457972
GPP,3957,1830,458097
GPP,3958,1830,458207
GPP,3959,1830,458333
GPP,3960,1830,458443
GPP,3961,1830,458553
GPP,3962,1830,458678
GPP,3963,1830,458788
GPP,3964,1830,458898
GPP,3965,1830,459024
GPP,3966,1830,459134
GPP,3967,1830,459260
GPP,3968,1830,459370
GPP,3969,1830,459480
GPP,3970,1830,459606
GPP,3971,1830,459716
GPP,3972,1830,459842
GPP,3973,1830,459952
GPP,3974,1830,460062
GPP,3975,1830,460187
GPP,3976,1830,460297
GPP,3977,1830,460423
GPP,3978,1830,460533
GPP,3979,1830,460643
GPP,3980,1830,460769
GPP,3981,1830,460879
GPP,3982,1830,461004
GPP,3983,1830,461114
GPP,3984,1830,461224
GPP,3985,1830,461350
GPP,3986,1830,461460
GPP,3987,1830,461570
GPP,3988,1830,461695
GPP,3989,1830,461805
GPP,3990,1830,461915
GPP,3991,1830,462041
GPP,3992,1830,462151
GPP,3993,1830,462277
GPP,3994,1830,462387
GPP,3995,1830,462497
GPP,3996,1830,462622
GPP,3997,1830,462732
GPP,3998,1830,462843
GPP,3999,1830,462968
GPP,4000,1830,463079
GPP,4001,1830,463188
GPP,4002,1830,463314
GPP,4003,1830,463424
GPP,4004,1830,463550
GPP,4005,1830,463660
GPP,4006,1830,463770
GPP,4007,1830,463896
GPP,4008,1830,464006
GPP,4009,1830,464116
GPP,4010,1830,464242
GPP,4011,1830,464357
GPP,4012,1830,464461
GPP,4013,1830,464587
GPP,4014,1830,464697
GPP,4015,1830,464807
GPP,4016,1830,464932
GPP,4017,1830,465042
GPP,4018,1830,465168
GPP,4019,1830,465278
GPP,4020,1830,465388
GPP,4021,1830,465513
GPP,4022,1830,465623
GPP,4023,1830,465733
GPP,4024,1830,465862
GPP,4025,1830,465977
GPP,4026,1830,466093
GPP,4027,1830,466209
GPP,4028,1830,466319
GPP,4029,1830,466429
GPP,4030,1830,466557
GPP,4031,1830,466665
GPP,4032,1830,466775
GPP,4033,1830,466900
GPP,4034,1830,467010
GPP,4035,1830,467136
GPP,4036,1830,467246
GPP,4037,1830,467356
GPP,4038,1830,467482
GPP,4039,1830,467592
GPP,4040,1830,467702
GPP,4041,1830,467827
GPP,4042,1830,467937
GPP,4043,1830,468063
GPP,4044,1830,468173
GPP,4045,1830,468283
GPP,4046,1830,468409
GPP,4047,1830,468519
GPP,4048,1830,468628
GPP,4049,1830,468756
GPP,4050,1830,468872
GPP,4051,1830,468988
GPP,4052,1830,469104
GPP,4053,1830,469220
GPP,4054,1830,469335
GPP,4055,1830,469450
GPP,4056,1830,469568
GPP,4057,1830,469684
GPP,4058,1830,469799
GPP,4059,1830,469914
GPP,4060,1830,470032
GPP,4061,1830,470147
GPP,4062,1830,470265
GPP,4063,1830,470380
GPP,4064,1830,470495
GPP,4065,1830,470612
GPP,4066,1830,470728
GPP,4067,1830,470843
GPP,4068,1830,470959
GPP,4069,1830,471077
GPP,4070,1830,471187
GPP,4071,1830,471297
GPP,4072,1830,471422
GPP,4073,1830,471532
GPP,4074,1830,471642
GPP,4075,1830,471768
GPP,4076,1830,471878
GPP,4077,1830,471988
GPP,4078,1830,472114
GPP,4079,1830,472224
GPP,4080,1830,472334
GPP,4081,1830,472459
GPP,4082,1830,472569
GPP,4083,1830,472679
GPP,4084,1830,472805
GPP,4085,1830,472914
GPP,4086,1830,473040
GPP,4087,1830,473150
GPP,4088,1830,473260
GPP,4089,1830,473386
GPP,4090,1830,473496
GPP,4091,1830,473606
GPP,4092,1830,473731
GPP,4093,1830,473841
GPP,4094,1830,473967
GPP,4095,1830,474077
GPP,4096,1830,474187
GPP,4097,1830,474313
GPP,4098,1830,474422
GPP,4099,1830,474532
GPP,4100,1830,474658
GPP,4101,1830,474768
GPP,4102,1830,474878
GPP,4103,1830,475004
GPP,4104,1830,475114
GPP,4105,1830,475240
GPP,4106,1830,475350
GPP,4107,1830,475460
GPP,4108,1830,475586
GPP,4109,1830,475695
GPP,4110,1830,475805
GPP,4111,1830,475931
GPP,4112,1830,476042
GPP,4113,1830,476152
GPP,4114,1830,476277
GPP,4115,1830,476387
GPP,4116,1830,476497
GPP,4117,1830,476623
GPP,4118,1830,476741
GPP,4119,1830,476844
GPP,4120,1830,476970
GPP,4121,1830,477080
GPP,4122,1830,477190
GPP,4123,1830,477315
GPP,4124,1830,477425
GPP,4125,1830,477535
GPP,4126,1830,477661
GPP,4127,1830,477771
GPP,4128,1830,477881
GPP,4129,1830,478006
GPP,4130,1830,478116
GPP,4131,1830,478242
GPP,4132,1830,478351
GPP,4133,1830,478461
GPP,4134,1830,478586
GPP,4135,1830,478696
GPP,4136,1830,478822
GPP,4137,1830,478932
GPP,4138,1830,479042
GPP,4139,1830,479168
GPP,4140,1830,479277
GPP,4141,1830,479387
GPP,4142,1830,479512
GPP,4143,1830,479622
GPP,4144,1830,479747
GPP,4145,1830,479857
GPP,4146,1830,479966
GPP,4147,1830,480091
GPP,4148,1830,480202
GPP,4149,1830,480311
GPP,4150,1830,480437
GPP,4151,1830,480546
GPP,4152,1830,480672
GPP,4153,1830,480781
GPP,4154,1830,480907
GPP,4155,1830,481016
GPP,4156,1830,481126
GPP,4157,1830,481251
GPP,4158,1830,481361
GPP,4159,1830,481470
GPP,4160,1830,481596
GPP,4161,1830,481706
GPP,4162,1830,481831
GPP,4163,1830,481947
GPP,4164,1830,482062
GPP,4165,1830,482177
GPP,4166,1830,482293
GPP,4167,1830,482408
GPP,4168,1830,482526
GPP,4169,1830,482642
GPP,4170,1830,482757
GPP,4171,1830,482874
GPP,4172,1830,482988
GPP,4173,1830,483105
GPP,4174,1830,483222
GPP,4175,1830,483337
GPP,4176,1830,483452
GPP,4177,1830,483567
GPP,4178,1830,483683
GPP,4179,1830,483797
GPP,4180,1830,483907
GPP,4181,1830,484032
GPP,4182,1830,484141
GPP,4183,1830,484251
GPP,4184,1830,484377
GPP,4185,1830,484487
GPP,4186,1830,484597
GPP,4187,1830,484723
GPP,4188,1830,484833
GPP,4189,1830,484943
GPP,4190,1830,485069
GPP,4191,1830,485179
GPP,4192,1830,485289
GPP,4193,1830,485414
GPP,4194,1830,485524
GPP,4195,1830,485643
GPP,4196,1830,485760
GPP,4197,1830,485870
GPP,4198,1830,485980
GPP,4199,1830,486106
GPP,4200,1830,486216
GPP,4201,1830,486326
GPP,4202,1830,486451
GPP,4203,1830,486561
GPP,4204,1830,486687
GPP,4205,1830,486797
GPP,4206,1830,486907
GPP,4207,1830,487033
GPP,4208,1830,487143
GPP,4209,1830,487252
GPP,4210,1830,487378
GPP,4211,1830,487488
GPP,4212,1830,487598
GPP,4213,1830,487724
GPP,4214,1830,487834
GPP,4215,1830,487944
GPP,4216,1830,488070
GPP,4217,1830,488180
GPP,4218,1830,488290
GPP,4219,1830,488416
GPP,4220,1830,488526
GPP,4221,1830,488636
GPP,4222,1830,488762
GPP,4223,1830,488872
GPP,4224,1830,488982
GPP,4225,1830,489107
GPP,4226,1830,489218
GPP,4227,1830,489343
GPP,4228,1830,489453
GPP,4229,1830,489562
GPP,4230,1830,489688
GPP,4231,1830,489798
GPP,4232,1830,489923
GPP,4233,1830,490033
GPP,4234,1830,490142
GPP,4235,1830,490268
GPP,4236,1830,490377
GPP,4237,1830,490503
GPP,4238,1830,490612
GPP,4239,1830,490722
GPP,4240,1830,490847
GPP,4241,1830,490957
GPP,4242,1830,491067
GPP,4243,1830,491193
GPP,4244,1830,491303
GPP,4245,1830,491428
GPP,4246,1830,491538
GPP,4247,1830,491648
GPP,4248,1830,491774
GPP,4249,1830,491884
GPP,4250,1830,491994
GPP,4251,1830,492119
GPP,4252,1830,492229
GPP,4253,1830,492339
GPP,4254,1830,492465
GPP,4255,1830,492575
GPP,4256,1830,492685
GPP,4257,1830,492811
GPP,4258,1830,492921
GPP,4259,1830,493046
GPP,4260,1830,493156
GPP,4261,1830,493266
GPP,4262,1830,493392
GPP,4263,1830,493502
GPP,4264,1830,493612
GPP,4265,1830,493738
GPP,4266,1830,493848
GPP,4267,1830,493958
GPP,4268,1830,494084
GPP,4269,1830,494194
GPP,4270,1830,494304
GPP,4271,1830,494429
GPP,4272,1830,494540
GPP,4273,1830,494665
GPP,4274,1830,494775
GPP,4275,1830,494885
GPP,4276,1830,495011
GPP,4277,1830,495121
GPP,4278,1830,495231
GPP,4279,1830,495356
GPP,4280,1830,495466
GPP,4281,1830,495576
GPP,4282,1830,495702
GPP,4283,1830,495812
GPP,4284,1830,495922
GPP,4285,1830,496047
GPP,4286,1830,496157
GPP,4287,1830,496283
GPP,4288,1830,496393
GPP,4289,1830,496503
GPP,4290,1830,496629
GPP,4291,1830,496739
GPP,4292,1830,496848
GPP,4293,1830,496974
GPP,4294,1830,497084
GPP,4295,1830,497209
GPP,4296,1830,497319
GPP,4297,1830,497428
GPP,4298,1830,497554
GPP,4299,1830,497663
GPP,4300,1830,497789
GPP,4301,1830,497898
GPP,4302,1830,498008
GPP,4303,1830,498134
GPP,4304,1830,498243
GPP,4305,1830,498353
GPP,4306,1830,498478
GPP,4307,1830,498588
GPP,4308,1830,498713
GPP,4309,1830,498823
GPP,4310,1830,498933
GPP,4311,1830,499059
GPP,4312,1830,499168
GPP,4313,1830,499286
GPP,4314,1830,499404
GPP,4315,1830,499514
GPP,4316,1830,499624
GPP,4317,1830,499750
GPP,4318,1830,499860
GPP,4319,1830,499971
GPP,4320,1830,500096
GPP,4321,1830,500206
GPP,4322,1830,500332
GPP,4323,1830,500442
GPP,4324,1830,500552
GPP,4325,1830,500678
GPP,4326,1830,500788
GPP,4327,1830,500898
GPP,4328,1830,501024
GPP,4329,1830,501134
GPP,4330,1830,501244
GPP,4331,1830,501370
GPP,4332,1830,501480
GPP,4333,1830,501590
GPP,4334,1830,501716
GPP,4335,1830,501826
GPP,4336,1830,501951
GPP,4337,1830,502061
GPP,4338,1830,502171
GPP,4339,1830,502297
GPP,4340,1830,502407
GPP,4341,1830,502517
GPP,4342,1830,502642
GPP,4343,1830,502752
GPP,4344,1830,502878
GPP,4345,1830,502988
GPP,4346,1830,503098
GPP,4347,1830,503224
GPP,4348,1830,503334
GPP,4349,1830,503444
GPP,4350,1830,503569
GPP,4351,1830,503679
GPP,4352,1830,503804
GPP,4353,1830,503914
GPP,4354,1830,504024
GPP,4355,1830,504149
GPP,4356,1830,504259
GPP,4357,1830,504384
GPP,4358,1830,504494
GPP,4359,1830,504604
GPP,4360,1830,504733
GPP,4361,1830,504839
GPP,4362,1830,504965
GPP,4363,1830,505075
GPP,4364,1830,505185
GPP,4365,1830,505310
GPP,4366,1830,505421
GPP,4367,1830,505531
GPP,4368,1830,505656
GPP,4369,1830,505766
GPP,4370,1830,505876
GPP,4371,1830,506002
GPP,4372,1830,506120
GPP,4373,1830,506237
GPP,4374,1830,506353
GPP,4375,1830,506468
GPP,4376,1830,506583
GPP,4377,1830,506698
GPP,4378,1830,506815
GPP,4379,1830,506929
GPP,4380,1830,507046
GPP,4381,1830,507161
GPP,4382,1830,507264
GPP,4383,1830,507389
GPP,4384,1830,507500
GPP,4385,1830,507609
GPP,4386,1830,507735
GPP,4387,1830,507845
GPP,4388,1830,507970
GPP,4389,1830,508081
GPP,4390,1830,508191
GPP,4391,1830,508317
GPP,4392,1830,508426
GPP,4393,1830,508537
GPP,4394,1830,508662
GPP,4395,1830,508773
GPP,4396,1830,508883
GPP,4397,1830,509009
GPP,4398,1830,509119
GPP,4399,1830,509229
GPP,4400,1830,509355
GPP,4401,1830,509465
GPP,4402,1830,509575
GPP,4403,1830,509700
GPP,4404,1830,509810
GPP,4405,1830,509936
GPP,4406,1830,510046
GPP,4407,1830,510156
GPP,4408,1830,510282
GPP,4409,1830,510392
GPP,4410,1830,510501
GPP,4411,1830,510627
GPP,4412,1830,510737
GPP,4413,1830,510847
GPP,4414,1830,510974
GPP,4415,1830,511084
GPP,4416,1830,511194
GPP,4417,1830,511319
GPP,4418,1830,511429
GPP,4419,1830,511548
GPP,4420,1830,511665
GPP,4421,1830,511775
GPP,4422,1830,511901
GPP,4423,1830,512011
GPP,4424,1830,512121
GPP,4425,1830,512246
GPP,4426,1830,512357
GPP,4427,1830,512467
GPP,4428,1830,512592
GPP,4429,1830,512702
GPP,4430,1830,512812
GPP,4431,1830,512939
GPP,4432,1830,513049
GPP,4433,1830,513159
GPP,4434,1830,513284
GPP,4435,1830,513402
GPP,4436,1830,513522
GPP,4437,1830,513637
GPP,4438,1830,513752
GPP,4439,1830,513868
GPP,4440,1830,513978
GPP,4441,1830,514088
GPP,4442,1830,514213
GPP,4443,1830,514324
GPP,4444,1830,514434
GPP,4445,1830,514559
GPP,4446,1830,514669
GPP,4447,1830,514779
GPP,4448,1830,514905
GPP,4449,1830,515015
GPP,4450,1830,515141
GPP,4451,1830,515251
GPP,4452,1830,515361
GPP,4453,1830,515486
GPP,4454,1830,515596
GPP,4455,1830,515706
GPP,4456,1830,515832
GPP,4457,1830,515942
GPP,4458,1830,516068
GPP,4459,1830,516178
GPP,4460,1830,516288
GPP,4461,1830,516414
GPP,4462,1830,516524
GPP,4463,1830,516634
GPP,4464,1830,516760
GPP,4465,1830,516869
GPP,4466,1830,516979
GPP,4467,1830,517105
GPP,4468,1830,517215
GPP,4469,1830,517325
GPP,4470,1830,517451
GPP,4471,1830,517560
GPP,4472,1830,517686
GPP,4473,1830,517795
GPP,4474,1830,517905
GPP,4475,1830,518031
GPP,4476,1830,518140
GPP,4477,1830,518266
GPP,4478,1830,518376
GPP,4479,1830,518485
GPP,4480,1830,518611
GPP,4481,1830,518720
GPP,4482,1830,518846
GPP,4483,1830,518956
GPP,4484,1830,519067
GPP,4485,1830,519192
GPP,4486,1830,519302
GPP,4487,1830,519411
GPP,4488,1830,519537
GPP,4489,1830,519646
GPP,4490,1830,519772
GPP,4491,1830,519882
GPP,4492,1830,519992
GPP,4493,1830,520117
GPP,4494,1830,520227
GPP,4495,1830,520337
GPP,4496,1830,520464
GPP,4497,1830,520574
GPP,4498,1830,520700
GPP,4499,1830,520810
GPP,4500,1830,520920
GPP,4501,1830,521045
GPP,4502,1830,521155
GPP,4503,1830,521266
GPP,4504,1830,521395
GPP,4505,1830,521511
GPP,4506,1830,521626
GPP,4507,1830,521742
GPP,4508,1830,521858
GPP,4509,1830,521974
GPP,4510,1830,522090
GPP,4511,1830,522205
GPP,4512,1830,522321
GPP,4513,1830,522436
GPP,4514,1830,522546
GPP,4515,1830,522656
GPP,4516,1830,522782
GPP,4517,1830,522892
GPP,4518,1830,523001
GPP,4519,1830,523127
GPP,4520,1830,523237
GPP,4521,1830,523363
GPP,4522,1830,523473
GPP,4523,1830,523583
GPP,4524,1830,523708
GPP,4525,1830,523818
GPP,4526,1830,523927
GPP,4527,1830,524055
GPP,4528,1830,524163
GPP,4529,1830,524273
GPP,4530,1830,524398
GPP,4531,1830,524508
GPP,4532,1830,524634
GPP,4533,1830,524744
GPP,4534,1830,524854
GPP,4535,1830,524980
GPP,4536,1830,525090
GPP,4537,1830,525200
GPP,4538,1830,525326
GPP,4539,1830,525436
GPP,4540,1830,525546
GPP,4541,1830,525671
GPP,4542,1830,525781
GPP,4543,1830,525907
GPP,4544,1830,526017
GPP,4545,1830,526127
GPP,4546,1830,526256
GPP,4547,1830,526371
GPP,4548,1830,526487
GPP,4549,1830,526602
GPP,4550,1830,526718
GPP,4551,1830,526834
GPP,4552,1830,526950
GPP,4553,1830,527060
GPP,4554,1830,527170
GPP,4555,1830,527295
GPP,4556,1830,527404
GPP,4557,1830,527514
GPP,4558,1830,527639
GPP,4559,1830,527749
GPP,4560,1830,527874
GPP,4561,1830,527984
GPP,4562,1830,528094
GPP,4563,1830,528219
GPP,4564,1830,528329
GPP,4565,1830,528454
GPP,4566,1830,528564
GPP,4567,1830,528674
GPP,4568,1830,528799
GPP,4569,1830,528908
GPP,4570,1830,529034
GPP,4571,1830,529144
GPP,4572,1830,529254
GPP,4573,1830,529379
GPP,4574,1830,529489
GPP,4575,1830,529615
GPP,4576,1830,529724
GPP,4577,1830,529834
GPP,4578,1830,529959
GPP,4579,1830,530069
GPP,4580,1830,530194
GPP,4581,1830,530304
GPP,4582,1830,530413
GPP,4583,1830,530539
GPP,4584,1830,530649
GPP,4585,1830,530775
GPP,4586,1830,530884
GPP,4587,1830,530994
GPP,4588,1830,531120
GPP,4589,1830,531229
GPP,4590,1830,531339
GPP,4591,1830,531465
GPP,4592,1830,531575
GPP,4593,1830,531684
GPP,4594,1830,531810
GPP,4595,1830,531919
GPP,4596,1830,532045
GPP,4597,1830,532155
GPP,4598,1830,532265
GPP,4599,1830,532390
GPP,4600,1830,532500
GPP,4601,1830,532625
GPP,4602,1830,532735
GPP,4603,1830,532845
GPP,4604,1830,532970
GPP,4605,1830,533080
GPP,4606,1830,533190
GPP,4607,1830,533316
GPP,4608,1830,533426
GPP,4609,1830,533551
GPP,4610,1830,533661
GPP,4611,1830,533770
GPP,4612,1830,533896
GPP,4613,1830,534005
GPP,4614,1830,534131
GPP,4615,1830,534240
GPP,4616,1830,534350
GPP,4617,1830,534476
GPP,4618,1830,534585
GPP,4619,1830,534695
GPP,4620,1830,534821
GPP,4621,1830,534931
GPP,4622,1830,535041
GPP,4623,1830,535166
GPP,4624,1830,535276
GPP,4625,1830,535401
GPP,4626,1830,535511
GPP,4627,1830,535620
GPP,4628,1830,535746
GPP,4629,1830,535855
GPP,4630,1830,535965
GPP,4631,1830,536091
GPP,4632,1830,536201
GPP,4633,1830,536326
GPP,4634,1830,536436
GPP,4635,1830,536559
GPP,4636,1830,536673
GPP,4637,1830,536789
GPP,4638,1830,536906
GPP,4639,1830,537021
GPP,4640,1830,537138
GPP,4641,1830,537242
GPP,4642,1830,537368
GPP,4643,1830,537478
GPP,4644,1830,537588
GPP,4645,1830,537713
GPP,4646,1830,537823
GPP,4647,1830,537948
GPP,4648,1830,538058
GPP,4649,1830,538167
GPP,4650,1830,538293
GPP,4651,1830,538402
GPP,4652,1830,538512
GPP,4653,1830,538638
GPP,4654,1830,538747
GPP,4655,1830,538873
GPP,4656,1830,538983
GPP,4657,1830,539093
GPP,4658,1830,539219
GPP,4659,1830,539328
GPP,4660,1830,539446
GPP,4661,1830,539563
GPP,4662,1830,539673
GPP,4663,1830,539798
GPP,4664,1830,539908
GPP,4665,1830,540017
GPP,4666,1830,540143
GPP,4667,1830,540253
GPP,4668,1830,540378
GPP,4669,1830,540488
GPP,4670,1830,540598
GPP,4671,1830,540723
GPP,4672,1830,540843
GPP,4673,1830,540960
GPP,4674,1830,541087
GPP,4675,1830,541211
GPP,4676,1830,541322
GPP,4677,1830,541432
GPP,4678,1830,541558
GPP,4679,1830,541668
GPP,4680,1830,541793
GPP,4681,1830,541903
GPP,4682,1830,542013
GPP,4683,1830,542139
GPP,4684,1830,542249
GPP,4685,1830,542359
GPP,4686,1830,542484
GPP,4687,1830,542594
GPP,4688,1830,542719
GPP,4689,1830,542829
GPP,4690,1830,542954
GPP,4691,1830,543064
GPP,4692,1830,543174
GPP,4693,1830,543302
GPP,4694,1830,543419
GPP,4695,1830,543535
GPP,4696,1830,543651
GPP,4697,1830,543767
GPP,4698,1830,543882
GPP,4699,1830,543996
GPP,4700,1830,544112
GPP,4701,1830,544228
GPP,4702,1830,544343
GPP,4703,1830,544459
GPP,4704,1830,544575
GPP,4705,1830,544690
GPP,4706,1830,544805
GPP,4707,1830,544920
GPP,4708,1830,545036
GPP,4709,1830,545153
GPP,4710,1830,545268
GPP,4711,1830,545384
GPP,4712,1830,545499
GPP,4713,1830,545615
GPP,4714,1830,545730
GPP,4715,1830,545846
GPP,4716,1830,545962
GPP,4717,1830,546078
GPP,4718,1830,546192
GPP,4719,1830,546302
GPP,4720,1830,546412
GPP,4721,1830,546538
GPP,4722,1830,546648
GPP,4723,1830,546758
GPP,4724,1830,546883
GPP,4725,1830,546993
GPP,4726,1830,547119
GPP,4727,1830,547229
GPP,4728,1830,547339
GPP,4729,1830,547465
GPP,4730,1830,547574
GPP,4731,1830,547684
GPP,4732,1830,547810
GPP,4733,1830,547920
GPP,4734,1830,548030
GPP,4735,1830,548156
GPP,4736,1830,548266
GPP,4737,1830,548376
GPP,4738,1830,548502
GPP,4739,1830,548612
GPP,4740,1830,548721
GPP,4741,1830,548851
GPP,4742,1830,548968
GPP,4743,1830,549083
GPP,4744,1830,549199
GPP,4745,1830,549317
GPP,4746,1830,549433
GPP,4747,1830,549547
GPP,4748,1830,549663
GPP,4749,1830,549781
GPP,4750,1830,549896
GPP,4751,1830,550011
GPP,4752,1830,550127
GPP,4753,1830,550243
GPP,4754,1830,550359
GPP,4755,1830,550474
GPP,4756,1830,550589
GPP,4757,1830,550705
GPP,4758,1830,550819
GPP,4759,1830,550935
GPP,4760,1830,551046
GPP,4761,1830,551156
GPP,4762,1830,551281
GPP,4763,1830,551391
GPP,4764,1830,551501
GPP,4765,1830,551627
GPP,4766,1830,551737
GPP,4767,1830,551863
GPP,4768,1830,551973
GPP,4769,1830,552083
GPP,4770,1830,552208
GPP,4771,1830,552319
GPP,4772,1830,552436
GPP,4773,1830,552554
GPP,4774,1830,552664
GPP,4775,1830,552790
GPP,4776,1830,552900
GPP,4777,1830,553010
GPP,4778,1830,553136
GPP,4779,1830,553246
GPP,4780,1830,553372
GPP,4781,1830,553482
GPP,4782,1830,553592
GPP,4783,1830,553718
GPP,4784,1830,553828
GPP,4785,1830,553938
GPP,4786,1830,554064
GPP,4787,1830,554174
GPP,4788,1830,554284
GPP,4789,1830,554409
GPP,4790,1830,554519
GPP,4791,1830,554629
GPP,4792,1830,554755
GPP,4793,1830,554865
GPP,4794,1830,554991
GPP,4795,1830,555102
GPP,4796,1830,555212
GPP,4797,1830,555337
GPP,4798,1830,555447
GPP,4799,1830,555557
GPP,4800,1830,555683
GPP,4801,1830,555793
GPP,4802,1830,555919
GPP,4803,1830,556029
GPP,4804,1830,556139
GPP,4805,1830,556265
GPP,4806,1830,556375
GPP,4807,1830,556485
GPP,4808,1830,556611
GPP,4809,1830,556721
GPP,4810,1830,556846
GPP,4811,1830,556956
GPP,4812,1830,557081
GPP,4813,1830,557191
GPP,4814,1830,557301
GPP,4815,1830,557426
GPP,4816,1830,557535
GPP,4817,1830,557661
GPP,4818,1830,557770
GPP,4819,1830,557889
GPP,4820,1830,558006
GPP,4821,1830,558116
GPP,4822,1830,558226
GPP,4823,1830,558352
GPP,4824,1830,558462
GPP,4825,1830,558572
GPP,4826,1830,558697
GPP,4827,1830,558807
GPP,4828,1830,558917
GPP,4829,1830,559043
GPP,4830,1830,559153
GPP,4831,1830,559263
GPP,4832,1830,559389
GPP,4833,1830,559499
GPP,4834,1830,559624
GPP,4835,1830,559734
GPP,4836,1830,559844
GPP,4837,1830,559970
GPP,4838,1830,560080
GPP,4839,1830,560190
GPP,4840,1830,560316
GPP,4841,1830,560426
GPP,4842,1830,560535
GPP,4843,1830,560661
GPP,4844,1830,560779
GPP,4845,1830,560896
GPP,4846,1830,561013
GPP,4847,1830,561129
GPP,4848,1830,561244
GPP,4849,1830,561360
GPP,4850,1830,561475
GPP,4851,1830,561592
GPP,4852,1830,561706
GPP,4853,1830,561821
GPP,4854,1830,561938
GPP,4855,1830,562053
GPP,4856,1830,562169
GPP,4857,1830,562285
GPP,4858,1830,562401
GPP,4859,1830,562517
GPP,4860,1830,562632
GPP,4861,1830,562747
GPP,4862,1830,562864
GPP,4863,1830,562979
GPP,4864,1830,563095
GPP,4865,1830,563212
GPP,4866,1830,563327
GPP,4867,1830,563443
GPP,4868,1830,563553
GPP,4869,1830,563664
GPP,4870,1830,563789
GPP,4871,1830,563899
GPP,4872,1830,564009
GPP,4873,1830,564134
GPP,4874,1830,564244
GPP,4875,1830,564369
GPP,4876,1830,564479
GPP,4877,1830,564589
GPP,4878,1830,564715
GPP,4879,1830,564825
GPP,4880,1830,564935
GPP,4881,1830,565060
GPP,4882,1830,565170
GPP,4883,1830,565280
GPP,4884,1830,565406
GPP,4885,1830,565516
GPP,4886,1830,565626
GPP,4887,1830,565752
GPP,4888,1830,565862
GPP,4889,1830,565972
GPP,4890,1830,566098
GPP,4891,1830,566208
GPP,4892,1830,566333
GPP,4893,1830,566443
GPP,4894,1830,566554
GPP,4895,1830,566679
GPP,4896,1830,566790
GPP,4897,1830,566900
GPP,4898,1830,567026
GPP,4899,1830,567135
GPP,4900,1830,567245
GPP,4901,1830,567371
GPP,4902,1830,567481
GPP,4903,1830,567607
GPP,4904,1830,567717
GPP,4905,1830,567827
GPP,4906,1830,567952
GPP,4907,1830,568062
GPP,4908,1830,568172
GPP,4909,1830,568298
GPP,4910,1830,568408
GPP,4911,1830,568533
GPP,4912,1830,568643
GPP,4913,1830,568753
GPP,4914,1830,568879
GPP,4915,1830,568989
GPP,4916,1830,569098
GPP,4917,1830,569224
GPP,4918,1830,569333
GPP,4919,1830,569459
GPP,4920,1830,569569
GPP,4921,1830,569679
GPP,4922,1830,569804
GPP,4923,1830,569914
GPP,4924,1830,570024
GPP,4925,1830,570152
GPP,4926,1830,570260
GPP,4927,1830,570370
GPP,4928,1830,570496
GPP,4929,1830,570606
GPP,4930,1830,570716
GPP,4931,1830,570842
GPP,4932,1830,570952
GPP,4933,1830,571062
GPP,4934,1830,571187
GPP,4935,1830,571297
GPP,4936,1830,571407
GPP,4937,1830,571533
GPP,4938,1830,571643
GPP,4939,1830,571753
GPP,4940,1830,571879
GPP,4941,1830,571989
GPP,4942,1830,572099
GPP,4943,1830,572224
GPP,4944,1830,572334
GPP,4945,1830,572444
GPP,4946,1830,572570
GPP,4947,1830,572680
GPP,4948,1830,572806
GPP,4949,1830,572916
GPP,4950,1830,573026
GPP,4951,1830,573151
GPP,4952,1830,573261
GPP,4953,1830,573387
GPP,4954,1830,573497
GPP,4955,1830,573607
GPP,4956,1830,573732
GPP,4957,1830,573842
GPP,4958,1830,573952
GPP,4959,1830,574078
GPP,4960,1830,574188
GPP,4961,1830,574298
GPP,4962,1830,574424
GPP,4963,1830,574534
GPP,4964,1830,574644
GPP,4965,1830,574770
GPP,4966,1830,574879
GPP,4967,1830,574989
GPP,4968,1830,575115
GPP,4969,1830,575225
GPP,4970,1830,575351
GPP,4971,1830,575461
GPP,4972,1830,575571
GPP,4973,1830,575696
GPP,4974,1830,575806
GPP,4975,1830,575917
GPP,4976,1830,576042
GPP,4977,1830,576152
GPP,4978,1830,576278
GPP,4979,1830,576388
GPP,4980,1830,576498
GPP,4981,1830,576623
GPP,4982,1830,576733
GPP,4983,1830,576843
GPP,4984,1830,576972
GPP,4985,1830,577079
GPP,4986,1830,577205
GPP,4987,1830,577315
GPP,4988,1830,577424
GPP,4989,1830,577550
GPP,4990,1830,577660
GPP,4991,1830,577770
GPP,4992,1830,577896
GPP,4993,1830,578006
GPP,4994,1830,578132
GPP,4995,1830,578242
GPP,4996,1830,578352
GPP,4997,1830,578478
GPP,4998,1830,578587
GPP,4999,1830,578711
QAP,0,4902,0
QAP,1,4890,235
QAP,2,4890,455
QAP,3,4866,674
QAP,4,4860,909
QAP,5,4860,1129
QAP,6,4860,1348
QAP,7,4860,1583
QAP,8,4830,1803
QAP,9,4830,2039
QAP,10,4802,2259
QAP,11,4802,2479
QAP,12,4802,2714
QAP,13,4798,2935
QAP,14,4794,3155
QAP,15,4794,3391
QAP,16,4794,3611
QAP,17,4794,3831
QAP,18,4794,4051
QAP,19,4794,4287
QAP,20,4794,4507
QAP,21,4794,4735
QAP,22,4794,4963
QAP,23,4794,5183
QAP,24,4794,5402
QAP,25,4794,5622
QAP,26,4794,5858
QAP,27,4794,6078
QAP,28,4794,6298
QAP,29,4794,6534
QAP,30,4794,6754
QAP,31,4794,6974
QAP,32,4778,7194
QAP,33,4778,7429
QAP,34,4778,7649
QAP,35,4778,7869
QAP,36,4778,8089
QAP,37,4778,8325
QAP,38,4778,8545
QAP,39,4778,8765
QAP,40,4778,9001
QAP,41,4778,9220
QAP,42,4778,9440
QAP,43,4778,9676
QAP,44,4774,9896
QAP,45,4774,10117
QAP,46,4774,10337
QAP,47,4774,10574
QAP,48,4774,10792
QAP,49,4774,11012
QAP,50,4764,11248
QAP,51,4764,11468
QAP,52,4764,11688
QAP,53,4752,11924
QAP,54,4752,12145
QAP,55,4752,12365
QAP,56,4752,12584
QAP,57,4752,12821
QAP,58,4752,13040
QAP,59,4752,13260
QAP,60,4752,13480
QAP,61,4752,13716
QAP,62,4752,13936
QAP,63,4752,14156
QAP,64,4752,14390
QAP,65,4752,14610
QAP,66,4752,14830
QAP,67,4752,15066
QAP,68,4736,15286
QAP,69,4736,15514
QAP,70,4736,15741
QAP,71,4736,15961
QAP,72,4730,16181
QAP,73,4714,16401
QAP,74,4714,16637
QAP,75,4714,16857
QAP,76,4714,17077
QAP,77,4708,17297
QAP,78,4708,17533
QAP,79,4708,17752
QAP,80,4708,17972
QAP,81,4708,18208
QAP,82,4708,18427
QAP,83,4708,18647
QAP,84,4708,18883
QAP,85,4708,19103
QAP,86,4708,19323
QAP,87,4708,19558
QAP,88,4708,19784
QAP,89,4708,20008
QAP,90,4708,20232
QAP,91,4708,20458
QAP,92,4702,20682
QAP,93,4702,20909
QAP,94,4660,21133
QAP,95,4660,21357
QAP,96,4660,21581
QAP,97,4660,21807
QAP,98,4660,22031
QAP,99,4660,22258
QAP,100,4660,22483
QAP,101,4654,22707
QAP,102,4654,22931
QAP,103,4654,23156
QAP,104,4628,23381
QAP,105,4628,23606
QAP,106,4628,23823
QAP,107,4626,24043
QAP,108,4626,24279
QAP,109,4626,24499
QAP,110,4626,24719
QAP,111,4626,24951
QAP,112,4626,25177
QAP,113,4626,25398
QAP,114,4626,25617
QAP,115,4626,25837
QAP,116,4626,26073
QAP,117,4626,26293
QAP,118,4626,26513
QAP,119,4626,26733
QAP,120,4626,26968
QAP,121,4626,27188
QAP,122,4626,27408
QAP,123,4626,27628
QAP,124,4626,27864
QAP,125,4624,28084
QAP,126,4620,28304
QAP,127,4620,28524
QAP,128,4614,28760
QAP,129,4614,28980
QAP,130,4614,29200
QAP,131,4614,29420
QAP,132,4614,29656
QAP,133,4596,29875
QAP,134,4596,30096
QAP,135,4596,30316
QAP,136,4596,30555
QAP,137,4596,30777
QAP,138,4596,30991
QAP,139,4596,31227
QAP,140,4596,31447
QAP,141,4596,31667
QAP,142,4596,31886
QAP,143,4590,32122
QAP,144,4590,32341
QAP,145,4590,32561
QAP,146,4590,32781
QAP,147,4590,33017
QAP,148,4590,33237
QAP,149,4568,33457
QAP,150,4568,33677
QAP,151,4568,33913
QAP,152,4520,34133
QAP,153,4520,34353
QAP,154,4520,34589
QAP,155,4520,34808
QAP,156,4520,35028
QAP,157,4520,35248
QAP,158,4520,35483
QAP,159,4520,35703
QAP,160,4520,35923
QAP,161,4504,36158
QAP,162,4504,36378
QAP,163,4504,36598
QAP,164,4504,36818
QAP,165,4498,37054
QAP,166,4498,37274
QAP,167,4498,37494
QAP,168,4498,37729
QAP,169,4496,37948
QAP,170,4496,38168
QAP,171,4496,38387
QAP,172,4496,38622
QAP,173,4490,38842
QAP,174,4486,39062
QAP,175,4486,39296
QAP,176,4486,39516
QAP,177,4482,39735
QAP,178,4482,39970
QAP,179,4482,40189
QAP,180,4482,40408
QAP,181,4482,40628
QAP,182,4456,40863
QAP,183,4456,41083
QAP,184,4456,41302
QAP,185,4456,41540
QAP,186,4438,41757
QAP,187,4438,41976
QAP,188,4438,42211
QAP,189,4438,42431
QAP,190,4438,42650
QAP,191,4426,42885
QAP,192,4426,43105
QAP,193,4426,43324
QAP,194,4426,43543
QAP,195,4426,43778
QAP,196,4426,43997
QAP,197,4426,44217
QAP,198,4424,44452
QAP,199,4424,44671
QAP,200,4424,44891
QAP,201,4424,45126
QAP,202,4424,45345
QAP,203,4424,45564
QAP,204,4424,45800
QAP,205,4424,46019
QAP,206,4424,46239
QAP,207,4424,46458
QAP,208,4424,46693
QAP,209,4424,46913
QAP,210,4424,47132
QAP,211,4424,47367
QAP,212,4424,47586
QAP,213,4424,47806
QAP,214,4424,48041
QAP,215,4424,48260
QAP,216,4420,48480
QAP,217,4420,48715
QAP,218,4420,48935
QAP,219,4420,49154
QAP,220,4420,49389
QAP,221,4420,49608
QAP,222,4420,49827
QAP,223,4420,50063
QAP,224,4420,50282
QAP,225,4420,50501
QAP,226,4420,50721
QAP,227,4410,50956
QAP,228,4410,51175
QAP,229,4410,51395
QAP,230,4410,51629
QAP,231,4410,51849
QAP,232,4410,52068
QAP,233,4410,52288
QAP,234,4410,52523
QAP,235,4410,52743
QAP,236,4410,52963
QAP,237,4410,53199
QAP,238,4410,53419
QAP,239,4410,53639
QAP,240,4410,53875
QAP,241,4410,54094
QAP,242,4398,54315
QAP,243,4398,54545
QAP,244,4398,54769
QAP,245,4392,54993
QAP,246,4392,55216
QAP,247,4392,55440
QAP,248,4392,55664
QAP,249,4370,55887
QAP,250,4370,56104
QAP,251,4370,56323
QAP,252,4370,56558
QAP,253,4364,56778
QAP,254,4364,56998
QAP,255,4350,57217
QAP,256,4350,57452
QAP,257,4344,57671
QAP,258,4336,57898
QAP,259,4336,58110
QAP,260,4336,58345
QAP,261,4336,58564
QAP,262,4302,58783
QAP,263,4302,59019
QAP,264,4302,59238
QAP,265,4302,59457
QAP,266,4302,59693
QAP,267,4288,59912
QAP,268,4288,60132
QAP,269,4288,60368
QAP,270,4288,60588
QAP,271,4288,60808
QAP,272,4288,61028
QAP,273,4284,61263
QAP,274,4284,61483
QAP,275,4284,61703
QAP,276,4284,61923
QAP,277,4284,62158
QAP,278,4284,62378
QAP,279,4278,62598
QAP,280,4274,62818
QAP,281,4274,63054
QAP,282,4274,63274
QAP,283,4274,63494
QAP,284,4274,63714
QAP,285,4274,63949
QAP,286,4274,64169
QAP,287,4274,64389
QAP,288,4274,64608
QAP,289,4274,64844
QAP,290,4274,65064
QAP,291,4274,65284
QAP,292,4274,65504
QAP,293,4274,65738
QAP,294,4274,65963
QAP,295,4274,66187
QAP,296,4274,66404
QAP,297,4274,66624
QAP,298,4274,66844
QAP,299,4274,67080
QAP,300,4274,67299
QAP,301,4274,67519
QAP,302,4274,67739
QAP,303,4274,67975
QAP,304,4274,68195
QAP,305,4272,68415
QAP,306,4272,68635
QAP,307,4272,68855
QAP,308,4262,69097
QAP,309,4254,69321
QAP,310,4254,69547
QAP,311,4254,69768
QAP,312,4254,69993
QAP,313,4254,70217
QAP,314,4254,70441
QAP,315,4202,70665
QAP,316,4178,70889
QAP,317,4178,71115
QAP,318,4178,71339
QAP,319,4178,71561
QAP,320,4178,71788
QAP,321,4174,72013
QAP,322,4174,72236
QAP,323,4174,72459
QAP,324,4174,72684
QAP,325,4174,72906
QAP,326,4174,73130
QAP,327,4174,73355
QAP,328,4172,73579
QAP,329,4172,73803
QAP,330,4172,74028
QAP,331,4172,74252
QAP,332,4172,74475
QAP,333,4172,74699
QAP,334,4172,74925
QAP,335,4172,75139
QAP,336,4172,75359
QAP,337,4172,75595
QAP,338,4172,75815
QAP,339,4172,76035
QAP,340,4172,76255
QAP,341,4172,76491
QAP,342,4172,76710
QAP,343,4172,76929
QAP,344,4172,77149
QAP,345,4172,77385
QAP,346,4172,77605
QAP,347,4172,77825
QAP,348,4172,78045
QAP,349,4172,78281
QAP,350,4172,78500
QAP,351,4172,78720
QAP,352,4172,78940
QAP,353,4172,79175
QAP,354,4172,79396
QAP,355,4170,79615
QAP,356,4170,79836
QAP,357,4160,80055
QAP,358,4160,80291
QAP,359,4160,80511
QAP,360,4160,80731
QAP,361,4160,80966
QAP,362,4158,81190
QAP,363,4158,81406
QAP,364,4142,81626
QAP,365,4142,81861
QAP,366,4140,82081
QAP,367,4116,82301
QAP,368,4116,82521
QAP,369,4116,82756
QAP,370,4116,82976
QAP,371,4116,83196
QAP,372,4112,83416
QAP,373,4112,83651
QAP,374,4112,83871
QAP,375,4104,84090
QAP,376,4104,84326
QAP,377,4104,84546
QAP,378,4104,84766
QAP,379,4104,84986
QAP,380,4104,85222
QAP,381,4088,85442
QAP,382,4088,85662
QAP,383,4088,85882
QAP,384,4088,86118
QAP,385,4088,86338
QAP,386,4088,86558
QAP,387,4088,86778
QAP,388,4088,87014
QAP,389,4088,87234
QAP,390,4088,87454
QAP,391,4088,87674
QAP,392,4088,87910
QAP,393,4088,88130
QAP,394,4088,88350
QAP,395,4088,88569
QAP,396,4088,88805
QAP,397,4088,89025
QAP,398,4088,89253
QAP,399,4088,89464
QAP,400,4088,89700
QAP,401,4088,89919
QAP,402,4082,90139
QAP,403,4082,90359
QAP,404,4080,90595
QAP,405,4070,90815
QAP,406,4052,91036
QAP,407,4050,91255
QAP,408,4050,91491
QAP,409,4050,91711
QAP,410,4046,91930
QAP,411,4046,92166
QAP,412,4046,92385
QAP,413,4046,92605
QAP,414,4046,92825
QAP,415,4032,93045
QAP,416,4032,93265
QAP,417,4026,93501
QAP,418,4026,93727
QAP,419,4022,93949
QAP,420,4020,94174
QAP,421,4020,94397
QAP,422,4020,94623
QAP,423,4020,94842
QAP,424,4020,95062
QAP,425,4020,95282
QAP,426,4020,95502
QAP,427,4002,95738
QAP,428,4002,95957
QAP,429,4002,96178
QAP,430,4002,96397
QAP,431,4002,96633
QAP,432,3980,96853
QAP,433,3980,97074
QAP,434,3980,97294
QAP,435,3980,97514
QAP,436,3980,97750
QAP,437,3980,97970
QAP,438,3980,98189
QAP,439,3980,98425
QAP,440,3980,98645
QAP,441,3980,98864
QAP,442,3980,99084
QAP,443,3980,99320
QAP,444,3980,99540
QAP,445,3980,99760
QAP,446,3980,99980
QAP,447,3980,100216
QAP,448,3966,100435
QAP,449,3966,100655
QAP,450,3966,100876
QAP,451,3966,101112
QAP,452,3966,101332
QAP,453,3966,101551
QAP,454,3966,101772
QAP,455,3966,102007
QAP,456,3966,102228
QAP,457,3966,102448
QAP,458,3966,102668
QAP,459,3966,102888
QAP,460,3966,103124
QAP,461,3966,103343
QAP,462,3966,103563
QAP,463,3966,103797
QAP,464,3966,104017
QAP,465,3966,104244
QAP,466,3966,104455
QAP,467,3966,104690
QAP,468,3966,104910
QAP,469,3966,105129
QAP,470,3962,105364
QAP,471,3962,105583
QAP,472,3962,105803
QAP,473,3962,106038
QAP,474,3962,106258
QAP,475,3962,106478
QAP,476,3956,106710
QAP,477,3956,106934
QAP,478,3956,107158
QAP,479,3956,107378
QAP,480,3938,107598
QAP,481,3938,107818
QAP,482,3938,108038
QAP,483,3938,108258
QAP,484,3938,108494
QAP,485,3938,108714
QAP,486,3938,108934
QAP,487,3938,109169
QAP,488,3938,109389
QAP,489,3938,109609
QAP,490,3938,109845
QAP,491,3938,110065
QAP,492,3938,110285
QAP,493,3938,110504
QAP,494,3938,110723
QAP,495,3938,110959
QAP,496,3938,111179
QAP,497,3938,111399
QAP,498,3938,111633
QAP,499,3938,111853
QAP,500,3938,112073
QAP,501,3938,112293
QAP,502,3938,112528
QAP,503,3938,112748
QAP,504,3938,112968
QAP,505,3938,113188
QAP,506,3938,113409
QAP,507,3938,113644
QAP,508,3938,113865
QAP,509,3938,114085
QAP,510,3938,114305
QAP,511,3938,114541
QAP,512,3938,114761
QAP,513,3938,114981
QAP,514,3938,115216
QAP,515,3938,115436
QAP,516,3938,115656
QAP,517,3938,115876
QAP,518,3938,116096
QAP,519,3938,116331
QAP,520,3938,116552
QAP,521,3938,116771
QAP,522,3938,116993
QAP,523,3938,117227
QAP,524,3938,117447
QAP,525,3938,117667
QAP,526,3938,117887
QAP,527,3938,118122
QAP,528,3938,118342
QAP,529,3938,118562
QAP,530,3938,118782
QAP,531,3938,119018
QAP,532,3936,119244
QAP,533,3936,119458
QAP,534,3936,119679
QAP,535,3936,119898
QAP,536,3936,120134
QAP,537,3928,120359
QAP,538,3928,120581
QAP,539,3928,120805
QAP,540,3928,121027
QAP,541,3928,121251
QAP,542,3924,121474
QAP,543,3914,121697
QAP,544,3914,121921
QAP,545,3914,122145
QAP,546,3914,122367
QAP,547,3914,122591
QAP,548,3914,122815
QAP,549,3914,123038
QAP,550,3914,123263
QAP,551,3914,123485
QAP,552,3914,123709
QAP,553,3914,123933
QAP,554,3914,124156
QAP,555,3908,124380
QAP,556,3908,124603
QAP,557,3908,124828
QAP,558,3908,125051
QAP,559,3908,125273
QAP,560,3908,125499
QAP,561,3908,125722
QAP,562,3908,125932
QAP,563,3908,126167
QAP,564,3904,126387
QAP,565,3904,126606
QAP,566,3904,126840
QAP,567,3898,127065
QAP,568,3898,127289
QAP,569,3898,127512
QAP,570,3898,127726
QAP,571,3898,127946
QAP,572,3898,128182
QAP,573,3898,128402
QAP,574,3898,128622
QAP,575,3898,128858
QAP,576,3898,129077
QAP,577,3898,129298
QAP,578,3898,129517
QAP,579,3898,129753
QAP,580,3898,129973
QAP,581,3898,130193
QAP,582,3898,130413
QAP,583,3898,130649
QAP,584,3898,130869
QAP,585,3898,131089
QAP,586,3898,131322
QAP,587,3898,131546
QAP,588,3898,131766
QAP,589,3898,131988
QAP,590,3898,132206
QAP,591,3898,132442
QAP,592,3898,132661
QAP,593,3898,132882
QAP,594,3898,133102
QAP,595,3898,133337
QAP,596,3898,133557
QAP,597,3898,133777
QAP,598,3898,133997
QAP,599,3898,134232
QAP,600,3898,134452
QAP,601,3898,134672
QAP,602,3898,134892
QAP,603,3898,135112
QAP,604,3898,135348
QAP,605,3898,135568
QAP,606,3898,135788
QAP,607,3898,136007
QAP,608,3898,136242
QAP,609,3898,136461
QAP,610,3898,136681
QAP,611,3898,136900
QAP,612,3898,137135
QAP,613,3898,137355
QAP,614,3892,137574
QAP,615,3892,137793
QAP,616,3886,138028
QAP,617,3886,138247
QAP,618,3864,138482
QAP,619,3864,138702
QAP,620,3864,138921
QAP,621,3864,139156
QAP,622,3864,139376
QAP,623,3864,139595
QAP,624,3862,139815
QAP,625,3862,140050
QAP,626,3862,140270
QAP,627,3862,140490
QAP,628,3862,140710
QAP,629,3862,140930
QAP,630,3862,141165
QAP,631,3856,141385
QAP,632,3856,141604
QAP,633,3856,141824
QAP,634,3842,142059
QAP,635,3842,142278
QAP,636,3842,142498
QAP,637,3838,142732
QAP,638,3838,142952
QAP,639,3838,143171
QAP,640,3838,143406
QAP,641,3838,143626
QAP,642,3838,143845
QAP,643,3838,144080
QAP,644,3838,144299
QAP,645,3838,144519
QAP,646,3838,144738
QAP,647,3838,144973
QAP,648,3838,145193
QAP,649,3838,145412
QAP,650,3838,145647
QAP,651,3838,145873
QAP,652,3838,146086
QAP,653,3838,146320
QAP,654,3838,146540
QAP,655,3838,146759
QAP,656,3838,146979
QAP,657,3838,147215
QAP,658,3838,147435
QAP,659,3838,147655
QAP,660,3838,147875
QAP,661,3838,148110
QAP,662,3838,148330
QAP,663,3838,148550
QAP,664,3838,148770
QAP,665,3838,149006
QAP,666,3838,149231
QAP,667,3838,149446
QAP,668,3838,149667
QAP,669,3838,149902
QAP,670,3838,150128
QAP,671,3838,150352
QAP,672,3838,150576
QAP,673,3838,150800
QAP,674,3838,151026
QAP,675,3838,151249
QAP,676,3838,151474
QAP,677,3838,151698
QAP,678,3838,151922
QAP,679,3838,152149
QAP,680,3838,152371
QAP,681,3838,152592
QAP,682,3838,152812
QAP,683,3838,153032
QAP,684,3838,153267
QAP,685,3838,153486
QAP,686,3838,153706
QAP,687,3838,153925
QAP,688,3838,154160
QAP,689,3838,154379
QAP,690,3838,154598
QAP,691,3838,154818
QAP,692,3838,155053
QAP,693,3838,155272
QAP,694,3838,155492
QAP,695,3838,155712
QAP,696,3838,155947
QAP,697,3838,156167
QAP,698,3838,156387
QAP,699,3838,156607
QAP,700,3838,156843
QAP,701,3838,157062
QAP,702,3838,157283
QAP,703,3838,157503
QAP,704,3838,157738
QAP,705,3838,157958
QAP,706,3838,158179
QAP,707,3838,158399
QAP,708,3838,158619
QAP,709,3838,158854
QAP,710,3838,159074
QAP,711,3838,159294
QAP,712,3838,159514
QAP,713,3838,159750
QAP,714,3838,159970
QAP,715,3838,160190
QAP,716,3838,160410
QAP,717,3836,160630
QAP,718,3836,160866
QAP,719,3834,161086
QAP,720,3828,161306
QAP,721,3828,161525
QAP,722,3828,161745
QAP,723,3828,161981
QAP,724,3824,162201
QAP,725,3824,162421
QAP,726,3824,162641
QAP,727,3822,162861
QAP,728,3822,163096
QAP,729,3822,163316
QAP,730,3822,163535
QAP,731,3820,163756
QAP,732,3820,163976
QAP,733,3820,164215
QAP,734,3820,164432
QAP,735,3820,164652
QAP,736,3818,164871
QAP,737,3818,165107
QAP,738,3818,165327
QAP,739,3818,165546
QAP,740,3814,165766
QAP,741,3814,165986
QAP,742,3814,166222
QAP,743,3814,166443
QAP,744,3814,166663
QAP,745,3812,166883
QAP,746,3812,167119
QAP,747,3812,167339
QAP,748,3812,167559
QAP,749,3812,167779
QAP,750,3812,168014
QAP,751,3808,168234
QAP,752,3808,168454
QAP,753,3808,168674
QAP,754,3808,168910
QAP,755,3808,169130
QAP,756,3808,169350
QAP,757,3804,169570
QAP,758,3804,169805
QAP,759,3804,170025
QAP,760,3804,170246
QAP,761,3804,170482
QAP,762,3804,170701
QAP,763,3804,170921
QAP,764,3804,171157
QAP,765,3804,171377
QAP,766,3798,171597
QAP,767,3798,171817
QAP,768,3798,172052
QAP,769,3798,172272
QAP,770,3798,172492
QAP,771,3798,172727
QAP,772,3798,172947
QAP,773,3798,173167
QAP,774,3798,173403
QAP,775,3798,173623
QAP,776,3798,173851
QAP,777,3798,174076
QAP,778,3798,174300
QAP,779,3798,174524
QAP,780,3798,174744
QAP,781,3798,174964
QAP,782,3798,175185
QAP,783,3798,175420
QAP,784,3798,175639
QAP,785,3798,175859
QAP,786,3798,176097
QAP,787,3798,176320
QAP,788,3798,176545
QAP,789,3798,176770
QAP,790,3798,176995
QAP,791,3798,177217
QAP,792,3798,177440
QAP,793,3798,177660
QAP,794,3798,177879
QAP,795,3798,178115
QAP,796,3798,178335
QAP,797,3798,178555
QAP,798,3798,178790
QAP,799,3798,179014
QAP,800,3798,179239
QAP,801,3798,179463
QAP,802,3798,179687
QAP,803,3798,179910
QAP,804,3798,180135
QAP,805,3798,180360
QAP,806,3798,180584
QAP,807,3798,180797
QAP,808,3798,181033
QAP,809,3798,181253
QAP,810,3798,181473
QAP,811,3798,181693
QAP,812,3798,181929
QAP,813,3798,182149
QAP,814,3798,182369
QAP,815,3798,182589
QAP,816,3798,182824
QAP,817,3798,183043
QAP,818,3798,183263
QAP,819,3798,183483
QAP,820,3798,183703
QAP,821,3798,183939
QAP,822,3798,184159
QAP,823,3798,184379
QAP,824,3798,184599
QAP,825,3798,184835
QAP,826,3798,185054
QAP,827,3798,185274
QAP,828,3798,185494
QAP,829,3798,185714
QAP,830,3798,185934
QAP,831,3798,186170
QAP,832,3798,186391
QAP,833,3798,186611
QAP,834,3798,186831
QAP,835,3798,187067
QAP,836,3798,187287
QAP,837,3798,187507
QAP,838,3798,187727
QAP,839,3798,187947
QAP,840,3798,188167
QAP,841,3798,188402
QAP,842,3798,188622
QAP,843,3798,188842
QAP,844,3794,189062
QAP,845,3794,189281
QAP,846,3794,189502
QAP,847,3794,189737
QAP,848,3794,189956
QAP,849,3794,190176
QAP,850,3794,190396
QAP,851,3790,190616
QAP,852,3790,190852
QAP,853,3790,191071
QAP,854,3790,191291
QAP,855,3790,191511
QAP,856,3790,191731
QAP,857,3790,191951
QAP,858,3790,192187
QAP,859,3790,192407
QAP,860,3788,192627
QAP,861,3784,192855
QAP,862,3784,193083
QAP,863,3784,193307
QAP,864,3784,193523
QAP,865,3784,193744
QAP,866,3780,193963
QAP,867,3778,194201
QAP,868,3778,194420
QAP,869,3778,194639
QAP,870,3778,194859
QAP,871,3778,195079
QAP,872,3778,195315
QAP,873,3778,195535
QAP,874,3776,195755
QAP,875,3776,195974
QAP,876,3776,196210
QAP,877,3776,196430
QAP,878,3776,196649
QAP,879,3776,196869
QAP,880,3776,197105
QAP,881,3772,197324
QAP,882,3772,197544
QAP,883,3772,197764
QAP,884,3772,197984
QAP,885,3772,198219
QAP,886,3768,198439
QAP,887,3768,198659
QAP,888,3768,198880
QAP,889,3768,199116
QAP,890,3768,199342
QAP,891,3768,199556
QAP,892,3768,199792
QAP,893,3768,200011
QAP,894,3768,200231
QAP,895,3768,200450
QAP,896,3768,200687
QAP,897,3768,200906
QAP,898,3768,201126
QAP,899,3768,201346
QAP,900,3768,201582
QAP,901,3768,201801
QAP,902,3768,202022
QAP,903,3768,202242
QAP,904,3768,202478
QAP,905,3768,202697
QAP,906,3768,202917
QAP,907,3768,203153
QAP,908,3768,203373
QAP,909,3768,203593
QAP,910,3768,203833
QAP,911,3768,204057
QAP,912,3768,204282
QAP,913,3768,204507
QAP,914,3768,204730
QAP,915,3768,204954
QAP,916,3768,205180
QAP,917,3768,205403
QAP,918,3768,205627
QAP,919,3768,205853
QAP,920,3768,206077
QAP,921,3768,206302
QAP,922,3768,206526
QAP,923,3768,206752
QAP,924,3768,206975
QAP,925,3768,207199
QAP,926,3768,207425
QAP,927,3768,207650
QAP,928,3768,207874
QAP,929,3768,208099
QAP,930,3768,208322
QAP,931,3768,208546
QAP,932,3768,208770
QAP,933,3768,208998
QAP,934,3768,209224
QAP,935,3768,209448
QAP,936,3768,209672
QAP,937,3768,209896
QAP,938,3768,210122
QAP,939,3768,210347
QAP,940,3768,210570
QAP,941,3768,210796
QAP,942,3768,211020
QAP,943,3768,211244
QAP,944,3768,211467
QAP,945,3768,211692
QAP,946,3768,211915
QAP,947,3768,212140
QAP,948,3768,212363
QAP,949,3768,212586
QAP,950,3768,212808
QAP,951,3768,213027
QAP,952,3768,213247
QAP,953,3768,213467
QAP,954,3768,213687
QAP,955,3768,213923
QAP,956,3768,214142
QAP,957,3768,214362
QAP,958,3768,214583
QAP,959,3768,214803
QAP,960,3768,215038
QAP,961,3768,215257
QAP,962,3768,215477
QAP,963,3768,215696
QAP,964,3768,215915
QAP,965,3768,216151
QAP,966,3766,216370
QAP,967,3766,216589
QAP,968,3766,216809
QAP,969,3766,217029
QAP,970,3766,217265
QAP,971,3766,217485
QAP,972,3766,217705
QAP,973,3766,217925
QAP,974,3766,218145
QAP,975,3764,218381
QAP,976,3762,218603
QAP,977,3762,218828
QAP,978,3762,219051
QAP,979,3762,219275
QAP,980,3762,219498
QAP,981,3762,219722
QAP,982,3762,219944
QAP,983,3762,220168
QAP,984,3762,220392
QAP,985,3760,220614
QAP,986,3760,220836
QAP,987,3760,221060
QAP,988,3760,221274
QAP,989,3758,221494
QAP,990,3758,221729
QAP,991,3758,221949
QAP,992,3758,222169
QAP,993,3756,222389
QAP,994,3756,222609
QAP,995,3756,222845
QAP,996,3756,223065
QAP,997,3756,223285
QAP,998,3754,223505
QAP,999,3752,223740
QAP,1000,3752,223961
QAP,1001,3752,224181
QAP,1002,3752,224400
QAP,1003,3752,224620
QAP,1004,3752,224856
QAP,1005,3752,225076
QAP,1006,3750,225296
QAP,1007,3750,225516
QAP,1008,3750,225736
QAP,1009,3748,225971
QAP,1010,3744,226190
QAP,1011,3742,226410
QAP,1012,3742,226630
QAP,1013,3742,226866
QAP,1014,3742,227086
QAP,1015,3742,227306
QAP,1016,3742,227526
QAP,1017,3742,227761
QAP,1018,3740,227982
QAP,1019,3740,228202
QAP,1020,3740,228422
QAP,1021,3740,228657
QAP,1022,3740,228877
QAP,1023,3740,229097
QAP,1024,3740,229317
QAP,1025,3740,229553
QAP,1026,3740,229772
QAP,1027,3740,229992
QAP,1028,3740,230228
QAP,1029,3740,230447
QAP,1030,3740,230667
QAP,1031,3740,230887
QAP,1032,3740,231122
QAP,1033,3740,231343
QAP,1034,3740,231563
QAP,1035,3740,231782
QAP,1036,3740,232018
QAP,1037,3740,232238
QAP,1038,3740,232474
QAP,1039,3740,232693
QAP,1040,3740,232913
QAP,1041,3740,233148
QAP,1042,3740,233368
QAP,1043,3740,233588
QAP,1044,3740,233808
QAP,1045,3740,234043
QAP,1046,3740,234262
QAP,1047,3740,234483
QAP,1048,3740,234718
QAP,1049,3740,234938
QAP,1050,3740,235159
QAP,1051,3740,235379
QAP,1052,3740,235614
QAP,1053,3740,235835
QAP,1054,3740,236055
QAP,1055,3740,236290
QAP,1056,3740,236510
QAP,1057,3740,236730
QAP,1058,3740,236966
QAP,1059,3740,237186
QAP,1060,3740,237406
QAP,1061,3740,237626
QAP,1062,3740,237861
QAP,1063,3740,238081
QAP,1064,3740,238301
QAP,1065,3740,238537
QAP,1066,3740,238757
QAP,1067,3740,238977
QAP,1068,3740,239197
QAP,1069,3740,239433
QAP,1070,3740,239653
QAP,1071,3740,239872
QAP,1072,3740,240108
QAP,1073,3740,240328
QAP,1074,3740,240556
QAP,1075,3740,240768
QAP,1076,3740,241004
QAP,1077,3740,241224
QAP,1078,3740,241443
QAP,1079,3740,241679
QAP,1080,3740,241899
QAP,1081,3740,242118
QAP,1082,3740,242338
QAP,1083,3740,242572
QAP,1084,3740,242791
QAP,1085,3740,243011
QAP,1086,3740,243246
QAP,1087,3740,243466
QAP,1088,3740,243686
QAP,1089,3740,243921
QAP,1090,3740,244141
QAP,1091,3740,244361
QAP,1092,3740,244581
QAP,1093,3740,244801
QAP,1094,3740,245037
QAP,1095,3740,245257
QAP,1096,3740,245477
QAP,1097,3740,245697
QAP,1098,3740,245933
QAP,1099,3740,246153
QAP,1100,3740,246373
QAP,1101,3740,246593
QAP,1102,3740,246812
QAP,1103,3740,247048
QAP,1104,3740,247268
QAP,1105,3740,247488
QAP,1106,3740,247708
QAP,1107,3740,247928
QAP,1108,3740,248163
QAP,1109,3740,248383
QAP,1110,3740,248603
QAP,1111,3740,248823
QAP,1112,3740,249043
QAP,1113,3738,249279
QAP,1114,3738,249499
QAP,1115,3738,249718
QAP,1116,3738,249938
QAP,1117,3734,250173
QAP,1118,3734,250392
QAP,1119,3734,250612
QAP,1120,3734,250831
QAP,1121,3734,251050
QAP,1122,3734,251285
QAP,1123,3734,251505
QAP,1124,3732,251725
QAP,1125,3730,251945
QAP,1126,3728,252165
QAP,1127,3728,252401
QAP,1128,3728,252621
QAP,1129,3728,252841
QAP,1130,3728,253061
QAP,1131,3728,253281
QAP,1132,3728,253517
QAP,1133,3722,253737
QAP,1134,3722,253957
QAP,1135,3722,254184
QAP,1136,3722,254396
QAP,1137,3722,254632
QAP,1138,3720,254851
QAP,1139,3720,255072
QAP,1140,3720,255292
QAP,1141,3720,255512
QAP,1142,3720,255747
QAP,1143,3720,255967
QAP,1144,3720,256187
QAP,1145,3718,256407
QAP,1146,3718,256627
QAP,1147,3718,256863
QAP,1148,3718,257082
QAP,1149,3718,257302
QAP,1150,3718,257522
QAP,1151,3718,257758
QAP,1152,3718,257977
QAP,1153,3718,258197
QAP,1154,3718,258417
QAP,1155,3716,258653
QAP,1156,3716,258873
QAP,1157,3716,259093
QAP,1158,3716,259313
QAP,1159,3716,259548
QAP,1160,3716,259768
QAP,1161,3716,259988
QAP,1162,3716,260208
QAP,1163,3716,260444
QAP,1164,3716,260664
QAP,1165,3716,260885
QAP,1166,3716,261120
QAP,1167,3716,261340
QAP,1168,3716,261560
QAP,1169,3714,261788
QAP,1170,3714,262016
QAP,1171,3714,262236
QAP,1172,3714,262456
QAP,1173,3714,262676
QAP,1174,3714,262911
QAP,1175,3714,263131
QAP,1176,3714,263351
QAP,1177,3714,263571
QAP,1178,3714,263807
QAP,1179,3714,264027
QAP,1180,3714,264247
QAP,1181,3714,264483
QAP,1182,3714,264703
QAP,1183,3714,264923
QAP,1184,3714,265143
QAP,1185,3714,265379
QAP,1186,3714,265598
QAP,1187,3714,265819
QAP,1188,3714,266053
QAP,1189,3714,266273
QAP,1190,3714,266492
QAP,1191,3714,266727
QAP,1192,3714,266946
QAP,1193,3714,267166
QAP,1194,3714,267401
QAP,1195,3714,267620
QAP,1196,3714,267840
QAP,1197,3714,268075
QAP,1198,3714,268295
QAP,1199,3714,268514
QAP,1200,3714,268750
QAP,1201,3714,268970
QAP,1202,3714,269191
QAP,1203,3714,269411
QAP,1204,3714,269646
QAP,1205,3714,269866
QAP,1206,3714,270086
QAP,1207,3714,270306
QAP,1208,3714,270542
QAP,1209,3714,270762
QAP,1210,3714,270983
QAP,1211,3714,271203
QAP,1212,3714,271438
QAP,1213,3714,271658
QAP,1214,3714,271878
QAP,1215,3714,272098
QAP,1216,3714,272334
QAP,1217,3714,272554
QAP,1218,3714,272774
QAP,1219,3714,272994
QAP,1220,3714,273229
QAP,1221,3714,273450
QAP,1222,3714,273670
QAP,1223,3714,273905
QAP,1224,3714,274125
QAP,1225,3714,274345
QAP,1226,3714,274565
QAP,1227,3714,274800
QAP,1228,3714,275021
QAP,1229,3714,275241
QAP,1230,3714,275460
QAP,1231,3714,275681
QAP,1232,3714,275916
QAP,1233,3714,276136
QAP,1234,3714,276356
QAP,1235,3714,276576
QAP,1236,3714,276796
QAP,1237,3714,277032
QAP,1238,3714,277252
QAP,1239,3714,277471
QAP,1240,3714,277692
QAP,1241,3714,277912
QAP,1242,3714,278147
QAP,1243,3714,278367
QAP,1244,3714,278587
QAP,1245,3714,278807
QAP,1246,3714,279027
QAP,1247,3714,279247
QAP,1248,3714,279483
QAP,1249,3714,279706
QAP,1250,3714,279929
QAP,1251,3714,280152
QAP,1252,3714,280370
QAP,1253,3714,280590
QAP,1254,3714,280809
QAP,1255,3712,281045
QAP,1256,3712,281265
QAP,1257,3712,281485
QAP,1258,3712,281705
QAP,1259,3712,281925
QAP,1260,3712,282145
QAP,1261,3712,282380
QAP,1262,3712,282600
QAP,1263,3712,282820
QAP,1264,3710,283040
QAP,1265,3710,283260
QAP,1266,3710,283496
QAP,1267,3708,283716
QAP,1268,3708,283936
QAP,1269,3708,284157
QAP,1270,3708,284377
QAP,1271,3708,284612
QAP,1272,3708,284833
QAP,1273,3708,285053
QAP,1274,3708,285273
QAP,1275,3706,285493
QAP,1276,3706,285713
QAP,1277,3706,285948
QAP,1278,3706,286168
QAP,1279,3706,286388
QAP,1280,3706,286608
QAP,1281,3706,286828
QAP,1282,3706,287064
QAP,1283,3706,287284
QAP,1284,3706,287504
QAP,1285,3706,287724
QAP,1286,3706,287944
QAP,1287,3706,288179
QAP,1288,3706,288399
QAP,1289,3706,288619
QAP,1290,3706,288850
QAP,1291,3706,289074
QAP,1292,3706,289298
QAP,1293,3706,289516
QAP,1294,3706,289736
QAP,1295,3706,289956
QAP,1296,3706,290176
QAP,1297,3706,290412
QAP,1298,3706,290632
QAP,1299,3706,290852
QAP,1300,3706,291087
QAP,1301,3706,291307
QAP,1302,3706,291528
QAP,1303,3706,291747
QAP,1304,3706,291967
QAP,1305,3706,292203
QAP,1306,3706,292422
QAP,1307,3706,292642
QAP,1308,3706,292862
QAP,1309,3706,293098
QAP,1310,3706,293318
QAP,1311,3706,293538
QAP,1312,3704,293758
QAP,1313,3704,293994
QAP,1314,3704,294213
QAP,1315,3704,294433
QAP,1316,3704,294668
QAP,1317,3704,294888
QAP,1318,3704,295108
QAP,1319,3704,295327
QAP,1320,3704,295563
QAP,1321,3704,295783
QAP,1322,3704,296003
QAP,1323,3704,296222
QAP,1324,3704,296458
QAP,1325,3704,296679
QAP,1326,3704,296898
QAP,1327,3704,297118
QAP,1328,3704,297354
QAP,1329,3704,297574
QAP,1330,3704,297794
QAP,1331,3704,298014
QAP,1332,3704,298249
QAP,1333,3704,298470
QAP,1334,3704,298689
QAP,1335,3704,298925
QAP,1336,3704,299145
QAP,1337,3704,299364
QAP,1338,3704,299599
QAP,1339,3704,299823
QAP,1340,3704,300049
QAP,1341,3704,300273
QAP,1342,3704,300498
QAP,1343,3704,300721
QAP,1344,3704,300947
QAP,1345,3704,301172
QAP,1346,3704,301385
QAP,1347,3704,301605
QAP,1348,3704,301840
QAP,1349,3704,302060
QAP,1350,3704,302280
QAP,1351,3704,302516
QAP,1352,3704,302736
QAP,1353,3704,302956
QAP,1354,3704,303191
QAP,1355,3704,303411
QAP,1356,3704,303631
QAP,1357,3704,303851
QAP,1358,3704,304087
QAP,1359,3704,304307
QAP,1360,3704,304527
QAP,1361,3704,304763
QAP,1362,3704,304982
QAP,1363,3704,305202
QAP,1364,3704,305438
QAP,1365,3704,305658
QAP,1366,3704,305878
QAP,1367,3704,306113
QAP,1368,3704,306333
QAP,1369,3704,306553
QAP,1370,3704,306789
QAP,1371,3704,307009
QAP,1372,3704,307229
QAP,1373,3704,307449
QAP,1374,3704,307685
QAP,1375,3704,307905
QAP,1376,3704,308125
QAP,1377,3704,308360
QAP,1378,3704,308581
QAP,1379,3704,308800
QAP,1380,3704,309020
QAP,1381,3704,309255
QAP,1382,3704,309475
QAP,1383,3704,309694
QAP,1384,3704,309930
QAP,1385,3704,310150
QAP,1386,3704,310369
QAP,1387,3704,310589
QAP,1388,3704,310824
QAP,1389,3704,311044
QAP,1390,3704,311263
QAP,1391,3704,311499
QAP,1392,3704,311718
QAP,1393,3704,311938
QAP,1394,3704,312158
QAP,1395,3704,312393
QAP,1396,3704,312613
QAP,1397,3704,312833
QAP,1398,3704,313053
QAP,1399,3704,313288
QAP,1400,3704,313507
QAP,1401,3704,313726
QAP,1402,3704,313946
QAP,1403,3704,314182
QAP,1404,3704,314401
QAP,1405,3704,314620
QAP,1406,3704,314840
QAP,1407,3704,315075
QAP,1408,3704,315295
QAP,1409,3704,315514
QAP,1410,3704,315734
QAP,1411,3704,315969
QAP,1412,3704,316188
QAP,1413,3704,316408
QAP,1414,3704,316628
QAP,1415,3704,316847
QAP,1416,3704,317082
QAP,1417,3704,317302
QAP,1418,3704,317530
QAP,1419,3704,317740
QAP,1420,3704,317976
QAP,1421,3704,318195
QAP,1422,3704,318415
QAP,1423,3704,318635
QAP,1424,3704,318854
QAP,1425,3704,319089
QAP,1426,3704,319308
QAP,1427,3704,319528
QAP,1428,3704,319748
QAP,1429,3704,319983
QAP,1430,3704,320202
QAP,1431,3704,320422
QAP,1432,3704,320641
QAP,1433,3704,320861
QAP,1434,3704,321097
QAP,1435,3704,321316
QAP,1436,3704,321535
QAP,1437,3704,321770
QAP,1438,3704,321989
QAP,1439,3702,322209
QAP,1440,3702,322428
QAP,1441,3702,322663
QAP,1442,3702,322882
QAP,1443,3702,323101
QAP,1444,3702,323336
QAP,1445,3702,323556
QAP,1446,3702,323775
QAP,1447,3702,323995
QAP,1448,3702,324230
QAP,1449,3702,324449
QAP,1450,3702,324668
QAP,1451,3700,324888
QAP,1452,3700,325123
QAP,1453,3700,325342
QAP,1454,3700,325562
QAP,1455,3700,325797
QAP,1456,3700,326017
QAP,1457,3700,326236
QAP,1458,3700,326455
QAP,1459,3700,326690
QAP,1460,3700,326909
QAP,1461,3700,327129
QAP,1462,3700,327364
QAP,1463,3700,327584
QAP,1464,3700,327804
QAP,1465,3698,328024
QAP,1466,3698,328260
QAP,1467,3698,328480
QAP,1468,3698,328700
QAP,1469,3698,328920
QAP,1470,3698,329160
QAP,1471,3698,329375
QAP,1472,3698,329610
QAP,1473,3698,329829
QAP,1474,3698,330050
QAP,1475,3698,330270
QAP,1476,3698,330505
QAP,1477,3698,330725
QAP,1478,3698,330945
QAP,1479,3698,331165
QAP,1480,3698,331401
QAP,1481,3698,331621
QAP,1482,3698,331841
QAP,1483,3698,332061
QAP,1484,3698,332296
QAP,1485,3698,332516
QAP,1486,3698,332736
QAP,1487,3698,332957
QAP,1488,3698,333192
QAP,1489,3698,333412
QAP,1490,3698,333632
QAP,1491,3698,333868
QAP,1492,3698,334088
QAP,1493,3698,334308
QAP,1494,3698,334528
QAP,1495,3698,334763
QAP,1496,3698,334983
QAP,1497,3698,335203
QAP,1498,3698,335439
QAP,1499,3698,335659
QAP,1500,3698,335879
QAP,1501,3698,336115
QAP,1502,3698,336335
QAP,1503,3698,336555
QAP,1504,3698,336790
QAP,1505,3698,337010
QAP,1506,3698,337230
QAP,1507,3698,337463
QAP,1508,3698,337689
QAP,1509,3698,337913
QAP,1510,3698,338136
QAP,1511,3698,338361
QAP,1512,3698,338585
QAP,1513,3698,338810
QAP,1514,3698,339022
QAP,1515,3698,339257
QAP,1516,3698,339477
QAP,1517,3698,339697
QAP,1518,3698,339917
QAP,1519,3698,340152
QAP,1520,3698,340372
QAP,1521,3698,340592
QAP,1522,3698,340828
QAP,1523,3698,341048
QAP,1524,3698,341268
QAP,1525,3698,341501
QAP,1526,3698,341725
QAP,1527,3698,341950
QAP,1528,3698,342173
QAP,1529,3698,342398
QAP,1530,3698,342621
QAP,1531,3698,342847
QAP,1532,3698,343067
QAP,1533,3698,343287
QAP,1534,3698,343507
QAP,1535,3698,343727
QAP,1536,3698,343963
QAP,1537,3698,344183
QAP,1538,3698,344404
QAP,1539,3698,344622
QAP,1540,3698,344858
QAP,1541,3698,345078
QAP,1542,3698,345298
QAP,1543,3698,345526
QAP,1544,3698,345738
QAP,1545,3698,345974
QAP,1546,3698,346194
QAP,1547,3698,346414
QAP,1548,3698,346634
QAP,1549,3698,346854
QAP,1550,3698,347089
QAP,1551,3698,347310
QAP,1552,3698,347530
QAP,1553,3698,347750
QAP,1554,3698,347985
QAP,1555,3698,348205
QAP,1556,3698,348425
QAP,1557,3698,348645
QAP,1558,3698,348865
QAP,1559,3698,349085
QAP,1560,3698,349320
QAP,1561,3698,349540
QAP,1562,3698,349760
QAP,1563,3698,349980
QAP,1564,3698,350216
QAP,1565,3698,350436
QAP,1566,3696,350656
QAP,1567,3696,350876
QAP,1568,3696,351096
QAP,1569,3696,351315
QAP,1570,3696,351551
QAP,1571,3696,351771
QAP,1572,3696,351990
QAP,1573,3696,352210
QAP,1574,3696,352445
QAP,1575,3696,352665
QAP,1576,3696,352884
QAP,1577,3696,353104
QAP,1578,3696,353339
QAP,1579,3696,353558
QAP,1580,3696,353778
QAP,1581,3696,353997
QAP,1582,3696,354232
QAP,1583,3696,354452
QAP,1584,3696,354671
QAP,1585,3696,354890
QAP,1586,3696,355125
QAP,1587,3696,355344
QAP,1588,3696,355563
QAP,1589,3696,355783
QAP,1590,3694,356018
QAP,1591,3694,356237
QAP,1592,3694,356457
QAP,1593,3694,356692
QAP,1594,3694,356911
QAP,1595,3694,357130
QAP,1596,3694,357365
QAP,1597,3694,357585
QAP,1598,3694,357804
QAP,1599,3694,358024
QAP,1600,3694,358259
QAP,1601,3694,358478
QAP,1602,3694,358697
QAP,1603,3694,358932
QAP,1604,3694,359159
QAP,1605,3694,359371
QAP,1606,3694,359606
QAP,1607,3694,359825
QAP,1608,3694,360045
QAP,1609,3694,360280
QAP,1610,3694,360500
QAP,1611,3694,360720
QAP,1612,3694,360940
QAP,1613,3694,361161
QAP,1614,3694,361397
QAP,1615,3694,361617
QAP,1616,3694,361837
QAP,1617,3694,362073
QAP,1618,3694,362293
QAP,1619,3694,362513
QAP,1620,3694,362733
QAP,1621,3694,362968
QAP,1622,3694,363188
QAP,1623,3692,363408
QAP,1624,3692,363628
QAP,1625,3692,363864
QAP,1626,3692,364084
QAP,1627,3692,364303
QAP,1628,3690,364539
QAP,1629,3690,364759
QAP,1630,3688,364979
QAP,1631,3688,365198
QAP,1632,3688,365433
QAP,1633,3688,365652
QAP,1634,3688,365872
QAP,1635,3688,366107
QAP,1636,3688,366327
QAP,1637,3688,366547
QAP,1638,3686,366767
QAP,1639,3686,367003
QAP,1640,3686,367222
QAP,1641,3686,367442
QAP,1642,3686,367677
QAP,1643,3686,367900
QAP,1644,3686,368126
QAP,1645,3686,368342
QAP,1646,3686,368562
QAP,1647,3686,368798
QAP,1648,3686,369024
QAP,1649,3686,369248
QAP,1650,3686,369472
QAP,1651,3686,369698
QAP,1652,3686,369921
QAP,1653,3686,370145
QAP,1654,3686,370370
QAP,1655,3686,370594
QAP,1656,3686,370818
QAP,1657,3686,371043
QAP,1658,3686,371268
QAP,1659,3686,371492
QAP,1660,3686,371716
QAP,1661,3686,371942
QAP,1662,3686,372166
QAP,1663,3686,372391
QAP,1664,3686,372616
QAP,1665,3686,372841
QAP,1666,3686,373067
QAP,1667,3686,373290
QAP,1668,3686,373515
QAP,1669,3686,373739
QAP,1670,3686,373964
QAP,1671,3686,374189
QAP,1672,3686,374413
QAP,1673,3686,374637
QAP,1674,3686,374862
QAP,1675,3686,375089
QAP,1676,3686,375311
QAP,1677,3686,375537
QAP,1678,3686,375765
QAP,1679,3686,375990
QAP,1680,3686,376214
QAP,1681,3686,376426
QAP,1682,3686,376661
QAP,1683,3686,376880
QAP,1684,3686,377099
QAP,1685,3686,377334
QAP,1686,3686,377554
QAP,1687,3686,377773
QAP,1688,3686,378008
QAP,1689,3686,378234
QAP,1690,3686,378448
QAP,1691,3686,378683
QAP,1692,3686,378902
QAP,1693,3686,379122
QAP,1694,3686,379341
QAP,1695,3686,379576
QAP,1696,3686,379796
QAP,1697,3686,380016
QAP,1698,3686,380251
QAP,1699,3686,380471
QAP,1700,3686,380691
QAP,1701,3686,380911
QAP,1702,3686,381131
QAP,1703,3686,381366
QAP,1704,3686,381586
QAP,1705,3686,381806
QAP,1706,3686,382026
QAP,1707,3686,382246
QAP,1708,3686,382481
QAP,1709,3686,382700
QAP,1710,3686,382920
QAP,1711,3686,383140
QAP,1712,3686,383360
QAP,1713,3686,383580
QAP,1714,3686,383816
QAP,1715,3686,384041
QAP,1716,3686,384263
QAP,1717,3686,384486
QAP,1718,3686,384709
QAP,1719,3686,384933
QAP,1720,3686,385156
QAP,1721,3686,385379
QAP,1722,3686,385601
QAP,1723,3686,385821
QAP,1724,3686,386041
QAP,1725,3686,386261
QAP,1726,3686,386481
QAP,1727,3686,386716
QAP,1728,3686,386936
QAP,1729,3686,387157
QAP,1730,3686,387377
QAP,1731,3686,387597
QAP,1732,3686,387833
QAP,1733,3686,388053
QAP,1734,3686,388273
QAP,1735,3686,388493
QAP,1736,3686,388713
QAP,1737,3686,388948
QAP,1738,3686,389168
QAP,1739,3686,389388
QAP,1740,3686,389608
QAP,1741,3686,389843
QAP,1742,3686,390063
QAP,1743,3686,390283
QAP,1744,3684,390512
QAP,1745,3684,390724
QAP,1746,3684,390960
QAP,1747,3684,391180
QAP,1748,3684,391400
QAP,1749,3684,391619
QAP,1750,3684,391840
QAP,1751,3684,392076
QAP,1752,3684,392296
QAP,1753,3684,392515
QAP,1754,3684,392735
QAP,1755,3684,392971
QAP,1756,3684,393191
QAP,1757,3684,393411
QAP,1758,3684,393630
QAP,1759,3684,393866
QAP,1760,3684,394093
QAP,1761,3684,394317
QAP,1762,3684,394541
QAP,1763,3684,394766
QAP,1764,3684,394991
QAP,1765,3684,395215
QAP,1766,3684,395440
QAP,1767,3684,395664
QAP,1768,3684,395887
QAP,1769,3684,396096
QAP,1770,3684,396332
QAP,1771,3684,396553
QAP,1772,3684,396773
QAP,1773,3684,396993
QAP,1774,3684,397228
QAP,1775,3684,397448
QAP,1776,3684,397668
QAP,1777,3684,397903
QAP,1778,3684,398124
QAP,1779,3684,398359
QAP,1780,3684,398578
QAP,1781,3684,398798
QAP,1782,3684,399017
QAP,1783,3684,399252
QAP,1784,3684,399471
QAP,1785,3684,399691
QAP,1786,3684,399926
QAP,1787,3684,400145
QAP,1788,3684,400365
QAP,1789,3684,400600
QAP,1790,3684,400819
QAP,1791,3684,401038
QAP,1792,3684,401273
QAP,1793,3684,401493
QAP,1794,3684,401712
QAP,1795,3684,401948
QAP,1796,3684,402167
QAP,1797,3684,402387
QAP,1798,3684,402622
QAP,1799,3684,402841
QAP,1800,3684,403061
QAP,1801,3684,403296
QAP,1802,3684,403515
QAP,1803,3684,403734
QAP,1804,3684,403969
QAP,1805,3684,404189
QAP,1806,3684,404408
QAP,1807,3684,404643
QAP,1808,3684,404863
QAP,1809,3684,405082
QAP,1810,3684,405317
QAP,1811,3684,405536
QAP,1812,3684,405756
QAP,1813,3684,405991
QAP,1814,3684,406210
QAP,1815,3684,406429
QAP,1816,3684,406664
QAP,1817,3684,406884
QAP,1818,3684,407103
QAP,1819,3684,407338
QAP,1820,3684,407558
QAP,1821,3684,407777
QAP,1822,3684,408012
QAP,1823,3684,408233
QAP,1824,3684,408452
QAP,1825,3684,408687
QAP,1826,3684,408906
QAP,1827,3684,409125
QAP,1828,3684,409360
QAP,1829,3684,409585
QAP,1830,3684,409799
QAP,1831,3684,410034
QAP,1832,3684,410253
QAP,1833,3684,410472
QAP,1834,3684,410707
QAP,1835,3684,410926
QAP,1836,3684,411146
QAP,1837,3684,411381
QAP,1838,3684,411601
QAP,1839,3684,411820
QAP,1840,3684,412055
QAP,1841,3684,412275
QAP,1842,3684,412494
QAP,1843,3684,412714
QAP,1844,3684,412949
QAP,1845,3684,413168
QAP,1846,3684,413387
QAP,1847,3684,413622
QAP,1848,3684,413842
QAP,1849,3684,414062
QAP,1850,3684,414281
QAP,1851,3684,414516
QAP,1852,3684,414735
QAP,1853,3684,414955
QAP,1854,3684,415190
QAP,1855,3684,415409
QAP,1856,3684,415628
QAP,1857,3684,415863
QAP,1858,3684,416082
QAP,1859,3684,416301
QAP,1860,3684,416521
QAP,1861,3684,416756
QAP,1862,3684,416975
QAP,1863,3684,417195
QAP,1864,3684,417414
QAP,1865,3684,417649
QAP,1866,3684,417869
QAP,1867,3684,418088
QAP,1868,3684,418308
QAP,1869,3684,418543
QAP,1870,3684,418762
QAP,1871,3684,418981
QAP,1872,3684,419202
QAP,1873,3684,419436
QAP,1874,3684,419656
QAP,1875,3684,419875
QAP,1876,3684,420095
QAP,1877,3684,420330
QAP,1878,3684,420550
QAP,1879,3684,420769
QAP,1880,3684,420988
QAP,1881,3684,421208
QAP,1882,3684,421443
QAP,1883,3684,421662
QAP,1884,3682,421882
QAP,1885,3682,422101
QAP,1886,3682,422337
QAP,1887,3682,422556
QAP,1888,3682,422775
QAP,1889,3682,422995
QAP,1890,3682,423222
QAP,1891,3682,423449
QAP,1892,3682,423669
QAP,1893,3682,423888
QAP,1894,3682,424107
QAP,1895,3682,424343
QAP,1896,3682,424562
QAP,1897,3682,424782
QAP,1898,3682,425002
QAP,1899,3682,425238
QAP,1900,3682,425458
QAP,1901,3682,425677
QAP,1902,3682,425897
QAP,1903,3682,426133
QAP,1904,3682,426353
QAP,1905,3682,426573
QAP,1906,3682,426808
QAP,1907,3682,427030
QAP,1908,3680,427253
QAP,1909,3680,427477
QAP,1910,3680,427694
QAP,1911,3680,427914
QAP,1912,3680,428149
QAP,1913,3680,428369
QAP,1914,3680,428589
QAP,1915,3680,428809
QAP,1916,3680,429044
QAP,1917,3680,429265
QAP,1918,3680,429485
QAP,1919,3680,429705
QAP,1920,3680,429925
QAP,1921,3680,430160
QAP,1922,3680,430380
QAP,1923,3680,430599
QAP,1924,3680,430820
QAP,1925,3680,431056
QAP,1926,3680,431276
QAP,1927,3680,431496
QAP,1928,3680,431716
QAP,1929,3680,431951
QAP,1930,3680,432171
QAP,1931,3680,432391
QAP,1932,3680,432627
QAP,1933,3680,432847
QAP,1934,3680,433067
QAP,1935,3680,433287
QAP,1936,3680,433523
QAP,1937,3680,433742
QAP,1938,3680,433962
QAP,1939,3680,434198
QAP,1940,3678,434417
QAP,1941,3678,434638
QAP,1942,3678,434857
QAP,1943,3678,435093
QAP,1944,3678,435313
QAP,1945,3678,435533
QAP,1946,3678,435768
QAP,1947,3678,435987
QAP,1948,3678,436207
QAP,1949,3678,436442
QAP,1950,3678,436661
QAP,1951,3678,436881
QAP,1952,3678,437116
QAP,1953,3678,437335
QAP,1954,3678,437555
QAP,1955,3678,437791
QAP,1956,3678,438011
QAP,1957,3678,438231
QAP,1958,3678,438450
QAP,1959,3678,438686
QAP,1960,3678,438906
QAP,1961,3678,439125
QAP,1962,3678,439361
QAP,1963,3678,439581
QAP,1964,3678,439801
QAP,1965,3678,440021
QAP,1966,3678,440257
QAP,1967,3678,440477
QAP,1968,3678,440697
QAP,1969,3678,440917
QAP,1970,3678,441152
QAP,1971,3678,441373
QAP,1972,3678,441592
QAP,1973,3678,441827
QAP,1974,3678,442046
QAP,1975,3678,442265
QAP,1976,3678,442485
QAP,1977,3678,442720
QAP,1978,3678,442940
QAP,1979,3678,443159
QAP,1980,3678,443395
QAP,1981,3678,443616
QAP,1982,3678,443836
QAP,1983,3678,444071
QAP,1984,3678,444291
QAP,1985,3678,444511
QAP,1986,3678,444731
QAP,1987,3678,444967
QAP,1988,3678,445187
QAP,1989,3678,445407
QAP,1990,3678,445626
QAP,1991,3678,445862
QAP,1992,3678,446082
QAP,1993,3678,446302
QAP,1994,3678,446523
QAP,1995,3678,446759
QAP,1996,3678,446979
QAP,1997,3678,447198
QAP,1998,3678,447418
QAP,1999,3678,447654
QAP,2000,3678,447873
QAP,2001,3678,448093
QAP,2002,3678,448328
QAP,2003,3678,448549
QAP,2004,3678,448769
QAP,2005,3678,448988
QAP,2006,3678,449224
QAP,2007,3678,449444
QAP,2008,3678,449664
QAP,2009,3678,449884
QAP,2010,3678,450119
QAP,2011,3678,450338
QAP,2012,3678,450558
QAP,2013,3678,450777
QAP,2014,3678,451012
QAP,2015,3678,451232
QAP,2016,3678,451451
QAP,2017,3678,451670
QAP,2018,3678,451906
QAP,2019,3678,452126
QAP,2020,3678,452346
QAP,2021,3678,452574
QAP,2022,3678,452799
QAP,2023,3678,453021
QAP,2024,3678,453245
QAP,2025,3678,453467
QAP,2026,3678,453691
QAP,2027,3678,453912
QAP,2028,3678,454137
QAP,2029,3678,454359
QAP,2030,3678,454579
QAP,2031,3678,454791
QAP,2032,3678,455027
QAP,2033,3678,455247
QAP,2034,3678,455467
QAP,2035,3678,455687
QAP,2036,3678,455906
QAP,2037,3678,456142
QAP,2038,3678,456362
QAP,2039,3678,456582
QAP,2040,3678,456802
QAP,2041,3678,457022
QAP,2042,3678,457258
QAP,2043,3678,457478
QAP,2044,3678,457697
QAP,2045,3678,457916
QAP,2046,3678,458151
QAP,2047,3678,458371
QAP,2048,3678,458590
QAP,2049,3678,458810
QAP,2050,3678,459045
QAP,2051,3678,459264
QAP,2052,3678,459483
QAP,2053,3678,459718
QAP,2054,3678,459938
QAP,2055,3678,460157
QAP,2056,3678,460377
QAP,2057,3678,460613
QAP,2058,3678,460833
QAP,2059,3678,461053
QAP,2060,3678,461272
QAP,2061,3678,461508
QAP,2062,3678,461728
QAP,2063,3678,461949
QAP,2064,3678,462168
QAP,2065,3678,462404
QAP,2066,3678,462623
QAP,2067,3678,462843
QAP,2068,3678,463063
QAP,2069,3678,463299
QAP,2070,3678,463519
QAP,2071,3678,463739
QAP,2072,3678,463959
QAP,2073,3678,464194
QAP,2074,3678,464414
QAP,2075,3678,464634
QAP,2076,3678,464853
QAP,2077,3678,465089
QAP,2078,3678,465310
QAP,2079,3678,465530
QAP,2080,3678,465750
QAP,2081,3678,465986
QAP,2082,3678,466205
QAP,2083,3678,466425
QAP,2084,3678,466645
QAP,2085,3678,466881
QAP,2086,3678,467101
QAP,2087,3678,467321
QAP,2088,3678,467541
QAP,2089,3678,467776
QAP,2090,3678,467996
QAP,2091,3678,468216
QAP,2092,3678,468452
QAP,2093,3678,468672
QAP,2094,3678,468892
QAP,2095,3678,469112
QAP,2096,3678,469348
QAP,2097,3678,469575
QAP,2098,3678,469802
QAP,2099,3678,470022
QAP,2100,3678,470241
QAP,2101,3678,470461
QAP,2102,3678,470696
QAP,2103,3678,470915
QAP,2104,3678,471135
QAP,2105,3678,471370
QAP,2106,3678,471590
QAP,2107,3678,471810
QAP,2108,3678,472030
QAP,2109,3678,472266
QAP,2110,3678,472486
QAP,2111,3678,472706
QAP,2112,3678,472926
QAP,2113,3678,473162
QAP,2114,3678,473382
QAP,2115,3678,473601
QAP,2116,3678,473821
QAP,2117,3678,474057
QAP,2118,3678,474277
QAP,2119,3678,474497
QAP,2120,3678,474717
QAP,2121,3678,474953
QAP,2122,3678,475173
QAP,2123,3678,475393
QAP,2124,3678,475628
QAP,2125,3678,475848
QAP,2126,3678,476068
QAP,2127,3678,476304
QAP,2128,3678,476524
QAP,2129,3678,476743
QAP,2130,3678,476963
QAP,2131,3678,477199
QAP,2132,3678,477419
QAP,2133,3678,477639
QAP,2134,3678,477875
QAP,2135,3678,478094
QAP,2136,3678,478314
QAP,2137,3678,478550
QAP,2138,3678,478769
QAP,2139,3678,478991
QAP,2140,3678,479225
QAP,2141,3678,479453
QAP,2142,3678,479677
QAP,2143,3678,479902
QAP,2144,3678,480125
QAP,2145,3678,480344
QAP,2146,3678,480564
QAP,2147,3678,480784
QAP,2148,3678,481020
QAP,2149,3678,481240
QAP,2150,3678,481461
QAP,2151,3678,481696
QAP,2152,3678,481915
QAP,2153,3678,482135
QAP,2154,3678,482371
QAP,2155,3678,482591
QAP,2156,3678,482811
QAP,2157,3678,483031
QAP,2158,3678,483267
QAP,2159,3678,483487
QAP,2160,3678,483707
QAP,2161,3678,483927
QAP,2162,3678,484163
QAP,2163,3678,484382
QAP,2164,3678,484602
QAP,2165,3678,484837
QAP,2166,3678,485057
QAP,2167,3678,485277
QAP,2168,3678,485513
QAP,2169,3678,485733
QAP,2170,3678,485953
QAP,2171,3678,486173
QAP,2172,3678,486409
QAP,2173,3678,486629
QAP,2174,3678,486849
QAP,2175,3678,487085
QAP,2176,3678,487305
QAP,2177,3678,487525
QAP,2178,3678,487760
QAP,2179,3678,487980
QAP,2180,3678,488200
QAP,2181,3678,488420
QAP,2182,3678,488655
QAP,2183,3678,488875
QAP,2184,3678,489095
QAP,2185,3678,489331
QAP,2186,3678,489551
QAP,2187,3678,489771
QAP,2188,3678,489991
QAP,2189,3678,490227
QAP,2190,3678,490447
QAP,2191,3678,490667
QAP,2192,3678,490887
QAP,2193,3678,491123
QAP,2194,3678,491342
QAP,2195,3678,491562
QAP,2196,3678,491798
QAP,2197,3678,492018
QAP,2198,3678,492238
QAP,2199,3678,492473
QAP,2200,3678,492693
QAP,2201,3678,492912
QAP,2202,3678,493132
QAP,2203,3678,493368
QAP,2204,3678,493588
QAP,2205,3678,493820
QAP,2206,3678,494046
QAP,2207,3678,494266
QAP,2208,3678,494486
QAP,2209,3678,494706
QAP,2210,3678,494941
QAP,2211,3678,495161
QAP,2212,3678,495381
QAP,2213,3678,495601
QAP,2214,3678,495836
QAP,2215,3678,496057
QAP,2216,3678,496277
QAP,2217,3678,496497
QAP,2218,3678,496732
QAP,2219,3678,496956
QAP,2220,3678,497176
QAP,2221,3678,497396
QAP,2222,3678,497616
QAP,2223,3678,497851
QAP,2224,3678,498072
QAP,2225,3678,498292
QAP,2226,3678,498527
QAP,2227,3678,498747
QAP,2228,3678,498967
QAP,2229,3678,499187
QAP,2230,3678,499423
QAP,2231,3678,499643
QAP,2232,3678,499863
QAP,2233,3678,500083
QAP,2234,3678,500303
QAP,2235,3678,500539
QAP,2236,3678,500759
QAP,2237,3678,500979
QAP,2238,3678,501199
QAP,2239,3678,501434
QAP,2240,3678,501654
QAP,2241,3678,501874
QAP,2242,3678,502094
QAP,2243,3678,502330
QAP,2244,3678,502550
QAP,2245,3678,502770
QAP,2246,3678,502991
QAP,2247,3678,503210
QAP,2248,3678,503446
QAP,2249,3678,503667
QAP,2250,3678,503896
QAP,2251,3678,504107
QAP,2252,3678,504343
QAP,2253,3678,504563
QAP,2254,3678,504790
QAP,2255,3678,505016
QAP,2256,3678,505241
QAP,2257,3678,505464
QAP,2258,3678,505687
QAP,2259,3678,505913
QAP,2260,3678,506136
QAP,2261,3678,506360
QAP,2262,3678,506585
QAP,2263,3678,506809
QAP,2264,3678,507032
QAP,2265,3678,507257
QAP,2266,3678,507481
QAP,2267,3678,507704
QAP,2268,3678,507928
QAP,2269,3678,508153
QAP,2270,3678,508376
QAP,2271,3678,508602
QAP,2272,3678,508825
QAP,2273,3678,509050
QAP,2274,3678,509274
QAP,2275,3678,509498
QAP,2276,3678,509721
QAP,2277,3678,509946
QAP,2278,3678,510170
QAP,2279,3678,510393
QAP,2280,3678,510616
QAP,2281,3678,510842
QAP,2282,3678,511065
QAP,2283,3678,511291
QAP,2284,3678,511515
QAP,2285,3678,511739
QAP,2286,3678,511963
QAP,2287,3678,512186
QAP,2288,3678,512411
QAP,2289,3678,512634
QAP,2290,3678,512858
QAP,2291,3678,513077
QAP,2292,3678,513296
QAP,2293,3678,513516
QAP,2294,3678,513750
QAP,2295,3678,513970
QAP,2296,3678,514189
QAP,2297,3678,514424
QAP,2298,3678,514644
QAP,2299,3678,514863
QAP,2300,3678,515098
QAP,2301,3678,515318
QAP,2302,3678,515537
QAP,2303,3678,515756
QAP,2304,3678,515991
QAP,2305,3678,516211
QAP,2306,3678,516430
QAP,2307,3678,516665
QAP,2308,3678,516884
QAP,2309,3678,517104
QAP,2310,3678,517323
QAP,2311,3678,517558
QAP,2312,3678,517778
QAP,2313,3678,517997
QAP,2314,3678,518232
QAP,2315,3678,518451
QAP,2316,3678,518671
QAP,2317,3678,518890
QAP,2318,3678,519125
QAP,2319,3678,519345
QAP,2320,3678,519564
QAP,2321,3678,519799
QAP,2322,3678,520026
QAP,2323,3678,520252
QAP,2324,3678,520475
QAP,2325,3678,520699
QAP,2326,3678,520922
QAP,2327,3678,521146
QAP,2328,3678,521370
QAP,2329,3678,521585
QAP,2330,3678,521805
QAP,2331,3678,522040
QAP,2332,3678,522260
QAP,2333,3678,522480
QAP,2334,3678,522700
QAP,2335,3678,522935
QAP,2336,3678,523156
QAP,2337,3678,523375
QAP,2338,3678,523596
QAP,2339,3678,523815
QAP,2340,3678,524051
QAP,2341,3678,524271
QAP,2342,3678,524492
QAP,2343,3678,524712
QAP,2344,3678,524947
QAP,2345,3678,525167
QAP,2346,3678,525386
QAP,2347,3678,525621
QAP,2348,3678,525840
QAP,2349,3678,526060
QAP,2350,3678,526279
QAP,2351,3678,526514
QAP,2352,3678,526733
QAP,2353,3678,526953
QAP,2354,3678,527188
QAP,2355,3678,527408
QAP,2356,3678,527627
QAP,2357,3678,527846
QAP,2358,3678,528081
QAP,2359,3678,528301
QAP,2360,3678,528520
QAP,2361,3678,528756
QAP,2362,3678,528975
QAP,2363,3678,529195
QAP,2364,3678,529430
QAP,2365,3678,529649
QAP,2366,3678,529869
QAP,2367,3678,530088
QAP,2368,3678,530323
QAP,2369,3678,530542
QAP,2370,3678,530762
QAP,2371,3678,530997
QAP,2372,3678,531216
QAP,2373,3678,531436
QAP,2374,3678,531670
QAP,2375,3678,531890
QAP,2376,3678,532109
QAP,2377,3678,532328
QAP,2378,3678,532563
QAP,2379,3678,532783
QAP,2380,3678,533002
QAP,2381,3678,533222
QAP,2382,3678,533457
QAP,2383,3678,533676
QAP,2384,3678,533896
QAP,2385,3678,534131
QAP,2386,3678,534350
QAP,2387,3678,534570
QAP,2388,3678,534805
QAP,2389,3678,535025
QAP,2390,3678,535244
QAP,2391,3678,535464
QAP,2392,3678,535699
QAP,2393,3678,535918
QAP,2394,3678,536137
QAP,2395,3678,536372
QAP,2396,3678,536592
QAP,2397,3678,536812
QAP,2398,3678,537031
QAP,2399,3678,537266
QAP,2400,3678,537485
QAP,2401,3678,537705
QAP,2402,3678,537924
QAP,2403,3678,538159
QAP,2404,3678,538379
QAP,2405,3678,538598
QAP,2406,3678,538833
QAP,2407,3678,539052
QAP,2408,3678,539272
QAP,2409,3678,539507
QAP,2410,3678,539732
QAP,2411,3678,539956
QAP,2412,3678,540181
QAP,2413,3678,540404
QAP,2414,3678,540624
QAP,2415,3678,540844
QAP,2416,3678,541064
QAP,2417,3678,541284
QAP,2418,3678,541520
QAP,2419,3678,541739
QAP,2420,3678,541959
QAP,2421,3678,542179
QAP,2422,3678,542415
QAP,2423,3678,542635
QAP,2424,3678,542855
QAP,2425,3678,543075
QAP,2426,3678,543310
QAP,2427,3678,543531
QAP,2428,3678,543750
QAP,2429,3678,543971
QAP,2430,3678,544191
QAP,2431,3678,544426
QAP,2432,3678,544646
QAP,2433,3678,544866
QAP,2434,3678,545086
QAP,2435,3678,545322
QAP,2436,3678,545542
QAP,2437,3678,545762
QAP,2438,3678,545982
QAP,2439,3678,546218
QAP,2440,3678,546438
QAP,2441,3678,546658
QAP,2442,3678,546878
QAP,2443,3678,547114
QAP,2444,3678,547333
QAP,2445,3678,547553
QAP,2446,3678,547772
QAP,2447,3678,548007
QAP,2448,3678,548226
QAP,2449,3678,548445
QAP,2450,3678,548680
QAP,2451,3678,548900
QAP,2452,3678,549119
QAP,2453,3678,549338
QAP,2454,3678,549573
QAP,2455,3678,549793
QAP,2456,3678,550013
QAP,2457,3678,550248
QAP,2458,3678,550467
QAP,2459,3678,550686
QAP,2460,3678,550922
QAP,2461,3678,551141
QAP,2462,3678,551361
QAP,2463,3678,551580
QAP,2464,3678,551815
QAP,2465,3678,552034
QAP,2466,3678,552254
QAP,2467,3678,552490
QAP,2468,3678,552714
QAP,2469,3678,552930
QAP,2470,3678,553150
QAP,2471,3678,553370
QAP,2472,3678,553605
QAP,2473,3678,553825
QAP,2474,3678,554044
QAP,2475,3678,554280
QAP,2476,3678,554500
QAP,2477,3678,554719
QAP,2478,3678,554939
QAP,2479,3678,555174
QAP,2480,3678,555394
QAP,2481,3678,555614
QAP,2482,3678,555847
QAP,2483,3678,556072
QAP,2484,3678,556293
QAP,2485,3678,556514
QAP,2486,3678,556733
QAP,2487,3678,556969
QAP,2488,3678,557190
QAP,2489,3678,557410
QAP,2490,3678,557630
QAP,2491,3678,557865
QAP,2492,3678,558086
QAP,2493,3678,558306
QAP,2494,3678,558526
QAP,2495,3678,558761
QAP,2496,3678,558982
QAP,2497,3678,559202
QAP,2498,3678,559422
QAP,2499,3678,559657
QAP,2500,3678,559884
QAP,2501,3678,560109
QAP,2502,3678,560332
QAP,2503,3678,560558
QAP,2504,3678,560783
QAP,2505,3678,561006
QAP,2506,3678,561230
QAP,2507,3678,561453
QAP,2508,3678,561675
QAP,2509,3678,561901
QAP,2510,3678,562125
QAP,2511,3678,562344
QAP,2512,3678,562563
QAP,2513,3678,562783
QAP,2514,3678,563019
QAP,2515,3678,563239
QAP,2516,3678,563459
QAP,2517,3678,563679
QAP,2518,3678,563915
QAP,2519,3678,564135
QAP,2520,3678,564355
QAP,2521,3678,564575
QAP,2522,3678,564794
QAP,2523,3678,565029
QAP,2524,3678,565249
QAP,2525,3678,565469
QAP,2526,3678,565689
QAP,2527,3678,565925
QAP,2528,3678,566145
QAP,2529,3678,566365
QAP,2530,3678,566585
QAP,2531,3678,566805
QAP,2532,3678,567041
QAP,2533,3678,567260
QAP,2534,3678,567480
QAP,2535,3678,567699
QAP,2536,3678,567934
QAP,2537,3678,568154
QAP,2538,3678,568390
QAP,2539,3678,568610
QAP,2540,3678,568830
QAP,2541,3678,569050
QAP,2542,3678,569269
QAP,2543,3678,569505
QAP,2544,3678,569725
QAP,2545,3678,569945
QAP,2546,3678,570165
QAP,2547,3678,570400
QAP,2548,3678,570620
QAP,2549,3678,570840
QAP,2550,3678,571060
QAP,2551,3678,571296
QAP,2552,3678,571516
QAP,2553,3678,571735
QAP,2554,3678,571955
QAP,2555,3678,572175
QAP,2556,3678,572410
QAP,2557,3678,572631
QAP,2558,3678,572851
QAP,2559,3678,573070
QAP,2560,3678,573306
QAP,2561,3678,573526
QAP,2562,3678,573746
QAP,2563,3678,573966
QAP,2564,3678,574203
QAP,2565,3678,574423
QAP,2566,3678,574642
QAP,2567,3678,574862
QAP,2568,3678,575082
QAP,2569,3678,575318
QAP,2570,3678,575538
QAP,2571,3678,575758
QAP,2572,3678,575978
QAP,2573,3678,576214
QAP,2574,3678,576433
QAP,2575,3678,576653
QAP,2576,3678,576873
QAP,2577,3678,577109
QAP,2578,3678,577328
QAP,2579,3678,577548
QAP,2580,3678,577768
QAP,2581,3678,578004
QAP,2582,3678,578224
QAP,2583,3678,578444
QAP,2584,3678,578664
QAP,2585,3678,578884
QAP,2586,3678,579120
QAP,2587,3678,579340
QAP,2588,3678,579560
QAP,2589,3678,579779
QAP,2590,3678,580015
QAP,2591,3678,580235
QAP,2592,3678,580455
QAP,2593,3678,580675
QAP,2594,3678,580895
QAP,2595,3678,581131
QAP,2596,3678,581351
QAP,2597,3678,581571
QAP,2598,3678,581790
QAP,2599,3678,582026
QAP,2600,3678,582246
QAP,2601,3678,582466
QAP,2602,3678,582686
QAP,2603,3678,582922
QAP,2604,3678,583142
QAP,2605,3678,583362
QAP,2606,3678,583582
QAP,2607,3678,583818
QAP,2608,3678,584038
QAP,2609,3678,584268
QAP,2610,3678,584481
QAP,2611,3678,584716
QAP,2612,3678,584936
QAP,2613,3678,585156
QAP,2614,3678,585376
QAP,2615,3678,585612
QAP,2616,3678,585832
QAP,2617,3678,586052
QAP,2618,3678,586286
QAP,2619,3678,586505
QAP,2620,3678,586725
QAP,2621,3678,586960
QAP,2622,3678,587180
QAP,2623,3678,587399
QAP,2624,3678,587634
QAP,2625,3678,587853
QAP,2626,3678,588072
QAP,2627,3678,588292
QAP,2628,3678,588527
QAP,2629,3678,588747
QAP,2630,3678,588967
QAP,2631,3678,589187
QAP,2632,3678,589422
QAP,2633,3678,589641
QAP,2634,3678,589861
QAP,2635,3678,590096
QAP,2636,3678,590315
QAP,2637,3678,590534
QAP,2638,3678,590769
QAP,2639,3678,590988
QAP,2640,3678,591208
QAP,2641,3678,591443
QAP,2642,3678,591664
QAP,2643,3678,591883
QAP,2644,3678,592103
QAP,2645,3678,592338
QAP,2646,3678,592559
QAP,2647,3678,592779
QAP,2648,3678,593014
QAP,2649,3678,593234
QAP,2650,3678,593454
QAP,2651,3678,593674
QAP,2652,3678,593894
QAP,2653,3678,594130
QAP,2654,3678,594357
QAP,2655,3678,594581
QAP,2656,3678,594804
QAP,2657,3678,595030
QAP,2658,3678,595253
QAP,2659,3678,595477
QAP,2660,3678,595696
QAP,2661,3678,595916
QAP,2662,3678,596136
QAP,2663,3678,596372
QAP,2664,3678,596591
QAP,2665,3678,596811
QAP,2666,3678,597047
QAP,2667,3678,597267
QAP,2668,3678,597487
QAP,2669,3678,597707
QAP,2670,3678,597927
QAP,2671,3678,598163
QAP,2672,3678,598382
QAP,2673,3678,598602
QAP,2674,3678,598822
QAP,2675,3678,599057
QAP,2676,3678,599277
QAP,2677,3678,599497
QAP,2678,3678,599717
QAP,2679,3678,599953
QAP,2680,3678,600173
QAP,2681,3678,600392
QAP,2682,3678,600612
QAP,2683,3678,600848
QAP,2684,3678,601068
QAP,2685,3678,601287
QAP,2686,3678,601508
QAP,2687,3678,601743
QAP,2688,3678,601963
QAP,2689,3678,602183
QAP,2690,3678,602403
QAP,2691,3678,602623
QAP,2692,3678,602858
QAP,2693,3678,603078
QAP,2694,3678,603298
QAP,2695,3678,603518
QAP,2696,3678,603754
QAP,2697,3678,603974
QAP,2698,3678,604193
QAP,2699,3678,604413
QAP,2700,3678,604633
QAP,2701,3678,604869
QAP,2702,3678,605088
QAP,2703,3678,605308
QAP,2704,3678,605528
QAP,2705,3678,605763
QAP,2706,3678,605983
QAP,2707,3678,606203
QAP,2708,3678,606423
QAP,2709,3678,606659
QAP,2710,3678,606879
QAP,2711,3678,607099
QAP,2712,3678,607319
QAP,2713,3678,607539
QAP,2714,3678,607774
QAP,2715,3678,607993
QAP,2716,3678,608212
QAP,2717,3678,608447
QAP,2718,3678,608667
QAP,2719,3678,608886
QAP,2720,3678,609106
QAP,2721,3678,609342
QAP,2722,3678,609561
QAP,2723,3678,609780
QAP,2724,3678,610000
QAP,2725,3678,610235
QAP,2726,3678,610454
QAP,2727,3678,610674
QAP,2728,3678,610908
QAP,2729,3678,611128
QAP,2730,3678,611348
QAP,2731,3678,611567
QAP,2732,3678,611802
QAP,2733,3678,612023
QAP,2734,3678,612249
QAP,2735,3678,612464
QAP,2736,3678,612700
QAP,2737,3678,612919
QAP,2738,3678,613139
QAP,2739,3678,613366
QAP,2740,3678,613595
QAP,2741,3678,613815
QAP,2742,3678,614035
QAP,2743,3678,614255
QAP,2744,3678,614491
QAP,2745,3678,614716
QAP,2746,3678,614939
QAP,2747,3678,615165
QAP,2748,3678,615388
QAP,2749,3678,615613
QAP,2750,3678,615837
QAP,2751,3678,616060
QAP,2752,3678,616284
QAP,2753,3678,616509
QAP,2754,3678,616732
QAP,2755,3678,616956
QAP,2756,3678,617180
QAP,2757,3678,617403
QAP,2758,3678,617627
QAP,2759,3678,617851
QAP,2760,3678,618074
QAP,2761,3678,618293
QAP,2762,3678,618514
QAP,2763,3678,618734
QAP,2764,3678,618970
QAP,2765,3678,619190
QAP,2766,3678,619410
QAP,2767,3678,619641
QAP,2768,3678,619866
QAP,2769,3678,620085
QAP,2770,3678,620305
QAP,2771,3678,620541
QAP,2772,3678,620761
QAP,2773,3678,620981
QAP,2774,3678,621201
QAP,2775,3678,621421
QAP,2776,3678,621656
QAP,2777,3678,621876
QAP,2778,3678,622096
QAP,2779,3678,622332
QAP,2780,3678,622552
QAP,2781,3678,622772
QAP,2782,3678,623008
QAP,2783,3678,623228
QAP,2784,3678,623448
QAP,2785,3678,623668
QAP,2786,3678,623889
QAP,2787,3678,624124
QAP,2788,3678,624344
QAP,2789,3678,624564
QAP,2790,3678,624784
QAP,2791,3678,625020
QAP,2792,3678,625240
QAP,2793,3678,625460
QAP,2794,3678,625682
QAP,2795,3678,625917
QAP,2796,3678,626140
QAP,2797,3678,626365
QAP,2798,3678,626590
QAP,2799,3678,626812
QAP,2800,3678,627037
QAP,2801,3678,627260
QAP,2802,3678,627484
QAP,2803,3678,627708
QAP,2804,3678,627932
QAP,2805,3678,628157
QAP,2806,3678,628380
QAP,2807,3678,628605
QAP,2808,3678,628829
QAP,2809,3678,629054
QAP,2810,3678,629277
QAP,2811,3678,629500
QAP,2812,3678,629725
QAP,2813,3678,629945
QAP,2814,3678,630165
QAP,2815,3678,630385
QAP,2816,3678,630623
QAP,2817,3678,630847
QAP,2818,3678,631071
QAP,2819,3678,631295
QAP,2820,3678,631519
QAP,2821,3678,631732
QAP,2822,3678,631968
QAP,2823,3678,632188
QAP,2824,3678,632408
QAP,2825,3678,632628
QAP,2826,3678,632848
QAP,2827,3678,633084
QAP,2828,3678,633304
QAP,2829,3678,633524
QAP,2830,3678,633743
QAP,2831,3678,633963
QAP,2832,3678,634199
QAP,2833,3678,634419
QAP,2834,3678,634638
QAP,2835,3678,634858
QAP,2836,3678,635094
QAP,2837,3678,635314
QAP,2838,3678,635534
QAP,2839,3678,635754
QAP,2840,3678,635990
QAP,2841,3678,636209
QAP,2842,3678,636429
QAP,2843,3678,636649
QAP,2844,3678,636869
QAP,2845,3678,637109
QAP,2846,3678,637332
QAP,2847,3678,637556
QAP,2848,3678,637768
QAP,2849,3678,637988
QAP,2850,3678,638224
QAP,2851,3678,638450
QAP,2852,3678,638664
QAP,2853,3678,638885
QAP,2854,3678,639120
QAP,2855,3678,639341
QAP,2856,3678,639561
QAP,2857,3678,639781
QAP,2858,3678,640016
QAP,2859,3678,640236
QAP,2860,3678,640456
QAP,2861,3678,640676
QAP,2862,3678,640896
QAP,2863,3678,641131
QAP,2864,3678,641352
QAP,2865,3678,641572
QAP,2866,3678,641807
QAP,2867,3678,642027
QAP,2868,3678,642247
QAP,2869,3678,642467
QAP,2870,3678,642687
QAP,2871,3678,642923
QAP,2872,3678,643143
QAP,2873,3678,643362
QAP,2874,3678,643582
QAP,2875,3678,643818
QAP,2876,3678,644044
QAP,2877,3678,644258
QAP,2878,3678,644478
QAP,2879,3678,644713
QAP,2880,3678,644933
QAP,2881,3678,645152
QAP,2882,3678,645372
QAP,2883,3678,645608
QAP,2884,3678,645828
QAP,2885,3678,646048
QAP,2886,3678,646268
QAP,2887,3678,646503
QAP,2888,3678,646723
QAP,2889,3678,646944
QAP,2890,3678,647164
QAP,2891,3678,647399
QAP,2892,3678,647619
QAP,2893,3678,647838
QAP,2894,3678,648058
QAP,2895,3678,648294
QAP,2896,3678,648514
QAP,2897,3678,648734
QAP,2898,3678,648954
QAP,2899,3678,649189
QAP,2900,3678,649409
QAP,2901,3678,649629
QAP,2902,3678,649865
QAP,2903,3678,650084
QAP,2904,3678,650305
QAP,2905,3678,650525
QAP,2906,3678,650761
QAP,2907,3678,650981
QAP,2908,3678,651201
QAP,2909,3678,651436
QAP,2910,3678,651656
QAP,2911,3678,651876
QAP,2912,3678,652096
QAP,2913,3678,652316
QAP,2914,3678,652552
QAP,2915,3678,652772
QAP,2916,3678,653001
QAP,2917,3678,653224
QAP,2918,3678,653449
QAP,2919,3678,653672
QAP,2920,3678,653895
QAP,2921,3678,654120
QAP,2922,3678,654343
QAP,2923,3678,654556
QAP,2924,3678,654792
QAP,2925,3678,655012
QAP,2926,3678,655232
QAP,2927,3678,655452
QAP,2928,3678,655687
QAP,2929,3678,655908
QAP,2930,3678,656128
QAP,2931,3678,656348
QAP,2932,3678,656568
QAP,2933,3678,656804
QAP,2934,3678,657024
QAP,2935,3678,657244
QAP,2936,3678,657463
QAP,2937,3678,657699
QAP,2938,3678,657919
QAP,2939,3678,658138
QAP,2940,3678,658358
QAP,2941,3678,658594
QAP,2942,3678,658813
QAP,2943,3678,659041
QAP,2944,3678,659269
QAP,2945,3678,659488
QAP,2946,3678,659707
QAP,2947,3678,659926
QAP,2948,3678,660161
QAP,2949,3678,660381
QAP,2950,3678,660601
QAP,2951,3678,660836
QAP,2952,3678,661055
QAP,2953,3678,661275
QAP,2954,3678,661494
QAP,2955,3678,661729
QAP,2956,3678,661948
QAP,2957,3678,662167
QAP,2958,3678,662402
QAP,2959,3678,662622
QAP,2960,3678,662841
QAP,2961,3678,663077
QAP,2962,3678,663296
QAP,2963,3678,663523
QAP,2964,3678,663735
QAP,2965,3678,663970
QAP,2966,3678,664190
QAP,2967,3678,664409
QAP,2968,3678,664645
QAP,2969,3678,664864
QAP,2970,3678,665083
QAP,2971,3678,665318
QAP,2972,3678,665538
QAP,2973,3678,665757
QAP,2974,3678,665977
QAP,2975,3678,666212
QAP,2976,3678,666431
QAP,2977,3678,666651
QAP,2978,3678,666886
QAP,2979,3678,667105
QAP,2980,3678,667325
QAP,2981,3678,667545
QAP,2982,3678,667780
QAP,2983,3678,668000
QAP,2984,3678,668220
QAP,2985,3678,668440
QAP,2986,3678,668660
QAP,2987,3678,668896
QAP,2988,3678,669115
QAP,2989,3678,669336
QAP,2990,3678,669555
QAP,2991,3678,669790
QAP,2992,3678,670010
QAP,2993,3678,670231
QAP,2994,3678,670451
QAP,2995,3678,670686
QAP,2996,3678,670906
QAP,2997,3678,671126
QAP,2998,3678,671346
QAP,2999,3678,671582
QAP,3000,3678,671801
QAP,3001,3678,672021
QAP,3002,3678,672241
QAP,3003,3678,672461
QAP,3004,3678,672697
QAP,3005,3678,672916
QAP,3006,3678,673136
QAP,3007,3678,673356
QAP,3008,3678,673592
QAP,3009,3678,673812
QAP,3010,3678,674040
QAP,3011,3678,674252
QAP,3012,3678,674488
QAP,3013,3678,674709
QAP,3014,3678,674929
QAP,3015,3678,675149
QAP,3016,3678,675385
QAP,3017,3678,675605
QAP,3018,3678,675825
QAP,3019,3678,676045
QAP,3020,3678,676280
QAP,3021,3678,676500
QAP,3022,3678,676720
QAP,3023,3678,676956
QAP,3024,3678,677175
QAP,3025,3678,677395
QAP,3026,3678,677615
QAP,3027,3678,677851
QAP,3028,3678,678070
QAP,3029,3678,678290
QAP,3030,3678,678526
QAP,3031,3678,678746
QAP,3032,3678,678966
QAP,3033,3678,679186
QAP,3034,3678,679421
QAP,3035,3678,679641
QAP,3036,3678,679861
QAP,3037,3678,680080
QAP,3038,3678,680301
QAP,3039,3678,680536
QAP,3040,3678,680756
QAP,3041,3678,680976
QAP,3042,3678,681196
QAP,3043,3678,681432
QAP,3044,3678,681652
QAP,3045,3678,681872
QAP,3046,3678,682092
QAP,3047,3678,682328
QAP,3048,3678,682548
QAP,3049,3678,682768
QAP,3050,3678,682988
QAP,3051,3678,683223
QAP,3052,3678,683443
QAP,3053,3678,683663
QAP,3054,3678,683883
QAP,3055,3678,684119
QAP,3056,3678,684339
QAP,3057,3678,684559
QAP,3058,3678,684779
QAP,3059,3678,685015
QAP,3060,3678,685234
QAP,3061,3678,685455
QAP,3062,3678,685675
QAP,3063,3678,685911
QAP,3064,3678,686130
QAP,3065,3678,686350
QAP,3066,3678,686570
QAP,3067,3678,686805
QAP,3068,3678,687025
QAP,3069,3678,687245
QAP,3070,3678,687465
QAP,3071,3678,687685
QAP,3072,3678,687921
QAP,3073,3678,688141
QAP,3074,3678,688361
QAP,3075,3678,688597
QAP,3076,3678,688817
QAP,3077,3678,689037
QAP,3078,3678,689257
QAP,3079,3678,689477
QAP,3080,3678,689712
QAP,3081,3678,689933
QAP,3082,3678,690152
QAP,3083,3678,690373
QAP,3084,3678,690608
QAP,3085,3678,690828
QAP,3086,3678,691048
QAP,3087,3678,691283
QAP,3088,3678,691503
QAP,3089,3678,691723
QAP,3090,3678,691943
QAP,3091,3678,692179
QAP,3092,3678,692399
QAP,3093,3678,692619
QAP,3094,3678,692839
QAP,3095,3678,693075
QAP,3096,3678,693295
QAP,3097,3678,693514
QAP,3098,3678,693734
QAP,3099,3678,693954
QAP,3100,3678,694190
QAP,3101,3678,694410
QAP,3102,3678,694630
QAP,3103,3678,694866
QAP,3104,3678,695086
QAP,3105,3678,695306
QAP,3106,3678,695526
QAP,3107,3678,695746
QAP,3108,3678,695983
QAP,3109,3678,696203
QAP,3110,3678,696422
QAP,3111,3678,696642
QAP,3112,3678,696878
QAP,3113,3678,697098
QAP,3114,3678,697318
QAP,3115,3678,697538
QAP,3116,3678,697774
QAP,3117,3678,697994
QAP,3118,3678,698214
QAP,3119,3678,698434
QAP,3120,3678,698670
QAP,3121,3678,698890
QAP,3122,3678,699110
QAP,3123,3678,699329
QAP,3124,3678,699565
QAP,3125,3678,699785
QAP,3126,3678,700005
QAP,3127,3678,700224
QAP,3128,3678,700460
QAP,3129,3678,700680
QAP,3130,3678,700900
QAP,3131,3678,701119
QAP,3132,3678,701355
QAP,3133,3678,701575
QAP,3134,3678,701795
QAP,3135,3678,702015
QAP,3136,3678,702235
QAP,3137,3678,702470
QAP,3138,3678,702690
QAP,3139,3678,702910
QAP,3140,3678,703130
QAP,3141,3678,703366
QAP,3142,3678,703585
QAP,3143,3678,703805
QAP,3144,3678,704033
QAP,3145,3678,704260
QAP,3146,3678,704480
QAP,3147,3678,704700
QAP,3148,3678,704936
QAP,3149,3678,705156
QAP,3150,3678,705376
QAP,3151,3678,705596
QAP,3152,3678,705816
QAP,3153,3678,706052
QAP,3154,3678,706272
QAP,3155,3678,706493
QAP,3156,3678,706713
QAP,3157,3678,706933
QAP,3158,3678,707172
QAP,3159,3678,707395
QAP,3160,3678,707611
QAP,3161,3678,707847
QAP,3162,3678,708067
QAP,3163,3678,708302
QAP,3164,3678,708523
QAP,3165,3678,708743
QAP,3166,3678,708963
QAP,3167,3678,709199
QAP,3168,3678,709419
QAP,3169,3678,709639
QAP,3170,3678,709859
QAP,3171,3678,710094
QAP,3172,3678,710314
QAP,3173,3678,710534
QAP,3174,3678,710754
QAP,3175,3678,710990
QAP,3176,3678,711210
QAP,3177,3678,711429
QAP,3178,3678,711649
QAP,3179,3678,711885
QAP,3180,3678,712105
QAP,3181,3678,712325
QAP,3182,3678,712544
QAP,3183,3678,712780
QAP,3184,3678,713000
QAP,3185,3678,713220
QAP,3186,3678,713456
QAP,3187,3678,713676
QAP,3188,3678,713896
QAP,3189,3678,714115
QAP,3190,3678,714351
QAP,3191,3678,714571
QAP,3192,3678,714790
QAP,3193,3678,715026
QAP,3194,3678,715245
QAP,3195,3678,715465
QAP,3196,3678,715701
QAP,3197,3678,715921
QAP,3198,3678,716141
QAP,3199,3678,716376
QAP,3200,3678,716596
QAP,3201,3678,716816
QAP,3202,3678,717036
QAP,3203,3678,717256
QAP,3204,3678,717491
QAP,3205,3678,717711
QAP,3206,3678,717931
QAP,3207,3678,718167
QAP,3208,3678,718387
QAP,3209,3678,718607
QAP,3210,3678,718826
QAP,3211,3678,719062
QAP,3212,3678,719282
QAP,3213,3678,719502
QAP,3214,3678,719722
QAP,3215,3678,719957
QAP,3216,3678,720177
QAP,3217,3678,720397
QAP,3218,3678,720617
QAP,3219,3678,720853
QAP,3220,3678,721073
QAP,3221,3678,721292
QAP,3222,3678,721512
QAP,3223,3678,721750
QAP,3224,3678,721968
QAP,3225,3678,722188
QAP,3226,3678,722408
QAP,3227,3678,722644
QAP,3228,3678,722864
QAP,3229,3678,723084
QAP,3230,3678,723304
QAP,3231,3678,723540
QAP,3232,3678,723760
QAP,3233,3678,723979
QAP,3234,3678,724215
QAP,3235,3678,724435
QAP,3236,3678,724654
QAP,3237,3678,724890
QAP,3238,3678,725110
QAP,3239,3678,725330
QAP,3240,3678,725550
QAP,3241,3678,725770
QAP,3242,3678,726006
QAP,3243,3678,726226
QAP,3244,3678,726445
QAP,3245,3678,726681
QAP,3246,3678,726901
QAP,3247,3678,727121
QAP,3248,3678,727341
QAP,3249,3678,727561
QAP,3250,3678,727796
QAP,3251,3678,728017
QAP,3252,3678,728236
QAP,3253,3678,728472
QAP,3254,3678,728692
QAP,3255,3678,728912
QAP,3256,3678,729148
QAP,3257,3678,729368
QAP,3258,3678,729587
QAP,3259,3678,729807
QAP,3260,3678,730043
QAP,3261,3678,730263
QAP,3262,3678,730483
QAP,3263,3678,730703
QAP,3264,3678,730939
QAP,3265,3678,731159
QAP,3266,3678,731378
QAP,3267,3678,731598
QAP,3268,3678,731834
QAP,3269,3678,732054
QAP,3270,3678,732274
QAP,3271,3678,732509
QAP,3272,3678,732729
QAP,3273,3678,732949
QAP,3274,3678,733170
QAP,3275,3678,733405
QAP,3276,3678,733624
QAP,3277,3678,733844
QAP,3278,3678,734080
QAP,3279,3678,734299
QAP,3280,3678,734519
QAP,3281,3678,734738
QAP,3282,3678,734973
QAP,3283,3678,735192
QAP,3284,3678,735412
QAP,3285,3678,735631
QAP,3286,3678,735867
QAP,3287,3678,736087
QAP,3288,3678,736318
QAP,3289,3678,736543
QAP,3290,3678,736766
QAP,3291,3678,736985
QAP,3292,3678,737204
QAP,3293,3678,737439
QAP,3294,3678,737658
QAP,3295,3678,737879
QAP,3296,3678,738106
QAP,3297,3678,738334
QAP,3298,3678,738554
QAP,3299,3678,738774
QAP,3300,3678,738994
QAP,3301,3678,739230
QAP,3302,3678,739450
QAP,3303,3678,739670
QAP,3304,3678,739906
QAP,3305,3678,740126
QAP,3306,3678,740346
QAP,3307,3678,740566
QAP,3308,3678,740786
QAP,3309,3678,741022
QAP,3310,3678,741242
QAP,3311,3678,741462
QAP,3312,3678,741682
QAP,3313,3678,741918
QAP,3314,3678,742137
QAP,3315,3678,742358
QAP,3316,3678,742578
QAP,3317,3678,742814
QAP,3318,3678,743034
QAP,3319,3678,743254
QAP,3320,3678,743473
QAP,3321,3678,743709
QAP,3322,3678,743929
QAP,3323,3678,744148
QAP,3324,3678,744368
QAP,3325,3678,744604
QAP,3326,3678,744824
QAP,3327,3678,745044
QAP,3328,3678,745264
QAP,3329,3678,745500
QAP,3330,3678,745720
QAP,3331,3678,745939
QAP,3332,3678,746159
QAP,3333,3678,746395
QAP,3334,3678,746615
QAP,3335,3678,746835
QAP,3336,3678,747054
QAP,3337,3678,747289
QAP,3338,3678,747508
QAP,3339,3678,747729
QAP,3340,3678,747964
QAP,3341,3678,748183
QAP,3342,3678,748403
QAP,3343,3678,748622
QAP,3344,3678,748857
QAP,3345,3678,749077
QAP,3346,3678,749296
QAP,3347,3678,749515
QAP,3348,3678,749750
QAP,3349,3678,749969
QAP,3350,3678,750189
QAP,3351,3678,750424
QAP,3352,3678,750643
QAP,3353,3678,750863
QAP,3354,3678,751098
QAP,3355,3678,751317
QAP,3356,3678,751536
QAP,3357,3678,751756
QAP,3358,3678,751991
QAP,3359,3678,752210
QAP,3360,3678,752429
QAP,3361,3678,752664
QAP,3362,3678,752883
QAP,3363,3678,753111
QAP,3364,3678,753322
QAP,3365,3678,753557
QAP,3366,3678,753777
QAP,3367,3678,753996
QAP,3368,3678,754231
QAP,3369,3678,754450
QAP,3370,3678,754670
QAP,3371,3678,754889
QAP,3372,3678,755124
QAP,3373,3678,755343
QAP,3374,3678,755563
QAP,3375,3678,755797
QAP,3376,3678,756017
QAP,3377,3678,756236
QAP,3378,3678,756471
QAP,3379,3678,756691
QAP,3380,3678,756910
QAP,3381,3678,757145
QAP,3382,3678,757365
QAP,3383,3678,757584
QAP,3384,3678,757819
QAP,3385,3678,758038
QAP,3386,3678,758257
QAP,3387,3678,758495
QAP,3388,3678,758718
QAP,3389,3678,758934
QAP,3390,3678,759154
QAP,3391,3678,759389
QAP,3392,3678,759609
QAP,3393,3678,759830
QAP,3394,3678,760050
QAP,3395,3678,760286
QAP,3396,3678,760506
QAP,3397,3678,760726
QAP,3398,3678,760946
QAP,3399,3678,761182
QAP,3400,3678,761402
QAP,3401,3678,761622
QAP,3402,3678,761843
QAP,3403,3678,762063
QAP,3404,3678,762298
QAP,3405,3678,762518
QAP,3406,3678,762738
QAP,3407,3678,762974
QAP,3408,3678,763201
QAP,3409,3678,763424
QAP,3410,3678,763650
QAP,3411,3678,763874
QAP,3412,3678,764098
QAP,3413,3678,764322
QAP,3414,3678,764540
QAP,3415,3678,764759
QAP,3416,3678,764994
QAP,3417,3678,765214
QAP,3418,3678,765433
QAP,3419,3678,765653
QAP,3420,3678,765888
QAP,3421,3678,766108
QAP,3422,3678,766327
QAP,3423,3678,766562
QAP,3424,3678,766782
QAP,3425,3678,767001
QAP,3426,3678,767236
QAP,3427,3678,767455
QAP,3428,3678,767674
QAP,3429,3678,767894
QAP,3430,3678,768129
QAP,3431,3678,768348
QAP,3432,3678,768568
QAP,3433,3678,768803
QAP,3434,3678,769022
QAP,3435,3678,769241
QAP,3436,3678,769476
QAP,3437,3678,769695
QAP,3438,3678,769914
QAP,3439,3678,770150
QAP,3440,3678,770369
QAP,3441,3678,770588
QAP,3442,3678,770824
QAP,3443,3678,771042
QAP,3444,3678,771261
QAP,3445,3678,771481
QAP,3446,3678,771716
QAP,3447,3678,771935
QAP,3448,3678,772155
QAP,3449,3678,772390
QAP,3450,3678,772609
QAP,3451,3678,772829
QAP,3452,3678,773048
QAP,3453,3678,773283
QAP,3454,3678,773502
QAP,3455,3678,773722
QAP,3456,3678,773958
QAP,3457,3678,774177
QAP,3458,3678,774396
QAP,3459,3678,774631
QAP,3460,3678,774850
QAP,3461,3678,775069
QAP,3462,3678,775304
QAP,3463,3678,775524
QAP,3464,3678,775743
QAP,3465,3678,775978
QAP,3466,3678,776198
QAP,3467,3678,776417
QAP,3468,3678,776637
QAP,3469,3678,776872
QAP,3470,3678,777091
QAP,3471,3678,777310
QAP,3472,3678,777545
QAP,3473,3678,777765
QAP,3474,3678,777984
QAP,3475,3678,778204
QAP,3476,3678,778439
QAP,3477,3678,778659
QAP,3478,3678,778878
QAP,3479,3678,779113
QAP,3480,3678,779332
QAP,3481,3678,779552
QAP,3482,3678,779787
QAP,3483,3678,780007
QAP,3484,3678,780226
QAP,3485,3678,780461
QAP,3486,3678,780681
QAP,3487,3678,780900
QAP,3488,3678,781135
QAP,3489,3678,781354
QAP,3490,3678,781574
QAP,3491,3678,781809
QAP,3492,3678,782028
QAP,3493,3678,782248
QAP,3494,3678,782483
QAP,3495,3678,782702
QAP,3496,3678,782922
QAP,3497,3678,783142
QAP,3498,3678,783377
QAP,3499,3678,783596
QAP,3500,3678,783815
QAP,3501,3678,784051
QAP,3502,3678,784270
QAP,3503,3678,784490
QAP,3504,3678,784725
QAP,3505,3678,784944
QAP,3506,3678,785179
QAP,3507,3678,785399
QAP,3508,3678,785618
QAP,3509,3678,785838
QAP,3510,3678,786073
QAP,3511,3678,786292
QAP,3512,3678,786511
QAP,3513,3678,786730
QAP,3514,3678,786965
QAP,3515,3678,787185
QAP,3516,3678,787404
QAP,3517,3678,787639
QAP,3518,3678,787859
QAP,3519,3678,788078
QAP,3520,3678,788313
QAP,3521,3678,788536
QAP,3522,3678,788752
QAP,3523,3678,788987
QAP,3524,3678,789206
QAP,3525,3678,789425
QAP,3526,3678,789645
QAP,3527,3678,789880
QAP,3528,3678,790100
QAP,3529,3678,790319
QAP,3530,3678,790554
QAP,3531,3678,790774
QAP,3532,3678,791009
QAP,3533,3678,791228
QAP,3534,3678,791463
QAP,3535,3678,791682
QAP,3536,3678,791901
QAP,3537,3678,792121
QAP,3538,3678,792356
QAP,3539,3678,792575
QAP,3540,3678,792795
QAP,3541,3678,793030
QAP,3542,3678,793249
QAP,3543,3678,793468
QAP,3544,3678,793687
QAP,3545,3678,793923
QAP,3546,3678,794143
QAP,3547,3678,794362
QAP,3548,3678,794597
QAP,3549,3678,794816
QAP,3550,3678,795035
QAP,3551,3678,795270
QAP,3552,3678,795490
QAP,3553,3678,795709
QAP,3554,3678,795928
QAP,3555,3678,796163
QAP,3556,3678,796383
QAP,3557,3678,796602
QAP,3558,3678,796837
QAP,3559,3678,797056
QAP,3560,3678,797276
QAP,3561,3678,797511
QAP,3562,3678,797730
QAP,3563,3678,797949
QAP,3564,3678,798170
QAP,3565,3678,798406
QAP,3566,3678,798625
QAP,3567,3678,798845
QAP,3568,3678,799080
QAP,3569,3678,799299
QAP,3570,3678,799519
QAP,3571,3678,799754
QAP,3572,3678,799973
QAP,3573,3678,800193
QAP,3574,3678,800412
QAP,3575,3678,800647
QAP,3576,3678,800866
QAP,3577,3678,801086
QAP,3578,3678,801320
QAP,3579,3678,801540
QAP,3580,3678,801759
QAP,3581,3678,801994
QAP,3582,3678,802213
QAP,3583,3678,802433
QAP,3584,3678,802652
QAP,3585,3678,802887
QAP,3586,3678,803107
QAP,3587,3678,803326
QAP,3588,3678,803561
QAP,3589,3678,803781
QAP,3590,3678,804000
QAP,3591,3678,804220
QAP,3592,3678,804455
QAP,3593,3678,804674
QAP,3594,3678,804909
QAP,3595,3678,805129
QAP,3596,3678,805348
QAP,3597,3678,805567
QAP,3598,3678,805802
QAP,3599,3678,806021
QAP,3600,3678,806241
QAP,3601,3678,806477
QAP,3602,3678,806702
QAP,3603,3678,806926
QAP,3604,3678,807151
QAP,3605,3678,807376
QAP,3606,3678,807599
QAP,3607,3678,807824
QAP,3608,3678,808039
QAP,3609,3678,808259
QAP,3610,3678,808494
QAP,3611,3678,808714
QAP,3612,3678,808934
QAP,3613,3678,809169
QAP,3614,3678,809389
QAP,3615,3678,809609
QAP,3616,3678,809829
QAP,3617,3678,810064
QAP,3618,3678,810284
QAP,3619,3678,810504
QAP,3620,3678,810724
QAP,3621,3678,810960
QAP,3622,3678,811180
QAP,3623,3678,811399
QAP,3624,3678,811619
QAP,3625,3678,811855
QAP,3626,3678,812075
QAP,3627,3678,812295
QAP,3628,3678,812530
QAP,3629,3678,812750
QAP,3630,3678,812971
QAP,3631,3678,813191
QAP,3632,3678,813411
QAP,3633,3678,813646
QAP,3634,3678,813866
QAP,3635,3678,814086
QAP,3636,3678,814307
QAP,3637,3678,814542
QAP,3638,3678,814762
QAP,3639,3678,814981
QAP,3640,3678,815201
QAP,3641,3678,815437
QAP,3642,3678,815657
QAP,3643,3678,815877
QAP,3644,3678,816097
QAP,3645,3678,816333
QAP,3646,3678,816552
QAP,3647,3678,816772
QAP,3648,3678,816992
QAP,3649,3678,817228
QAP,3650,3678,817448
QAP,3651,3678,817668
QAP,3652,3678,817888
QAP,3653,3678,818123
QAP,3654,3678,818343
QAP,3655,3678,818563
QAP,3656,3678,818798
QAP,3657,3678,819018
QAP,3658,3678,819238
QAP,3659,3678,819458
QAP,3660,3678,819693
QAP,3661,3678,819913
QAP,3662,3678,820133
QAP,3663,3678,820353
QAP,3664,3678,820589
QAP,3665,3678,820809
QAP,3666,3678,821029
QAP,3667,3678,821257
QAP,3668,3678,821484
QAP,3669,3678,821704
QAP,3670,3678,821924
QAP,3671,3678,822144
QAP,3672,3678,822364
QAP,3673,3678,822599
QAP,3674,3678,822820
QAP,3675,3678,823040
QAP,3676,3678,823260
QAP,3677,3678,823496
QAP,3678,3678,823715
QAP,3679,3678,823947
QAP,3680,3678,824169
QAP,3681,3678,824392
QAP,3682,3678,824617
QAP,3683,3678,824834
QAP,3684,3678,825055
QAP,3685,3678,825274
QAP,3686,3678,825510
QAP,3687,3678,825737
QAP,3688,3678,825963
QAP,3689,3678,826186
QAP,3690,3678,826405
QAP,3691,3678,826624
QAP,3692,3678,826844
QAP,3693,3678,827079
QAP,3694,3678,827299
QAP,3695,3678,827519
QAP,3696,3678,827754
QAP,3697,3678,827975
QAP,3698,3678,828195
QAP,3699,3678,828414
QAP,3700,3678,828650
QAP,3701,3678,828870
QAP,3702,3678,829090
QAP,3703,3678,829325
QAP,3704,3678,829545
QAP,3705,3678,829765
QAP,3706,3678,829985
QAP,3707,3678,830220
QAP,3708,3678,830440
QAP,3709,3678,830660
QAP,3710,3678,830880
QAP,3711,3678,831116
QAP,3712,3678,831336
QAP,3713,3678,831556
QAP,3714,3678,831776
QAP,3715,3678,832011
QAP,3716,3678,832231
QAP,3717,3678,832451
QAP,3718,3678,832687
QAP,3719,3678,832907
QAP,3720,3678,833127
QAP,3721,3678,833347
QAP,3722,3678,833583
QAP,3723,3678,833803
QAP,3724,3678,834022
QAP,3725,3678,834243
QAP,3726,3678,834478
QAP,3727,3678,834698
QAP,3728,3678,834918
QAP,3729,3678,835138
QAP,3730,3678,835373
QAP,3731,3678,835594
QAP,3732,3678,835814
QAP,3733,3678,836034
QAP,3734,3678,836269
QAP,3735,3678,836489
QAP,3736,3678,836709
QAP,3737,3678,836929
QAP,3738,3678,837165
QAP,3739,3678,837384
QAP,3740,3678,837613
QAP,3741,3678,837825
QAP,3742,3678,838060
QAP,3743,3678,838280
QAP,3744,3678,838500
QAP,3745,3678,838720
QAP,3746,3678,838956
QAP,3747,3678,839182
QAP,3748,3678,839404
QAP,3749,3678,839629
QAP,3750,3678,839853
QAP,3751,3678,840076
QAP,3752,3678,840295
QAP,3753,3678,840525
QAP,3754,3678,840748
QAP,3755,3678,840973
QAP,3756,3678,841196
QAP,3757,3678,841416
QAP,3758,3678,841636
QAP,3759,3678,841855
QAP,3760,3678,842091
QAP,3761,3678,842311
QAP,3762,3678,842531
QAP,3763,3678,842751
QAP,3764,3678,842986
QAP,3765,3678,843206
QAP,3766,3678,843426
QAP,3767,3678,843646
QAP,3768,3678,843866
QAP,3769,3678,844102
QAP,3770,3678,844321
QAP,3771,3678,844541
QAP,3772,3678,844776
QAP,3773,3678,844996
QAP,3774,3678,845216
QAP,3775,3678,845436
QAP,3776,3678,845671
QAP,3777,3678,845891
QAP,3778,3678,846110
QAP,3779,3678,846330
QAP,3780,3678,846566
QAP,3781,3678,846786
QAP,3782,3678,847006
QAP,3783,3678,847226
QAP,3784,3678,847445
QAP,3785,3678,847681
QAP,3786,3678,847901
QAP,3787,3678,848120
QAP,3788,3678,848356
QAP,3789,3678,848576
QAP,3790,3678,848796
QAP,3791,3678,849016
QAP,3792,3678,849252
QAP,3793,3678,849472
QAP,3794,3678,849692
QAP,3795,3678,849912
QAP,3796,3678,850148
QAP,3797,3678,850368
QAP,3798,3678,850588
QAP,3799,3678,850808
QAP,3800,3678,851044
QAP,3801,3678,851264
QAP,3802,3678,851483
QAP,3803,3678,851703
QAP,3804,3678,851939
QAP,3805,3678,852159
QAP,3806,3678,852379
QAP,3807,3678,852607
QAP,3808,3678,852819
QAP,3809,3678,853055
QAP,3810,3678,853274
QAP,3811,3678,853494
QAP,3812,3678,853714
QAP,3813,3678,853950
QAP,3814,3678,854170
QAP,3815,3678,854389
QAP,3816,3678,854618
QAP,3817,3678,854844
QAP,3818,3678,855064
QAP,3819,3678,855285
QAP,3820,3678,855504
QAP,3821,3678,855740
QAP,3822,3678,855960
QAP,3823,3678,856180
QAP,3824,3678,856400
QAP,3825,3678,856635
QAP,3826,3678,856855
QAP,3827,3678,857075
QAP,3828,3678,857295
QAP,3829,3678,857531
QAP,3830,3678,857751
QAP,3831,3678,857971
QAP,3832,3678,858191
QAP,3833,3678,858411
QAP,3834,3678,858646
QAP,3835,3678,858866
QAP,3836,3678,859086
QAP,3837,3678,859321
QAP,3838,3678,859542
QAP,3839,3678,859762
QAP,3840,3678,859982
QAP,3841,3678,860202
QAP,3842,3678,860438
QAP,3843,3678,860658
QAP,3844,3678,860878
QAP,3845,3678,861098
QAP,3846,3678,861334
QAP,3847,3678,861553
QAP,3848,3678,861773
QAP,3849,3678,861994
QAP,3850,3678,862229
QAP,3851,3678,862449
QAP,3852,3678,862669
QAP,3853,3678,862904
QAP,3854,3678,863124
QAP,3855,3678,863344
QAP,3856,3678,863564
QAP,3857,3678,863800
QAP,3858,3678,864019
QAP,3859,3678,864239
QAP,3860,3678,864459
QAP,3861,3678,864695
QAP,3862,3678,864915
QAP,3863,3678,865135
QAP,3864,3678,865355
QAP,3865,3678,865590
QAP,3866,3678,865810
QAP,3867,3678,866030
QAP,3868,3678,866250
QAP,3869,3678,866486
QAP,3870,3678,866706
QAP,3871,3678,866925
QAP,3872,3678,867145
QAP,3873,3678,867381
QAP,3874,3678,867606
QAP,3875,3678,867821
QAP,3876,3678,868041
QAP,3877,3678,868277
QAP,3878,3678,868497
QAP,3879,3678,868717
QAP,3880,3678,868936
QAP,3881,3678,869172
QAP,3882,3678,869392
QAP,3883,3678,869612
QAP,3884,3678,869833
QAP,3885,3678,870068
QAP,3886,3678,870288
QAP,3887,3678,870507
QAP,3888,3678,870727
QAP,3889,3678,870963
QAP,3890,3678,871183
QAP,3891,3678,871403
QAP,3892,3678,871623
QAP,3893,3678,871858
QAP,3894,3678,872078
QAP,3895,3678,872298
QAP,3896,3678,872534
QAP,3897,3678,872754
QAP,3898,3678,872974
QAP,3899,3678,873194
QAP,3900,3678,873429
QAP,3901,3678,873649
QAP,3902,3678,873869
QAP,3903,3678,874089
QAP,3904,3678,874324
QAP,3905,3678,874544
QAP,3906,3678,874764
QAP,3907,3678,874983
QAP,3908,3678,875219
QAP,3909,3678,875439
QAP,3910,3678,875658
QAP,3911,3678,875893
QAP,3912,3678,876114
QAP,3913,3678,876335
QAP,3914,3678,876555
QAP,3915,3678,876775
QAP,3916,3678,877010
QAP,3917,3678,877230
QAP,3918,3678,877450
QAP,3919,3678,877670
QAP,3920,3678,877906
QAP,3921,3678,878126
QAP,3922,3678,878346
QAP,3923,3678,878566
QAP,3924,3678,878801
QAP,3925,3678,879021
QAP,3926,3678,879241
QAP,3927,3678,879461
QAP,3928,3678,879696
QAP,3929,3678,879916
QAP,3930,3678,880136
QAP,3931,3678,880356
QAP,3932,3678,880576
QAP,3933,3678,880811
QAP,3934,3678,881031
QAP,3935,3678,881251
QAP,3936,3678,881486
QAP,3937,3678,881706
QAP,3938,3678,881926
QAP,3939,3678,882146
QAP,3940,3678,882366
QAP,3941,3678,882605
QAP,3942,3678,882822
QAP,3943,3678,883042
QAP,3944,3678,883262
QAP,3945,3678,883497
QAP,3946,3678,883717
QAP,3947,3678,883937
QAP,3948,3678,884158
QAP,3949,3678,884394
QAP,3950,3678,884614
QAP,3951,3678,884834
QAP,3952,3678,885055
QAP,3953,3678,885274
QAP,3954,3678,885510
QAP,3955,3678,885730
QAP,3956,3678,885950
QAP,3957,3678,886169
QAP,3958,3678,886406
QAP,3959,3678,886626
QAP,3960,3678,886845
QAP,3961,3678,887081
QAP,3962,3678,887301
QAP,3963,3678,887521
QAP,3964,3678,887741
QAP,3965,3678,887976
QAP,3966,3678,888196
QAP,3967,3678,888416
QAP,3968,3678,888635
QAP,3969,3678,888871
QAP,3970,3678,889091
QAP,3971,3678,889311
QAP,3972,3678,889531
QAP,3973,3678,889766
QAP,3974,3678,889986
QAP,3975,3678,890205
QAP,3976,3678,890425
QAP,3977,3678,890661
QAP,3978,3678,890881
QAP,3979,3678,891101
QAP,3980,3678,891321
QAP,3981,3678,891556
QAP,3982,3678,891776
QAP,3983,3678,891995
QAP,3984,3678,892216
QAP,3985,3678,892451
QAP,3986,3678,892671
QAP,3987,3678,892891
QAP,3988,3678,893111
QAP,3989,3678,893347
QAP,3990,3678,893567
QAP,3991,3678,893787
QAP,3992,3678,894007
QAP,3993,3678,894226
QAP,3994,3678,894462
QAP,3995,3678,894682
QAP,3996,3678,894902
QAP,3997,3678,895133
QAP,3998,3678,895360
QAP,3999,3678,895584
QAP,4000,3678,895801
QAP,4001,3678,896022
QAP,4002,3678,896257
QAP,4003,3678,896477
QAP,4004,3678,896697
QAP,4005,3678,896917
QAP,4006,3678,897153
QAP,4007,3678,897372
QAP,4008,3678,897592
QAP,4009,3678,897812
QAP,4010,3678,898048
QAP,4011,3678,898268
QAP,4012,3678,898488
QAP,4013,3678,898708
QAP,4014,3678,898944
QAP,4015,3678,899163
QAP,4016,3678,899383
QAP,4017,3678,899603
QAP,4018,3678,899839
QAP,4019,3678,900058
QAP,4020,3678,900277
QAP,4021,3678,900513
QAP,4022,3678,900733
QAP,4023,3678,900952
QAP,4024,3678,901172
QAP,4025,3678,901407
QAP,4026,3678,901626
QAP,4027,3678,901846
QAP,4028,3678,902081
QAP,4029,3678,902300
QAP,4030,3678,902519
QAP,4031,3678,902755
QAP,4032,3678,902974
QAP,4033,3678,903194
QAP,4034,3678,903413
QAP,4035,3678,903648
QAP,4036,3678,903868
QAP,4037,3678,904087
QAP,4038,3678,904322
QAP,4039,3678,904541
QAP,4040,3678,904762
QAP,4041,3678,904996
QAP,4042,3678,905216
QAP,4043,3678,905435
QAP,4044,3678,905654
QAP,4045,3678,905890
QAP,4046,3678,906110
QAP,4047,3678,906329
QAP,4048,3678,906564
QAP,4049,3678,906783
QAP,4050,3678,907002
QAP,4051,3678,907238
QAP,4052,3678,907468
QAP,4053,3678,907691
QAP,4054,3678,907916
QAP,4055,3678,908140
QAP,4056,3678,908364
QAP,4057,3678,908588
QAP,4058,3678,908812
QAP,4059,3678,909036
QAP,4060,3678,909260
QAP,4061,3678,909483
QAP,4062,3678,909707
QAP,4063,3678,909931
QAP,4064,3678,910154
QAP,4065,3678,910377
QAP,4066,3678,910606
QAP,4067,3678,910819
QAP,4068,3678,911039
QAP,4069,3678,911274
QAP,4070,3678,911494
QAP,4071,3678,911714
QAP,4072,3678,911934
QAP,4073,3678,912154
QAP,4074,3678,912390
QAP,4075,3678,912609
QAP,4076,3678,912839
QAP,4077,3678,913062
QAP,4078,3678,913287
QAP,4079,3678,913512
QAP,4080,3678,913731
QAP,4081,3678,913958
QAP,4082,3678,914185
QAP,4083,3678,914404
QAP,4084,3678,914624
QAP,4085,3678,914843
QAP,4086,3678,915078
QAP,4087,3678,915298
QAP,4088,3678,915517
QAP,4089,3678,915752
QAP,4090,3678,915972
QAP,4091,3678,916191
QAP,4092,3678,916411
QAP,4093,3678,916647
QAP,4094,3678,916868
QAP,4095,3678,917088
QAP,4096,3678,917308
QAP,4097,3678,917528
QAP,4098,3678,917764
QAP,4099,3678,917984
QAP,4100,3678,918203
QAP,4101,3678,918439
QAP,4102,3678,918659
QAP,4103,3678,918879
QAP,4104,3678,919100
QAP,4105,3678,919320
QAP,4106,3678,919555
QAP,4107,3678,919780
QAP,4108,3678,919995
QAP,4109,3678,920216
QAP,4110,3678,920452
QAP,4111,3678,920674
QAP,4112,3678,920892
QAP,4113,3678,921112
QAP,4114,3678,921332
QAP,4115,3678,921568
QAP,4116,3678,921788
QAP,4117,3678,922008
QAP,4118,3678,922240
QAP,4119,3678,922448
QAP,4120,3678,922684
QAP,4121,3678,922903
QAP,4122,3678,923124
QAP,4123,3678,923359
QAP,4124,3678,923579
QAP,4125,3678,923798
QAP,4126,3678,924018
QAP,4127,3678,924253
QAP,4128,3678,924472
QAP,4129,3678,924692
QAP,4130,3678,924927
QAP,4131,3678,925147
QAP,4132,3678,925370
QAP,4133,3678,925593
QAP,4134,3678,925822
QAP,4135,3678,926042
QAP,4136,3678,926262
QAP,4137,3678,926482
QAP,4138,3678,926717
QAP,4139,3678,926937
QAP,4140,3678,927159
QAP,4141,3678,927393
QAP,4142,3678,927613
QAP,4143,3678,927833
QAP,4144,3678,928065
QAP,4145,3678,928293
QAP,4146,3678,928508
QAP,4147,3678,928729
QAP,4148,3678,928957
QAP,4149,3678,929185
QAP,4150,3678,929405
QAP,4151,3678,929625
QAP,4152,3678,929845
QAP,4153,3678,930081
QAP,4154,3678,930305
QAP,4155,3678,930520
QAP,4156,3678,930740
QAP,4157,3678,930975
QAP,4158,3678,931194
QAP,4159,3678,931413
QAP,4160,3678,931633
QAP,4161,3678,931868
QAP,4162,3678,932088
QAP,4163,3678,932307
QAP,4164,3678,932542
QAP,4165,3678,932761
QAP,4166,3678,932981
QAP,4167,3678,933200
QAP,4168,3678,933435
QAP,4169,3678,933654
QAP,4170,3678,933874
QAP,4171,3678,934109
QAP,4172,3678,934329
QAP,4173,3678,934548
QAP,4174,3678,934768
QAP,4175,3678,935003
QAP,4176,3678,935223
QAP,4177,3678,935443
QAP,4178,3678,935662
QAP,4179,3678,935898
QAP,4180,3678,936118
QAP,4181,3678,936339
QAP,4182,3678,936574
QAP,4183,3678,936794
QAP,4184,3678,937014
QAP,4185,3678,937234
QAP,4186,3678,937469
QAP,4187,3678,937689
QAP,4188,3678,937909
QAP,4189,3678,938129
QAP,4190,3678,938365
QAP,4191,3678,938585
QAP,4192,3678,938804
QAP,4193,3678,939039
QAP,4194,3678,939259
QAP,4195,3678,939478
QAP,4196,3678,939697
QAP,4197,3678,939933
QAP,4198,3678,940153
QAP,4199,3678,940373
QAP,4200,3678,940593
QAP,4201,3678,940829
QAP,4202,3678,941049
QAP,4203,3678,941281
QAP,4204,3678,941505
QAP,4205,3678,941730
QAP,4206,3678,941948
QAP,4207,3678,942169
QAP,4208,3678,942389
QAP,4209,3678,942624
QAP,4210,3678,942848
QAP,4211,3678,943073
QAP,4212,3678,943296
QAP,4213,3678,943522
QAP,4214,3678,943745
QAP,4215,3678,943968
QAP,4216,3678,944193
QAP,4217,3678,944417
QAP,4218,3678,944640
QAP,4219,3678,944860
QAP,4220,3678,945088
QAP,4221,3678,945312
QAP,4222,3678,945527
QAP,4223,3678,945747
QAP,4224,3678,945982
QAP,4225,3678,946202
QAP,4226,3678,946422
QAP,4227,3678,946642
QAP,4228,3678,946863
QAP,4229,3678,947098
QAP,4230,3678,947318
QAP,4231,3678,947538
QAP,4232,3678,947758
QAP,4233,3678,947993
QAP,4234,3678,948218
QAP,4235,3678,948434
QAP,4236,3678,948654
QAP,4237,3678,948874
QAP,4238,3678,949110
QAP,4239,3678,949330
QAP,4240,3678,949550
QAP,4241,3678,949769
QAP,4242,3678,950004
QAP,4243,3678,950224
QAP,4244,3678,950444
QAP,4245,3678,950663
QAP,4246,3678,950899
QAP,4247,3678,951119
QAP,4248,3678,951339
QAP,4249,3678,951559
QAP,4250,3678,951795
QAP,4251,3678,952015
QAP,4252,3678,952234
QAP,4253,3678,952455
QAP,4254,3678,952675
QAP,4255,3678,952910
QAP,4256,3678,953130
QAP,4257,3678,953349
QAP,4258,3678,953585
QAP,4259,3678,953805
QAP,4260,3678,954025
QAP,4261,3678,954261
QAP,4262,3678,954481
QAP,4263,3678,954701
QAP,4264,3678,954921
QAP,4265,3678,955156
QAP,4266,3678,955377
QAP,4267,3678,955597
QAP,4268,3678,955816
QAP,4269,3678,956052
QAP,4270,3678,956272
QAP,4271,3678,956492
QAP,4272,3678,956728
QAP,4273,3678,956948
QAP,4274,3678,957167
QAP,4275,3678,957387
QAP,4276,3678,957607
QAP,4277,3678,957843
QAP,4278,3678,958063
QAP,4279,3678,958283
QAP,4280,3678,958503
QAP,4281,3678,958739
QAP,4282,3678,958958
QAP,4283,3678,959178
QAP,4284,3678,959398
QAP,4285,3678,959634
QAP,4286,3678,959855
QAP,4287,3678,960075
QAP,4288,3678,960303
QAP,4289,3678,960531
QAP,4290,3678,960751
QAP,4291,3678,960972
QAP,4292,3678,961191
QAP,4293,3678,961411
QAP,4294,3678,961646
QAP,4295,3678,961866
QAP,4296,3678,962086
QAP,4297,3678,962322
QAP,4298,3678,962542
QAP,4299,3678,962762
QAP,4300,3678,962982
QAP,4301,3678,963203
QAP,4302,3678,963438
QAP,4303,3678,963659
QAP,4304,3678,963879
QAP,4305,3678,964098
QAP,4306,3678,964334
QAP,4307,3678,964553
QAP,4308,3678,964773
QAP,4309,3678,964993
QAP,4310,3678,965229
QAP,4311,3678,965449
QAP,4312,3678,965669
QAP,4313,3678,965902
QAP,4314,3678,966126
QAP,4315,3678,966351
QAP,4316,3678,966576
QAP,4317,3678,966798
QAP,4318,3678,967024
QAP,4319,3678,967246
QAP,4320,3678,967472
QAP,4321,3678,967694
QAP,4322,3678,967919
QAP,4323,3678,968133
QAP,4324,3678,968368
QAP,4325,3678,968588
QAP,4326,3678,968808
QAP,4327,3678,969028
QAP,4328,3678,969263
QAP,4329,3678,969483
QAP,4330,3678,969703
QAP,4331,3678,969939
QAP,4332,3678,970159
QAP,4333,3678,970379
QAP,4334,3678,970614
QAP,4335,3678,970834
QAP,4336,3678,971055
QAP,4337,3678,971275
QAP,4338,3678,971510
QAP,4339,3678,971730
QAP,4340,3678,971950
QAP,4341,3678,972170
QAP,4342,3678,972405
QAP,4343,3678,972625
QAP,4344,3678,972845
QAP,4345,3678,973065
QAP,4346,3678,973300
QAP,4347,3678,973520
QAP,4348,3678,973739
QAP,4349,3678,973959
QAP,4350,3678,974195
QAP,4351,3678,974415
QAP,4352,3678,974635
QAP,4353,3678,974856
QAP,4354,3678,975091
QAP,4355,3678,975311
QAP,4356,3678,975531
QAP,4357,3678,975751
QAP,4358,3678,975986
QAP,4359,3678,976206
QAP,4360,3678,976426
QAP,4361,3678,976655
QAP,4362,3678,976882
QAP,4363,3678,977102
QAP,4364,3678,977322
QAP,4365,3678,977542
QAP,4366,3678,977778
QAP,4367,3678,977998
QAP,4368,3678,978218
QAP,4369,3678,978438
QAP,4370,3678,978658
QAP,4371,3678,978894
QAP,4372,3678,979113
QAP,4373,3678,979333
QAP,4374,3678,979553
QAP,4375,3678,979789
QAP,4376,3678,980009
QAP,4377,3678,980228
QAP,4378,3678,980465
QAP,4379,3678,980688
QAP,4380,3678,980913
QAP,4381,3678,981136
QAP,4382,3678,981360
QAP,4383,3678,981583
QAP,4384,3678,981807
QAP,4385,3678,982031
QAP,4386,3678,982256
QAP,4387,3678,982480
QAP,4388,3678,982704
QAP,4389,3678,982925
QAP,4390,3678,983144
QAP,4391,3678,983365
QAP,4392,3678,983585
QAP,4393,3678,983820
QAP,4394,3678,984040
QAP,4395,3678,984260
QAP,4396,3678,984496
QAP,4397,3678,984715
QAP,4398,3678,984934
QAP,4399,3678,985155
QAP,4400,3678,985390
QAP,4401,3678,985610
QAP,4402,3678,985830
QAP,4403,3678,986050
QAP,4404,3678,986270
QAP,4405,3678,986506
QAP,4406,3678,986725
QAP,4407,3678,986946
QAP,4408,3678,987166
QAP,4409,3678,987401
QAP,4410,3678,987621
QAP,4411,3678,987841
QAP,4412,3678,988061
QAP,4413,3678,988297
QAP,4414,3678,988516
QAP,4415,3678,988736
QAP,4416,3678,988956
QAP,4417,3678,989192
QAP,4418,3678,989411
QAP,4419,3678,989631
QAP,4420,3678,989867
QAP,4421,3678,990087
QAP,4422,3678,990307
QAP,4423,3678,990526
QAP,4424,3678,990761
QAP,4425,3678,990981
QAP,4426,3678,991200
QAP,4427,3678,991420
QAP,4428,3678,991657
QAP,4429,3678,991875
QAP,4430,3678,992094
QAP,4431,3678,992314
QAP,4432,3678,992549
QAP,4433,3678,992780
QAP,4434,3678,993005
QAP,4435,3678,993228
QAP,4436,3678,993453
QAP,4437,3678,993678
QAP,4438,3678,993906
QAP,4439,3678,994129
QAP,4440,3678,994352
QAP,4441,3678,994581
QAP,4442,3678,994794
QAP,4443,3678,995014
QAP,4444,3678,995249
QAP,4445,3678,995469
QAP,4446,3678,995689
QAP,4447,3678,995925
QAP,4448,3678,996145
QAP,4449,3678,996365
QAP,4450,3678,996585
QAP,4451,3678,996820
QAP,4452,3678,997040
QAP,4453,3678,997260
QAP,4454,3678,997480
QAP,4455,3678,997716
QAP,4456,3678,997935
QAP,4457,3678,998167
QAP,4458,3678,998392
QAP,4459,3678,998615
QAP,4460,3678,998841
QAP,4461,3678,999063
QAP,4462,3678,999289
QAP,4463,3678,999512
QAP,4464,3678,999735
QAP,4465,3678,999959
QAP,4466,3678,1000180
QAP,4467,3678,1000400
QAP,4468,3678,1000620
QAP,4469,3678,1000856
QAP,4470,3678,1001076
QAP,4471,3678,1001296
QAP,4472,3678,1001516
QAP,4473,3678,1001752
QAP,4474,3678,1001972
QAP,4475,3678,1002191
QAP,4476,3678,1002412
QAP,4477,3678,1002632
QAP,4478,3678,1002867
QAP,4479,3678,1003087
QAP,4480,3678,1003307
QAP,4481,3678,1003527
QAP,4482,3678,1003747
QAP,4483,3678,1003983
QAP,4484,3678,1004203
QAP,4485,3678,1004424
QAP,4486,3678,1004644
QAP,4487,3678,1004879
QAP,4488,3678,1005099
QAP,4489,3678,1005319
QAP,4490,3678,1005539
QAP,4491,3678,1005775
QAP,4492,3678,1005995
QAP,4493,3678,1006224
QAP,4494,3678,1006450
QAP,4495,3678,1006670
QAP,4496,3678,1006890
QAP,4497,3678,1007110
QAP,4498,3678,1007330
QAP,4499,3678,1007566
QAP,4500,3678,1007785
QAP,4501,3678,1008013
QAP,4502,3678,1008225
QAP,4503,3678,1008460
QAP,4504,3678,1008681
QAP,4505,3678,1008900
QAP,4506,3678,1009124
QAP,4507,3678,1009356
QAP,4508,3678,1009576
QAP,4509,3678,1009796
QAP,4510,3678,1010030
QAP,4511,3678,1010250
QAP,4512,3678,1010469
QAP,4513,3678,1010689
QAP,4514,3678,1010924
QAP,4515,3678,1011143
QAP,4516,3678,1011363
QAP,4517,3678,1011582
QAP,4518,3678,1011817
QAP,4519,3678,1012037
QAP,4520,3678,1012264
QAP,4521,3678,1012491
QAP,4522,3678,1012715
QAP,4523,3678,1012938
QAP,4524,3678,1013162
QAP,4525,3678,1013386
QAP,4526,3678,1013610
QAP,4527,3678,1013834
QAP,4528,3678,1014057
QAP,4529,3678,1014281
QAP,4530,3678,1014505
QAP,4531,3678,1014728
QAP,4532,3678,1014945
QAP,4533,3678,1015165
QAP,4534,3678,1015385
QAP,4535,3678,1015620
QAP,4536,3678,1015841
QAP,4537,3678,1016061
QAP,4538,3678,1016280
QAP,4539,3678,1016516
QAP,4540,3678,1016736
QAP,4541,3678,1016956
QAP,4542,3678,1017176
QAP,4543,3678,1017396
QAP,4544,3678,1017632
QAP,4545,3678,1017852
QAP,4546,3678,1018072
QAP,4547,3678,1018292
QAP,4548,3678,1018528
QAP,4549,3678,1018747
QAP,4550,3678,1018967
QAP,4551,3678,1019203
QAP,4552,3678,1019423
QAP,4553,3678,1019643
QAP,4554,3678,1019863
QAP,4555,3678,1020083
QAP,4556,3678,1020319
QAP,4557,3678,1020539
QAP,4558,3678,1020759
QAP,4559,3678,1020995
QAP,4560,3678,1021215
QAP,4561,3678,1021435
QAP,4562,3678,1021655
QAP,4563,3678,1021891
QAP,4564,3678,1022111
QAP,4565,3678,1022331
QAP,4566,3678,1022551
QAP,4567,3678,1022770
QAP,4568,3678,1023008
QAP,4569,3678,1023226
QAP,4570,3678,1023446
QAP,4571,3678,1023666
QAP,4572,3678,1023901
QAP,4573,3678,1024121
QAP,4574,3678,1024342
QAP,4575,3678,1024562
QAP,4576,3678,1024797
QAP,4577,3678,1025017
QAP,4578,3678,1025237
QAP,4579,3678,1025457
QAP,4580,3678,1025693
QAP,4581,3678,1025913
QAP,4582,3678,1026133
QAP,4583,3678,1026352
QAP,4584,3678,1026572
QAP,4585,3678,1026808
QAP,4586,3678,1027028
QAP,4587,3678,1027248
QAP,4588,3678,1027468
QAP,4589,3678,1027703
QAP,4590,3678,1027923
QAP,4591,3678,1028143
QAP,4592,3678,1028378
QAP,4593,3678,1028598
QAP,4594,3678,1028818
QAP,4595,3678,1029038
QAP,4596,3678,1029273
QAP,4597,3678,1029493
QAP,4598,3678,1029714
QAP,4599,3678,1029949
QAP,4600,3678,1030169
QAP,4601,3678,1030389
QAP,4602,3678,1030625
QAP,4603,3678,1030845
QAP,4604,3678,1031065
QAP,4605,3678,1031286
QAP,4606,3678,1031521
QAP,4607,3678,1031741
QAP,4608,3678,1031961
QAP,4609,3678,1032182
QAP,4610,3678,1032418
QAP,4611,3678,1032638
QAP,4612,3678,1032857
QAP,4613,3678,1033093
QAP,4614,3678,1033313
QAP,4615,3678,1033533
QAP,4616,3678,1033752
QAP,4617,3678,1033988
QAP,4618,3678,1034208
QAP,4619,3678,1034428
QAP,4620,3678,1034647
QAP,4621,3678,1034882
QAP,4622,3678,1035109
QAP,4623,3678,1035321
QAP,4624,3678,1035556
QAP,4625,3678,1035776
QAP,4626,3678,1035995
QAP,4627,3678,1036230
QAP,4628,3678,1036450
QAP,4629,3678,1036669
QAP,4630,3678,1036904
QAP,4631,3678,1037123
QAP,4632,3678,1037343
QAP,4633,3678,1037578
QAP,4634,3678,1037797
QAP,4635,3678,1038016
QAP,4636,3678,1038236
QAP,4637,3678,1038471
QAP,4638,3678,1038690
QAP,4639,3678,1038909
QAP,4640,3678,1039144
QAP,4641,3678,1039370
QAP,4642,3678,1039583
QAP,4643,3678,1039818
QAP,4644,3678,1040038
QAP,4645,3678,1040257
QAP,4646,3678,1040476
QAP,4647,3678,1040711
QAP,4648,3678,1040931
QAP,4649,3678,1041166
QAP,4650,3678,1041386
QAP,4651,3678,1041605
QAP,4652,3678,1041841
QAP,4653,3678,1042061
QAP,4654,3678,1042281
QAP,4655,3678,1042501
QAP,4656,3678,1042736
QAP,4657,3678,1042956
QAP,4658,3678,1043176
QAP,4659,3678,1043396
QAP,4660,3678,1043632
QAP,4661,3678,1043851
QAP,4662,3678,1044071
QAP,4663,3678,1044307
QAP,4664,3678,1044527
QAP,4665,3678,1044747
QAP,4666,3678,1044967
QAP,4667,3678,1045202
QAP,4668,3678,1045422
QAP,4669,3678,1045643
QAP,4670,3678,1045863
QAP,4671,3678,1046098
QAP,4672,3678,1046318
QAP,4673,3678,1046538
QAP,4674,3678,1046774
QAP,4675,3678,1046994
QAP,4676,3678,1047213
QAP,4677,3678,1047433
QAP,4678,3678,1047669
QAP,4679,3678,1047889
QAP,4680,3678,1048109
QAP,4681,3678,1048329
QAP,4682,3678,1048549
QAP,4683,3678,1048784
QAP,4684,3678,1049004
QAP,4685,3678,1049224
QAP,4686,3678,1049444
QAP,4687,3678,1049679
QAP,4688,3678,1049899
QAP,4689,3678,1050128
QAP,4690,3678,1050353
QAP,4691,3678,1050578
QAP,4692,3678,1050801
QAP,4693,3678,1051025
QAP,4694,3678,1051250
QAP,4695,3678,1051474
QAP,4696,3678,1051698
QAP,4697,3678,1051922
QAP,4698,3678,1052145
QAP,4699,3678,1052369
QAP,4700,3678,1052586
QAP,4701,3678,1052821
QAP,4702,3678,1053041
QAP,4703,3678,1053261
QAP,4704,3678,1053497
QAP,4705,3678,1053716
QAP,4706,3678,1053936
QAP,4707,3678,1054156
QAP,4708,3678,1054392
QAP,4709,3678,1054612
QAP,4710,3678,1054832
QAP,4711,3678,1055052
QAP,4712,3678,1055288
QAP,4713,3678,1055507
QAP,4714,3678,1055727
QAP,4715,3678,1055963
QAP,4716,3678,1056183
QAP,4717,3678,1056402
QAP,4718,3678,1056622
QAP,4719,3678,1056858
QAP,4720,3678,1057082
QAP,4721,3678,1057298
QAP,4722,3678,1057518
QAP,4723,3678,1057753
QAP,4724,3678,1057973
QAP,4725,3678,1058193
QAP,4726,3678,1058428
QAP,4727,3678,1058648
QAP,4728,3678,1058868
QAP,4729,3678,1059088
QAP,4730,3678,1059324
QAP,4731,3678,1059550
QAP,4732,3678,1059774
QAP,4733,3678,1059998
QAP,4734,3678,1060221
QAP,4735,3678,1060446
QAP,4736,3678,1060670
QAP,4737,3678,1060894
QAP,4738,3678,1061110
QAP,4739,3678,1061330
QAP,4740,3678,1061566
QAP,4741,3678,1061786
QAP,4742,3678,1062006
QAP,4743,3678,1062226
QAP,4744,3678,1062462
QAP,4745,3678,1062682
QAP,4746,3678,1062901
QAP,4747,3678,1063122
QAP,4748,3678,1063358
QAP,4749,3678,1063577
QAP,4750,3678,1063797
QAP,4751,3678,1064032
QAP,4752,3678,1064252
QAP,4753,3678,1064472
QAP,4754,3678,1064692
QAP,4755,3678,1064927
QAP,4756,3678,1065147
QAP,4757,3678,1065367
QAP,4758,3678,1065587
QAP,4759,3678,1065822
QAP,4760,3678,1066043
QAP,4761,3678,1066262
QAP,4762,3678,1066482
QAP,4763,3678,1066718
QAP,4764,3678,1066937
QAP,4765,3678,1067157
QAP,4766,3678,1067377
QAP,4767,3678,1067613
QAP,4768,3678,1067833
QAP,4769,3678,1068053
QAP,4770,3678,1068273
QAP,4771,3678,1068509
QAP,4772,3678,1068729
QAP,4773,3678,1068949
QAP,4774,3678,1069169
QAP,4775,3678,1069405
QAP,4776,3678,1069625
QAP,4777,3678,1069845
QAP,4778,3678,1070080
QAP,4779,3678,1070300
QAP,4780,3678,1070520
QAP,4781,3678,1070740
QAP,4782,3678,1070975
QAP,4783,3678,1071195
QAP,4784,3678,1071415
QAP,4785,3678,1071635
QAP,4786,3678,1071871
QAP,4787,3678,1072091
QAP,4788,3678,1072310
QAP,4789,3678,1072530
QAP,4790,3678,1072750
QAP,4791,3678,1072986
QAP,4792,3678,1073206
QAP,4793,3678,1073426
QAP,4794,3678,1073662
QAP,4795,3678,1073882
QAP,4796,3678,1074101
QAP,4797,3678,1074321
QAP,4798,3678,1074557
QAP,4799,3678,1074777
QAP,4800,3678,1074996
QAP,4801,3678,1075231
QAP,4802,3678,1075451
QAP,4803,3678,1075670
QAP,4804,3678,1075890
QAP,4805,3678,1076125
QAP,4806,3678,1076344
QAP,4807,3678,1076563
QAP,4808,3678,1076798
QAP,4809,3678,1077018
QAP,4810,3678,1077239
QAP,4811,3678,1077475
QAP,4812,3678,1077695
QAP,4813,3678,1077915
QAP,4814,3678,1078151
QAP,4815,3678,1078371
QAP,4816,3678,1078591
QAP,4817,3678,1078811
QAP,4818,3678,1079046
QAP,4819,3678,1079267
QAP,4820,3678,1079487
QAP,4821,3678,1079706
QAP,4822,3678,1079942
QAP,4823,3678,1080162
QAP,4824,3678,1080382
QAP,4825,3678,1080602
QAP,4826,3678,1080821
QAP,4827,3678,1081057
QAP,4828,3678,1081277
QAP,4829,3678,1081497
QAP,4830,3678,1081733
QAP,4831,3678,1081953
QAP,4832,3678,1082173
QAP,4833,3678,1082394
QAP,4834,3678,1082629
QAP,4835,3678,1082850
QAP,4836,3678,1083069
QAP,4837,3678,1083289
QAP,4838,3678,1083525
QAP,4839,3678,1083745
QAP,4840,3678,1083965
QAP,4841,3678,1084201
QAP,4842,3678,1084422
QAP,4843,3678,1084642
QAP,4844,3678,1084862
QAP,4845,3678,1085097
QAP,4846,3678,1085317
QAP,4847,3678,1085538
QAP,4848,3678,1085758
QAP,4849,3678,1085994
QAP,4850,3678,1086214
QAP,4851,3678,1086434
QAP,4852,3678,1086654
QAP,4853,3678,1086873
QAP,4854,3678,1087109
QAP,4855,3678,1087329
QAP,4856,3678,1087548
QAP,4857,3678,1087784
QAP,4858,3678,1088004
QAP,4859,3678,1088224
QAP,4860,3678,1088444
QAP,4861,3678,1088679
QAP,4862,3678,1088899
QAP,4863,3678,1089119
QAP,4864,3678,1089339
QAP,4865,3678,1089574
QAP,4866,3678,1089800
QAP,4867,3678,1090014
QAP,4868,3678,1090234
QAP,4869,3678,1090469
QAP,4870,3678,1090689
QAP,4871,3678,1090909
QAP,4872,3678,1091130
QAP,4873,3678,1091365
QAP,4874,3678,1091586
QAP,4875,3678,1091806
QAP,4876,3678,1092026
QAP,4877,3678,1092262
QAP,4878,3678,1092482
QAP,4879,3678,1092702
QAP,4880,3678,1092921
QAP,4881,3678,1093141
QAP,4882,3678,1093377
QAP,4883,3678,1093597
QAP,4884,3678,1093817
QAP,4885,3678,1094053
QAP,4886,3678,1094272
QAP,4887,3678,1094492
QAP,4888,3678,1094712
QAP,4889,3678,1094948
QAP,4890,3678,1095167
QAP,4891,3678,1095387
QAP,4892,3678,1095607
QAP,4893,3678,1095843
QAP,4894,3678,1096063
QAP,4895,3678,1096283
QAP,4896,3678,1096503
QAP,4897,3678,1096739
QAP,4898,3678,1096959
QAP,4899,3678,1097179
QAP,4900,3678,1097399
QAP,4901,3678,1097634
QAP,4902,3678,1097854
QAP,4903,3678,1098075
QAP,4904,3678,1098294
QAP,4905,3678,1098529
QAP,4906,3678,1098749
QAP,4907,3678,1098968
QAP,4908,3678,1099203
QAP,4909,3678,1099423
QAP,4910,3678,1099643
QAP,4911,3678,1099878
QAP,4912,3678,1100097
QAP,4913,3678,1100317
QAP,4914,3678,1100536
QAP,4915,3678,1100772
QAP,4916,3678,1100991
QAP,4917,3678,1101210
QAP,4918,3678,1101445
QAP,4919,3678,1101665
QAP,4920,3678,1101884
QAP,4921,3678,1102119
QAP,4922,3678,1102339
QAP,4923,3678,1102558
QAP,4924,3678,1102777
QAP,4925,3678,1103012
QAP,4926,3678,1103231
QAP,4927,3678,1103451
QAP,4928,3678,1103686
QAP,4929,3678,1103905
QAP,4930,3678,1104124
QAP,4931,3678,1104359
QAP,4932,3678,1104579
QAP,4933,3678,1104798
QAP,4934,3678,1105018
QAP,4935,3678,1105253
QAP,4936,3678,1105473
QAP,4937,3678,1105692
QAP,4938,3678,1105927
QAP,4939,3678,1106153
QAP,4940,3678,1106365
QAP,4941,3678,1106600
QAP,4942,3678,1106819
QAP,4943,3678,1107039
QAP,4944,3678,1107258
QAP,4945,3678,1107493
QAP,4946,3678,1107712
QAP,4947,3678,1107932
QAP,4948,3678,1108167
QAP,4949,3678,1108387
QAP,4950,3678,1108606
QAP,4951,3678,1108841
QAP,4952,3678,1109060
QAP,4953,3678,1109280
QAP,4954,3678,1109515
QAP,4955,3678,1109735
QAP,4956,3678,1109954
QAP,4957,3678,1110189
QAP,4958,3678,1110409
QAP,4959,3678,1110628
QAP,4960,3678,1110848
QAP,4961,3678,1111083
QAP,4962,3678,1111303
QAP,4963,3678,1111522
QAP,4964,3678,1111757
QAP,4965,3678,1111976
QAP,4966,3678,1112196
QAP,4967,3678,1112431
QAP,4968,3678,1112650
QAP,4969,3678,1112869
QAP,4970,3678,1113089
QAP,4971,3678,1113324
QAP,4972,3678,1113543
QAP,4973,3678,1113763
QAP,4974,3678,1113998
QAP,4975,3678,1114218
QAP,4976,3678,1114437
QAP,4977,3678,1114672
QAP,4978,3678,1114891
QAP,4979,3678,1115111
QAP,4980,3678,1115331
QAP,4981,3678,1115566
QAP,4982,3678,1115787
QAP,4983,3678,1116007
QAP,4984,3678,1116227
QAP,4985,3678,1116447
QAP,4986,3678,1116683
QAP,4987,3678,1116903
QAP,4988,3678,1117123
QAP,4989,3678,1117343
QAP,4990,3678,1117578
QAP,4991,3678,1117798
QAP,4992,3678,1118018
QAP,4993,3678,1118238
QAP,4994,3678,1118458
QAP,4995,3678,1118694
QAP,4996,3678,1118914
QAP,4997,3678,1119134
QAP,4998,3678,1119354
QAP,4999,3678,1119590
