Problem,Generation,BestCost,TimeMS
GPP,0,2142,0
GPP,1,2142,97
GPP,2,2142,218
GPP,3,2142,322
GPP,4,2142,425
GPP,5,2142,543
GPP,6,2113,647
GPP,7,2113,749
GPP,8,2113,856
GPP,9,2109,960
GPP,10,2109,1054
GPP,11,2101,1168
GPP,12,2092,1258
GPP,13,2092,1368
GPP,14,2092,1478
GPP,15,2092,1573
GPP,16,2092,1683
GPP,17,2092,1777
GPP,18,2092,1887
GPP,19,2092,1997
GPP,20,2092,2091
GPP,21,2092,2201
GPP,22,2092,2304
GPP,23,2071,2406
GPP,24,2071,2520
GPP,25,2065,2624
GPP,26,2065,2729
GPP,27,2065,2833
GPP,28,2065,2937
GPP,29,2059,3041
GPP,30,2059,3144
GPP,31,2059,3249
GPP,32,2059,3352
GPP,33,2059,3456
GPP,34,2059,3560
GPP,35,2059,3665
GPP,36,2059,3767
GPP,37,2059,3872
GPP,38,2059,3975
GPP,39,2056,4080
GPP,40,2056,4185
GPP,41,2055,4289
GPP,42,2055,4391
GPP,43,2055,4495
GPP,44,2055,4601
GPP,45,2055,4703
GPP,46,2055,4806
GPP,47,2055,4912
GPP,48,2055,5016
GPP,49,2055,5119
GPP,50,2055,5223
GPP,51,2055,5327
GPP,52,2055,5430
GPP,53,2055,5534
GPP,54,2047,5639
GPP,55,2047,5743
GPP,56,2047,5847
GPP,57,2042,5950
GPP,58,2042,6055
GPP,59,2042,6145
GPP,60,2042,6272
GPP,61,2042,6375
GPP,62,2042,6480
GPP,63,2042,6584
GPP,64,2037,6683
GPP,65,2030,6792
GPP,66,2013,6886
GPP,67,2013,6996
GPP,68,2013,7091
GPP,69,2013,7200
GPP,70,2013,7312
GPP,71,2013,7404
GPP,72,2013,7514
GPP,73,2010,7624
GPP,74,1987,7728
GPP,75,1934,7831
GPP,76,1934,7936
GPP,77,1929,8040
GPP,78,1929,8145
GPP,79,1929,8239
GPP,80,1929,8349
GPP,81,1908,8443
GPP,82,1908,8553
GPP,83,1908,8663
GPP,84,1908,8758
GPP,85,1908,8868
GPP,86,1908,8978
GPP,87,1908,9072
GPP,88,1908,9182
GPP,89,1908,9276
GPP,90,1908,9386
GPP,91,1908,9496
GPP,92,1908,9591
GPP,93,1891,9701
GPP,94,1891,9811
GPP,95,1891,9905
GPP,96,1891,10015
GPP,97,1891,10110
GPP,98,1891,10220
GPP,99,1891,10330
GPP,100,1891,10424
GPP,101,1889,10534
GPP,102,1889,10644
GPP,103,1878,10738
GPP,104,1877,10848
GPP,105,1877,10958
GPP,106,1877,11053
GPP,107,1877,11163
GPP,108,1877,11273
GPP,109,1877,11367
GPP,110,1872,11477
GPP,111,1850,11571
GPP,112,1850,11681
GPP,113,1847,11791
GPP,114,1847,11885
GPP,115,1847,11995
GPP,116,1833,12090
GPP,117,1833,12199
GPP,118,1833,12309
GPP,119,1833,12404
GPP,120,1829,12514
GPP,121,1829,12623
GPP,122,1829,12718
GPP,123,1829,12828
GPP,124,1829,12922
GPP,125,1804,13032
GPP,126,1804,13142
GPP,127,1804,13236
GPP,128,1804,13346
GPP,129,1804,13456
GPP,130,1804,13549
GPP,131,1787,13660
GPP,132,1787,13769
GPP,133,1787,13864
GPP,134,1739,13974
GPP,135,1739,14068
GPP,136,1739,14178
GPP,137,1739,14288
GPP,138,1739,14382
GPP,139,1739,14492
GPP,140,1724,14586
GPP,141,1724,14696
GPP,142,1724,14806
GPP,143,1715,14900
GPP,144,1715,15010
GPP,145,1715,15105
GPP,146,1715,15215
GPP,147,1715,15325
GPP,148,1715,15419
GPP,149,1715,15529
GPP,150,1715,15624
GPP,151,1715,15734
GPP,152,1715,15844
GPP,153,1715,15938
GPP,154,1715,16048
GPP,155,1696,16142
GPP,156,1696,16252
GPP,157,1696,16362
GPP,158,1696,16456
GPP,159,1696,16566
GPP,160,1696,16660
GPP,161,1681,16770
GPP,162,1662,16880
GPP,163,1662,16975
GPP,164,1662,17085
GPP,165,1662,17179
GPP,166,1643,17289
GPP,167,1643,17399
GPP,168,1636,17494
GPP,169,1636,17604
GPP,170,1636,17698
GPP,171,1622,17808
GPP,172,1622,17918
GPP,173,1622,18012
GPP,174,1622,18122
GPP,175,1620,18232
GPP,176,1615,18326
GPP,177,1615,18436
GPP,178,1615,18531
GPP,179,1612,18640
GPP,180,1612,18751
GPP,181,1612,18845
GPP,182,1609,18954
GPP,183,1609,19049
GPP,184,1609,19159
GPP,185,1609,19269
GPP,186,1609,19363
GPP,187,1609,19473
GPP,188,1609,19583
GPP,189,1609,19677
GPP,190,1609,19787
GPP,191,1609,19881
GPP,192,1609,19992
GPP,193,1609,20102
GPP,194,1609,20196
GPP,195,1609,20306
GPP,196,1609,20416
GPP,197,1609,20510
GPP,198,1609,20620
GPP,199,1609,20715
GPP,200,1609,20824
GPP,201,1609,20934
GPP,202,1609,21028
GPP,203,1599,21138
GPP,204,1599,21233
GPP,205,1599,21342
GPP,206,1599,21452
GPP,207,1599,21547
GPP,208,1599,21657
GPP,209,1599,21766
GPP,210,1599,21861
GPP,211,1599,21971
GPP,212,1599,22081
GPP,213,1599,22175
GPP,214,1599,22285
GPP,215,1599,22379
GPP,216,1583,22489
GPP,217,1524,22599
GPP,218,1524,22694
GPP,219,1524,22804
GPP,220,1524,22898
GPP,221,1524,23008
GPP,222,1520,23103
GPP,223,1520,23212
GPP,224,1520,23322
GPP,225,1520,23416
GPP,226,1520,23526
GPP,227,1516,23636
GPP,228,1482,23730
GPP,229,1482,23840
GPP,230,1482,23934
GPP,231,1465,24051
GPP,232,1465,24154
GPP,233,1406,24248
GPP,234,1406,24358
GPP,235,1380,24452
GPP,236,1380,24563
GPP,237,1380,24657
GPP,238,1380,24767
GPP,239,1380,24877
GPP,240,1375,24971
GPP,241,1356,25081
GPP,242,1356,25176
GPP,243,1356,25285
GPP,244,1356,25395
GPP,245,1356,25490
GPP,246,1356,25600
GPP,247,1356,25694
GPP,248,1356,25804
GPP,249,1356,25914
GPP,250,1356,26008
GPP,251,1356,26118
GPP,252,1356,26213
GPP,253,1321,26323
GPP,254,1321,26417
GPP,255,1321,26527
GPP,256,1321,26637
GPP,257,1312,26731
GPP,258,1310,26841
GPP,259,1310,26936
GPP,260,1310,27046
GPP,261,1310,27155
GPP,262,1310,27250
GPP,263,1310,27360
GPP,264,1310,27454
GPP,265,1295,27564
GPP,266,1295,27674
GPP,267,1295,27768
GPP,268,1295,27878
GPP,269,1295,27973
GPP,270,1295,28083
GPP,271,1295,28193
GPP,272,1295,28287
GPP,273,1295,28397
GPP,274,1285,28491
GPP,275,1285,28601
GPP,276,1285,28711
GPP,277,1285,28806
GPP,278,1285,28916
GPP,279,1285,29010
GPP,280,1285,29120
GPP,281,1285,29230
GPP,282,1285,29324
GPP,283,1281,29434
GPP,284,1281,29528
GPP,285,1281,29638
GPP,286,1265,29748
GPP,287,1265,29842
GPP,288,1265,29952
GPP,289,1265,30046
GPP,290,1265,30156
GPP,291,1265,30266
GPP,292,1265,30360
GPP,293,1265,30470
GPP,294,1265,30580
GPP,295,1258,30674
GPP,296,1258,30784
GPP,297,1258,30878
GPP,298,1258,30988
GPP,299,1241,31097
GPP,300,1232,31191
GPP,301,1232,31301
GPP,302,1232,31411
GPP,303,1232,31505
GPP,304,1232,31614
GPP,305,1232,31708
GPP,306,1215,31818
GPP,307,1215,31928
GPP,308,1215,32022
GPP,309,1215,32132
GPP,310,1215,32241
GPP,311,1215,32351
GPP,312,1215,32445
GPP,313,1215,32555
GPP,314,1193,32649
GPP,315,1193,32759
GPP,316,1172,32869
GPP,317,1172,32962
GPP,318,1172,33072
GPP,319,1172,33182
GPP,320,1172,33276
GPP,321,1172,33386
GPP,322,1161,33480
GPP,323,1154,33590
GPP,324,1154,33699
GPP,325,1154,33793
GPP,326,1154,33903
GPP,327,1154,33997
GPP,328,1154,34107
GPP,329,1154,34216
GPP,330,1154,34310
GPP,331,1154,34420
GPP,332,1154,34530
GPP,333,1154,34623
GPP,334,1154,34733
GPP,335,1154,34843
GPP,336,1154,34937
GPP,337,1154,35046
GPP,338,1154,35140
GPP,339,1154,35250
GPP,340,1154,35360
GPP,341,1154,35454
GPP,342,1154,35564
GPP,343,1154,35674
GPP,344,1154,35768
GPP,345,1154,35877
GPP,346,1135,35971
GPP,347,1135,36081
GPP,348,1135,36190
GPP,349,1135,36284
GPP,350,1135,36394
GPP,351,1135,36504
GPP,352,1133,36606
GPP,353,1133,36708
GPP,354,1133,36802
GPP,355,1133,36911
GPP,356,1133,37021
GPP,357,1133,37115
GPP,358,1133,37224
GPP,359,1116,37318
GPP,360,1090,37428
GPP,361,1090,37538
GPP,362,1083,37632
GPP,363,1083,37741
GPP,364,1083,37835
GPP,365,1083,37945
GPP,366,1083,38039
GPP,367,1083,38149
GPP,368,1083,38259
GPP,369,1076,38353
GPP,370,1055,38462
GPP,371,1055,38557
GPP,372,1037,38666
GPP,373,1032,38776
GPP,374,1032,38870
GPP,375,1032,38980
GPP,376,1032,39074
GPP,377,1026,39183
GPP,378,1026,39293
GPP,379,1026,39387
GPP,380,1026,39497
GPP,381,1026,39591
GPP,382,1026,39700
GPP,383,1026,39810
GPP,384,1026,39904
GPP,385,1024,40013
GPP,386,1024,40123
GPP,387,1024,40217
GPP,388,1024,40327
GPP,389,1024,40421
GPP,390,1024,40531
GPP,391,1024,40641
GPP,392,1024,40736
GPP,393,1024,40845
GPP,394,1024,40939
GPP,395,1024,41049
GPP,396,1024,41159
GPP,397,1024,41253
GPP,398,1023,41363
GPP,399,1023,41472
GPP,400,1023,41566
GPP,401,1023,41676
GPP,402,1023,41771
GPP,403,1020,41880
GPP,404,1020,41991
GPP,405,1020,42085
GPP,406,1020,42195
GPP,407,1020,42305
GPP,408,1020,42399
GPP,409,1020,42509
GPP,410,1020,42619
GPP,411,1020,42714
GPP,412,1020,42824
GPP,413,1020,42918
GPP,414,1020,43028
GPP,415,1020,43138
GPP,416,1020,43232
GPP,417,1020,43342
GPP,418,1020,43436
GPP,419,1020,43546
GPP,420,1020,43655
GPP,421,1020,43750
GPP,422,1020,43860
GPP,423,1020,43954
GPP,424,1019,44064
GPP,425,1019,44174
GPP,426,1019,44268
GPP,427,1019,44378
GPP,428,1019,44472
GPP,429,1019,44583
GPP,430,1019,44677
GPP,431,1005,44787
GPP,432,1005,44897
GPP,433,1005,44991
GPP,434,1005,45101
GPP,435,1005,45195
GPP,436,1005,45305
GPP,437,1005,45399
GPP,438,1005,45509
GPP,439,981,45619
GPP,440,981,45713
GPP,441,981,45824
GPP,442,981,45918
GPP,443,981,46028
GPP,444,981,46122
GPP,445,981,46232
GPP,446,978,46326
GPP,447,978,46436
GPP,448,963,46530
GPP,449,953,46641
GPP,450,952,46735
GPP,451,952,46845
GPP,452,952,46954
GPP,453,939,47048
GPP,454,914,47158
GPP,455,897,47253
GPP,456,897,47362
GPP,457,897,47456
GPP,458,897,47566
GPP,459,897,47661
GPP,460,892,47770
GPP,461,884,47880
GPP,462,884,47975
GPP,463,879,48085
GPP,464,879,48179
GPP,465,879,48289
GPP,466,879,48383
GPP,467,879,48493
GPP,468,879,48587
GPP,469,879,48697
GPP,470,879,48807
GPP,471,879,48902
GPP,472,879,49012
GPP,473,879,49106
GPP,474,879,49215
GPP,475,879,49325
GPP,476,879,49419
GPP,477,879,49529
GPP,478,879,49622
GPP,479,879,49732
GPP,480,879,49842
GPP,481,868,49936
GPP,482,868,50046
GPP,483,867,50155
GPP,484,867,50249
GPP,485,867,50359
GPP,486,867,50469
GPP,487,867,50563
GPP,488,867,50673
GPP,489,867,50767
GPP,490,867,50877
GPP,491,867,50986
GPP,492,867,51080
GPP,493,867,51190
GPP,494,867,51284
GPP,495,867,51394
GPP,496,867,51504
GPP,497,867,51613
GPP,498,867,51707
GPP,499,867,51817
GPP,500,867,51911
GPP,501,867,52020
GPP,502,867,52130
GPP,503,854,52224
GPP,504,854,52334
GPP,505,854,52443
GPP,506,854,52537
GPP,507,854,52647
GPP,508,854,52741
GPP,509,854,52851
GPP,510,854,52961
GPP,511,849,53055
GPP,512,849,53164
GPP,513,849,53259
GPP,514,849,53368
GPP,515,849,53462
GPP,516,849,53572
GPP,517,849,53681
GPP,518,849,53775
GPP,519,849,53885
GPP,520,849,53979
GPP,521,828,54089
GPP,522,828,54183
GPP,523,828,54292
GPP,524,828,54402
GPP,525,828,54496
GPP,526,828,54606
GPP,527,828,54700
GPP,528,828,54810
GPP,529,828,54904
GPP,530,825,55013
GPP,531,825,55123
GPP,532,825,55217
GPP,533,825,55327
GPP,534,822,55437
GPP,535,814,55531
GPP,536,814,55641
GPP,537,814,55735
GPP,538,806,55845
GPP,539,806,55954
GPP,540,806,56048
GPP,541,806,56158
GPP,542,806,56267
GPP,543,806,56362
GPP,544,791,56472
GPP,545,791,56581
GPP,546,791,56676
GPP,547,791,56785
GPP,548,791,56879
GPP,549,787,56989
GPP,550,787,57083
GPP,551,787,57193
GPP,552,787,57302
GPP,553,787,57396
GPP,554,787,57506
GPP,555,787,57600
GPP,556,787,57709
GPP,557,787,57819
GPP,558,787,57914
GPP,559,787,58024
GPP,560,787,58118
GPP,561,787,58228
GPP,562,787,58338
GPP,563,787,58432
GPP,564,787,58542
GPP,565,787,58636
GPP,566,787,58752
GPP,567,775,58855
GPP,568,775,58960
GPP,569,775,59063
GPP,570,775,59165
GPP,571,772,59268
GPP,572,772,59372
GPP,573,772,59472
GPP,574,772,59566
GPP,575,772,59676
GPP,576,772,59778
GPP,577,772,59881
GPP,578,772,59990
GPP,579,772,60085
GPP,580,772,60194
GPP,581,761,60288
GPP,582,761,60398
GPP,583,761,60492
GPP,584,761,60602
GPP,585,761,60712
GPP,586,756,60807
GPP,587,756,60917
GPP,588,756,61011
GPP,589,756,61121
GPP,590,755,61231
GPP,591,755,61325
GPP,592,755,61436
GPP,593,755,61529
GPP,594,755,61639
GPP,595,755,61734
GPP,596,755,61844
GPP,597,755,61954
GPP,598,755,62048
GPP,599,744,62158
GPP,600,744,62253
GPP,601,744,62363
GPP,602,744,62457
GPP,603,744,62567
GPP,604,744,62677
GPP,605,744,62771
GPP,606,744,62880
GPP,607,744,62974
GPP,608,744,63084
GPP,609,744,63194
GPP,610,744,63288
GPP,611,738,63398
GPP,612,738,63492
GPP,613,738,63602
GPP,614,738,63697
GPP,615,727,63807
GPP,616,727,63916
GPP,617,727,64021
GPP,618,727,64122
GPP,619,727,64227
GPP,620,727,64332
GPP,621,727,64434
GPP,622,727,64537
GPP,623,727,64640
GPP,624,727,64743
GPP,625,727,64847
GPP,626,727,64951
GPP,627,712,65054
GPP,628,712,65158
GPP,629,712,65261
GPP,630,707,65365
GPP,631,707,65467
GPP,632,707,65571
GPP,633,707,65674
GPP,634,707,65779
GPP,635,707,65883
GPP,636,707,65985
GPP,637,707,66089
GPP,638,707,66193
GPP,639,707,66296
GPP,640,707,66398
GPP,641,707,66491
GPP,642,707,66601
GPP,643,707,66695
GPP,644,707,66805
GPP,645,707,66899
GPP,646,707,67009
GPP,647,707,67119
GPP,648,707,67213
GPP,649,707,67323
GPP,650,707,67417
GPP,651,707,67527
GPP,652,707,67621
GPP,653,707,67731
GPP,654,707,67841
GPP,655,707,67935
GPP,656,707,68045
GPP,657,707,68139
GPP,658,707,68249
GPP,659,701,68343
GPP,660,701,68453
GPP,661,701,68563
GPP,662,701,68657
GPP,663,701,68767
GPP,664,701,68860
GPP,665,701,68970
GPP,666,701,69080
GPP,667,681,69174
GPP,668,681,69285
GPP,669,681,69379
GPP,670,681,69489
GPP,671,681,69583
GPP,672,681,69693
GPP,673,681,69803
GPP,674,681,69897
GPP,675,681,70007
GPP,676,681,70101
GPP,677,681,70212
GPP,678,681,70306
GPP,679,681,70416
GPP,680,681,70526
GPP,681,681,70620
GPP,682,681,70730
GPP,683,681,70824
GPP,684,681,70934
GPP,685,681,71044
GPP,686,681,71138
GPP,687,681,71249
GPP,688,681,71342
GPP,689,681,71452
GPP,690,681,71562
GPP,691,681,71656
GPP,692,681,71766
GPP,693,675,71861
GPP,694,675,71971
GPP,695,675,72065
GPP,696,675,72175
GPP,697,675,72269
GPP,698,667,72379
GPP,699,663,72489
GPP,700,663,72584
GPP,701,663,72693
GPP,702,663,72788
GPP,703,663,72898
GPP,704,663,72992
GPP,705,663,73102
GPP,706,663,73211
GPP,707,663,73305
GPP,708,663,73415
GPP,709,663,73509
GPP,710,663,73619
GPP,711,663,73713
GPP,712,663,73823
GPP,713,663,73933
GPP,714,663,74027
GPP,715,663,74137
GPP,716,647,74232
GPP,717,647,74342
GPP,718,647,74436
GPP,719,647,74546
GPP,720,647,74640
GPP,721,647,74750
GPP,722,647,74860
GPP,723,647,74954
GPP,724,647,75064
GPP,725,647,75159
GPP,726,647,75269
GPP,727,647,75363
GPP,728,647,75473
GPP,729,647,75567
GPP,730,647,75677
GPP,731,647,75787
GPP,732,647,75881
GPP,733,647,75991
GPP,734,647,76085
GPP,735,647,76195
GPP,736,647,76289
GPP,737,644,76399
GPP,738,644,76511
GPP,739,644,76616
GPP,740,644,76721
GPP,741,644,76825
GPP,742,644,76927
GPP,743,643,77031
GPP,744,643,77133
GPP,745,643,77237
GPP,746,643,77341
GPP,747,643,77444
GPP,748,643,77549
GPP,749,643,77650
GPP,750,643,77755
GPP,751,643,77857
GPP,752,643,77960
GPP,753,643,78067
GPP,754,643,78172
GPP,755,643,78274
GPP,756,643,78376
GPP,757,643,78481
GPP,758,643,78584
GPP,759,643,78687
GPP,760,643,78781
GPP,761,643,78891
GPP,762,643,78986
GPP,763,643,79096
GPP,764,643,79190
GPP,765,643,79300
GPP,766,643,79394
GPP,767,643,79504
GPP,768,643,79614
GPP,769,643,79708
GPP,770,643,79818
GPP,771,643,79913
GPP,772,643,80022
GPP,773,643,80117
GPP,774,643,80226
GPP,775,643,80336
GPP,776,643,80430
GPP,777,643,80540
GPP,778,643,80647
GPP,779,643,80750
GPP,780,643,80852
GPP,781,643,80956
GPP,782,643,81059
GPP,783,643,81161
GPP,784,643,81264
GPP,785,643,81367
GPP,786,643,81471
GPP,787,643,81573
GPP,788,643,81677
GPP,789,643,81779
GPP,790,643,81884
GPP,791,643,81987
GPP,792,643,82089
GPP,793,643,82193
GPP,794,643,82296
GPP,795,643,82388
GPP,796,643,82498
GPP,797,643,82592
GPP,798,643,82702
GPP,799,643,82797
GPP,800,643,82906
GPP,801,643,83016
GPP,802,643,83110
GPP,803,643,83220
GPP,804,643,83315
GPP,805,643,83424
GPP,806,643,83534
GPP,807,643,83637
GPP,808,643,83740
GPP,809,643,83845
GPP,810,628,83946
GPP,811,628,84050
GPP,812,628,84152
GPP,813,628,84256
GPP,814,628,84359
GPP,815,628,84462
GPP,816,628,84565
GPP,817,624,84670
GPP,818,624,84764
GPP,819,624,84873
GPP,820,624,84967
GPP,821,624,85077
GPP,822,624,85171
GPP,823,624,85281
GPP,824,623,85390
GPP,825,620,85484
GPP,826,620,85594
GPP,827,620,85688
GPP,828,618,85798
GPP,829,618,85892
GPP,830,618,86001
GPP,831,618,86111
GPP,832,618,86205
GPP,833,618,86314
GPP,834,618,86408
GPP,835,618,86518
GPP,836,584,86628
GPP,837,584,86722
GPP,838,584,86832
GPP,839,584,86926
GPP,840,584,87043
GPP,841,584,87145
GPP,842,584,87239
GPP,843,584,87349
GPP,844,584,87443
GPP,845,584,87553
GPP,846,584,87662
GPP,847,584,87756
GPP,848,584,87866
GPP,849,584,87975
GPP,850,584,88069
GPP,851,584,88179
GPP,852,584,88273
GPP,853,584,88383
GPP,854,584,88494
GPP,855,584,88588
GPP,856,584,88698
GPP,857,584,88792
GPP,858,584,88902
GPP,859,584,88996
GPP,860,584,89106
GPP,861,584,89216
GPP,862,584,89311
GPP,863,584,89421
GPP,864,584,89515
GPP,865,584,89625
GPP,866,584,89735
GPP,867,584,89829
GPP,868,584,89939
GPP,869,584,90033
GPP,870,584,90143
GPP,871,584,90237
GPP,872,584,90347
GPP,873,584,90457
GPP,874,584,90551
GPP,875,584,90661
GPP,876,584,90755
GPP,877,584,90865
GPP,878,584,90960
GPP,879,584,91070
GPP,880,584,91164
GPP,881,584,91274
GPP,882,584,91384
GPP,883,584,91478
GPP,884,584,91588
GPP,885,584,91682
GPP,886,581,91792
GPP,887,574,91887
GPP,888,574,91997
GPP,889,574,92091
GPP,890,563,92201
GPP,891,563,92295
GPP,892,563,92405
GPP,893,563,92500
GPP,894,563,92610
GPP,895,549,92704
GPP,896,549,92814
GPP,897,549,92908
GPP,898,549,93018
GPP,899,549,93112
GPP,900,549,93223
GPP,901,549,93332
GPP,902,549,93427
GPP,903,547,93536
GPP,904,547,93630
GPP,905,546,93740
GPP,906,546,93834
GPP,907,546,93944
GPP,908,546,94039
GPP,909,530,94149
GPP,910,530,94243
GPP,911,530,94353
GPP,912,530,94447
GPP,913,530,94557
GPP,914,525,94667
GPP,915,525,94762
GPP,916,525,94872
GPP,917,525,94966
GPP,918,525,95076
GPP,919,525,95170
GPP,920,525,95280
GPP,921,525,95374
GPP,922,525,95484
GPP,923,525,95594
GPP,924,525,95689
GPP,925,525,95798
GPP,926,525,95893
GPP,927,525,96003
GPP,928,525,96113
GPP,929,525,96207
GPP,930,525,96317
GPP,931,525,96411
GPP,932,522,96521
GPP,933,522,96631
GPP,934,522,96725
GPP,935,522,96835
GPP,936,522,96929
GPP,937,522,97039
GPP,938,522,97134
GPP,939,522,97244
GPP,940,522,97354
GPP,941,522,97448
GPP,942,522,97558
GPP,943,522,97652
GPP,944,522,97762
GPP,945,522,97872
GPP,946,522,97966
GPP,947,522,98076
GPP,948,522,98186
GPP,949,522,98297
GPP,950,522,98407
GPP,951,522,98501
GPP,952,522,98611
GPP,953,522,98721
GPP,954,522,98815
GPP,955,522,98925
GPP,956,522,99033
GPP,957,522,99130
GPP,958,522,99240
GPP,959,522,99335
GPP,960,522,99445
GPP,961,522,99555
GPP,962,522,99649
GPP,963,522,99759
GPP,964,522,99869
GPP,965,522,99964
GPP,966,522,100073
GPP,967,522,100183
GPP,968,522,100277
GPP,969,522,100387
GPP,970,522,100482
GPP,971,522,100592
GPP,972,522,100702
GPP,973,522,100796
GPP,974,522,100906
GPP,975,522,101000
GPP,976,522,101110
GPP,977,522,101219
GPP,978,522,101313
GPP,979,522,101423
GPP,980,522,101533
GPP,981,522,101626
GPP,982,522,101736
GPP,983,522,101830
GPP,984,522,101940
GPP,985,522,102042
GPP,986,522,102144
GPP,987,522,102254
GPP,988,522,102348
GPP,989,522,102457
GPP,990,522,102552
GPP,991,522,102662
GPP,992,522,102756
GPP,993,522,102867
GPP,994,522,102961
GPP,995,522,103071
GPP,996,522,103166
GPP,997,522,103275
GPP,998,522,103385
GPP,999,522,103480
GPP,1000,522,103590
GPP,1001,522,103684
GPP,1002,522,103793
GPP,1003,522,103887
GPP,1004,512,103997
GPP,1005,512,104091
GPP,1006,512,104201
GPP,1007,509,104295
GPP,1008,509,104405
GPP,1009,509,104514
GPP,1010,509,104608
GPP,1011,509,104718
GPP,1012,509,104812
GPP,1013,509,104922
GPP,1014,509,105016
GPP,1015,509,105126
GPP,1016,508,105220
GPP,1017,508,105329
GPP,1018,504,105423
GPP,1019,504,105533
GPP,1020,499,105643
GPP,1021,499,105737
GPP,1022,499,105846
GPP,1023,499,105940
GPP,1024,498,106050
GPP,1025,498,106144
GPP,1026,498,106254
GPP,1027,498,106347
GPP,1028,498,106457
GPP,1029,498,106568
GPP,1030,498,106661
GPP,1031,496,106770
GPP,1032,496,106864
GPP,1033,496,106974
GPP,1034,493,107068
GPP,1035,493,107178
GPP,1036,493,107287
GPP,1037,493,107381
GPP,1038,493,107496
GPP,1039,493,107585
GPP,1040,492,107695
GPP,1041,492,107805
GPP,1042,491,107899
GPP,1043,491,108009
GPP,1044,491,108104
GPP,1045,491,108213
GPP,1046,488,108323
GPP,1047,488,108418
GPP,1048,488,108528
GPP,1049,488,108622
GPP,1050,488,108732
GPP,1051,488,108841
GPP,1052,488,108936
GPP,1053,488,109046
GPP,1054,488,109152
GPP,1055,488,109256
GPP,1056,488,109360
GPP,1057,488,109465
GPP,1058,487,109570
GPP,1059,487,109674
GPP,1060,487,109777
GPP,1061,487,109880
GPP,1062,487,109974
GPP,1063,487,110084
GPP,1064,485,110194
GPP,1065,485,110288
GPP,1066,485,110398
GPP,1067,485,110492
GPP,1068,485,110602
GPP,1069,485,110712
GPP,1070,485,110806
GPP,1071,485,110916
GPP,1072,485,111011
GPP,1073,485,111121
GPP,1074,485,111231
GPP,1075,485,111325
GPP,1076,485,111435
GPP,1077,485,111530
GPP,1078,485,111640
GPP,1079,485,111750
GPP,1080,485,111844
GPP,1081,485,111954
GPP,1082,485,112064
GPP,1083,485,112158
GPP,1084,485,112268
GPP,1085,485,112362
GPP,1086,485,112472
GPP,1087,485,112589
GPP,1088,485,112692
GPP,1089,485,112797
GPP,1090,485,112900
GPP,1091,485,113004
GPP,1092,485,113108
GPP,1093,485,113199
GPP,1094,485,113309
GPP,1095,485,113418
GPP,1096,485,113513
GPP,1097,485,113623
GPP,1098,485,113717
GPP,1099,485,113835
GPP,1100,485,113937
GPP,1101,485,114031
GPP,1102,485,114141
GPP,1103,485,114235
GPP,1104,485,114345
GPP,1105,485,114455
GPP,1106,485,114550
GPP,1107,485,114660
GPP,1108,485,114754
GPP,1109,485,114864
GPP,1110,485,114974
GPP,1111,485,115068
GPP,1112,485,115178
GPP,1113,485,115273
GPP,1114,485,115382
GPP,1115,485,115476
GPP,1116,485,115586
GPP,1117,485,115681
GPP,1118,485,115790
GPP,1119,485,115884
GPP,1120,485,115994
GPP,1121,485,116104
GPP,1122,485,116199
GPP,1123,485,116308
GPP,1124,485,116403
GPP,1125,485,116513
GPP,1126,485,116607
GPP,1127,485,116717
GPP,1128,485,116812
GPP,1129,485,116921
GPP,1130,485,117016
GPP,1131,485,117126
GPP,1132,485,117220
GPP,1133,485,117330
GPP,1134,485,117424
GPP,1135,485,117534
GPP,1136,485,117628
GPP,1137,485,117738
GPP,1138,485,117848
GPP,1139,485,117943
GPP,1140,484,118053
GPP,1141,484,118147
GPP,1142,484,118257
GPP,1143,484,118351
GPP,1144,484,118461
GPP,1145,484,118555
GPP,1146,483,118665
GPP,1147,483,118759
GPP,1148,483,118869
GPP,1149,483,118979
GPP,1150,479,119073
GPP,1151,479,119183
GPP,1152,479,119277
GPP,1153,477,119387
GPP,1154,477,119482
GPP,1155,477,119592
GPP,1156,477,119686
GPP,1157,477,119796
GPP,1158,477,119906
GPP,1159,477,120000
GPP,1160,477,120110
GPP,1161,477,120204
GPP,1162,477,120315
GPP,1163,477,120409
GPP,1164,477,120519
GPP,1165,477,120629
GPP,1166,477,120723
GPP,1167,477,120837
GPP,1168,477,120942
GPP,1169,477,121045
GPP,1170,477,121149
GPP,1171,477,121252
GPP,1172,477,121356
GPP,1173,477,121462
GPP,1174,477,121567
GPP,1175,477,121669
GPP,1176,477,121773
GPP,1177,477,121878
GPP,1178,477,121982
GPP,1179,477,122085
GPP,1180,477,122189
GPP,1181,477,122284
GPP,1182,477,122394
GPP,1183,477,122488
GPP,1184,477,122598
GPP,1185,477,122708
GPP,1186,477,122802
GPP,1187,477,122912
GPP,1188,477,123007
GPP,1189,477,123117
GPP,1190,477,123226
GPP,1191,477,123320
GPP,1192,477,123430
GPP,1193,477,123540
GPP,1194,477,123635
GPP,1195,477,123744
GPP,1196,475,123847
GPP,1197,475,123949
GPP,1198,475,124058
GPP,1199,475,124153
GPP,1200,475,124262
GPP,1201,475,124357
GPP,1202,475,124467
GPP,1203,475,124577
GPP,1204,475,124671
GPP,1205,475,124781
GPP,1206,475,124875
GPP,1207,475,124986
GPP,1208,475,125096
GPP,1209,475,125190
GPP,1210,475,125300
GPP,1211,475,125394
GPP,1212,475,125504
GPP,1213,475,125614
GPP,1214,475,125709
GPP,1215,475,125819
GPP,1216,475,125913
GPP,1217,475,126023
GPP,1218,475,126133
GPP,1219,475,126227
GPP,1220,475,126337
GPP,1221,475,126432
GPP,1222,475,126542
GPP,1223,475,126652
GPP,1224,475,126746
GPP,1225,475,126856
GPP,1226,475,126966
GPP,1227,475,127060
GPP,1228,475,127170
GPP,1229,475,127264
GPP,1230,475,127374
GPP,1231,475,127484
GPP,1232,475,127578
GPP,1233,475,127688
GPP,1234,475,127783
GPP,1235,475,127893
GPP,1236,475,128003
GPP,1237,475,128097
GPP,1238,475,128207
GPP,1239,475,128301
GPP,1240,475,128411
GPP,1241,475,128505
GPP,1242,475,128615
GPP,1243,475,128725
GPP,1244,475,128819
GPP,1245,475,128929
GPP,1246,475,129023
GPP,1247,475,129134
GPP,1248,475,129228
GPP,1249,475,129338
GPP,1250,475,129432
GPP,1251,475,129542
GPP,1252,475,129636
GPP,1253,475,129746
GPP,1254,475,129856
GPP,1255,475,129950
GPP,1256,475,130060
GPP,1257,475,130155
GPP,1258,475,130265
GPP,1259,475,130359
GPP,1260,475,130469
GPP,1261,475,130563
GPP,1262,475,130673
GPP,1263,475,130784
GPP,1264,475,130878
GPP,1265,475,130988
GPP,1266,475,131082
GPP,1267,475,131192
GPP,1268,475,131286
GPP,1269,475,131396
GPP,1270,475,131490
GPP,1271,475,131600
GPP,1272,473,131694
GPP,1273,473,131804
GPP,1274,473,131914
GPP,1275,473,132008
GPP,1276,473,132120
GPP,1277,473,132223
GPP,1278,472,132324
GPP,1279,472,132418
GPP,1280,472,132528
GPP,1281,472,132623
GPP,1282,472,132733
GPP,1283,472,132827
GPP,1284,472,132937
GPP,1285,472,133047
GPP,1286,472,133141
GPP,1287,470,133251
GPP,1288,470,133345
GPP,1289,470,133455
GPP,1290,470,133550
GPP,1291,470,133660
GPP,1292,470,133770
GPP,1293,470,133864
GPP,1294,470,133974
GPP,1295,470,134068
GPP,1296,470,134178
GPP,1297,470,134273
GPP,1298,470,134383
GPP,1299,470,134493
GPP,1300,470,134587
GPP,1301,470,134697
GPP,1302,470,134807
GPP,1303,470,134901
GPP,1304,470,135011
GPP,1305,470,135105
GPP,1306,470,135215
GPP,1307,470,135309
GPP,1308,470,135419
GPP,1309,470,135529
GPP,1310,470,135624
GPP,1311,470,135733
GPP,1312,470,135828
GPP,1313,470,135938
GPP,1314,470,136048
GPP,1315,470,136142
GPP,1316,470,136252
GPP,1317,470,136347
GPP,1318,470,136457
GPP,1319,470,136567
GPP,1320,470,136661
GPP,1321,470,136771
GPP,1322,470,136881
GPP,1323,470,136975
GPP,1324,470,137085
GPP,1325,470,137179
GPP,1326,470,137289
GPP,1327,470,137399
GPP,1328,470,137493
GPP,1329,470,137603
GPP,1330,470,137697
GPP,1331,470,137808
GPP,1332,470,137917
GPP,1333,470,138011
GPP,1334,470,138121
GPP,1335,470,138215
GPP,1336,470,138325
GPP,1337,470,138435
GPP,1338,470,138529
GPP,1339,470,138639
GPP,1340,470,138749
GPP,1341,470,138851
GPP,1342,470,138953
GPP,1343,470,139047
GPP,1344,470,139157
GPP,1345,470,139267
GPP,1346,470,139362
GPP,1347,470,139472
GPP,1348,470,139566
GPP,1349,470,139676
GPP,1350,470,139786
GPP,1351,470,139880
GPP,1352,470,139990
GPP,1353,470,140100
GPP,1354,469,140202
GPP,1355,469,140304
GPP,1356,469,140399
GPP,1357,469,140509
GPP,1358,469,140619
GPP,1359,469,140713
GPP,1360,469,140823
GPP,1361,469,140917
GPP,1362,469,141027
GPP,1363,469,141137
GPP,1364,469,141231
GPP,1365,469,141341
GPP,1366,469,141435
GPP,1367,469,141545
GPP,1368,469,141655
GPP,1369,469,141765
GPP,1370,469,141859
GPP,1371,469,141970
GPP,1372,469,142064
GPP,1373,469,142174
GPP,1374,469,142268
GPP,1375,469,142378
GPP,1376,469,142472
GPP,1377,469,142583
GPP,1378,469,142693
GPP,1379,469,142787
GPP,1380,469,142897
GPP,1381,469,142991
GPP,1382,469,143101
GPP,1383,469,143195
GPP,1384,469,143305
GPP,1385,469,143399
GPP,1386,468,143509
GPP,1387,468,143619
GPP,1388,468,143714
GPP,1389,468,143823
GPP,1390,468,143918
GPP,1391,468,144027
GPP,1392,468,144121
GPP,1393,468,144231
GPP,1394,468,144325
GPP,1395,468,144436
GPP,1396,468,144530
GPP,1397,468,144640
GPP,1398,468,144734
GPP,1399,468,144844
GPP,1400,467,144939
GPP,1401,467,145049
GPP,1402,467,145143
GPP,1403,467,145253
GPP,1404,467,145348
GPP,1405,464,145458
GPP,1406,464,145552
GPP,1407,464,145662
GPP,1408,464,145772
GPP,1409,464,145866
GPP,1410,464,145976
GPP,1411,464,146070
GPP,1412,464,146180
GPP,1413,461,146274
GPP,1414,461,146384
GPP,1415,461,146479
GPP,1416,461,146589
GPP,1417,461,146699
GPP,1418,461,146793
GPP,1419,461,146903
GPP,1420,461,146998
GPP,1421,461,147107
GPP,1422,461,147202
GPP,1423,461,147312
GPP,1424,461,147421
GPP,1425,461,147516
GPP,1426,461,147626
GPP,1427,461,147720
GPP,1428,461,147830
GPP,1429,461,147940
GPP,1430,461,148034
GPP,1431,461,148144
GPP,1432,461,148238
GPP,1433,461,148348
GPP,1434,461,148458
GPP,1435,461,148553
GPP,1436,460,148662
GPP,1437,460,148757
GPP,1438,460,148867
GPP,1439,460,148977
GPP,1440,460,149071
GPP,1441,460,149181
GPP,1442,460,149291
GPP,1443,460,149385
GPP,1444,460,149495
GPP,1445,460,149589
GPP,1446,460,149699
GPP,1447,460,149809
GPP,1448,460,149903
GPP,1449,460,150013
GPP,1450,460,150107
GPP,1451,460,150217
GPP,1452,460,150327
GPP,1453,460,150422
GPP,1454,460,150532
GPP,1455,460,150626
GPP,1456,460,150736
GPP,1457,460,150845
GPP,1458,460,150940
GPP,1459,460,151050
GPP,1460,460,151144
GPP,1461,460,151254
GPP,1462,457,151364
GPP,1463,457,151458
GPP,1464,457,151568
GPP,1465,457,151663
GPP,1466,457,151773
GPP,1467,457,151883
GPP,1468,457,151977
GPP,1469,457,152087
GPP,1470,457,152197
GPP,1471,457,152291
GPP,1472,457,152401
GPP,1473,457,152495
GPP,1474,457,152605
GPP,1475,457,152715
GPP,1476,457,152809
GPP,1477,457,152919
GPP,1478,457,153013
GPP,1479,457,153124
GPP,1480,457,153233
GPP,1481,457,153327
GPP,1482,457,153437
GPP,1483,457,153547
GPP,1484,457,153642
GPP,1485,457,153752
GPP,1486,457,153846
GPP,1487,457,153956
GPP,1488,457,154066
GPP,1489,457,154160
GPP,1490,457,154270
GPP,1491,457,154380
GPP,1492,457,154474
GPP,1493,457,154584
GPP,1494,457,154694
GPP,1495,457,154789
GPP,1496,457,154899
GPP,1497,457,154993
GPP,1498,457,155103
GPP,1499,457,155213
GPP,1500,457,155307
GPP,1501,457,155417
GPP,1502,457,155512
GPP,1503,457,155622
GPP,1504,457,155732
GPP,1505,457,155826
GPP,1506,457,155936
GPP,1507,457,156030
GPP,1508,457,156140
GPP,1509,457,156247
GPP,1510,457,156345
GPP,1511,457,156455
GPP,1512,457,156549
GPP,1513,457,156659
GPP,1514,457,156753
GPP,1515,457,156863
GPP,1516,457,156957
GPP,1517,457,157067
GPP,1518,457,157161
GPP,1519,457,157271
GPP,1520,457,157365
GPP,1521,457,157475
GPP,1522,457,157569
GPP,1523,457,157679
GPP,1524,457,157774
GPP,1525,457,157884
GPP,1526,457,157978
GPP,1527,457,158088
GPP,1528,454,158198
GPP,1529,454,158292
GPP,1530,454,158402
GPP,1531,454,158497
GPP,1532,454,158607
GPP,1533,454,158701
GPP,1534,454,158812
GPP,1535,454,158906
GPP,1536,454,159016
GPP,1537,454,159126
GPP,1538,454,159220
GPP,1539,454,159330
GPP,1540,454,159424
GPP,1541,454,159534
GPP,1542,454,159629
GPP,1543,454,159739
GPP,1544,454,159833
GPP,1545,454,159943
GPP,1546,453,160037
GPP,1547,453,160147
GPP,1548,453,160241
GPP,1549,453,160350
GPP,1550,453,160444
GPP,1551,453,160554
GPP,1552,453,160664
GPP,1553,453,160758
GPP,1554,453,160867
GPP,1555,453,160961
GPP,1556,453,161071
GPP,1557,453,161165
GPP,1558,453,161275
GPP,1559,453,161385
GPP,1560,453,161479
GPP,1561,453,161589
GPP,1562,453,161683
GPP,1563,453,161793
GPP,1564,453,161887
GPP,1565,453,161997
GPP,1566,453,162107
GPP,1567,453,162201
GPP,1568,453,162311
GPP,1569,453,162405
GPP,1570,453,162515
GPP,1571,453,162625
GPP,1572,453,162719
GPP,1573,453,162829
GPP,1574,453,162924
GPP,1575,453,163034
GPP,1576,453,163144
GPP,1577,453,163238
GPP,1578,453,163347
GPP,1579,453,163442
GPP,1580,453,163552
GPP,1581,452,163662
GPP,1582,452,163756
GPP,1583,452,163866
GPP,1584,452,163960
GPP,1585,452,164070
GPP,1586,452,164180
GPP,1587,452,164274
GPP,1588,452,164384
GPP,1589,452,164478
GPP,1590,452,164588
GPP,1591,452,164698
GPP,1592,452,164792
GPP,1593,452,164903
GPP,1594,452,165012
GPP,1595,452,165107
GPP,1596,452,165216
GPP,1597,452,165310
GPP,1598,452,165420
GPP,1599,452,165530
GPP,1600,452,165624
GPP,1601,452,165734
GPP,1602,452,165844
GPP,1603,452,165938
GPP,1604,452,166048
GPP,1605,452,166158
GPP,1606,452,166253
GPP,1607,452,166366
GPP,1608,452,166470
GPP,1609,452,166574
GPP,1610,452,166679
GPP,1611,452,166782
GPP,1612,452,166886
GPP,1613,452,166989
GPP,1614,452,167090
GPP,1615,452,167200
GPP,1616,452,167294
GPP,1617,452,167404
GPP,1618,452,167498
GPP,1619,452,167608
GPP,1620,452,167718
GPP,1621,452,167812
GPP,1622,452,167923
GPP,1623,452,168017
GPP,1624,452,168127
GPP,1625,452,168237
GPP,1626,452,168346
GPP,1627,452,168441
GPP,1628,452,168551
GPP,1629,452,168645
GPP,1630,452,168755
GPP,1631,452,168849
GPP,1632,452,168959
GPP,1633,452,169069
GPP,1634,452,169163
GPP,1635,452,169273
GPP,1636,452,169383
GPP,1637,452,169478
GPP,1638,452,169588
GPP,1639,452,169682
GPP,1640,452,169792
GPP,1641,452,169902
GPP,1642,452,169996
GPP,1643,452,170107
GPP,1644,452,170201
GPP,1645,452,170311
GPP,1646,452,170405
GPP,1647,452,170515
GPP,1648,452,170625
GPP,1649,452,170729
GPP,1650,452,170835
GPP,1651,452,170938
GPP,1652,452,171040
GPP,1653,452,171145
GPP,1654,452,171241
GPP,1655,452,171351
GPP,1656,452,171445
GPP,1657,452,171559
GPP,1658,452,171650
GPP,1659,452,171759
GPP,1660,452,171853
GPP,1661,452,171963
GPP,1662,452,172057
GPP,1663,452,172166
GPP,1664,452,172276
GPP,1665,452,172370
GPP,1666,452,172480
GPP,1667,452,172574
GPP,1668,452,172684
GPP,1669,452,172778
GPP,1670,452,172887
GPP,1671,452,172981
GPP,1672,452,173091
GPP,1673,452,173201
GPP,1674,452,173295
GPP,1675,452,173404
GPP,1676,452,173498
GPP,1677,452,173608
GPP,1678,452,173702
GPP,1679,452,173812
GPP,1680,452,173921
GPP,1681,452,174015
GPP,1682,452,174125
GPP,1683,452,174219
GPP,1684,452,174329
GPP,1685,452,174423
GPP,1686,452,174532
GPP,1687,452,174626
GPP,1688,452,174736
GPP,1689,452,174830
GPP,1690,452,174940
GPP,1691,452,175049
GPP,1692,452,175143
GPP,1693,452,175253
GPP,1694,452,175347
GPP,1695,452,175457
GPP,1696,452,175551
GPP,1697,452,175661
GPP,1698,452,175770
GPP,1699,452,175864
GPP,1700,452,175974
GPP,1701,452,176068
GPP,1702,452,176178
GPP,1703,452,176272
GPP,1704,452,176381
GPP,1705,452,176491
GPP,1706,452,176585
GPP,1707,452,176694
GPP,1708,452,176789
GPP,1709,452,176898
GPP,1710,452,177008
GPP,1711,452,177102
GPP,1712,452,177212
GPP,1713,452,177306
GPP,1714,452,177416
GPP,1715,452,177526
GPP,1716,452,177620
GPP,1717,452,177730
GPP,1718,452,177824
GPP,1719,452,177933
GPP,1720,452,178043
GPP,1721,452,178137
GPP,1722,452,178246
GPP,1723,452,178356
GPP,1724,452,178450
GPP,1725,452,178560
GPP,1726,452,178654
GPP,1727,452,178764
GPP,1728,452,178873
GPP,1729,452,178967
GPP,1730,452,179077
GPP,1731,452,179187
GPP,1732,452,179281
GPP,1733,452,179391
GPP,1734,452,179485
GPP,1735,452,179595
GPP,1736,452,179704
GPP,1737,452,179799
GPP,1738,452,179908
GPP,1739,452,180018
GPP,1740,452,180112
GPP,1741,452,180221
GPP,1742,452,180331
GPP,1743,452,180425
GPP,1744,452,180535
GPP,1745,452,180645
GPP,1746,452,180739
GPP,1747,452,180849
GPP,1748,452,180943
GPP,1749,452,181052
GPP,1750,452,181162
GPP,1751,452,181257
GPP,1752,452,181366
GPP,1753,452,181476
GPP,1754,452,181570
GPP,1755,452,181680
GPP,1756,452,181789
GPP,1757,452,181883
GPP,1758,452,181993
GPP,1759,452,182102
GPP,1760,452,182196
GPP,1761,452,182306
GPP,1762,452,182415
GPP,1763,452,182510
GPP,1764,452,182619
GPP,1765,452,182713
GPP,1766,452,182823
GPP,1767,452,182933
GPP,1768,452,183026
GPP,1769,452,183136
GPP,1770,452,183246
GPP,1771,452,183340
GPP,1772,452,183450
GPP,1773,452,183559
GPP,1774,452,183653
GPP,1775,452,183763
GPP,1776,452,183857
GPP,1777,452,183967
GPP,1778,452,184077
GPP,1779,452,184171
GPP,1780,452,184280
GPP,1781,452,184390
GPP,1782,452,184484
GPP,1783,452,184593
GPP,1784,452,184703
GPP,1785,452,184797
GPP,1786,452,184907
GPP,1787,452,185016
GPP,1788,452,185110
GPP,1789,452,185220
GPP,1790,452,185330
GPP,1791,452,185424
GPP,1792,452,185534
GPP,1793,452,185628
GPP,1794,452,185737
GPP,1795,452,185847
GPP,1796,452,185941
GPP,1797,452,186051
GPP,1798,452,186160
GPP,1799,452,186254
GPP,1800,452,186364
GPP,1801,452,186474
GPP,1802,452,186568
GPP,1803,452,186678
GPP,1804,452,186787
GPP,1805,452,186881
GPP,1806,452,186991
GPP,1807,452,187100
GPP,1808,452,187194
GPP,1809,452,187304
GPP,1810,452,187414
GPP,1811,452,187508
GPP,1812,452,187617
GPP,1813,452,187728
GPP,1814,452,187822
GPP,1815,452,187932
GPP,1816,452,188025
GPP,1817,452,188135
GPP,1818,452,188245
GPP,1819,452,188339
GPP,1820,452,188448
GPP,1821,452,188558
GPP,1822,452,188652
GPP,1823,452,188762
GPP,1824,452,188871
GPP,1825,452,188965
GPP,1826,452,189075
GPP,1827,452,189169
GPP,1828,452,189287
GPP,1829,452,189389
GPP,1830,452,189483
GPP,1831,452,189593
GPP,1832,452,189702
GPP,1833,452,189796
GPP,1834,452,189906
GPP,1835,452,190000
GPP,1836,452,190109
GPP,1837,452,190219
GPP,1838,452,190313
GPP,1839,452,190423
GPP,1840,452,190532
GPP,1841,452,190626
GPP,1842,452,190736
GPP,1843,452,190830
GPP,1844,452,190940
GPP,1845,452,191050
GPP,1846,452,191144
GPP,1847,452,191254
GPP,1848,452,191348
GPP,1849,452,191457
GPP,1850,452,191552
GPP,1851,452,191661
GPP,1852,452,191771
GPP,1853,452,191865
GPP,1854,452,191974
GPP,1855,452,192084
GPP,1856,452,192178
GPP,1857,452,192288
GPP,1858,452,192382
GPP,1859,452,192491
GPP,1860,452,192601
GPP,1861,452,192695
GPP,1862,452,192805
GPP,1863,452,192898
GPP,1864,452,193008
GPP,1865,452,193118
GPP,1866,452,193212
GPP,1867,452,193322
GPP,1868,452,193416
GPP,1869,452,193526
GPP,1870,452,193635
GPP,1871,452,193729
GPP,1872,452,193839
GPP,1873,452,193933
GPP,1874,452,194043
GPP,1875,452,194152
GPP,1876,452,194246
GPP,1877,452,194356
GPP,1878,452,194450
GPP,1879,452,194560
GPP,1880,452,194669
GPP,1881,452,194763
GPP,1882,452,194873
GPP,1883,452,194967
GPP,1884,452,195076
GPP,1885,452,195186
GPP,1886,452,195280
GPP,1887,452,195390
GPP,1888,452,195484
GPP,1889,452,195594
GPP,1890,452,195704
GPP,1891,452,195798
GPP,1892,452,195907
GPP,1893,452,196017
GPP,1894,452,196111
GPP,1895,452,196221
GPP,1896,452,196315
GPP,1897,452,196425
GPP,1898,452,196535
GPP,1899,452,196629
GPP,1900,452,196739
GPP,1901,452,196833
GPP,1902,452,196942
GPP,1903,452,197052
GPP,1904,452,197146
GPP,1905,452,197256
GPP,1906,452,197350
GPP,1907,452,197460
GPP,1908,452,197570
GPP,1909,452,197664
GPP,1910,452,197773
GPP,1911,452,197883
GPP,1912,452,197977
GPP,1913,452,198087
GPP,1914,452,198181
GPP,1915,452,198290
GPP,1916,452,198400
GPP,1917,452,198494
GPP,1918,452,198603
GPP,1919,452,198713
GPP,1920,452,198807
GPP,1921,452,198916
GPP,1922,452,199026
GPP,1923,452,199120
GPP,1924,452,199230
GPP,1925,452,199324
GPP,1926,452,199434
GPP,1927,452,199544
GPP,1928,452,199638
GPP,1929,452,199747
GPP,1930,452,199841
GPP,1931,452,199951
GPP,1932,452,200061
GPP,1933,452,200155
GPP,1934,452,200265
GPP,1935,452,200359
GPP,1936,452,200468
GPP,1937,452,200578
GPP,1938,452,200672
GPP,1939,452,200782
GPP,1940,452,200891
GPP,1941,452,200985
GPP,1942,452,201095
GPP,1943,452,201189
GPP,1944,452,201299
GPP,1945,452,201409
GPP,1946,452,201503
GPP,1947,452,201612
GPP,1948,452,201706
GPP,1949,452,201816
GPP,1950,452,201926
GPP,1951,452,202020
GPP,1952,452,202129
GPP,1953,452,202223
GPP,1954,452,202333
GPP,1955,452,202427
GPP,1956,452,202537
GPP,1957,452,202646
GPP,1958,452,202740
GPP,1959,452,202850
GPP,1960,452,202944
GPP,1961,452,203054
GPP,1962,452,203163
GPP,1963,452,203257
GPP,1964,452,203367
GPP,1965,452,203477
GPP,1966,452,203571
GPP,1967,452,203681
GPP,1968,452,203775
GPP,1969,452,203885
GPP,1970,452,203994
GPP,1971,452,204088
GPP,1972,452,204198
GPP,1973,452,204292
GPP,1974,452,204402
GPP,1975,452,204511
GPP,1976,452,204605
GPP,1977,452,204715
GPP,1978,452,204809
GPP,1979,452,204918
GPP,1980,452,205028
GPP,1981,452,205122
GPP,1982,452,205232
GPP,1983,452,205326
GPP,1984,452,205435
GPP,1985,452,205545
GPP,1986,452,205639
GPP,1987,452,205749
GPP,1988,452,205843
GPP,1989,452,205953
GPP,1990,452,206062
GPP,1991,452,206157
GPP,1992,452,206266
GPP,1993,452,206376
GPP,1994,452,206470
GPP,1995,452,206580
GPP,1996,452,206674
GPP,1997,452,206783
GPP,1998,452,206893
GPP,1999,452,206996
GPP,2000,452,207097
GPP,2001,452,207191
GPP,2002,452,207301
GPP,2003,452,207410
GPP,2004,452,207504
GPP,2005,452,207614
GPP,2006,452,207708
GPP,2007,452,207818
GPP,2008,452,207912
GPP,2009,452,208021
GPP,2010,452,208131
GPP,2011,452,208225
GPP,2012,452,208335
GPP,2013,452,208429
GPP,2014,452,208539
GPP,2015,452,208649
GPP,2016,452,208743
GPP,2017,452,208852
GPP,2018,452,208946
GPP,2019,452,209056
GPP,2020,452,209166
GPP,2021,452,209260
GPP,2022,452,209369
GPP,2023,452,209463
GPP,2024,452,209573
GPP,2025,452,209683
GPP,2026,452,209777
GPP,2027,452,209887
GPP,2028,452,209981
GPP,2029,452,210090
GPP,2030,452,210200
GPP,2031,452,210294
GPP,2032,452,210404
GPP,2033,452,210498
GPP,2034,452,210607
GPP,2035,452,210717
GPP,2036,452,210811
GPP,2037,452,210921
GPP,2038,452,211015
GPP,2039,452,211125
GPP,2040,452,211234
GPP,2041,452,211328
GPP,2042,452,211438
GPP,2043,452,211548
GPP,2044,452,211643
GPP,2045,452,211752
GPP,2046,452,211847
GPP,2047,452,211957
GPP,2048,452,212051
GPP,2049,452,212161
GPP,2050,452,212255
GPP,2051,452,212365
GPP,2052,452,212475
GPP,2053,452,212570
GPP,2054,452,212679
GPP,2055,452,212774
GPP,2056,452,212884
GPP,2057,452,212978
GPP,2058,452,213088
GPP,2059,452,213198
GPP,2060,452,213293
GPP,2061,452,213403
GPP,2062,452,213497
GPP,2063,452,213607
GPP,2064,452,213717
GPP,2065,452,213819
GPP,2066,452,213921
GPP,2067,452,214015
GPP,2068,452,214125
GPP,2069,452,214235
GPP,2070,452,214329
GPP,2071,452,214439
GPP,2072,452,214546
GPP,2073,452,214644
GPP,2074,452,214754
GPP,2075,452,214848
GPP,2076,452,214958
GPP,2077,452,215052
GPP,2078,452,215162
GPP,2079,452,215272
GPP,2080,452,215366
GPP,2081,452,215476
GPP,2082,452,215570
GPP,2083,452,215680
GPP,2084,452,215789
GPP,2085,452,215884
GPP,2086,452,215993
GPP,2087,452,216087
GPP,2088,452,216203
GPP,2089,452,216306
GPP,2090,452,216410
GPP,2091,452,216513
GPP,2092,452,216618
GPP,2093,452,216720
GPP,2094,452,216825
GPP,2095,452,216928
GPP,2096,452,217031
GPP,2097,452,217134
GPP,2098,452,217239
GPP,2099,452,217342
GPP,2100,452,217446
GPP,2101,452,217549
GPP,2102,452,217655
GPP,2103,452,217758
GPP,2104,452,217863
GPP,2105,452,217966
GPP,2106,452,218070
GPP,2107,452,218173
GPP,2108,452,218277
GPP,2109,452,218379
GPP,2110,452,218484
GPP,2111,452,218587
GPP,2112,452,218691
GPP,2113,452,218795
GPP,2114,452,218899
GPP,2115,452,219001
GPP,2116,452,219105
GPP,2117,452,219208
GPP,2118,452,219312
GPP,2119,452,219415
GPP,2120,452,219518
GPP,2121,452,219622
GPP,2122,452,219726
GPP,2123,452,219831
GPP,2124,452,219934
GPP,2125,452,220038
GPP,2126,452,220141
GPP,2127,452,220245
GPP,2128,452,220349
GPP,2129,452,220452
GPP,2130,452,220556
GPP,2131,452,220662
GPP,2132,452,220758
GPP,2133,452,220868
GPP,2134,452,220962
GPP,2135,452,221072
GPP,2136,452,221167
GPP,2137,452,221277
GPP,2138,452,221387
GPP,2139,452,221481
GPP,2140,452,221591
GPP,2141,452,221686
GPP,2142,452,221796
GPP,2143,452,221890
GPP,2144,452,222000
GPP,2145,452,222110
GPP,2146,452,222204
GPP,2147,452,222314
GPP,2148,452,222408
GPP,2149,452,222518
GPP,2150,452,222628
GPP,2151,452,222722
GPP,2152,452,222832
GPP,2153,452,222926
GPP,2154,452,223036
GPP,2155,452,223130
GPP,2156,452,223240
GPP,2157,452,223350
GPP,2158,452,223445
GPP,2159,452,223555
GPP,2160,452,223649
GPP,2161,452,223759
GPP,2162,452,223853
GPP,2163,452,223963
GPP,2164,452,224073
GPP,2165,452,224167
GPP,2166,452,224277
GPP,2167,452,224372
GPP,2168,452,224482
GPP,2169,452,224592
GPP,2170,452,224686
GPP,2171,452,224796
GPP,2172,452,224890
GPP,2173,452,225000
GPP,2174,452,225109
GPP,2175,452,225203
GPP,2176,452,225313
GPP,2177,452,225407
GPP,2178,452,225517
GPP,2179,452,225626
GPP,2180,452,225736
GPP,2181,452,225830
GPP,2182,452,225940
GPP,2183,452,226034
GPP,2184,452,226144
GPP,2185,452,226254
GPP,2186,452,226347
GPP,2187,452,226457
GPP,2188,452,226567
GPP,2189,452,226661
GPP,2190,452,226771
GPP,2191,452,226865
GPP,2192,452,226974
GPP,2193,452,227084
GPP,2194,452,227178
GPP,2195,452,227288
GPP,2196,452,227398
GPP,2197,452,227492
GPP,2198,452,227602
GPP,2199,452,227696
GPP,2200,452,227806
GPP,2201,452,227915
GPP,2202,452,228009
GPP,2203,452,228119
GPP,2204,452,228213
GPP,2205,452,228323
GPP,2206,452,228432
GPP,2207,452,228526
GPP,2208,452,228636
GPP,2209,452,228730
GPP,2210,452,228840
GPP,2211,452,228950
GPP,2212,452,229044
GPP,2213,452,229154
GPP,2214,452,229248
GPP,2215,452,229358
GPP,2216,452,229469
GPP,2217,452,229562
GPP,2218,452,229671
GPP,2219,452,229781
GPP,2220,452,229886
GPP,2221,452,229990
GPP,2222,452,230093
GPP,2223,452,230197
GPP,2224,452,230301
GPP,2225,452,230404
GPP,2226,452,230505
GPP,2227,452,230599
GPP,2228,452,230708
GPP,2229,452,230818
GPP,2230,452,230912
GPP,2231,452,231022
GPP,2232,452,231116
GPP,2233,452,231227
GPP,2234,452,231320
GPP,2235,452,231431
GPP,2236,452,231541
GPP,2237,452,231635
GPP,2238,452,231745
GPP,2239,452,231839
GPP,2240,452,231949
GPP,2241,452,232059
GPP,2242,452,232153
GPP,2243,452,232263
GPP,2244,452,232358
GPP,2245,452,232467
GPP,2246,452,232577
GPP,2247,452,232671
GPP,2248,452,232781
GPP,2249,452,232890
GPP,2250,452,232984
GPP,2251,452,233094
GPP,2252,452,233188
GPP,2253,452,233298
GPP,2254,452,233408
GPP,2255,452,233502
GPP,2256,452,233612
GPP,2257,452,233706
GPP,2258,452,233815
GPP,2259,452,233910
GPP,2260,452,234019
GPP,2261,452,234129
GPP,2262,452,234224
GPP,2263,452,234334
GPP,2264,452,234443
GPP,2265,452,234538
GPP,2266,452,234647
GPP,2267,452,234757
GPP,2268,452,234851
GPP,2269,452,234961
GPP,2270,452,235055
GPP,2271,452,235164
GPP,2272,452,235274
GPP,2273,452,235368
GPP,2274,452,235478
GPP,2275,452,235587
GPP,2276,452,235682
GPP,2277,452,235792
GPP,2278,452,235886
GPP,2279,452,235996
GPP,2280,452,236105
GPP,2281,452,236199
GPP,2282,452,236309
GPP,2283,452,236403
GPP,2284,452,236512
GPP,2285,452,236622
GPP,2286,452,236716
GPP,2287,452,236826
GPP,2288,452,236935
GPP,2289,452,237029
GPP,2290,452,237140
GPP,2291,452,237233
GPP,2292,452,237343
GPP,2293,452,237453
GPP,2294,452,237547
GPP,2295,452,237657
GPP,2296,452,237751
GPP,2297,452,237861
GPP,2298,452,237955
GPP,2299,452,238065
GPP,2300,452,238175
GPP,2301,452,238269
GPP,2302,452,238379
GPP,2303,452,238473
GPP,2304,452,238583
GPP,2305,452,238693
GPP,2306,452,238787
GPP,2307,452,238897
GPP,2308,452,239006
GPP,2309,452,239100
GPP,2310,452,239210
GPP,2311,452,239304
GPP,2312,452,239413
GPP,2313,452,239523
GPP,2314,452,239617
GPP,2315,452,239727
GPP,2316,452,239821
GPP,2317,452,239931
GPP,2318,452,240040
GPP,2319,452,240134
GPP,2320,452,240244
GPP,2321,452,240353
GPP,2322,452,240447
GPP,2323,452,240557
GPP,2324,452,240651
GPP,2325,452,240761
GPP,2326,452,240871
GPP,2327,452,240964
GPP,2328,452,241080
GPP,2329,452,241184
GPP,2330,452,241278
GPP,2331,452,241388
GPP,2332,452,241497
GPP,2333,452,241592
GPP,2334,452,241701
GPP,2335,452,241811
GPP,2336,452,241905
GPP,2337,452,242014
GPP,2338,452,242109
GPP,2339,452,242218
GPP,2340,452,242328
GPP,2341,452,242422
GPP,2342,452,242531
GPP,2343,452,242641
GPP,2344,452,242735
GPP,2345,452,242845
GPP,2346,452,242939
GPP,2347,452,243048
GPP,2348,452,243158
GPP,2349,452,243252
GPP,2350,452,243361
GPP,2351,452,243471
GPP,2352,452,243565
GPP,2353,452,243675
GPP,2354,452,243784
GPP,2355,452,243890
GPP,2356,452,243993
GPP,2357,452,244097
GPP,2358,452,244201
GPP,2359,452,244304
GPP,2360,452,244410
GPP,2361,452,244514
GPP,2362,452,244617
GPP,2363,452,244721
GPP,2364,452,244824
GPP,2365,452,244927
GPP,2366,452,245030
GPP,2367,452,245125
GPP,2368,452,245235
GPP,2369,452,245330
GPP,2370,452,245439
GPP,2371,452,245549
GPP,2372,452,245644
GPP,2373,452,245754
GPP,2374,452,245848
GPP,2375,452,245958
GPP,2376,452,246068
GPP,2377,452,246162
GPP,2378,452,246272
GPP,2379,452,246382
GPP,2380,452,246476
GPP,2381,452,246586
GPP,2382,452,246696
GPP,2383,452,246790
GPP,2384,452,246900
GPP,2385,452,246995
GPP,2386,452,247104
GPP,2387,452,247198
GPP,2388,452,247309
GPP,2389,452,247419
GPP,2390,452,247513
GPP,2391,452,247627
GPP,2392,452,247731
GPP,2393,452,247834
GPP,2394,452,247936
GPP,2395,452,248040
GPP,2396,452,248145
GPP,2397,452,248249
GPP,2398,452,248349
GPP,2399,452,248443
GPP,2400,452,248553
GPP,2401,452,248663
GPP,2402,452,248757
GPP,2403,452,248867
GPP,2404,452,248977
GPP,2405,452,249071
GPP,2406,452,249181
GPP,2407,452,249275
GPP,2408,452,249385
GPP,2409,452,249496
GPP,2410,452,249590
GPP,2411,452,249699
GPP,2412,452,249794
GPP,2413,452,249903
GPP,2414,452,250013
GPP,2415,452,250107
GPP,2416,452,250217
GPP,2417,452,250312
GPP,2418,452,250422
GPP,2419,452,250532
GPP,2420,452,250626
GPP,2421,452,250736
GPP,2422,452,250830
GPP,2423,452,250940
GPP,2424,452,251050
GPP,2425,452,251144
GPP,2426,452,251254
GPP,2427,452,251349
GPP,2428,452,251458
GPP,2429,452,251568
GPP,2430,452,251662
GPP,2431,452,251772
GPP,2432,452,251866
GPP,2433,452,251976
GPP,2434,452,252086
GPP,2435,452,252180
GPP,2436,452,252290
GPP,2437,452,252385
GPP,2438,452,252495
GPP,2439,452,252589
GPP,2440,452,252699
GPP,2441,452,252809
GPP,2442,452,252903
GPP,2443,452,253013
GPP,2444,452,253107
GPP,2445,452,253217
GPP,2446,452,253327
GPP,2447,452,253421
GPP,2448,452,253532
GPP,2449,452,253636
GPP,2450,452,253739
GPP,2451,452,253842
GPP,2452,452,253946
GPP,2453,452,254048
GPP,2454,452,254152
GPP,2455,452,254256
GPP,2456,452,254359
GPP,2457,452,254462
GPP,2458,452,254565
GPP,2459,452,254669
GPP,2460,452,254764
GPP,2461,452,254874
GPP,2462,452,254968
GPP,2463,452,255078
GPP,2464,452,255173
GPP,2465,452,255283
GPP,2466,452,255377
GPP,2467,452,255494
GPP,2468,452,255596
GPP,2469,452,255702
GPP,2470,452,255804
GPP,2471,452,255908
GPP,2472,452,256011
GPP,2473,452,256115
GPP,2474,452,256217
GPP,2475,452,256321
GPP,2476,452,256425
GPP,2477,452,256528
GPP,2478,452,256631
GPP,2479,452,256736
GPP,2480,452,256839
GPP,2481,452,256939
GPP,2482,452,257033
GPP,2483,452,257143
GPP,2484,452,257253
GPP,2485,452,257348
GPP,2486,452,257460
GPP,2487,452,257552
GPP,2488,452,257662
GPP,2489,452,257756
GPP,2490,452,257866
GPP,2491,452,257976
GPP,2492,452,258071
GPP,2493,452,258180
GPP,2494,452,258275
GPP,2495,452,258385
GPP,2496,452,258479
GPP,2497,452,258589
GPP,2498,452,258699
GPP,2499,452,258801
GPP,2500,452,258903
GPP,2501,452,258998
GPP,2502,452,259107
GPP,2503,452,259218
GPP,2504,452,259312
GPP,2505,452,259422
GPP,2506,452,259516
GPP,2507,452,259626
GPP,2508,452,259736
GPP,2509,452,259830
GPP,2510,452,259940
GPP,2511,452,260034
GPP,2512,452,260144
GPP,2513,452,260238
GPP,2514,452,260348
GPP,2515,452,260458
GPP,2516,452,260553
GPP,2517,452,260662
GPP,2518,452,260756
GPP,2519,452,260866
GPP,2520,452,260961
GPP,2521,452,261070
GPP,2522,452,261180
GPP,2523,452,261274
GPP,2524,452,261384
GPP,2525,452,261479
GPP,2526,452,261589
GPP,2527,452,261699
GPP,2528,452,261793
GPP,2529,452,261903
GPP,2530,452,261997
GPP,2531,452,262107
GPP,2532,452,262217
GPP,2533,452,262311
GPP,2534,452,262421
GPP,2535,452,262515
GPP,2536,452,262625
GPP,2537,452,262719
GPP,2538,452,262830
GPP,2539,452,262940
GPP,2540,452,263034
GPP,2541,452,263143
GPP,2542,452,263238
GPP,2543,452,263348
GPP,2544,452,263458
GPP,2545,452,263552
GPP,2546,452,263662
GPP,2547,452,263756
GPP,2548,452,263866
GPP,2549,452,263960
GPP,2550,452,264070
GPP,2551,452,264180
GPP,2552,452,264275
GPP,2553,452,264385
GPP,2554,452,264479
GPP,2555,452,264589
GPP,2556,452,264699
GPP,2557,452,264793
GPP,2558,452,264903
GPP,2559,452,264997
GPP,2560,452,265107
GPP,2561,452,265202
GPP,2562,452,265312
GPP,2563,452,265422
GPP,2564,452,265516
GPP,2565,452,265626
GPP,2566,452,265720
GPP,2567,452,265830
GPP,2568,452,265924
GPP,2569,452,266034
GPP,2570,452,266128
GPP,2571,452,266239
GPP,2572,452,266349
GPP,2573,452,266443
GPP,2574,452,266553
GPP,2575,452,266647
GPP,2576,452,266757
GPP,2577,452,266867
GPP,2578,452,266961
GPP,2579,452,267071
GPP,2580,452,267165
GPP,2581,452,267275
GPP,2582,452,267385
GPP,2583,452,267479
GPP,2584,452,267589
GPP,2585,452,267683
GPP,2586,452,267793
GPP,2587,452,267888
GPP,2588,452,267997
GPP,2589,452,268108
GPP,2590,452,268202
GPP,2591,452,268312
GPP,2592,452,268406
GPP,2593,452,268516
GPP,2594,452,268626
GPP,2595,452,268720
GPP,2596,452,268830
GPP,2597,452,268940
GPP,2598,452,269034
GPP,2599,452,269144
GPP,2600,452,269238
GPP,2601,452,269356
GPP,2602,452,269458
GPP,2603,452,269562
GPP,2604,452,269663
GPP,2605,452,269757
GPP,2606,452,269867
GPP,2607,452,269961
GPP,2608,452,270071
GPP,2609,452,270181
GPP,2610,452,270275
GPP,2611,452,270385
GPP,2612,452,270479
GPP,2613,452,270589
GPP,2614,452,270699
GPP,2615,452,270793
GPP,2616,452,270903
GPP,2617,452,270997
GPP,2618,452,271108
GPP,2619,452,271202
GPP,2620,452,271312
GPP,2621,452,271422
GPP,2622,452,271516
GPP,2623,452,271626
GPP,2624,452,271720
GPP,2625,452,271830
GPP,2626,452,271924
GPP,2627,452,272034
GPP,2628,452,272144
GPP,2629,452,272239
GPP,2630,452,272349
GPP,2631,452,272443
GPP,2632,452,272553
GPP,2633,452,272663
GPP,2634,452,272757
GPP,2635,452,272867
GPP,2636,452,272962
GPP,2637,452,273071
GPP,2638,452,273166
GPP,2639,452,273276
GPP,2640,452,273386
GPP,2641,452,273480
GPP,2642,452,273590
GPP,2643,452,273684
GPP,2644,452,273799
GPP,2645,452,273903
GPP,2646,452,273997
GPP,2647,452,274107
GPP,2648,452,274201
GPP,2649,452,274311
GPP,2650,452,274420
GPP,2651,452,274530
GPP,2652,452,274625
GPP,2653,452,274735
GPP,2654,452,274829
GPP,2655,452,274939
GPP,2656,452,275033
GPP,2657,452,275143
GPP,2658,452,275253
GPP,2659,452,275347
GPP,2660,452,275457
GPP,2661,452,275552
GPP,2662,452,275662
GPP,2663,452,275756
GPP,2664,452,275866
GPP,2665,452,275960
GPP,2666,452,276070
GPP,2667,452,276180
GPP,2668,452,276274
GPP,2669,452,276384
GPP,2670,452,276494
GPP,2671,452,276589
GPP,2672,452,276698
GPP,2673,452,276793
GPP,2674,452,276903
GPP,2675,452,276997
GPP,2676,452,277108
GPP,2677,452,277218
GPP,2678,452,277321
GPP,2679,452,277425
GPP,2680,452,277527
GPP,2681,452,277630
GPP,2682,452,277734
GPP,2683,452,277838
GPP,2684,452,277940
GPP,2685,452,278044
GPP,2686,452,278148
GPP,2687,452,278250
GPP,2688,452,278355
GPP,2689,452,278457
GPP,2690,452,278562
GPP,2691,452,278664
GPP,2692,452,278768
GPP,2693,452,278872
GPP,2694,452,278976
GPP,2695,452,279080
GPP,2696,452,279182
GPP,2697,452,279288
GPP,2698,452,279391
GPP,2699,452,279494
GPP,2700,452,279600
GPP,2701,452,279702
GPP,2702,452,279806
GPP,2703,452,279910
GPP,2704,452,280011
GPP,2705,452,280115
GPP,2706,452,280220
GPP,2707,452,280323
GPP,2708,452,280427
GPP,2709,452,280530
GPP,2710,452,280628
GPP,2711,452,280738
GPP,2712,452,280832
GPP,2713,452,280942
GPP,2714,452,281036
GPP,2715,452,281146
GPP,2716,452,281256
GPP,2717,452,281351
GPP,2718,452,281461
GPP,2719,452,281555
GPP,2720,452,281665
GPP,2721,452,281759
GPP,2722,452,281869
GPP,2723,452,281979
GPP,2724,452,282089
GPP,2725,452,282183
GPP,2726,452,282293
GPP,2727,452,282387
GPP,2728,452,282496
GPP,2729,452,282606
GPP,2730,452,282700
GPP,2731,452,282810
GPP,2732,452,282904
GPP,2733,452,283013
GPP,2734,452,283123
GPP,2735,452,283217
GPP,2736,452,283334
GPP,2737,452,283436
GPP,2738,452,283530
GPP,2739,452,283640
GPP,2740,452,283734
GPP,2741,452,283844
GPP,2742,452,283953
GPP,2743,452,284048
GPP,2744,452,284157
GPP,2745,452,284267
GPP,2746,452,284361
GPP,2747,452,284471
GPP,2748,452,284565
GPP,2749,452,284674
GPP,2750,452,284784
GPP,2751,452,284878
GPP,2752,452,284988
GPP,2753,452,285082
GPP,2754,452,285191
GPP,2755,452,285301
GPP,2756,452,285395
GPP,2757,452,285504
GPP,2758,452,285614
GPP,2759,452,285708
GPP,2760,452,285818
GPP,2761,452,285912
GPP,2762,452,286022
GPP,2763,452,286132
GPP,2764,452,286226
GPP,2765,452,286335
GPP,2766,452,286445
GPP,2767,452,286539
GPP,2768,452,286648
GPP,2769,452,286742
GPP,2770,452,286852
GPP,2771,452,286961
GPP,2772,452,287056
GPP,2773,452,287165
GPP,2774,452,287259
GPP,2775,452,287369
GPP,2776,452,287479
GPP,2777,452,287572
GPP,2778,452,287682
GPP,2779,452,287792
GPP,2780,452,287886
GPP,2781,452,287996
GPP,2782,452,288090
GPP,2783,452,288199
GPP,2784,452,288293
GPP,2785,452,288403
GPP,2786,452,288513
GPP,2787,452,288607
GPP,2788,452,288716
GPP,2789,452,288811
GPP,2790,452,288920
GPP,2791,452,289030
GPP,2792,452,289124
GPP,2793,452,289234
GPP,2794,452,289328
GPP,2795,452,289438
GPP,2796,452,289547
GPP,2797,452,289642
GPP,2798,452,289751
GPP,2799,452,289845
GPP,2800,452,289955
GPP,2801,452,290065
GPP,2802,452,290159
GPP,2803,452,290269
GPP,2804,452,290378
GPP,2805,452,290472
GPP,2806,452,290582
GPP,2807,452,290676
GPP,2808,452,290785
GPP,2809,452,290895
GPP,2810,452,290989
GPP,2811,452,291099
GPP,2812,452,291193
GPP,2813,452,291303
GPP,2814,452,291413
GPP,2815,452,291515
GPP,2816,452,291617
GPP,2817,452,291711
GPP,2818,452,291821
GPP,2819,452,291931
GPP,2820,452,292026
GPP,2821,452,292136
GPP,2822,452,292230
GPP,2823,452,292340
GPP,2824,452,292450
GPP,2825,452,292544
GPP,2826,452,292654
GPP,2827,452,292749
GPP,2828,452,292859
GPP,2829,452,292969
GPP,2830,452,293063
GPP,2831,452,293173
GPP,2832,452,293267
GPP,2833,452,293377
GPP,2834,452,293487
GPP,2835,452,293581
GPP,2836,452,293691
GPP,2837,452,293786
GPP,2838,452,293896
GPP,2839,452,293990
GPP,2840,452,294101
GPP,2841,452,294195
GPP,2842,452,294305
GPP,2843,452,294415
GPP,2844,452,294509
GPP,2845,452,294622
GPP,2846,452,294727
GPP,2847,452,294830
GPP,2848,452,294934
GPP,2849,452,295038
GPP,2850,452,295140
GPP,2851,452,295244
GPP,2852,452,295347
GPP,2853,452,295451
GPP,2854,452,295554
GPP,2855,452,295658
GPP,2856,452,295761
GPP,2857,452,295865
GPP,2858,452,295968
GPP,2859,452,296070
GPP,2860,452,296173
GPP,2861,452,296276
GPP,2862,452,296382
GPP,2863,452,296486
GPP,2864,452,296590
GPP,2865,452,296693
GPP,2866,452,296796
GPP,2867,452,296900
GPP,2868,452,297003
GPP,2869,452,297108
GPP,2870,452,297207
GPP,2871,452,297301
GPP,2872,452,297411
GPP,2873,452,297521
GPP,2874,452,297615
GPP,2875,452,297726
GPP,2876,452,297836
GPP,2877,452,297930
GPP,2878,452,298040
GPP,2879,452,298134
GPP,2880,452,298244
GPP,2881,452,298339
GPP,2882,452,298449
GPP,2883,452,298558
GPP,2884,452,298653
GPP,2885,452,298762
GPP,2886,452,298857
GPP,2887,452,298967
GPP,2888,452,299077
GPP,2889,452,299171
GPP,2890,452,299287
GPP,2891,452,299375
GPP,2892,452,299485
GPP,2893,452,299595
GPP,2894,452,299697
GPP,2895,452,299799
GPP,2896,452,299893
GPP,2897,452,300003
GPP,2898,452,300113
GPP,2899,452,300208
GPP,2900,452,300318
GPP,2901,452,300412
GPP,2902,452,300522
GPP,2903,452,300616
GPP,2904,452,300726
GPP,2905,452,300836
GPP,2906,452,300931
GPP,2907,452,301040
GPP,2908,452,301135
GPP,2909,452,301244
GPP,2910,452,301339
GPP,2911,452,301449
GPP,2912,452,301559
GPP,2913,452,301653
GPP,2914,452,301763
GPP,2915,452,301858
GPP,2916,452,301968
GPP,2917,452,302078
GPP,2918,452,302172
GPP,2919,452,302282
GPP,2920,452,302376
GPP,2921,452,302486
GPP,2922,452,302580
GPP,2923,452,302690
GPP,2924,452,302800
GPP,2925,452,302894
GPP,2926,452,303004
GPP,2927,452,303098
GPP,2928,452,303208
GPP,2929,452,303318
GPP,2930,452,303412
GPP,2931,452,303522
GPP,2932,452,303616
GPP,2933,452,303726
GPP,2934,452,303836
GPP,2935,452,303930
GPP,2936,452,304040
GPP,2937,452,304135
GPP,2938,452,304245
GPP,2939,452,304339
GPP,2940,452,304449
GPP,2941,452,304559
GPP,2942,452,304653
GPP,2943,452,304763
GPP,2944,452,304857
GPP,2945,452,304967
GPP,2946,452,305077
GPP,2947,452,305171
GPP,2948,452,305281
GPP,2949,452,305375
GPP,2950,452,305486
GPP,2951,452,305596
GPP,2952,452,305690
GPP,2953,452,305800
GPP,2954,452,305894
GPP,2955,452,306004
GPP,2956,452,306099
GPP,2957,452,306209
GPP,2958,452,306319
GPP,2959,452,306413
GPP,2960,452,306523
GPP,2961,452,306633
GPP,2962,452,306727
GPP,2963,452,306837
GPP,2964,452,306932
GPP,2965,452,307041
GPP,2966,452,307136
GPP,2967,452,307246
GPP,2968,452,307355
GPP,2969,452,307449
GPP,2970,452,307559
GPP,2971,452,307653
GPP,2972,452,307763
GPP,2973,452,307875
GPP,2974,452,307968
GPP,2975,452,308078
GPP,2976,452,308172
GPP,2977,452,308282
GPP,2978,452,308392
GPP,2979,452,308486
GPP,2980,452,308596
GPP,2981,452,308690
GPP,2982,452,308800
GPP,2983,452,308910
GPP,2984,452,309004
GPP,2985,452,309114
GPP,2986,452,309208
GPP,2987,452,309318
GPP,2988,452,309412
GPP,2989,452,309523
GPP,2990,452,309633
GPP,2991,452,309727
GPP,2992,452,309837
GPP,2993,452,309932
GPP,2994,452,310049
GPP,2995,452,310152
GPP,2996,452,310255
GPP,2997,452,310358
GPP,2998,452,310463
GPP,2999,452,310565
GPP,3000,452,310669
GPP,3001,452,310772
GPP,3002,452,310875
GPP,3003,452,310979
GPP,3004,452,311082
GPP,3005,452,311185
GPP,3006,452,311288
GPP,3007,452,311392
GPP,3008,452,311495
GPP,3009,452,311599
GPP,3010,452,311702
GPP,3011,452,311793
GPP,3012,452,311911
GPP,3013,452,312015
GPP,3014,452,312106
GPP,3015,452,312216
GPP,3016,452,312310
GPP,3017,452,312427
GPP,3018,452,312531
GPP,3019,452,312625
GPP,3020,452,312735
GPP,3021,452,312830
GPP,3022,452,312939
GPP,3023,452,313049
GPP,3024,452,313143
GPP,3025,452,313253
GPP,3026,452,313347
GPP,3027,452,313459
GPP,3028,452,313568
GPP,3029,452,313662
GPP,3030,452,313772
GPP,3031,452,313877
GPP,3032,452,313976
GPP,3033,452,314071
GPP,3034,452,314181
GPP,3035,452,314291
GPP,3036,452,314385
GPP,3037,452,314495
GPP,3038,452,314590
GPP,3039,452,314700
GPP,3040,452,314810
GPP,3041,452,314904
GPP,3042,452,315014
GPP,3043,452,315124
GPP,3044,452,315218
GPP,3045,452,315328
GPP,3046,452,315422
GPP,3047,452,315532
GPP,3048,452,315642
GPP,3049,452,315744
GPP,3050,452,315846
GPP,3051,452,315940
GPP,3052,452,316058
GPP,3053,452,316160
GPP,3054,452,316254
GPP,3055,452,316364
GPP,3056,452,316458
GPP,3057,452,316568
GPP,3058,452,316678
GPP,3059,452,316773
GPP,3060,452,316883
GPP,3061,452,316993
GPP,3062,452,317096
GPP,3063,452,317198
GPP,3064,452,317293
GPP,3065,452,317408
GPP,3066,452,317497
GPP,3067,452,317607
GPP,3068,452,317717
GPP,3069,452,317811
GPP,3070,452,317921
GPP,3071,452,318016
GPP,3072,452,318126
GPP,3073,452,318236
GPP,3074,452,318331
GPP,3075,452,318444
GPP,3076,452,318535
GPP,3077,452,318645
GPP,3078,452,318755
GPP,3079,452,318849
GPP,3080,452,318959
GPP,3081,452,319053
GPP,3082,452,319163
GPP,3083,452,319274
GPP,3084,452,319368
GPP,3085,452,319478
GPP,3086,452,319573
GPP,3087,452,319683
GPP,3088,452,319793
GPP,3089,452,319887
GPP,3090,452,319997
GPP,3091,452,320091
GPP,3092,452,320201
GPP,3093,452,320296
GPP,3094,452,320410
GPP,3095,452,320516
GPP,3096,452,320610
GPP,3097,452,320720
GPP,3098,452,320826
GPP,3099,452,320925
GPP,3100,452,321019
GPP,3101,452,321129
GPP,3102,452,321239
GPP,3103,452,321333
GPP,3104,452,321443
GPP,3105,452,321538
GPP,3106,452,321648
GPP,3107,452,321758
GPP,3108,452,321853
GPP,3109,452,321962
GPP,3110,452,322057
GPP,3111,452,322167
GPP,3112,452,322261
GPP,3113,452,322371
GPP,3114,452,322481
GPP,3115,452,322575
GPP,3116,452,322685
GPP,3117,452,322779
GPP,3118,452,322889
GPP,3119,452,322984
GPP,3120,452,323094
GPP,3121,452,323204
GPP,3122,452,323298
GPP,3123,452,323408
GPP,3124,452,323502
GPP,3125,452,323612
GPP,3126,452,323722
GPP,3127,452,323816
GPP,3128,452,323926
GPP,3129,452,324021
GPP,3130,452,324130
GPP,3131,452,324241
GPP,3132,452,324335
GPP,3133,452,324445
GPP,3134,452,324539
GPP,3135,452,324649
GPP,3136,452,324743
GPP,3137,452,324853
GPP,3138,452,324963
GPP,3139,452,325057
GPP,3140,452,325167
GPP,3141,452,325262
GPP,3142,452,325372
GPP,3143,452,325482
GPP,3144,452,325576
GPP,3145,452,325686
GPP,3146,452,325796
GPP,3147,452,325890
GPP,3148,452,326000
GPP,3149,452,326094
GPP,3150,452,326204
GPP,3151,452,326314
GPP,3152,452,326408
GPP,3153,452,326518
GPP,3154,452,326628
GPP,3155,452,326723
GPP,3156,452,326833
GPP,3157,452,326927
GPP,3158,452,327037
GPP,3159,452,327132
GPP,3160,452,327242
GPP,3161,452,327351
GPP,3162,452,327446
GPP,3163,452,327556
GPP,3164,452,327651
GPP,3165,452,327761
GPP,3166,452,327855
GPP,3167,452,327965
GPP,3168,452,328075
GPP,3169,452,328185
GPP,3170,452,328280
GPP,3171,452,328390
GPP,3172,452,328484
GPP,3173,452,328594
GPP,3174,452,328704
GPP,3175,452,328799
GPP,3176,452,328909
GPP,3177,452,329003
GPP,3178,452,329113
GPP,3179,452,329223
GPP,3180,452,329317
GPP,3181,452,329427
GPP,3182,452,329521
GPP,3183,452,329632
GPP,3184,452,329742
GPP,3185,452,329836
GPP,3186,452,329946
GPP,3187,452,330040
GPP,3188,452,330150
GPP,3189,452,330245
GPP,3190,452,330354
GPP,3191,452,330464
GPP,3192,452,330558
GPP,3193,452,330668
GPP,3194,452,330763
GPP,3195,452,330873
GPP,3196,452,330967
GPP,3197,452,331077
GPP,3198,452,331187
GPP,3199,452,331281
GPP,3200,452,331392
GPP,3201,452,331486
GPP,3202,452,331596
GPP,3203,452,331706
GPP,3204,452,331800
GPP,3205,452,331910
GPP,3206,452,332020
GPP,3207,452,332114
GPP,3208,452,332224
GPP,3209,452,332319
GPP,3210,452,332429
GPP,3211,452,332539
GPP,3212,452,332633
GPP,3213,452,332743
GPP,3214,452,332837
GPP,3215,452,332948
GPP,3216,452,333057
GPP,3217,452,333152
GPP,3218,452,333261
GPP,3219,452,333372
GPP,3220,452,333467
GPP,3221,452,333577
GPP,3222,452,333671
GPP,3223,452,333781
GPP,3224,452,333875
GPP,3225,452,333985
GPP,3226,452,334095
GPP,3227,452,334190
GPP,3228,452,334300
GPP,3229,452,334394
GPP,3230,452,334504
GPP,3231,452,334598
GPP,3232,452,334708
GPP,3233,452,334818
GPP,3234,452,334912
GPP,3235,452,335022
GPP,3236,452,335117
GPP,3237,452,335226
GPP,3238,452,335321
GPP,3239,452,335431
GPP,3240,452,335525
GPP,3241,452,335635
GPP,3242,452,335745
GPP,3243,452,335840
GPP,3244,452,335950
GPP,3245,452,336044
GPP,3246,452,336154
GPP,3247,452,336248
GPP,3248,452,336358
GPP,3249,452,336468
GPP,3250,452,336563
GPP,3251,452,336673
GPP,3252,452,336767
GPP,3253,452,336877
GPP,3254,452,336971
GPP,3255,452,337081
GPP,3256,452,337191
GPP,3257,452,337285
GPP,3258,452,337395
GPP,3259,452,337489
GPP,3260,452,337599
GPP,3261,452,337709
GPP,3262,452,337804
GPP,3263,452,337913
GPP,3264,452,338007
GPP,3265,452,338118
GPP,3266,452,338227
GPP,3267,452,338321
GPP,3268,452,338431
GPP,3269,452,338525
GPP,3270,452,338635
GPP,3271,452,338729
GPP,3272,452,338839
GPP,3273,452,338949
GPP,3274,452,339043
GPP,3275,452,339153
GPP,3276,452,339248
GPP,3277,452,339358
GPP,3278,452,339452
GPP,3279,452,339562
GPP,3280,452,339672
GPP,3281,452,339767
GPP,3282,452,339877
GPP,3283,452,339971
GPP,3284,452,340081
GPP,3285,452,340176
GPP,3286,452,340285
GPP,3287,452,340380
GPP,3288,452,340490
GPP,3289,452,340600
GPP,3290,452,340694
GPP,3291,452,340804
GPP,3292,452,340898
GPP,3293,452,341008
GPP,3294,452,341118
GPP,3295,452,341213
GPP,3296,452,341323
GPP,3297,452,341417
GPP,3298,452,341527
GPP,3299,452,341621
GPP,3300,452,341731
GPP,3301,452,341841
GPP,3302,452,341935
GPP,3303,452,342045
GPP,3304,452,342140
GPP,3305,452,342250
GPP,3306,452,342344
GPP,3307,452,342454
GPP,3308,452,342564
GPP,3309,452,342658
GPP,3310,452,342768
GPP,3311,452,342863
GPP,3312,452,342972
GPP,3313,452,343082
GPP,3314,452,343176
GPP,3315,452,343287
GPP,3316,452,343381
GPP,3317,452,343491
GPP,3318,452,343585
GPP,3319,452,343695
GPP,3320,452,343805
GPP,3321,452,343909
GPP,3322,452,344010
GPP,3323,452,344104
GPP,3324,452,344214
GPP,3325,452,344324
GPP,3326,452,344419
GPP,3327,452,344528
GPP,3328,452,344623
GPP,3329,452,344732
GPP,3330,452,344827
GPP,3331,452,344936
GPP,3332,452,345046
GPP,3333,452,345141
GPP,3334,452,345250
GPP,3335,452,345345
GPP,3336,452,345455
GPP,3337,452,345564
GPP,3338,452,345659
GPP,3339,452,345769
GPP,3340,452,345863
GPP,3341,452,345973
GPP,3342,452,346067
GPP,3343,452,346177
GPP,3344,452,346287
GPP,3345,452,346381
GPP,3346,452,346491
GPP,3347,452,346585
GPP,3348,452,346696
GPP,3349,452,346806
GPP,3350,452,346900
GPP,3351,452,347010
GPP,3352,452,347104
GPP,3353,452,347214
GPP,3354,452,347308
GPP,3355,452,347418
GPP,3356,452,347528
GPP,3357,452,347622
GPP,3358,452,347732
GPP,3359,452,347826
GPP,3360,452,347936
GPP,3361,452,348046
GPP,3362,452,348140
GPP,3363,452,348250
GPP,3364,452,348344
GPP,3365,452,348453
GPP,3366,452,348563
GPP,3367,452,348657
GPP,3368,452,348772
GPP,3369,452,348876
GPP,3370,452,348970
GPP,3371,452,349080
GPP,3372,452,349174
GPP,3373,452,349284
GPP,3374,452,349378
GPP,3375,452,349488
GPP,3376,452,349597
GPP,3377,452,349692
GPP,3378,452,349801
GPP,3379,452,349895
GPP,3380,452,350005
GPP,3381,452,350115
GPP,3382,452,350209
GPP,3383,452,350319
GPP,3384,452,350428
GPP,3385,452,350523
GPP,3386,452,350633
GPP,3387,452,350727
GPP,3388,452,350836
GPP,3389,452,350946
GPP,3390,452,351040
GPP,3391,452,351150
GPP,3392,452,351244
GPP,3393,452,351354
GPP,3394,452,351463
GPP,3395,452,351571
GPP,3396,452,351675
GPP,3397,452,351778
GPP,3398,452,351882
GPP,3399,452,351982
GPP,3400,452,352077
GPP,3401,452,352186
GPP,3402,452,352296
GPP,3403,452,352391
GPP,3404,452,352501
GPP,3405,452,352595
GPP,3406,452,352705
GPP,3407,452,352799
GPP,3408,452,352909
GPP,3409,452,353021
GPP,3410,452,353124
GPP,3411,452,353229
GPP,3412,452,353331
GPP,3413,452,353436
GPP,3414,452,353539
GPP,3415,452,353641
GPP,3416,452,353746
GPP,3417,452,353849
GPP,3418,452,353953
GPP,3419,452,354058
GPP,3420,452,354161
GPP,3421,452,354265
GPP,3422,452,354367
GPP,3423,452,354472
GPP,3424,452,354575
GPP,3425,452,354678
GPP,3426,452,354771
GPP,3427,452,354881
GPP,3428,452,354987
GPP,3429,452,355091
GPP,3430,452,355195
GPP,3431,452,355290
GPP,3432,452,355400
GPP,3433,452,355494
GPP,3434,452,355604
GPP,3435,452,355698
GPP,3436,452,355808
GPP,3437,452,355918
GPP,3438,452,356012
GPP,3439,452,356122
GPP,3440,452,356217
GPP,3441,452,356327
GPP,3442,452,356421
GPP,3443,452,356531
GPP,3444,452,356641
GPP,3445,452,356735
GPP,3446,452,356846
GPP,3447,452,356948
GPP,3448,452,357050
GPP,3449,452,357144
GPP,3450,452,357254
GPP,3451,452,357364
GPP,3452,452,357459
GPP,3453,452,357569
GPP,3454,452,357663
GPP,3455,452,357773
GPP,3456,452,357883
GPP,3457,452,357977
GPP,3458,452,358087
GPP,3459,452,358181
GPP,3460,452,358291
GPP,3461,452,358401
GPP,3462,452,358495
GPP,3463,452,358605
GPP,3464,452,358699
GPP,3465,452,358809
GPP,3466,452,358918
GPP,3467,452,359013
GPP,3468,452,359123
GPP,3469,452,359217
GPP,3470,452,359327
GPP,3471,452,359437
GPP,3472,452,359531
GPP,3473,452,359641
GPP,3474,452,359735
GPP,3475,452,359845
GPP,3476,452,359940
GPP,3477,452,360050
GPP,3478,452,360160
GPP,3479,452,360254
GPP,3480,452,360364
GPP,3481,452,360474
GPP,3482,452,360568
GPP,3483,452,360678
GPP,3484,452,360772
GPP,3485,452,360883
GPP,3486,452,360977
GPP,3487,452,361087
GPP,3488,452,361197
GPP,3489,452,361291
GPP,3490,452,361401
GPP,3491,452,361495
GPP,3492,452,361606
GPP,3493,452,361716
GPP,3494,452,361810
GPP,3495,452,361920
GPP,3496,452,362014
GPP,3497,452,362124
GPP,3498,452,362234
GPP,3499,452,362328
GPP,3500,452,362438
GPP,3501,452,362533
GPP,3502,452,362643
GPP,3503,452,362753
GPP,3504,452,362847
GPP,3505,452,362957
GPP,3506,452,363051
GPP,3507,452,363161
GPP,3508,452,363271
GPP,3509,452,363366
GPP,3510,452,363475
GPP,3511,452,363570
GPP,3512,452,363680
GPP,3513,452,363790
GPP,3514,452,363884
GPP,3515,452,363994
GPP,3516,452,364088
GPP,3517,452,364198
GPP,3518,452,364292
GPP,3519,452,364402
GPP,3520,452,364512
GPP,3521,452,364606
GPP,3522,452,364716
GPP,3523,452,364810
GPP,3524,452,364920
GPP,3525,452,365030
GPP,3526,452,365132
GPP,3527,452,365234
GPP,3528,452,365344
GPP,3529,452,365438
GPP,3530,452,365548
GPP,3531,452,365641
GPP,3532,452,365751
GPP,3533,452,365861
GPP,3534,452,365955
GPP,3535,452,366065
GPP,3536,452,366175
GPP,3537,452,366269
GPP,3538,452,366378
GPP,3539,452,366472
GPP,3540,452,366582
GPP,3541,452,366692
GPP,3542,452,366786
GPP,3543,452,366895
GPP,3544,452,367005
GPP,3545,452,367099
GPP,3546,452,367209
GPP,3547,452,367303
GPP,3548,452,367413
GPP,3549,452,367521
GPP,3550,452,367628
GPP,3551,452,367730
GPP,3552,452,367835
GPP,3553,452,367938
GPP,3554,452,368031
GPP,3555,452,368141
GPP,3556,452,368235
GPP,3557,452,368345
GPP,3558,452,368455
GPP,3559,452,368549
GPP,3560,452,368660
GPP,3561,452,368754
GPP,3562,452,368864
GPP,3563,452,368974
GPP,3564,452,369068
GPP,3565,452,369178
GPP,3566,452,369272
GPP,3567,452,369382
GPP,3568,452,369476
GPP,3569,452,369586
GPP,3570,452,369696
GPP,3571,452,369790
GPP,3572,452,369900
GPP,3573,452,369994
GPP,3574,452,370104
GPP,3575,452,370199
GPP,3576,452,370309
GPP,3577,452,370419
GPP,3578,452,370513
GPP,3579,452,370623
GPP,3580,452,370718
GPP,3581,452,370828
GPP,3582,452,370922
GPP,3583,452,371032
GPP,3584,452,371142
GPP,3585,452,371236
GPP,3586,452,371346
GPP,3587,452,371440
GPP,3588,452,371550
GPP,3589,452,371644
GPP,3590,452,371754
GPP,3591,452,371864
GPP,3592,452,371959
GPP,3593,452,372069
GPP,3594,452,372163
GPP,3595,452,372273
GPP,3596,452,372383
GPP,3597,452,372477
GPP,3598,452,372587
GPP,3599,452,372681
GPP,3600,452,372791
GPP,3601,452,372902
GPP,3602,452,372996
GPP,3603,452,373106
GPP,3604,452,373200
GPP,3605,452,373310
GPP,3606,452,373404
GPP,3607,452,373514
GPP,3608,452,373626
GPP,3609,452,373719
GPP,3610,452,373829
GPP,3611,452,373923
GPP,3612,452,374033
GPP,3613,452,374142
GPP,3614,452,374236
GPP,3615,452,374347
GPP,3616,452,374441
GPP,3617,452,374551
GPP,3618,452,374661
GPP,3619,452,374756
GPP,3620,452,374866
GPP,3621,452,374960
GPP,3622,452,375070
GPP,3623,452,375180
GPP,3624,452,375274
GPP,3625,452,375384
GPP,3626,452,375494
GPP,3627,452,375588
GPP,3628,452,375698
GPP,3629,452,375793
GPP,3630,452,375903
GPP,3631,452,375998
GPP,3632,452,376107
GPP,3633,452,376218
GPP,3634,452,376312
GPP,3635,452,376422
GPP,3636,452,376516
GPP,3637,452,376626
GPP,3638,452,376720
GPP,3639,452,376830
GPP,3640,452,376940
GPP,3641,452,377034
GPP,3642,452,377144
GPP,3643,452,377239
GPP,3644,452,377349
GPP,3645,452,377443
GPP,3646,452,377553
GPP,3647,452,377663
GPP,3648,452,377758
GPP,3649,452,377868
GPP,3650,452,377962
GPP,3651,452,378080
GPP,3652,452,378183
GPP,3653,452,378287
GPP,3654,452,378391
GPP,3655,452,378493
GPP,3656,452,378597
GPP,3657,452,378701
GPP,3658,452,378806
GPP,3659,452,378910
GPP,3660,452,379014
GPP,3661,452,379117
GPP,3662,452,379220
GPP,3663,452,379324
GPP,3664,452,379428
GPP,3665,452,379522
GPP,3666,452,379632
GPP,3667,452,379727
GPP,3668,452,379837
GPP,3669,452,379931
GPP,3670,452,380041
GPP,3671,452,380151
GPP,3672,452,380245
GPP,3673,452,380355
GPP,3674,452,380449
GPP,3675,452,380559
GPP,3676,452,380669
GPP,3677,452,380763
GPP,3678,452,380873
GPP,3679,452,380967
GPP,3680,452,381077
GPP,3681,452,381171
GPP,3682,452,381281
GPP,3683,452,381391
GPP,3684,452,381486
GPP,3685,452,381596
GPP,3686,452,381690
GPP,3687,452,381800
GPP,3688,452,381910
GPP,3689,452,382005
GPP,3690,452,382115
GPP,3691,452,382209
GPP,3692,452,382319
GPP,3693,452,382413
GPP,3694,452,382524
GPP,3695,452,382618
GPP,3696,452,382728
GPP,3697,452,382839
GPP,3698,452,382932
GPP,3699,452,383042
GPP,3700,452,383136
GPP,3701,452,383246
GPP,3702,452,383340
GPP,3703,452,383449
GPP,3704,452,383559
GPP,3705,452,383654
GPP,3706,452,383764
GPP,3707,452,383858
GPP,3708,452,383968
GPP,3709,452,384078
GPP,3710,452,384172
GPP,3711,452,384282
GPP,3712,452,384377
GPP,3713,452,384491
GPP,3714,452,384581
GPP,3715,452,384691
GPP,3716,452,384785
GPP,3717,452,384895
GPP,3718,452,385005
GPP,3719,452,385099
GPP,3720,452,385209
GPP,3721,452,385303
GPP,3722,452,385413
GPP,3723,452,385507
GPP,3724,452,385617
GPP,3725,452,385727
GPP,3726,452,385821
GPP,3727,452,385931
GPP,3728,452,386025
GPP,3729,452,386135
GPP,3730,452,386245
GPP,3731,452,386339
GPP,3732,452,386449
GPP,3733,452,386543
GPP,3734,452,386653
GPP,3735,452,386763
GPP,3736,452,386857
GPP,3737,452,386967
GPP,3738,452,387062
GPP,3739,452,387172
GPP,3740,452,387266
GPP,3741,452,387375
GPP,3742,452,387485
GPP,3743,452,387579
GPP,3744,452,387689
GPP,3745,452,387783
GPP,3746,452,387900
GPP,3747,452,388003
GPP,3748,452,388105
GPP,3749,452,388210
GPP,3750,452,388313
GPP,3751,452,388416
GPP,3752,452,388520
GPP,3753,452,388623
GPP,3754,452,388726
GPP,3755,452,388830
GPP,3756,452,388934
GPP,3757,452,389039
GPP,3758,452,389141
GPP,3759,452,389244
GPP,3760,452,389348
GPP,3761,452,389451
GPP,3762,452,389555
GPP,3763,452,389659
GPP,3764,452,389761
GPP,3765,452,389864
GPP,3766,452,389970
GPP,3767,452,390072
GPP,3768,452,390165
GPP,3769,452,390275
GPP,3770,452,390369
GPP,3771,452,390479
GPP,3772,452,390589
GPP,3773,452,390683
GPP,3774,452,390793
GPP,3775,452,390887
GPP,3776,452,390997
GPP,3777,452,391107
GPP,3778,452,391201
GPP,3779,452,391311
GPP,3780,452,391405
GPP,3781,452,391515
GPP,3782,452,391625
GPP,3783,452,391719
GPP,3784,452,391828
GPP,3785,452,391922
GPP,3786,452,392032
GPP,3787,452,392141
GPP,3788,452,392235
GPP,3789,452,392345
GPP,3790,452,392439
GPP,3791,452,392549
GPP,3792,452,392659
GPP,3793,452,392753
GPP,3794,452,392862
GPP,3795,452,392956
GPP,3796,452,393066
GPP,3797,452,393175
GPP,3798,452,393269
GPP,3799,452,393380
GPP,3800,452,393474
GPP,3801,452,393584
GPP,3802,452,393693
GPP,3803,452,393788
GPP,3804,452,393897
GPP,3805,452,393991
GPP,3806,452,394101
GPP,3807,452,394211
GPP,3808,452,394305
GPP,3809,452,394414
GPP,3810,452,394524
GPP,3811,452,394618
GPP,3812,452,394727
GPP,3813,452,394821
GPP,3814,452,394931
GPP,3815,452,395025
GPP,3816,452,395135
GPP,3817,452,395245
GPP,3818,452,395339
GPP,3819,452,395448
GPP,3820,452,395558
GPP,3821,452,395652
GPP,3822,452,395762
GPP,3823,452,395856
GPP,3824,452,395965
GPP,3825,452,396075
GPP,3826,452,396169
GPP,3827,452,396279
GPP,3828,452,396373
GPP,3829,452,396483
GPP,3830,452,396593
GPP,3831,452,396687
GPP,3832,452,396797
GPP,3833,452,396892
GPP,3834,452,397002
GPP,3835,452,397096
GPP,3836,452,397206
GPP,3837,452,397316
GPP,3838,452,397411
GPP,3839,452,397521
GPP,3840,452,397615
GPP,3841,452,397725
GPP,3842,452,397835
GPP,3843,452,397929
GPP,3844,452,398039
GPP,3845,452,398134
GPP,3846,452,398244
GPP,3847,452,398354
GPP,3848,452,398449
GPP,3849,452,398558
GPP,3850,452,398652
GPP,3851,452,398762
GPP,3852,452,398872
GPP,3853,452,398966
GPP,3854,452,399076
GPP,3855,452,399170
GPP,3856,452,399280
GPP,3857,452,399374
GPP,3858,452,399485
GPP,3859,452,399594
GPP,3860,452,399689
GPP,3861,452,399799
GPP,3862,452,399893
GPP,3863,452,400003
GPP,3864,452,400113
GPP,3865,452,400206
GPP,3866,452,400316
GPP,3867,452,400411
GPP,3868,452,400521
GPP,3869,452,400631
GPP,3870,452,400725
GPP,3871,452,400835
GPP,3872,452,400930
GPP,3873,452,401039
GPP,3874,452,401149
GPP,3875,452,401244
GPP,3876,452,401354
GPP,3877,452,401448
GPP,3878,452,401558
GPP,3879,452,401652
GPP,3880,452,401762
GPP,3881,452,401872
GPP,3882,452,401966
GPP,3883,452,402076
GPP,3884,452,402170
GPP,3885,452,402280
GPP,3886,452,402390
GPP,3887,452,402484
GPP,3888,452,402594
GPP,3889,452,402688
GPP,3890,452,402798
GPP,3891,452,402907
GPP,3892,452,403001
GPP,3893,452,403111
GPP,3894,452,403205
GPP,3895,452,403315
GPP,3896,452,403425
GPP,3897,452,403519
GPP,3898,452,403628
GPP,3899,452,403722
GPP,3900,452,403832
GPP,3901,452,403942
GPP,3902,452,404036
GPP,3903,452,404146
GPP,3904,452,404256
GPP,3905,452,404350
GPP,3906,452,404459
GPP,3907,452,404554
GPP,3908,452,404664
GPP,3909,452,404773
GPP,3910,452,404868
GPP,3911,452,404977
GPP,3912,452,405072
GPP,3913,452,405182
GPP,3914,452,405292
GPP,3915,452,405386
GPP,3916,452,405496
GPP,3917,452,405591
GPP,3918,452,405700
GPP,3919,452,405795
GPP,3920,452,405905
GPP,3921,452,406017
GPP,3922,452,406109
GPP,3923,452,406219
GPP,3924,452,406314
GPP,3925,452,406424
GPP,3926,452,406533
GPP,3927,452,406628
GPP,3928,452,406738
GPP,3929,452,406832
GPP,3930,452,406942
GPP,3931,452,407051
GPP,3932,452,407145
GPP,3933,452,407255
GPP,3934,452,407349
GPP,3935,452,407459
GPP,3936,452,407554
GPP,3937,452,407663
GPP,3938,452,407773
GPP,3939,452,407867
GPP,3940,452,407976
GPP,3941,452,408086
GPP,3942,452,408180
GPP,3943,452,408290
GPP,3944,452,408383
GPP,3945,452,408493
GPP,3946,452,408603
GPP,3947,452,408697
GPP,3948,452,408807
GPP,3949,452,408901
GPP,3950,452,409010
GPP,3951,452,409120
GPP,3952,452,409222
GPP,3953,452,409324
GPP,3954,452,409418
GPP,3955,452,409527
GPP,3956,452,409637
GPP,3957,452,409731
GPP,3958,452,409840
GPP,3959,452,409934
GPP,3960,452,410044
GPP,3961,452,410154
GPP,3962,452,410248
GPP,3963,452,410358
GPP,3964,452,410452
GPP,3965,452,410561
GPP,3966,452,410671
GPP,3967,452,410765
GPP,3968,452,410875
GPP,3969,452,410970
GPP,3970,452,411079
GPP,3971,452,411174
GPP,3972,452,411283
GPP,3973,452,411394
GPP,3974,452,411488
GPP,3975,452,411598
GPP,3976,452,411693
GPP,3977,452,411803
GPP,3978,452,411917
GPP,3979,452,412019
GPP,3980,452,412123
GPP,3981,452,412226
GPP,3982,452,412330
GPP,3983,452,412434
GPP,3984,452,412537
GPP,3985,452,412640
GPP,3986,452,412734
GPP,3987,452,412844
GPP,3988,452,412938
GPP,3989,452,413048
GPP,3990,452,413158
GPP,3991,452,413252
GPP,3992,452,413362
GPP,3993,452,413457
GPP,3994,452,413567
GPP,3995,452,413661
GPP,3996,452,413771
GPP,3997,452,413881
GPP,3998,452,413975
GPP,3999,452,414085
GPP,4000,452,414180
GPP,4001,452,414290
GPP,4002,452,414384
GPP,4003,452,414494
GPP,4004,452,414604
GPP,4005,452,414698
GPP,4006,452,414808
GPP,4007,452,414903
GPP,4008,452,415013
GPP,4009,452,415107
GPP,4010,452,415217
GPP,4011,452,415329
GPP,4012,452,415433
GPP,4013,452,415532
GPP,4014,452,415627
GPP,4015,452,415736
GPP,4016,452,415846
GPP,4017,452,415941
GPP,4018,452,416051
GPP,4019,452,416145
GPP,4020,452,416255
GPP,4021,452,416365
GPP,4022,452,416459
GPP,4023,452,416569
GPP,4024,452,416664
GPP,4025,452,416773
GPP,4026,452,416883
GPP,4027,452,416977
GPP,4028,452,417088
GPP,4029,452,417182
GPP,4030,452,417291
GPP,4031,452,417401
GPP,4032,452,417496
GPP,4033,452,417605
GPP,4034,452,417700
GPP,4035,452,417810
GPP,4036,452,417920
GPP,4037,452,418014
GPP,4038,452,418124
GPP,4039,452,418218
GPP,4040,452,418328
GPP,4041,452,418438
GPP,4042,452,418543
GPP,4043,452,418647
GPP,4044,452,418751
GPP,4045,452,418855
GPP,4046,452,418958
GPP,4047,452,419062
GPP,4048,452,419166
GPP,4049,452,419268
GPP,4050,452,419373
GPP,4051,452,419476
GPP,4052,452,419581
GPP,4053,452,419683
GPP,4054,452,419787
GPP,4055,452,419891
GPP,4056,452,419994
GPP,4057,452,420098
GPP,4058,452,420202
GPP,4059,452,420307
GPP,4060,452,420410
GPP,4061,452,420513
GPP,4062,452,420617
GPP,4063,452,420721
GPP,4064,452,420824
GPP,4065,452,420927
GPP,4066,452,421031
GPP,4067,452,421135
GPP,4068,452,421237
GPP,4069,452,421347
GPP,4070,452,421441
GPP,4071,452,421551
GPP,4072,452,421645
GPP,4073,452,421755
GPP,4074,452,421849
GPP,4075,452,421959
GPP,4076,452,422069
GPP,4077,452,422163
GPP,4078,452,422273
GPP,4079,452,422375
GPP,4080,452,422478
GPP,4081,452,422572
GPP,4082,452,422682
GPP,4083,452,422791
GPP,4084,452,422886
GPP,4085,452,422996
GPP,4086,452,423090
GPP,4087,452,423200
GPP,4088,452,423294
GPP,4089,452,423404
GPP,4090,452,423514
GPP,4091,452,423624
GPP,4092,452,423719
GPP,4093,452,423829
GPP,4094,452,423939
GPP,4095,452,424033
GPP,4096,452,424143
GPP,4097,452,424237
GPP,4098,452,424347
GPP,4099,452,424441
GPP,4100,452,424559
GPP,4101,452,424662
GPP,4102,452,424756
GPP,4103,452,424866
GPP,4104,452,424961
GPP,4105,452,425071
GPP,4106,452,425180
GPP,4107,452,425275
GPP,4108,452,425384
GPP,4109,452,425479
GPP,4110,452,425589
GPP,4111,452,425699
GPP,4112,452,425792
GPP,4113,452,425903
GPP,4114,452,425997
GPP,4115,452,426107
GPP,4116,452,426201
GPP,4117,452,426311
GPP,4118,452,426421
GPP,4119,452,426515
GPP,4120,452,426625
GPP,4121,452,426735
GPP,4122,452,426830
GPP,4123,452,426940
GPP,4124,452,427034
GPP,4125,452,427144
GPP,4126,452,427238
GPP,4127,452,427348
GPP,4128,452,427458
GPP,4129,452,427552
GPP,4130,452,427662
GPP,4131,452,427756
GPP,4132,452,427866
GPP,4133,452,427960
GPP,4134,452,428070
GPP,4135,452,428180
GPP,4136,452,428274
GPP,4137,452,428384
GPP,4138,452,428494
GPP,4139,452,428589
GPP,4140,452,428699
GPP,4141,452,428793
GPP,4142,452,428903
GPP,4143,452,428998
GPP,4144,452,429108
GPP,4145,452,429218
GPP,4146,452,429312
GPP,4147,452,429422
GPP,4148,452,429532
GPP,4149,452,429626
GPP,4150,452,429736
GPP,4151,452,429830
GPP,4152,452,429940
GPP,4153,452,430034
GPP,4154,452,430144
GPP,4155,452,430254
GPP,4156,452,430348
GPP,4157,452,430458
GPP,4158,452,430552
GPP,4159,452,430662
GPP,4160,452,430772
GPP,4161,452,430867
GPP,4162,452,430977
GPP,4163,452,431071
GPP,4164,452,431180
GPP,4165,452,431275
GPP,4166,452,431385
GPP,4167,452,431494
GPP,4168,452,431589
GPP,4169,452,431699
GPP,4170,452,431793
GPP,4171,452,431903
GPP,4172,452,432013
GPP,4173,452,432108
GPP,4174,452,432218
GPP,4175,452,432312
GPP,4176,452,432422
GPP,4177,452,432532
GPP,4178,452,432626
GPP,4179,452,432736
GPP,4180,452,432846
GPP,4181,452,432941
GPP,4182,452,433050
GPP,4183,452,433145
GPP,4184,452,433255
GPP,4185,452,433365
GPP,4186,452,433459
GPP,4187,452,433569
GPP,4188,452,433664
GPP,4189,452,433774
GPP,4190,452,433884
GPP,4191,452,433978
GPP,4192,452,434088
GPP,4193,452,434182
GPP,4194,452,434292
GPP,4195,452,434387
GPP,4196,452,434497
GPP,4197,452,434607
GPP,4198,452,434701
GPP,4199,452,434811
GPP,4200,452,434921
GPP,4201,452,435015
GPP,4202,452,435125
GPP,4203,452,435235
GPP,4204,452,435329
GPP,4205,452,435439
GPP,4206,452,435533
GPP,4207,452,435643
GPP,4208,452,435753
GPP,4209,452,435847
GPP,4210,452,435957
GPP,4211,452,436051
GPP,4212,452,436161
GPP,4213,452,436271
GPP,4214,452,436366
GPP,4215,452,436475
GPP,4216,452,436570
GPP,4217,452,436680
GPP,4218,452,436790
GPP,4219,452,436884
GPP,4220,452,436994
GPP,4221,452,437088
GPP,4222,452,437198
GPP,4223,452,437293
GPP,4224,452,437403
GPP,4225,452,437513
GPP,4226,452,437608
GPP,4227,452,437717
GPP,4228,452,437812
GPP,4229,452,437921
GPP,4230,452,438031
GPP,4231,452,438125
GPP,4232,452,438236
GPP,4233,452,438330
GPP,4234,452,438440
GPP,4235,452,438550
GPP,4236,452,438644
GPP,4237,452,438754
GPP,4238,452,438849
GPP,4239,452,438959
GPP,4240,452,439053
GPP,4241,452,439163
GPP,4242,452,439273
GPP,4243,452,439367
GPP,4244,452,439477
GPP,4245,452,439571
GPP,4246,452,439689
GPP,4247,452,439791
GPP,4248,452,439885
GPP,4249,452,439995
GPP,4250,452,440098
GPP,4251,452,440200
GPP,4252,452,440310
GPP,4253,452,440404
GPP,4254,452,440514
GPP,4255,452,440608
GPP,4256,452,440718
GPP,4257,452,440828
GPP,4258,452,440922
GPP,4259,452,441032
GPP,4260,452,441126
GPP,4261,452,441236
GPP,4262,452,441346
GPP,4263,452,441440
GPP,4264,452,441550
GPP,4265,452,441644
GPP,4266,452,441762
GPP,4267,452,441865
GPP,4268,452,441969
GPP,4269,452,442072
GPP,4270,452,442176
GPP,4271,452,442279
GPP,4272,452,442386
GPP,4273,452,442489
GPP,4274,452,442594
GPP,4275,452,442698
GPP,4276,452,442802
GPP,4277,452,442906
GPP,4278,452,443009
GPP,4279,452,443111
GPP,4280,452,443205
GPP,4281,452,443315
GPP,4282,452,443425
GPP,4283,452,443519
GPP,4284,452,443628
GPP,4285,452,443722
GPP,4286,452,443832
GPP,4287,452,443942
GPP,4288,452,444036
GPP,4289,452,444145
GPP,4290,452,444239
GPP,4291,452,444349
GPP,4292,452,444459
GPP,4293,452,444553
GPP,4294,452,444663
GPP,4295,452,444757
GPP,4296,452,444866
GPP,4297,452,444976
GPP,4298,452,445070
GPP,4299,452,445179
GPP,4300,452,445273
GPP,4301,452,445383
GPP,4302,452,445493
GPP,4303,452,445587
GPP,4304,452,445696
GPP,4305,452,445790
GPP,4306,452,445900
GPP,4307,452,446009
GPP,4308,452,446103
GPP,4309,452,446213
GPP,4310,452,446307
GPP,4311,452,446417
GPP,4312,452,446527
GPP,4313,452,446621
GPP,4314,452,446730
GPP,4315,452,446824
GPP,4316,452,446934
GPP,4317,452,447043
GPP,4318,452,447137
GPP,4319,452,447247
GPP,4320,452,447341
GPP,4321,452,447450
GPP,4322,452,447560
GPP,4323,452,447654
GPP,4324,452,447764
GPP,4325,452,447873
GPP,4326,452,447967
GPP,4327,452,448077
GPP,4328,452,448171
GPP,4329,452,448281
GPP,4330,452,448390
GPP,4331,452,448484
GPP,4332,452,448594
GPP,4333,452,448688
GPP,4334,452,448798
GPP,4335,452,448907
GPP,4336,452,449001
GPP,4337,452,449111
GPP,4338,452,449220
GPP,4339,452,449314
GPP,4340,452,449424
GPP,4341,452,449534
GPP,4342,452,449628
GPP,4343,452,449738
GPP,4344,452,449847
GPP,4345,452,449941
GPP,4346,452,450051
GPP,4347,452,450145
GPP,4348,452,450255
GPP,4349,452,450364
GPP,4350,452,450458
GPP,4351,452,450568
GPP,4352,452,450678
GPP,4353,452,450772
GPP,4354,452,450881
GPP,4355,452,450976
GPP,4356,452,451085
GPP,4357,452,451195
GPP,4358,452,451289
GPP,4359,452,451399
GPP,4360,452,451493
GPP,4361,452,451603
GPP,4362,452,451712
GPP,4363,452,451806
GPP,4364,452,451916
GPP,4365,452,452026
GPP,4366,452,452120
GPP,4367,452,452230
GPP,4368,452,452325
GPP,4369,452,452435
GPP,4370,452,452529
GPP,4371,452,452639
GPP,4372,452,452749
GPP,4373,452,452844
GPP,4374,452,452953
GPP,4375,452,453048
GPP,4376,452,453158
GPP,4377,452,453268
GPP,4378,452,453362
GPP,4379,452,453472
GPP,4380,452,453566
GPP,4381,452,453676
GPP,4382,452,453771
GPP,4383,452,453880
GPP,4384,452,453990
GPP,4385,452,454084
GPP,4386,452,454194
GPP,4387,452,454304
GPP,4388,452,454398
GPP,4389,452,454508
GPP,4390,452,454602
GPP,4391,452,454712
GPP,4392,452,454806
GPP,4393,452,454916
GPP,4394,452,455026
GPP,4395,452,455120
GPP,4396,452,455230
GPP,4397,452,455324
GPP,4398,452,455434
GPP,4399,452,455543
GPP,4400,452,455637
GPP,4401,452,455747
GPP,4402,452,455856
GPP,4403,452,455951
GPP,4404,452,456060
GPP,4405,452,456154
GPP,4406,452,456264
GPP,4407,452,456373
GPP,4408,452,456468
GPP,4409,452,456578
GPP,4410,452,456672
GPP,4411,452,456781
GPP,4412,452,456891
GPP,4413,452,456985
GPP,4414,452,457094
GPP,4415,452,457188
GPP,4416,452,457298
GPP,4417,452,457407
GPP,4418,452,457502
GPP,4419,452,457611
GPP,4420,452,457705
GPP,4421,452,457822
GPP,4422,452,457925
GPP,4423,452,458019
GPP,4424,452,458128
GPP,4425,452,458222
GPP,4426,452,458332
GPP,4427,452,458441
GPP,4428,452,458536
GPP,4429,452,458645
GPP,4430,452,458739
GPP,4431,452,458849
GPP,4432,452,458958
GPP,4433,452,459052
GPP,4434,452,459162
GPP,4435,452,459257
GPP,4436,452,459367
GPP,4437,452,459477
GPP,4438,452,459571
GPP,4439,452,459681
GPP,4440,452,459775
GPP,4441,452,459886
GPP,4442,452,459995
GPP,4443,452,460090
GPP,4444,452,460200
GPP,4445,452,460294
GPP,4446,452,460404
GPP,4447,452,460498
GPP,4448,452,460608
GPP,4449,452,460719
GPP,4450,452,460813
GPP,4451,452,460923
GPP,4452,452,461017
GPP,4453,452,461127
GPP,4454,452,461221
GPP,4455,452,461331
GPP,4456,452,461441
GPP,4457,452,461536
GPP,4458,452,461646
GPP,4459,452,461740
GPP,4460,452,461849
GPP,4461,452,461944
GPP,4462,452,462054
GPP,4463,452,462164
GPP,4464,452,462258
GPP,4465,452,462368
GPP,4466,452,462478
GPP,4467,452,462572
GPP,4468,452,462683
GPP,4469,452,462777
GPP,4470,452,462887
GPP,4471,452,462981
GPP,4472,452,463091
GPP,4473,452,463201
GPP,4474,452,463295
GPP,4475,452,463405
GPP,4476,452,463500
GPP,4477,452,463610
GPP,4478,452,463704
GPP,4479,452,463814
GPP,4480,452,463923
GPP,4481,452,464018
GPP,4482,452,464128
GPP,4483,452,464222
GPP,4484,452,464332
GPP,4485,452,464441
GPP,4486,452,464536
GPP,4487,452,464646
GPP,4488,452,464740
GPP,4489,452,464850
GPP,4490,452,464960
GPP,4491,452,465054
GPP,4492,452,465164
GPP,4493,452,465259
GPP,4494,452,465369
GPP,4495,452,465463
GPP,4496,452,465573
GPP,4497,452,465683
GPP,4498,452,465777
GPP,4499,452,465887
GPP,4500,452,465981
GPP,4501,452,466091
GPP,4502,452,466185
GPP,4503,452,466295
GPP,4504,452,466405
GPP,4505,452,466499
GPP,4506,452,466609
GPP,4507,452,466703
GPP,4508,452,466813
GPP,4509,452,466923
GPP,4510,452,467017
GPP,4511,452,467127
GPP,4512,452,467221
GPP,4513,452,467331
GPP,4514,452,467441
GPP,4515,452,467535
GPP,4516,452,467645
GPP,4517,452,467739
GPP,4518,452,467850
GPP,4519,452,467944
GPP,4520,452,468054
GPP,4521,452,468164
GPP,4522,452,468258
GPP,4523,452,468369
GPP,4524,452,468463
GPP,4525,452,468573
GPP,4526,452,468667
GPP,4527,452,468777
GPP,4528,452,468887
GPP,4529,452,468981
GPP,4530,452,469091
GPP,4531,452,469185
GPP,4532,452,469295
GPP,4533,452,469405
GPP,4534,452,469499
GPP,4535,452,469609
GPP,4536,452,469703
GPP,4537,452,469813
GPP,4538,452,469923
GPP,4539,452,470018
GPP,4540,452,470128
GPP,4541,452,470222
GPP,4542,452,470332
GPP,4543,452,470426
GPP,4544,452,470536
GPP,4545,452,470646
GPP,4546,452,470740
GPP,4547,452,470850
GPP,4548,452,470945
GPP,4549,452,471054
GPP,4550,452,471165
GPP,4551,452,471259
GPP,4552,452,471369
GPP,4553,452,471463
GPP,4554,452,471573
GPP,4555,452,471667
GPP,4556,452,471777
GPP,4557,452,471887
GPP,4558,452,471981
GPP,4559,452,472091
GPP,4560,452,472186
GPP,4561,452,472296
GPP,4562,452,472390
GPP,4563,452,472500
GPP,4564,452,472610
GPP,4565,452,472704
GPP,4566,452,472818
GPP,4567,452,472908
GPP,4568,452,473018
GPP,4569,452,473128
GPP,4570,452,473223
GPP,4571,452,473332
GPP,4572,452,473427
GPP,4573,452,473537
GPP,4574,452,473648
GPP,4575,452,473750
GPP,4576,452,473854
GPP,4577,452,473958
GPP,4578,452,474063
GPP,4579,452,474166
GPP,4580,452,474271
GPP,4581,452,474374
GPP,4582,452,474479
GPP,4583,452,474582
GPP,4584,452,474686
GPP,4585,452,474790
GPP,4586,452,474893
GPP,4587,452,474996
GPP,4588,452,475101
GPP,4589,452,475204
GPP,4590,452,475307
GPP,4591,452,475411
GPP,4592,452,475515
GPP,4593,452,475619
GPP,4594,452,475722
GPP,4595,452,475826
GPP,4596,452,475929
GPP,4597,452,476032
GPP,4598,452,476135
GPP,4599,452,476239
GPP,4600,452,476342
GPP,4601,452,476446
GPP,4602,452,476550
GPP,4603,452,476654
GPP,4604,452,476757
GPP,4605,452,476860
GPP,4606,452,476963
GPP,4607,452,477067
GPP,4608,452,477170
GPP,4609,452,477273
GPP,4610,452,477377
GPP,4611,452,477481
GPP,4612,452,477583
GPP,4613,452,477687
GPP,4614,452,477790
GPP,4615,452,477892
GPP,4616,452,477997
GPP,4617,452,478100
GPP,4618,452,478203
GPP,4619,452,478307
GPP,4620,452,478406
GPP,4621,452,478500
GPP,4622,452,478610
GPP,4623,452,478720
GPP,4624,452,478815
GPP,4625,452,478925
GPP,4626,452,479019
GPP,4627,452,479129
GPP,4628,452,479223
GPP,4629,452,479333
GPP,4630,452,479443
GPP,4631,452,479537
GPP,4632,452,479647
GPP,4633,452,479741
GPP,4634,452,479851
GPP,4635,452,479961
GPP,4636,452,480055
GPP,4637,452,480165
GPP,4638,452,480259
GPP,4639,452,480369
GPP,4640,452,480463
GPP,4641,452,480573
GPP,4642,452,480683
GPP,4643,452,480778
GPP,4644,452,480888
GPP,4645,452,480982
GPP,4646,452,481092
GPP,4647,452,481202
GPP,4648,452,481297
GPP,4649,452,481407
GPP,4650,452,481501
GPP,4651,452,481611
GPP,4652,452,481705
GPP,4653,452,481815
GPP,4654,452,481925
GPP,4655,452,482019
GPP,4656,452,482129
GPP,4657,452,482223
GPP,4658,452,482333
GPP,4659,452,482428
GPP,4660,452,482538
GPP,4661,452,482648
GPP,4662,452,482743
GPP,4663,452,482853
GPP,4664,452,482947
GPP,4665,452,483057
GPP,4666,452,483167
GPP,4667,452,483261
GPP,4668,452,483370
GPP,4669,452,483465
GPP,4670,452,483574
GPP,4671,452,483684
GPP,4672,452,483778
GPP,4673,452,483888
GPP,4674,452,483983
GPP,4675,452,484093
GPP,4676,452,484203
GPP,4677,452,484297
GPP,4678,452,484407
GPP,4679,452,484501
GPP,4680,452,484611
GPP,4681,452,484706
GPP,4682,452,484823
GPP,4683,452,484926
GPP,4684,452,485020
GPP,4685,452,485130
GPP,4686,452,485224
GPP,4687,452,485334
GPP,4688,452,485428
GPP,4689,452,485538
GPP,4690,452,485648
GPP,4691,452,485743
GPP,4692,452,485852
GPP,4693,452,485947
GPP,4694,452,486063
GPP,4695,452,486169
GPP,4696,452,486273
GPP,4697,452,486376
GPP,4698,452,486479
GPP,4699,452,486583
GPP,4700,452,486688
GPP,4701,452,486782
GPP,4702,452,486892
GPP,4703,452,486986
GPP,4704,452,487095
GPP,4705,452,487205
GPP,4706,452,487299
GPP,4707,452,487408
GPP,4708,452,487518
GPP,4709,452,487612
GPP,4710,452,487722
GPP,4711,452,487816
GPP,4712,452,487926
GPP,4713,452,488036
GPP,4714,452,488130
GPP,4715,452,488239
GPP,4716,452,488349
GPP,4717,452,488443
GPP,4718,452,488552
GPP,4719,452,488662
GPP,4720,452,488767
GPP,4721,452,488871
GPP,4722,452,488973
GPP,4723,452,489077
GPP,4724,452,489180
GPP,4725,452,489287
GPP,4726,452,489389
GPP,4727,452,489494
GPP,4728,452,489596
GPP,4729,452,489700
GPP,4730,452,489803
GPP,4731,452,489897
GPP,4732,452,490007
GPP,4733,452,490101
GPP,4734,452,490211
GPP,4735,452,490321
GPP,4736,452,490415
GPP,4737,452,490529
GPP,4738,452,490620
GPP,4739,452,490730
GPP,4740,452,490824
GPP,4741,452,490934
GPP,4742,452,491045
GPP,4743,452,491139
GPP,4744,452,491249
GPP,4745,452,491343
GPP,4746,452,491453
GPP,4747,452,491563
GPP,4748,452,491657
GPP,4749,452,491768
GPP,4750,452,491862
GPP,4751,452,491972
GPP,4752,452,492066
GPP,4753,452,492176
GPP,4754,452,492285
GPP,4755,452,492380
GPP,4756,452,492490
GPP,4757,452,492584
GPP,4758,452,492694
GPP,4759,452,492789
GPP,4760,452,492899
GPP,4761,452,493009
GPP,4762,452,493103
GPP,4763,452,493213
GPP,4764,452,493323
GPP,4765,452,493418
GPP,4766,452,493527
GPP,4767,452,493622
GPP,4768,452,493732
GPP,4769,452,493826
GPP,4770,452,493936
GPP,4771,452,494046
GPP,4772,452,494140
GPP,4773,452,494250
GPP,4774,452,494344
GPP,4775,452,494454
GPP,4776,452,494565
GPP,4777,452,494659
GPP,4778,452,494769
GPP,4779,452,494863
GPP,4780,452,494973
GPP,4781,452,495083
GPP,4782,452,495177
GPP,4783,452,495287
GPP,4784,452,495397
GPP,4785,452,495492
GPP,4786,452,495601
GPP,4787,452,495696
GPP,4788,452,495806
GPP,4789,452,495900
GPP,4790,452,496010
GPP,4791,452,496120
GPP,4792,452,496214
GPP,4793,452,496324
GPP,4794,452,496434
GPP,4795,452,496528
GPP,4796,452,496638
GPP,4797,452,496732
GPP,4798,452,496842
GPP,4799,452,496937
GPP,4800,452,497047
GPP,4801,452,497157
GPP,4802,452,497251
GPP,4803,452,497361
GPP,4804,452,497455
GPP,4805,452,497565
GPP,4806,452,497659
GPP,4807,452,497769
GPP,4808,452,497879
GPP,4809,452,497973
GPP,4810,452,498083
GPP,4811,452,498177
GPP,4812,452,498287
GPP,4813,452,498397
GPP,4814,452,498492
GPP,4815,452,498602
GPP,4816,452,498696
GPP,4817,452,498806
GPP,4818,452,498916
GPP,4819,452,499010
GPP,4820,452,499121
GPP,4821,452,499215
GPP,4822,452,499325
GPP,4823,452,499420
GPP,4824,452,499530
GPP,4825,452,499639
GPP,4826,452,499734
GPP,4827,452,499844
GPP,4828,452,499938
GPP,4829,452,500048
GPP,4830,452,500158
GPP,4831,452,500252
GPP,4832,452,500363
GPP,4833,452,500457
GPP,4834,452,500567
GPP,4835,452,500677
GPP,4836,452,500787
GPP,4837,452,500881
GPP,4838,452,500991
GPP,4839,452,501086
GPP,4840,452,501196
GPP,4841,452,501306
GPP,4842,452,501400
GPP,4843,452,501510
GPP,4844,452,501604
GPP,4845,452,501714
GPP,4846,452,501824
GPP,4847,452,501918
GPP,4848,452,502027
GPP,4849,452,502121
GPP,4850,452,502231
GPP,4851,452,502340
GPP,4852,452,502434
GPP,4853,452,502544
GPP,4854,452,502638
GPP,4855,452,502748
GPP,4856,452,502858
GPP,4857,452,502952
GPP,4858,452,503062
GPP,4859,452,503156
GPP,4860,452,503265
GPP,4861,452,503359
GPP,4862,452,503469
GPP,4863,452,503579
GPP,4864,452,503673
GPP,4865,452,503783
GPP,4866,452,503892
GPP,4867,452,503986
GPP,4868,452,504096
GPP,4869,452,504190
GPP,4870,452,504300
GPP,4871,452,504410
GPP,4872,452,504504
GPP,4873,452,504614
GPP,4874,452,504707
GPP,4875,452,504818
GPP,4876,452,504928
GPP,4877,452,505022
GPP,4878,452,505131
GPP,4879,452,505225
GPP,4880,452,505335
GPP,4881,452,505444
GPP,4882,452,505539
GPP,4883,452,505649
GPP,4884,452,505743
GPP,4885,452,505853
GPP,4886,452,505947
GPP,4887,452,506057
GPP,4888,452,506166
GPP,4889,452,506260
GPP,4890,452,506370
GPP,4891,452,506464
GPP,4892,452,506574
GPP,4893,452,506683
GPP,4894,452,506777
GPP,4895,452,506891
GPP,4896,452,506981
GPP,4897,452,507091
GPP,4898,452,507200
GPP,4899,452,507294
GPP,4900,452,507404
GPP,4901,452,507499
GPP,4902,452,507608
GPP,4903,452,507703
GPP,4904,452,507813
GPP,4905,452,507923
GPP,4906,452,508017
GPP,4907,452,508127
GPP,4908,452,508221
GPP,4909,452,508331
GPP,4910,452,508426
GPP,4911,452,508535
GPP,4912,452,508646
GPP,4913,452,508740
GPP,4914,452,508850
GPP,4915,452,508944
GPP,4916,452,509054
GPP,4917,452,509164
GPP,4918,452,509258
GPP,4919,452,509368
GPP,4920,452,509462
GPP,4921,452,509572
GPP,4922,452,509667
GPP,4923,452,509777
GPP,4924,452,509887
GPP,4925,452,509981
GPP,4926,452,510091
GPP,4927,452,510185
GPP,4928,452,510295
GPP,4929,452,510405
GPP,4930,452,510499
GPP,4931,452,510610
GPP,4932,452,510704
GPP,4933,452,510814
GPP,4934,452,510908
GPP,4935,452,511018
GPP,4936,452,511128
GPP,4937,452,511222
GPP,4938,452,511332
GPP,4939,452,511426
GPP,4940,452,511536
GPP,4941,452,511646
GPP,4942,452,511740
GPP,4943,452,511849
GPP,4944,452,511944
GPP,4945,452,512054
GPP,4946,452,512148
GPP,4947,452,512258
GPP,4948,452,512369
GPP,4949,452,512463
GPP,4950,452,512573
GPP,4951,452,512667
GPP,4952,452,512777
GPP,4953,452,512887
GPP,4954,452,512981
GPP,4955,452,513091
GPP,4956,452,513185
GPP,4957,452,513295
GPP,4958,452,513389
GPP,4959,452,513500
GPP,4960,452,513610
GPP,4961,452,513712
GPP,4962,452,513814
GPP,4963,452,513908
GPP,4964,452,514018
GPP,4965,452,514128
GPP,4966,452,514222
GPP,4967,452,514332
GPP,4968,452,514426
GPP,4969,452,514536
GPP,4970,452,514646
GPP,4971,452,514741
GPP,4972,452,514851
GPP,4973,452,514945
GPP,4974,452,515055
GPP,4975,452,515165
GPP,4976,452,515259
GPP,4977,452,515369
GPP,4978,452,515464
GPP,4979,452,515574
GPP,4980,452,515668
GPP,4981,452,515778
GPP,4982,452,515888
GPP,4983,452,515982
GPP,4984,452,516093
GPP,4985,452,516203
GPP,4986,452,516297
GPP,4987,452,516407
GPP,4988,452,516517
GPP,4989,452,516611
GPP,4990,452,516721
GPP,4991,452,516815
GPP,4992,452,516926
GPP,4993,452,517036
GPP,4994,452,517130
GPP,4995,452,517240
GPP,4996,452,517334
GPP,4997,452,517445
GPP,4998,452,517555
GPP,4999,452,517649
QAP,0,4354,0
QAP,1,4292,203
QAP,2,4244,407
QAP,3,4244,611
QAP,4,4244,814
QAP,5,4244,1002
QAP,6,4220,1206
QAP,7,4220,1410
QAP,8,4220,1613
QAP,9,4220,1817
QAP,10,4220,2005
QAP,11,4220,2208
QAP,12,4220,2412
QAP,13,4220,2616
QAP,14,4220,2820
QAP,15,4216,3007
QAP,16,4216,3211
QAP,17,4216,3414
QAP,18,4216,3618
QAP,19,4200,3806
QAP,20,4194,4011
QAP,21,4194,4215
QAP,22,4194,4420
QAP,23,4194,4608
QAP,24,4194,4812
QAP,25,4176,5017
QAP,26,4176,5221
QAP,27,4176,5410
QAP,28,4158,5614
QAP,29,4158,5818
QAP,30,4158,6007
QAP,31,4158,6211
QAP,32,4158,6415
QAP,33,4100,6619
QAP,34,4100,6808
QAP,35,4088,7012
QAP,36,4036,7216
QAP,37,4036,7419
QAP,38,4036,7623
QAP,39,4036,7811
QAP,40,4036,8014
QAP,41,4036,8218
QAP,42,4036,8421
QAP,43,4036,8625
QAP,44,4028,8813
QAP,45,4028,9017
QAP,46,4028,9221
QAP,47,4028,9425
QAP,48,4028,9628
QAP,49,4028,9832
QAP,50,4028,10020
QAP,51,4028,10223
QAP,52,4028,10427
QAP,53,4028,10630
QAP,54,4028,10818
QAP,55,4028,11022
QAP,56,4028,11226
QAP,57,4028,11429
QAP,58,4028,11633
QAP,59,4028,11821
QAP,60,4028,12025
QAP,61,3988,12229
QAP,62,3988,12432
QAP,63,3988,12636
QAP,64,3988,12824
QAP,65,3988,13028
QAP,66,3988,13232
QAP,67,3888,13435
QAP,68,3888,13624
QAP,69,3888,13837
QAP,70,3888,14033
QAP,71,3888,14237
QAP,72,3888,14426
QAP,73,3888,14630
QAP,74,3888,14834
QAP,75,3884,15023
QAP,76,3884,15227
QAP,77,3884,15430
QAP,78,3884,15635
QAP,79,3884,15838
QAP,80,3884,16027
QAP,81,3852,16231
QAP,82,3852,16436
QAP,83,3852,16624
QAP,84,3852,16828
QAP,85,3818,17032
QAP,86,3818,17237
QAP,87,3818,17425
QAP,88,3818,17629
QAP,89,3818,17833
QAP,90,3818,18022
QAP,91,3818,18226
QAP,92,3810,18430
QAP,93,3810,18634
QAP,94,3798,18822
QAP,95,3774,19027
QAP,96,3774,19231
QAP,97,3774,19435
QAP,98,3774,19624
QAP,99,3774,19828
QAP,100,3774,20032
QAP,101,3774,20236
QAP,102,3774,20425
QAP,103,3774,20629
QAP,104,3774,20833
QAP,105,3772,21037
QAP,106,3772,21241
QAP,107,3668,21429
QAP,108,3636,21634
QAP,109,3636,21838
QAP,110,3636,22043
QAP,111,3636,22231
QAP,112,3636,22435
QAP,113,3636,22640
QAP,114,3636,22828
QAP,115,3636,23033
QAP,116,3636,23237
QAP,117,3636,23441
QAP,118,3636,23630
QAP,119,3632,23834
QAP,120,3632,24038
QAP,121,3632,24242
QAP,122,3632,24442
QAP,123,3632,24641
QAP,124,3592,24840
QAP,125,3592,25040
QAP,126,3592,25240
QAP,127,3592,25441
QAP,128,3588,25641
QAP,129,3588,25842
QAP,130,3588,26042
QAP,131,3588,26241
QAP,132,3588,26441
QAP,133,3588,26641
QAP,134,3588,26842
QAP,135,3570,27041
QAP,136,3570,27241
QAP,137,3570,27429
QAP,138,3570,27634
QAP,139,3570,27837
QAP,140,3570,28042
QAP,141,3570,28230
QAP,142,3570,28434
QAP,143,3570,28638
QAP,144,3570,28827
QAP,145,3570,29031
QAP,146,3570,29235
QAP,147,3570,29439
QAP,148,3570,29628
QAP,149,3570,29833
QAP,150,3570,30037
QAP,151,3526,30242
QAP,152,3526,30444
QAP,153,3526,30644
QAP,154,3526,30844
QAP,155,3526,31045
QAP,156,3492,31243
QAP,157,3492,31444
QAP,158,3492,31633
QAP,159,3492,31837
QAP,160,3492,32045
QAP,161,3492,32230
QAP,162,3492,32434
QAP,163,3492,32638
QAP,164,3492,32842
QAP,165,3486,33031
QAP,166,3486,33245
QAP,167,3486,33445
QAP,168,3486,33645
QAP,169,3486,33846
QAP,170,3486,34044
QAP,171,3486,34245
QAP,172,3486,34433
QAP,173,3450,34637
QAP,174,3412,34842
QAP,175,3412,35030
QAP,176,3412,35234
QAP,177,3412,35438
QAP,178,3412,35642
QAP,179,3412,35831
QAP,180,3412,36035
QAP,181,3412,36240
QAP,182,3390,36428
QAP,183,3390,36632
QAP,184,3390,36836
QAP,185,3390,37041
QAP,186,3390,37229
QAP,187,3390,37433
QAP,188,3390,37637
QAP,189,3390,37842
QAP,190,3390,38031
QAP,191,3352,38235
QAP,192,3352,38439
QAP,193,3352,38628
QAP,194,3352,38832
QAP,195,3352,39036
QAP,196,3352,39225
QAP,197,3352,39429
QAP,198,3328,39633
QAP,199,3328,39837
QAP,200,3324,40026
QAP,201,3202,40230
QAP,202,3202,40434
QAP,203,3202,40638
QAP,204,3202,40826
QAP,205,3202,41030
QAP,206,3202,41235
QAP,207,3192,41439
QAP,208,3178,41628
QAP,209,3178,41832
QAP,210,3178,42036
QAP,211,3178,42240
QAP,212,3178,42429
QAP,213,3178,42633
QAP,214,3178,42837
QAP,215,3178,43026
QAP,216,3178,43230
QAP,217,3176,43434
QAP,218,3150,43638
QAP,219,3142,43843
QAP,220,3142,44031
QAP,221,3142,44236
QAP,222,3130,44440
QAP,223,3130,44644
QAP,224,3112,44833
QAP,225,3112,45037
QAP,226,3112,45242
QAP,227,3112,45430
QAP,228,3112,45634
QAP,229,3112,45839
QAP,230,3112,46043
QAP,231,3112,46247
QAP,232,3112,46435
QAP,233,3078,46639
QAP,234,3078,46844
QAP,235,3048,47032
QAP,236,3048,47236
QAP,237,3048,47440
QAP,238,3048,47644
QAP,239,3048,47849
QAP,240,3048,48038
QAP,241,3048,48242
QAP,242,3048,48446
QAP,243,3048,48635
QAP,244,3008,48839
QAP,245,3008,49044
QAP,246,3008,49233
QAP,247,3008,49437
QAP,248,3008,49641
QAP,249,3008,49845
QAP,250,2974,50034
QAP,251,2974,50238
QAP,252,2974,50442
QAP,253,2974,50631
QAP,254,2974,50835
QAP,255,2974,51040
QAP,256,2974,51228
QAP,257,2974,51432
QAP,258,2974,51636
QAP,259,2974,51839
QAP,260,2970,52043
QAP,261,2970,52231
QAP,262,2970,52435
QAP,263,2970,52639
QAP,264,2970,52843
QAP,265,2970,53032
QAP,266,2928,53236
QAP,267,2928,53440
QAP,268,2928,53645
QAP,269,2928,53833
QAP,270,2926,54038
QAP,271,2926,54242
QAP,272,2926,54446
QAP,273,2926,54635
QAP,274,2926,54839
QAP,275,2810,55043
QAP,276,2810,55232
QAP,277,2810,55436
QAP,278,2810,55640
QAP,279,2810,55845
QAP,280,2810,56033
QAP,281,2810,56237
QAP,282,2810,56442
QAP,283,2810,56630
QAP,284,2810,56834
QAP,285,2810,57038
QAP,286,2810,57243
QAP,287,2810,57447
QAP,288,2810,57635
QAP,289,2810,57840
QAP,290,2732,58044
QAP,291,2712,58248
QAP,292,2712,58444
QAP,293,2712,58641
QAP,294,2712,58844
QAP,295,2712,59033
QAP,296,2712,59238
QAP,297,2712,59442
QAP,298,2712,59646
QAP,299,2712,59834
QAP,300,2712,60038
QAP,301,2712,60242
QAP,302,2712,60445
QAP,303,2680,60633
QAP,304,2680,60837
QAP,305,2680,61040
QAP,306,2638,61244
QAP,307,2614,61432
QAP,308,2614,61636
QAP,309,2614,61839
QAP,310,2614,62043
QAP,311,2614,62231
QAP,312,2614,62436
QAP,313,2614,62640
QAP,314,2614,62844
QAP,315,2614,63033
QAP,316,2576,63237
QAP,317,2576,63441
QAP,318,2576,63630
QAP,319,2576,63834
QAP,320,2576,64038
QAP,321,2576,64226
QAP,322,2576,64431
QAP,323,2576,64635
QAP,324,2556,64839
QAP,325,2556,65027
QAP,326,2556,65231
QAP,327,2556,65435
QAP,328,2482,65623
QAP,329,2482,65827
QAP,330,2452,66030
QAP,331,2380,66234
QAP,332,2380,66422
QAP,333,2380,66626
QAP,334,2380,66830
QAP,335,2380,67033
QAP,336,2380,67238
QAP,337,2380,67426
QAP,338,2360,67631
QAP,339,2360,67835
QAP,340,2360,68023
QAP,341,2322,68227
QAP,342,2322,68432
QAP,343,2322,68620
QAP,344,2322,68824
QAP,345,2322,69028
QAP,346,2318,69216
QAP,347,2308,69420
QAP,348,2298,69624
QAP,349,2298,69828
QAP,350,2298,70015
QAP,351,2298,70219
QAP,352,2298,70423
QAP,353,2268,70627
QAP,354,2268,70830
QAP,355,2268,71018
QAP,356,2268,71222
QAP,357,2238,71426
QAP,358,2238,71630
QAP,359,2238,71819
QAP,360,2238,72023
QAP,361,2238,72227
QAP,362,2238,72431
QAP,363,2238,72619
QAP,364,2238,72823
QAP,365,2238,73027
QAP,366,2238,73231
QAP,367,2238,73419
QAP,368,2238,73623
QAP,369,2238,73827
QAP,370,2238,74031
QAP,371,2238,74219
QAP,372,2238,74423
QAP,373,2238,74626
QAP,374,2238,74830
QAP,375,2238,75034
QAP,376,2238,75222
QAP,377,2212,75426
QAP,378,2212,75630
QAP,379,2212,75833
QAP,380,2212,76021
QAP,381,2212,76225
QAP,382,2188,76429
QAP,383,2188,76632
QAP,384,2188,76820
QAP,385,2188,77024
QAP,386,2188,77228
QAP,387,2174,77416
QAP,388,2150,77620
QAP,389,2150,77824
QAP,390,2150,78012
QAP,391,2150,78216
QAP,392,2142,78420
QAP,393,2128,78624
QAP,394,2128,78812
QAP,395,2126,79015
QAP,396,2098,79219
QAP,397,2032,79407
QAP,398,2032,79610
QAP,399,2032,79815
QAP,400,2032,80018
QAP,401,2032,80206
QAP,402,2032,80410
QAP,403,1986,80615
QAP,404,1986,80818
QAP,405,1986,81006
QAP,406,1986,81210
QAP,407,1986,81414
QAP,408,1986,81618
QAP,409,1986,81806
QAP,410,1948,82010
QAP,411,1948,82213
QAP,412,1948,82417
QAP,413,1948,82605
QAP,414,1948,82809
QAP,415,1948,83012
QAP,416,1948,83216
QAP,417,1948,83404
QAP,418,1948,83616
QAP,419,1948,83812
QAP,420,1948,84015
QAP,421,1948,84219
QAP,422,1948,84407
QAP,423,1948,84611
QAP,424,1948,84815
QAP,425,1948,85018
QAP,426,1948,85220
QAP,427,1948,85421
QAP,428,1948,85620
QAP,429,1948,85823
QAP,430,1948,86011
QAP,431,1948,86215
QAP,432,1948,86419
QAP,433,1948,86622
QAP,434,1948,86810
QAP,435,1938,87014
QAP,436,1938,87218
QAP,437,1938,87422
QAP,438,1938,87625
QAP,439,1936,87813
QAP,440,1936,88017
QAP,441,1936,88220
QAP,442,1936,88424
QAP,443,1936,88612
QAP,444,1936,88816
QAP,445,1936,89020
QAP,446,1922,89224
QAP,447,1922,89412
QAP,448,1922,89617
QAP,449,1922,89822
QAP,450,1922,90010
QAP,451,1922,90214
QAP,452,1922,90419
QAP,453,1922,90623
QAP,454,1884,90811
QAP,455,1884,91015
QAP,456,1884,91220
QAP,457,1884,91408
QAP,458,1884,91613
QAP,459,1884,91817
QAP,460,1884,92005
QAP,461,1884,92210
QAP,462,1848,92414
QAP,463,1848,92603
QAP,464,1848,92807
QAP,465,1848,93011
QAP,466,1848,93199
QAP,467,1848,93403
QAP,468,1848,93608
QAP,469,1848,93797
QAP,470,1848,94001
QAP,471,1838,94207
QAP,472,1838,94410
QAP,473,1838,94598
QAP,474,1764,94803
QAP,475,1764,95007
QAP,476,1764,95196
QAP,477,1764,95400
QAP,478,1764,95604
QAP,479,1764,95793
QAP,480,1764,95997
QAP,481,1764,96201
QAP,482,1764,96389
QAP,483,1764,96602
QAP,484,1764,96802
QAP,485,1764,97002
QAP,486,1754,97201
QAP,487,1750,97402
QAP,488,1750,97601
QAP,489,1750,97803
QAP,490,1744,98004
QAP,491,1744,98202
QAP,492,1740,98390
QAP,493,1714,98594
QAP,494,1714,98799
QAP,495,1700,98995
QAP,496,1700,99191
QAP,497,1700,99395
QAP,498,1696,99584
QAP,499,1696,99788
QAP,500,1696,99992
QAP,501,1696,100196
QAP,502,1696,100384
QAP,503,1696,100589
QAP,504,1696,100793
QAP,505,1696,100997
QAP,506,1696,101185
QAP,507,1696,101390
QAP,508,1696,101594
QAP,509,1696,101798
QAP,510,1696,101987
QAP,511,1696,102192
QAP,512,1650,102396
QAP,513,1650,102600
QAP,514,1650,102789
QAP,515,1650,102993
QAP,516,1650,103197
QAP,517,1642,103386
QAP,518,1642,103590
QAP,519,1642,103794
QAP,520,1620,103982
QAP,521,1620,104187
QAP,522,1620,104391
QAP,523,1620,104579
QAP,524,1620,104791
QAP,525,1620,104988
QAP,526,1620,105176
QAP,527,1620,105380
QAP,528,1620,105585
QAP,529,1620,105774
QAP,530,1620,105978
QAP,531,1604,106182
QAP,532,1604,106371
QAP,533,1570,106576
QAP,534,1536,106780
QAP,535,1536,106984
QAP,536,1536,107173
QAP,537,1536,107377
QAP,538,1536,107581
QAP,539,1536,107770
QAP,540,1536,107975
QAP,541,1536,108179
QAP,542,1536,108367
QAP,543,1536,108572
QAP,544,1536,108776
QAP,545,1536,108965
QAP,546,1536,109169
QAP,547,1536,109373
QAP,548,1536,109562
QAP,549,1536,109766
QAP,550,1536,109970
QAP,551,1536,110175
QAP,552,1536,110363
QAP,553,1536,110567
QAP,554,1536,110772
QAP,555,1536,110960
QAP,556,1528,111165
QAP,557,1504,111369
QAP,558,1504,111570
QAP,559,1504,111769
QAP,560,1504,111971
QAP,561,1504,112172
QAP,562,1504,112370
QAP,563,1504,112570
QAP,564,1504,112768
QAP,565,1486,112968
QAP,566,1486,113167
QAP,567,1452,113365
QAP,568,1452,113564
QAP,569,1452,113764
QAP,570,1452,113964
QAP,571,1452,114164
QAP,572,1452,114362
QAP,573,1442,114561
QAP,574,1442,114761
QAP,575,1414,114959
QAP,576,1350,115157
QAP,577,1350,115345
QAP,578,1350,115550
QAP,579,1312,115754
QAP,580,1276,115958
QAP,581,1276,116147
QAP,582,1242,116351
QAP,583,1242,116556
QAP,584,1242,116761
QAP,585,1208,116961
QAP,586,1208,117161
QAP,587,1208,117361
QAP,588,1206,117559
QAP,589,1174,117756
QAP,590,1174,117960
QAP,591,1174,118149
QAP,592,1174,118353
QAP,593,1174,118557
QAP,594,1174,118746
QAP,595,1174,118949
QAP,596,1174,119154
QAP,597,1174,119342
QAP,598,1160,119547
QAP,599,1160,119751
QAP,600,1160,119939
QAP,601,1160,120143
QAP,602,1160,120347
QAP,603,1160,120551
QAP,604,1160,120740
QAP,605,1160,120944
QAP,606,1160,121148
QAP,607,1160,121337
QAP,608,1160,121541
QAP,609,1160,121745
QAP,610,1160,121934
QAP,611,1160,122138
QAP,612,1160,122342
QAP,613,1160,122546
QAP,614,1160,122747
QAP,615,1160,122946
QAP,616,1160,123145
QAP,617,1160,123345
QAP,618,1160,123545
QAP,619,1160,123744
QAP,620,1160,123943
QAP,621,1160,124143
QAP,622,1160,124345
QAP,623,1160,124544
QAP,624,1160,124744
QAP,625,1160,124943
QAP,626,1160,125142
QAP,627,1160,125341
QAP,628,1160,125540
QAP,629,1160,125739
QAP,630,1160,125938
QAP,631,1160,126129
QAP,632,1160,126334
QAP,633,1160,126522
QAP,634,1124,126727
QAP,635,1124,126931
QAP,636,1124,127119
QAP,637,1114,127324
QAP,638,1114,127528
QAP,639,1106,127716
QAP,640,1106,127920
QAP,641,1106,128124
QAP,642,1106,128313
QAP,643,1106,128517
QAP,644,1062,128721
QAP,645,1036,128910
QAP,646,1036,129114
QAP,647,1036,129320
QAP,648,1036,129507
QAP,649,1036,129711
QAP,650,1032,129915
QAP,651,1014,130104
QAP,652,1014,130308
QAP,653,1014,130513
QAP,654,1014,130701
QAP,655,1014,130905
QAP,656,1014,131110
QAP,657,1014,131298
QAP,658,1014,131503
QAP,659,1014,131707
QAP,660,1014,131895
QAP,661,1014,132100
QAP,662,1000,132304
QAP,663,1000,132508
QAP,664,1000,132696
QAP,665,1000,132901
QAP,666,1000,133105
QAP,667,1000,133294
QAP,668,1000,133498
QAP,669,1000,133702
QAP,670,1000,133906
QAP,671,1000,134095
QAP,672,1000,134299
QAP,673,1000,134503
QAP,674,1000,134691
QAP,675,1000,134896
QAP,676,1000,135100
QAP,677,1000,135289
QAP,678,1000,135493
QAP,679,1000,135697
QAP,680,978,135886
QAP,681,978,136090
QAP,682,978,136294
QAP,683,978,136499
QAP,684,978,136687
QAP,685,978,136891
QAP,686,978,137096
QAP,687,978,137284
QAP,688,978,137497
QAP,689,978,137693
QAP,690,978,137897
QAP,691,978,138088
QAP,692,978,138289
QAP,693,978,138493
QAP,694,978,138682
QAP,695,978,138886
QAP,696,978,139090
QAP,697,978,139295
QAP,698,978,139483
QAP,699,978,139687
QAP,700,978,139892
QAP,701,978,140080
QAP,702,978,140285
QAP,703,978,140489
QAP,704,978,140693
QAP,705,978,140881
QAP,706,978,141085
QAP,707,978,141289
QAP,708,978,141478
QAP,709,978,141683
QAP,710,978,141886
QAP,711,978,142090
QAP,712,978,142278
QAP,713,962,142481
QAP,714,962,142685
QAP,715,962,142889
QAP,716,962,143077
QAP,717,962,143280
QAP,718,962,143484
QAP,719,962,143673
QAP,720,962,143876
QAP,721,946,144080
QAP,722,940,144283
QAP,723,940,144472
QAP,724,936,144675
QAP,725,936,144879
QAP,726,936,145067
QAP,727,928,145271
QAP,728,900,145474
QAP,729,900,145679
QAP,730,882,145866
QAP,731,882,146070
QAP,732,882,146274
QAP,733,882,146477
QAP,734,878,146665
QAP,735,878,146869
QAP,736,878,147072
QAP,737,878,147260
QAP,738,872,147464
QAP,739,872,147668
QAP,740,862,147872
QAP,741,862,148060
QAP,742,824,148264
QAP,743,824,148468
QAP,744,824,148672
QAP,745,816,148860
QAP,746,816,149063
QAP,747,816,149267
QAP,748,816,149471
QAP,749,816,149658
QAP,750,816,149862
QAP,751,816,150066
QAP,752,816,150254
QAP,753,816,150457
QAP,754,796,150661
QAP,755,796,150865
QAP,756,796,151053
QAP,757,796,151257
QAP,758,796,151461
QAP,759,796,151664
QAP,760,796,151853
QAP,761,796,152056
QAP,762,796,152260
QAP,763,796,152463
QAP,764,796,152668
QAP,765,796,152856
QAP,766,796,153061
QAP,767,796,153265
QAP,768,796,153454
QAP,769,796,153669
QAP,770,796,153869
QAP,771,796,154069
QAP,772,796,154273
QAP,773,796,154462
QAP,774,796,154666
QAP,775,796,154871
QAP,776,796,155059
QAP,777,796,155264
QAP,778,796,155468
QAP,779,796,155672
QAP,780,796,155873
QAP,781,796,156072
QAP,782,796,156272
QAP,783,796,156473
QAP,784,796,156675
QAP,785,796,156873
QAP,786,796,157072
QAP,787,796,157271
QAP,788,796,157471
QAP,789,796,157671
QAP,790,796,157872
QAP,791,796,158072
QAP,792,796,158270
QAP,793,796,158472
QAP,794,796,158659
QAP,795,796,158870
QAP,796,796,159069
QAP,797,796,159268
QAP,798,796,159468
QAP,799,796,159667
QAP,800,796,159865
QAP,801,796,160067
QAP,802,796,160265
QAP,803,796,160465
QAP,804,784,160664
QAP,805,784,160863
QAP,806,784,161062
QAP,807,784,161260
QAP,808,784,161458
QAP,809,784,161659
QAP,810,784,161858
QAP,811,780,162048
QAP,812,772,162253
QAP,813,772,162441
QAP,814,772,162646
QAP,815,772,162850
QAP,816,772,163039
QAP,817,772,163243
QAP,818,758,163447
QAP,819,758,163636
QAP,820,758,163848
QAP,821,758,164045
QAP,822,746,164233
QAP,823,746,164438
QAP,824,746,164642
QAP,825,736,164830
QAP,826,736,165034
QAP,827,736,165238
QAP,828,736,165427
QAP,829,736,165631
QAP,830,732,165836
QAP,831,726,166040
QAP,832,726,166229
QAP,833,726,166433
QAP,834,726,166622
QAP,835,726,166826
QAP,836,726,167030
QAP,837,708,167218
QAP,838,708,167422
QAP,839,708,167626
QAP,840,708,167831
QAP,841,708,168019
QAP,842,708,168224
QAP,843,708,168412
QAP,844,708,168616
QAP,845,708,168821
QAP,846,704,169009
QAP,847,704,169213
QAP,848,698,169418
QAP,849,686,169623
QAP,850,686,169811
QAP,851,686,170015
QAP,852,686,170220
QAP,853,686,170408
QAP,854,686,170613
QAP,855,686,170817
QAP,856,686,171006
QAP,857,686,171210
QAP,858,686,171414
QAP,859,686,171603
QAP,860,680,171807
QAP,861,680,172012
QAP,862,680,172201
QAP,863,680,172405
QAP,864,674,172609
QAP,865,674,172814
QAP,866,674,173002
QAP,867,674,173207
QAP,868,674,173411
QAP,869,674,173600
QAP,870,674,173804
QAP,871,674,174008
QAP,872,674,174213
QAP,873,674,174401
QAP,874,674,174605
QAP,875,668,174810
QAP,876,668,175014
QAP,877,668,175202
QAP,878,668,175407
QAP,879,668,175611
QAP,880,668,175799
QAP,881,668,176003
QAP,882,668,176207
QAP,883,668,176412
QAP,884,668,176600
QAP,885,662,176805
QAP,886,662,177009
QAP,887,662,177198
QAP,888,662,177402
QAP,889,662,177606
QAP,890,662,177811
QAP,891,662,177999
QAP,892,648,178203
QAP,893,648,178407
QAP,894,648,178596
QAP,895,648,178800
QAP,896,648,179004
QAP,897,648,179209
QAP,898,648,179397
QAP,899,648,179602
QAP,900,648,179806
QAP,901,648,179995
QAP,902,648,180199
QAP,903,648,180403
QAP,904,648,180592
QAP,905,648,180796
QAP,906,648,181000
QAP,907,648,181205
QAP,908,648,181393
QAP,909,648,181598
QAP,910,648,181802
QAP,911,648,181991
QAP,912,648,182195
QAP,913,648,182400
QAP,914,648,182604
QAP,915,648,182792
QAP,916,648,182997
QAP,917,648,183202
QAP,918,648,183390
QAP,919,648,183594
QAP,920,648,183798
QAP,921,648,184002
QAP,922,648,184191
QAP,923,648,184395
QAP,924,648,184599
QAP,925,648,184803
QAP,926,648,184992
QAP,927,648,185196
QAP,928,648,185400
QAP,929,648,185589
QAP,930,648,185793
QAP,931,648,185997
QAP,932,648,186186
QAP,933,648,186390
QAP,934,642,186595
QAP,935,642,186784
QAP,936,642,186988
QAP,937,642,187193
QAP,938,642,187381
QAP,939,642,187586
QAP,940,642,187790
QAP,941,642,187978
QAP,942,642,188183
QAP,943,642,188388
QAP,944,642,188576
QAP,945,638,188780
QAP,946,638,188984
QAP,947,638,189189
QAP,948,624,189377
QAP,949,624,189581
QAP,950,624,189770
QAP,951,624,189974
QAP,952,622,190178
QAP,953,614,190367
QAP,954,614,190571
QAP,955,612,190776
QAP,956,612,190964
QAP,957,612,191168
QAP,958,604,191357
QAP,959,604,191561
QAP,960,602,191765
QAP,961,590,191954
QAP,962,580,192158
QAP,963,570,192362
QAP,964,570,192551
QAP,965,570,192755
QAP,966,570,192959
QAP,967,570,193147
QAP,968,570,193351
QAP,969,570,193556
QAP,970,570,193760
QAP,971,570,193949
QAP,972,570,194152
QAP,973,570,194356
QAP,974,570,194544
QAP,975,570,194748
QAP,976,570,194952
QAP,977,554,195155
QAP,978,554,195343
QAP,979,554,195547
QAP,980,554,195750
QAP,981,554,195938
QAP,982,554,196142
QAP,983,554,196346
QAP,984,554,196549
QAP,985,554,196753
QAP,986,554,196941
QAP,987,554,197145
QAP,988,540,197348
QAP,989,540,197552
QAP,990,540,197756
QAP,991,540,197944
QAP,992,540,198147
QAP,993,540,198351
QAP,994,540,198555
QAP,995,540,198758
QAP,996,540,198947
QAP,997,540,199150
QAP,998,540,199354
QAP,999,540,199558
QAP,1000,540,199746
QAP,1001,540,199950
QAP,1002,540,200153
QAP,1003,534,200357
QAP,1004,534,200545
QAP,1005,534,200748
QAP,1006,534,200952
QAP,1007,534,201156
QAP,1008,534,201359
QAP,1009,534,201547
QAP,1010,534,201751
QAP,1011,534,201955
QAP,1012,534,202158
QAP,1013,534,202362
QAP,1014,534,202550
QAP,1015,534,202754
QAP,1016,534,202957
QAP,1017,534,203161
QAP,1018,534,203349
QAP,1019,534,203553
QAP,1020,534,203756
QAP,1021,534,203961
QAP,1022,534,204149
QAP,1023,534,204352
QAP,1024,534,204556
QAP,1025,534,204760
QAP,1026,534,204963
QAP,1027,534,205167
QAP,1028,534,205356
QAP,1029,534,205560
QAP,1030,534,205764
QAP,1031,534,205952
QAP,1032,534,206156
QAP,1033,534,206360
QAP,1034,534,206564
QAP,1035,534,206753
QAP,1036,534,206957
QAP,1037,534,207161
QAP,1038,534,207350
QAP,1039,534,207554
QAP,1040,534,207758
QAP,1041,534,207947
QAP,1042,534,208151
QAP,1043,534,208355
QAP,1044,534,208544
QAP,1045,534,208748
QAP,1046,534,208952
QAP,1047,534,209141
QAP,1048,534,209345
QAP,1049,534,209549
QAP,1050,534,209737
QAP,1051,534,209941
QAP,1052,524,210146
QAP,1053,524,210334
QAP,1054,524,210539
QAP,1055,524,210742
QAP,1056,524,210930
QAP,1057,524,211134
QAP,1058,524,211338
QAP,1059,524,211526
QAP,1060,518,211729
QAP,1061,502,211933
QAP,1062,502,212121
QAP,1063,502,212325
QAP,1064,502,212529
QAP,1065,502,212733
QAP,1066,498,212921
QAP,1067,498,213124
QAP,1068,488,213328
QAP,1069,484,213532
QAP,1070,482,213720
QAP,1071,480,213924
QAP,1072,480,214128
QAP,1073,480,214331
QAP,1074,480,214519
QAP,1075,470,214723
QAP,1076,470,214927
QAP,1077,470,215115
QAP,1078,470,215319
QAP,1079,470,215523
QAP,1080,470,215726
QAP,1081,462,215914
QAP,1082,462,216118
QAP,1083,462,216322
QAP,1084,462,216510
QAP,1085,462,216713
QAP,1086,462,216917
QAP,1087,462,217120
QAP,1088,462,217308
QAP,1089,462,217512
QAP,1090,462,217716
QAP,1091,456,217921
QAP,1092,456,218108
QAP,1093,456,218311
QAP,1094,456,218515
QAP,1095,456,218718
QAP,1096,456,218906
QAP,1097,456,219110
QAP,1098,456,219314
QAP,1099,456,219517
QAP,1100,456,219705
QAP,1101,454,219909
QAP,1102,454,220113
QAP,1103,454,220316
QAP,1104,454,220520
QAP,1105,454,220708
QAP,1106,454,220912
QAP,1107,454,221115
QAP,1108,454,221319
QAP,1109,454,221522
QAP,1110,454,221710
QAP,1111,454,221914
QAP,1112,454,222118
QAP,1113,454,222322
QAP,1114,454,222510
QAP,1115,454,222713
QAP,1116,454,222917
QAP,1117,454,223120
QAP,1118,454,223309
QAP,1119,454,223513
QAP,1120,454,223717
QAP,1121,454,223921
QAP,1122,454,224125
QAP,1123,454,224328
QAP,1124,454,224516
QAP,1125,454,224719
QAP,1126,454,224923
QAP,1127,454,225127
QAP,1128,454,225315
QAP,1129,454,225519
QAP,1130,454,225722
QAP,1131,454,225926
QAP,1132,454,226114
QAP,1133,454,226318
QAP,1134,454,226522
QAP,1135,454,226725
QAP,1136,454,226929
QAP,1137,454,227134
QAP,1138,454,227336
QAP,1139,454,227526
QAP,1140,454,227730
QAP,1141,454,227935
QAP,1142,454,228124
QAP,1143,454,228328
QAP,1144,454,228533
QAP,1145,454,228721
QAP,1146,454,228926
QAP,1147,454,229130
QAP,1148,454,229334
QAP,1149,454,229523
QAP,1150,454,229727
QAP,1151,454,229931
QAP,1152,454,230135
QAP,1153,454,230323
QAP,1154,454,230527
QAP,1155,454,230731
QAP,1156,454,230920
QAP,1157,454,231124
QAP,1158,454,231328
QAP,1159,454,231533
QAP,1160,454,231721
QAP,1161,454,231925
QAP,1162,454,232129
QAP,1163,454,232334
QAP,1164,454,232522
QAP,1165,454,232726
QAP,1166,454,232930
QAP,1167,454,233119
QAP,1168,454,233323
QAP,1169,454,233512
QAP,1170,454,233716
QAP,1171,454,233920
QAP,1172,454,234109
QAP,1173,454,234313
QAP,1174,454,234517
QAP,1175,454,234706
QAP,1176,454,234910
QAP,1177,452,235115
QAP,1178,452,235303
QAP,1179,452,235507
QAP,1180,452,235712
QAP,1181,452,235900
QAP,1182,452,236104
QAP,1183,452,236293
QAP,1184,452,236497
QAP,1185,452,236702
QAP,1186,444,236890
QAP,1187,444,237094
QAP,1188,442,237299
QAP,1189,442,237487
QAP,1190,442,237691
QAP,1191,442,237896
QAP,1192,442,238084
QAP,1193,442,238288
QAP,1194,442,238492
QAP,1195,442,238681
QAP,1196,442,238885
QAP,1197,442,239074
QAP,1198,442,239278
QAP,1199,442,239483
QAP,1200,442,239671
QAP,1201,442,239876
QAP,1202,442,240080
QAP,1203,442,240269
QAP,1204,442,240472
QAP,1205,442,240676
QAP,1206,442,240865
QAP,1207,440,241069
QAP,1208,430,241273
QAP,1209,430,241462
QAP,1210,428,241666
QAP,1211,428,241871
QAP,1212,428,242075
QAP,1213,428,242263
QAP,1214,428,242468
QAP,1215,428,242671
QAP,1216,428,242860
QAP,1217,428,243064
QAP,1218,428,243269
QAP,1219,428,243457
QAP,1220,428,243662
QAP,1221,424,243866
QAP,1222,424,244070
QAP,1223,424,244259
QAP,1224,424,244463
QAP,1225,424,244667
QAP,1226,424,244872
QAP,1227,424,245061
QAP,1228,424,245265
QAP,1229,424,245469
QAP,1230,424,245658
QAP,1231,424,245870
QAP,1232,424,246066
QAP,1233,424,246270
QAP,1234,424,246459
QAP,1235,424,246663
QAP,1236,424,246868
QAP,1237,424,247072
QAP,1238,424,247260
QAP,1239,424,247464
QAP,1240,424,247669
QAP,1241,424,247857
QAP,1242,424,248062
QAP,1243,424,248266
QAP,1244,424,248470
QAP,1245,424,248659
QAP,1246,424,248863
QAP,1247,424,249068
QAP,1248,424,249256
QAP,1249,424,249461
QAP,1250,424,249665
QAP,1251,424,249869
QAP,1252,424,250057
QAP,1253,424,250261
QAP,1254,424,250465
QAP,1255,424,250654
QAP,1256,424,250858
QAP,1257,424,251063
QAP,1258,424,251267
QAP,1259,424,251455
QAP,1260,424,251659
QAP,1261,424,251862
QAP,1262,424,252066
QAP,1263,424,252270
QAP,1264,424,252458
QAP,1265,424,252662
QAP,1266,424,252866
QAP,1267,424,253069
QAP,1268,424,253257
QAP,1269,424,253461
QAP,1270,424,253666
QAP,1271,424,253869
QAP,1272,424,254073
QAP,1273,424,254261
QAP,1274,424,254465
QAP,1275,424,254668
QAP,1276,424,254872
QAP,1277,424,255075
QAP,1278,424,255263
QAP,1279,424,255467
QAP,1280,424,255671
QAP,1281,424,255874
QAP,1282,424,256078
QAP,1283,424,256266
QAP,1284,424,256470
QAP,1285,424,256674
QAP,1286,424,256878
QAP,1287,424,257066
QAP,1288,424,257270
QAP,1289,424,257473
QAP,1290,424,257677
QAP,1291,424,257865
QAP,1292,424,258069
QAP,1293,424,258272
QAP,1294,424,258476
QAP,1295,424,258680
QAP,1296,424,258868
QAP,1297,424,259071
QAP,1298,424,259275
QAP,1299,424,259479
QAP,1300,424,259667
QAP,1301,424,259871
QAP,1302,424,260076
QAP,1303,424,260280
QAP,1304,424,260468
QAP,1305,424,260673
QAP,1306,424,260877
QAP,1307,424,261081
QAP,1308,424,261269
QAP,1309,424,261473
QAP,1310,424,261684
QAP,1311,424,261887
QAP,1312,424,262088
QAP,1313,424,262277
QAP,1314,424,262481
QAP,1315,424,262685
QAP,1316,424,262890
QAP,1317,424,263078
QAP,1318,424,263282
QAP,1319,424,263486
QAP,1320,424,263675
QAP,1321,424,263879
QAP,1322,424,264084
QAP,1323,424,264280
QAP,1324,424,264476
QAP,1325,424,264680
QAP,1326,424,264868
QAP,1327,424,265073
QAP,1328,424,265277
QAP,1329,424,265481
QAP,1330,424,265670
QAP,1331,424,265874
QAP,1332,424,266078
QAP,1333,424,266282
QAP,1334,424,266471
QAP,1335,424,266675
QAP,1336,424,266878
QAP,1337,424,267082
QAP,1338,424,267270
QAP,1339,424,267473
QAP,1340,424,267677
QAP,1341,424,267880
QAP,1342,424,268068
QAP,1343,424,268272
QAP,1344,424,268476
QAP,1345,424,268680
QAP,1346,424,268883
QAP,1347,424,269071
QAP,1348,424,269275
QAP,1349,424,269478
QAP,1350,424,269682
QAP,1351,424,269870
QAP,1352,424,270074
QAP,1353,424,270278
QAP,1354,424,270481
QAP,1355,424,270670
QAP,1356,424,270874
QAP,1357,424,271079
QAP,1358,424,271267
QAP,1359,424,271471
QAP,1360,424,271676
QAP,1361,424,271880
QAP,1362,424,272069
QAP,1363,424,272273
QAP,1364,424,272477
QAP,1365,424,272681
QAP,1366,424,272885
QAP,1367,424,273084
QAP,1368,424,273284
QAP,1369,424,273486
QAP,1370,424,273687
QAP,1371,424,273887
QAP,1372,424,274088
QAP,1373,424,274287
QAP,1374,424,274488
QAP,1375,424,274686
QAP,1376,424,274887
QAP,1377,424,275086
QAP,1378,424,275287
QAP,1379,424,275479
QAP,1380,424,275684
QAP,1381,424,275887
QAP,1382,424,276076
QAP,1383,424,276280
QAP,1384,424,276485
QAP,1385,424,276673
QAP,1386,424,276877
QAP,1387,424,277081
QAP,1388,424,277286
QAP,1389,424,277474
QAP,1390,424,277678
QAP,1391,424,277883
QAP,1392,424,278087
QAP,1393,424,278276
QAP,1394,424,278480
QAP,1395,424,278684
QAP,1396,424,278873
QAP,1397,424,279077
QAP,1398,424,279281
QAP,1399,424,279470
QAP,1400,424,279674
QAP,1401,424,279879
QAP,1402,424,280083
QAP,1403,424,280271
QAP,1404,424,280476
QAP,1405,424,280680
QAP,1406,424,280884
QAP,1407,424,281073
QAP,1408,424,281277
QAP,1409,424,281481
QAP,1410,424,281670
QAP,1411,424,281874
QAP,1412,424,282079
QAP,1413,424,282283
QAP,1414,424,282472
QAP,1415,424,282676
QAP,1416,424,282881
QAP,1417,424,283085
QAP,1418,424,283274
QAP,1419,424,283478
QAP,1420,424,283682
QAP,1421,424,283886
QAP,1422,424,284075
QAP,1423,424,284279
QAP,1424,424,284485
QAP,1425,424,284687
QAP,1426,424,284891
QAP,1427,424,285080
QAP,1428,424,285283
QAP,1429,424,285487
QAP,1430,424,285691
QAP,1431,424,285879
QAP,1432,424,286084
QAP,1433,424,286288
QAP,1434,424,286492
QAP,1435,424,286680
QAP,1436,424,286885
QAP,1437,424,287089
QAP,1438,424,287277
QAP,1439,424,287481
QAP,1440,424,287686
QAP,1441,424,287890
QAP,1442,424,288078
QAP,1443,424,288283
QAP,1444,424,288487
QAP,1445,424,288691
QAP,1446,424,288880
QAP,1447,424,289085
QAP,1448,424,289289
QAP,1449,424,289493
QAP,1450,424,289681
QAP,1451,424,289885
QAP,1452,424,290089
QAP,1453,424,290299
QAP,1454,424,290500
QAP,1455,424,290699
QAP,1456,424,290892
QAP,1457,424,291096
QAP,1458,424,291284
QAP,1459,424,291488
QAP,1460,424,291693
QAP,1461,424,291897
QAP,1462,424,292085
QAP,1463,424,292290
QAP,1464,424,292494
QAP,1465,424,292683
QAP,1466,424,292887
QAP,1467,424,293091
QAP,1468,424,293295
QAP,1469,424,293484
QAP,1470,424,293688
QAP,1471,424,293891
QAP,1472,424,294095
QAP,1473,424,294283
QAP,1474,424,294487
QAP,1475,424,294691
QAP,1476,424,294895
QAP,1477,424,295083
QAP,1478,424,295296
QAP,1479,424,295493
QAP,1480,424,295697
QAP,1481,424,295898
QAP,1482,424,296084
QAP,1483,424,296288
QAP,1484,424,296492
QAP,1485,424,296696
QAP,1486,424,296896
QAP,1487,424,297095
QAP,1488,424,297295
QAP,1489,424,297495
QAP,1490,424,297694
QAP,1491,424,297893
QAP,1492,424,298094
QAP,1493,424,298293
QAP,1494,424,298493
QAP,1495,424,298691
QAP,1496,424,298891
QAP,1497,424,299090
QAP,1498,424,299291
QAP,1499,424,299490
QAP,1500,424,299689
QAP,1501,424,299889
QAP,1502,424,300088
QAP,1503,424,300286
QAP,1504,424,300487
QAP,1505,424,300686
QAP,1506,424,300888
QAP,1507,424,301075
QAP,1508,424,301278
QAP,1509,424,301482
QAP,1510,424,301686
QAP,1511,424,301873
QAP,1512,424,302077
QAP,1513,424,302281
QAP,1514,424,302469
QAP,1515,424,302673
QAP,1516,424,302878
QAP,1517,424,303082
QAP,1518,424,303286
QAP,1519,424,303475
QAP,1520,424,303679
QAP,1521,424,303884
QAP,1522,424,304073
QAP,1523,424,304277
QAP,1524,424,304481
QAP,1525,424,304670
QAP,1526,424,304874
QAP,1527,424,305079
QAP,1528,424,305283
QAP,1529,424,305471
QAP,1530,424,305676
QAP,1531,424,305880
QAP,1532,424,306084
QAP,1533,424,306273
QAP,1534,424,306477
QAP,1535,424,306681
QAP,1536,424,306870
QAP,1537,424,307074
QAP,1538,424,307279
QAP,1539,424,307468
QAP,1540,424,307672
QAP,1541,424,307876
QAP,1542,424,308064
QAP,1543,424,308268
QAP,1544,424,308473
QAP,1545,424,308661
QAP,1546,424,308866
QAP,1547,424,309070
QAP,1548,424,309258
QAP,1549,424,309463
QAP,1550,424,309667
QAP,1551,424,309855
QAP,1552,424,310059
QAP,1553,424,310264
QAP,1554,424,310468
QAP,1555,424,310657
QAP,1556,424,310861
QAP,1557,424,311065
QAP,1558,424,311254
QAP,1559,424,311458
QAP,1560,424,311665
QAP,1561,424,311851
QAP,1562,424,312055
QAP,1563,424,312259
QAP,1564,424,312447
QAP,1565,424,312651
QAP,1566,424,312856
QAP,1567,424,313060
QAP,1568,424,313249
QAP,1569,424,313453
QAP,1570,424,313658
QAP,1571,424,313847
QAP,1572,424,314051
QAP,1573,424,314255
QAP,1574,424,314459
QAP,1575,424,314648
QAP,1576,424,314852
QAP,1577,424,315056
QAP,1578,424,315245
QAP,1579,424,315449
QAP,1580,424,315653
QAP,1581,424,315841
QAP,1582,424,316046
QAP,1583,424,316250
QAP,1584,424,316455
QAP,1585,424,316643
QAP,1586,424,316847
QAP,1587,424,317052
QAP,1588,424,317256
QAP,1589,424,317445
QAP,1590,424,317649
QAP,1591,424,317853
QAP,1592,424,318058
QAP,1593,424,318246
QAP,1594,424,318450
QAP,1595,424,318654
QAP,1596,424,318843
QAP,1597,424,319047
QAP,1598,424,319250
QAP,1599,424,319439
QAP,1600,424,319644
QAP,1601,424,319848
QAP,1602,424,320052
QAP,1603,424,320240
QAP,1604,424,320444
QAP,1605,424,320649
QAP,1606,424,320836
QAP,1607,424,321040
QAP,1608,424,321243
QAP,1609,424,321447
QAP,1610,424,321635
QAP,1611,424,321839
QAP,1612,424,322043
QAP,1613,424,322246
QAP,1614,424,322434
QAP,1615,424,322638
QAP,1616,424,322842
QAP,1617,424,323046
QAP,1618,424,323234
QAP,1619,424,323437
QAP,1620,424,323641
QAP,1621,424,323829
QAP,1622,424,324033
QAP,1623,424,324245
QAP,1624,424,324441
QAP,1625,424,324645
QAP,1626,424,324834
QAP,1627,424,325038
QAP,1628,424,325242
QAP,1629,424,325446
QAP,1630,424,325634
QAP,1631,424,325839
QAP,1632,424,326043
QAP,1633,424,326231
QAP,1634,424,326436
QAP,1635,424,326640
QAP,1636,424,326844
QAP,1637,424,327033
QAP,1638,424,327237
QAP,1639,424,327441
QAP,1640,424,327630
QAP,1641,424,327834
QAP,1642,424,328038
QAP,1643,424,328243
QAP,1644,424,328431
QAP,1645,424,328635
QAP,1646,424,328840
QAP,1647,424,329028
QAP,1648,424,329233
QAP,1649,424,329437
QAP,1650,424,329641
QAP,1651,424,329829
QAP,1652,424,330033
QAP,1653,424,330238
QAP,1654,424,330426
QAP,1655,424,330630
QAP,1656,424,330835
QAP,1657,424,331023
QAP,1658,424,331227
QAP,1659,424,331431
QAP,1660,424,331636
QAP,1661,424,331824
QAP,1662,424,332028
QAP,1663,424,332232
QAP,1664,424,332428
QAP,1665,424,332624
QAP,1666,424,332828
QAP,1667,424,333032
QAP,1668,424,333221
QAP,1669,424,333425
QAP,1670,424,333629
QAP,1671,424,333818
QAP,1672,424,334022
QAP,1673,424,334226
QAP,1674,424,334415
QAP,1675,424,334619
QAP,1676,424,334823
QAP,1677,424,335012
QAP,1678,424,335216
QAP,1679,424,335420
QAP,1680,424,335624
QAP,1681,424,335812
QAP,1682,424,336017
QAP,1683,424,336221
QAP,1684,424,336410
QAP,1685,424,336614
QAP,1686,424,336818
QAP,1687,424,337022
QAP,1688,424,337210
QAP,1689,424,337414
QAP,1690,424,337619
QAP,1691,424,337821
QAP,1692,424,338020
QAP,1693,424,338220
QAP,1694,424,338408
QAP,1695,424,338613
QAP,1696,424,338817
QAP,1697,424,339006
QAP,1698,424,339211
QAP,1699,424,339415
QAP,1700,424,339603
QAP,1701,424,339807
QAP,1702,424,340012
QAP,1703,424,340216
QAP,1704,424,340404
QAP,1705,424,340617
QAP,1706,424,340813
QAP,1707,424,341001
QAP,1708,424,341205
QAP,1709,424,341410
QAP,1710,424,341614
QAP,1711,424,341818
QAP,1712,424,342007
QAP,1713,424,342211
QAP,1714,424,342415
QAP,1715,424,342604
QAP,1716,424,342809
QAP,1717,424,343013
QAP,1718,424,343202
QAP,1719,424,343406
QAP,1720,424,343610
QAP,1721,424,343799
QAP,1722,424,344004
QAP,1723,424,344208
QAP,1724,424,344397
QAP,1725,424,344601
QAP,1726,424,344805
QAP,1727,424,345009
QAP,1728,424,345197
QAP,1729,424,345401
QAP,1730,424,345606
QAP,1731,424,345810
QAP,1732,424,345999
QAP,1733,424,346203
QAP,1734,424,346407
QAP,1735,424,346596
QAP,1736,424,346800
QAP,1737,424,347004
QAP,1738,424,347208
QAP,1739,424,347397
QAP,1740,424,347601
QAP,1741,424,347805
QAP,1742,424,347994
QAP,1743,424,348198
QAP,1744,424,348402
QAP,1745,424,348607
QAP,1746,424,348796
QAP,1747,424,349000
QAP,1748,424,349205
QAP,1749,424,349393
QAP,1750,424,349597
QAP,1751,424,349801
QAP,1752,424,350006
QAP,1753,424,350194
QAP,1754,424,350399
QAP,1755,424,350603
QAP,1756,424,350791
QAP,1757,424,350996
QAP,1758,424,351200
QAP,1759,424,351404
QAP,1760,424,351593
QAP,1761,424,351803
QAP,1762,424,352002
QAP,1763,424,352203
QAP,1764,424,352402
QAP,1765,424,352603
QAP,1766,424,352796
QAP,1767,424,353000
QAP,1768,424,353188
QAP,1769,424,353392
QAP,1770,424,353595
QAP,1771,424,353799
QAP,1772,424,353987
QAP,1773,424,354191
QAP,1774,424,354395
QAP,1775,424,354599
QAP,1776,424,354787
QAP,1777,424,354990
QAP,1778,424,355194
QAP,1779,424,355398
QAP,1780,424,355586
QAP,1781,424,355790
QAP,1782,424,355994
QAP,1783,424,356197
QAP,1784,424,356386
QAP,1785,424,356589
QAP,1786,424,356796
QAP,1787,424,356995
QAP,1788,424,357194
QAP,1789,424,357395
QAP,1790,424,357597
QAP,1791,424,357796
QAP,1792,424,357995
QAP,1793,424,358195
QAP,1794,424,358396
QAP,1795,424,358595
QAP,1796,424,358794
QAP,1797,424,358993
QAP,1798,424,359193
QAP,1799,424,359382
QAP,1800,424,359586
QAP,1801,424,359790
QAP,1802,424,359994
QAP,1803,424,360198
QAP,1804,424,360387
QAP,1805,424,360591
QAP,1806,424,360796
QAP,1807,424,360984
QAP,1808,424,361188
QAP,1809,424,361392
QAP,1810,424,361581
QAP,1811,424,361785
QAP,1812,424,361989
QAP,1813,424,362193
QAP,1814,424,362382
QAP,1815,424,362587
QAP,1816,424,362791
QAP,1817,424,362995
QAP,1818,424,363184
QAP,1819,424,363388
QAP,1820,424,363592
QAP,1821,424,363788
QAP,1822,424,363985
QAP,1823,424,364188
QAP,1824,424,364377
QAP,1825,424,364581
QAP,1826,424,364786
QAP,1827,424,364974
QAP,1828,424,365178
QAP,1829,424,365382
QAP,1830,424,365587
QAP,1831,424,365776
QAP,1832,424,365980
QAP,1833,424,366184
QAP,1834,424,366373
QAP,1835,424,366577
QAP,1836,424,366782
QAP,1837,424,366986
QAP,1838,424,367174
QAP,1839,424,367379
QAP,1840,424,367583
QAP,1841,424,367772
QAP,1842,424,367976
QAP,1843,424,368180
QAP,1844,424,368385
QAP,1845,424,368573
QAP,1846,424,368778
QAP,1847,424,368982
QAP,1848,424,369171
QAP,1849,424,369375
QAP,1850,424,369579
QAP,1851,424,369784
QAP,1852,424,369988
QAP,1853,424,370176
QAP,1854,424,370380
QAP,1855,424,370586
QAP,1856,424,370773
QAP,1857,424,370978
QAP,1858,424,371181
QAP,1859,424,371385
QAP,1860,424,371574
QAP,1861,424,371778
QAP,1862,424,371982
QAP,1863,424,372170
QAP,1864,424,372375
QAP,1865,424,372579
QAP,1866,424,372783
QAP,1867,424,372971
QAP,1868,424,373184
QAP,1869,424,373384
QAP,1870,424,373571
QAP,1871,424,373775
QAP,1872,424,373980
QAP,1873,424,374184
QAP,1874,424,374372
QAP,1875,424,374576
QAP,1876,424,374780
QAP,1877,424,374968
QAP,1878,424,375189
QAP,1879,424,375378
QAP,1880,424,375582
QAP,1881,424,375787
QAP,1882,424,375975
QAP,1883,424,376179
QAP,1884,424,376383
QAP,1885,424,376572
QAP,1886,424,376784
QAP,1887,424,376980
QAP,1888,424,377168
QAP,1889,424,377373
QAP,1890,424,377577
QAP,1891,424,377781
QAP,1892,424,377970
QAP,1893,424,378174
QAP,1894,424,378378
QAP,1895,424,378582
QAP,1896,424,378778
QAP,1897,424,378975
QAP,1898,424,379179
QAP,1899,424,379367
QAP,1900,424,379571
QAP,1901,424,379775
QAP,1902,424,379979
QAP,1903,424,380168
QAP,1904,424,380372
QAP,1905,424,380576
QAP,1906,424,380765
QAP,1907,424,380969
QAP,1908,424,381173
QAP,1909,424,381377
QAP,1910,424,381565
QAP,1911,424,381770
QAP,1912,424,381975
QAP,1913,424,382163
QAP,1914,424,382367
QAP,1915,424,382571
QAP,1916,424,382775
QAP,1917,424,382964
QAP,1918,424,383168
QAP,1919,424,383372
QAP,1920,424,383560
QAP,1921,424,383765
QAP,1922,424,383969
QAP,1923,424,384173
QAP,1924,424,384361
QAP,1925,424,384566
QAP,1926,424,384770
QAP,1927,424,384959
QAP,1928,424,385163
QAP,1929,424,385367
QAP,1930,424,385571
QAP,1931,424,385760
QAP,1932,424,385964
QAP,1933,424,386168
QAP,1934,424,386356
QAP,1935,424,386561
QAP,1936,424,386765
QAP,1937,424,386969
QAP,1938,424,387158
QAP,1939,424,387362
QAP,1940,424,387566
QAP,1941,424,387754
QAP,1942,424,387958
QAP,1943,424,388162
QAP,1944,424,388367
QAP,1945,424,388555
QAP,1946,424,388759
QAP,1947,424,388963
QAP,1948,424,389168
QAP,1949,424,389356
QAP,1950,424,389560
QAP,1951,424,389765
QAP,1952,424,389953
QAP,1953,424,390158
QAP,1954,424,390361
QAP,1955,424,390566
QAP,1956,424,390754
QAP,1957,424,390958
QAP,1958,424,391163
QAP,1959,424,391351
QAP,1960,424,391555
QAP,1961,424,391760
QAP,1962,424,391963
QAP,1963,424,392152
QAP,1964,424,392356
QAP,1965,424,392559
QAP,1966,424,392763
QAP,1967,424,392952
QAP,1968,424,393156
QAP,1969,424,393360
QAP,1970,424,393564
QAP,1971,424,393767
QAP,1972,424,393966
QAP,1973,424,394167
QAP,1974,424,394355
QAP,1975,424,394559
QAP,1976,424,394763
QAP,1977,424,394967
QAP,1978,424,395156
QAP,1979,424,395359
QAP,1980,424,395563
QAP,1981,424,395752
QAP,1982,424,395956
QAP,1983,424,396161
QAP,1984,424,396349
QAP,1985,424,396554
QAP,1986,424,396758
QAP,1987,424,396946
QAP,1988,424,397150
QAP,1989,424,397355
QAP,1990,424,397543
QAP,1991,424,397747
QAP,1992,424,397952
QAP,1993,424,398156
QAP,1994,424,398345
QAP,1995,424,398549
QAP,1996,424,398753
QAP,1997,424,398941
QAP,1998,424,399146
QAP,1999,424,399350
QAP,2000,424,399538
QAP,2001,424,399742
QAP,2002,424,399947
QAP,2003,424,400151
QAP,2004,424,400339
QAP,2005,424,400544
QAP,2006,424,400748
QAP,2007,424,400936
QAP,2008,424,401141
QAP,2009,424,401345
QAP,2010,424,401546
QAP,2011,424,401746
QAP,2012,424,401946
QAP,2013,424,402146
QAP,2014,424,402345
QAP,2015,424,402545
QAP,2016,424,402733
QAP,2017,424,402937
QAP,2018,424,403141
QAP,2019,424,403345
QAP,2020,424,403533
QAP,2021,424,403737
QAP,2022,424,403942
QAP,2023,424,404130
QAP,2024,424,404334
QAP,2025,424,404538
QAP,2026,424,404727
QAP,2027,424,404931
QAP,2028,424,405136
QAP,2029,424,405324
QAP,2030,424,405528
QAP,2031,424,405736
QAP,2032,424,405937
QAP,2033,424,406125
QAP,2034,424,406330
QAP,2035,424,406534
QAP,2036,424,406723
QAP,2037,424,406927
QAP,2038,424,407131
QAP,2039,424,407335
QAP,2040,424,407523
QAP,2041,424,407728
QAP,2042,424,407932
QAP,2043,424,408121
QAP,2044,424,408325
QAP,2045,424,408529
QAP,2046,424,408733
QAP,2047,424,408922
QAP,2048,424,409126
QAP,2049,424,409330
QAP,2050,424,409519
QAP,2051,424,409723
QAP,2052,424,409927
QAP,2053,424,410124
QAP,2054,424,410320
QAP,2055,424,410524
QAP,2056,424,410713
QAP,2057,424,410917
QAP,2058,424,411121
QAP,2059,424,411325
QAP,2060,424,411514
QAP,2061,424,411719
QAP,2062,424,411923
QAP,2063,424,412127
QAP,2064,424,412316
QAP,2065,424,412520
QAP,2066,424,412724
QAP,2067,424,412912
QAP,2068,424,413116
QAP,2069,424,413321
QAP,2070,424,413525
QAP,2071,424,413713
QAP,2072,424,413918
QAP,2073,424,414122
QAP,2074,424,414326
QAP,2075,424,414515
QAP,2076,424,414720
QAP,2077,424,414924
QAP,2078,424,415113
QAP,2079,424,415317
QAP,2080,424,415521
QAP,2081,424,415710
QAP,2082,424,415914
QAP,2083,424,416118
QAP,2084,424,416307
QAP,2085,424,416511
QAP,2086,424,416715
QAP,2087,424,416920
QAP,2088,424,417108
QAP,2089,424,417312
QAP,2090,424,417517
QAP,2091,424,417705
QAP,2092,424,417909
QAP,2093,424,418113
QAP,2094,424,418310
QAP,2095,424,418507
QAP,2096,424,418711
QAP,2097,424,418915
QAP,2098,424,419103
QAP,2099,424,419307
QAP,2100,424,419512
QAP,2101,424,419700
QAP,2102,424,419904
QAP,2103,424,420109
QAP,2104,424,420313
QAP,2105,424,420502
QAP,2106,424,420706
QAP,2107,424,420910
QAP,2108,424,421098
QAP,2109,424,421302
QAP,2110,424,421506
QAP,2111,424,421711
QAP,2112,424,421899
QAP,2113,424,422104
QAP,2114,424,422308
QAP,2115,424,422511
QAP,2116,424,422700
QAP,2117,424,422905
QAP,2118,424,423109
QAP,2119,424,423297
QAP,2120,424,423502
QAP,2121,424,423706
QAP,2122,424,423895
QAP,2123,424,424099
QAP,2124,424,424303
QAP,2125,424,424492
QAP,2126,424,424696
QAP,2127,424,424900
QAP,2128,424,425104
QAP,2129,424,425293
QAP,2130,424,425497
QAP,2131,424,425702
QAP,2132,424,425890
QAP,2133,424,426094
QAP,2134,424,426299
QAP,2135,424,426496
QAP,2136,424,426691
QAP,2137,424,426898
QAP,2138,424,427101
QAP,2139,424,427301
QAP,2140,424,427500
QAP,2141,424,427698
QAP,2142,424,427898
QAP,2143,424,428098
QAP,2144,424,428287
QAP,2145,424,428491
QAP,2146,424,428696
QAP,2147,424,428884
QAP,2148,424,429088
QAP,2149,424,429292
QAP,2150,424,429496
QAP,2151,424,429685
QAP,2152,424,429889
QAP,2153,424,430093
QAP,2154,424,430282
QAP,2155,424,430486
QAP,2156,424,430691
QAP,2157,424,430879
QAP,2158,424,431084
QAP,2159,424,431287
QAP,2160,424,431491
QAP,2161,424,431680
QAP,2162,424,431884
QAP,2163,424,432088
QAP,2164,424,432276
QAP,2165,424,432481
QAP,2166,424,432685
QAP,2167,424,432873
QAP,2168,424,433078
QAP,2169,424,433282
QAP,2170,424,433487
QAP,2171,424,433675
QAP,2172,424,433880
QAP,2173,424,434084
QAP,2174,424,434273
QAP,2175,424,434477
QAP,2176,424,434681
QAP,2177,424,434870
QAP,2178,424,435074
QAP,2179,424,435278
QAP,2180,424,435466
QAP,2181,424,435670
QAP,2182,424,435874
QAP,2183,424,436063
QAP,2184,424,436267
QAP,2185,424,436472
QAP,2186,424,436676
QAP,2187,424,436864
QAP,2188,424,437069
QAP,2189,424,437273
QAP,2190,424,437461
QAP,2191,424,437665
QAP,2192,424,437870
QAP,2193,424,438058
QAP,2194,424,438262
QAP,2195,424,438466
QAP,2196,424,438655
QAP,2197,424,438859
QAP,2198,424,439063
QAP,2199,424,439267
QAP,2200,424,439456
QAP,2201,424,439660
QAP,2202,424,439864
QAP,2203,424,440052
QAP,2204,424,440262
QAP,2205,424,440461
QAP,2206,424,440655
QAP,2207,424,440859
QAP,2208,424,441048
QAP,2209,424,441252
QAP,2210,424,441457
QAP,2211,424,441645
QAP,2212,424,441849
QAP,2213,424,442053
QAP,2214,424,442258
QAP,2215,424,442446
QAP,2216,424,442650
QAP,2217,424,442855
QAP,2218,424,443052
QAP,2219,424,443247
QAP,2220,424,443451
QAP,2221,424,443640
QAP,2222,424,443843
QAP,2223,424,444047
QAP,2224,424,444252
QAP,2225,424,444441
QAP,2226,424,444645
QAP,2227,424,444849
QAP,2228,424,445038
QAP,2229,424,445242
QAP,2230,424,445446
QAP,2231,424,445635
QAP,2232,424,445840
QAP,2233,424,446044
QAP,2234,424,446232
QAP,2235,424,446437
QAP,2236,424,446641
QAP,2237,424,446830
QAP,2238,424,447035
QAP,2239,424,447239
QAP,2240,424,447427
QAP,2241,424,447631
QAP,2242,424,447835
QAP,2243,424,448039
QAP,2244,424,448228
QAP,2245,424,448432
QAP,2246,424,448636
QAP,2247,424,448825
QAP,2248,424,449029
QAP,2249,424,449233
QAP,2250,424,449422
QAP,2251,424,449626
QAP,2252,424,449830
QAP,2253,424,450034
QAP,2254,424,450239
QAP,2255,424,450427
QAP,2256,424,450631
QAP,2257,424,450835
QAP,2258,424,451039
QAP,2259,424,451228
QAP,2260,424,451432
QAP,2261,424,451636
QAP,2262,424,451824
QAP,2263,424,452028
QAP,2264,424,452232
QAP,2265,424,452421
QAP,2266,424,452625
QAP,2267,424,452829
QAP,2268,424,453018
QAP,2269,424,453223
QAP,2270,424,453427
QAP,2271,424,453631
QAP,2272,424,453820
QAP,2273,424,454024
QAP,2274,424,454228
QAP,2275,424,454417
QAP,2276,424,454621
QAP,2277,424,454825
QAP,2278,424,455013
QAP,2279,424,455218
QAP,2280,424,455422
QAP,2281,424,455610
QAP,2282,424,455814
QAP,2283,424,456019
QAP,2284,424,456223
QAP,2285,424,456411
QAP,2286,424,456615
QAP,2287,424,456819
QAP,2288,424,457007
QAP,2289,424,457211
QAP,2290,424,457415
QAP,2291,424,457618
QAP,2292,424,457806
QAP,2293,424,458010
QAP,2294,424,458214
QAP,2295,424,458417
QAP,2296,424,458605
QAP,2297,424,458809
QAP,2298,424,459013
QAP,2299,424,459218
QAP,2300,424,459406
QAP,2301,424,459610
QAP,2302,424,459813
QAP,2303,424,460017
QAP,2304,424,460222
QAP,2305,424,460421
QAP,2306,424,460615
QAP,2307,424,460820
QAP,2308,424,461008
QAP,2309,424,461213
QAP,2310,424,461417
QAP,2311,424,461606
QAP,2312,424,461810
QAP,2313,424,462014
QAP,2314,424,462202
QAP,2315,424,462407
QAP,2316,424,462610
QAP,2317,424,462814
QAP,2318,424,463018
QAP,2319,424,463206
QAP,2320,424,463410
QAP,2321,424,463614
QAP,2322,424,463802
QAP,2323,424,464006
QAP,2324,424,464209
QAP,2325,424,464413
QAP,2326,424,464601
QAP,2327,424,464805
QAP,2328,424,465009
QAP,2329,424,465213
QAP,2330,424,465400
QAP,2331,424,465604
QAP,2332,424,465808
QAP,2333,424,466013
QAP,2334,424,466200
QAP,2335,424,466403
QAP,2336,424,466607
QAP,2337,424,466811
QAP,2338,424,467007
QAP,2339,424,467203
QAP,2340,424,467407
QAP,2341,424,467610
QAP,2342,424,467798
QAP,2343,424,468002
QAP,2344,424,468206
QAP,2345,424,468409
QAP,2346,424,468598
QAP,2347,424,468802
QAP,2348,424,469006
QAP,2349,424,469210
QAP,2350,424,469397
QAP,2351,424,469603
QAP,2352,424,469807
QAP,2353,424,469995
QAP,2354,424,470199
QAP,2355,424,470403
QAP,2356,424,470608
QAP,2357,424,470796
QAP,2358,424,471001
QAP,2359,424,471205
QAP,2360,424,471393
QAP,2361,424,471597
QAP,2362,424,471802
QAP,2363,424,471990
QAP,2364,424,472195
QAP,2365,424,472399
QAP,2366,424,472588
QAP,2367,424,472792
QAP,2368,424,472996
QAP,2369,424,473200
QAP,2370,424,473389
QAP,2371,424,473593
QAP,2372,424,473797
QAP,2373,424,474001
QAP,2374,424,474198
QAP,2375,424,474394
QAP,2376,424,474599
QAP,2377,424,474788
QAP,2378,424,474992
QAP,2379,424,475196
QAP,2380,424,475385
QAP,2381,424,475589
QAP,2382,424,475794
QAP,2383,424,475982
QAP,2384,424,476187
QAP,2385,424,476391
QAP,2386,424,476595
QAP,2387,424,476783
QAP,2388,424,476988
QAP,2389,424,477192
QAP,2390,424,477381
QAP,2391,424,477585
QAP,2392,424,477789
QAP,2393,424,477994
QAP,2394,424,478183
QAP,2395,424,478387
QAP,2396,424,478598
QAP,2397,424,478797
QAP,2398,424,478998
QAP,2399,424,479197
QAP,2400,424,479397
QAP,2401,424,479597
QAP,2402,424,479795
QAP,2403,424,479995
QAP,2404,424,480194
QAP,2405,424,480395
QAP,2406,424,480601
QAP,2407,424,480788
QAP,2408,424,480992
QAP,2409,424,481197
QAP,2410,424,481386
QAP,2411,424,481590
QAP,2412,424,481794
QAP,2413,424,481983
QAP,2414,424,482187
QAP,2415,424,482391
QAP,2416,424,482595
QAP,2417,424,482796
QAP,2418,424,482995
QAP,2419,424,483194
QAP,2420,424,483395
QAP,2421,424,483595
QAP,2422,424,483794
QAP,2423,424,483993
QAP,2424,424,484194
QAP,2425,424,484396
QAP,2426,424,484595
QAP,2427,424,484795
QAP,2428,424,484994
QAP,2429,424,485194
QAP,2430,424,485394
QAP,2431,424,485597
QAP,2432,424,485786
QAP,2433,424,485990
QAP,2434,424,486194
QAP,2435,424,486383
QAP,2436,424,486587
QAP,2437,424,486792
QAP,2438,424,486980
QAP,2439,424,487185
QAP,2440,424,487389
QAP,2441,424,487578
QAP,2442,424,487782
QAP,2443,424,487987
QAP,2444,424,488176
QAP,2445,424,488380
QAP,2446,424,488584
QAP,2447,424,488773
QAP,2448,424,488977
QAP,2449,424,489185
QAP,2450,424,489370
QAP,2451,424,489574
QAP,2452,424,489778
QAP,2453,424,489982
QAP,2454,424,490171
QAP,2455,424,490375
QAP,2456,424,490579
QAP,2457,424,490783
QAP,2458,424,490972
QAP,2459,424,491176
QAP,2460,424,491380
QAP,2461,424,491582
QAP,2462,424,491780
QAP,2463,424,491981
QAP,2464,424,492179
QAP,2465,424,492379
QAP,2466,424,492578
QAP,2467,424,492767
QAP,2468,424,492971
QAP,2469,424,493175
QAP,2470,424,493379
QAP,2471,424,493584
QAP,2472,424,493772
QAP,2473,424,493976
QAP,2474,424,494180
QAP,2475,424,494385
QAP,2476,424,494574
QAP,2477,424,494778
QAP,2478,424,494982
QAP,2479,424,495187
QAP,2480,424,495375
QAP,2481,424,495580
QAP,2482,424,495784
QAP,2483,424,495972
QAP,2484,424,496176
QAP,2485,424,496380
QAP,2486,424,496584
QAP,2487,424,496787
QAP,2488,424,496991
QAP,2489,424,497179
QAP,2490,424,497383
QAP,2491,424,497587
QAP,2492,424,497790
QAP,2493,424,497994
QAP,2494,424,498182
QAP,2495,424,498386
QAP,2496,424,498590
QAP,2497,424,498794
QAP,2498,424,498982
QAP,2499,424,499185
QAP,2500,424,499389
QAP,2501,424,499578
QAP,2502,424,499781
QAP,2503,424,499985
QAP,2504,424,500189
QAP,2505,424,500377
QAP,2506,424,500582
QAP,2507,424,500786
QAP,2508,424,500975
QAP,2509,424,501179
QAP,2510,424,501384
QAP,2511,424,501572
QAP,2512,424,501776
QAP,2513,424,501981
QAP,2514,424,502185
QAP,2515,424,502374
QAP,2516,424,502578
QAP,2517,424,502782
QAP,2518,424,502970
QAP,2519,424,503174
QAP,2520,424,503379
QAP,2521,424,503567
QAP,2522,424,503772
QAP,2523,424,503976
QAP,2524,424,504183
QAP,2525,424,504369
QAP,2526,424,504573
QAP,2527,424,504778
QAP,2528,424,504966
QAP,2529,424,505170
QAP,2530,424,505374
QAP,2531,424,505578
QAP,2532,424,505767
QAP,2533,424,505972
QAP,2534,424,506160
QAP,2535,424,506364
QAP,2536,424,506568
QAP,2537,424,506772
QAP,2538,424,506961
QAP,2539,424,507165
QAP,2540,424,507369
QAP,2541,424,507574
QAP,2542,424,507762
QAP,2543,424,507966
QAP,2544,424,508170
QAP,2545,424,508359
QAP,2546,424,508564
QAP,2547,424,508768
QAP,2548,424,508957
QAP,2549,424,509161
QAP,2550,424,509366
QAP,2551,424,509555
QAP,2552,424,509759
QAP,2553,424,509963
QAP,2554,424,510167
QAP,2555,424,510356
QAP,2556,424,510561
QAP,2557,424,510765
QAP,2558,424,510954
QAP,2559,424,511158
QAP,2560,424,511362
QAP,2561,424,511551
QAP,2562,424,511755
QAP,2563,424,511959
QAP,2564,424,512163
QAP,2565,424,512353
QAP,2566,424,512556
QAP,2567,424,512760
QAP,2568,424,512948
QAP,2569,424,513160
QAP,2570,424,513358
QAP,2571,424,513562
QAP,2572,424,513750
QAP,2573,424,513954
QAP,2574,424,514158
QAP,2575,424,514363
QAP,2576,424,514552
QAP,2577,424,514756
QAP,2578,424,514959
QAP,2579,424,515163
QAP,2580,424,515351
QAP,2581,424,515555
QAP,2582,424,515759
QAP,2583,424,515963
QAP,2584,424,516151
QAP,2585,424,516354
QAP,2586,424,516558
QAP,2587,424,516746
QAP,2588,424,516950
QAP,2589,424,517160
QAP,2590,424,517357
QAP,2591,424,517545
QAP,2592,424,517749
QAP,2593,424,517952
QAP,2594,424,518156
QAP,2595,424,518344
QAP,2596,424,518547
QAP,2597,424,518751
QAP,2598,424,518955
QAP,2599,424,519143
QAP,2600,424,519347
QAP,2601,424,519551
QAP,2602,424,519739
QAP,2603,424,519942
QAP,2604,424,520146
QAP,2605,424,520349
QAP,2606,424,520545
QAP,2607,424,520741
QAP,2608,424,520945
QAP,2609,424,521148
QAP,2610,424,521336
QAP,2611,424,521540
QAP,2612,424,521744
QAP,2613,424,521932
QAP,2614,424,522136
QAP,2615,424,522340
QAP,2616,424,522528
QAP,2617,424,522732
QAP,2618,424,522936
QAP,2619,424,523141
QAP,2620,424,523329
QAP,2621,424,523533
QAP,2622,424,523737
QAP,2623,424,523926
QAP,2624,424,524130
QAP,2625,424,524334
QAP,2626,424,524539
QAP,2627,424,524727
QAP,2628,424,524931
QAP,2629,424,525135
QAP,2630,424,525324
QAP,2631,424,525528
QAP,2632,424,525734
QAP,2633,424,525932
QAP,2634,424,526132
QAP,2635,424,526332
QAP,2636,424,526532
QAP,2637,424,526732
QAP,2638,424,526931
QAP,2639,424,527122
QAP,2640,424,527326
QAP,2641,424,527530
QAP,2642,424,527718
QAP,2643,424,527922
QAP,2644,424,528126
QAP,2645,424,528329
QAP,2646,424,528517
QAP,2647,424,528728
QAP,2648,424,528925
QAP,2649,424,529113
QAP,2650,424,529317
QAP,2651,424,529521
QAP,2652,424,529724
QAP,2653,424,529913
QAP,2654,424,530117
QAP,2655,424,530321
QAP,2656,424,530525
QAP,2657,424,530730
QAP,2658,424,530918
QAP,2659,424,531122
QAP,2660,424,531327
QAP,2661,424,531515
QAP,2662,424,531720
QAP,2663,424,531924
QAP,2664,424,532125
QAP,2665,424,532325
QAP,2666,424,532526
QAP,2667,424,532717
QAP,2668,424,532918
QAP,2669,424,533122
QAP,2670,424,533310
QAP,2671,424,533514
QAP,2672,424,533718
QAP,2673,424,533923
QAP,2674,424,534111
QAP,2675,424,534315
QAP,2676,424,534520
QAP,2677,424,534708
QAP,2678,424,534913
QAP,2679,424,535117
QAP,2680,424,535306
QAP,2681,424,535510
QAP,2682,424,535714
QAP,2683,424,535919
QAP,2684,424,536107
QAP,2685,424,536311
QAP,2686,424,536515
QAP,2687,424,536704
QAP,2688,424,536909
QAP,2689,424,537113
QAP,2690,424,537317
QAP,2691,424,537505
QAP,2692,424,537709
QAP,2693,424,537913
QAP,2694,424,538102
QAP,2695,424,538306
QAP,2696,424,538511
QAP,2697,424,538699
QAP,2698,424,538903
QAP,2699,424,539107
QAP,2700,424,539296
QAP,2701,424,539500
QAP,2702,424,539704
QAP,2703,424,539893
QAP,2704,424,540097
QAP,2705,424,540302
QAP,2706,424,540505
QAP,2707,424,540693
QAP,2708,424,540897
QAP,2709,424,541101
QAP,2710,424,541304
QAP,2711,424,541493
QAP,2712,424,541696
QAP,2713,424,541900
QAP,2714,424,542103
QAP,2715,424,542292
QAP,2716,424,542496
QAP,2717,424,542699
QAP,2718,424,542888
QAP,2719,424,543092
QAP,2720,424,543297
QAP,2721,424,543485
QAP,2722,424,543689
QAP,2723,424,543894
QAP,2724,424,544082
QAP,2725,424,544286
QAP,2726,424,544490
QAP,2727,424,544679
QAP,2728,424,544882
QAP,2729,424,545087
QAP,2730,424,545291
QAP,2731,424,545479
QAP,2732,424,545684
QAP,2733,424,545887
QAP,2734,424,546092
QAP,2735,424,546281
QAP,2736,424,546485
QAP,2737,424,546689
QAP,2738,424,546878
QAP,2739,424,547082
QAP,2740,424,547289
QAP,2741,424,547489
QAP,2742,424,547689
QAP,2743,424,547889
QAP,2744,424,548089
QAP,2745,424,548287
QAP,2746,424,548487
QAP,2747,424,548686
QAP,2748,424,548887
QAP,2749,424,549085
QAP,2750,424,549284
QAP,2751,424,549490
QAP,2752,424,549689
QAP,2753,424,549889
QAP,2754,424,550089
QAP,2755,424,550276
QAP,2756,424,550480
QAP,2757,424,550684
QAP,2758,424,550873
QAP,2759,424,551077
QAP,2760,424,551281
QAP,2761,424,551470
QAP,2762,424,551674
QAP,2763,424,551878
QAP,2764,424,552082
QAP,2765,424,552279
QAP,2766,424,552476
QAP,2767,424,552679
QAP,2768,424,552868
QAP,2769,424,553072
QAP,2770,424,553276
QAP,2771,424,553465
QAP,2772,424,553669
QAP,2773,424,553873
QAP,2774,424,554062
QAP,2775,424,554266
QAP,2776,424,554471
QAP,2777,424,554659
QAP,2778,424,554864
QAP,2779,424,555068
QAP,2780,424,555272
QAP,2781,424,555461
QAP,2782,424,555665
QAP,2783,424,555870
QAP,2784,424,556058
QAP,2785,424,556262
QAP,2786,424,556467
QAP,2787,424,556655
QAP,2788,424,556859
QAP,2789,424,557063
QAP,2790,424,557267
QAP,2791,424,557456
QAP,2792,424,557660
QAP,2793,424,557865
QAP,2794,424,558053
QAP,2795,424,558258
QAP,2796,424,558462
QAP,2797,424,558651
QAP,2798,424,558855
QAP,2799,424,559060
QAP,2800,424,559248
QAP,2801,424,559452
QAP,2802,424,559657
QAP,2803,424,559845
QAP,2804,424,560049
QAP,2805,424,560254
QAP,2806,424,560442
QAP,2807,424,560647
QAP,2808,424,560851
QAP,2809,424,561039
QAP,2810,424,561243
QAP,2811,424,561448
QAP,2812,424,561652
QAP,2813,424,561841
QAP,2814,424,562045
QAP,2815,424,562250
QAP,2816,424,562438
QAP,2817,424,562643
QAP,2818,424,562847
QAP,2819,424,563036
QAP,2820,424,563240
QAP,2821,424,563444
QAP,2822,424,563633
QAP,2823,424,563837
QAP,2824,424,564041
QAP,2825,424,564246
QAP,2826,424,564444
QAP,2827,424,564638
QAP,2828,424,564842
QAP,2829,424,565030
QAP,2830,424,565234
QAP,2831,424,565438
QAP,2832,424,565627
QAP,2833,424,565831
QAP,2834,424,566036
QAP,2835,424,566224
QAP,2836,424,566428
QAP,2837,424,566633
QAP,2838,424,566837
QAP,2839,424,567026
QAP,2840,424,567230
QAP,2841,424,567434
QAP,2842,424,567623
QAP,2843,424,567827
QAP,2844,424,568032
QAP,2845,424,568220
QAP,2846,424,568425
QAP,2847,424,568629
QAP,2848,424,568818
QAP,2849,424,569022
QAP,2850,424,569226
QAP,2851,424,569431
QAP,2852,424,569620
QAP,2853,424,569824
QAP,2854,424,570028
QAP,2855,424,570216
QAP,2856,424,570421
QAP,2857,424,570625
QAP,2858,424,570829
QAP,2859,424,571017
QAP,2860,424,571222
QAP,2861,424,571426
QAP,2862,424,571614
QAP,2863,424,571818
QAP,2864,424,572022
QAP,2865,424,572211
QAP,2866,424,572415
QAP,2867,424,572620
QAP,2868,424,572808
QAP,2869,424,573012
QAP,2870,424,573217
QAP,2871,424,573405
QAP,2872,424,573610
QAP,2873,424,573813
QAP,2874,424,574018
QAP,2875,424,574206
QAP,2876,424,574411
QAP,2877,424,574615
QAP,2878,424,574803
QAP,2879,424,575007
QAP,2880,424,575212
QAP,2881,424,575400
QAP,2882,424,575604
QAP,2883,424,575808
QAP,2884,424,576012
QAP,2885,424,576201
QAP,2886,424,576405
QAP,2887,424,576609
QAP,2888,424,576814
QAP,2889,424,577002
QAP,2890,424,577206
QAP,2891,424,577411
QAP,2892,424,577599
QAP,2893,424,577803
QAP,2894,424,578008
QAP,2895,424,578212
QAP,2896,424,578400
QAP,2897,424,578605
QAP,2898,424,578809
QAP,2899,424,579013
QAP,2900,424,579201
QAP,2901,424,579406
QAP,2902,424,579610
QAP,2903,424,579814
QAP,2904,424,580002
QAP,2905,424,580207
QAP,2906,424,580411
QAP,2907,424,580615
QAP,2908,424,580814
QAP,2909,424,581013
QAP,2910,424,581213
QAP,2911,424,581402
QAP,2912,424,581606
QAP,2913,424,581810
QAP,2914,424,582014
QAP,2915,424,582202
QAP,2916,424,582406
QAP,2917,424,582611
QAP,2918,424,582799
QAP,2919,424,583003
QAP,2920,424,583207
QAP,2921,424,583411
QAP,2922,424,583616
QAP,2923,424,583804
QAP,2924,424,584009
QAP,2925,424,584213
QAP,2926,424,584401
QAP,2927,424,584613
QAP,2928,424,584809
QAP,2929,424,585013
QAP,2930,424,585202
QAP,2931,424,585406
QAP,2932,424,585617
QAP,2933,424,585816
QAP,2934,424,586016
QAP,2935,424,586215
QAP,2936,424,586415
QAP,2937,424,586602
QAP,2938,424,586806
QAP,2939,424,587010
QAP,2940,424,587199
QAP,2941,424,587403
QAP,2942,424,587607
QAP,2943,424,587811
QAP,2944,424,588000
QAP,2945,424,588205
QAP,2946,424,588409
QAP,2947,424,588598
QAP,2948,424,588802
QAP,2949,424,589006
QAP,2950,424,589194
QAP,2951,424,589399
QAP,2952,424,589603
QAP,2953,424,589808
QAP,2954,424,589996
QAP,2955,424,590201
QAP,2956,424,590405
QAP,2957,424,590593
QAP,2958,424,590797
QAP,2959,424,591002
QAP,2960,424,591190
QAP,2961,424,591395
QAP,2962,424,591599
QAP,2963,424,591803
QAP,2964,424,591992
QAP,2965,424,592196
QAP,2966,424,592401
QAP,2967,424,592605
QAP,2968,424,592793
QAP,2969,424,592996
QAP,2970,424,593200
QAP,2971,424,593404
QAP,2972,424,593592
QAP,2973,424,593795
QAP,2974,424,593999
QAP,2975,424,594202
QAP,2976,424,594403
QAP,2977,424,594602
QAP,2978,424,594802
QAP,2979,424,595002
QAP,2980,424,595201
QAP,2981,424,595402
QAP,2982,424,595601
QAP,2983,424,595800
QAP,2984,424,596000
QAP,2985,424,596199
QAP,2986,424,596398
QAP,2987,424,596587
QAP,2988,424,596790
QAP,2989,424,596995
QAP,2990,424,597199
QAP,2991,424,597395
QAP,2992,424,597591
QAP,2993,424,597796
QAP,2994,424,597984
QAP,2995,424,598188
QAP,2996,424,598392
QAP,2997,424,598581
QAP,2998,424,598785
QAP,2999,424,598989
QAP,3000,424,599178
QAP,3001,424,599382
QAP,3002,424,599586
QAP,3003,424,599790
QAP,3004,424,599979
QAP,3005,424,600183
QAP,3006,424,600387
QAP,3007,424,600576
QAP,3008,424,600780
QAP,3009,424,600984
QAP,3010,424,601173
QAP,3011,424,601393
QAP,3012,424,601581
QAP,3013,424,601785
QAP,3014,424,601989
QAP,3015,424,602177
QAP,3016,424,602381
QAP,3017,424,602585
QAP,3018,424,602788
QAP,3019,424,602976
QAP,3020,424,603180
QAP,3021,424,603384
QAP,3022,424,603587
QAP,3023,424,603776
QAP,3024,424,603980
QAP,3025,424,604184
QAP,3026,424,604388
QAP,3027,424,604576
QAP,3028,424,604779
QAP,3029,424,604983
QAP,3030,424,605187
QAP,3031,424,605375
QAP,3032,424,605578
QAP,3033,424,605782
QAP,3034,424,605970
QAP,3035,424,606174
QAP,3036,424,606377
QAP,3037,424,606582
QAP,3038,424,606770
QAP,3039,424,606973
QAP,3040,424,607177
QAP,3041,424,607380
QAP,3042,424,607569
QAP,3043,424,607780
QAP,3044,424,607976
QAP,3045,424,608164
QAP,3046,424,608368
QAP,3047,424,608571
QAP,3048,424,608775
QAP,3049,424,608963
QAP,3050,424,609167
QAP,3051,424,609371
QAP,3052,424,609575
QAP,3053,424,609763
QAP,3054,424,609967
QAP,3055,424,610170
QAP,3056,424,610374
QAP,3057,424,610562
QAP,3058,424,610766
QAP,3059,424,610970
QAP,3060,424,611173
QAP,3061,424,611361
QAP,3062,424,611565
QAP,3063,424,611769
QAP,3064,424,611973
QAP,3065,424,612177
QAP,3066,424,612365
QAP,3067,424,612569
QAP,3068,424,612773
QAP,3069,424,612976
QAP,3070,424,613164
QAP,3071,424,613369
QAP,3072,424,613573
QAP,3073,424,613760
QAP,3074,424,613964
QAP,3075,424,614168
QAP,3076,424,614372
QAP,3077,424,614560
QAP,3078,424,614764
QAP,3079,424,614967
QAP,3080,424,615171
QAP,3081,424,615359
QAP,3082,424,615562
QAP,3083,424,615766
QAP,3084,424,615970
QAP,3085,424,616161
QAP,3086,424,616380
QAP,3087,424,616584
QAP,3088,424,616772
QAP,3089,424,616982
QAP,3090,424,617185
QAP,3091,424,617372
QAP,3092,424,617577
QAP,3093,424,617781
QAP,3094,424,617986
QAP,3095,424,618174
QAP,3096,424,618379
QAP,3097,424,618583
QAP,3098,424,618787
QAP,3099,424,618991
QAP,3100,424,619180
QAP,3101,424,619384
QAP,3102,424,619588
QAP,3103,424,619777
QAP,3104,424,619981
QAP,3105,424,620186
QAP,3106,424,620390
QAP,3107,424,620578
QAP,3108,424,620783
QAP,3109,424,620987
QAP,3110,424,621190
QAP,3111,424,621389
QAP,3112,424,621587
QAP,3113,424,621791
QAP,3114,424,621980
QAP,3115,424,622191
QAP,3116,424,622389
QAP,3117,424,622577
QAP,3118,424,622783
QAP,3119,424,622988
QAP,3120,424,623177
QAP,3121,424,623381
QAP,3122,424,623585
QAP,3123,424,623788
QAP,3124,424,623988
QAP,3125,424,624187
QAP,3126,424,624386
QAP,3127,424,624586
QAP,3128,424,624785
QAP,3129,424,624984
QAP,3130,424,625184
QAP,3131,424,625372
QAP,3132,424,625576
QAP,3133,424,625780
QAP,3134,424,625984
QAP,3135,424,626181
QAP,3136,424,626377
QAP,3137,424,626582
QAP,3138,424,626770
QAP,3139,424,626974
QAP,3140,424,627178
QAP,3141,424,627382
QAP,3142,424,627571
QAP,3143,424,627775
QAP,3144,424,627979
QAP,3145,424,628167
QAP,3146,424,628371
QAP,3147,424,628575
QAP,3148,424,628779
QAP,3149,424,628982
QAP,3150,424,629170
QAP,3151,424,629374
QAP,3152,424,629578
QAP,3153,424,629781
QAP,3154,424,629970
QAP,3155,424,630174
QAP,3156,424,630377
QAP,3157,424,630581
QAP,3158,424,630769
QAP,3159,424,630973
QAP,3160,424,631176
QAP,3161,424,631380
QAP,3162,424,631568
QAP,3163,424,631771
QAP,3164,424,631975
QAP,3165,424,632179
QAP,3166,424,632367
QAP,3167,424,632571
QAP,3168,424,632775
QAP,3169,424,632978
QAP,3170,424,633182
QAP,3171,424,633370
QAP,3172,424,633573
QAP,3173,424,633777
QAP,3174,424,633965
QAP,3175,424,634169
QAP,3176,424,634373
QAP,3177,424,634577
QAP,3178,424,634765
QAP,3179,424,634968
QAP,3180,424,635172
QAP,3181,424,635376
QAP,3182,424,635564
QAP,3183,424,635767
QAP,3184,424,635971
QAP,3185,424,636175
QAP,3186,424,636382
QAP,3187,424,636581
QAP,3188,424,636781
QAP,3189,424,636980
QAP,3190,424,637180
QAP,3191,424,637375
QAP,3192,424,637579
QAP,3193,424,637775
QAP,3194,424,637972
QAP,3195,424,638176
QAP,3196,424,638364
QAP,3197,424,638569
QAP,3198,424,638773
QAP,3199,424,638977
QAP,3200,424,639166
QAP,3201,424,639370
QAP,3202,424,639574
QAP,3203,424,639763
QAP,3204,424,639967
QAP,3205,424,640171
QAP,3206,424,640375
QAP,3207,424,640563
QAP,3208,424,640768
QAP,3209,424,640972
QAP,3210,424,641160
QAP,3211,424,641365
QAP,3212,424,641569
QAP,3213,424,641773
QAP,3214,424,641962
QAP,3215,424,642166
QAP,3216,424,642371
QAP,3217,424,642559
QAP,3218,424,642762
QAP,3219,424,642966
QAP,3220,424,643170
QAP,3221,424,643358
QAP,3222,424,643562
QAP,3223,424,643766
QAP,3224,424,643969
QAP,3225,424,644157
QAP,3226,424,644361
QAP,3227,424,644565
QAP,3228,424,644753
QAP,3229,424,644957
QAP,3230,424,645160
QAP,3231,424,645364
QAP,3232,424,645552
QAP,3233,424,645755
QAP,3234,424,645959
QAP,3235,424,646163
QAP,3236,424,646367
QAP,3237,424,646555
QAP,3238,424,646759
QAP,3239,424,646962
QAP,3240,424,647150
QAP,3241,424,647354
QAP,3242,424,647557
QAP,3243,424,647761
QAP,3244,424,647965
QAP,3245,424,648153
QAP,3246,424,648356
QAP,3247,424,648560
QAP,3248,424,648748
QAP,3249,424,648952
QAP,3250,424,649156
QAP,3251,424,649359
QAP,3252,424,649563
QAP,3253,424,649751
QAP,3254,424,649954
QAP,3255,424,650158
QAP,3256,424,650362
QAP,3257,424,650550
QAP,3258,424,650754
QAP,3259,424,650958
QAP,3260,424,651147
QAP,3261,424,651351
QAP,3262,424,651555
QAP,3263,424,651760
QAP,3264,424,651948
QAP,3265,424,652152
QAP,3266,424,652356
QAP,3267,424,652545
QAP,3268,424,652757
QAP,3269,424,652957
QAP,3270,424,653156
QAP,3271,424,653354
QAP,3272,424,653553
QAP,3273,424,653741
QAP,3274,424,653945
QAP,3275,424,654150
QAP,3276,424,654339
QAP,3277,424,654543
QAP,3278,424,654747
QAP,3279,424,654951
QAP,3280,424,655139
QAP,3281,424,655343
QAP,3282,424,655548
QAP,3283,424,655736
QAP,3284,424,655940
QAP,3285,424,656144
QAP,3286,424,656348
QAP,3287,424,656537
QAP,3288,424,656741
QAP,3289,424,656946
QAP,3290,424,657134
QAP,3291,424,657339
QAP,3292,424,657543
QAP,3293,424,657747
QAP,3294,424,657935
QAP,3295,424,658140
QAP,3296,424,658344
QAP,3297,424,658549
QAP,3298,424,658737
QAP,3299,424,658941
QAP,3300,424,659145
QAP,3301,424,659334
QAP,3302,424,659538
QAP,3303,424,659742
QAP,3304,424,659946
QAP,3305,424,660135
QAP,3306,424,660345
QAP,3307,424,660544
QAP,3308,424,660735
QAP,3309,424,660943
QAP,3310,424,661128
QAP,3311,424,661333
QAP,3312,424,661537
QAP,3313,424,661741
QAP,3314,424,661929
QAP,3315,424,662134
QAP,3316,424,662338
QAP,3317,424,662526
QAP,3318,424,662730
QAP,3319,424,662935
QAP,3320,424,663123
QAP,3321,424,663328
QAP,3322,424,663532
QAP,3323,424,663720
QAP,3324,424,663925
QAP,3325,424,664129
QAP,3326,424,664317
QAP,3327,424,664522
QAP,3328,424,664726
QAP,3329,424,664930
QAP,3330,424,665119
QAP,3331,424,665323
QAP,3332,424,665527
QAP,3333,424,665731
QAP,3334,424,665919
QAP,3335,424,666123
QAP,3336,424,666327
QAP,3337,424,666516
QAP,3338,424,666720
QAP,3339,424,666924
QAP,3340,424,667113
QAP,3341,424,667317
QAP,3342,424,667521
QAP,3343,424,667710
QAP,3344,424,667914
QAP,3345,424,668118
QAP,3346,424,668322
QAP,3347,424,668510
QAP,3348,424,668714
QAP,3349,424,668918
QAP,3350,424,669123
QAP,3351,424,669311
QAP,3352,424,669516
QAP,3353,424,669720
QAP,3354,424,669908
QAP,3355,424,670112
QAP,3356,424,670317
QAP,3357,424,670521
QAP,3358,424,670710
QAP,3359,424,670914
QAP,3360,424,671118
QAP,3361,424,671307
QAP,3362,424,671511
QAP,3363,424,671716
QAP,3364,424,671904
QAP,3365,424,672109
QAP,3366,424,672313
QAP,3367,424,672517
QAP,3368,424,672705
QAP,3369,424,672909
QAP,3370,424,673114
QAP,3371,424,673302
QAP,3372,424,673507
QAP,3373,424,673711
QAP,3374,424,673899
QAP,3375,424,674103
QAP,3376,424,674307
QAP,3377,424,674512
QAP,3378,424,674701
QAP,3379,424,674905
QAP,3380,424,675109
QAP,3381,424,675297
QAP,3382,424,675502
QAP,3383,424,675706
QAP,3384,424,675895
QAP,3385,424,676099
QAP,3386,424,676303
QAP,3387,424,676492
QAP,3388,424,676697
QAP,3389,424,676901
QAP,3390,424,677089
QAP,3391,424,677301
QAP,3392,424,677497
QAP,3393,424,677702
QAP,3394,424,677905
QAP,3395,424,678094
QAP,3396,424,678306
QAP,3397,424,678504
QAP,3398,424,678704
QAP,3399,424,678905
QAP,3400,424,679106
QAP,3401,424,679308
QAP,3402,424,679500
QAP,3403,424,679704
QAP,3404,424,679893
QAP,3405,424,680097
QAP,3406,424,680301
QAP,3407,424,680506
QAP,3408,424,680694
QAP,3409,424,680898
QAP,3410,424,681102
QAP,3411,424,681290
QAP,3412,424,681494
QAP,3413,424,681698
QAP,3414,424,681901
QAP,3415,424,682089
QAP,3416,424,682293
QAP,3417,424,682497
QAP,3418,424,682701
QAP,3419,424,682889
QAP,3420,424,683093
QAP,3421,424,683297
QAP,3422,424,683486
QAP,3423,424,683690
QAP,3424,424,683894
QAP,3425,424,684083
QAP,3426,424,684287
QAP,3427,424,684491
QAP,3428,424,684680
QAP,3429,424,684884
QAP,3430,424,685088
QAP,3431,424,685276
QAP,3432,424,685489
QAP,3433,424,685685
QAP,3434,424,685888
QAP,3435,424,686076
QAP,3436,424,686280
QAP,3437,424,686484
QAP,3438,424,686688
QAP,3439,424,686876
QAP,3440,424,687080
QAP,3441,424,687285
QAP,3442,424,687473
QAP,3443,424,687677
QAP,3444,424,687882
QAP,3445,424,688086
QAP,3446,424,688275
QAP,3447,424,688479
QAP,3448,424,688683
QAP,3449,424,688871
QAP,3450,424,689076
QAP,3451,424,689280
QAP,3452,424,689483
QAP,3453,424,689671
QAP,3454,424,689876
QAP,3455,424,690080
QAP,3456,424,690284
QAP,3457,424,690472
QAP,3458,424,690676
QAP,3459,424,690880
QAP,3460,424,691069
QAP,3461,424,691273
QAP,3462,424,691477
QAP,3463,424,691666
QAP,3464,424,691870
QAP,3465,424,692074
QAP,3466,424,692263
QAP,3467,424,692467
QAP,3468,424,692671
QAP,3469,424,692876
QAP,3470,424,693064
QAP,3471,424,693269
QAP,3472,424,693457
QAP,3473,424,693670
QAP,3474,424,693866
QAP,3475,424,694070
QAP,3476,424,694259
QAP,3477,424,694463
QAP,3478,424,694667
QAP,3479,424,694856
QAP,3480,424,695060
QAP,3481,424,695264
QAP,3482,424,695468
QAP,3483,424,695657
QAP,3484,424,695861
QAP,3485,424,696065
QAP,3486,424,696254
QAP,3487,424,696458
QAP,3488,424,696663
QAP,3489,424,696851
QAP,3490,424,697055
QAP,3491,424,697259
QAP,3492,424,697448
QAP,3493,424,697651
QAP,3494,424,697856
QAP,3495,424,698060
QAP,3496,424,698248
QAP,3497,424,698452
QAP,3498,424,698661
QAP,3499,424,698845
QAP,3500,424,699049
QAP,3501,424,699254
QAP,3502,424,699458
QAP,3503,424,699647
QAP,3504,424,699851
QAP,3505,424,700056
QAP,3506,424,700244
QAP,3507,424,700448
QAP,3508,424,700653
QAP,3509,424,700857
QAP,3510,424,701045
QAP,3511,424,701249
QAP,3512,424,701453
QAP,3513,424,701657
QAP,3514,424,701845
QAP,3515,424,702050
QAP,3516,424,702254
QAP,3517,424,702459
QAP,3518,424,702655
QAP,3519,424,702852
QAP,3520,424,703056
QAP,3521,424,703261
QAP,3522,424,703449
QAP,3523,424,703654
QAP,3524,424,703858
QAP,3525,424,704046
QAP,3526,424,704250
QAP,3527,424,704454
QAP,3528,424,704659
QAP,3529,424,704863
QAP,3530,424,705051
QAP,3531,424,705256
QAP,3532,424,705460
QAP,3533,424,705648
QAP,3534,424,705853
QAP,3535,424,706057
QAP,3536,424,706261
QAP,3537,424,706450
QAP,3538,424,706654
QAP,3539,424,706858
QAP,3540,424,707047
QAP,3541,424,707251
QAP,3542,424,707455
QAP,3543,424,707661
QAP,3544,424,707848
QAP,3545,424,708052
QAP,3546,424,708256
QAP,3547,424,708461
QAP,3548,424,708665
QAP,3549,424,708854
QAP,3550,424,709058
QAP,3551,424,709262
QAP,3552,424,709451
QAP,3553,424,709655
QAP,3554,424,709860
QAP,3555,424,710064
QAP,3556,424,710252
QAP,3557,424,710457
QAP,3558,424,710661
QAP,3559,424,710850
QAP,3560,424,711054
QAP,3561,424,711258
QAP,3562,424,711462
QAP,3563,424,711650
QAP,3564,424,711854
QAP,3565,424,712058
QAP,3566,424,712247
QAP,3567,424,712451
QAP,3568,424,712655
QAP,3569,424,712860
QAP,3570,424,713048
QAP,3571,424,713253
QAP,3572,424,713457
QAP,3573,424,713661
QAP,3574,424,713849
QAP,3575,424,714053
QAP,3576,424,714257
QAP,3577,424,714446
QAP,3578,424,714650
QAP,3579,424,714854
QAP,3580,424,715059
QAP,3581,424,715248
QAP,3582,424,715452
QAP,3583,424,715656
QAP,3584,424,715845
QAP,3585,424,716049
QAP,3586,424,716253
QAP,3587,424,716442
QAP,3588,424,716646
QAP,3589,424,716850
QAP,3590,424,717054
QAP,3591,424,717243
QAP,3592,424,717446
QAP,3593,424,717650
QAP,3594,424,717854
QAP,3595,424,718042
QAP,3596,424,718246
QAP,3597,424,718450
QAP,3598,424,718638
QAP,3599,424,718842
QAP,3600,424,719046
QAP,3601,424,719249
QAP,3602,424,719453
QAP,3603,424,719641
QAP,3604,424,719845
QAP,3605,424,720049
QAP,3606,424,720236
QAP,3607,424,720440
QAP,3608,424,720644
QAP,3609,424,720848
QAP,3610,424,721036
QAP,3611,424,721240
QAP,3612,424,721445
QAP,3613,424,721633
QAP,3614,424,721838
QAP,3615,424,722042
QAP,3616,424,722246
QAP,3617,424,722435
QAP,3618,424,722638
QAP,3619,424,722844
QAP,3620,424,723031
QAP,3621,424,723235
QAP,3622,424,723439
QAP,3623,424,723642
QAP,3624,424,723831
QAP,3625,424,724034
QAP,3626,424,724238
QAP,3627,424,724442
QAP,3628,424,724631
QAP,3629,424,724834
QAP,3630,424,725038
QAP,3631,424,725226
QAP,3632,424,725430
QAP,3633,424,725635
QAP,3634,424,725839
QAP,3635,424,726043
QAP,3636,424,726231
QAP,3637,424,726436
QAP,3638,424,726640
QAP,3639,424,726829
QAP,3640,424,727033
QAP,3641,424,727237
QAP,3642,424,727425
QAP,3643,424,727629
QAP,3644,424,727838
QAP,3645,424,728039
QAP,3646,424,728239
QAP,3647,424,728439
QAP,3648,424,728638
QAP,3649,424,728837
QAP,3650,424,729036
QAP,3651,424,729239
QAP,3652,424,729438
QAP,3653,424,729637
QAP,3654,424,729836
QAP,3655,424,730037
QAP,3656,424,730230
QAP,3657,424,730427
QAP,3658,424,730632
QAP,3659,424,730820
QAP,3660,424,731025
QAP,3661,424,731229
QAP,3662,424,731433
QAP,3663,424,731622
QAP,3664,424,731833
QAP,3665,424,732030
QAP,3666,424,732234
QAP,3667,424,732423
QAP,3668,424,732627
QAP,3669,424,732832
QAP,3670,424,733032
QAP,3671,424,733232
QAP,3672,424,733433
QAP,3673,424,733620
QAP,3674,424,733824
QAP,3675,424,734028
QAP,3676,424,734216
QAP,3677,424,734420
QAP,3678,424,734625
QAP,3679,424,734829
QAP,3680,424,735018
QAP,3681,424,735222
QAP,3682,424,735426
QAP,3683,424,735615
QAP,3684,424,735819
QAP,3685,424,736023
QAP,3686,424,736212
QAP,3687,424,736416
QAP,3688,424,736620
QAP,3689,424,736824
QAP,3690,424,737013
QAP,3691,424,737218
QAP,3692,424,737422
QAP,3693,424,737626
QAP,3694,424,737815
QAP,3695,424,738019
QAP,3696,424,738223
QAP,3697,424,738411
QAP,3698,424,738616
QAP,3699,424,738819
QAP,3700,424,739008
QAP,3701,424,739212
QAP,3702,424,739416
QAP,3703,424,739620
QAP,3704,424,739808
QAP,3705,424,740018
QAP,3706,424,740216
QAP,3707,424,740404
QAP,3708,424,740609
QAP,3709,424,740813
QAP,3710,424,741017
QAP,3711,424,741206
QAP,3712,424,741410
QAP,3713,424,741614
QAP,3714,424,741802
QAP,3715,424,742007
QAP,3716,424,742211
QAP,3717,424,742400
QAP,3718,424,742604
QAP,3719,424,742808
QAP,3720,424,743011
QAP,3721,424,743211
QAP,3722,424,743411
QAP,3723,424,743612
QAP,3724,424,743811
QAP,3725,424,744009
QAP,3726,424,744198
QAP,3727,424,744402
QAP,3728,424,744607
QAP,3729,424,744796
QAP,3730,424,745000
QAP,3731,424,745204
QAP,3732,424,745408
QAP,3733,424,745597
QAP,3734,424,745801
QAP,3735,424,746006
QAP,3736,424,746194
QAP,3737,424,746399
QAP,3738,424,746603
QAP,3739,424,746792
QAP,3740,424,746996
QAP,3741,424,747201
QAP,3742,424,747404
QAP,3743,424,747593
QAP,3744,424,747797
QAP,3745,424,748001
QAP,3746,424,748205
QAP,3747,424,748394
QAP,3748,424,748598
QAP,3749,424,748803
QAP,3750,424,748992
QAP,3751,424,749196
QAP,3752,424,749400
QAP,3753,424,749589
QAP,3754,424,749793
QAP,3755,424,749997
QAP,3756,424,750201
QAP,3757,424,750390
QAP,3758,424,750594
QAP,3759,424,750798
QAP,3760,424,751002
QAP,3761,424,751190
QAP,3762,424,751394
QAP,3763,424,751598
QAP,3764,424,751801
QAP,3765,424,751989
QAP,3766,424,752193
QAP,3767,424,752397
QAP,3768,424,752601
QAP,3769,424,752797
QAP,3770,424,752993
QAP,3771,424,753196
QAP,3772,424,753400
QAP,3773,424,753604
QAP,3774,424,753792
QAP,3775,424,753996
QAP,3776,424,754200
QAP,3777,424,754403
QAP,3778,424,754592
QAP,3779,424,754795
QAP,3780,424,755003
QAP,3781,424,755203
QAP,3782,424,755391
QAP,3783,424,755595
QAP,3784,424,755799
QAP,3785,424,756002
QAP,3786,424,756193
QAP,3787,424,756396
QAP,3788,424,756600
QAP,3789,424,756788
QAP,3790,424,756991
QAP,3791,424,757195
QAP,3792,424,757399
QAP,3793,424,757587
QAP,3794,424,757791
QAP,3795,424,757994
QAP,3796,424,758198
QAP,3797,424,758386
QAP,3798,424,758590
QAP,3799,424,758793
QAP,3800,424,758981
QAP,3801,424,759185
QAP,3802,424,759389
QAP,3803,424,759593
QAP,3804,424,759781
QAP,3805,424,759984
QAP,3806,424,760189
QAP,3807,424,760392
QAP,3808,424,760581
QAP,3809,424,760785
QAP,3810,424,760988
QAP,3811,424,761192
QAP,3812,424,761395
QAP,3813,424,761583
QAP,3814,424,761787
QAP,3815,424,761991
QAP,3816,424,762194
QAP,3817,424,762382
QAP,3818,424,762586
QAP,3819,424,762790
QAP,3820,424,762993
QAP,3821,424,763198
QAP,3822,424,763401
QAP,3823,424,763589
QAP,3824,424,763793
QAP,3825,424,763997
QAP,3826,424,764200
QAP,3827,424,764388
QAP,3828,424,764592
QAP,3829,424,764795
QAP,3830,424,764999
QAP,3831,424,765187
QAP,3832,424,765391
QAP,3833,424,765595
QAP,3834,424,765798
QAP,3835,424,765987
QAP,3836,424,766190
QAP,3837,424,766394
QAP,3838,424,766582
QAP,3839,424,766786
QAP,3840,424,766990
QAP,3841,424,767194
QAP,3842,424,767382
QAP,3843,424,767586
QAP,3844,424,767789
QAP,3845,424,767993
QAP,3846,424,768193
QAP,3847,424,768394
QAP,3848,424,768594
QAP,3849,424,768794
QAP,3850,424,768994
QAP,3851,424,769193
QAP,3852,424,769393
QAP,3853,424,769589
QAP,3854,424,769778
QAP,3855,424,769981
QAP,3856,424,770186
QAP,3857,424,770390
QAP,3858,424,770579
QAP,3859,424,770783
QAP,3860,424,770988
QAP,3861,424,771176
QAP,3862,424,771380
QAP,3863,424,771584
QAP,3864,424,771773
QAP,3865,424,771978
QAP,3866,424,772182
QAP,3867,424,772371
QAP,3868,424,772575
QAP,3869,424,772779
QAP,3870,424,772967
QAP,3871,424,773171
QAP,3872,424,773374
QAP,3873,424,773578
QAP,3874,424,773782
QAP,3875,424,773970
QAP,3876,424,774173
QAP,3877,424,774378
QAP,3878,424,774581
QAP,3879,424,774769
QAP,3880,424,774973
QAP,3881,424,775177
QAP,3882,424,775380
QAP,3883,424,775569
QAP,3884,424,775772
QAP,3885,424,775976
QAP,3886,424,776180
QAP,3887,424,776367
QAP,3888,424,776571
QAP,3889,424,776775
QAP,3890,424,776979
QAP,3891,424,777167
QAP,3892,424,777370
QAP,3893,424,777574
QAP,3894,424,777762
QAP,3895,424,777966
QAP,3896,424,778176
QAP,3897,424,778373
QAP,3898,424,778561
QAP,3899,424,778765
QAP,3900,424,778969
QAP,3901,424,779175
QAP,3902,424,779376
QAP,3903,424,779577
QAP,3904,424,779773
QAP,3905,424,779977
QAP,3906,424,780165
QAP,3907,424,780369
QAP,3908,424,780573
QAP,3909,424,780762
QAP,3910,424,780966
QAP,3911,424,781170
QAP,3912,424,781359
QAP,3913,424,781563
QAP,3914,424,781767
QAP,3915,424,781956
QAP,3916,424,782160
QAP,3917,424,782364
QAP,3918,424,782553
QAP,3919,424,782757
QAP,3920,424,782964
QAP,3921,424,783166
QAP,3922,424,783365
QAP,3923,424,783564
QAP,3924,424,783764
QAP,3925,424,783963
QAP,3926,424,784162
QAP,3927,424,784362
QAP,3928,424,784564
QAP,3929,424,784764
QAP,3930,424,784964
QAP,3931,424,785164
QAP,3932,424,785364
QAP,3933,424,785553
QAP,3934,424,785758
QAP,3935,424,785962
QAP,3936,424,786150
QAP,3937,424,786363
QAP,3938,424,786559
QAP,3939,424,786763
QAP,3940,424,786951
QAP,3941,424,787155
QAP,3942,424,787358
QAP,3943,424,787562
QAP,3944,424,787750
QAP,3945,424,787955
QAP,3946,424,788159
QAP,3947,424,788348
QAP,3948,424,788552
QAP,3949,424,788756
QAP,3950,424,788960
QAP,3951,424,789148
QAP,3952,424,789353
QAP,3953,424,789557
QAP,3954,424,789761
QAP,3955,424,789950
QAP,3956,424,790154
QAP,3957,424,790359
QAP,3958,424,790547
QAP,3959,424,790752
QAP,3960,424,790956
QAP,3961,424,791144
QAP,3962,424,791348
QAP,3963,424,791553
QAP,3964,424,791757
QAP,3965,424,791945
QAP,3966,424,792149
QAP,3967,424,792353
QAP,3968,424,792557
QAP,3969,424,792746
QAP,3970,424,792950
QAP,3971,424,793155
QAP,3972,424,793359
QAP,3973,424,793548
QAP,3974,424,793752
QAP,3975,424,793956
QAP,3976,424,794160
QAP,3977,424,794349
QAP,3978,424,794553
QAP,3979,424,794757
QAP,3980,424,794946
QAP,3981,424,795150
QAP,3982,424,795355
QAP,3983,424,795543
QAP,3984,424,795747
QAP,3985,424,795951
QAP,3986,424,796156
QAP,3987,424,796344
QAP,3988,424,796548
QAP,3989,424,796753
QAP,3990,424,796941
QAP,3991,424,797146
QAP,3992,424,797350
QAP,3993,424,797539
QAP,3994,424,797743
QAP,3995,424,797947
QAP,3996,424,798151
QAP,3997,424,798340
QAP,3998,424,798544
QAP,3999,424,798748
QAP,4000,424,798937
QAP,4001,424,799142
QAP,4002,424,799345
QAP,4003,424,799534
QAP,4004,424,799738
QAP,4005,424,799942
QAP,4006,424,800131
QAP,4007,424,800335
QAP,4008,424,800540
QAP,4009,424,800728
QAP,4010,424,800932
QAP,4011,424,801136
QAP,4012,424,801340
QAP,4013,424,801529
QAP,4014,424,801733
QAP,4015,424,801937
QAP,4016,424,802125
QAP,4017,424,802329
QAP,4018,424,802534
QAP,4019,424,802722
QAP,4020,424,802927
QAP,4021,424,803130
QAP,4022,424,803334
QAP,4023,424,803522
QAP,4024,424,803726
QAP,4025,424,803930
QAP,4026,424,804119
QAP,4027,424,804323
QAP,4028,424,804528
QAP,4029,424,804716
QAP,4030,424,804928
QAP,4031,424,805125
QAP,4032,424,805328
QAP,4033,424,805528
QAP,4034,424,805728
QAP,4035,424,805926
QAP,4036,424,806126
QAP,4037,424,806324
QAP,4038,424,806524
QAP,4039,424,806724
QAP,4040,424,806922
QAP,4041,424,807124
QAP,4042,424,807322
QAP,4043,424,807512
QAP,4044,424,807717
QAP,4045,424,807921
QAP,4046,424,808110
QAP,4047,424,808314
QAP,4048,424,808518
QAP,4049,424,808707
QAP,4050,424,808911
QAP,4051,424,809115
QAP,4052,424,809319
QAP,4053,424,809507
QAP,4054,424,809712
QAP,4055,424,809916
QAP,4056,424,810104
QAP,4057,424,810308
QAP,4058,424,810512
QAP,4059,424,810716
QAP,4060,424,810905
QAP,4061,424,811109
QAP,4062,424,811313
QAP,4063,424,811501
QAP,4064,424,811705
QAP,4065,424,811909
QAP,4066,424,812098
QAP,4067,424,812302
QAP,4068,424,812507
QAP,4069,424,812712
QAP,4070,424,812900
QAP,4071,424,813105
QAP,4072,424,813309
QAP,4073,424,813498
QAP,4074,424,813702
QAP,4075,424,813906
QAP,4076,424,814095
QAP,4077,424,814299
QAP,4078,424,814503
QAP,4079,424,814692
QAP,4080,424,814896
QAP,4081,424,815100
QAP,4082,424,815289
QAP,4083,424,815493
QAP,4084,424,815697
QAP,4085,424,815901
QAP,4086,424,816090
QAP,4087,424,816302
QAP,4088,424,816502
QAP,4089,424,816703
QAP,4090,424,816902
QAP,4091,424,817101
QAP,4092,424,817301
QAP,4093,424,817498
QAP,4094,424,817686
QAP,4095,424,817891
QAP,4096,424,818095
QAP,4097,424,818283
QAP,4098,424,818487
QAP,4099,424,818692
QAP,4100,424,818880
QAP,4101,424,819085
QAP,4102,424,819289
QAP,4103,424,819477
QAP,4104,424,819682
QAP,4105,424,819886
QAP,4106,424,820091
QAP,4107,424,820280
QAP,4108,424,820484
QAP,4109,424,820688
QAP,4110,424,820877
QAP,4111,424,821082
QAP,4112,424,821286
QAP,4113,424,821490
QAP,4114,424,821678
QAP,4115,424,821883
QAP,4116,424,822087
QAP,4117,424,822278
QAP,4118,424,822480
QAP,4119,424,822684
QAP,4120,424,822888
QAP,4121,424,823076
QAP,4122,424,823280
QAP,4123,424,823485
QAP,4124,424,823689
QAP,4125,424,823878
QAP,4126,424,824082
QAP,4127,424,824286
QAP,4128,424,824474
QAP,4129,424,824679
QAP,4130,424,824883
QAP,4131,424,825071
QAP,4132,424,825275
QAP,4133,424,825482
QAP,4134,424,825668
QAP,4135,424,825872
QAP,4136,424,826077
QAP,4137,424,826281
QAP,4138,424,826469
QAP,4139,424,826673
QAP,4140,424,826878
QAP,4141,424,827066
QAP,4142,424,827278
QAP,4143,424,827475
QAP,4144,424,827680
QAP,4145,424,827878
QAP,4146,424,828072
QAP,4147,424,828277
QAP,4148,424,828478
QAP,4149,424,828670
QAP,4150,424,828874
QAP,4151,424,829063
QAP,4152,424,829267
QAP,4153,424,829471
QAP,4154,424,829676
QAP,4155,424,829864
QAP,4156,424,830068
QAP,4157,424,830272
QAP,4158,424,830461
QAP,4159,424,830665
QAP,4160,424,830870
QAP,4161,424,831058
QAP,4162,424,831263
QAP,4163,424,831467
QAP,4164,424,831671
QAP,4165,424,831860
QAP,4166,424,832064
QAP,4167,424,832268
QAP,4168,424,832456
QAP,4169,424,832661
QAP,4170,424,832865
QAP,4171,424,833053
QAP,4172,424,833258
QAP,4173,424,833462
QAP,4174,424,833667
QAP,4175,424,833855
QAP,4176,424,834066
QAP,4177,424,834264
QAP,4178,424,834452
QAP,4179,424,834657
QAP,4180,424,834861
QAP,4181,424,835050
QAP,4182,424,835254
QAP,4183,424,835459
QAP,4184,424,835663
QAP,4185,424,835851
QAP,4186,424,836056
QAP,4187,424,836260
QAP,4188,424,836464
QAP,4189,424,836653
QAP,4190,424,836857
QAP,4191,424,837061
QAP,4192,424,837250
QAP,4193,424,837454
QAP,4194,424,837658
QAP,4195,424,837862
QAP,4196,424,838051
QAP,4197,424,838255
QAP,4198,424,838460
QAP,4199,424,838648
QAP,4200,424,838852
QAP,4201,424,839057
QAP,4202,424,839245
QAP,4203,424,839449
QAP,4204,424,839654
QAP,4205,424,839842
QAP,4206,424,840046
QAP,4207,424,840251
QAP,4208,424,840440
QAP,4209,424,840644
QAP,4210,424,840848
QAP,4211,424,841053
QAP,4212,424,841241
QAP,4213,424,841446
QAP,4214,424,841650
QAP,4215,424,841838
QAP,4216,424,842043
QAP,4217,424,842247
QAP,4218,424,842436
QAP,4219,424,842641
QAP,4220,424,842845
QAP,4221,424,843042
QAP,4222,424,843238
QAP,4223,424,843442
QAP,4224,424,843631
QAP,4225,424,843835
QAP,4226,424,844040
QAP,4227,424,844228
QAP,4228,424,844433
QAP,4229,424,844637
QAP,4230,424,844825
QAP,4231,424,845030
QAP,4232,424,845234
QAP,4233,424,845422
QAP,4234,424,845626
QAP,4235,424,845830
QAP,4236,424,846019
QAP,4237,424,846223
QAP,4238,424,846427
QAP,4239,424,846631
QAP,4240,424,846820
QAP,4241,424,847024
QAP,4242,424,847228
QAP,4243,424,847432
QAP,4244,424,847621
QAP,4245,424,847825
QAP,4246,424,848029
QAP,4247,424,848233
QAP,4248,424,848422
QAP,4249,424,848626
QAP,4250,424,848830
QAP,4251,424,849018
QAP,4252,424,849223
QAP,4253,424,849427
QAP,4254,424,849631
QAP,4255,424,849820
QAP,4256,424,850024
QAP,4257,424,850228
QAP,4258,424,850433
QAP,4259,424,850621
QAP,4260,424,850825
QAP,4261,424,851030
QAP,4262,424,851218
QAP,4263,424,851422
QAP,4264,424,851626
QAP,4265,424,851814
QAP,4266,424,852019
QAP,4267,424,852223
QAP,4268,424,852426
QAP,4269,424,852615
QAP,4270,424,852819
QAP,4271,424,853023
QAP,4272,424,853212
QAP,4273,424,853416
QAP,4274,424,853620
QAP,4275,424,853809
QAP,4276,424,854013
QAP,4277,424,854217
QAP,4278,424,854421
QAP,4279,424,854609
QAP,4280,424,854814
QAP,4281,424,855019
QAP,4282,424,855207
QAP,4283,424,855410
QAP,4284,424,855615
QAP,4285,424,855803
QAP,4286,424,856008
QAP,4287,424,856212
QAP,4288,424,856417
QAP,4289,424,856605
QAP,4290,424,856809
QAP,4291,424,857013
QAP,4292,424,857202
QAP,4293,424,857406
QAP,4294,424,857611
QAP,4295,424,857799
QAP,4296,424,858003
QAP,4297,424,858208
QAP,4298,424,858412
QAP,4299,424,858609
QAP,4300,424,858805
QAP,4301,424,859011
QAP,4302,424,859210
QAP,4303,424,859412
QAP,4304,424,859611
QAP,4305,424,859799
QAP,4306,424,860004
QAP,4307,424,860207
QAP,4308,424,860395
QAP,4309,424,860614
QAP,4310,424,860814
QAP,4311,424,861015
QAP,4312,424,861216
QAP,4313,424,861416
QAP,4314,424,861604
QAP,4315,424,861809
QAP,4316,424,862013
QAP,4317,424,862201
QAP,4318,424,862406
QAP,4319,424,862610
QAP,4320,424,862799
QAP,4321,424,863003
QAP,4322,424,863208
QAP,4323,424,863396
QAP,4324,424,863609
QAP,4325,424,863808
QAP,4326,424,864009
QAP,4327,424,864209
QAP,4328,424,864407
QAP,4329,424,864608
QAP,4330,424,864808
QAP,4331,424,865007
QAP,4332,424,865194
QAP,4333,424,865397
QAP,4334,424,865602
QAP,4335,424,865806
QAP,4336,424,865995
QAP,4337,424,866198
QAP,4338,424,866403
QAP,4339,424,866591
QAP,4340,424,866795
QAP,4341,424,866999
QAP,4342,424,867203
QAP,4343,424,867391
QAP,4344,424,867596
QAP,4345,424,867800
QAP,4346,424,868004
QAP,4347,424,868192
QAP,4348,424,868397
QAP,4349,424,868601
QAP,4350,424,868790
QAP,4351,424,868994
QAP,4352,424,869198
QAP,4353,424,869387
QAP,4354,424,869591
QAP,4355,424,869795
QAP,4356,424,869984
QAP,4357,424,870188
QAP,4358,424,870392
QAP,4359,424,870581
QAP,4360,424,870785
QAP,4361,424,870990
QAP,4362,424,871178
QAP,4363,424,871382
QAP,4364,424,871586
QAP,4365,424,871791
QAP,4366,424,871979
QAP,4367,424,872184
QAP,4368,424,872388
QAP,4369,424,872592
QAP,4370,424,872781
QAP,4371,424,872985
QAP,4372,424,873190
QAP,4373,424,873378
QAP,4374,424,873591
QAP,4375,424,873791
QAP,4376,424,873991
QAP,4377,424,874190
QAP,4378,424,874390
QAP,4379,424,874588
QAP,4380,424,874789
QAP,4381,424,874988
QAP,4382,424,875188
QAP,4383,424,875388
QAP,4384,424,875588
QAP,4385,424,875789
QAP,4386,424,875987
QAP,4387,424,876184
QAP,4388,424,876388
QAP,4389,424,876577
QAP,4390,424,876782
QAP,4391,424,876987
QAP,4392,424,877191
QAP,4393,424,877379
QAP,4394,424,877583
QAP,4395,424,877788
QAP,4396,424,877992
QAP,4397,424,878181
QAP,4398,424,878385
QAP,4399,424,878590
QAP,4400,424,878779
QAP,4401,424,878983
QAP,4402,424,879187
QAP,4403,424,879391
QAP,4404,424,879580
QAP,4405,424,879788
QAP,4406,424,879991
QAP,4407,424,880178
QAP,4408,424,880381
QAP,4409,424,880585
QAP,4410,424,880789
QAP,4411,424,880977
QAP,4412,424,881180
QAP,4413,424,881384
QAP,4414,424,881588
QAP,4415,424,881784
QAP,4416,424,881980
QAP,4417,424,882183
QAP,4418,424,882371
QAP,4419,424,882575
QAP,4420,424,882778
QAP,4421,424,882982
QAP,4422,424,883170
QAP,4423,424,883374
QAP,4424,424,883578
QAP,4425,424,883782
QAP,4426,424,883969
QAP,4427,424,884173
QAP,4428,424,884377
QAP,4429,424,884581
QAP,4430,424,884769
QAP,4431,424,884972
QAP,4432,424,885176
QAP,4433,424,885380
QAP,4434,424,885568
QAP,4435,424,885772
QAP,4436,424,885976
QAP,4437,424,886165
QAP,4438,424,886369
QAP,4439,424,886572
QAP,4440,424,886776
QAP,4441,424,886964
QAP,4442,424,887168
QAP,4443,424,887371
QAP,4444,424,887575
QAP,4445,424,887763
QAP,4446,424,887967
QAP,4447,424,888174
QAP,4448,424,888358
QAP,4449,424,888562
QAP,4450,424,888766
QAP,4451,424,888970
QAP,4452,424,889159
QAP,4453,424,889363
QAP,4454,424,889568
QAP,4455,424,889772
QAP,4456,424,889961
QAP,4457,424,890164
QAP,4458,424,890368
QAP,4459,424,890572
QAP,4460,424,890760
QAP,4461,424,890971
QAP,4462,424,891169
QAP,4463,424,891369
QAP,4464,424,891568
QAP,4465,424,891768
QAP,4466,424,891967
QAP,4467,424,892167
QAP,4468,424,892366
QAP,4469,424,892566
QAP,4470,424,892769
QAP,4471,424,892968
QAP,4472,424,893168
QAP,4473,424,893367
QAP,4474,424,893554
QAP,4475,424,893758
QAP,4476,424,893962
QAP,4477,424,894166
QAP,4478,424,894355
QAP,4479,424,894559
QAP,4480,424,894765
QAP,4481,424,894964
QAP,4482,424,895163
QAP,4483,424,895362
QAP,4484,424,895562
QAP,4485,424,895760
QAP,4486,424,895960
QAP,4487,424,896161
QAP,4488,424,896359
QAP,4489,424,896563
QAP,4490,424,896753
QAP,4491,424,896957
QAP,4492,424,897161
QAP,4493,424,897350
QAP,4494,424,897554
QAP,4495,424,897759
QAP,4496,424,897962
QAP,4497,424,898150
QAP,4498,424,898354
QAP,4499,424,898558
QAP,4500,424,898763
QAP,4501,424,898951
QAP,4502,424,899156
QAP,4503,424,899360
QAP,4504,424,899549
QAP,4505,424,899753
QAP,4506,424,899957
QAP,4507,424,900161
QAP,4508,424,900350
QAP,4509,424,900554
QAP,4510,424,900759
QAP,4511,424,900947
QAP,4512,424,901151
QAP,4513,424,901355
QAP,4514,424,901544
QAP,4515,424,901748
QAP,4516,424,901952
QAP,4517,424,902140
QAP,4518,424,902344
QAP,4519,424,902549
QAP,4520,424,902753
QAP,4521,424,902942
QAP,4522,424,903147
QAP,4523,424,903351
QAP,4524,424,903555
QAP,4525,424,903744
QAP,4526,424,903948
QAP,4527,424,904152
QAP,4528,424,904341
QAP,4529,424,904545
QAP,4530,424,904749
QAP,4531,424,904937
QAP,4532,424,905142
QAP,4533,424,905346
QAP,4534,424,905535
QAP,4535,424,905743
QAP,4536,424,905943
QAP,4537,424,906147
QAP,4538,424,906336
QAP,4539,424,906540
QAP,4540,424,906745
QAP,4541,424,906933
QAP,4542,424,907137
QAP,4543,424,907341
QAP,4544,424,907530
QAP,4545,424,907734
QAP,4546,424,907938
QAP,4547,424,908127
QAP,4548,424,908331
QAP,4549,424,908535
QAP,4550,424,908740
QAP,4551,424,908929
QAP,4552,424,909133
QAP,4553,424,909337
QAP,4554,424,909525
QAP,4555,424,909729
QAP,4556,424,909934
QAP,4557,424,910122
QAP,4558,424,910327
QAP,4559,424,910531
QAP,4560,424,910735
QAP,4561,424,910924
QAP,4562,424,911127
QAP,4563,424,911332
QAP,4564,424,911536
QAP,4565,424,911740
QAP,4566,424,911945
QAP,4567,424,912133
QAP,4568,424,912337
QAP,4569,424,912541
QAP,4570,424,912730
QAP,4571,424,912934
QAP,4572,424,913143
QAP,4573,424,913343
QAP,4574,424,913531
QAP,4575,424,913736
QAP,4576,424,913940
QAP,4577,424,914143
QAP,4578,424,914331
QAP,4579,424,914535
QAP,4580,424,914739
QAP,4581,424,914943
QAP,4582,424,915131
QAP,4583,424,915334
QAP,4584,424,915538
QAP,4585,424,915741
QAP,4586,424,915930
QAP,4587,424,916133
QAP,4588,424,916337
QAP,4589,424,916541
QAP,4590,424,916728
QAP,4591,424,916932
QAP,4592,424,917136
QAP,4593,424,917340
QAP,4594,424,917528
QAP,4595,424,917731
QAP,4596,424,917935
QAP,4597,424,918123
QAP,4598,424,918327
QAP,4599,424,918531
QAP,4600,424,918735
QAP,4601,424,918923
QAP,4602,424,919127
QAP,4603,424,919330
QAP,4604,424,919518
QAP,4605,424,919722
QAP,4606,424,919926
QAP,4607,424,920130
QAP,4608,424,920318
QAP,4609,424,920522
QAP,4610,424,920725
QAP,4611,424,920929
QAP,4612,424,921117
QAP,4613,424,921321
QAP,4614,424,921525
QAP,4615,424,921728
QAP,4616,424,921916
QAP,4617,424,922120
QAP,4618,424,922323
QAP,4619,424,922527
QAP,4620,424,922715
QAP,4621,424,922919
QAP,4622,424,923123
QAP,4623,424,923326
QAP,4624,424,923530
QAP,4625,424,923718
QAP,4626,424,923922
QAP,4627,424,924126
QAP,4628,424,924329
QAP,4629,424,924517
QAP,4630,424,924721
QAP,4631,424,924925
QAP,4632,424,925128
QAP,4633,424,925332
QAP,4634,424,925521
QAP,4635,424,925724
QAP,4636,424,925928
QAP,4637,424,926132
QAP,4638,424,926320
QAP,4639,424,926524
QAP,4640,424,926727
QAP,4641,424,926931
QAP,4642,424,927119
QAP,4643,424,927322
QAP,4644,424,927526
QAP,4645,424,927730
QAP,4646,424,927934
QAP,4647,424,928129
QAP,4648,424,928326
QAP,4649,424,928529
QAP,4650,424,928733
QAP,4651,424,928921
QAP,4652,424,929125
QAP,4653,424,929328
QAP,4654,424,929533
QAP,4655,424,929721
QAP,4656,424,929925
QAP,4657,424,930128
QAP,4658,424,930332
QAP,4659,424,930520
QAP,4660,424,930724
QAP,4661,424,930928
QAP,4662,424,931131
QAP,4663,424,931319
QAP,4664,424,931523
QAP,4665,424,931727
QAP,4666,424,931930
QAP,4667,424,932134
QAP,4668,424,932322
QAP,4669,424,932526
QAP,4670,424,932729
QAP,4671,424,932933
QAP,4672,424,933121
QAP,4673,424,933325
QAP,4674,424,933529
QAP,4675,424,933733
QAP,4676,424,933921
QAP,4677,424,934125
QAP,4678,424,934328
QAP,4679,424,934532
QAP,4680,424,934736
QAP,4681,424,934924
QAP,4682,424,935127
QAP,4683,424,935331
QAP,4684,424,935535
QAP,4685,424,935723
QAP,4686,424,935926
QAP,4687,424,936130
QAP,4688,424,936334
QAP,4689,424,936538
QAP,4690,424,936726
QAP,4691,424,936929
QAP,4692,424,937140
QAP,4693,424,937340
QAP,4694,424,937538
QAP,4695,424,937739
QAP,4696,424,937924
QAP,4697,424,938128
QAP,4698,424,938338
QAP,4699,424,938536
QAP,4700,424,938725
QAP,4701,424,938929
QAP,4702,424,939133
QAP,4703,424,939338
QAP,4704,424,939526
QAP,4705,424,939730
QAP,4706,424,939935
QAP,4707,424,940123
QAP,4708,424,940327
QAP,4709,424,940531
QAP,4710,424,940720
QAP,4711,424,940924
QAP,4712,424,941128
QAP,4713,424,941332
QAP,4714,424,941520
QAP,4715,424,941725
QAP,4716,424,941929
QAP,4717,424,942117
QAP,4718,424,942321
QAP,4719,424,942526
QAP,4720,424,942714
QAP,4721,424,942919
QAP,4722,424,943123
QAP,4723,424,943328
QAP,4724,424,943516
QAP,4725,424,943720
QAP,4726,424,943925
QAP,4727,424,944129
QAP,4728,424,944318
QAP,4729,424,944522
QAP,4730,424,944727
QAP,4731,424,944915
QAP,4732,424,945119
QAP,4733,424,945323
QAP,4734,424,945512
QAP,4735,424,945717
QAP,4736,424,945921
QAP,4737,424,946109
QAP,4738,424,946314
QAP,4739,424,946518
QAP,4740,424,946722
QAP,4741,424,946910
QAP,4742,424,947113
QAP,4743,424,947317
QAP,4744,424,947521
QAP,4745,424,947709
QAP,4746,424,947913
QAP,4747,424,948116
QAP,4748,424,948304
QAP,4749,424,948509
QAP,4750,424,948712
QAP,4751,424,948916
QAP,4752,424,949104
QAP,4753,424,949308
QAP,4754,424,949511
QAP,4755,424,949716
QAP,4756,424,949903
QAP,4757,424,950107
QAP,4758,424,950311
QAP,4759,424,950515
QAP,4760,424,950702
QAP,4761,424,950906
QAP,4762,424,951110
QAP,4763,424,951313
QAP,4764,424,951501
QAP,4765,424,951705
QAP,4766,424,951909
QAP,4767,424,952113
QAP,4768,424,952301
QAP,4769,424,952504
QAP,4770,424,952708
QAP,4771,424,952912
QAP,4772,424,953100
QAP,4773,424,953303
QAP,4774,424,953507
QAP,4775,424,953711
QAP,4776,424,953915
QAP,4777,424,954104
QAP,4778,424,954307
QAP,4779,424,954511
QAP,4780,424,954715
QAP,4781,424,954902
QAP,4782,424,955106
QAP,4783,424,955310
QAP,4784,424,955514
QAP,4785,424,955702
QAP,4786,424,955906
QAP,4787,424,956109
QAP,4788,424,956313
QAP,4789,424,956501
QAP,4790,424,956705
QAP,4791,424,956909
QAP,4792,424,957113
QAP,4793,424,957301
QAP,4794,424,957505
QAP,4795,424,957708
QAP,4796,424,957912
QAP,4797,424,958116
QAP,4798,424,958304
QAP,4799,424,958508
QAP,4800,424,958711
QAP,4801,424,958899
QAP,4802,424,959103
QAP,4803,424,959307
QAP,4804,424,959510
QAP,4805,424,959699
QAP,4806,424,959902
QAP,4807,424,960106
QAP,4808,424,960310
QAP,4809,424,960513
QAP,4810,424,960701
QAP,4811,424,960905
QAP,4812,424,961109
QAP,4813,424,961296
QAP,4814,424,961500
QAP,4815,424,961704
QAP,4816,424,961908
QAP,4817,424,962096
QAP,4818,424,962300
QAP,4819,424,962503
QAP,4820,424,962707
QAP,4821,424,962895
QAP,4822,424,963099
QAP,4823,424,963302
QAP,4824,424,963506
QAP,4825,424,963710
QAP,4826,424,963898
QAP,4827,424,964102
QAP,4828,424,964305
QAP,4829,424,964509
QAP,4830,424,964697
QAP,4831,424,964900
QAP,4832,424,965104
QAP,4833,424,965308
QAP,4834,424,965512
QAP,4835,424,965700
QAP,4836,424,965903
QAP,4837,424,966107
QAP,4838,424,966311
QAP,4839,424,966514
QAP,4840,424,966718
QAP,4841,424,966906
QAP,4842,424,967110
QAP,4843,424,967313
QAP,4844,424,967501
QAP,4845,424,967705
QAP,4846,424,967909
QAP,4847,424,968112
QAP,4848,424,968300
QAP,4849,424,968504
QAP,4850,424,968708
QAP,4851,424,968911
QAP,4852,424,969100
QAP,4853,424,969304
QAP,4854,424,969508
QAP,4855,424,969696
QAP,4856,424,969900
QAP,4857,424,970103
QAP,4858,424,970307
QAP,4859,424,970495
QAP,4860,424,970699
QAP,4861,424,970902
QAP,4862,424,971106
QAP,4863,424,971294
QAP,4864,424,971498
QAP,4865,424,971701
QAP,4866,424,971905
QAP,4867,424,972093
QAP,4868,424,972297
QAP,4869,424,972500
QAP,4870,424,972704
QAP,4871,424,972892
QAP,4872,424,973103
QAP,4873,424,973302
QAP,4874,424,973502
QAP,4875,424,973694
QAP,4876,424,973899
QAP,4877,424,974087
QAP,4878,424,974291
QAP,4879,424,974496
QAP,4880,424,974700
QAP,4881,424,974888
QAP,4882,424,975093
QAP,4883,424,975297
QAP,4884,424,975502
QAP,4885,424,975690
QAP,4886,424,975894
QAP,4887,424,976098
QAP,4888,424,976287
QAP,4889,424,976491
QAP,4890,424,976695
QAP,4891,424,976900
QAP,4892,424,977104
QAP,4893,424,977293
QAP,4894,424,977497
QAP,4895,424,977701
QAP,4896,424,977890
QAP,4897,424,978094
QAP,4898,424,978299
QAP,4899,424,978488
QAP,4900,424,978692
QAP,4901,424,978896
QAP,4902,424,979084
QAP,4903,424,979289
QAP,4904,424,979493
QAP,4905,424,979698
QAP,4906,424,979886
QAP,4907,424,980091
QAP,4908,424,980295
QAP,4909,424,980499
QAP,4910,424,980688
QAP,4911,424,980892
QAP,4912,424,981100
QAP,4913,424,981299
QAP,4914,424,981491
QAP,4915,424,981695
QAP,4916,424,981899
QAP,4917,424,982086
QAP,4918,424,982290
QAP,4919,424,982493
QAP,4920,424,982698
QAP,4921,424,982900
QAP,4922,424,983099
QAP,4923,424,983299
QAP,4924,424,983499
QAP,4925,424,983699
QAP,4926,424,983899
QAP,4927,424,984099
QAP,4928,424,984298
QAP,4929,424,984499
QAP,4930,424,984698
QAP,4931,424,984898
QAP,4932,424,985101
QAP,4933,424,985300
QAP,4934,424,985501
QAP,4935,424,985701
QAP,4936,424,985900
QAP,4937,424,986099
QAP,4938,424,986299
QAP,4939,424,986499
QAP,4940,424,986699
QAP,4941,424,986899
QAP,4942,424,987099
QAP,4943,424,987299
QAP,4944,424,987500
QAP,4945,424,987701
QAP,4946,424,987900
QAP,4947,424,988101
QAP,4948,424,988299
QAP,4949,424,988500
QAP,4950,424,988699
QAP,4951,424,988890
QAP,4952,424,989094
QAP,4953,424,989298
QAP,4954,424,989502
QAP,4955,424,989690
QAP,4956,424,989894
QAP,4957,424,990098
QAP,4958,424,990285
QAP,4959,424,990489
QAP,4960,424,990693
QAP,4961,424,990897
QAP,4962,424,991085
QAP,4963,424,991288
QAP,4964,424,991492
QAP,4965,424,991696
QAP,4966,424,991884
QAP,4967,424,992087
QAP,4968,424,992291
QAP,4969,424,992495
QAP,4970,424,992699
QAP,4971,424,992887
QAP,4972,424,993090
QAP,4973,424,993294
QAP,4974,424,993497
QAP,4975,424,993686
QAP,4976,424,993889
QAP,4977,424,994093
QAP,4978,424,994281
QAP,4979,424,994484
QAP,4980,424,994688
QAP,4981,424,994891
QAP,4982,424,995080
QAP,4983,424,995283
QAP,4984,424,995487
QAP,4985,424,995690
QAP,4986,424,995879
QAP,4987,424,996082
QAP,4988,424,996286
QAP,4989,424,996474
QAP,4990,424,996678
QAP,4991,424,996881
QAP,4992,424,997085
QAP,4993,424,997289
QAP,4994,424,997477
QAP,4995,424,997680
QAP,4996,424,997884
QAP,4997,424,998073
QAP,4998,424,998276
QAP,4999,424,998480
