Problem,Generation,BestCost,TimeMS
GPP,0,242,0
GPP,1,235,15
GPP,2,235,47
GPP,3,235,62
GPP,4,233,78
GPP,5,233,94
GPP,6,231,126
GPP,7,231,144
GPP,8,231,152
GPP,9,231,168
GPP,10,231,202
GPP,11,231,219
GPP,12,231,240
GPP,13,229,260
GPP,14,229,280
GPP,15,227,299
GPP,16,221,319
GPP,17,221,338
GPP,18,215,358
GPP,19,215,377
GPP,20,215,396
GPP,21,215,416
GPP,22,215,435
GPP,23,215,455
GPP,24,215,469
GPP,25,215,493
GPP,26,215,512
GPP,27,215,531
GPP,28,215,542
GPP,29,215,570
GPP,30,215,590
GPP,31,215,609
GPP,32,215,620
GPP,33,215,648
GPP,34,215,667
GPP,35,215,686
GPP,36,215,706
GPP,37,213,719
GPP,38,213,744
GPP,39,213,763
GPP,40,213,769
GPP,41,213,802
GPP,42,211,821
GPP,43,211,840
GPP,44,211,859
GPP,45,211,869
GPP,46,211,897
GPP,47,211,917
GPP,48,211,936
GPP,49,211,955
GPP,50,211,970
GPP,51,207,986
GPP,52,207,1001
GPP,53,207,1017
GPP,54,201,1049
GPP,55,201,1064
GPP,56,201,1080
GPP,57,201,1096
GPP,58,201,1127
GPP,59,201,1143
GPP,60,201,1159
GPP,61,201,1174
GPP,62,201,1190
GPP,63,201,1222
GPP,64,199,1237
GPP,65,199,1253
GPP,66,199,1269
GPP,67,199,1300
GPP,68,199,1315
GPP,69,197,1331
GPP,70,197,1363
GPP,71,197,1378
GPP,72,197,1394
GPP,73,197,1410
GPP,74,197,1425
GPP,75,197,1441
GPP,76,197,1473
GPP,77,197,1488
GPP,78,195,1504
GPP,79,195,1520
GPP,80,193,1536
GPP,81,191,1567
GPP,82,191,1583
GPP,83,188,1598
GPP,84,188,1614
GPP,85,188,1630
GPP,86,188,1661
GPP,87,188,1677
GPP,88,188,1693
GPP,89,184,1708
GPP,90,184,1724
GPP,91,183,1756
GPP,92,181,1771
GPP,93,181,1787
GPP,94,181,1803
GPP,95,181,1818
GPP,96,181,1834
GPP,97,181,1866
GPP,98,181,1881
GPP,99,181,1897
GPP,100,181,1913
GPP,101,181,1929
GPP,102,181,1960
GPP,103,181,1976
GPP,104,181,1991
GPP,105,181,2007
GPP,106,181,2023
GPP,107,181,2054
GPP,108,181,2070
GPP,109,181,2086
GPP,110,181,2102
GPP,111,181,2117
GPP,112,181,2149
GPP,113,181,2164
GPP,114,181,2180
GPP,115,179,2196
GPP,116,179,2211
GPP,117,179,2243
GPP,118,179,2259
GPP,119,179,2274
GPP,120,179,2290
GPP,121,179,2306
GPP,122,179,2337
GPP,123,179,2353
GPP,124,179,2368
GPP,125,179,2384
GPP,126,177,2400
GPP,127,175,2416
GPP,128,175,2447
GPP,129,175,2463
GPP,130,175,2479
GPP,131,175,2494
GPP,132,175,2510
GPP,133,175,2541
GPP,134,173,2557
GPP,135,173,2573
GPP,136,173,2589
GPP,137,173,2604
GPP,138,173,2636
GPP,139,173,2651
GPP,140,173,2667
GPP,141,173,2683
GPP,142,173,2699
GPP,143,173,2730
GPP,144,168,2746
GPP,145,168,2761
GPP,146,168,2777
GPP,147,168,2793
GPP,148,168,2824
GPP,149,168,2840
GPP,150,168,2855
GPP,151,168,2871
GPP,152,168,2887
GPP,153,164,2903
GPP,154,164,2934
GPP,155,164,2950
GPP,156,164,2965
GPP,157,164,2981
GPP,158,164,2997
GPP,159,164,3028
GPP,160,164,3044
GPP,161,164,3060
GPP,162,164,3075
GPP,163,164,3091
GPP,164,164,3122
GPP,165,164,3138
GPP,166,164,3154
GPP,167,164,3169
GPP,168,164,3185
GPP,169,164,3216
GPP,170,164,3232
GPP,171,164,3248
GPP,172,162,3263
GPP,173,162,3279
GPP,174,162,3311
GPP,175,162,3326
GPP,176,160,3342
GPP,177,160,3358
GPP,178,160,3373
GPP,179,160,3389
GPP,180,160,3421
GPP,181,160,3436
GPP,182,160,3452
GPP,183,160,3468
GPP,184,158,3483
GPP,185,156,3515
GPP,186,156,3531
GPP,187,156,3546
GPP,188,156,3562
GPP,189,156,3578
GPP,190,156,3609
GPP,191,156,3625
GPP,192,156,3641
GPP,193,156,3656
GPP,194,156,3672
GPP,195,156,3688
GPP,196,156,3719
GPP,197,156,3735
GPP,198,156,3750
GPP,199,156,3766
GPP,200,156,3782
GPP,201,154,3813
GPP,202,154,3829
GPP,203,154,3845
GPP,204,154,3860
GPP,205,154,3892
GPP,206,154,3907
GPP,207,154,3923
GPP,208,154,3939
GPP,209,154,3954
GPP,210,154,3986
GPP,211,152,4001
GPP,212,152,4017
GPP,213,152,4033
GPP,214,152,4048
GPP,215,152,4080
GPP,216,152,4096
GPP,217,152,4111
GPP,218,152,4127
GPP,219,152,4158
GPP,220,150,4182
GPP,221,150,4190
GPP,222,150,4206
GPP,223,150,4237
GPP,224,150,4253
GPP,225,150,4268
GPP,226,150,4284
GPP,227,150,4316
GPP,228,150,4331
GPP,229,150,4347
GPP,230,150,4363
GPP,231,148,4378
GPP,232,148,4410
GPP,233,148,4426
GPP,234,148,4441
GPP,235,148,4457
GPP,236,148,4473
GPP,237,146,4504
GPP,238,146,4520
GPP,239,146,4535
GPP,240,146,4551
GPP,241,146,4567
GPP,242,146,4598
GPP,243,142,4614
GPP,244,140,4629
GPP,245,140,4645
GPP,246,140,4661
GPP,247,140,4692
GPP,248,140,4708
GPP,249,140,4724
GPP,250,140,4739
GPP,251,140,4755
GPP,252,140,4786
GPP,253,140,4802
GPP,254,140,4818
GPP,255,140,4833
GPP,256,140,4865
GPP,257,140,4880
GPP,258,140,4896
GPP,259,140,4912
GPP,260,138,4927
GPP,261,138,4959
GPP,262,138,4974
GPP,263,138,4990
GPP,264,138,5006
GPP,265,138,5022
GPP,266,138,5053
GPP,267,136,5069
GPP,268,136,5084
GPP,269,136,5100
GPP,270,136,5116
GPP,271,136,5147
GPP,272,136,5163
GPP,273,136,5178
GPP,274,136,5194
GPP,275,136,5225
GPP,276,136,5241
GPP,277,136,5257
GPP,278,136,5272
GPP,279,136,5288
GPP,280,136,5319
GPP,281,136,5335
GPP,282,136,5351
GPP,283,134,5366
GPP,284,134,5382
GPP,285,134,5414
GPP,286,134,5429
GPP,287,134,5445
GPP,288,134,5461
GPP,289,134,5476
GPP,290,134,5508
GPP,291,134,5523
GPP,292,134,5545
GPP,293,134,5555
GPP,294,134,5570
GPP,295,134,5586
GPP,296,134,5618
GPP,297,134,5633
GPP,298,134,5649
GPP,299,134,5665
GPP,300,134,5680
GPP,301,134,5696
GPP,302,134,5727
GPP,303,134,5743
GPP,304,132,5759
GPP,305,128,5774
GPP,306,128,5790
GPP,307,126,5821
GPP,308,126,5841
GPP,309,126,5853
GPP,310,126,5869
GPP,311,126,5884
GPP,312,126,5916
GPP,313,126,5931
GPP,314,126,5947
GPP,315,124,5963
GPP,316,124,5978
GPP,317,124,6010
GPP,318,120,6025
GPP,319,120,6041
GPP,320,120,6057
GPP,321,118,6072
GPP,322,118,6104
GPP,323,118,6120
GPP,324,118,6135
GPP,325,118,6151
GPP,326,118,6167
GPP,327,118,6198
GPP,328,118,6214
GPP,329,118,6229
GPP,330,116,6245
GPP,331,116,6260
GPP,332,116,6292
GPP,333,116,6307
GPP,334,116,6323
GPP,335,116,6339
GPP,336,116,6354
GPP,337,116,6386
GPP,338,116,6402
GPP,339,116,6417
GPP,340,116,6433
GPP,341,114,6449
GPP,342,114,6480
GPP,343,114,6495
GPP,344,114,6511
GPP,345,114,6527
GPP,346,114,6542
GPP,347,114,6574
GPP,348,114,6589
GPP,349,114,6605
GPP,350,114,6621
GPP,351,114,6637
GPP,352,114,6652
GPP,353,114,6684
GPP,354,112,6699
GPP,355,112,6715
GPP,356,112,6731
GPP,357,110,6746
GPP,358,110,6778
GPP,359,110,6793
GPP,360,110,6809
GPP,361,110,6825
GPP,362,108,6840
GPP,363,108,6856
GPP,364,106,6887
GPP,365,106,6909
GPP,366,106,6919
GPP,367,106,6935
GPP,368,106,6950
GPP,369,104,6966
GPP,370,104,6997
GPP,371,104,7013
GPP,372,104,7029
GPP,373,102,7044
GPP,374,102,7060
GPP,375,102,7076
GPP,376,102,7107
GPP,377,102,7123
GPP,378,98,7139
GPP,379,98,7154
GPP,380,98,7170
GPP,381,98,7201
GPP,382,98,7217
GPP,383,98,7233
GPP,384,96,7248
GPP,385,96,7264
GPP,386,96,7295
GPP,387,96,7311
GPP,388,96,7327
GPP,389,96,7342
GPP,390,96,7358
GPP,391,96,7389
GPP,392,96,7405
GPP,393,96,7421
GPP,394,96,7436
GPP,395,96,7452
GPP,396,96,7467
GPP,397,96,7499
GPP,398,96,7514
GPP,399,96,7530
GPP,400,96,7546
GPP,401,96,7561
GPP,402,96,7577
GPP,403,94,7609
GPP,404,94,7624
GPP,405,94,7640
GPP,406,94,7656
GPP,407,94,7671
GPP,408,94,7703
GPP,409,92,7719
GPP,410,92,7734
GPP,411,92,7750
GPP,412,92,7765
GPP,413,92,7797
GPP,414,92,7813
GPP,415,92,7828
GPP,416,92,7844
GPP,417,92,7860
GPP,418,90,7875
GPP,419,90,7907
GPP,420,90,7922
GPP,421,90,7938
GPP,422,88,7954
GPP,423,84,7979
GPP,424,84,7985
GPP,425,84,8016
GPP,426,84,8032
GPP,427,84,8048
GPP,428,84,8063
GPP,429,84,8079
GPP,430,84,8110
GPP,431,84,8126
GPP,432,84,8142
GPP,433,84,8158
GPP,434,84,8173
GPP,435,84,8189
GPP,436,84,8220
GPP,437,84,8236
GPP,438,84,8252
GPP,439,84,8276
GPP,440,84,8284
GPP,441,84,8315
GPP,442,84,8331
GPP,443,84,8346
GPP,444,84,8362
GPP,445,84,8378
GPP,446,82,8409
GPP,447,82,8424
GPP,448,82,8440
GPP,449,82,8456
GPP,450,82,8471
GPP,451,82,8487
GPP,452,82,8519
GPP,453,80,8534
GPP,454,80,8550
GPP,455,80,8565
GPP,456,80,8581
GPP,457,80,8613
GPP,458,80,8629
GPP,459,80,8644
GPP,460,80,8660
GPP,461,80,8676
GPP,462,80,8692
GPP,463,80,8723
GPP,464,80,8739
GPP,465,80,8754
GPP,466,80,8770
GPP,467,78,8786
GPP,468,78,8801
GPP,469,78,8833
GPP,470,78,8848
GPP,471,76,8864
GPP,472,76,8880
GPP,473,76,8895
GPP,474,76,8911
GPP,475,76,8943
GPP,476,76,8958
GPP,477,76,8974
GPP,478,76,8990
GPP,479,74,9005
GPP,480,74,9021
GPP,481,74,9037
GPP,482,74,9068
GPP,483,74,9084
GPP,484,74,9099
GPP,485,74,9115
GPP,486,74,9131
GPP,487,74,9147
GPP,488,74,9178
GPP,489,74,9194
GPP,490,74,9209
GPP,491,70,9225
GPP,492,70,9241
GPP,493,70,9256
GPP,494,70,9288
GPP,495,70,9303
GPP,496,70,9319
GPP,497,70,9335
GPP,498,70,9350
GPP,499,70,9382
GPP,500,70,9397
GPP,501,70,9413
GPP,502,70,9429
GPP,503,70,9444
GPP,504,70,9460
GPP,505,70,9491
GPP,506,70,9507
GPP,507,70,9523
GPP,508,70,9538
GPP,509,70,9554
GPP,510,70,9570
GPP,511,70,9585
GPP,512,70,9617
GPP,513,70,9637
GPP,514,70,9648
GPP,515,70,9664
GPP,516,70,9680
GPP,517,70,9695
GPP,518,70,9727
GPP,519,66,9742
GPP,520,66,9758
GPP,521,66,9774
GPP,522,66,9789
GPP,523,66,9805
GPP,524,66,9821
GPP,525,66,9852
GPP,526,66,9868
GPP,527,64,9884
GPP,528,64,9899
GPP,529,64,9915
GPP,530,62,9931
GPP,531,62,9946
GPP,532,62,9978
GPP,533,62,9993
GPP,534,62,10009
GPP,535,62,10025
GPP,536,62,10040
GPP,537,60,10056
GPP,538,60,10072
GPP,539,60,10103
GPP,540,60,10119
GPP,541,60,10134
GPP,542,60,10150
GPP,543,60,10166
GPP,544,60,10181
GPP,545,60,10213
GPP,546,60,10229
GPP,547,60,10244
GPP,548,60,10260
GPP,549,60,10276
GPP,550,60,10291
GPP,551,60,10323
GPP,552,60,10338
GPP,553,60,10354
GPP,554,60,10370
GPP,555,60,10385
GPP,556,60,10401
GPP,557,60,10432
GPP,558,60,10448
GPP,559,60,10464
GPP,560,60,10479
GPP,561,60,10495
GPP,562,60,10511
GPP,563,60,10542
GPP,564,60,10558
GPP,565,58,10573
GPP,566,58,10589
GPP,567,58,10605
GPP,568,58,10636
GPP,569,58,10652
GPP,570,58,10667
GPP,571,58,10683
GPP,572,58,10699
GPP,573,58,10714
GPP,574,58,10746
GPP,575,58,10761
GPP,576,58,10777
GPP,577,58,10793
GPP,578,58,10808
GPP,579,58,10840
GPP,580,58,10860
GPP,581,58,10871
GPP,582,58,10887
GPP,583,58,10902
GPP,584,58,10934
GPP,585,58,10949
GPP,586,58,10965
GPP,587,56,10981
GPP,588,56,10996
GPP,589,56,11012
GPP,590,56,11043
GPP,591,54,11059
GPP,592,54,11075
GPP,593,54,11090
GPP,594,54,11106
GPP,595,54,11122
GPP,596,54,11153
GPP,597,54,11169
GPP,598,54,11185
GPP,599,54,11200
GPP,600,54,11216
GPP,601,54,11232
GPP,602,52,11263
GPP,603,52,11279
GPP,604,52,11294
GPP,605,52,11310
GPP,606,52,11326
GPP,607,52,11341
GPP,608,52,11373
GPP,609,52,11388
GPP,610,50,11404
GPP,611,50,11420
GPP,612,50,11435
GPP,613,48,11451
GPP,614,48,11467
GPP,615,48,11498
GPP,616,48,11514
GPP,617,48,11529
GPP,618,48,11545
GPP,619,48,11561
GPP,620,48,11576
GPP,621,48,11592
GPP,622,48,11623
GPP,623,48,11639
GPP,624,48,11655
GPP,625,46,11670
GPP,626,46,11686
GPP,627,46,11702
GPP,628,46,11733
GPP,629,46,11749
GPP,630,46,11765
GPP,631,46,11780
GPP,632,46,11796
GPP,633,46,11812
GPP,634,46,11827
GPP,635,46,11859
GPP,636,46,11874
GPP,637,46,11890
GPP,638,46,11906
GPP,639,46,11921
GPP,640,46,11937
GPP,641,46,11953
GPP,642,46,11984
GPP,643,44,12000
GPP,644,44,12015
GPP,645,44,12031
GPP,646,44,12047
GPP,647,44,12062
GPP,648,44,12094
GPP,649,44,12109
GPP,650,44,12125
GPP,651,44,12141
GPP,652,44,12157
GPP,653,44,12172
GPP,654,42,12188
GPP,655,42,12219
GPP,656,42,12235
GPP,657,42,12251
GPP,658,42,12266
GPP,659,42,12282
GPP,660,42,12298
GPP,661,42,12329
GPP,662,42,12345
GPP,663,42,12364
GPP,664,42,12376
GPP,665,42,12392
GPP,666,42,12408
GPP,667,42,12423
GPP,668,42,12439
GPP,669,42,12470
GPP,670,42,12486
GPP,671,42,12502
GPP,672,42,12517
GPP,673,42,12533
GPP,674,42,12549
GPP,675,42,12564
GPP,676,40,12580
GPP,677,40,12611
GPP,678,40,12627
GPP,679,40,12643
GPP,680,40,12659
GPP,681,40,12674
GPP,682,40,12690
GPP,683,40,12706
GPP,684,40,12737
GPP,685,40,12753
GPP,686,40,12769
GPP,687,40,12784
GPP,688,40,12800
GPP,689,40,12816
GPP,690,40,12831
GPP,691,40,12847
GPP,692,40,12878
GPP,693,40,12894
GPP,694,38,12910
GPP,695,38,12926
GPP,696,38,12941
GPP,697,38,12957
GPP,698,38,12973
GPP,699,38,13004
GPP,700,38,13020
GPP,701,38,13035
GPP,702,38,13051
GPP,703,38,13067
GPP,704,38,13082
GPP,705,36,13098
GPP,706,36,13129
GPP,707,36,13145
GPP,708,36,13161
GPP,709,36,13176
GPP,710,36,13192
GPP,711,36,13208
GPP,712,36,13239
GPP,713,36,13255
GPP,714,36,13271
GPP,715,36,13286
GPP,716,36,13302
GPP,717,36,13318
GPP,718,36,13333
GPP,719,36,13365
GPP,720,36,13380
GPP,721,36,13396
GPP,722,36,13412
GPP,723,36,13427
GPP,724,36,13443
GPP,725,36,13475
GPP,726,36,13490
GPP,727,36,13506
GPP,728,36,13522
GPP,729,36,13537
GPP,730,36,13553
GPP,731,36,13569
GPP,732,34,13600
GPP,733,34,13616
GPP,734,34,13632
GPP,735,34,13647
GPP,736,34,13663
GPP,737,34,13679
GPP,738,34,13710
GPP,739,34,13727
GPP,740,34,13741
GPP,741,34,13757
GPP,742,34,13773
GPP,743,34,13789
GPP,744,34,13804
GPP,745,34,13836
GPP,746,34,13851
GPP,747,34,13867
GPP,748,34,13883
GPP,749,34,13899
GPP,750,34,13914
GPP,751,34,13946
GPP,752,34,13961
GPP,753,34,13977
GPP,754,34,13993
GPP,755,34,14008
GPP,756,34,14024
GPP,757,34,14040
GPP,758,34,14071
GPP,759,34,14087
GPP,760,34,14103
GPP,761,34,14118
GPP,762,34,14134
GPP,763,34,14150
GPP,764,34,14181
GPP,765,34,14197
GPP,766,34,14213
GPP,767,34,14228
GPP,768,34,14244
GPP,769,34,14260
GPP,770,34,14276
GPP,771,34,14307
GPP,772,34,14322
GPP,773,34,14338
GPP,774,34,14354
GPP,775,34,14370
GPP,776,34,14385
GPP,777,34,14401
GPP,778,34,14432
GPP,779,34,14448
GPP,780,34,14464
GPP,781,34,14480
GPP,782,34,14495
GPP,783,32,14511
GPP,784,32,14527
GPP,785,32,14542
GPP,786,30,14558
GPP,787,30,14589
GPP,788,30,14605
GPP,789,30,14621
GPP,790,30,14636
GPP,791,30,14652
GPP,792,30,14668
GPP,793,30,14683
GPP,794,30,14699
GPP,795,30,14715
GPP,796,30,14746
GPP,797,30,14762
GPP,798,30,14778
GPP,799,30,14793
GPP,800,30,14809
GPP,801,30,14825
GPP,802,30,14840
GPP,803,30,14872
GPP,804,30,14887
GPP,805,30,14903
GPP,806,30,14919
GPP,807,30,14935
GPP,808,30,14950
GPP,809,30,14966
GPP,810,30,14997
GPP,811,30,15013
GPP,812,28,15029
GPP,813,28,15044
GPP,814,28,15060
GPP,815,28,15084
GPP,816,28,15092
GPP,817,28,15123
GPP,818,28,15139
GPP,819,28,15154
GPP,820,28,15170
GPP,821,28,15186
GPP,822,28,15202
GPP,823,28,15233
GPP,824,28,15249
GPP,825,28,15264
GPP,826,28,15280
GPP,827,28,15296
GPP,828,28,15312
GPP,829,28,15327
GPP,830,28,15359
GPP,831,28,15374
GPP,832,28,15390
GPP,833,28,15406
GPP,834,28,15422
GPP,835,28,15437
GPP,836,28,15469
GPP,837,28,15484
GPP,838,28,15500
GPP,839,28,15516
GPP,840,28,15531
GPP,841,28,15547
GPP,842,28,15579
GPP,843,28,15594
GPP,844,28,15610
GPP,845,28,15626
GPP,846,28,15642
GPP,847,28,15657
GPP,848,28,15689
GPP,849,28,15704
GPP,850,28,15720
GPP,851,28,15736
GPP,852,28,15751
GPP,853,28,15783
GPP,854,28,15798
GPP,855,28,15814
GPP,856,28,15830
GPP,857,28,15846
GPP,858,28,15861
GPP,859,28,15893
GPP,860,28,15908
GPP,861,28,15924
GPP,862,28,15940
GPP,863,28,15955
GPP,864,28,15971
GPP,865,28,16003
GPP,866,28,16018
GPP,867,28,16034
GPP,868,28,16050
GPP,869,28,16065
GPP,870,28,16081
GPP,871,28,16113
GPP,872,28,16128
GPP,873,28,16144
GPP,874,28,16160
GPP,875,28,16176
GPP,876,28,16191
GPP,877,28,16223
GPP,878,28,16238
GPP,879,28,16254
GPP,880,28,16270
GPP,881,28,16285
GPP,882,28,16301
GPP,883,28,16317
GPP,884,28,16348
GPP,885,28,16364
GPP,886,28,16380
GPP,887,28,16395
GPP,888,28,16411
GPP,889,28,16427
GPP,890,28,16444
GPP,891,28,16458
GPP,892,28,16490
GPP,893,28,16506
GPP,894,28,16521
GPP,895,28,16537
GPP,896,28,16553
GPP,897,28,16568
GPP,898,28,16584
GPP,899,28,16600
GPP,900,28,16615
GPP,901,28,16647
GPP,902,28,16663
GPP,903,28,16678
GPP,904,28,16694
GPP,905,28,16710
GPP,906,28,16725
GPP,907,28,16741
GPP,908,28,16757
GPP,909,28,16773
GPP,910,28,16804
GPP,911,28,16820
GPP,912,28,16835
GPP,913,28,16851
GPP,914,28,16867
GPP,915,28,16883
GPP,916,28,16898
GPP,917,28,16914
GPP,918,28,16930
GPP,919,28,16946
GPP,920,28,16977
GPP,921,28,16993
GPP,922,28,17008
GPP,923,28,17024
GPP,924,28,17040
GPP,925,28,17055
GPP,926,28,17071
GPP,927,28,17087
GPP,928,28,17102
GPP,929,28,17134
GPP,930,28,17150
GPP,931,28,17165
GPP,932,28,17181
GPP,933,28,17197
GPP,934,28,17212
GPP,935,28,17228
GPP,936,28,17260
GPP,937,28,17275
GPP,938,28,17291
GPP,939,28,17307
GPP,940,28,17322
GPP,941,28,17338
GPP,942,28,17354
GPP,943,28,17385
GPP,944,28,17401
GPP,945,28,17416
GPP,946,28,17432
GPP,947,28,17448
GPP,948,28,17464
GPP,949,28,17479
GPP,950,28,17511
GPP,951,28,17527
GPP,952,28,17542
GPP,953,28,17558
GPP,954,28,17574
GPP,955,28,17605
GPP,956,28,17621
GPP,957,28,17637
GPP,958,28,17652
GPP,959,28,17668
GPP,960,28,17684
GPP,961,28,17715
GPP,962,28,17731
GPP,963,28,17747
GPP,964,28,17762
GPP,965,28,17778
GPP,966,28,17809
GPP,967,28,17825
GPP,968,28,17841
GPP,969,28,17857
GPP,970,28,17872
GPP,971,28,17888
GPP,972,28,17919
GPP,973,28,17935
GPP,974,28,17951
GPP,975,28,17966
GPP,976,28,17982
GPP,977,28,18013
GPP,978,28,18029
GPP,979,28,18045
GPP,980,28,18060
GPP,981,28,18076
GPP,982,28,18107
GPP,983,28,18123
GPP,984,28,18139
GPP,985,28,18155
GPP,986,28,18170
GPP,987,28,18186
GPP,988,28,18218
GPP,989,28,18233
GPP,990,28,18249
GPP,991,28,18265
GPP,992,28,18280
GPP,993,28,18312
GPP,994,28,18328
GPP,995,28,18343
GPP,996,28,18359
GPP,997,28,18375
GPP,998,28,18406
GPP,999,28,18422
GPP,1000,28,18437
GPP,1001,28,18453
GPP,1002,28,18469
GPP,1003,28,18485
GPP,1004,28,18516
GPP,1005,28,18532
GPP,1006,28,18547
GPP,1007,28,18563
GPP,1008,28,18579
GPP,1009,28,18595
GPP,1010,28,18626
GPP,1011,28,18642
GPP,1012,28,18657
GPP,1013,28,18673
GPP,1014,28,18689
GPP,1015,28,18704
GPP,1016,28,18720
GPP,1017,28,18751
GPP,1018,28,18767
GPP,1019,28,18783
GPP,1020,28,18798
GPP,1021,28,18814
GPP,1022,28,18830
GPP,1023,28,18846
GPP,1024,28,18877
GPP,1025,28,18893
GPP,1026,28,18908
GPP,1027,28,18924
GPP,1028,28,18940
GPP,1029,28,18955
GPP,1030,28,18987
GPP,1031,28,19003
GPP,1032,28,19018
GPP,1033,28,19034
GPP,1034,28,19050
GPP,1035,28,19065
GPP,1036,28,19081
GPP,1037,28,19112
GPP,1038,28,19128
GPP,1039,28,19144
GPP,1040,28,19160
GPP,1041,28,19184
GPP,1042,28,19193
GPP,1043,28,19223
GPP,1044,28,19238
GPP,1045,28,19254
GPP,1046,28,19270
GPP,1047,28,19285
GPP,1048,28,19301
GPP,1049,28,19332
GPP,1050,28,19348
GPP,1051,28,19364
GPP,1052,28,19379
GPP,1053,28,19395
GPP,1054,28,19426
GPP,1055,28,19442
GPP,1056,28,19458
GPP,1057,28,19474
GPP,1058,28,19489
GPP,1059,28,19505
GPP,1060,28,19537
GPP,1061,28,19552
GPP,1062,28,19568
GPP,1063,28,19584
GPP,1064,28,19600
GPP,1065,28,19615
GPP,1066,28,19647
GPP,1067,28,19663
GPP,1068,28,19678
GPP,1069,28,19694
GPP,1070,28,19710
GPP,1071,28,19725
GPP,1072,28,19757
GPP,1073,28,19772
GPP,1074,28,19788
GPP,1075,28,19804
GPP,1076,28,19820
GPP,1077,28,19835
GPP,1078,28,19867
GPP,1079,28,19882
GPP,1080,28,19898
GPP,1081,28,19914
GPP,1082,28,19929
GPP,1083,28,19945
GPP,1084,28,19976
GPP,1085,28,19992
GPP,1086,28,20007
GPP,1087,28,20023
GPP,1088,28,20039
GPP,1089,28,20054
GPP,1090,28,20086
GPP,1091,28,20102
GPP,1092,28,20117
GPP,1093,28,20133
GPP,1094,28,20149
GPP,1095,28,20164
GPP,1096,28,20180
GPP,1097,28,20212
GPP,1098,28,20227
GPP,1099,28,20243
GPP,1100,28,20259
GPP,1101,28,20274
GPP,1102,28,20306
GPP,1103,28,20321
GPP,1104,28,20337
GPP,1105,28,20353
GPP,1106,28,20369
GPP,1107,28,20384
GPP,1108,28,20416
GPP,1109,28,20432
GPP,1110,28,20447
GPP,1111,28,20463
GPP,1112,28,20479
GPP,1113,28,20494
GPP,1114,28,20526
GPP,1115,28,20544
GPP,1116,28,20557
GPP,1117,28,20573
GPP,1118,28,20589
GPP,1119,28,20604
GPP,1120,28,20636
GPP,1121,28,20652
GPP,1122,28,20667
GPP,1123,28,20683
GPP,1124,28,20699
GPP,1125,28,20714
GPP,1126,28,20746
GPP,1127,28,20761
GPP,1128,28,20777
GPP,1129,28,20793
GPP,1130,28,20809
GPP,1131,28,20840
GPP,1132,28,20856
GPP,1133,28,20871
GPP,1134,28,20895
GPP,1135,28,20903
GPP,1136,28,20918
GPP,1137,28,20950
GPP,1138,28,20965
GPP,1139,28,20981
GPP,1140,28,20997
GPP,1141,28,21013
GPP,1142,28,21028
GPP,1143,28,21060
GPP,1144,28,21076
GPP,1145,28,21091
GPP,1146,28,21107
GPP,1147,28,21123
GPP,1148,28,21138
GPP,1149,28,21170
GPP,1150,28,21185
GPP,1151,28,21201
GPP,1152,28,21217
GPP,1153,28,21248
GPP,1154,28,21264
GPP,1155,28,21280
GPP,1156,28,21295
GPP,1157,28,21311
GPP,1158,28,21327
GPP,1159,28,21358
GPP,1160,28,21374
GPP,1161,28,21390
GPP,1162,28,21405
GPP,1163,28,21421
GPP,1164,28,21452
GPP,1165,28,21468
GPP,1166,28,21484
GPP,1167,28,21499
GPP,1168,28,21515
GPP,1169,28,21546
GPP,1170,28,21562
GPP,1171,28,21578
GPP,1172,28,21593
GPP,1173,28,21609
GPP,1174,28,21625
GPP,1175,28,21656
GPP,1176,28,21672
GPP,1177,28,21687
GPP,1178,28,21703
GPP,1179,28,21719
GPP,1180,28,21734
GPP,1181,28,21766
GPP,1182,28,21781
GPP,1183,28,21797
GPP,1184,28,21813
GPP,1185,28,21829
GPP,1186,28,21844
GPP,1187,28,21876
GPP,1188,28,21897
GPP,1189,28,21907
GPP,1190,28,21923
GPP,1191,28,21939
GPP,1192,28,21970
GPP,1193,28,21986
GPP,1194,28,22001
GPP,1195,28,22017
GPP,1196,28,22033
GPP,1197,28,22048
GPP,1198,28,22080
GPP,1199,28,22095
GPP,1200,28,22111
GPP,1201,28,22127
GPP,1202,28,22142
GPP,1203,28,22174
GPP,1204,28,22190
GPP,1205,28,22206
GPP,1206,28,22221
GPP,1207,28,22237
GPP,1208,28,22253
GPP,1209,28,22284
GPP,1210,28,22300
GPP,1211,28,22315
GPP,1212,28,22331
GPP,1213,28,22347
GPP,1214,28,22363
GPP,1215,28,22394
GPP,1216,28,22410
GPP,1217,28,22425
GPP,1218,28,22441
GPP,1219,28,22457
GPP,1220,28,22472
GPP,1221,28,22504
GPP,1222,28,22519
GPP,1223,28,22535
GPP,1224,28,22551
GPP,1225,28,22566
GPP,1226,28,22582
GPP,1227,28,22614
GPP,1228,28,22630
GPP,1229,28,22645
GPP,1230,28,22661
GPP,1231,28,22677
GPP,1232,28,22692
GPP,1233,28,22724
GPP,1234,28,22739
GPP,1235,28,22755
GPP,1236,28,22771
GPP,1237,28,22787
GPP,1238,28,22818
GPP,1239,28,22834
GPP,1240,28,22849
GPP,1241,28,22865
GPP,1242,28,22881
GPP,1243,28,22897
GPP,1244,28,22928
GPP,1245,28,22944
GPP,1246,28,22959
GPP,1247,28,22975
GPP,1248,28,22991
GPP,1249,28,23007
GPP,1250,28,23038
GPP,1251,28,23054
GPP,1252,28,23069
GPP,1253,28,23085
GPP,1254,28,23101
GPP,1255,28,23116
GPP,1256,28,23148
GPP,1257,28,23164
GPP,1258,28,23179
GPP,1259,28,23195
GPP,1260,28,23211
GPP,1261,28,23226
GPP,1262,28,23259
GPP,1263,28,23273
GPP,1264,28,23289
GPP,1265,28,23305
GPP,1266,28,23321
GPP,1267,28,23336
GPP,1268,28,23368
GPP,1269,28,23384
GPP,1270,28,23399
GPP,1271,28,23415
GPP,1272,28,23431
GPP,1273,28,23446
GPP,1274,28,23462
GPP,1275,28,23494
GPP,1276,28,23509
GPP,1277,28,23525
GPP,1278,28,23541
GPP,1279,28,23556
GPP,1280,28,23572
GPP,1281,28,23588
GPP,1282,28,23619
GPP,1283,28,23635
GPP,1284,28,23651
GPP,1285,28,23666
GPP,1286,28,23682
GPP,1287,28,23698
GPP,1288,28,23729
GPP,1289,28,23745
GPP,1290,28,23760
GPP,1291,28,23776
GPP,1292,28,23792
GPP,1293,28,23808
GPP,1294,28,23839
GPP,1295,28,23855
GPP,1296,28,23870
GPP,1297,28,23886
GPP,1298,28,23902
GPP,1299,28,23918
GPP,1300,28,23949
GPP,1301,28,23965
GPP,1302,28,23980
GPP,1303,28,23996
GPP,1304,28,24012
GPP,1305,28,24027
GPP,1306,28,24059
GPP,1307,28,24074
GPP,1308,28,24090
GPP,1309,28,24106
GPP,1310,28,24122
GPP,1311,28,24137
GPP,1312,28,24169
GPP,1313,28,24185
GPP,1314,28,24200
GPP,1315,28,24221
GPP,1316,28,24232
GPP,1317,28,24247
GPP,1318,28,24279
GPP,1319,28,24295
GPP,1320,28,24310
GPP,1321,28,24326
GPP,1322,28,24342
GPP,1323,28,24373
GPP,1324,28,24389
GPP,1325,28,24405
GPP,1326,28,24420
GPP,1327,28,24436
GPP,1328,28,24452
GPP,1329,28,24467
GPP,1330,28,24499
GPP,1331,28,24515
GPP,1332,28,24530
GPP,1333,28,24546
GPP,1334,28,24562
GPP,1335,28,24593
GPP,1336,28,24609
GPP,1337,28,24631
GPP,1338,28,24640
GPP,1339,28,24656
GPP,1340,28,24687
GPP,1341,28,24703
GPP,1342,28,24719
GPP,1343,28,24734
GPP,1344,28,24750
GPP,1345,28,24766
GPP,1346,28,24797
GPP,1347,28,24813
GPP,1348,28,24829
GPP,1349,28,24845
GPP,1350,28,24860
GPP,1351,28,24892
GPP,1352,28,24907
GPP,1353,28,24923
GPP,1354,28,24939
GPP,1355,28,24954
GPP,1356,28,24970
GPP,1357,28,25002
GPP,1358,28,25017
GPP,1359,28,25033
GPP,1360,28,25049
GPP,1361,28,25064
GPP,1362,28,25096
GPP,1363,28,25111
GPP,1364,28,25127
GPP,1365,28,25143
GPP,1366,28,25158
GPP,1367,28,25174
GPP,1368,28,25206
GPP,1369,28,25221
GPP,1370,28,25237
GPP,1371,28,25253
GPP,1372,28,25284
GPP,1373,28,25300
GPP,1374,28,25315
GPP,1375,28,25331
GPP,1376,28,25347
GPP,1377,28,25378
GPP,1378,28,25394
GPP,1379,28,25409
GPP,1380,28,25425
GPP,1381,28,25441
GPP,1382,28,25456
GPP,1383,28,25488
GPP,1384,28,25503
GPP,1385,28,25519
GPP,1386,28,25535
GPP,1387,28,25550
GPP,1388,28,25566
GPP,1389,28,25597
GPP,1390,28,25613
GPP,1391,28,25629
GPP,1392,28,25645
GPP,1393,28,25660
GPP,1394,28,25692
GPP,1395,28,25707
GPP,1396,28,25723
GPP,1397,28,25739
GPP,1398,28,25754
GPP,1399,28,25770
GPP,1400,28,25802
GPP,1401,28,25817
GPP,1402,28,25833
GPP,1403,28,25849
GPP,1404,28,25864
GPP,1405,28,25898
GPP,1406,28,25912
GPP,1407,28,25927
GPP,1408,28,25943
GPP,1409,28,25959
GPP,1410,28,25991
GPP,1411,28,26006
GPP,1412,28,26022
GPP,1413,28,26038
GPP,1414,28,26053
GPP,1415,28,26085
GPP,1416,28,26101
GPP,1417,28,26116
GPP,1418,28,26132
GPP,1419,28,26148
GPP,1420,28,26163
GPP,1421,28,26195
GPP,1422,28,26211
GPP,1423,28,26226
GPP,1424,28,26242
GPP,1425,28,26258
GPP,1426,28,26273
GPP,1427,28,26305
GPP,1428,28,26320
GPP,1429,28,26336
GPP,1430,28,26352
GPP,1431,28,26368
GPP,1432,28,26399
GPP,1433,28,26415
GPP,1434,28,26430
GPP,1435,28,26446
GPP,1436,28,26462
GPP,1437,28,26477
GPP,1438,28,26509
GPP,1439,28,26524
GPP,1440,28,26540
GPP,1441,28,26556
GPP,1442,28,26571
GPP,1443,28,26587
GPP,1444,28,26618
GPP,1445,28,26634
GPP,1446,28,26650
GPP,1447,28,26665
GPP,1448,28,26681
GPP,1449,28,26697
GPP,1450,28,26728
GPP,1451,28,26744
GPP,1452,28,26760
GPP,1453,28,26775
GPP,1454,28,26791
GPP,1455,28,26807
GPP,1456,28,26838
GPP,1457,28,26854
GPP,1458,28,26870
GPP,1459,28,26885
GPP,1460,28,26901
GPP,1461,28,26933
GPP,1462,28,26948
GPP,1463,28,26964
GPP,1464,28,26980
GPP,1465,28,26995
GPP,1466,28,27011
GPP,1467,28,27042
GPP,1468,28,27058
GPP,1469,28,27074
GPP,1470,28,27089
GPP,1471,28,27121
GPP,1472,28,27136
GPP,1473,28,27152
GPP,1474,28,27168
GPP,1475,28,27183
GPP,1476,28,27215
GPP,1477,28,27231
GPP,1478,28,27246
GPP,1479,28,27262
GPP,1480,28,27278
GPP,1481,28,27309
GPP,1482,28,27325
GPP,1483,28,27341
GPP,1484,28,27365
GPP,1485,28,27372
GPP,1486,28,27404
GPP,1487,28,27419
GPP,1488,28,27435
GPP,1489,28,27451
GPP,1490,28,27467
GPP,1491,28,27498
GPP,1492,28,27514
GPP,1493,28,27530
GPP,1494,28,27545
GPP,1495,28,27561
GPP,1496,28,27577
GPP,1497,28,27608
GPP,1498,28,27624
GPP,1499,28,27640
GPP,1500,28,27656
GPP,1501,28,27671
GPP,1502,28,27687
GPP,1503,28,27719
GPP,1504,28,27734
GPP,1505,28,27750
GPP,1506,28,27766
GPP,1507,28,27781
GPP,1508,28,27813
GPP,1509,28,27829
GPP,1510,28,27844
GPP,1511,28,27860
GPP,1512,28,27876
GPP,1513,28,27907
GPP,1514,28,27923
GPP,1515,28,27939
GPP,1516,28,27954
GPP,1517,28,27970
GPP,1518,28,27986
GPP,1519,28,28017
GPP,1520,28,28033
GPP,1521,28,28049
GPP,1522,28,28064
GPP,1523,28,28080
GPP,1524,28,28111
GPP,1525,28,28127
GPP,1526,28,28143
GPP,1527,28,28158
GPP,1528,28,28174
GPP,1529,28,28190
GPP,1530,28,28221
GPP,1531,28,28237
GPP,1532,28,28253
GPP,1533,28,28269
GPP,1534,28,28285
GPP,1535,28,28300
GPP,1536,28,28332
GPP,1537,28,28347
GPP,1538,28,28363
GPP,1539,28,28379
GPP,1540,28,28395
GPP,1541,28,28410
GPP,1542,28,28442
GPP,1543,28,28457
GPP,1544,28,28473
GPP,1545,28,28489
GPP,1546,28,28505
GPP,1547,28,28520
GPP,1548,28,28552
GPP,1549,28,28567
GPP,1550,28,28583
GPP,1551,28,28599
GPP,1552,28,28614
GPP,1553,28,28646
GPP,1554,28,28662
GPP,1555,28,28677
GPP,1556,28,28693
GPP,1557,28,28717
GPP,1558,28,28724
GPP,1559,28,28756
GPP,1560,28,28772
GPP,1561,28,28787
GPP,1562,28,28803
GPP,1563,28,28819
GPP,1564,28,28835
GPP,1565,28,28866
GPP,1566,28,28882
GPP,1567,28,28897
GPP,1568,28,28913
GPP,1569,28,28929
GPP,1570,28,28960
GPP,1571,28,28976
GPP,1572,28,28992
GPP,1573,28,29008
GPP,1574,28,29023
GPP,1575,28,29039
GPP,1576,28,29070
GPP,1577,28,29086
GPP,1578,28,29102
GPP,1579,28,29117
GPP,1580,28,29133
GPP,1581,28,29149
GPP,1582,28,29180
GPP,1583,28,29196
GPP,1584,28,29212
GPP,1585,28,29228
GPP,1586,28,29243
GPP,1587,28,29275
GPP,1588,28,29290
GPP,1589,28,29306
GPP,1590,28,29322
GPP,1591,28,29338
GPP,1592,28,29353
GPP,1593,28,29385
GPP,1594,28,29400
GPP,1595,28,29416
GPP,1596,28,29432
GPP,1597,28,29448
GPP,1598,28,29479
GPP,1599,28,29495
GPP,1600,28,29510
GPP,1601,28,29526
GPP,1602,28,29542
GPP,1603,28,29558
GPP,1604,28,29589
GPP,1605,28,29605
GPP,1606,28,29621
GPP,1607,28,29636
GPP,1608,28,29652
GPP,1609,28,29668
GPP,1610,28,29699
GPP,1611,28,29715
GPP,1612,28,29730
GPP,1613,28,29746
GPP,1614,28,29762
GPP,1615,28,29777
GPP,1616,28,29809
GPP,1617,28,29825
GPP,1618,28,29840
GPP,1619,28,29856
GPP,1620,28,29872
GPP,1621,28,29903
GPP,1622,28,29919
GPP,1623,28,29935
GPP,1624,28,29950
GPP,1625,28,29966
GPP,1626,28,29982
GPP,1627,28,30013
GPP,1628,28,30029
GPP,1629,28,30045
GPP,1630,28,30061
GPP,1631,28,30085
GPP,1632,28,30108
GPP,1633,28,30123
GPP,1634,28,30139
GPP,1635,28,30155
GPP,1636,28,30170
GPP,1637,28,30186
GPP,1638,28,30217
GPP,1639,28,30233
GPP,1640,28,30249
GPP,1641,28,30265
GPP,1642,28,30280
GPP,1643,28,30312
GPP,1644,28,30327
GPP,1645,28,30343
GPP,1646,28,30359
GPP,1647,28,30374
GPP,1648,28,30406
GPP,1649,28,30421
GPP,1650,28,30437
GPP,1651,28,30453
GPP,1652,28,30468
GPP,1653,28,30484
GPP,1654,28,30515
GPP,1655,28,30531
GPP,1656,28,30547
GPP,1657,28,30562
GPP,1658,28,30578
GPP,1659,28,30594
GPP,1660,28,30625
GPP,1661,28,30641
GPP,1662,28,30656
GPP,1663,28,30672
GPP,1664,28,30688
GPP,1665,28,30704
GPP,1666,28,30735
GPP,1667,28,30751
GPP,1668,28,30766
GPP,1669,28,30782
GPP,1670,28,30798
GPP,1671,28,30814
GPP,1672,28,30845
GPP,1673,28,30861
GPP,1674,28,30876
GPP,1675,28,30892
GPP,1676,28,30916
GPP,1677,28,30939
GPP,1678,28,30955
GPP,1679,28,30971
GPP,1680,28,30986
GPP,1681,28,31002
GPP,1682,28,31018
GPP,1683,28,31049
GPP,1684,28,31065
GPP,1685,28,31081
GPP,1686,28,31096
GPP,1687,28,31112
GPP,1688,28,31143
GPP,1689,28,31159
GPP,1690,28,31175
GPP,1691,28,31191
GPP,1692,28,31206
GPP,1693,28,31238
GPP,1694,28,31253
GPP,1695,28,31269
GPP,1696,28,31285
GPP,1697,28,31300
GPP,1698,28,31332
GPP,1699,28,31348
GPP,1700,28,31363
GPP,1701,28,31379
GPP,1702,28,31395
GPP,1703,28,31410
GPP,1704,28,31442
GPP,1705,28,31458
GPP,1706,28,31473
GPP,1707,28,31489
GPP,1708,28,31505
GPP,1709,28,31536
GPP,1710,28,31552
GPP,1711,28,31568
GPP,1712,28,31583
GPP,1713,28,31599
GPP,1714,28,31615
GPP,1715,28,31646
GPP,1716,28,31662
GPP,1717,28,31677
GPP,1718,28,31693
GPP,1719,28,31709
GPP,1720,28,31740
GPP,1721,28,31756
GPP,1722,28,31772
GPP,1723,28,31787
GPP,1724,28,31803
GPP,1725,28,31819
GPP,1726,28,31850
GPP,1727,28,31866
GPP,1728,28,31882
GPP,1729,28,31897
GPP,1730,28,31913
GPP,1731,28,31929
GPP,1732,28,31960
GPP,1733,28,31976
GPP,1734,28,31992
GPP,1735,28,32007
GPP,1736,28,32023
GPP,1737,28,32054
GPP,1738,28,32070
GPP,1739,28,32086
GPP,1740,28,32102
GPP,1741,28,32117
GPP,1742,28,32133
GPP,1743,28,32165
GPP,1744,28,32180
GPP,1745,28,32196
GPP,1746,28,32212
GPP,1747,28,32243
GPP,1748,28,32259
GPP,1749,28,32275
GPP,1750,28,32290
GPP,1751,28,32306
GPP,1752,28,32322
GPP,1753,28,32353
GPP,1754,28,32369
GPP,1755,28,32385
GPP,1756,28,32400
GPP,1757,28,32416
GPP,1758,28,32448
GPP,1759,28,32463
GPP,1760,28,32479
GPP,1761,28,32495
GPP,1762,28,32510
GPP,1763,28,32542
GPP,1764,28,32557
GPP,1765,28,32573
GPP,1766,28,32589
GPP,1767,28,32604
GPP,1768,28,32636
GPP,1769,28,32651
GPP,1770,28,32667
GPP,1771,28,32683
GPP,1772,28,32699
GPP,1773,28,32714
GPP,1774,28,32746
GPP,1775,28,32761
GPP,1776,28,32777
GPP,1777,28,32793
GPP,1778,28,32817
GPP,1779,28,32840
GPP,1780,28,32856
GPP,1781,28,32871
GPP,1782,28,32887
GPP,1783,28,32903
GPP,1784,28,32934
GPP,1785,28,32950
GPP,1786,28,32966
GPP,1787,28,32981
GPP,1788,28,32997
GPP,1789,28,33028
GPP,1790,28,33044
GPP,1791,28,33060
GPP,1792,28,33076
GPP,1793,28,33091
GPP,1794,28,33123
GPP,1795,28,33138
GPP,1796,28,33154
GPP,1797,28,33170
GPP,1798,28,33185
GPP,1799,28,33201
GPP,1800,28,33232
GPP,1801,28,33248
GPP,1802,28,33264
GPP,1803,28,33279
GPP,1804,28,33295
GPP,1805,28,33326
GPP,1806,28,33342
GPP,1807,28,33358
GPP,1808,28,33373
GPP,1809,28,33389
GPP,1810,28,33420
GPP,1811,28,33436
GPP,1812,28,33452
GPP,1813,28,33467
GPP,1814,28,33483
GPP,1815,28,33515
GPP,1816,28,33530
GPP,1817,28,33546
GPP,1818,28,33562
GPP,1819,28,33577
GPP,1820,28,33593
GPP,1821,28,33624
GPP,1822,28,33640
GPP,1823,28,33656
GPP,1824,28,33671
GPP,1825,28,33687
GPP,1826,28,33718
GPP,1827,28,33734
GPP,1828,28,33750
GPP,1829,28,33765
GPP,1830,28,33781
GPP,1831,28,33797
GPP,1832,28,33828
GPP,1833,28,33844
GPP,1834,28,33860
GPP,1835,28,33875
GPP,1836,28,33891
GPP,1837,28,33907
GPP,1838,28,33938
GPP,1839,28,33954
GPP,1840,28,33970
GPP,1841,28,33985
GPP,1842,28,34001
GPP,1843,28,34017
GPP,1844,28,34048
GPP,1845,28,34064
GPP,1846,28,34079
GPP,1847,28,34095
GPP,1848,28,34111
GPP,1849,28,34142
GPP,1850,28,34158
GPP,1851,28,34179
GPP,1852,28,34189
GPP,1853,28,34205
GPP,1854,28,34236
GPP,1855,28,34252
GPP,1856,28,34268
GPP,1857,28,34283
GPP,1858,28,34299
GPP,1859,28,34315
GPP,1860,28,34346
GPP,1861,28,34362
GPP,1862,28,34377
GPP,1863,28,34393
GPP,1864,28,34409
GPP,1865,28,34440
GPP,1866,28,34456
GPP,1867,28,34472
GPP,1868,28,34487
GPP,1869,28,34503
GPP,1870,28,34519
GPP,1871,28,34550
GPP,1872,28,34566
GPP,1873,28,34582
GPP,1874,28,34597
GPP,1875,28,34613
GPP,1876,28,34629
GPP,1877,28,34660
GPP,1878,28,34676
GPP,1879,28,34692
GPP,1880,28,34707
GPP,1881,28,34723
GPP,1882,28,34755
GPP,1883,28,34770
GPP,1884,28,34786
GPP,1885,28,34802
GPP,1886,28,34818
GPP,1887,28,34833
GPP,1888,28,34865
GPP,1889,28,34880
GPP,1890,28,34896
GPP,1891,28,34912
GPP,1892,28,34927
GPP,1893,28,34959
GPP,1894,28,34975
GPP,1895,28,34990
GPP,1896,28,35006
GPP,1897,28,35022
GPP,1898,28,35037
GPP,1899,28,35069
GPP,1900,28,35085
GPP,1901,28,35100
GPP,1902,28,35116
GPP,1903,28,35132
GPP,1904,28,35147
GPP,1905,28,35179
GPP,1906,28,35194
GPP,1907,28,35210
GPP,1908,28,35226
GPP,1909,28,35241
GPP,1910,28,35273
GPP,1911,28,35289
GPP,1912,28,35304
GPP,1913,28,35320
GPP,1914,28,35336
GPP,1915,28,35352
GPP,1916,28,35383
GPP,1917,28,35399
GPP,1918,28,35415
GPP,1919,28,35430
GPP,1920,28,35446
GPP,1921,28,35477
GPP,1922,28,35493
GPP,1923,28,35509
GPP,1924,28,35533
GPP,1925,28,35540
GPP,1926,28,35556
GPP,1927,28,35587
GPP,1928,28,35603
GPP,1929,28,35618
GPP,1930,28,35634
GPP,1931,28,35650
GPP,1932,28,35681
GPP,1933,28,35697
GPP,1934,28,35713
GPP,1935,28,35728
GPP,1936,28,35744
GPP,1937,28,35760
GPP,1938,28,35775
GPP,1939,28,35807
GPP,1940,28,35822
GPP,1941,28,35838
GPP,1942,28,35854
GPP,1943,28,35870
GPP,1944,28,35901
GPP,1945,28,35921
GPP,1946,28,35932
GPP,1947,28,35948
GPP,1948,28,35964
GPP,1949,28,35980
GPP,1950,28,36011
GPP,1951,28,36027
GPP,1952,28,36042
GPP,1953,28,36058
GPP,1954,28,36090
GPP,1955,28,36105
GPP,1956,28,36121
GPP,1957,28,36137
GPP,1958,28,36153
GPP,1959,28,36168
GPP,1960,28,36200
GPP,1961,28,36215
GPP,1962,28,36231
GPP,1963,28,36247
GPP,1964,28,36262
GPP,1965,28,36294
GPP,1966,28,36310
GPP,1967,28,36325
GPP,1968,28,36341
GPP,1969,28,36357
GPP,1970,28,36372
GPP,1971,28,36388
GPP,1972,28,36419
GPP,1973,28,36435
GPP,1974,28,36451
GPP,1975,28,36466
GPP,1976,28,36482
GPP,1977,28,36498
GPP,1978,28,36529
GPP,1979,28,36545
GPP,1980,28,36561
GPP,1981,28,36576
GPP,1982,28,36592
GPP,1983,28,36608
GPP,1984,28,36623
GPP,1985,28,36655
GPP,1986,28,36671
GPP,1987,28,36686
GPP,1988,28,36702
GPP,1989,28,36718
GPP,1990,28,36734
GPP,1991,28,36765
GPP,1992,28,36781
GPP,1993,28,36796
GPP,1994,28,36812
GPP,1995,28,36828
GPP,1996,28,36843
GPP,1997,28,36875
GPP,1998,28,36893
GPP,1999,28,36906
GPP,2000,28,36922
GPP,2001,28,36937
GPP,2002,28,36953
GPP,2003,28,36985
GPP,2004,28,37000
GPP,2005,28,37016
GPP,2006,28,37032
GPP,2007,28,37047
GPP,2008,28,37063
GPP,2009,28,37094
GPP,2010,28,37110
GPP,2011,28,37126
GPP,2012,28,37142
GPP,2013,28,37157
GPP,2014,28,37173
GPP,2015,28,37205
GPP,2016,28,37220
GPP,2017,28,37236
GPP,2018,28,37252
GPP,2019,28,37267
GPP,2020,28,37299
GPP,2021,28,37314
GPP,2022,28,37330
GPP,2023,28,37346
GPP,2024,28,37361
GPP,2025,28,37377
GPP,2026,28,37409
GPP,2027,28,37424
GPP,2028,28,37440
GPP,2029,28,37456
GPP,2030,28,37471
GPP,2031,28,37503
GPP,2032,28,37518
GPP,2033,28,37534
GPP,2034,28,37550
GPP,2035,28,37565
GPP,2036,28,37581
GPP,2037,28,37612
GPP,2038,28,37628
GPP,2039,28,37644
GPP,2040,28,37659
GPP,2041,28,37675
GPP,2042,28,37706
GPP,2043,28,37722
GPP,2044,28,37738
GPP,2045,28,37754
GPP,2046,28,37769
GPP,2047,28,37801
GPP,2048,28,37816
GPP,2049,28,37832
GPP,2050,28,37848
GPP,2051,28,37863
GPP,2052,28,37895
GPP,2053,28,37911
GPP,2054,28,37926
GPP,2055,28,37942
GPP,2056,28,37958
GPP,2057,28,37973
GPP,2058,28,38005
GPP,2059,28,38020
GPP,2060,28,38036
GPP,2061,28,38052
GPP,2062,28,38067
GPP,2063,28,38099
GPP,2064,28,38114
GPP,2065,28,38130
GPP,2066,28,38146
GPP,2067,28,38161
GPP,2068,28,38193
GPP,2069,28,38208
GPP,2070,28,38224
GPP,2071,28,38240
GPP,2072,28,38264
GPP,2073,28,38287
GPP,2074,28,38303
GPP,2075,28,38319
GPP,2076,28,38334
GPP,2077,28,38350
GPP,2078,28,38366
GPP,2079,28,38397
GPP,2080,28,38413
GPP,2081,28,38429
GPP,2082,28,38444
GPP,2083,28,38460
GPP,2084,28,38476
GPP,2085,28,38507
GPP,2086,28,38523
GPP,2087,28,38539
GPP,2088,28,38555
GPP,2089,28,38570
GPP,2090,28,38602
GPP,2091,28,38617
GPP,2092,28,38633
GPP,2093,28,38649
GPP,2094,28,38664
GPP,2095,28,38680
GPP,2096,28,38696
GPP,2097,28,38727
GPP,2098,28,38743
GPP,2099,28,38758
GPP,2100,28,38774
GPP,2101,28,38790
GPP,2102,28,38821
GPP,2103,28,38837
GPP,2104,28,38853
GPP,2105,28,38869
GPP,2106,28,38884
GPP,2107,28,38900
GPP,2108,28,38931
GPP,2109,28,38947
GPP,2110,28,38963
GPP,2111,28,38979
GPP,2112,28,38994
GPP,2113,28,39010
GPP,2114,28,39042
GPP,2115,28,39057
GPP,2116,28,39073
GPP,2117,28,39089
GPP,2118,28,39104
GPP,2119,28,39120
GPP,2120,28,39151
GPP,2121,28,39167
GPP,2122,28,39183
GPP,2123,28,39199
GPP,2124,28,39214
GPP,2125,28,39246
GPP,2126,28,39261
GPP,2127,28,39277
GPP,2128,28,39293
GPP,2129,28,39309
GPP,2130,28,39324
GPP,2131,28,39356
GPP,2132,28,39371
GPP,2133,28,39387
GPP,2134,28,39403
GPP,2135,28,39419
GPP,2136,28,39434
GPP,2137,28,39466
GPP,2138,28,39482
GPP,2139,28,39497
GPP,2140,28,39513
GPP,2141,28,39529
GPP,2142,28,39545
GPP,2143,28,39576
GPP,2144,28,39592
GPP,2145,28,39607
GPP,2146,28,39631
GPP,2147,28,39639
GPP,2148,28,39670
GPP,2149,28,39686
GPP,2150,28,39701
GPP,2151,28,39717
GPP,2152,28,39733
GPP,2153,28,39748
GPP,2154,28,39780
GPP,2155,28,39796
GPP,2156,28,39811
GPP,2157,28,39827
GPP,2158,28,39843
GPP,2159,28,39858
GPP,2160,28,39890
GPP,2161,28,39906
GPP,2162,28,39921
GPP,2163,28,39937
GPP,2164,28,39953
GPP,2165,28,39984
GPP,2166,28,40000
GPP,2167,28,40015
GPP,2168,28,40031
GPP,2169,28,40047
GPP,2170,28,40063
GPP,2171,28,40094
GPP,2172,28,40110
GPP,2173,28,40125
GPP,2174,28,40141
GPP,2175,28,40157
GPP,2176,28,40172
GPP,2177,28,40204
GPP,2178,28,40219
GPP,2179,28,40235
GPP,2180,28,40251
GPP,2181,28,40266
GPP,2182,28,40298
GPP,2183,28,40313
GPP,2184,28,40329
GPP,2185,28,40345
GPP,2186,28,40361
GPP,2187,28,40392
GPP,2188,28,40408
GPP,2189,28,40423
GPP,2190,28,40439
GPP,2191,28,40455
GPP,2192,28,40471
GPP,2193,28,40502
GPP,2194,28,40518
GPP,2195,28,40533
GPP,2196,28,40549
GPP,2197,28,40565
GPP,2198,28,40581
GPP,2199,28,40612
GPP,2200,28,40628
GPP,2201,28,40643
GPP,2202,28,40659
GPP,2203,28,40675
GPP,2204,28,40690
GPP,2205,28,40722
GPP,2206,28,40738
GPP,2207,28,40753
GPP,2208,28,40769
GPP,2209,28,40785
GPP,2210,28,40816
GPP,2211,28,40832
GPP,2212,28,40848
GPP,2213,28,40863
GPP,2214,28,40879
GPP,2215,28,40895
GPP,2216,28,40929
GPP,2217,28,40942
GPP,2218,28,40958
GPP,2219,28,40973
GPP,2220,28,40989
GPP,2221,28,41020
GPP,2222,28,41036
GPP,2223,28,41052
GPP,2224,28,41067
GPP,2225,28,41083
GPP,2226,28,41099
GPP,2227,28,41130
GPP,2228,28,41146
GPP,2229,28,41161
GPP,2230,28,41177
GPP,2231,28,41193
GPP,2232,28,41224
GPP,2233,28,41240
GPP,2234,28,41256
GPP,2235,28,41272
GPP,2236,28,41287
GPP,2237,28,41319
GPP,2238,28,41334
GPP,2239,28,41350
GPP,2240,28,41366
GPP,2241,28,41381
GPP,2242,28,41397
GPP,2243,28,41429
GPP,2244,28,41444
GPP,2245,28,41460
GPP,2246,28,41476
GPP,2247,28,41491
GPP,2248,28,41523
GPP,2249,28,41538
GPP,2250,28,41554
GPP,2251,28,41570
GPP,2252,28,41586
GPP,2253,28,41601
GPP,2254,28,41633
GPP,2255,28,41648
GPP,2256,28,41664
GPP,2257,28,41680
GPP,2258,28,41695
GPP,2259,28,41711
GPP,2260,28,41742
GPP,2261,28,41758
GPP,2262,28,41774
GPP,2263,28,41789
GPP,2264,28,41805
GPP,2265,28,41821
GPP,2266,28,41852
GPP,2267,28,41868
GPP,2268,28,41883
GPP,2269,28,41899
GPP,2270,28,41915
GPP,2271,28,41931
GPP,2272,28,41962
GPP,2273,28,41978
GPP,2274,28,41993
GPP,2275,28,42009
GPP,2276,28,42025
GPP,2277,28,42040
GPP,2278,28,42072
GPP,2279,28,42088
GPP,2280,28,42103
GPP,2281,28,42119
GPP,2282,28,42135
GPP,2283,28,42166
GPP,2284,28,42182
GPP,2285,28,42199
GPP,2286,28,42213
GPP,2287,28,42229
GPP,2288,28,42260
GPP,2289,28,42276
GPP,2290,28,42292
GPP,2291,28,42307
GPP,2292,28,42323
GPP,2293,28,42347
GPP,2294,28,42370
GPP,2295,28,42386
GPP,2296,28,42401
GPP,2297,28,42417
GPP,2298,28,42433
GPP,2299,28,42464
GPP,2300,28,42480
GPP,2301,28,42496
GPP,2302,28,42511
GPP,2303,28,42527
GPP,2304,28,42543
GPP,2305,28,42574
GPP,2306,28,42590
GPP,2307,28,42605
GPP,2308,28,42621
GPP,2309,28,42637
GPP,2310,28,42652
GPP,2311,28,42684
GPP,2312,28,42700
GPP,2313,28,42715
GPP,2314,28,42731
GPP,2315,28,42747
GPP,2316,28,42762
GPP,2317,28,42778
GPP,2318,28,42809
GPP,2319,28,42825
GPP,2320,28,42841
GPP,2321,28,42856
GPP,2322,28,42872
GPP,2323,28,42888
GPP,2324,28,42919
GPP,2325,28,42935
GPP,2326,28,42951
GPP,2327,28,42966
GPP,2328,28,42982
GPP,2329,28,42998
GPP,2330,28,43029
GPP,2331,28,43045
GPP,2332,28,43061
GPP,2333,28,43076
GPP,2334,28,43092
GPP,2335,28,43108
GPP,2336,28,43124
GPP,2337,28,43155
GPP,2338,28,43171
GPP,2339,28,43186
GPP,2340,28,43202
GPP,2341,28,43218
GPP,2342,28,43249
GPP,2343,28,43265
GPP,2344,28,43281
GPP,2345,28,43296
GPP,2346,28,43312
GPP,2347,28,43328
GPP,2348,28,43344
GPP,2349,28,43375
GPP,2350,28,43390
GPP,2351,28,43406
GPP,2352,28,43422
GPP,2353,28,43438
GPP,2354,28,43453
GPP,2355,28,43485
GPP,2356,28,43500
GPP,2357,28,43516
GPP,2358,28,43532
GPP,2359,28,43548
GPP,2360,28,43563
GPP,2361,28,43579
GPP,2362,28,43610
GPP,2363,28,43626
GPP,2364,28,43642
GPP,2365,28,43658
GPP,2366,28,43673
GPP,2367,28,43689
GPP,2368,28,43720
GPP,2369,28,43736
GPP,2370,28,43752
GPP,2371,28,43768
GPP,2372,28,43783
GPP,2373,28,43799
GPP,2374,28,43830
GPP,2375,28,43846
GPP,2376,28,43862
GPP,2377,28,43878
GPP,2378,28,43893
GPP,2379,28,43909
GPP,2380,28,43941
GPP,2381,28,43956
GPP,2382,28,43972
GPP,2383,28,43988
GPP,2384,28,44003
GPP,2385,28,44019
GPP,2386,28,44050
GPP,2387,28,44066
GPP,2388,28,44082
GPP,2389,28,44098
GPP,2390,28,44113
GPP,2391,28,44145
GPP,2392,28,44160
GPP,2393,28,44176
GPP,2394,28,44192
GPP,2395,28,44208
GPP,2396,28,44239
GPP,2397,28,44255
GPP,2398,28,44270
GPP,2399,28,44286
GPP,2400,28,44302
GPP,2401,28,44333
GPP,2402,28,44349
GPP,2403,28,44365
GPP,2404,28,44380
GPP,2405,28,44396
GPP,2406,28,44412
GPP,2407,28,44443
GPP,2408,28,44459
GPP,2409,28,44474
GPP,2410,28,44490
GPP,2411,28,44506
GPP,2412,28,44537
GPP,2413,28,44553
GPP,2414,28,44568
GPP,2415,28,44584
GPP,2416,28,44600
GPP,2417,28,44615
GPP,2418,28,44647
GPP,2419,28,44662
GPP,2420,28,44678
GPP,2421,28,44694
GPP,2422,28,44710
GPP,2423,28,44741
GPP,2424,28,44757
GPP,2425,28,44772
GPP,2426,28,44788
GPP,2427,28,44804
GPP,2428,28,44819
GPP,2429,28,44851
GPP,2430,28,44867
GPP,2431,28,44882
GPP,2432,28,44898
GPP,2433,28,44914
GPP,2434,28,44945
GPP,2435,28,44961
GPP,2436,28,44976
GPP,2437,28,44992
GPP,2438,28,45008
GPP,2439,28,45024
GPP,2440,28,45055
GPP,2441,28,45074
GPP,2442,28,45086
GPP,2443,28,45102
GPP,2444,28,45118
GPP,2445,28,45134
GPP,2446,28,45165
GPP,2447,28,45181
GPP,2448,28,45196
GPP,2449,28,45212
GPP,2450,28,45228
GPP,2451,28,45259
GPP,2452,28,45275
GPP,2453,28,45291
GPP,2454,28,45306
GPP,2455,28,45322
GPP,2456,28,45338
GPP,2457,28,45369
GPP,2458,28,45385
GPP,2459,28,45401
GPP,2460,28,45416
GPP,2461,28,45432
GPP,2462,28,45448
GPP,2463,28,45479
GPP,2464,28,45495
GPP,2465,28,45510
GPP,2466,28,45526
GPP,2467,28,45542
GPP,2468,28,45557
GPP,2469,28,45573
GPP,2470,28,45605
GPP,2471,28,45620
GPP,2472,28,45636
GPP,2473,28,45652
GPP,2474,28,45667
GPP,2475,28,45683
GPP,2476,28,45715
GPP,2477,28,45730
GPP,2478,28,45746
GPP,2479,28,45762
GPP,2480,28,45777
GPP,2481,28,45793
GPP,2482,28,45824
GPP,2483,28,45840
GPP,2484,28,45856
GPP,2485,28,45872
GPP,2486,28,45887
GPP,2487,28,45903
GPP,2488,28,45919
GPP,2489,28,45953
GPP,2490,28,45966
GPP,2491,28,45982
GPP,2492,28,45997
GPP,2493,28,46013
GPP,2494,28,46029
GPP,2495,28,46060
GPP,2496,28,46076
GPP,2497,28,46092
GPP,2498,28,46107
GPP,2499,28,46123
GPP,2500,28,46139
GPP,2501,28,46170
GPP,2502,28,46186
GPP,2503,28,46202
GPP,2504,28,46217
GPP,2505,28,46233
GPP,2506,28,46265
GPP,2507,28,46280
GPP,2508,28,46296
GPP,2509,28,46312
GPP,2510,28,46328
GPP,2511,28,46343
GPP,2512,28,46375
GPP,2513,28,46390
GPP,2514,28,46406
GPP,2515,28,46422
GPP,2516,28,46446
GPP,2517,28,46453
GPP,2518,28,46485
GPP,2519,28,46500
GPP,2520,28,46516
GPP,2521,28,46532
GPP,2522,28,46548
GPP,2523,28,46563
GPP,2524,28,46595
GPP,2525,28,46610
GPP,2526,28,46626
GPP,2527,28,46642
GPP,2528,28,46657
GPP,2529,28,46673
GPP,2530,28,46689
GPP,2531,28,46720
GPP,2532,28,46736
GPP,2533,28,46752
GPP,2534,28,46767
GPP,2535,28,46783
GPP,2536,28,46799
GPP,2537,28,46830
GPP,2538,28,46846
GPP,2539,28,46861
GPP,2540,28,46877
GPP,2541,28,46893
GPP,2542,28,46924
GPP,2543,28,46940
GPP,2544,28,46956
GPP,2545,28,46971
GPP,2546,28,46987
GPP,2547,28,47003
GPP,2548,28,47034
GPP,2549,28,47050
GPP,2550,28,47066
GPP,2551,28,47081
GPP,2552,28,47097
GPP,2553,28,47113
GPP,2554,28,47144
GPP,2555,28,47160
GPP,2556,28,47176
GPP,2557,28,47191
GPP,2558,28,47207
GPP,2559,28,47238
GPP,2560,28,47254
GPP,2561,28,47270
GPP,2562,28,47285
GPP,2563,28,47301
GPP,2564,28,47317
GPP,2565,28,47348
GPP,2566,28,47364
GPP,2567,28,47380
GPP,2568,28,47395
GPP,2569,28,47411
GPP,2570,28,47442
GPP,2571,28,47458
GPP,2572,28,47474
GPP,2573,28,47489
GPP,2574,28,47505
GPP,2575,28,47521
GPP,2576,28,47552
GPP,2577,28,47568
GPP,2578,28,47583
GPP,2579,28,47599
GPP,2580,28,47615
GPP,2581,28,47631
GPP,2582,28,47662
GPP,2583,28,47678
GPP,2584,28,47693
GPP,2585,28,47709
GPP,2586,28,47725
GPP,2587,28,47740
GPP,2588,28,47772
GPP,2589,28,47787
GPP,2590,28,47811
GPP,2591,28,47819
GPP,2592,28,47835
GPP,2593,28,47866
GPP,2594,28,47882
GPP,2595,28,47897
GPP,2596,28,47913
GPP,2597,28,47929
GPP,2598,28,47944
GPP,2599,28,47976
GPP,2600,28,47992
GPP,2601,28,48007
GPP,2602,28,48023
GPP,2603,28,48039
GPP,2604,28,48054
GPP,2605,28,48086
GPP,2606,28,48102
GPP,2607,28,48117
GPP,2608,28,48133
GPP,2609,28,48149
GPP,2610,28,48180
GPP,2611,28,48196
GPP,2612,28,48212
GPP,2613,28,48227
GPP,2614,28,48243
GPP,2615,28,48259
GPP,2616,28,48290
GPP,2617,28,48306
GPP,2618,28,48322
GPP,2619,28,48338
GPP,2620,28,48353
GPP,2621,28,48385
GPP,2622,28,48400
GPP,2623,28,48416
GPP,2624,28,48432
GPP,2625,28,48447
GPP,2626,28,48463
GPP,2627,28,48495
GPP,2628,28,48510
GPP,2629,28,48526
GPP,2630,28,48542
GPP,2631,28,48557
GPP,2632,28,48573
GPP,2633,28,48604
GPP,2634,28,48620
GPP,2635,28,48636
GPP,2636,28,48652
GPP,2637,28,48667
GPP,2638,28,48683
GPP,2639,28,48715
GPP,2640,28,48730
GPP,2641,28,48746
GPP,2642,28,48762
GPP,2643,28,48777
GPP,2644,28,48793
GPP,2645,28,48824
GPP,2646,28,48840
GPP,2647,28,48856
GPP,2648,28,48872
GPP,2649,28,48887
GPP,2650,28,48903
GPP,2651,28,48935
GPP,2652,28,48950
GPP,2653,28,48966
GPP,2654,28,48982
GPP,2655,28,48997
GPP,2656,28,49029
GPP,2657,28,49044
GPP,2658,28,49060
GPP,2659,28,49076
GPP,2660,28,49092
GPP,2661,28,49107
GPP,2662,28,49139
GPP,2663,28,49158
GPP,2664,28,49170
GPP,2665,28,49186
GPP,2666,28,49217
GPP,2667,28,49233
GPP,2668,28,49249
GPP,2669,28,49265
GPP,2670,28,49280
GPP,2671,28,49296
GPP,2672,28,49327
GPP,2673,28,49343
GPP,2674,28,49359
GPP,2675,28,49374
GPP,2676,28,49390
GPP,2677,28,49406
GPP,2678,28,49437
GPP,2679,28,49453
GPP,2680,28,49469
GPP,2681,28,49484
GPP,2682,28,49500
GPP,2683,28,49516
GPP,2684,28,49547
GPP,2685,28,49563
GPP,2686,28,49578
GPP,2687,28,49594
GPP,2688,28,49610
GPP,2689,28,49626
GPP,2690,28,49657
GPP,2691,28,49673
GPP,2692,28,49689
GPP,2693,28,49704
GPP,2694,28,49720
GPP,2695,28,49736
GPP,2696,28,49767
GPP,2697,28,49783
GPP,2698,28,49799
GPP,2699,28,49814
GPP,2700,28,49830
GPP,2701,28,49846
GPP,2702,28,49877
GPP,2703,28,49893
GPP,2704,28,49908
GPP,2705,28,49924
GPP,2706,28,49940
GPP,2707,28,49971
GPP,2708,28,49987
GPP,2709,28,50003
GPP,2710,28,50018
GPP,2711,28,50034
GPP,2712,28,50050
GPP,2713,28,50081
GPP,2714,28,50097
GPP,2715,28,50113
GPP,2716,28,50128
GPP,2717,28,50144
GPP,2718,28,50160
GPP,2719,28,50191
GPP,2720,28,50207
GPP,2721,28,50223
GPP,2722,28,50238
GPP,2723,28,50254
GPP,2724,28,50285
GPP,2725,28,50301
GPP,2726,28,50317
GPP,2727,28,50333
GPP,2728,28,50348
GPP,2729,28,50364
GPP,2730,28,50396
GPP,2731,28,50411
GPP,2732,28,50427
GPP,2733,28,50443
GPP,2734,28,50458
GPP,2735,28,50490
GPP,2736,28,50506
GPP,2737,28,50526
GPP,2738,28,50537
GPP,2739,28,50553
GPP,2740,28,50568
GPP,2741,28,50600
GPP,2742,28,50615
GPP,2743,28,50631
GPP,2744,28,50647
GPP,2745,28,50663
GPP,2746,28,50678
GPP,2747,28,50710
GPP,2748,28,50725
GPP,2749,28,50741
GPP,2750,28,50757
GPP,2751,28,50773
GPP,2752,28,50804
GPP,2753,28,50820
GPP,2754,28,50835
GPP,2755,28,50851
GPP,2756,28,50867
GPP,2757,28,50883
GPP,2758,28,50914
GPP,2759,28,50930
GPP,2760,28,50945
GPP,2761,28,50969
GPP,2762,28,50977
GPP,2763,28,50992
GPP,2764,28,51024
GPP,2765,28,51040
GPP,2766,28,51055
GPP,2767,28,51071
GPP,2768,28,51087
GPP,2769,28,51102
GPP,2770,28,51134
GPP,2771,28,51149
GPP,2772,28,51165
GPP,2773,28,51181
GPP,2774,28,51197
GPP,2775,28,51212
GPP,2776,28,51244
GPP,2777,28,51259
GPP,2778,28,51275
GPP,2779,28,51291
GPP,2780,28,51307
GPP,2781,28,51322
GPP,2782,28,51354
GPP,2783,28,51369
GPP,2784,28,51385
GPP,2785,28,51401
GPP,2786,28,51417
GPP,2787,28,51432
GPP,2788,28,51464
GPP,2789,28,51479
GPP,2790,28,51495
GPP,2791,28,51511
GPP,2792,28,51526
GPP,2793,28,51542
GPP,2794,28,51573
GPP,2795,28,51589
GPP,2796,28,51605
GPP,2797,28,51621
GPP,2798,28,51636
GPP,2799,28,51652
GPP,2800,28,51684
GPP,2801,28,51699
GPP,2802,28,51715
GPP,2803,28,51731
GPP,2804,28,51746
GPP,2805,28,51762
GPP,2806,28,51778
GPP,2807,28,51809
GPP,2808,28,51825
GPP,2809,28,51841
GPP,2810,28,51856
GPP,2811,28,51872
GPP,2812,28,51895
GPP,2813,28,51919
GPP,2814,28,51935
GPP,2815,28,51951
GPP,2816,28,51966
GPP,2817,28,51982
GPP,2818,28,51998
GPP,2819,28,52029
GPP,2820,28,52045
GPP,2821,28,52061
GPP,2822,28,52076
GPP,2823,28,52092
GPP,2824,28,52108
GPP,2825,28,52139
GPP,2826,28,52155
GPP,2827,28,52170
GPP,2828,28,52186
GPP,2829,28,52202
GPP,2830,28,52233
GPP,2831,28,52249
GPP,2832,28,52265
GPP,2833,28,52280
GPP,2834,28,52296
GPP,2835,28,52327
GPP,2836,28,52343
GPP,2837,28,52359
GPP,2838,28,52374
GPP,2839,28,52390
GPP,2840,28,52406
GPP,2841,28,52437
GPP,2842,28,52453
GPP,2843,28,52469
GPP,2844,28,52484
GPP,2845,28,52500
GPP,2846,28,52516
GPP,2847,28,52547
GPP,2848,28,52563
GPP,2849,28,52579
GPP,2850,28,52594
GPP,2851,28,52610
GPP,2852,28,52626
GPP,2853,28,52657
GPP,2854,28,52673
GPP,2855,28,52688
GPP,2856,28,52704
GPP,2857,28,52720
GPP,2858,28,52751
GPP,2859,28,52767
GPP,2860,28,52782
GPP,2861,28,52798
GPP,2862,28,52814
GPP,2863,28,52830
GPP,2864,28,52861
GPP,2865,28,52877
GPP,2866,28,52892
GPP,2867,28,52908
GPP,2868,28,52924
GPP,2869,28,52955
GPP,2870,28,52971
GPP,2871,28,52987
GPP,2872,28,53002
GPP,2873,28,53018
GPP,2874,28,53034
GPP,2875,28,53065
GPP,2876,28,53081
GPP,2877,28,53096
GPP,2878,28,53112
GPP,2879,28,53128
GPP,2880,28,53159
GPP,2881,28,53175
GPP,2882,28,53191
GPP,2883,28,53206
GPP,2884,28,53222
GPP,2885,28,53238
GPP,2886,28,53269
GPP,2887,28,53285
GPP,2888,28,53301
GPP,2889,28,53316
GPP,2890,28,53332
GPP,2891,28,53348
GPP,2892,28,53379
GPP,2893,28,53395
GPP,2894,28,53411
GPP,2895,28,53426
GPP,2896,28,53442
GPP,2897,28,53458
GPP,2898,28,53489
GPP,2899,28,53505
GPP,2900,28,53521
GPP,2901,28,53536
GPP,2902,28,53552
GPP,2903,28,53568
GPP,2904,28,53599
GPP,2905,28,53615
GPP,2906,28,53630
GPP,2907,28,53646
GPP,2908,28,53662
GPP,2909,28,53678
GPP,2910,28,53709
GPP,2911,28,53725
GPP,2912,28,53741
GPP,2913,28,53756
GPP,2914,28,53772
GPP,2915,28,53788
GPP,2916,28,53819
GPP,2917,28,53835
GPP,2918,28,53851
GPP,2919,28,53866
GPP,2920,28,53882
GPP,2921,28,53898
GPP,2922,28,53913
GPP,2923,28,53945
GPP,2924,28,53960
GPP,2925,28,53976
GPP,2926,28,53992
GPP,2927,28,54008
GPP,2928,28,54023
GPP,2929,28,54055
GPP,2930,28,54070
GPP,2931,28,54086
GPP,2932,28,54102
GPP,2933,28,54118
GPP,2934,28,54149
GPP,2935,28,54165
GPP,2936,28,54180
GPP,2937,28,54196
GPP,2938,28,54212
GPP,2939,28,54227
GPP,2940,28,54259
GPP,2941,28,54274
GPP,2942,28,54290
GPP,2943,28,54306
GPP,2944,28,54321
GPP,2945,28,54337
GPP,2946,28,54368
GPP,2947,28,54384
GPP,2948,28,54400
GPP,2949,28,54416
GPP,2950,28,54431
GPP,2951,28,54447
GPP,2952,28,54478
GPP,2953,28,54494
GPP,2954,28,54510
GPP,2955,28,54525
GPP,2956,28,54541
GPP,2957,28,54573
GPP,2958,28,54588
GPP,2959,28,54604
GPP,2960,28,54628
GPP,2961,28,54635
GPP,2962,28,54651
GPP,2963,28,54682
GPP,2964,28,54698
GPP,2965,28,54714
GPP,2966,28,54729
GPP,2967,28,54745
GPP,2968,28,54761
GPP,2969,28,54776
GPP,2970,28,54808
GPP,2971,28,54824
GPP,2972,28,54839
GPP,2973,28,54855
GPP,2974,28,54871
GPP,2975,28,54887
GPP,2976,28,54918
GPP,2977,28,54934
GPP,2978,28,54949
GPP,2979,28,54965
GPP,2980,28,54981
GPP,2981,28,55012
GPP,2982,28,55028
GPP,2983,28,55044
GPP,2984,28,55059
GPP,2985,28,55075
GPP,2986,28,55091
GPP,2987,28,55122
GPP,2988,28,55138
GPP,2989,28,55153
GPP,2990,28,55169
GPP,2991,28,55185
GPP,2992,28,55201
GPP,2993,28,55232
GPP,2994,28,55248
GPP,2995,28,55264
GPP,2996,28,55279
GPP,2997,28,55295
GPP,2998,28,55311
GPP,2999,28,55342
GPP,3000,28,55358
GPP,3001,28,55374
GPP,3002,28,55389
GPP,3003,28,55405
GPP,3004,28,55436
GPP,3005,28,55452
GPP,3006,28,55468
GPP,3007,28,55484
GPP,3008,28,55499
GPP,3009,28,55531
GPP,3010,28,55546
GPP,3011,28,55562
GPP,3012,28,55578
GPP,3013,28,55594
GPP,3014,28,55609
GPP,3015,28,55641
GPP,3016,28,55656
GPP,3017,28,55672
GPP,3018,28,55688
GPP,3019,28,55703
GPP,3020,28,55719
GPP,3021,28,55751
GPP,3022,28,55766
GPP,3023,28,55782
GPP,3024,28,55798
GPP,3025,28,55813
GPP,3026,28,55829
GPP,3027,28,55861
GPP,3028,28,55876
GPP,3029,28,55892
GPP,3030,28,55908
GPP,3031,28,55923
GPP,3032,28,55939
GPP,3033,28,55971
GPP,3034,28,55986
GPP,3035,28,56002
GPP,3036,28,56033
GPP,3037,28,56049
GPP,3038,28,56065
GPP,3039,28,56080
GPP,3040,28,56096
GPP,3041,28,56112
GPP,3042,28,56143
GPP,3043,28,56159
GPP,3044,28,56175
GPP,3045,28,56191
GPP,3046,28,56206
GPP,3047,28,56238
GPP,3048,28,56253
GPP,3049,28,56269
GPP,3050,28,56285
GPP,3051,28,56301
GPP,3052,28,56316
GPP,3053,28,56348
GPP,3054,28,56363
GPP,3055,28,56379
GPP,3056,28,56395
GPP,3057,28,56410
GPP,3058,28,56442
GPP,3059,28,56458
GPP,3060,28,56473
GPP,3061,28,56489
GPP,3062,28,56505
GPP,3063,28,56520
GPP,3064,28,56552
GPP,3065,28,56567
GPP,3066,28,56583
GPP,3067,28,56599
GPP,3068,28,56614
GPP,3069,28,56646
GPP,3070,28,56662
GPP,3071,28,56677
GPP,3072,28,56693
GPP,3073,28,56709
GPP,3074,28,56724
GPP,3075,28,56756
GPP,3076,28,56771
GPP,3077,28,56787
GPP,3078,28,56803
GPP,3079,28,56818
GPP,3080,28,56850
GPP,3081,28,56866
GPP,3082,28,56881
GPP,3083,28,56897
GPP,3084,28,56913
GPP,3085,28,56944
GPP,3086,28,56960
GPP,3087,28,56975
GPP,3088,28,56991
GPP,3089,28,57007
GPP,3090,28,57022
GPP,3091,28,57054
GPP,3092,28,57070
GPP,3093,28,57085
GPP,3094,28,57101
GPP,3095,28,57117
GPP,3096,28,57148
GPP,3097,28,57164
GPP,3098,28,57179
GPP,3099,28,57195
GPP,3100,28,57211
GPP,3101,28,57227
GPP,3102,28,57258
GPP,3103,28,57274
GPP,3104,28,57289
GPP,3105,28,57305
GPP,3106,28,57321
GPP,3107,28,57352
GPP,3108,28,57368
GPP,3109,28,57384
GPP,3110,28,57399
GPP,3111,28,57415
GPP,3112,28,57431
GPP,3113,28,57462
GPP,3114,28,57478
GPP,3115,28,57493
GPP,3116,28,57509
GPP,3117,28,57525
GPP,3118,28,57540
GPP,3119,28,57572
GPP,3120,28,57587
GPP,3121,28,57603
GPP,3122,28,57619
GPP,3123,28,57635
GPP,3124,28,57650
GPP,3125,28,57682
GPP,3126,28,57697
GPP,3127,28,57713
GPP,3128,28,57729
GPP,3129,28,57744
GPP,3130,28,57760
GPP,3131,28,57791
GPP,3132,28,57807
GPP,3133,28,57823
GPP,3134,28,57839
GPP,3135,28,57854
GPP,3136,28,57870
GPP,3137,28,57901
GPP,3138,28,57917
GPP,3139,28,57933
GPP,3140,28,57948
GPP,3141,28,57964
GPP,3142,28,57995
GPP,3143,28,58011
GPP,3144,28,58027
GPP,3145,28,58042
GPP,3146,28,58058
GPP,3147,28,58074
GPP,3148,28,58105
GPP,3149,28,58121
GPP,3150,28,58137
GPP,3151,28,58152
GPP,3152,28,58168
GPP,3153,28,58199
GPP,3154,28,58215
GPP,3155,28,58230
GPP,3156,28,58246
GPP,3157,28,58262
GPP,3158,28,58293
GPP,3159,28,58309
GPP,3160,28,58325
GPP,3161,28,58340
GPP,3162,28,58356
GPP,3163,28,58372
GPP,3164,28,58403
GPP,3165,28,58419
GPP,3166,28,58434
GPP,3167,28,58450
GPP,3168,28,58466
GPP,3169,28,58481
GPP,3170,28,58513
GPP,3171,28,58528
GPP,3172,28,58544
GPP,3173,28,58560
GPP,3174,28,58575
GPP,3175,28,58607
GPP,3176,28,58622
GPP,3177,28,58638
GPP,3178,28,58654
GPP,3179,28,58669
GPP,3180,28,58685
GPP,3181,28,58717
GPP,3182,28,58733
GPP,3183,28,58748
GPP,3184,28,58764
GPP,3185,28,58780
GPP,3186,28,58795
GPP,3187,28,58827
GPP,3188,28,58842
GPP,3189,28,58858
GPP,3190,28,58874
GPP,3191,28,58889
GPP,3192,28,58921
GPP,3193,28,58937
GPP,3194,28,58952
GPP,3195,28,58968
GPP,3196,28,58984
GPP,3197,28,59015
GPP,3198,28,59031
GPP,3199,28,59046
GPP,3200,28,59062
GPP,3201,28,59078
GPP,3202,28,59109
GPP,3203,28,59125
GPP,3204,28,59140
GPP,3205,28,59156
GPP,3206,28,59172
GPP,3207,28,59187
GPP,3208,28,59219
GPP,3209,28,59234
GPP,3210,28,59250
GPP,3211,28,59266
GPP,3212,28,59281
GPP,3213,28,59313
GPP,3214,28,59328
GPP,3215,28,59344
GPP,3216,28,59360
GPP,3217,28,59375
GPP,3218,28,59391
GPP,3219,28,59423
GPP,3220,28,59438
GPP,3221,28,59454
GPP,3222,28,59470
GPP,3223,28,59485
GPP,3224,28,59501
GPP,3225,28,59533
GPP,3226,28,59548
GPP,3227,28,59564
GPP,3228,28,59580
GPP,3229,28,59595
GPP,3230,28,59611
GPP,3231,28,59643
GPP,3232,28,59658
GPP,3233,28,59674
GPP,3234,28,59690
GPP,3235,28,59705
GPP,3236,28,59721
GPP,3237,28,59752
GPP,3238,28,59768
GPP,3239,28,59784
GPP,3240,28,59800
GPP,3241,28,59815
GPP,3242,28,59831
GPP,3243,28,59862
GPP,3244,28,59878
GPP,3245,28,59894
GPP,3246,28,59909
GPP,3247,28,59925
GPP,3248,28,59941
GPP,3249,28,59972
GPP,3250,28,59988
GPP,3251,28,60004
GPP,3252,28,60019
GPP,3253,28,60035
GPP,3254,28,60051
GPP,3255,28,60082
GPP,3256,28,60098
GPP,3257,28,60114
GPP,3258,28,60129
GPP,3259,28,60145
GPP,3260,28,60161
GPP,3261,28,60192
GPP,3262,28,60208
GPP,3263,28,60223
GPP,3264,28,60239
GPP,3265,28,60255
GPP,3266,28,60271
GPP,3267,28,60302
GPP,3268,28,60318
GPP,3269,28,60333
GPP,3270,28,60349
GPP,3271,28,60365
GPP,3272,28,60381
GPP,3273,28,60412
GPP,3274,28,60428
GPP,3275,28,60443
GPP,3276,28,60459
GPP,3277,28,60475
GPP,3278,28,60491
GPP,3279,28,60522
GPP,3280,28,60538
GPP,3281,28,60553
GPP,3282,28,60569
GPP,3283,28,60585
GPP,3284,28,60600
GPP,3285,28,60632
GPP,3286,28,60647
GPP,3287,28,60663
GPP,3288,28,60679
GPP,3289,28,60694
GPP,3290,28,60710
GPP,3291,28,60742
GPP,3292,28,60757
GPP,3293,28,60773
GPP,3294,28,60789
GPP,3295,28,60804
GPP,3296,28,60820
GPP,3297,28,60852
GPP,3298,28,60867
GPP,3299,28,60883
GPP,3300,28,60899
GPP,3301,28,60914
GPP,3302,28,60946
GPP,3303,28,60962
GPP,3304,28,60977
GPP,3305,28,60993
GPP,3306,28,61009
GPP,3307,28,61024
GPP,3308,28,61056
GPP,3309,28,61071
GPP,3310,28,61087
GPP,3311,28,61103
GPP,3312,28,61118
GPP,3313,28,61134
GPP,3314,28,61150
GPP,3315,28,61181
GPP,3316,28,61197
GPP,3317,28,61213
GPP,3318,28,61228
GPP,3319,28,61244
GPP,3320,28,61260
GPP,3321,28,61291
GPP,3322,28,61307
GPP,3323,28,61323
GPP,3324,28,61338
GPP,3325,28,61354
GPP,3326,28,61370
GPP,3327,28,61401
GPP,3328,28,61417
GPP,3329,28,61439
GPP,3330,28,61449
GPP,3331,28,61464
GPP,3332,28,61480
GPP,3333,28,61511
GPP,3334,28,61527
GPP,3335,28,61543
GPP,3336,28,61558
GPP,3337,28,61574
GPP,3338,28,61590
GPP,3339,28,61621
GPP,3340,28,61637
GPP,3341,28,61653
GPP,3342,28,61668
GPP,3343,28,61684
GPP,3344,28,61700
GPP,3345,28,61731
GPP,3346,28,61747
GPP,3347,28,61762
GPP,3348,28,61778
GPP,3349,28,61794
GPP,3350,28,61810
GPP,3351,28,61841
GPP,3352,28,61857
GPP,3353,28,61873
GPP,3354,28,61888
GPP,3355,28,61904
GPP,3356,28,61920
GPP,3357,28,61951
GPP,3358,28,61967
GPP,3359,28,61982
GPP,3360,28,61998
GPP,3361,28,62014
GPP,3362,28,62029
GPP,3363,28,62061
GPP,3364,28,62077
GPP,3365,28,62092
GPP,3366,28,62108
GPP,3367,28,62124
GPP,3368,28,62139
GPP,3369,28,62171
GPP,3370,28,62186
GPP,3371,28,62209
GPP,3372,28,62218
GPP,3373,28,62234
GPP,3374,28,62249
GPP,3375,28,62281
GPP,3376,28,62296
GPP,3377,28,62312
GPP,3378,28,62328
GPP,3379,28,62344
GPP,3380,28,62359
GPP,3381,28,62391
GPP,3382,28,62407
GPP,3383,28,62422
GPP,3384,28,62438
GPP,3385,28,62454
GPP,3386,28,62469
GPP,3387,28,62501
GPP,3388,28,62517
GPP,3389,28,62532
GPP,3390,28,62548
GPP,3391,28,62564
GPP,3392,28,62579
GPP,3393,28,62611
GPP,3394,28,62626
GPP,3395,28,62642
GPP,3396,28,62658
GPP,3397,28,62674
GPP,3398,28,62689
GPP,3399,28,62721
GPP,3400,28,62737
GPP,3401,28,62752
GPP,3402,28,62768
GPP,3403,28,62784
GPP,3404,28,62807
GPP,3405,28,62831
GPP,3406,28,62847
GPP,3407,28,62862
GPP,3408,28,62878
GPP,3409,28,62894
GPP,3410,28,62909
GPP,3411,28,62941
GPP,3412,28,62957
GPP,3413,28,62972
GPP,3414,28,62988
GPP,3415,28,63004
GPP,3416,28,63019
GPP,3417,28,63051
GPP,3418,28,63066
GPP,3419,28,63082
GPP,3420,28,63098
GPP,3421,28,63114
GPP,3422,28,63129
GPP,3423,28,63161
GPP,3424,28,63176
GPP,3425,28,63192
GPP,3426,28,63208
GPP,3427,28,63223
GPP,3428,28,63239
GPP,3429,28,63271
GPP,3430,28,63286
GPP,3431,28,63302
GPP,3432,28,63318
GPP,3433,28,63334
GPP,3434,28,63365
GPP,3435,28,63381
GPP,3436,28,63396
GPP,3437,28,63412
GPP,3438,28,63428
GPP,3439,28,63443
GPP,3440,28,63475
GPP,3441,28,63491
GPP,3442,28,63506
GPP,3443,28,63522
GPP,3444,28,63538
GPP,3445,28,63569
GPP,3446,28,63585
GPP,3447,28,63601
GPP,3448,28,63616
GPP,3449,28,63632
GPP,3450,28,63648
GPP,3451,28,63679
GPP,3452,28,63695
GPP,3453,28,63711
GPP,3454,28,63726
GPP,3455,28,63742
GPP,3456,28,63758
GPP,3457,28,63789
GPP,3458,28,63805
GPP,3459,28,63821
GPP,3460,28,63836
GPP,3461,28,63852
GPP,3462,28,63868
GPP,3463,28,63899
GPP,3464,28,63915
GPP,3465,28,63931
GPP,3466,28,63947
GPP,3467,28,63962
GPP,3468,28,63994
GPP,3469,28,64009
GPP,3470,28,64025
GPP,3471,28,64041
GPP,3472,28,64057
GPP,3473,28,64072
GPP,3474,28,64104
GPP,3475,28,64120
GPP,3476,28,64135
GPP,3477,28,64160
GPP,3478,28,64167
GPP,3479,28,64182
GPP,3480,28,64214
GPP,3481,28,64229
GPP,3482,28,64245
GPP,3483,28,64261
GPP,3484,28,64277
GPP,3485,28,64308
GPP,3486,28,64324
GPP,3487,28,64339
GPP,3488,28,64355
GPP,3489,28,64371
GPP,3490,28,64402
GPP,3491,28,64418
GPP,3492,28,64434
GPP,3493,28,64449
GPP,3494,28,64465
GPP,3495,28,64481
GPP,3496,28,64512
GPP,3497,28,64528
GPP,3498,28,64543
GPP,3499,28,64559
GPP,3500,28,64575
GPP,3501,28,64606
GPP,3502,28,64622
GPP,3503,28,64638
GPP,3504,28,64653
GPP,3505,28,64669
GPP,3506,28,64685
GPP,3507,28,64716
GPP,3508,28,64732
GPP,3509,28,64747
GPP,3510,28,64763
GPP,3511,28,64779
GPP,3512,28,64794
GPP,3513,28,64826
GPP,3514,28,64842
GPP,3515,28,64857
GPP,3516,28,64873
GPP,3517,28,64889
GPP,3518,28,64920
GPP,3519,28,64936
GPP,3520,28,64952
GPP,3521,28,64967
GPP,3522,28,64983
GPP,3523,28,64999
GPP,3524,28,65030
GPP,3525,28,65046
GPP,3526,28,65062
GPP,3527,28,65077
GPP,3528,28,65093
GPP,3529,28,65124
GPP,3530,28,65140
GPP,3531,28,65156
GPP,3532,28,65171
GPP,3533,28,65187
GPP,3534,28,65203
GPP,3535,28,65235
GPP,3536,28,65250
GPP,3537,28,65266
GPP,3538,28,65282
GPP,3539,28,65298
GPP,3540,28,65329
GPP,3541,28,65345
GPP,3542,28,65360
GPP,3543,28,65376
GPP,3544,28,65392
GPP,3545,28,65407
GPP,3546,28,65439
GPP,3547,28,65454
GPP,3548,28,65470
GPP,3549,28,65486
GPP,3550,28,65502
GPP,3551,28,65533
GPP,3552,28,65549
GPP,3553,28,65564
GPP,3554,28,65580
GPP,3555,28,65612
GPP,3556,28,65627
GPP,3557,28,65643
GPP,3558,28,65659
GPP,3559,28,65675
GPP,3560,28,65706
GPP,3561,28,65722
GPP,3562,28,65737
GPP,3563,28,65753
GPP,3564,28,65769
GPP,3565,28,65784
GPP,3566,28,65816
GPP,3567,28,65831
GPP,3568,28,65847
GPP,3569,28,65863
GPP,3570,28,65879
GPP,3571,28,65910
GPP,3572,28,65926
GPP,3573,28,65941
GPP,3574,28,65957
GPP,3575,28,65973
GPP,3576,28,66004
GPP,3577,28,66020
GPP,3578,28,66036
GPP,3579,28,66051
GPP,3580,28,66067
GPP,3581,28,66098
GPP,3582,28,66114
GPP,3583,28,66130
GPP,3584,28,66145
GPP,3585,28,66161
GPP,3586,28,66192
GPP,3587,28,66208
GPP,3588,28,66224
GPP,3589,28,66240
GPP,3590,28,66255
GPP,3591,28,66287
GPP,3592,28,66303
GPP,3593,28,66318
GPP,3594,28,66334
GPP,3595,28,66350
GPP,3596,28,66381
GPP,3597,28,66397
GPP,3598,28,66412
GPP,3599,28,66428
GPP,3600,28,66444
GPP,3601,28,66475
GPP,3602,28,66491
GPP,3603,28,66506
GPP,3604,28,66522
GPP,3605,28,66538
GPP,3606,28,66553
GPP,3607,28,66585
GPP,3608,28,66604
GPP,3609,28,66616
GPP,3610,28,66632
GPP,3611,28,66648
GPP,3612,28,66663
GPP,3613,28,66695
GPP,3614,28,66711
GPP,3615,28,66726
GPP,3616,28,66742
GPP,3617,28,66758
GPP,3618,28,66789
GPP,3619,28,66805
GPP,3620,28,66821
GPP,3621,28,66836
GPP,3622,28,66852
GPP,3623,28,66868
GPP,3624,28,66899
GPP,3625,28,66915
GPP,3626,28,66931
GPP,3627,28,66946
GPP,3628,28,66962
GPP,3629,28,66993
GPP,3630,28,67009
GPP,3631,28,67025
GPP,3632,28,67041
GPP,3633,28,67056
GPP,3634,28,67088
GPP,3635,28,67104
GPP,3636,28,67119
GPP,3637,28,67135
GPP,3638,28,67151
GPP,3639,28,67182
GPP,3640,28,67198
GPP,3641,28,67213
GPP,3642,28,67229
GPP,3643,28,67245
GPP,3644,28,67276
GPP,3645,28,67292
GPP,3646,28,67308
GPP,3647,28,67323
GPP,3648,28,67339
GPP,3649,28,67355
GPP,3650,28,67386
GPP,3651,28,67402
GPP,3652,28,67417
GPP,3653,28,67433
GPP,3654,28,67449
GPP,3655,28,67464
GPP,3656,28,67496
GPP,3657,28,67512
GPP,3658,28,67527
GPP,3659,28,67543
GPP,3660,28,67559
GPP,3661,28,67590
GPP,3662,28,67606
GPP,3663,28,67622
GPP,3664,28,67637
GPP,3665,28,67653
GPP,3666,28,67669
GPP,3667,28,67700
GPP,3668,28,67716
GPP,3669,28,67731
GPP,3670,28,67747
GPP,3671,28,67763
GPP,3672,28,67778
GPP,3673,28,67810
GPP,3674,28,67825
GPP,3675,28,67841
GPP,3676,28,67857
GPP,3677,28,67873
GPP,3678,28,67888
GPP,3679,28,67920
GPP,3680,28,67935
GPP,3681,28,67951
GPP,3682,28,67967
GPP,3683,28,67983
GPP,3684,28,68014
GPP,3685,28,68030
GPP,3686,28,68045
GPP,3687,28,68061
GPP,3688,28,68077
GPP,3689,28,68093
GPP,3690,28,68124
GPP,3691,28,68140
GPP,3692,28,68156
GPP,3693,28,68171
GPP,3694,28,68187
GPP,3695,28,68218
GPP,3696,28,68234
GPP,3697,28,68257
GPP,3698,28,68265
GPP,3699,28,68281
GPP,3700,28,68312
GPP,3701,28,68328
GPP,3702,28,68344
GPP,3703,28,68359
GPP,3704,28,68375
GPP,3705,28,68391
GPP,3706,28,68422
GPP,3707,28,68438
GPP,3708,28,68454
GPP,3709,28,68469
GPP,3710,28,68485
GPP,3711,28,68517
GPP,3712,28,68532
GPP,3713,28,68548
GPP,3714,28,68564
GPP,3715,28,68579
GPP,3716,28,68611
GPP,3717,28,68626
GPP,3718,28,68642
GPP,3719,28,68658
GPP,3720,28,68674
GPP,3721,28,68705
GPP,3722,28,68721
GPP,3723,28,68736
GPP,3724,28,68752
GPP,3725,28,68768
GPP,3726,28,68783
GPP,3727,28,68815
GPP,3728,28,68830
GPP,3729,28,68846
GPP,3730,28,68862
GPP,3731,28,68877
GPP,3732,28,68909
GPP,3733,28,68925
GPP,3734,28,68940
GPP,3735,28,68956
GPP,3736,28,68972
GPP,3737,28,69003
GPP,3738,28,69019
GPP,3739,28,69035
GPP,3740,28,69050
GPP,3741,28,69066
GPP,3742,28,69097
GPP,3743,28,69113
GPP,3744,28,69129
GPP,3745,28,69145
GPP,3746,28,69160
GPP,3747,28,69176
GPP,3748,28,69207
GPP,3749,28,69223
GPP,3750,28,69239
GPP,3751,28,69255
GPP,3752,28,69270
GPP,3753,28,69302
GPP,3754,28,69318
GPP,3755,28,69333
GPP,3756,28,69349
GPP,3757,28,69365
GPP,3758,28,69380
GPP,3759,28,69412
GPP,3760,28,69427
GPP,3761,28,69443
GPP,3762,28,69459
GPP,3763,28,69475
GPP,3764,28,69506
GPP,3765,28,69522
GPP,3766,28,69537
GPP,3767,28,69553
GPP,3768,28,69569
GPP,3769,28,69584
GPP,3770,28,69617
GPP,3771,28,69631
GPP,3772,28,69647
GPP,3773,28,69663
GPP,3774,28,69678
GPP,3775,28,69710
GPP,3776,28,69725
GPP,3777,28,69741
GPP,3778,28,69757
GPP,3779,28,69772
GPP,3780,28,69788
GPP,3781,28,69819
GPP,3782,28,69835
GPP,3783,28,69851
GPP,3784,28,69866
GPP,3785,28,69882
GPP,3786,28,69898
GPP,3787,28,69929
GPP,3788,28,69945
GPP,3789,28,69961
GPP,3790,28,69976
GPP,3791,28,69992
GPP,3792,28,70023
GPP,3793,28,70039
GPP,3794,28,70055
GPP,3795,28,70071
GPP,3796,28,70086
GPP,3797,28,70102
GPP,3798,28,70133
GPP,3799,28,70149
GPP,3800,28,70165
GPP,3801,28,70180
GPP,3802,28,70196
GPP,3803,28,70227
GPP,3804,28,70243
GPP,3805,28,70259
GPP,3806,28,70274
GPP,3807,28,70306
GPP,3808,28,70321
GPP,3809,28,70337
GPP,3810,28,70353
GPP,3811,28,70369
GPP,3812,28,70384
GPP,3813,28,70416
GPP,3814,28,70431
GPP,3815,28,70447
GPP,3816,28,70463
GPP,3817,28,70478
GPP,3818,28,70510
GPP,3819,28,70525
GPP,3820,28,70541
GPP,3821,28,70557
GPP,3822,28,70573
GPP,3823,28,70588
GPP,3824,28,70620
GPP,3825,28,70635
GPP,3826,28,70651
GPP,3827,28,70667
GPP,3828,28,70682
GPP,3829,28,70714
GPP,3830,28,70730
GPP,3831,28,70745
GPP,3832,28,70761
GPP,3833,28,70777
GPP,3834,28,70792
GPP,3835,28,70824
GPP,3836,28,70840
GPP,3837,28,70855
GPP,3838,28,70871
GPP,3839,28,70887
GPP,3840,28,70918
GPP,3841,28,70934
GPP,3842,28,70949
GPP,3843,28,70973
GPP,3844,28,70981
GPP,3845,28,70997
GPP,3846,28,71028
GPP,3847,28,71044
GPP,3848,28,71059
GPP,3849,28,71075
GPP,3850,28,71091
GPP,3851,28,71122
GPP,3852,28,71138
GPP,3853,28,71154
GPP,3854,28,71169
GPP,3855,28,71185
GPP,3856,28,71201
GPP,3857,28,71232
GPP,3858,28,71248
GPP,3859,28,71264
GPP,3860,28,71279
GPP,3861,28,71295
GPP,3862,28,71311
GPP,3863,28,71342
GPP,3864,28,71358
GPP,3865,28,71374
GPP,3866,28,71390
GPP,3867,28,71405
GPP,3868,28,71421
GPP,3869,28,71452
GPP,3870,28,71468
GPP,3871,28,71484
GPP,3872,28,71499
GPP,3873,28,71515
GPP,3874,28,71546
GPP,3875,28,71562
GPP,3876,28,71578
GPP,3877,28,71593
GPP,3878,28,71609
GPP,3879,28,71633
GPP,3880,28,71656
GPP,3881,28,71672
GPP,3882,28,71688
GPP,3883,28,71704
GPP,3884,28,71719
GPP,3885,28,71735
GPP,3886,28,71751
GPP,3887,28,71782
GPP,3888,28,71798
GPP,3889,28,71813
GPP,3890,28,71829
GPP,3891,28,71845
GPP,3892,28,71860
GPP,3893,28,71892
GPP,3894,28,71907
GPP,3895,28,71923
GPP,3896,28,71939
GPP,3897,28,71955
GPP,3898,28,71986
GPP,3899,28,72002
GPP,3900,28,72017
GPP,3901,28,72033
GPP,3902,28,72049
GPP,3903,28,72064
GPP,3904,28,72096
GPP,3905,28,72111
GPP,3906,28,72127
GPP,3907,28,72143
GPP,3908,28,72159
GPP,3909,28,72174
GPP,3910,28,72206
GPP,3911,28,72221
GPP,3912,28,72237
GPP,3913,28,72253
GPP,3914,28,72269
GPP,3915,28,72300
GPP,3916,28,72316
GPP,3917,28,72337
GPP,3918,28,72347
GPP,3919,28,72363
GPP,3920,28,72394
GPP,3921,28,72410
GPP,3922,28,72426
GPP,3923,28,72441
GPP,3924,28,72457
GPP,3925,28,72473
GPP,3926,28,72504
GPP,3927,28,72520
GPP,3928,28,72536
GPP,3929,28,72552
GPP,3930,28,72567
GPP,3931,28,72599
GPP,3932,28,72615
GPP,3933,28,72630
GPP,3934,28,72646
GPP,3935,28,72662
GPP,3936,28,72678
GPP,3937,28,72709
GPP,3938,28,72725
GPP,3939,28,72740
GPP,3940,28,72756
GPP,3941,28,72772
GPP,3942,28,72803
GPP,3943,28,72819
GPP,3944,28,72834
GPP,3945,28,72850
GPP,3946,28,72866
GPP,3947,28,72881
GPP,3948,28,72913
GPP,3949,28,72929
GPP,3950,28,72944
GPP,3951,28,72960
GPP,3952,28,72976
GPP,3953,28,72991
GPP,3954,28,73023
GPP,3955,28,73038
GPP,3956,28,73054
GPP,3957,28,73070
GPP,3958,28,73086
GPP,3959,28,73101
GPP,3960,28,73117
GPP,3961,28,73148
GPP,3962,28,73164
GPP,3963,28,73180
GPP,3964,28,73196
GPP,3965,28,73211
GPP,3966,28,73243
GPP,3967,28,73258
GPP,3968,28,73274
GPP,3969,28,73290
GPP,3970,28,73306
GPP,3971,28,73321
GPP,3972,28,73353
GPP,3973,28,73368
GPP,3974,28,73384
GPP,3975,28,73400
GPP,3976,28,73415
GPP,3977,28,73431
GPP,3978,28,73463
GPP,3979,28,73478
GPP,3980,28,73494
GPP,3981,28,73510
GPP,3982,28,73525
GPP,3983,28,73541
GPP,3984,28,73573
GPP,3985,28,73588
GPP,3986,28,73604
GPP,3987,28,73620
GPP,3988,28,73635
GPP,3989,28,73651
GPP,3990,28,73683
GPP,3991,28,73702
GPP,3992,28,73714
GPP,3993,28,73730
GPP,3994,28,73745
GPP,3995,28,73761
GPP,3996,28,73793
GPP,3997,28,73808
GPP,3998,28,73824
GPP,3999,28,73840
GPP,4000,28,73855
GPP,4001,28,73871
GPP,4002,28,73903
GPP,4003,28,73918
GPP,4004,28,73934
GPP,4005,28,73950
GPP,4006,28,73965
GPP,4007,28,73981
GPP,4008,28,73997
GPP,4009,28,74028
GPP,4010,28,74044
GPP,4011,28,74059
GPP,4012,28,74075
GPP,4013,28,74091
GPP,4014,28,74107
GPP,4015,28,74138
GPP,4016,28,74154
GPP,4017,28,74169
GPP,4018,28,74185
GPP,4019,28,74201
GPP,4020,28,74217
GPP,4021,28,74248
GPP,4022,28,74264
GPP,4023,28,74279
GPP,4024,28,74295
GPP,4025,28,74311
GPP,4026,28,74326
GPP,4027,28,74358
GPP,4028,28,74374
GPP,4029,28,74389
GPP,4030,28,74405
GPP,4031,28,74421
GPP,4032,28,74436
GPP,4033,28,74468
GPP,4034,28,74484
GPP,4035,28,74499
GPP,4036,28,74515
GPP,4037,28,74531
GPP,4038,28,74547
GPP,4039,28,74578
GPP,4040,28,74594
GPP,4041,28,74610
GPP,4042,28,74625
GPP,4043,28,74641
GPP,4044,28,74672
GPP,4045,28,74688
GPP,4046,28,74704
GPP,4047,28,74720
GPP,4048,28,74735
GPP,4049,28,74751
GPP,4050,28,74782
GPP,4051,28,74798
GPP,4052,28,74814
GPP,4053,28,74829
GPP,4054,28,74845
GPP,4055,28,74861
GPP,4056,28,74876
GPP,4057,28,74908
GPP,4058,28,74924
GPP,4059,28,74939
GPP,4060,28,74955
GPP,4061,28,74971
GPP,4062,28,74987
GPP,4063,28,75018
GPP,4064,28,75034
GPP,4065,28,75050
GPP,4066,28,75074
GPP,4067,28,75081
GPP,4068,28,75097
GPP,4069,28,75128
GPP,4070,28,75144
GPP,4071,28,75159
GPP,4072,28,75175
GPP,4073,28,75191
GPP,4074,28,75207
GPP,4075,28,75238
GPP,4076,28,75254
GPP,4077,28,75269
GPP,4078,28,75285
GPP,4079,28,75301
GPP,4080,28,75317
GPP,4081,28,75332
GPP,4082,28,75364
GPP,4083,28,75379
GPP,4084,28,75395
GPP,4085,28,75411
GPP,4086,28,75426
GPP,4087,28,75442
GPP,4088,28,75474
GPP,4089,28,75489
GPP,4090,28,75505
GPP,4091,28,75521
GPP,4092,28,75536
GPP,4093,28,75552
GPP,4094,28,75584
GPP,4095,28,75599
GPP,4096,28,75615
GPP,4097,28,75631
GPP,4098,28,75646
GPP,4099,28,75662
GPP,4100,28,75693
GPP,4101,28,75709
GPP,4102,28,75725
GPP,4103,28,75740
GPP,4104,28,75756
GPP,4105,28,75788
GPP,4106,28,75803
GPP,4107,28,75819
GPP,4108,28,75835
GPP,4109,28,75850
GPP,4110,28,75882
GPP,4111,28,75898
GPP,4112,28,75913
GPP,4113,28,75929
GPP,4114,28,75945
GPP,4115,28,75960
GPP,4116,28,75992
GPP,4117,28,76011
GPP,4118,28,76023
GPP,4119,28,76039
GPP,4120,28,76055
GPP,4121,28,76086
GPP,4122,28,76102
GPP,4123,28,76117
GPP,4124,28,76133
GPP,4125,28,76149
GPP,4126,28,76180
GPP,4127,28,76196
GPP,4128,28,76211
GPP,4129,28,76227
GPP,4130,28,76243
GPP,4131,28,76274
GPP,4132,28,76290
GPP,4133,28,76305
GPP,4134,28,76321
GPP,4135,28,76337
GPP,4136,28,76353
GPP,4137,28,76384
GPP,4138,28,76400
GPP,4139,28,76416
GPP,4140,28,76439
GPP,4141,28,76447
GPP,4142,28,76478
GPP,4143,28,76494
GPP,4144,28,76510
GPP,4145,28,76525
GPP,4146,28,76541
GPP,4147,28,76557
GPP,4148,28,76588
GPP,4149,28,76604
GPP,4150,28,76620
GPP,4151,28,76635
GPP,4152,28,76651
GPP,4153,28,76682
GPP,4154,28,76698
GPP,4155,28,76714
GPP,4156,28,76729
GPP,4157,28,76745
GPP,4158,28,76761
GPP,4159,28,76792
GPP,4160,28,76808
GPP,4161,28,76824
GPP,4162,28,76840
GPP,4163,28,76855
GPP,4164,28,76871
GPP,4165,28,76903
GPP,4166,28,76918
GPP,4167,28,76934
GPP,4168,28,76950
GPP,4169,28,76965
GPP,4170,28,76981
GPP,4171,28,77013
GPP,4172,28,77028
GPP,4173,28,77044
GPP,4174,28,77060
GPP,4175,28,77075
GPP,4176,28,77091
GPP,4177,28,77123
GPP,4178,28,77138
GPP,4179,28,77154
GPP,4180,28,77170
GPP,4181,28,77186
GPP,4182,28,77201
GPP,4183,28,77233
GPP,4184,28,77248
GPP,4185,28,77264
GPP,4186,28,77280
GPP,4187,28,77296
GPP,4188,28,77311
GPP,4189,28,77343
GPP,4190,28,77358
GPP,4191,28,77374
GPP,4192,28,77390
GPP,4193,28,77405
GPP,4194,28,77421
GPP,4195,28,77437
GPP,4196,28,77468
GPP,4197,28,77484
GPP,4198,28,77500
GPP,4199,28,77516
GPP,4200,28,77531
GPP,4201,28,77547
GPP,4202,28,77578
GPP,4203,28,77594
GPP,4204,28,77610
GPP,4205,28,77626
GPP,4206,28,77641
GPP,4207,28,77657
GPP,4208,28,77673
GPP,4209,28,77704
GPP,4210,28,77720
GPP,4211,28,77736
GPP,4212,28,77751
GPP,4213,28,77767
GPP,4214,28,77791
GPP,4215,28,77814
GPP,4216,28,77830
GPP,4217,28,77846
GPP,4218,28,77861
GPP,4219,28,77877
GPP,4220,28,77893
GPP,4221,28,77924
GPP,4222,28,77940
GPP,4223,28,77956
GPP,4224,28,77971
GPP,4225,28,77987
GPP,4226,28,78003
GPP,4227,28,78034
GPP,4228,28,78050
GPP,4229,28,78065
GPP,4230,28,78081
GPP,4231,28,78097
GPP,4232,28,78128
GPP,4233,28,78144
GPP,4234,28,78160
GPP,4235,28,78175
GPP,4236,28,78191
GPP,4237,28,78207
GPP,4238,28,78238
GPP,4239,28,78254
GPP,4240,28,78270
GPP,4241,28,78286
GPP,4242,28,78301
GPP,4243,28,78317
GPP,4244,28,78348
GPP,4245,28,78364
GPP,4246,28,78380
GPP,4247,28,78395
GPP,4248,28,78411
GPP,4249,28,78427
GPP,4250,28,78458
GPP,4251,28,78474
GPP,4252,28,78489
GPP,4253,28,78505
GPP,4254,28,78521
GPP,4255,28,78537
GPP,4256,28,78568
GPP,4257,28,78584
GPP,4258,28,78600
GPP,4259,28,78615
GPP,4260,28,78631
GPP,4261,28,78662
GPP,4262,28,78678
GPP,4263,28,78694
GPP,4264,28,78710
GPP,4265,28,78725
GPP,4266,28,78741
GPP,4267,28,78773
GPP,4268,28,78788
GPP,4269,28,78804
GPP,4270,28,78820
GPP,4271,28,78835
GPP,4272,28,78851
GPP,4273,28,78882
GPP,4274,28,78898
GPP,4275,28,78914
GPP,4276,28,78930
GPP,4277,28,78945
GPP,4278,28,78961
GPP,4279,28,78993
GPP,4280,28,79008
GPP,4281,28,79024
GPP,4282,28,79040
GPP,4283,28,79055
GPP,4284,28,79071
GPP,4285,28,79102
GPP,4286,28,79118
GPP,4287,28,79134
GPP,4288,28,79158
GPP,4289,28,79165
GPP,4290,28,79197
GPP,4291,28,79212
GPP,4292,28,79228
GPP,4293,28,79244
GPP,4294,28,79260
GPP,4295,28,79275
GPP,4296,28,79307
GPP,4297,28,79322
GPP,4298,28,79338
GPP,4299,28,79354
GPP,4300,28,79370
GPP,4301,28,79401
GPP,4302,28,79417
GPP,4303,28,79432
GPP,4304,28,79448
GPP,4305,28,79464
GPP,4306,28,79479
GPP,4307,28,79511
GPP,4308,28,79526
GPP,4309,28,79549
GPP,4310,28,79558
GPP,4311,28,79574
GPP,4312,28,79589
GPP,4313,28,79621
GPP,4314,28,79636
GPP,4315,28,79652
GPP,4316,28,79668
GPP,4317,28,79684
GPP,4318,28,79699
GPP,4319,28,79731
GPP,4320,28,79746
GPP,4321,28,79762
GPP,4322,28,79778
GPP,4323,28,79794
GPP,4324,28,79809
GPP,4325,28,79841
GPP,4326,28,79856
GPP,4327,28,79872
GPP,4328,28,79888
GPP,4329,28,79904
GPP,4330,28,79919
GPP,4331,28,79951
GPP,4332,28,79967
GPP,4333,28,79982
GPP,4334,28,79998
GPP,4335,28,80014
GPP,4336,28,80029
GPP,4337,28,80061
GPP,4338,28,80077
GPP,4339,28,80092
GPP,4340,28,80108
GPP,4341,28,80124
GPP,4342,28,80139
GPP,4343,28,80171
GPP,4344,28,80186
GPP,4345,28,80202
GPP,4346,28,80218
GPP,4347,28,80234
GPP,4348,28,80249
GPP,4349,28,80281
GPP,4350,28,80296
GPP,4351,28,80312
GPP,4352,28,80328
GPP,4353,28,80343
GPP,4354,28,80359
GPP,4355,28,80391
GPP,4356,28,80406
GPP,4357,28,80422
GPP,4358,28,80438
GPP,4359,28,80453
GPP,4360,28,80469
GPP,4361,28,80501
GPP,4362,28,80520
GPP,4363,28,80532
GPP,4364,28,80548
GPP,4365,28,80564
GPP,4366,28,80579
GPP,4367,28,80611
GPP,4368,28,80626
GPP,4369,28,80642
GPP,4370,28,80658
GPP,4371,28,80674
GPP,4372,28,80689
GPP,4373,28,80721
GPP,4374,28,80736
GPP,4375,28,80752
GPP,4376,28,80768
GPP,4377,28,80783
GPP,4378,28,80799
GPP,4379,28,80830
GPP,4380,28,80846
GPP,4381,28,80862
GPP,4382,28,80877
GPP,4383,28,80893
GPP,4384,28,80924
GPP,4385,28,80940
GPP,4386,28,80956
GPP,4387,28,80972
GPP,4388,28,80987
GPP,4389,28,81003
GPP,4390,28,81034
GPP,4391,28,81050
GPP,4392,28,81066
GPP,4393,28,81082
GPP,4394,28,81098
GPP,4395,28,81113
GPP,4396,28,81145
GPP,4397,28,81160
GPP,4398,28,81176
GPP,4399,28,81192
GPP,4400,28,81207
GPP,4401,28,81239
GPP,4402,28,81255
GPP,4403,28,81270
GPP,4404,28,81286
GPP,4405,28,81302
GPP,4406,28,81333
GPP,4407,28,81349
GPP,4408,28,81364
GPP,4409,28,81380
GPP,4410,28,81396
GPP,4411,28,81412
GPP,4412,28,81427
GPP,4413,28,81459
GPP,4414,28,81474
GPP,4415,28,81490
GPP,4416,28,81506
GPP,4417,28,81521
GPP,4418,28,81537
GPP,4419,28,81568
GPP,4420,28,81584
GPP,4421,28,81600
GPP,4422,28,81615
GPP,4423,28,81631
GPP,4424,28,81656
GPP,4425,28,81678
GPP,4426,28,81694
GPP,4427,28,81710
GPP,4428,28,81725
GPP,4429,28,81741
GPP,4430,28,81757
GPP,4431,28,81788
GPP,4432,28,81804
GPP,4433,28,81819
GPP,4434,28,81835
GPP,4435,28,81851
GPP,4436,28,81866
GPP,4437,28,81898
GPP,4438,28,81914
GPP,4439,28,81929
GPP,4440,28,81945
GPP,4441,28,81961
GPP,4442,28,81976
GPP,4443,28,82008
GPP,4444,28,82023
GPP,4445,28,82039
GPP,4446,28,82055
GPP,4447,28,82070
GPP,4448,28,82086
GPP,4449,28,82117
GPP,4450,28,82133
GPP,4451,28,82149
GPP,4452,28,82164
GPP,4453,28,82180
GPP,4454,28,82211
GPP,4455,28,82227
GPP,4456,28,82243
GPP,4457,28,82258
GPP,4458,28,82274
GPP,4459,28,82290
GPP,4460,28,82321
GPP,4461,28,82337
GPP,4462,28,82353
GPP,4463,28,82368
GPP,4464,28,82384
GPP,4465,28,82400
GPP,4466,28,82431
GPP,4467,28,82447
GPP,4468,28,82463
GPP,4469,28,82479
GPP,4470,28,82494
GPP,4471,28,82510
GPP,4472,28,82541
GPP,4473,28,82557
GPP,4474,28,82573
GPP,4475,28,82588
GPP,4476,28,82604
GPP,4477,28,82620
GPP,4478,28,82636
GPP,4479,28,82667
GPP,4480,28,82683
GPP,4481,28,82698
GPP,4482,28,82714
GPP,4483,28,82730
GPP,4484,28,82746
GPP,4485,28,82777
GPP,4486,28,82793
GPP,4487,28,82809
GPP,4488,28,82824
GPP,4489,28,82840
GPP,4490,28,82856
GPP,4491,28,82871
GPP,4492,28,82903
GPP,4493,28,82918
GPP,4494,28,82934
GPP,4495,28,82950
GPP,4496,28,82965
GPP,4497,28,82981
GPP,4498,28,83012
GPP,4499,28,83028
GPP,4500,28,83044
GPP,4501,28,83059
GPP,4502,28,83075
GPP,4503,28,83107
GPP,4504,28,83122
GPP,4505,28,83138
GPP,4506,28,83154
GPP,4507,28,83170
GPP,4508,28,83185
GPP,4509,28,83217
GPP,4510,28,83232
GPP,4511,28,83256
GPP,4512,28,83264
GPP,4513,28,83279
GPP,4514,28,83311
GPP,4515,28,83327
GPP,4516,28,83342
GPP,4517,28,83358
GPP,4518,28,83374
GPP,4519,28,83389
GPP,4520,28,83421
GPP,4521,28,83437
GPP,4522,28,83452
GPP,4523,28,83468
GPP,4524,28,83484
GPP,4525,28,83499
GPP,4526,28,83531
GPP,4527,28,83546
GPP,4528,28,83562
GPP,4529,28,83578
GPP,4530,28,83593
GPP,4531,28,83609
GPP,4532,28,83640
GPP,4533,28,83656
GPP,4534,28,83672
GPP,4535,28,83688
GPP,4536,28,83703
GPP,4537,28,83719
GPP,4538,28,83751
GPP,4539,28,83766
GPP,4540,28,83782
GPP,4541,28,83798
GPP,4542,28,83813
GPP,4543,28,83845
GPP,4544,28,83860
GPP,4545,28,83876
GPP,4546,28,83892
GPP,4547,28,83907
GPP,4548,28,83923
GPP,4549,28,83954
GPP,4550,28,83970
GPP,4551,28,83986
GPP,4552,28,84001
GPP,4553,28,84017
GPP,4554,28,84033
GPP,4555,28,84064
GPP,4556,28,84080
GPP,4557,28,84095
GPP,4558,28,84111
GPP,4559,28,84127
GPP,4560,28,84158
GPP,4561,28,84174
GPP,4562,28,84190
GPP,4563,28,84205
GPP,4564,28,84221
GPP,4565,28,84253
GPP,4566,28,84268
GPP,4567,28,84284
GPP,4568,28,84300
GPP,4569,28,84315
GPP,4570,28,84331
GPP,4571,28,84363
GPP,4572,28,84378
GPP,4573,28,84394
GPP,4574,28,84410
GPP,4575,28,84425
GPP,4576,28,84457
GPP,4577,28,84473
GPP,4578,28,84488
GPP,4579,28,84504
GPP,4580,28,84520
GPP,4581,28,84551
GPP,4582,28,84567
GPP,4583,28,84582
GPP,4584,28,84606
GPP,4585,28,84614
GPP,4586,28,84645
GPP,4587,28,84661
GPP,4588,28,84677
GPP,4589,28,84693
GPP,4590,28,84708
GPP,4591,28,84724
GPP,4592,28,84756
GPP,4593,28,84771
GPP,4594,28,84787
GPP,4595,28,84803
GPP,4596,28,84819
GPP,4597,28,84834
GPP,4598,28,84866
GPP,4599,28,84881
GPP,4600,28,84897
GPP,4601,28,84913
GPP,4602,28,84929
GPP,4603,28,84960
GPP,4604,28,84976
GPP,4605,28,84991
GPP,4606,28,85007
GPP,4607,28,85023
GPP,4608,28,85038
GPP,4609,28,85070
GPP,4610,28,85085
GPP,4611,28,85101
GPP,4612,28,85117
GPP,4613,28,85133
GPP,4614,28,85148
GPP,4615,28,85180
GPP,4616,28,85195
GPP,4617,28,85211
GPP,4618,28,85227
GPP,4619,28,85243
GPP,4620,28,85274
GPP,4621,28,85290
GPP,4622,28,85305
GPP,4623,28,85321
GPP,4624,28,85337
GPP,4625,28,85368
GPP,4626,28,85384
GPP,4627,28,85400
GPP,4628,28,85416
GPP,4629,28,85431
GPP,4630,28,85447
GPP,4631,28,85479
GPP,4632,28,85494
GPP,4633,28,85510
GPP,4634,28,85526
GPP,4635,28,85541
GPP,4636,28,85557
GPP,4637,28,85589
GPP,4638,28,85604
GPP,4639,28,85620
GPP,4640,28,85636
GPP,4641,28,85651
GPP,4642,28,85667
GPP,4643,28,85699
GPP,4644,28,85714
GPP,4645,28,85730
GPP,4646,28,85746
GPP,4647,28,85762
GPP,4648,28,85777
GPP,4649,28,85809
GPP,4650,28,85824
GPP,4651,28,85840
GPP,4652,28,85856
GPP,4653,28,85872
GPP,4654,28,85887
GPP,4655,28,85919
GPP,4656,28,85934
GPP,4657,28,85950
GPP,4658,28,85974
GPP,4659,28,85982
GPP,4660,28,86013
GPP,4661,28,86029
GPP,4662,28,86044
GPP,4663,28,86060
GPP,4664,28,86076
GPP,4665,28,86092
GPP,4666,28,86123
GPP,4667,28,86139
GPP,4668,28,86154
GPP,4669,28,86170
GPP,4670,28,86186
GPP,4671,28,86201
GPP,4672,28,86233
GPP,4673,28,86248
GPP,4674,28,86264
GPP,4675,28,86280
GPP,4676,28,86295
GPP,4677,28,86327
GPP,4678,28,86342
GPP,4679,28,86358
GPP,4680,28,86374
GPP,4681,28,86389
GPP,4682,28,86405
GPP,4683,28,86436
GPP,4684,28,86452
GPP,4685,28,86468
GPP,4686,28,86483
GPP,4687,28,86499
GPP,4688,28,86515
GPP,4689,28,86546
GPP,4690,28,86562
GPP,4691,28,86577
GPP,4692,28,86593
GPP,4693,28,86609
GPP,4694,28,86624
GPP,4695,28,86656
GPP,4696,28,86672
GPP,4697,28,86688
GPP,4698,28,86703
GPP,4699,28,86719
GPP,4700,28,86735
GPP,4701,28,86766
GPP,4702,28,86782
GPP,4703,28,86797
GPP,4704,28,86813
GPP,4705,28,86829
GPP,4706,28,86844
GPP,4707,28,86876
GPP,4708,28,86891
GPP,4709,28,86907
GPP,4710,28,86923
GPP,4711,28,86938
GPP,4712,28,86970
GPP,4713,28,86985
GPP,4714,28,87001
GPP,4715,28,87017
GPP,4716,28,87032
GPP,4717,28,87064
GPP,4718,28,87080
GPP,4719,28,87095
GPP,4720,28,87111
GPP,4721,28,87127
GPP,4722,28,87142
GPP,4723,28,87174
GPP,4724,28,87189
GPP,4725,28,87205
GPP,4726,28,87221
GPP,4727,28,87236
GPP,4728,28,87268
GPP,4729,28,87283
GPP,4730,28,87299
GPP,4731,28,87315
GPP,4732,28,87338
GPP,4733,28,87362
GPP,4734,28,87378
GPP,4735,28,87393
GPP,4736,28,87409
GPP,4737,28,87425
GPP,4738,28,87440
GPP,4739,28,87472
GPP,4740,28,87487
GPP,4741,28,87503
GPP,4742,28,87519
GPP,4743,28,87535
GPP,4744,28,87566
GPP,4745,28,87582
GPP,4746,28,87597
GPP,4747,28,87613
GPP,4748,28,87629
GPP,4749,28,87644
GPP,4750,28,87676
GPP,4751,28,87691
GPP,4752,28,87707
GPP,4753,28,87723
GPP,4754,28,87738
GPP,4755,28,87754
GPP,4756,28,87785
GPP,4757,28,87801
GPP,4758,28,87817
GPP,4759,28,87832
GPP,4760,28,87848
GPP,4761,28,87879
GPP,4762,28,87895
GPP,4763,28,87911
GPP,4764,28,87926
GPP,4765,28,87942
GPP,4766,28,87958
GPP,4767,28,87989
GPP,4768,28,88005
GPP,4769,28,88020
GPP,4770,28,88036
GPP,4771,28,88052
GPP,4772,28,88083
GPP,4773,28,88099
GPP,4774,28,88115
GPP,4775,28,88130
GPP,4776,28,88146
GPP,4777,28,88177
GPP,4778,28,88193
GPP,4779,28,88209
GPP,4780,28,88224
GPP,4781,28,88240
GPP,4782,28,88271
GPP,4783,28,88287
GPP,4784,28,88303
GPP,4785,28,88318
GPP,4786,28,88334
GPP,4787,28,88350
GPP,4788,28,88381
GPP,4789,28,88397
GPP,4790,28,88412
GPP,4791,28,88428
GPP,4792,28,88444
GPP,4793,28,88475
GPP,4794,28,88491
GPP,4795,28,88506
GPP,4796,28,88522
GPP,4797,28,88538
GPP,4798,28,88569
GPP,4799,28,88585
GPP,4800,28,88600
GPP,4801,28,88616
GPP,4802,28,88631
GPP,4803,28,88663
GPP,4804,28,88678
GPP,4805,28,88703
GPP,4806,28,88710
GPP,4807,28,88725
GPP,4808,28,88757
GPP,4809,28,88772
GPP,4810,28,88788
GPP,4811,28,88804
GPP,4812,28,88819
GPP,4813,28,88851
GPP,4814,28,88866
GPP,4815,28,88882
GPP,4816,28,88898
GPP,4817,28,88913
GPP,4818,28,88945
GPP,4819,28,88961
GPP,4820,28,88976
GPP,4821,28,88992
GPP,4822,28,89008
GPP,4823,28,89039
GPP,4824,28,89055
GPP,4825,28,89070
GPP,4826,28,89086
GPP,4827,28,89102
GPP,4828,28,89117
GPP,4829,28,89149
GPP,4830,28,89164
GPP,4831,28,89180
GPP,4832,28,89196
GPP,4833,28,89211
GPP,4834,28,89243
GPP,4835,28,89258
GPP,4836,28,89274
GPP,4837,28,89290
GPP,4838,28,89321
GPP,4839,28,89337
GPP,4840,28,89352
GPP,4841,28,89368
GPP,4842,28,89384
GPP,4843,28,89415
GPP,4844,28,89431
GPP,4845,28,89446
GPP,4846,28,89462
GPP,4847,28,89478
GPP,4848,28,89493
GPP,4849,28,89525
GPP,4850,28,89540
GPP,4851,28,89556
GPP,4852,28,89572
GPP,4853,28,89587
GPP,4854,28,89619
GPP,4855,28,89634
GPP,4856,28,89650
GPP,4857,28,89666
GPP,4858,28,89681
GPP,4859,28,89697
GPP,4860,28,89728
GPP,4861,28,89744
GPP,4862,28,89760
GPP,4863,28,89775
GPP,4864,28,89791
GPP,4865,28,89822
GPP,4866,28,89838
GPP,4867,28,89854
GPP,4868,28,89869
GPP,4869,28,89885
GPP,4870,28,89901
GPP,4871,28,89932
GPP,4872,28,89948
GPP,4873,28,89963
GPP,4874,28,89979
GPP,4875,28,89995
GPP,4876,28,90010
GPP,4877,28,90042
GPP,4878,28,90061
GPP,4879,28,90073
GPP,4880,28,90089
GPP,4881,28,90104
GPP,4882,28,90136
GPP,4883,28,90151
GPP,4884,28,90167
GPP,4885,28,90183
GPP,4886,28,90198
GPP,4887,28,90214
GPP,4888,28,90245
GPP,4889,28,90261
GPP,4890,28,90277
GPP,4891,28,90292
GPP,4892,28,90308
GPP,4893,28,90339
GPP,4894,28,90355
GPP,4895,28,90371
GPP,4896,28,90387
GPP,4897,28,90402
GPP,4898,28,90418
GPP,4899,28,90449
GPP,4900,28,90465
GPP,4901,28,90480
GPP,4902,28,90496
GPP,4903,28,90512
GPP,4904,28,90527
GPP,4905,28,90559
GPP,4906,28,90575
GPP,4907,28,90590
GPP,4908,28,90606
GPP,4909,28,90622
GPP,4910,28,90653
GPP,4911,28,90669
GPP,4912,28,90685
GPP,4913,28,90700
GPP,4914,28,90716
GPP,4915,28,90732
GPP,4916,28,90763
GPP,4917,28,90779
GPP,4918,28,90794
GPP,4919,28,90810
GPP,4920,28,90826
GPP,4921,28,90842
GPP,4922,28,90857
GPP,4923,28,90889
GPP,4924,28,90905
GPP,4925,28,90920
GPP,4926,28,90936
GPP,4927,28,90967
GPP,4928,28,90983
GPP,4929,28,90999
GPP,4930,28,91014
GPP,4931,28,91030
GPP,4932,28,91046
GPP,4933,28,91077
GPP,4934,28,91093
GPP,4935,28,91108
GPP,4936,28,91124
GPP,4937,28,91140
GPP,4938,28,91171
GPP,4939,28,91187
GPP,4940,28,91203
GPP,4941,28,91218
GPP,4942,28,91234
GPP,4943,28,91265
GPP,4944,28,91281
GPP,4945,28,91297
GPP,4946,28,91313
GPP,4947,28,91328
GPP,4948,28,91344
GPP,4949,28,91375
GPP,4950,28,91391
GPP,4951,28,91407
GPP,4952,28,91431
GPP,4953,28,91438
GPP,4954,28,91454
GPP,4955,28,91485
GPP,4956,28,91501
GPP,4957,28,91517
GPP,4958,28,91532
GPP,4959,28,91548
GPP,4960,28,91564
GPP,4961,28,91595
GPP,4962,28,91611
GPP,4963,28,91627
GPP,4964,28,91642
GPP,4965,28,91658
GPP,4966,28,91682
GPP,4967,28,91705
GPP,4968,28,91721
GPP,4969,28,91737
GPP,4970,28,91752
GPP,4971,28,91768
GPP,4972,28,91784
GPP,4973,28,91815
GPP,4974,28,91831
GPP,4975,28,91846
GPP,4976,28,91862
GPP,4977,28,91878
GPP,4978,28,91893
GPP,4979,28,91925
GPP,4980,28,91940
GPP,4981,28,91956
GPP,4982,28,91972
GPP,4983,28,91987
GPP,4984,28,92003
GPP,4985,28,92034
GPP,4986,28,92050
GPP,4987,28,92066
GPP,4988,28,92082
GPP,4989,28,92097
GPP,4990,28,92113
GPP,4991,28,92144
GPP,4992,28,92160
GPP,4993,28,92176
GPP,4994,28,92192
GPP,4995,28,92207
GPP,4996,28,92239
GPP,4997,28,92254
GPP,4998,28,92270
GPP,4999,28,92286
QAP,0,482,0
QAP,1,472,31
QAP,2,472,62
QAP,3,464,94
QAP,4,464,110
QAP,5,460,141
QAP,6,460,172
QAP,7,460,204
QAP,8,458,235
QAP,9,458,267
QAP,10,456,298
QAP,11,456,329
QAP,12,456,361
QAP,13,456,392
QAP,14,448,428
QAP,15,448,455
QAP,16,448,487
QAP,17,448,518
QAP,18,444,534
QAP,19,444,565
QAP,20,444,597
QAP,21,444,628
QAP,22,444,660
QAP,23,444,691
QAP,24,444,722
QAP,25,444,754
QAP,26,440,785
QAP,27,440,816
QAP,28,440,848
QAP,29,440,879
QAP,30,440,911
QAP,31,440,942
QAP,32,436,958
QAP,33,436,989
QAP,34,436,1021
QAP,35,436,1052
QAP,36,436,1083
QAP,37,436,1115
QAP,38,436,1146
QAP,39,436,1177
QAP,40,436,1209
QAP,41,436,1240
QAP,42,436,1271
QAP,43,436,1303
QAP,44,436,1334
QAP,45,436,1366
QAP,46,436,1397
QAP,47,436,1428
QAP,48,436,1460
QAP,49,436,1475
QAP,50,436,1507
QAP,51,436,1538
QAP,52,436,1569
QAP,53,436,1601
QAP,54,436,1632
QAP,55,436,1663
QAP,56,436,1695
QAP,57,436,1726
QAP,58,436,1758
QAP,59,436,1789
QAP,60,436,1821
QAP,61,436,1852
QAP,62,434,1883
QAP,63,434,1915
QAP,64,434,1946
QAP,65,434,1978
QAP,66,432,1993
QAP,67,432,2025
QAP,68,432,2056
QAP,69,432,2088
QAP,70,432,2119
QAP,71,430,2150
QAP,72,420,2182
QAP,73,420,2213
QAP,74,420,2245
QAP,75,420,2276
QAP,76,420,2307
QAP,77,420,2339
QAP,78,420,2370
QAP,79,420,2401
QAP,80,420,2433
QAP,81,420,2464
QAP,82,414,2496
QAP,83,386,2511
QAP,84,386,2543
QAP,85,386,2574
QAP,86,386,2605
QAP,87,386,2637
QAP,88,386,2668
QAP,89,386,2700
QAP,90,386,2731
QAP,91,386,2762
QAP,92,386,2794
QAP,93,386,2825
QAP,94,386,2856
QAP,95,386,2888
QAP,96,378,2919
QAP,97,378,2951
QAP,98,378,2966
QAP,99,378,2998
QAP,100,378,3029
QAP,101,378,3061
QAP,102,378,3092
QAP,103,378,3123
QAP,104,378,3155
QAP,105,378,3186
QAP,106,378,3217
QAP,107,378,3249
QAP,108,378,3280
QAP,109,374,3312
QAP,110,374,3343
QAP,111,374,3374
QAP,112,374,3406
QAP,113,374,3437
QAP,114,374,3468
QAP,115,374,3500
QAP,116,372,3515
QAP,117,372,3547
QAP,118,372,3578
QAP,119,372,3610
QAP,120,370,3641
QAP,121,370,3672
QAP,122,370,3704
QAP,123,370,3735
QAP,124,370,3767
QAP,125,370,3798
QAP,126,370,3830
QAP,127,370,3861
QAP,128,366,3893
QAP,129,366,3924
QAP,130,366,3955
QAP,131,366,3987
QAP,132,366,4003
QAP,133,366,4034
QAP,134,366,4065
QAP,135,366,4097
QAP,136,366,4128
QAP,137,366,4159
QAP,138,366,4191
QAP,139,366,4222
QAP,140,362,4254
QAP,141,362,4285
QAP,142,362,4316
QAP,143,362,4348
QAP,144,362,4379
QAP,145,362,4410
QAP,146,362,4442
QAP,147,362,4457
QAP,148,362,4489
QAP,149,362,4520
QAP,150,362,4551
QAP,151,362,4583
QAP,152,362,4614
QAP,153,362,4646
QAP,154,362,4677
QAP,155,362,4709
QAP,156,362,4740
QAP,157,362,4772
QAP,158,358,4803
QAP,159,358,4834
QAP,160,358,4866
QAP,161,356,4897
QAP,162,356,4929
QAP,163,356,4960
QAP,164,356,4992
QAP,165,354,5007
QAP,166,354,5039
QAP,167,354,5070
QAP,168,350,5102
QAP,169,350,5133
QAP,170,342,5164
QAP,171,342,5196
QAP,172,334,5227
QAP,173,334,5258
QAP,174,334,5290
QAP,175,334,5321
QAP,176,334,5353
QAP,177,334,5368
QAP,178,330,5400
QAP,179,330,5431
QAP,180,330,5463
QAP,181,330,5494
QAP,182,330,5526
QAP,183,330,5557
QAP,184,330,5589
QAP,185,318,5620
QAP,186,318,5652
QAP,187,318,5683
QAP,188,318,5714
QAP,189,318,5730
QAP,190,318,5762
QAP,191,318,5793
QAP,192,318,5824
QAP,193,318,5856
QAP,194,318,5887
QAP,195,318,5919
QAP,196,318,5950
QAP,197,314,5982
QAP,198,314,6013
QAP,199,314,6045
QAP,200,314,6076
QAP,201,314,6107
QAP,202,314,6123
QAP,203,314,6155
QAP,204,314,6186
QAP,205,314,6218
QAP,206,314,6249
QAP,207,314,6280
QAP,208,314,6312
QAP,209,314,6343
QAP,210,314,6375
QAP,211,314,6406
QAP,212,314,6437
QAP,213,314,6453
QAP,214,314,6485
QAP,215,314,6516
QAP,216,314,6548
QAP,217,314,6579
QAP,218,302,6610
QAP,219,302,6642
QAP,220,302,6673
QAP,221,302,6704
QAP,222,302,6736
QAP,223,302,6767
QAP,224,302,6798
QAP,225,302,6814
QAP,226,302,6846
QAP,227,302,6877
QAP,228,298,6908
QAP,229,298,6940
QAP,230,298,6971
QAP,231,298,7003
QAP,232,298,7034
QAP,233,294,7065
QAP,234,294,7097
QAP,235,294,7128
QAP,236,294,7159
QAP,237,294,7191
QAP,238,294,7207
QAP,239,294,7246
QAP,240,294,7269
QAP,241,294,7301
QAP,242,294,7332
QAP,243,290,7364
QAP,244,290,7395
QAP,245,290,7426
QAP,246,290,7458
QAP,247,290,7489
QAP,248,290,7521
QAP,249,290,7552
QAP,250,290,7583
QAP,251,286,7599
QAP,252,286,7630
QAP,253,286,7662
QAP,254,286,7693
QAP,255,286,7724
QAP,256,286,7756
QAP,257,286,7787
QAP,258,286,7819
QAP,259,286,7850
QAP,260,286,7882
QAP,261,286,7913
QAP,262,286,7945
QAP,263,286,7976
QAP,264,286,7992
QAP,265,286,8023
QAP,266,286,8054
QAP,267,286,8086
QAP,268,282,8117
QAP,269,282,8149
QAP,270,282,8180
QAP,271,282,8212
QAP,272,282,8243
QAP,273,282,8274
QAP,274,282,8306
QAP,275,282,8337
QAP,276,282,8353
QAP,277,282,8384
QAP,278,282,8416
QAP,279,282,8447
QAP,280,282,8479
QAP,281,282,8510
QAP,282,282,8541
QAP,283,280,8573
QAP,284,280,8607
QAP,285,278,8636
QAP,286,278,8667
QAP,287,278,8683
QAP,288,278,8714
QAP,289,274,8746
QAP,290,274,8777
QAP,291,270,8808
QAP,292,270,8840
QAP,293,266,8871
QAP,294,266,8903
QAP,295,266,8934
QAP,296,266,8965
QAP,297,266,8997
QAP,298,266,9028
QAP,299,266,9060
QAP,300,266,9091
QAP,301,266,9107
QAP,302,266,9138
QAP,303,266,9170
QAP,304,262,9201
QAP,305,262,9232
QAP,306,262,9264
QAP,307,262,9295
QAP,308,262,9327
QAP,309,258,9358
QAP,310,258,9389
QAP,311,254,9421
QAP,312,250,9436
QAP,313,250,9468
QAP,314,250,9499
QAP,315,250,9531
QAP,316,250,9562
QAP,317,250,9593
QAP,318,246,9625
QAP,319,246,9656
QAP,320,246,9688
QAP,321,246,9719
QAP,322,246,9735
QAP,323,246,9766
QAP,324,242,9798
QAP,325,242,9829
QAP,326,238,9860
QAP,327,238,9892
QAP,328,238,9923
QAP,329,238,9962
QAP,330,234,9986
QAP,331,234,10017
QAP,332,234,10049
QAP,333,234,10080
QAP,334,234,10111
QAP,335,234,10127
QAP,336,230,10159
QAP,337,230,10190
QAP,338,230,10221
QAP,339,230,10253
QAP,340,230,10284
QAP,341,230,10316
QAP,342,230,10347
QAP,343,230,10379
QAP,344,230,10410
QAP,345,230,10441
QAP,346,230,10457
QAP,347,226,10488
QAP,348,226,10520
QAP,349,226,10551
QAP,350,226,10583
QAP,351,226,10614
QAP,352,226,10645
QAP,353,226,10677
QAP,354,226,10708
QAP,355,226,10740
QAP,356,226,10771
QAP,357,226,10787
QAP,358,226,10818
QAP,359,226,10850
QAP,360,226,10881
QAP,361,226,10912
QAP,362,226,10944
QAP,363,226,10975
QAP,364,226,11007
QAP,365,226,11038
QAP,366,226,11070
QAP,367,226,11101
QAP,368,226,11132
QAP,369,226,11148
QAP,370,226,11179
QAP,371,226,11211
QAP,372,226,11242
QAP,373,226,11274
QAP,374,226,11305
QAP,375,226,11336
QAP,376,226,11368
QAP,377,226,11399
QAP,378,222,11431
QAP,379,222,11462
QAP,380,222,11478
QAP,381,222,11509
QAP,382,222,11541
QAP,383,218,11572
QAP,384,218,11604
QAP,385,218,11635
QAP,386,214,11666
QAP,387,214,11698
QAP,388,214,11729
QAP,389,214,11761
QAP,390,214,11777
QAP,391,214,11808
QAP,392,214,11840
QAP,393,214,11871
QAP,394,214,11902
QAP,395,214,11934
QAP,396,214,11965
QAP,397,214,11997
QAP,398,214,12028
QAP,399,210,12060
QAP,400,210,12091
QAP,401,210,12107
QAP,402,210,12138
QAP,403,210,12170
QAP,404,210,12201
QAP,405,202,12232
QAP,406,202,12264
QAP,407,202,12295
QAP,408,198,12327
QAP,409,198,12358
QAP,410,198,12389
QAP,411,198,12421
QAP,412,198,12437
QAP,413,198,12468
QAP,414,198,12499
QAP,415,198,12531
QAP,416,198,12562
QAP,417,194,12594
QAP,418,194,12625
QAP,419,194,12662
QAP,420,194,12692
QAP,421,194,12720
QAP,422,194,12751
QAP,423,190,12783
QAP,424,190,12814
QAP,425,190,12846
QAP,426,190,12877
QAP,427,190,12908
QAP,428,190,12924
QAP,429,190,12955
QAP,430,190,12987
QAP,431,190,13018
QAP,432,190,13049
QAP,433,190,13081
QAP,434,190,13112
QAP,435,190,13143
QAP,436,186,13175
QAP,437,186,13206
QAP,438,186,13222
QAP,439,186,13253
QAP,440,186,13285
QAP,441,186,13316
QAP,442,186,13348
QAP,443,186,13379
QAP,444,186,13410
QAP,445,182,13442
QAP,446,182,13457
QAP,447,178,13489
QAP,448,178,13520
QAP,449,178,13552
QAP,450,178,13583
QAP,451,178,13614
QAP,452,178,13646
QAP,453,178,13677
QAP,454,178,13693
QAP,455,178,13724
QAP,456,178,13756
QAP,457,178,13787
QAP,458,178,13819
QAP,459,178,13850
QAP,460,174,13881
QAP,461,174,13913
QAP,462,174,13944
QAP,463,174,13960
QAP,464,174,13991
QAP,465,174,14023
QAP,466,174,14062
QAP,467,174,14086
QAP,468,174,14117
QAP,469,174,14148
QAP,470,174,14180
QAP,471,174,14211
QAP,472,174,14227
QAP,473,174,14259
QAP,474,174,14290
QAP,475,174,14321
QAP,476,174,14362
QAP,477,174,14384
QAP,478,170,14416
QAP,479,170,14447
QAP,480,170,14478
QAP,481,170,14510
QAP,482,170,14525
QAP,483,170,14557
QAP,484,170,14588
QAP,485,170,14620
QAP,486,170,14651
QAP,487,170,14682
QAP,488,170,14714
QAP,489,170,14745
QAP,490,170,14777
QAP,491,170,14808
QAP,492,170,14824
QAP,493,170,14855
QAP,494,170,14886
QAP,495,170,14918
QAP,496,170,14949
QAP,497,170,14981
QAP,498,170,15012
QAP,499,170,15043
QAP,500,166,15075
QAP,501,166,15106
QAP,502,166,15122
QAP,503,166,15153
QAP,504,166,15184
QAP,505,166,15216
QAP,506,166,15247
QAP,507,166,15279
QAP,508,166,15310
QAP,509,166,15326
QAP,510,166,15357
QAP,511,158,15389
QAP,512,158,15428
QAP,513,158,15452
QAP,514,154,15483
QAP,515,154,15514
QAP,516,154,15530
QAP,517,154,15562
QAP,518,154,15593
QAP,519,154,15624
QAP,520,154,15656
QAP,521,154,15687
QAP,522,154,15719
QAP,523,154,15750
QAP,524,154,15766
QAP,525,154,15797
QAP,526,150,15831
QAP,527,150,15860
QAP,528,150,15892
QAP,529,150,15923
QAP,530,150,15954
QAP,531,150,15986
QAP,532,150,16017
QAP,533,150,16049
QAP,534,150,16065
QAP,535,150,16096
QAP,536,146,16128
QAP,537,146,16159
QAP,538,142,16191
QAP,539,142,16222
QAP,540,142,16254
QAP,541,142,16285
QAP,542,142,16316
QAP,543,138,16348
QAP,544,138,16363
QAP,545,138,16395
QAP,546,138,16426
QAP,547,138,16458
QAP,548,138,16489
QAP,549,138,16521
QAP,550,138,16552
QAP,551,138,16583
QAP,552,138,16615
QAP,553,138,16646
QAP,554,138,16678
QAP,555,138,16693
QAP,556,138,16725
QAP,557,138,16756
QAP,558,138,16788
QAP,559,138,16819
QAP,560,138,16851
QAP,561,138,16882
QAP,562,138,16913
QAP,563,138,16945
QAP,564,134,16976
QAP,565,134,17008
QAP,566,134,17039
QAP,567,134,17071
QAP,568,134,17086
QAP,569,134,17118
QAP,570,134,17149
QAP,571,134,17181
QAP,572,134,17212
QAP,573,134,17244
QAP,574,134,17275
QAP,575,134,17306
QAP,576,134,17322
QAP,577,134,17353
QAP,578,134,17385
QAP,579,134,17416
QAP,580,130,17448
QAP,581,130,17479
QAP,582,130,17511
QAP,583,130,17526
QAP,584,130,17558
QAP,585,130,17589
QAP,586,130,17621
QAP,587,130,17652
QAP,588,130,17683
QAP,589,130,17715
QAP,590,130,17731
QAP,591,122,17762
QAP,592,122,17794
QAP,593,122,17825
QAP,594,122,17856
QAP,595,122,17888
QAP,596,122,17919
QAP,597,122,17951
QAP,598,122,17966
QAP,599,122,17998
QAP,600,122,18029
QAP,601,122,18060
QAP,602,118,18092
QAP,603,114,18123
QAP,604,114,18155
QAP,605,114,18186
QAP,606,114,18202
QAP,607,114,18233
QAP,608,114,18265
QAP,609,114,18296
QAP,610,114,18328
QAP,611,114,18359
QAP,612,114,18390
QAP,613,114,18422
QAP,614,114,18453
QAP,615,114,18469
QAP,616,114,18500
QAP,617,114,18531
QAP,618,114,18563
QAP,619,114,18594
QAP,620,110,18626
QAP,621,110,18657
QAP,622,110,18688
QAP,623,110,18704
QAP,624,110,18735
QAP,625,110,18767
QAP,626,110,18798
QAP,627,110,18830
QAP,628,110,18861
QAP,629,110,18892
QAP,630,110,18924
QAP,631,110,18955
QAP,632,110,18987
QAP,633,110,19018
QAP,634,110,19034
QAP,635,110,19065
QAP,636,110,19097
QAP,637,110,19128
QAP,638,110,19159
QAP,639,110,19191
QAP,640,110,19222
QAP,641,110,19253
QAP,642,110,19269
QAP,643,110,19301
QAP,644,110,19332
QAP,645,110,19370
QAP,646,110,19395
QAP,647,110,19426
QAP,648,110,19457
QAP,649,110,19473
QAP,650,110,19505
QAP,651,106,19536
QAP,652,106,19567
QAP,653,106,19599
QAP,654,106,19630
QAP,655,106,19661
QAP,656,106,19693
QAP,657,106,19708
QAP,658,106,19740
QAP,659,106,19771
QAP,660,106,19803
QAP,661,106,19834
QAP,662,106,19865
QAP,663,106,19897
QAP,664,106,19913
QAP,665,106,19944
QAP,666,106,19975
QAP,667,106,20007
QAP,668,106,20038
QAP,669,102,20070
QAP,670,102,20101
QAP,671,102,20117
QAP,672,102,20148
QAP,673,102,20180
QAP,674,102,20211
QAP,675,102,20243
QAP,676,102,20274
QAP,677,102,20306
QAP,678,102,20337
QAP,679,102,20353
QAP,680,102,20384
QAP,681,102,20416
QAP,682,102,20447
QAP,683,102,20478
QAP,684,102,20510
QAP,685,102,20541
QAP,686,102,20572
QAP,687,102,20588
QAP,688,102,20620
QAP,689,102,20651
QAP,690,102,20682
QAP,691,102,20714
QAP,692,102,20745
QAP,693,102,20777
QAP,694,102,20808
QAP,695,102,20839
QAP,696,102,20871
QAP,697,102,20887
QAP,698,102,20918
QAP,699,102,20949
QAP,700,102,20981
QAP,701,102,21012
QAP,702,102,21044
QAP,703,102,21075
QAP,704,102,21106
QAP,705,102,21138
QAP,706,102,21169
QAP,707,102,21201
QAP,708,102,21216
QAP,709,102,21248
QAP,710,102,21279
QAP,711,102,21311
QAP,712,102,21342
QAP,713,102,21374
QAP,714,102,21405
QAP,715,102,21436
QAP,716,102,21468
QAP,717,102,21483
QAP,718,102,21515
QAP,719,102,21546
QAP,720,102,21578
QAP,721,102,21609
QAP,722,102,21640
QAP,723,102,21672
QAP,724,102,21703
QAP,725,102,21719
QAP,726,102,21750
QAP,727,102,21782
QAP,728,102,21813
QAP,729,102,21845
QAP,730,102,21876
QAP,731,102,21907
QAP,732,102,21939
QAP,733,102,21970
QAP,734,102,21986
QAP,735,102,22017
QAP,736,102,22049
QAP,737,102,22080
QAP,738,102,22111
QAP,739,102,22143
QAP,740,102,22174
QAP,741,102,22190
QAP,742,102,22230
QAP,743,102,22253
QAP,744,102,22284
QAP,745,102,22316
QAP,746,102,22347
QAP,747,102,22378
QAP,748,102,22410
QAP,749,102,22425
QAP,750,102,22457
QAP,751,102,22489
QAP,752,102,22520
QAP,753,102,22552
QAP,754,102,22583
QAP,755,102,22615
QAP,756,102,22646
QAP,757,102,22662
QAP,758,102,22693
QAP,759,102,22725
QAP,760,102,22756
QAP,761,102,22788
QAP,762,102,22819
QAP,763,102,22852
QAP,764,102,22881
QAP,765,102,22912
QAP,766,102,22940
QAP,767,102,22970
QAP,768,102,23001
QAP,769,102,23031
QAP,770,102,23059
QAP,771,102,23089
QAP,772,102,23118
QAP,773,102,23147
QAP,774,102,23177
QAP,775,102,23207
QAP,776,102,23234
QAP,777,102,23266
QAP,778,102,23295
QAP,779,102,23325
QAP,780,102,23356
QAP,781,102,23386
QAP,782,102,23414
QAP,783,102,23444
QAP,784,102,23473
QAP,785,102,23503
QAP,786,102,23533
QAP,787,102,23562
QAP,788,102,23593
QAP,789,102,23622
QAP,790,102,23652
QAP,791,102,23681
QAP,792,102,23712
QAP,793,102,23742
QAP,794,102,23772
QAP,795,102,23801
QAP,796,102,23832
QAP,797,102,23864
QAP,798,102,23893
QAP,799,102,23924
QAP,800,102,23954
QAP,801,102,23986
QAP,802,102,24016
QAP,803,102,24045
QAP,804,102,24075
QAP,805,102,24107
QAP,806,102,24136
QAP,807,102,24166
QAP,808,102,24194
QAP,809,102,24226
QAP,810,102,24255
QAP,811,102,24285
QAP,812,102,24316
QAP,813,102,24345
QAP,814,102,24375
QAP,815,102,24407
QAP,816,102,24436
QAP,817,102,24466
QAP,818,102,24497
QAP,819,102,24526
QAP,820,102,24556
QAP,821,102,24586
QAP,822,102,24616
QAP,823,102,24647
QAP,824,102,24676
QAP,825,102,24707
QAP,826,102,24736
QAP,827,102,24767
QAP,828,102,24797
QAP,829,102,24827
QAP,830,102,24858
QAP,831,102,24888
QAP,832,102,24917
QAP,833,102,24947
QAP,834,102,24976
QAP,835,102,25008
QAP,836,102,25038
QAP,837,102,25068
QAP,838,102,25098
QAP,839,102,25128
QAP,840,102,25157
QAP,841,102,25186
QAP,842,102,25215
QAP,843,102,25243
QAP,844,102,25273
QAP,845,102,25303
QAP,846,102,25331
QAP,847,102,25361
QAP,848,102,25390
QAP,849,102,25419
QAP,850,102,25448
QAP,851,102,25477
QAP,852,102,25508
QAP,853,102,25536
QAP,854,102,25565
QAP,855,102,25595
QAP,856,102,25622
QAP,857,102,25651
QAP,858,102,25681
QAP,859,102,25709
QAP,860,102,25739
QAP,861,102,25768
QAP,862,102,25797
QAP,863,102,25826
QAP,864,102,25857
QAP,865,102,25886
QAP,866,102,25914
QAP,867,102,25944
QAP,868,102,25975
QAP,869,102,26005
QAP,870,102,26035
QAP,871,102,26065
QAP,872,102,26095
QAP,873,102,26123
QAP,874,102,26155
QAP,875,102,26183
QAP,876,102,26215
QAP,877,102,26245
QAP,878,102,26273
QAP,879,102,26303
QAP,880,102,26334
QAP,881,102,26365
QAP,882,102,26395
QAP,883,102,26425
QAP,884,102,26456
QAP,885,102,26485
QAP,886,102,26517
QAP,887,102,26546
QAP,888,102,26578
QAP,889,102,26608
QAP,890,102,26640
QAP,891,102,26669
QAP,892,102,26701
QAP,893,102,26732
QAP,894,102,26762
QAP,895,102,26794
QAP,896,102,26824
QAP,897,102,26855
QAP,898,102,26887
QAP,899,102,26917
QAP,900,102,26948
QAP,901,102,26980
QAP,902,102,27010
QAP,903,102,27042
QAP,904,102,27072
QAP,905,102,27102
QAP,906,102,27133
QAP,907,102,27165
QAP,908,102,27196
QAP,909,102,27227
QAP,910,102,27256
QAP,911,102,27287
QAP,912,102,27317
QAP,913,102,27347
QAP,914,102,27378
QAP,915,102,27407
QAP,916,102,27438
QAP,917,102,27470
QAP,918,102,27500
QAP,919,102,27530
QAP,920,102,27560
QAP,921,102,27590
QAP,922,102,27620
QAP,923,102,27651
QAP,924,102,27681
QAP,925,102,27714
QAP,926,102,27743
QAP,927,102,27773
QAP,928,102,27804
QAP,929,102,27834
QAP,930,102,27867
QAP,931,102,27897
QAP,932,102,27929
QAP,933,102,27959
QAP,934,102,27989
QAP,935,102,28021
QAP,936,102,28051
QAP,937,102,28082
QAP,938,102,28113
QAP,939,102,28144
QAP,940,102,28174
QAP,941,102,28203
QAP,942,102,28233
QAP,943,102,28264
QAP,944,102,28293
QAP,945,102,28323
QAP,946,102,28352
QAP,947,102,28384
QAP,948,102,28413
QAP,949,102,28444
QAP,950,102,28475
QAP,951,102,28505
QAP,952,102,28536
QAP,953,102,28566
QAP,954,102,28596
QAP,955,102,28627
QAP,956,102,28656
QAP,957,102,28687
QAP,958,102,28717
QAP,959,102,28747
QAP,960,102,28776
QAP,961,102,28808
QAP,962,102,28838
QAP,963,102,28869
QAP,964,102,28900
QAP,965,102,28929
QAP,966,102,28961
QAP,967,102,28990
QAP,968,102,29022
QAP,969,102,29051
QAP,970,102,29074
QAP,971,102,29106
QAP,972,102,29137
QAP,973,102,29168
QAP,974,102,29200
QAP,975,102,29231
QAP,976,102,29263
QAP,977,102,29294
QAP,978,102,29325
QAP,979,102,29341
QAP,980,102,29372
QAP,981,102,29412
QAP,982,102,29435
QAP,983,102,29467
QAP,984,102,29498
QAP,985,102,29529
QAP,986,102,29561
QAP,987,102,29592
QAP,988,102,29624
QAP,989,102,29655
QAP,990,102,29687
QAP,991,102,29718
QAP,992,102,29734
QAP,993,102,29765
QAP,994,102,29797
QAP,995,102,29828
QAP,996,102,29860
QAP,997,102,29891
QAP,998,102,29922
QAP,999,102,29954
QAP,1000,102,29985
QAP,1001,102,30017
QAP,1002,102,30048
QAP,1003,102,30079
QAP,1004,102,30111
QAP,1005,102,30127
QAP,1006,102,30158
QAP,1007,102,30189
QAP,1008,102,30221
QAP,1009,102,30252
QAP,1010,102,30283
QAP,1011,102,30315
QAP,1012,102,30346
QAP,1013,102,30378
QAP,1014,102,30411
QAP,1015,102,30441
QAP,1016,102,30472
QAP,1017,102,30488
QAP,1018,102,30519
QAP,1019,102,30551
QAP,1020,102,30582
QAP,1021,102,30613
QAP,1022,102,30645
QAP,1023,102,30676
QAP,1024,102,30708
QAP,1025,102,30739
QAP,1026,102,30771
QAP,1027,102,30802
QAP,1028,102,30834
QAP,1029,102,30849
QAP,1030,102,30881
QAP,1031,102,30912
QAP,1032,102,30943
QAP,1033,102,30975
QAP,1034,102,31006
QAP,1035,102,31038
QAP,1036,102,31069
QAP,1037,102,31101
QAP,1038,102,31132
QAP,1039,102,31163
QAP,1040,102,31195
QAP,1041,102,31226
QAP,1042,102,31258
QAP,1043,102,31289
QAP,1044,102,31305
QAP,1045,102,31336
QAP,1046,102,31367
QAP,1047,102,31399
QAP,1048,102,31430
QAP,1049,102,31462
QAP,1050,102,31493
QAP,1051,102,31525
QAP,1052,102,31556
QAP,1053,102,31587
QAP,1054,102,31619
QAP,1055,102,31650
QAP,1056,102,31666
QAP,1057,102,31697
QAP,1058,102,31729
QAP,1059,102,31760
QAP,1060,102,31792
QAP,1061,102,31823
QAP,1062,102,31855
QAP,1063,102,31886
QAP,1064,102,31917
QAP,1065,102,31949
QAP,1066,102,31980
QAP,1067,102,32012
QAP,1068,102,32043
QAP,1069,102,32074
QAP,1070,102,32106
QAP,1071,102,32137
QAP,1072,102,32168
QAP,1073,102,32200
QAP,1074,102,32231
QAP,1075,102,32247
QAP,1076,102,32278
QAP,1077,102,32310
QAP,1078,102,32341
QAP,1079,102,32373
QAP,1080,102,32404
QAP,1081,102,32435
QAP,1082,102,32467
QAP,1083,102,32498
QAP,1084,102,32530
QAP,1085,102,32561
QAP,1086,102,32592
QAP,1087,102,32624
QAP,1088,102,32639
QAP,1089,102,32671
QAP,1090,102,32702
QAP,1091,102,32734
QAP,1092,102,32765
QAP,1093,102,32797
QAP,1094,102,32828
QAP,1095,102,32859
QAP,1096,102,32891
QAP,1097,102,32922
QAP,1098,102,32954
QAP,1099,102,32985
QAP,1100,102,33016
QAP,1101,102,33048
QAP,1102,102,33079
QAP,1103,102,33111
QAP,1104,102,33142
QAP,1105,102,33174
QAP,1106,102,33205
QAP,1107,102,33221
QAP,1108,102,33252
QAP,1109,102,33284
QAP,1110,102,33315
QAP,1111,102,33347
QAP,1112,102,33378
QAP,1113,102,33409
QAP,1114,102,33441
QAP,1115,102,33472
QAP,1116,102,33503
QAP,1117,102,33535
QAP,1118,102,33566
QAP,1119,102,33597
QAP,1120,102,33613
QAP,1121,102,33645
QAP,1122,102,33676
QAP,1123,102,33708
QAP,1124,102,33739
QAP,1125,102,33770
QAP,1126,102,33802
QAP,1127,102,33833
QAP,1128,102,33865
QAP,1129,102,33896
QAP,1130,102,33927
QAP,1131,102,33959
QAP,1132,102,33990
QAP,1133,102,34022
QAP,1134,102,34053
QAP,1135,102,34084
QAP,1136,102,34116
QAP,1137,102,34131
QAP,1138,102,34163
QAP,1139,102,34194
QAP,1140,102,34226
QAP,1141,102,34257
QAP,1142,102,34288
QAP,1143,102,34320
QAP,1144,102,34351
QAP,1145,102,34382
QAP,1146,102,34419
QAP,1147,102,34445
QAP,1148,102,34476
QAP,1149,102,34508
QAP,1150,102,34539
QAP,1151,102,34555
QAP,1152,102,34586
QAP,1153,102,34618
QAP,1154,102,34649
QAP,1155,102,34680
QAP,1156,102,34712
QAP,1157,102,34743
QAP,1158,102,34775
QAP,1159,102,34806
QAP,1160,102,34838
QAP,1161,102,34869
QAP,1162,102,34900
QAP,1163,102,34932
QAP,1164,102,34948
QAP,1165,102,34979
QAP,1166,102,35010
QAP,1167,102,35042
QAP,1168,102,35073
QAP,1169,102,35105
QAP,1170,102,35136
QAP,1171,102,35168
QAP,1172,102,35199
QAP,1173,102,35230
QAP,1174,102,35262
QAP,1175,102,35293
QAP,1176,102,35324
QAP,1177,102,35356
QAP,1178,102,35372
QAP,1179,102,35403
QAP,1180,102,35434
QAP,1181,102,35466
QAP,1182,102,35497
QAP,1183,102,35528
QAP,1184,102,35560
QAP,1185,102,35591
QAP,1186,102,35622
QAP,1187,102,35654
QAP,1188,102,35685
QAP,1189,102,35716
QAP,1190,102,35748
QAP,1191,102,35763
QAP,1192,102,35795
QAP,1193,102,35837
QAP,1194,102,35865
QAP,1195,102,35889
QAP,1196,102,35920
QAP,1197,102,35952
QAP,1198,102,35983
QAP,1199,102,36014
QAP,1200,102,36046
QAP,1201,102,36077
QAP,1202,102,36108
QAP,1203,102,36140
QAP,1204,102,36171
QAP,1205,102,36202
QAP,1206,102,36218
QAP,1207,102,36249
QAP,1208,102,36281
QAP,1209,102,36312
QAP,1210,102,36344
QAP,1211,102,36375
QAP,1212,102,36407
QAP,1213,102,36438
QAP,1214,102,36470
QAP,1215,102,36501
QAP,1216,102,36532
QAP,1217,102,36564
QAP,1218,102,36580
QAP,1219,102,36611
QAP,1220,102,36642
QAP,1221,102,36674
QAP,1222,102,36705
QAP,1223,102,36737
QAP,1224,102,36768
QAP,1225,102,36800
QAP,1226,102,36831
QAP,1227,102,36862
QAP,1228,102,36878
QAP,1229,102,36909
QAP,1230,102,36941
QAP,1231,102,36972
QAP,1232,102,37003
QAP,1233,102,37035
QAP,1234,102,37066
QAP,1235,102,37098
QAP,1236,102,37129
QAP,1237,102,37161
QAP,1238,102,37192
QAP,1239,102,37225
QAP,1240,102,37255
QAP,1241,102,37271
QAP,1242,102,37302
QAP,1243,102,37334
QAP,1244,102,37365
QAP,1245,102,37397
QAP,1246,102,37428
QAP,1247,102,37459
QAP,1248,102,37491
QAP,1249,102,37522
QAP,1250,102,37553
QAP,1251,102,37585
QAP,1252,102,37616
QAP,1253,102,37648
QAP,1254,102,37679
QAP,1255,102,37695
QAP,1256,102,37726
QAP,1257,102,37757
QAP,1258,102,37789
QAP,1259,102,37820
QAP,1260,102,37851
QAP,1261,102,37883
QAP,1262,102,37914
QAP,1263,102,37946
QAP,1264,102,37977
QAP,1265,102,38008
QAP,1266,102,38040
QAP,1267,102,38056
QAP,1268,102,38087
QAP,1269,102,38119
QAP,1270,102,38150
QAP,1271,102,38181
QAP,1272,102,38213
QAP,1273,102,38244
QAP,1274,102,38276
QAP,1275,102,38307
QAP,1276,102,38338
QAP,1277,102,38354
QAP,1278,102,38385
QAP,1279,102,38417
QAP,1280,102,38448
QAP,1281,102,38480
QAP,1282,102,38511
QAP,1283,102,38542
QAP,1284,102,38574
QAP,1285,102,38606
QAP,1286,102,38637
QAP,1287,102,38668
QAP,1288,102,38684
QAP,1289,102,38715
QAP,1290,102,38747
QAP,1291,102,38778
QAP,1292,102,38809
QAP,1293,102,38841
QAP,1294,102,38872
QAP,1295,102,38904
QAP,1296,102,38935
QAP,1297,102,38966
QAP,1298,102,38998
QAP,1299,102,39029
QAP,1300,102,39061
QAP,1301,102,39092
QAP,1302,102,39123
QAP,1303,102,39155
QAP,1304,102,39186
QAP,1305,102,39217
QAP,1306,102,39249
QAP,1307,102,39280
QAP,1308,102,39296
QAP,1309,102,39327
QAP,1310,102,39359
QAP,1311,102,39390
QAP,1312,102,39429
QAP,1313,102,39453
QAP,1314,102,39484
QAP,1315,102,39516
QAP,1316,102,39547
QAP,1317,102,39578
QAP,1318,102,39594
QAP,1319,102,39625
QAP,1320,102,39657
QAP,1321,102,39688
QAP,1322,102,39720
QAP,1323,102,39751
QAP,1324,102,39782
QAP,1325,102,39814
QAP,1326,102,39845
QAP,1327,102,39876
QAP,1328,102,39908
QAP,1329,102,39939
QAP,1330,102,39962
QAP,1331,102,39986
QAP,1332,102,40018
QAP,1333,102,40049
QAP,1334,102,40080
QAP,1335,102,40112
QAP,1336,102,40143
QAP,1337,102,40174
QAP,1338,102,40206
QAP,1339,102,40237
QAP,1340,102,40253
QAP,1341,102,40284
QAP,1342,102,40316
QAP,1343,102,40347
QAP,1344,102,40378
QAP,1345,102,40410
QAP,1346,102,40441
QAP,1347,102,40473
QAP,1348,102,40504
QAP,1349,102,40535
QAP,1350,102,40551
QAP,1351,102,40582
QAP,1352,102,40614
QAP,1353,102,40645
QAP,1354,102,40676
QAP,1355,102,40708
QAP,1356,102,40739
QAP,1357,102,40771
QAP,1358,102,40802
QAP,1359,102,40834
QAP,1360,102,40865
QAP,1361,102,40881
QAP,1362,102,40912
QAP,1363,102,40944
QAP,1364,102,40975
QAP,1365,102,41006
QAP,1366,102,41038
QAP,1367,102,41069
QAP,1368,102,41101
QAP,1369,102,41132
QAP,1370,102,41163
QAP,1371,102,41195
QAP,1372,102,41226
QAP,1373,102,41257
QAP,1374,102,41273
QAP,1375,102,41305
QAP,1376,102,41336
QAP,1377,102,41367
QAP,1378,102,41399
QAP,1379,102,41430
QAP,1380,102,41462
QAP,1381,102,41493
QAP,1382,102,41525
QAP,1383,102,41556
QAP,1384,102,41572
QAP,1385,102,41603
QAP,1386,102,41634
QAP,1387,102,41666
QAP,1388,102,41697
QAP,1389,102,41729
QAP,1390,102,41760
QAP,1391,102,41792
QAP,1392,102,41823
QAP,1393,102,41855
QAP,1394,102,41886
QAP,1395,102,41902
QAP,1396,102,41933
QAP,1397,102,41965
QAP,1398,102,41996
QAP,1399,102,42028
QAP,1400,102,42059
QAP,1401,102,42090
QAP,1402,102,42122
QAP,1403,102,42153
QAP,1404,102,42185
QAP,1405,102,42216
QAP,1406,102,42232
QAP,1407,102,42263
QAP,1408,102,42295
QAP,1409,102,42326
QAP,1410,102,42357
QAP,1411,102,42389
QAP,1412,102,42420
QAP,1413,102,42451
QAP,1414,102,42483
QAP,1415,102,42514
QAP,1416,102,42546
QAP,1417,102,42561
QAP,1418,102,42593
QAP,1419,102,42624
QAP,1420,102,42656
QAP,1421,102,42687
QAP,1422,102,42718
QAP,1423,102,42750
QAP,1424,102,42781
QAP,1425,102,42813
QAP,1426,102,42844
QAP,1427,102,42876
QAP,1428,102,42907
QAP,1429,102,42939
QAP,1430,102,42970
QAP,1431,102,43001
QAP,1432,102,43033
QAP,1433,102,43049
QAP,1434,102,43080
QAP,1435,102,43111
QAP,1436,102,43143
QAP,1437,102,43174
QAP,1438,102,43206
QAP,1439,102,43237
QAP,1440,102,43268
QAP,1441,102,43300
QAP,1442,102,43331
QAP,1443,102,43363
QAP,1444,102,43394
QAP,1445,102,43410
QAP,1446,102,43441
QAP,1447,102,43473
QAP,1448,102,43504
QAP,1449,102,43535
QAP,1450,102,43567
QAP,1451,102,43598
QAP,1452,102,43630
QAP,1453,102,43661
QAP,1454,102,43692
QAP,1455,102,43724
QAP,1456,102,43755
QAP,1457,102,43787
QAP,1458,102,43802
QAP,1459,102,43834
QAP,1460,102,43865
QAP,1461,102,43897
QAP,1462,102,43928
QAP,1463,102,43959
QAP,1464,102,43991
QAP,1465,102,44022
QAP,1466,102,44054
QAP,1467,102,44085
QAP,1468,102,44117
QAP,1469,102,44148
QAP,1470,102,44179
QAP,1471,102,44195
QAP,1472,102,44226
QAP,1473,102,44258
QAP,1474,102,44289
QAP,1475,102,44321
QAP,1476,102,44352
QAP,1477,102,44384
QAP,1478,102,44415
QAP,1479,102,44446
QAP,1480,102,44478
QAP,1481,102,44509
QAP,1482,102,44541
QAP,1483,102,44572
QAP,1484,102,44604
QAP,1485,102,44635
QAP,1486,102,44651
QAP,1487,102,44682
QAP,1488,102,44713
QAP,1489,102,44745
QAP,1490,102,44776
QAP,1491,102,44808
QAP,1492,102,44839
QAP,1493,102,44870
QAP,1494,102,44902
QAP,1495,102,44933
QAP,1496,102,44965
QAP,1497,102,44996
QAP,1498,102,45028
QAP,1499,102,45043
QAP,1500,102,45075
QAP,1501,102,45106
QAP,1502,102,45137
QAP,1503,102,45169
QAP,1504,102,45200
QAP,1505,102,45231
QAP,1506,102,45263
QAP,1507,102,45294
QAP,1508,102,45326
QAP,1509,102,45357
QAP,1510,102,45373
QAP,1511,102,45413
QAP,1512,102,45436
QAP,1513,102,45467
QAP,1514,102,45499
QAP,1515,102,45530
QAP,1516,102,45561
QAP,1517,102,45593
QAP,1518,102,45624
QAP,1519,102,45656
QAP,1520,102,45687
QAP,1521,102,45703
QAP,1522,102,45734
QAP,1523,102,45766
QAP,1524,102,45797
QAP,1525,102,45828
QAP,1526,102,45860
QAP,1527,102,45891
QAP,1528,102,45923
QAP,1529,102,45954
QAP,1530,102,45985
QAP,1531,102,46017
QAP,1532,102,46048
QAP,1533,102,46064
QAP,1534,102,46095
QAP,1535,102,46127
QAP,1536,102,46158
QAP,1537,102,46189
QAP,1538,102,46221
QAP,1539,102,46252
QAP,1540,102,46283
QAP,1541,102,46315
QAP,1542,102,46346
QAP,1543,102,46377
QAP,1544,102,46409
QAP,1545,102,46440
QAP,1546,102,46471
QAP,1547,102,46503
QAP,1548,102,46534
QAP,1549,102,46550
QAP,1550,102,46581
QAP,1551,102,46612
QAP,1552,102,46644
QAP,1553,102,46675
QAP,1554,102,46706
QAP,1555,102,46738
QAP,1556,102,46774
QAP,1557,102,46801
QAP,1558,102,46832
QAP,1559,102,46864
QAP,1560,102,46895
QAP,1561,102,46926
QAP,1562,102,46942
QAP,1563,102,46973
QAP,1564,102,47005
QAP,1565,102,47036
QAP,1566,102,47068
QAP,1567,102,47099
QAP,1568,102,47130
QAP,1569,102,47162
QAP,1570,102,47193
QAP,1571,102,47224
QAP,1572,102,47256
QAP,1573,102,47287
QAP,1574,102,47318
QAP,1575,102,47334
QAP,1576,102,47365
QAP,1577,102,47397
QAP,1578,102,47428
QAP,1579,102,47459
QAP,1580,102,47491
QAP,1581,102,47522
QAP,1582,102,47553
QAP,1583,102,47585
QAP,1584,102,47616
QAP,1585,102,47648
QAP,1586,102,47663
QAP,1587,102,47695
QAP,1588,102,47726
QAP,1589,102,47758
QAP,1590,102,47789
QAP,1591,102,47820
QAP,1592,102,47852
QAP,1593,102,47883
QAP,1594,102,47915
QAP,1595,102,47946
QAP,1596,102,47977
QAP,1597,102,47993
QAP,1598,102,48024
QAP,1599,102,48056
QAP,1600,102,48087
QAP,1601,102,48119
QAP,1602,102,48150
QAP,1603,102,48181
QAP,1604,102,48213
QAP,1605,102,48244
QAP,1606,102,48276
QAP,1607,102,48307
QAP,1608,102,48339
QAP,1609,102,48354
QAP,1610,102,48386
QAP,1611,102,48417
QAP,1612,102,48448
QAP,1613,102,48480
QAP,1614,102,48511
QAP,1615,102,48543
QAP,1616,102,48574
QAP,1617,102,48605
QAP,1618,102,48637
QAP,1619,102,48668
QAP,1620,102,48699
QAP,1621,102,48731
QAP,1622,102,48747
QAP,1623,102,48778
QAP,1624,102,48809
QAP,1625,102,48841
QAP,1626,102,48872
QAP,1627,102,48904
QAP,1628,102,48935
QAP,1629,102,48967
QAP,1630,102,48998
QAP,1631,102,49030
QAP,1632,102,49061
QAP,1633,102,49093
QAP,1634,102,49124
QAP,1635,102,49155
QAP,1636,102,49171
QAP,1637,102,49202
QAP,1638,102,49234
QAP,1639,102,49265
QAP,1640,102,49297
QAP,1641,102,49328
QAP,1642,102,49359
QAP,1643,102,49391
QAP,1644,102,49422
QAP,1645,102,49455
QAP,1646,102,49485
QAP,1647,102,49501
QAP,1648,102,49532
QAP,1649,102,49564
QAP,1650,102,49595
QAP,1651,102,49626
QAP,1652,102,49658
QAP,1653,102,49689
QAP,1654,102,49721
QAP,1655,102,49752
QAP,1656,102,49784
QAP,1657,102,49815
QAP,1658,102,49831
QAP,1659,102,49863
QAP,1660,102,49894
QAP,1661,102,49925
QAP,1662,102,49957
QAP,1663,102,49988
QAP,1664,102,50020
QAP,1665,102,50051
QAP,1666,102,50082
QAP,1667,102,50114
QAP,1668,102,50145
QAP,1669,102,50161
QAP,1670,102,50192
QAP,1671,102,50224
QAP,1672,102,50255
QAP,1673,102,50287
QAP,1674,102,50318
QAP,1675,102,50349
QAP,1676,102,50381
QAP,1677,102,50412
QAP,1678,102,50444
QAP,1679,102,50459
QAP,1680,102,50491
QAP,1681,102,50522
QAP,1682,102,50553
QAP,1683,102,50585
QAP,1684,102,50616
QAP,1685,102,50648
QAP,1686,102,50679
QAP,1687,102,50710
QAP,1688,102,50742
QAP,1689,102,50758
QAP,1690,102,50789
QAP,1691,102,50820
QAP,1692,102,50860
QAP,1693,102,50883
QAP,1694,102,50915
QAP,1695,102,50946
QAP,1696,102,50978
QAP,1697,102,51009
QAP,1698,102,51041
QAP,1699,102,51056
QAP,1700,102,51088
QAP,1701,102,51119
QAP,1702,102,51151
QAP,1703,102,51182
QAP,1704,102,51214
QAP,1705,102,51245
QAP,1706,102,51276
QAP,1707,102,51308
QAP,1708,102,51324
QAP,1709,102,51355
QAP,1710,102,51386
QAP,1711,102,51418
QAP,1712,102,51449
QAP,1713,102,51481
QAP,1714,102,51512
QAP,1715,102,51544
QAP,1716,102,51575
QAP,1717,102,51606
QAP,1718,102,51622
QAP,1719,102,51653
QAP,1720,102,51685
QAP,1721,102,51716
QAP,1722,102,51748
QAP,1723,102,51779
QAP,1724,102,51811
QAP,1725,102,51842
QAP,1726,102,51874
QAP,1727,102,51889
QAP,1728,102,51921
QAP,1729,102,51952
QAP,1730,102,51984
QAP,1731,102,52015
QAP,1732,102,52047
QAP,1733,102,52078
QAP,1734,102,52110
QAP,1735,102,52141
QAP,1736,102,52172
QAP,1737,102,52188
QAP,1738,102,52227
QAP,1739,102,52251
QAP,1740,102,52282
QAP,1741,102,52314
QAP,1742,102,52345
QAP,1743,102,52376
QAP,1744,102,52408
QAP,1745,102,52439
QAP,1746,102,52471
QAP,1747,102,52487
QAP,1748,102,52518
QAP,1749,102,52549
QAP,1750,102,52581
QAP,1751,102,52612
QAP,1752,102,52643
QAP,1753,102,52675
QAP,1754,102,52706
QAP,1755,102,52737
QAP,1756,102,52769
QAP,1757,102,52800
QAP,1758,102,52816
QAP,1759,102,52847
QAP,1760,102,52879
QAP,1761,102,52910
QAP,1762,102,52941
QAP,1763,102,52973
QAP,1764,102,53004
QAP,1765,102,53036
QAP,1766,102,53067
QAP,1767,102,53098
QAP,1768,102,53130
QAP,1769,102,53161
QAP,1770,102,53177
QAP,1771,102,53208
QAP,1772,102,53240
QAP,1773,102,53271
QAP,1774,102,53303
QAP,1775,102,53334
QAP,1776,102,53366
QAP,1777,102,53397
QAP,1778,102,53429
QAP,1779,102,53444
QAP,1780,102,53476
QAP,1781,102,53507
QAP,1782,102,53539
QAP,1783,102,53570
QAP,1784,102,53602
QAP,1785,102,53633
QAP,1786,102,53664
QAP,1787,102,53696
QAP,1788,102,53711
QAP,1789,102,53743
QAP,1790,102,53774
QAP,1791,102,53806
QAP,1792,102,53837
QAP,1793,102,53868
QAP,1794,102,53900
QAP,1795,102,53931
QAP,1796,102,53962
QAP,1797,102,53994
QAP,1798,102,54025
QAP,1799,102,54041
QAP,1800,102,54072
QAP,1801,102,54104
QAP,1802,102,54135
QAP,1803,102,54166
QAP,1804,102,54198
QAP,1805,102,54229
QAP,1806,102,54261
QAP,1807,102,54292
QAP,1808,102,54324
QAP,1809,102,54355
QAP,1810,102,54386
QAP,1811,102,54402
QAP,1812,102,54433
QAP,1813,102,54473
QAP,1814,102,54496
QAP,1815,102,54528
QAP,1816,102,54559
QAP,1817,102,54590
QAP,1818,102,54622
QAP,1819,102,54653
QAP,1820,102,54685
QAP,1821,102,54716
QAP,1822,102,54732
QAP,1823,102,54763
QAP,1824,102,54795
QAP,1825,102,54826
QAP,1826,102,54858
QAP,1827,102,54889
QAP,1828,102,54921
QAP,1829,102,54952
QAP,1830,102,54984
QAP,1831,102,54999
QAP,1832,102,55031
QAP,1833,102,55062
QAP,1834,102,55094
QAP,1835,102,55125
QAP,1836,102,55156
QAP,1837,102,55188
QAP,1838,102,55219
QAP,1839,102,55251
QAP,1840,102,55282
QAP,1841,102,55313
QAP,1842,102,55329
QAP,1843,102,55361
QAP,1844,102,55392
QAP,1845,102,55423
QAP,1846,102,55455
QAP,1847,102,55486
QAP,1848,102,55518
QAP,1849,102,55549
QAP,1850,102,55580
QAP,1851,102,55596
QAP,1852,102,55627
QAP,1853,102,55659
QAP,1854,102,55690
QAP,1855,102,55722
QAP,1856,102,55753
QAP,1857,102,55784
QAP,1858,102,55816
QAP,1859,102,55847
QAP,1860,102,55878
QAP,1861,102,55894
QAP,1862,102,55926
QAP,1863,102,55957
QAP,1864,102,55988
QAP,1865,102,56020
QAP,1866,102,56051
QAP,1867,102,56082
QAP,1868,102,56114
QAP,1869,102,56145
QAP,1870,102,56177
QAP,1871,102,56208
QAP,1872,102,56224
QAP,1873,102,56255
QAP,1874,102,56287
QAP,1875,102,56318
QAP,1876,102,56349
QAP,1877,102,56381
QAP,1878,102,56412
QAP,1879,102,56444
QAP,1880,102,56475
QAP,1881,102,56506
QAP,1882,102,56538
QAP,1883,102,56554
QAP,1884,102,56585
QAP,1885,102,56616
QAP,1886,102,56648
QAP,1887,102,56679
QAP,1888,102,56710
QAP,1889,102,56742
QAP,1890,102,56773
QAP,1891,102,56805
QAP,1892,102,56836
QAP,1893,102,56852
QAP,1894,102,56883
QAP,1895,102,56915
QAP,1896,102,56946
QAP,1897,102,56978
QAP,1898,102,57009
QAP,1899,102,57040
QAP,1900,102,57072
QAP,1901,102,57103
QAP,1902,102,57134
QAP,1903,102,57166
QAP,1904,102,57197
QAP,1905,102,57213
QAP,1906,102,57244
QAP,1907,102,57276
QAP,1908,102,57307
QAP,1909,102,57339
QAP,1910,102,57370
QAP,1911,102,57401
QAP,1912,102,57433
QAP,1913,102,57464
QAP,1914,102,57496
QAP,1915,102,57511
QAP,1916,102,57543
QAP,1917,102,57574
QAP,1918,102,57606
QAP,1919,102,57637
QAP,1920,102,57674
QAP,1921,102,57700
QAP,1922,102,57731
QAP,1923,102,57763
QAP,1924,102,57779
QAP,1925,102,57810
QAP,1926,102,57841
QAP,1927,102,57873
QAP,1928,102,57904
QAP,1929,102,57936
QAP,1930,102,57967
QAP,1931,102,57999
QAP,1932,102,58030
QAP,1933,102,58061
QAP,1934,102,58077
QAP,1935,102,58108
QAP,1936,102,58140
QAP,1937,102,58171
QAP,1938,102,58203
QAP,1939,102,58234
QAP,1940,102,58265
QAP,1941,102,58297
QAP,1942,102,58328
QAP,1943,102,58360
QAP,1944,102,58391
QAP,1945,102,58407
QAP,1946,102,58438
QAP,1947,102,58469
QAP,1948,102,58501
QAP,1949,102,58532
QAP,1950,102,58564
QAP,1951,102,58595
QAP,1952,102,58626
QAP,1953,102,58658
QAP,1954,102,58673
QAP,1955,102,58705
QAP,1956,102,58736
QAP,1957,102,58767
QAP,1958,102,58799
QAP,1959,102,58830
QAP,1960,102,58862
QAP,1961,102,58893
QAP,1962,102,58924
QAP,1963,102,58956
QAP,1964,102,58987
QAP,1965,102,59003
QAP,1966,102,59042
QAP,1967,102,59066
QAP,1968,102,59097
QAP,1969,102,59129
QAP,1970,102,59160
QAP,1971,102,59191
QAP,1972,102,59223
QAP,1973,102,59254
QAP,1974,102,59286
QAP,1975,102,59317
QAP,1976,102,59333
QAP,1977,102,59364
QAP,1978,102,59395
QAP,1979,102,59427
QAP,1980,102,59458
QAP,1981,102,59489
QAP,1982,102,59521
QAP,1983,102,59552
QAP,1984,102,59584
QAP,1985,102,59599
QAP,1986,102,59631
QAP,1987,102,59662
QAP,1988,102,59694
QAP,1989,102,59725
QAP,1990,102,59757
QAP,1991,102,59788
QAP,1992,102,59819
QAP,1993,102,59851
QAP,1994,102,59882
QAP,1995,102,59914
QAP,1996,102,59929
QAP,1997,102,59961
QAP,1998,102,59992
QAP,1999,102,60024
QAP,2000,102,60055
QAP,2001,102,60087
QAP,2002,102,60118
QAP,2003,102,60149
QAP,2004,102,60181
QAP,2005,102,60212
QAP,2006,102,60228
QAP,2007,102,60259
QAP,2008,102,60291
QAP,2009,102,60322
QAP,2010,102,60353
QAP,2011,102,60385
QAP,2012,102,60416
QAP,2013,102,60448
QAP,2014,102,60479
QAP,2015,102,60510
QAP,2016,102,60542
QAP,2017,102,60557
QAP,2018,102,60589
QAP,2019,102,60620
QAP,2020,102,60652
QAP,2021,102,60683
QAP,2022,102,60714
QAP,2023,102,60746
QAP,2024,102,60778
QAP,2025,102,60809
QAP,2026,102,60840
QAP,2027,102,60872
QAP,2028,102,60903
QAP,2029,102,60935
QAP,2030,102,60966
QAP,2031,102,60982
QAP,2032,102,61013
QAP,2033,102,61045
QAP,2034,102,61076
QAP,2035,102,61107
QAP,2036,102,61139
QAP,2037,102,61170
QAP,2038,102,61202
QAP,2039,102,61233
QAP,2040,102,61264
QAP,2041,102,61296
QAP,2042,102,61327
QAP,2043,102,61359
QAP,2044,102,61390
QAP,2045,102,61406
QAP,2046,102,61437
QAP,2047,102,61469
QAP,2048,102,61500
QAP,2049,102,61531
QAP,2050,102,61563
QAP,2051,102,61594
QAP,2052,102,61626
QAP,2053,102,61657
QAP,2054,102,61688
QAP,2055,102,61720
QAP,2056,102,61735
QAP,2057,102,61775
QAP,2058,102,61798
QAP,2059,102,61830
QAP,2060,102,61861
QAP,2061,102,61892
QAP,2062,102,61924
QAP,2063,102,61955
QAP,2064,102,61987
QAP,2065,102,62018
QAP,2066,102,62049
QAP,2067,102,62081
QAP,2068,102,62097
QAP,2069,102,62128
QAP,2070,102,62159
QAP,2071,102,62191
QAP,2072,102,62222
QAP,2073,102,62254
QAP,2074,102,62285
QAP,2075,102,62317
QAP,2076,102,62348
QAP,2077,102,62379
QAP,2078,102,62395
QAP,2079,102,62442
QAP,2080,102,62458
QAP,2081,102,62489
QAP,2082,102,62521
QAP,2083,102,62552
QAP,2084,102,62584
QAP,2085,102,62615
QAP,2086,102,62646
QAP,2087,102,62678
QAP,2088,102,62709
QAP,2089,102,62725
QAP,2090,102,62757
QAP,2091,102,62788
QAP,2092,102,62819
QAP,2093,102,62851
QAP,2094,102,62882
QAP,2095,102,62914
QAP,2096,102,62945
QAP,2097,102,62977
QAP,2098,102,63008
QAP,2099,102,63024
QAP,2100,102,63055
QAP,2101,102,63086
QAP,2102,102,63126
QAP,2103,102,63149
QAP,2104,102,63181
QAP,2105,102,63212
QAP,2106,102,63243
QAP,2107,102,63275
QAP,2108,102,63306
QAP,2109,102,63337
QAP,2110,102,63353
QAP,2111,102,63384
QAP,2112,102,63416
QAP,2113,102,63447
QAP,2114,102,63479
QAP,2115,102,63510
QAP,2116,102,63542
QAP,2117,102,63573
QAP,2118,102,63604
QAP,2119,102,63636
QAP,2120,102,63667
QAP,2121,102,63683
QAP,2122,102,63715
QAP,2123,102,63746
QAP,2124,102,63777
QAP,2125,102,63809
QAP,2126,102,63840
QAP,2127,102,63871
QAP,2128,102,63903
QAP,2129,102,63934
QAP,2130,102,63966
QAP,2131,102,63997
QAP,2132,102,64029
QAP,2133,102,64044
QAP,2134,102,64076
QAP,2135,102,64107
QAP,2136,102,64139
QAP,2137,102,64170
QAP,2138,102,64201
QAP,2139,102,64233
QAP,2140,102,64264
QAP,2141,102,64295
QAP,2142,102,64327
QAP,2143,102,64358
QAP,2144,102,64374
QAP,2145,102,64405
QAP,2146,102,64437
QAP,2147,102,64468
QAP,2148,102,64500
QAP,2149,102,64531
QAP,2150,102,64563
QAP,2151,102,64594
QAP,2152,102,64626
QAP,2153,102,64657
QAP,2154,102,64688
QAP,2155,102,64704
QAP,2156,102,64735
QAP,2157,102,64767
QAP,2158,102,64798
QAP,2159,102,64829
QAP,2160,102,64861
QAP,2161,102,64892
QAP,2162,102,64924
QAP,2163,102,64955
QAP,2164,102,64986
QAP,2165,102,65018
QAP,2166,102,65034
QAP,2167,102,65065
QAP,2168,102,65096
QAP,2169,102,65128
QAP,2170,102,65159
QAP,2171,102,65190
QAP,2172,102,65222
QAP,2173,102,65253
QAP,2174,102,65284
QAP,2175,102,65316
QAP,2176,102,65347
QAP,2177,102,65363
QAP,2178,102,65394
QAP,2179,102,65426
QAP,2180,102,65457
QAP,2181,102,65488
QAP,2182,102,65520
QAP,2183,102,65551
QAP,2184,102,65582
QAP,2185,102,65614
QAP,2186,102,65645
QAP,2187,102,65676
QAP,2188,102,65692
QAP,2189,102,65724
QAP,2190,102,65755
QAP,2191,102,65786
QAP,2192,102,65818
QAP,2193,102,65857
QAP,2194,102,65881
QAP,2195,102,65913
QAP,2196,102,65944
QAP,2197,102,65975
QAP,2198,102,66007
QAP,2199,102,66038
QAP,2200,102,66054
QAP,2201,102,66085
QAP,2202,102,66117
QAP,2203,102,66148
QAP,2204,102,66179
QAP,2205,102,66211
QAP,2206,102,66242
QAP,2207,102,66274
QAP,2208,102,66305
QAP,2209,102,66337
QAP,2210,102,66368
QAP,2211,102,66400
QAP,2212,102,66431
QAP,2213,102,66462
QAP,2214,102,66478
QAP,2215,102,66509
QAP,2216,102,66541
QAP,2217,102,66572
QAP,2218,102,66604
QAP,2219,102,66635
QAP,2220,102,66666
QAP,2221,102,66698
QAP,2222,102,66729
QAP,2223,102,66760
QAP,2224,102,66792
QAP,2225,102,66808
QAP,2226,102,66839
QAP,2227,102,66870
QAP,2228,102,66902
QAP,2229,102,66933
QAP,2230,102,66964
QAP,2231,102,66996
QAP,2232,102,67027
QAP,2233,102,67059
QAP,2234,102,67090
QAP,2235,102,67122
QAP,2236,102,67153
QAP,2237,102,67184
QAP,2238,102,67200
QAP,2239,102,67232
QAP,2240,102,67263
QAP,2241,102,67294
QAP,2242,102,67326
QAP,2243,102,67357
QAP,2244,102,67389
QAP,2245,102,67420
QAP,2246,102,67451
QAP,2247,102,67483
QAP,2248,102,67514
QAP,2249,102,67545
QAP,2250,102,67577
QAP,2251,102,67608
QAP,2252,102,67624
QAP,2253,102,67655
QAP,2254,102,67687
QAP,2255,102,67718
QAP,2256,102,67750
QAP,2257,102,67781
QAP,2258,102,67813
QAP,2259,102,67844
QAP,2260,102,67875
QAP,2261,102,67907
QAP,2262,102,67938
QAP,2263,102,67970
QAP,2264,102,68001
QAP,2265,102,68017
QAP,2266,102,68048
QAP,2267,102,68079
QAP,2268,102,68111
QAP,2269,102,68142
QAP,2270,102,68173
QAP,2271,102,68205
QAP,2272,102,68237
QAP,2273,102,68268
QAP,2274,102,68299
QAP,2275,102,68331
QAP,2276,102,68362
QAP,2277,102,68378
QAP,2278,102,68409
QAP,2279,102,68441
QAP,2280,102,68472
QAP,2281,102,68504
QAP,2282,102,68535
QAP,2283,102,68566
QAP,2284,102,68598
QAP,2285,102,68629
QAP,2286,102,68661
QAP,2287,102,68692
QAP,2288,102,68724
QAP,2289,102,68755
QAP,2290,102,68786
QAP,2291,102,68818
QAP,2292,102,68849
QAP,2293,102,68865
QAP,2294,102,68896
QAP,2295,102,68928
QAP,2296,102,68959
QAP,2297,102,68990
QAP,2298,102,69022
QAP,2299,102,69053
QAP,2300,102,69085
QAP,2301,102,69116
QAP,2302,102,69148
QAP,2303,102,69179
QAP,2304,102,69211
QAP,2305,102,69242
QAP,2306,102,69273
QAP,2307,102,69305
QAP,2308,102,69320
QAP,2309,102,69352
QAP,2310,102,69383
QAP,2311,102,69415
QAP,2312,102,69446
QAP,2313,102,69477
QAP,2314,102,69509
QAP,2315,102,69540
QAP,2316,102,69571
QAP,2317,102,69603
QAP,2318,102,69634
QAP,2319,102,69666
QAP,2320,102,69697
QAP,2321,102,69729
QAP,2322,102,69744
QAP,2323,102,69776
QAP,2324,102,69807
QAP,2325,102,69839
QAP,2326,102,69870
QAP,2327,102,69902
QAP,2328,102,69941
QAP,2329,102,69964
QAP,2330,102,69996
QAP,2331,102,70027
QAP,2332,102,70058
QAP,2333,102,70090
QAP,2334,102,70121
QAP,2335,102,70137
QAP,2336,102,70168
QAP,2337,102,70200
QAP,2338,102,70231
QAP,2339,102,70263
QAP,2340,102,70294
QAP,2341,102,70326
QAP,2342,102,70357
QAP,2343,102,70388
QAP,2344,102,70420
QAP,2345,102,70451
QAP,2346,102,70482
QAP,2347,102,70514
QAP,2348,102,70545
QAP,2349,102,70561
QAP,2350,102,70592
QAP,2351,102,70624
QAP,2352,102,70656
QAP,2353,102,70687
QAP,2354,102,70718
QAP,2355,102,70750
QAP,2356,102,70781
QAP,2357,102,70812
QAP,2358,102,70844
QAP,2359,102,70875
QAP,2360,102,70907
QAP,2361,102,70938
QAP,2362,102,70969
QAP,2363,102,71001
QAP,2364,102,71032
QAP,2365,102,71048
QAP,2366,102,71080
QAP,2367,102,71111
QAP,2368,102,71142
QAP,2369,102,71174
QAP,2370,102,71205
QAP,2371,102,71237
QAP,2372,102,71268
QAP,2373,102,71305
QAP,2374,102,71331
QAP,2375,102,71362
QAP,2376,102,71394
QAP,2377,102,71425
QAP,2378,102,71457
QAP,2379,102,71472
QAP,2380,102,71504
QAP,2381,102,71535
QAP,2382,102,71567
QAP,2383,102,71598
QAP,2384,102,71630
QAP,2385,102,71661
QAP,2386,102,71692
QAP,2387,102,71724
QAP,2388,102,71755
QAP,2389,102,71786
QAP,2390,102,71802
QAP,2391,102,71834
QAP,2392,102,71865
QAP,2393,102,71897
QAP,2394,102,71928
QAP,2395,102,71959
QAP,2396,102,71991
QAP,2397,102,72022
QAP,2398,102,72054
QAP,2399,102,72085
QAP,2400,102,72116
QAP,2401,102,72148
QAP,2402,102,72179
QAP,2403,102,72210
QAP,2404,102,72242
QAP,2405,102,72258
QAP,2406,102,72289
QAP,2407,102,72320
QAP,2408,102,72352
QAP,2409,102,72383
QAP,2410,102,72415
QAP,2411,102,72446
QAP,2412,102,72478
QAP,2413,102,72509
QAP,2414,102,72541
QAP,2415,102,72572
QAP,2416,102,72588
QAP,2417,102,72619
QAP,2418,102,72651
QAP,2419,102,72682
QAP,2420,102,72714
QAP,2421,102,72745
QAP,2422,102,72776
QAP,2423,102,72808
QAP,2424,102,72839
QAP,2425,102,72871
QAP,2426,102,72902
QAP,2427,102,72934
QAP,2428,102,72965
QAP,2429,102,72981
QAP,2430,102,73012
QAP,2431,102,73043
QAP,2432,102,73075
QAP,2433,102,73106
QAP,2434,102,73137
QAP,2435,102,73169
QAP,2436,102,73200
QAP,2437,102,73232
QAP,2438,102,73263
QAP,2439,102,73294
QAP,2440,102,73326
QAP,2441,102,73342
QAP,2442,102,73373
QAP,2443,102,73404
QAP,2444,102,73436
QAP,2445,102,73467
QAP,2446,102,73499
QAP,2447,102,73530
QAP,2448,102,73561
QAP,2449,102,73593
QAP,2450,102,73624
QAP,2451,102,73640
QAP,2452,102,73671
QAP,2453,102,73703
QAP,2454,102,73734
QAP,2455,102,73766
QAP,2456,102,73797
QAP,2457,102,73830
QAP,2458,102,73860
QAP,2459,102,73892
QAP,2460,102,73923
QAP,2461,102,73954
QAP,2462,102,73986
QAP,2463,102,74002
QAP,2464,102,74041
QAP,2465,102,74064
QAP,2466,102,74096
QAP,2467,102,74127
QAP,2468,102,74159
QAP,2469,102,74190
QAP,2470,102,74222
QAP,2471,102,74253
QAP,2472,102,74285
QAP,2473,102,74316
QAP,2474,102,74332
QAP,2475,102,74363
QAP,2476,102,74395
QAP,2477,102,74426
QAP,2478,102,74457
QAP,2479,102,74489
QAP,2480,102,74520
QAP,2481,102,74552
QAP,2482,102,74583
QAP,2483,102,74614
QAP,2484,102,74646
QAP,2485,102,74662
QAP,2486,102,74693
QAP,2487,102,74725
QAP,2488,102,74756
QAP,2489,102,74788
QAP,2490,102,74819
QAP,2491,102,74850
QAP,2492,102,74882
QAP,2493,102,74913
QAP,2494,102,74944
QAP,2495,102,74976
QAP,2496,102,75007
QAP,2497,102,75039
QAP,2498,102,75070
QAP,2499,102,75086
QAP,2500,102,75117
QAP,2501,102,75149
QAP,2502,102,75180
QAP,2503,102,75211
QAP,2504,102,75243
QAP,2505,102,75274
QAP,2506,102,75306
QAP,2507,102,75337
QAP,2508,102,75368
QAP,2509,102,75400
QAP,2510,102,75431
QAP,2511,102,75447
QAP,2512,102,75478
QAP,2513,102,75510
QAP,2514,102,75541
QAP,2515,102,75573
QAP,2516,102,75604
QAP,2517,102,75636
QAP,2518,102,75667
QAP,2519,102,75698
QAP,2520,102,75730
QAP,2521,102,75761
QAP,2522,102,75793
QAP,2523,102,75824
QAP,2524,102,75840
QAP,2525,102,75871
QAP,2526,102,75902
QAP,2527,102,75934
QAP,2528,102,75965
QAP,2529,102,75997
QAP,2530,102,76028
QAP,2531,102,76060
QAP,2532,102,76091
QAP,2533,102,76122
QAP,2534,102,76154
QAP,2535,102,76170
QAP,2536,102,76201
QAP,2537,102,76232
QAP,2538,102,76264
QAP,2539,102,76295
QAP,2540,102,76326
QAP,2541,102,76358
QAP,2542,102,76389
QAP,2543,102,76420
QAP,2544,102,76452
QAP,2545,102,76483
QAP,2546,102,76515
QAP,2547,102,76531
QAP,2548,102,76562
QAP,2549,102,76593
QAP,2550,102,76625
QAP,2551,102,76656
QAP,2552,102,76687
QAP,2553,102,76719
QAP,2554,102,76755
QAP,2555,102,76782
QAP,2556,102,76813
QAP,2557,102,76845
QAP,2558,102,76876
QAP,2559,102,76892
QAP,2560,102,76923
QAP,2561,102,76954
QAP,2562,102,76986
QAP,2563,102,77017
QAP,2564,102,77049
QAP,2565,102,77080
QAP,2566,102,77111
QAP,2567,102,77143
QAP,2568,102,77174
QAP,2569,102,77206
QAP,2570,102,77237
QAP,2571,102,77253
QAP,2572,102,77284
QAP,2573,102,77316
QAP,2574,102,77347
QAP,2575,102,77379
QAP,2576,102,77410
QAP,2577,102,77442
QAP,2578,102,77473
QAP,2579,102,77505
QAP,2580,102,77536
QAP,2581,102,77567
QAP,2582,102,77599
QAP,2583,102,77614
QAP,2584,102,77646
QAP,2585,102,77677
QAP,2586,102,77709
QAP,2587,102,77740
QAP,2588,102,77771
QAP,2589,102,77803
QAP,2590,102,77834
QAP,2591,102,77866
QAP,2592,102,77897
QAP,2593,102,77929
QAP,2594,102,77960
QAP,2595,102,77992
QAP,2596,102,78023
QAP,2597,102,78039
QAP,2598,102,78070
QAP,2599,102,78102
QAP,2600,102,78133
QAP,2601,102,78164
QAP,2602,102,78196
QAP,2603,102,78227
QAP,2604,102,78258
QAP,2605,102,78290
QAP,2606,102,78321
QAP,2607,102,78353
QAP,2608,102,78384
QAP,2609,102,78400
QAP,2610,102,78432
QAP,2611,102,78463
QAP,2612,102,78494
QAP,2613,102,78526
QAP,2614,102,78557
QAP,2615,102,78588
QAP,2616,102,78620
QAP,2617,102,78651
QAP,2618,102,78683
QAP,2619,102,78714
QAP,2620,102,78730
QAP,2621,102,78761
QAP,2622,102,78792
QAP,2623,102,78824
QAP,2624,102,78855
QAP,2625,102,78887
QAP,2626,102,78918
QAP,2627,102,78950
QAP,2628,102,78981
QAP,2629,102,79012
QAP,2630,102,79044
QAP,2631,102,79075
QAP,2632,102,79107
QAP,2633,102,79138
QAP,2634,102,79169
QAP,2635,102,79185
QAP,2636,102,79217
QAP,2637,102,79248
QAP,2638,102,79279
QAP,2639,102,79311
QAP,2640,102,79342
QAP,2641,102,79373
QAP,2642,102,79405
QAP,2643,102,79436
QAP,2644,102,79468
QAP,2645,102,79499
QAP,2646,102,79515
QAP,2647,102,79546
QAP,2648,102,79578
QAP,2649,102,79609
QAP,2650,102,79640
QAP,2651,102,79672
QAP,2652,102,79703
QAP,2653,102,79735
QAP,2654,102,79766
QAP,2655,102,79798
QAP,2656,102,79813
QAP,2657,102,79845
QAP,2658,102,79876
QAP,2659,102,79908
QAP,2660,102,79939
QAP,2661,102,79971
QAP,2662,102,80002
QAP,2663,102,80033
QAP,2664,102,80065
QAP,2665,102,80096
QAP,2666,102,80127
QAP,2667,102,80159
QAP,2668,102,80175
QAP,2669,102,80206
QAP,2670,102,80238
QAP,2671,102,80269
QAP,2672,102,80301
QAP,2673,102,80332
QAP,2674,102,80363
QAP,2675,102,80395
QAP,2676,102,80426
QAP,2677,102,80458
QAP,2678,102,80489
QAP,2679,102,80521
QAP,2680,102,80536
QAP,2681,102,80567
QAP,2682,102,80599
QAP,2683,102,80630
QAP,2684,102,80662
QAP,2685,102,80693
QAP,2686,102,80725
QAP,2687,102,80756
QAP,2688,102,80787
QAP,2689,102,80819
QAP,2690,102,80850
QAP,2691,102,80882
QAP,2692,102,80897
QAP,2693,102,80929
QAP,2694,102,80961
QAP,2695,102,80992
QAP,2696,102,81023
QAP,2697,102,81055
QAP,2698,102,81086
QAP,2699,102,81118
QAP,2700,102,81149
QAP,2701,102,81181
QAP,2702,102,81212
QAP,2703,102,81228
QAP,2704,102,81259
QAP,2705,102,81290
QAP,2706,102,81322
QAP,2707,102,81353
QAP,2708,102,81385
QAP,2709,102,81416
QAP,2710,102,81447
QAP,2711,102,81479
QAP,2712,102,81510
QAP,2713,102,81542
QAP,2714,102,81557
QAP,2715,102,81589
QAP,2716,102,81620
QAP,2717,102,81652
QAP,2718,102,81683
QAP,2719,102,81714
QAP,2720,102,81746
QAP,2721,102,81777
QAP,2722,102,81809
QAP,2723,102,81840
QAP,2724,102,81871
QAP,2725,102,81903
QAP,2726,102,81919
QAP,2727,102,81950
QAP,2728,102,81982
QAP,2729,102,82013
QAP,2730,102,82044
QAP,2731,102,82076
QAP,2732,102,82107
QAP,2733,102,82139
QAP,2734,102,82170
QAP,2735,102,82203
QAP,2736,102,82233
QAP,2737,102,82249
QAP,2738,102,82280
QAP,2739,102,82312
QAP,2740,102,82343
QAP,2741,102,82374
QAP,2742,102,82406
QAP,2743,102,82437
QAP,2744,102,82468
QAP,2745,102,82500
QAP,2746,102,82531
QAP,2747,102,82563
QAP,2748,102,82578
QAP,2749,102,82610
QAP,2750,102,82641
QAP,2751,102,82673
QAP,2752,102,82704
QAP,2753,102,82735
QAP,2754,102,82767
QAP,2755,102,82798
QAP,2756,102,82829
QAP,2757,102,82861
QAP,2758,102,82892
QAP,2759,102,82924
QAP,2760,102,82939
QAP,2761,102,82971
QAP,2762,102,83002
QAP,2763,102,83034
QAP,2764,102,83065
QAP,2765,102,83097
QAP,2766,102,83128
QAP,2767,102,83159
QAP,2768,102,83191
QAP,2769,102,83222
QAP,2770,102,83254
QAP,2771,102,83269
QAP,2772,102,83301
QAP,2773,102,83332
QAP,2774,102,83364
QAP,2775,102,83395
QAP,2776,102,83427
QAP,2777,102,83458
QAP,2778,102,83490
QAP,2779,102,83521
QAP,2780,102,83552
QAP,2781,102,83584
QAP,2782,102,83600
QAP,2783,102,83631
QAP,2784,102,83663
QAP,2785,102,83694
QAP,2786,102,83725
QAP,2787,102,83757
QAP,2788,102,83788
QAP,2789,102,83820
QAP,2790,102,83851
QAP,2791,102,83882
QAP,2792,102,83914
QAP,2793,102,83945
QAP,2794,102,83977
QAP,2795,102,83992
QAP,2796,102,84024
QAP,2797,102,84055
QAP,2798,102,84087
QAP,2799,102,84118
QAP,2800,102,84150
QAP,2801,102,84181
QAP,2802,102,84213
QAP,2803,102,84244
QAP,2804,102,84275
QAP,2805,102,84307
QAP,2806,102,84323
QAP,2807,102,84354
QAP,2808,102,84385
QAP,2809,102,84417
QAP,2810,102,84449
QAP,2811,102,84480
QAP,2812,102,84511
QAP,2813,102,84543
QAP,2814,102,84574
QAP,2815,102,84606
QAP,2816,102,84637
QAP,2817,102,84653
QAP,2818,102,84684
QAP,2819,102,84716
QAP,2820,102,84747
QAP,2821,102,84779
QAP,2822,102,84810
QAP,2823,102,84841
QAP,2824,102,84873
QAP,2825,102,84904
QAP,2826,102,84939
QAP,2827,102,84967
QAP,2828,102,84998
QAP,2829,102,85030
QAP,2830,102,85045
QAP,2831,102,85077
QAP,2832,102,85108
QAP,2833,102,85140
QAP,2834,102,85171
QAP,2835,102,85203
QAP,2836,102,85234
QAP,2837,102,85265
QAP,2838,102,85297
QAP,2839,102,85328
QAP,2840,102,85359
QAP,2841,102,85391
QAP,2842,102,85407
QAP,2843,102,85438
QAP,2844,102,85470
QAP,2845,102,85501
QAP,2846,102,85533
QAP,2847,102,85564
QAP,2848,102,85596
QAP,2849,102,85627
QAP,2850,102,85658
QAP,2851,102,85690
QAP,2852,102,85721
QAP,2853,102,85737
QAP,2854,102,85768
QAP,2855,102,85800
QAP,2856,102,85831
QAP,2857,102,85863
QAP,2858,102,85894
QAP,2859,102,85926
QAP,2860,102,85957
QAP,2861,102,85988
QAP,2862,102,86020
QAP,2863,102,86051
QAP,2864,102,86083
QAP,2865,102,86098
QAP,2866,102,86130
QAP,2867,102,86161
QAP,2868,102,86193
QAP,2869,102,86224
QAP,2870,102,86255
QAP,2871,102,86287
QAP,2872,102,86318
QAP,2873,102,86349
QAP,2874,102,86381
QAP,2875,102,86397
QAP,2876,102,86428
QAP,2877,102,86459
QAP,2878,102,86491
QAP,2879,102,86522
QAP,2880,102,86554
QAP,2881,102,86585
QAP,2882,102,86616
QAP,2883,102,86648
QAP,2884,102,86679
QAP,2885,102,86695
QAP,2886,102,86726
QAP,2887,102,86758
QAP,2888,102,86789
QAP,2889,102,86821
QAP,2890,102,86852
QAP,2891,102,86883
QAP,2892,102,86915
QAP,2893,102,86946
QAP,2894,102,86978
QAP,2895,102,87009
QAP,2896,102,87041
QAP,2897,102,87056
QAP,2898,102,87088
QAP,2899,102,87119
QAP,2900,102,87151
QAP,2901,102,87182
QAP,2902,102,87213
QAP,2903,102,87245
QAP,2904,102,87276
QAP,2905,102,87307
QAP,2906,102,87339
QAP,2907,102,87370
QAP,2908,102,87386
QAP,2909,102,87417
QAP,2910,102,87449
QAP,2911,102,87480
QAP,2912,102,87512
QAP,2913,102,87543
QAP,2914,102,87575
QAP,2915,102,87606
QAP,2916,102,87638
QAP,2917,102,87661
QAP,2918,102,87685
QAP,2919,102,87716
QAP,2920,102,87748
QAP,2921,102,87779
QAP,2922,102,87810
QAP,2923,102,87842
QAP,2924,102,87873
QAP,2925,102,87904
QAP,2926,102,87920
QAP,2927,102,87952
QAP,2928,102,87983
QAP,2929,102,88014
QAP,2930,102,88046
QAP,2931,102,88077
QAP,2932,102,88109
QAP,2933,102,88140
QAP,2934,102,88172
QAP,2935,102,88203
QAP,2936,102,88219
QAP,2937,102,88250
QAP,2938,102,88282
QAP,2939,102,88313
QAP,2940,102,88345
QAP,2941,102,88376
QAP,2942,102,88407
QAP,2943,102,88439
QAP,2944,102,88470
QAP,2945,102,88502
QAP,2946,102,88517
QAP,2947,102,88549
QAP,2948,102,88580
QAP,2949,102,88612
QAP,2950,102,88643
QAP,2951,102,88674
QAP,2952,102,88706
QAP,2953,102,88737
QAP,2954,102,88769
QAP,2955,102,88800
QAP,2956,102,88831
QAP,2957,102,88863
QAP,2958,102,88894
QAP,2959,102,88910
QAP,2960,102,88941
QAP,2961,102,88973
QAP,2962,102,89004
QAP,2963,102,89036
QAP,2964,102,89067
QAP,2965,102,89099
QAP,2966,102,89130
QAP,2967,102,89162
QAP,2968,102,89193
QAP,2969,102,89224
QAP,2970,102,89256
QAP,2971,102,89287
QAP,2972,102,89303
QAP,2973,102,89334
QAP,2974,102,89366
QAP,2975,102,89397
QAP,2976,102,89429
QAP,2977,102,89460
QAP,2978,102,89491
QAP,2979,102,89523
QAP,2980,102,89554
QAP,2981,102,89586
QAP,2982,102,89617
QAP,2983,102,89648
QAP,2984,102,89664
QAP,2985,102,89696
QAP,2986,102,89727
QAP,2987,102,89758
QAP,2988,102,89790
QAP,2989,102,89821
QAP,2990,102,89853
QAP,2991,102,89884
QAP,2992,102,89916
QAP,2993,102,89947
QAP,2994,102,89978
QAP,2995,102,90010
QAP,2996,102,90025
QAP,2997,102,90057
QAP,2998,102,90088
QAP,2999,102,90119
QAP,3000,102,90151
QAP,3001,102,90182
QAP,3002,102,90214
QAP,3003,102,90245
QAP,3004,102,90276
QAP,3005,102,90308
QAP,3006,102,90339
QAP,3007,102,90371
QAP,3008,102,90394
QAP,3009,102,90418
QAP,3010,102,90449
QAP,3011,102,90480
QAP,3012,102,90512
QAP,3013,102,90543
QAP,3014,102,90574
QAP,3015,102,90606
QAP,3016,102,90637
QAP,3017,102,90669
QAP,3018,102,90700
QAP,3019,102,90716
QAP,3020,102,90747
QAP,3021,102,90779
QAP,3022,102,90810
QAP,3023,102,90841
QAP,3024,102,90873
QAP,3025,102,90904
QAP,3026,102,90936
QAP,3027,102,90967
QAP,3028,102,90998
QAP,3029,102,91030
QAP,3030,102,91046
QAP,3031,102,91077
QAP,3032,102,91108
QAP,3033,102,91140
QAP,3034,102,91171
QAP,3035,102,91203
QAP,3036,102,91234
QAP,3037,102,91266
QAP,3038,102,91297
QAP,3039,102,91328
QAP,3040,102,91344
QAP,3041,102,91376
QAP,3042,102,91407
QAP,3043,102,91438
QAP,3044,102,91470
QAP,3045,102,91501
QAP,3046,102,91532
QAP,3047,102,91564
QAP,3048,102,91595
QAP,3049,102,91627
QAP,3050,102,91658
QAP,3051,102,91674
QAP,3052,102,91705
QAP,3053,102,91736
QAP,3054,102,91768
QAP,3055,102,91799
QAP,3056,102,91831
QAP,3057,102,91862
QAP,3058,102,91894
QAP,3059,102,91925
QAP,3060,102,91956
QAP,3061,102,91988
QAP,3062,102,92019
QAP,3063,102,92035
QAP,3064,102,92066
QAP,3065,102,92098
QAP,3066,102,92129
QAP,3067,102,92161
QAP,3068,102,92192
QAP,3069,102,92223
QAP,3070,102,92255
QAP,3071,102,92286
QAP,3072,102,92318
QAP,3073,102,92349
QAP,3074,102,92381
QAP,3075,102,92396
QAP,3076,102,92427
QAP,3077,102,92459
QAP,3078,102,92490
QAP,3079,102,92522
QAP,3080,102,92553
QAP,3081,102,92584
QAP,3082,102,92616
QAP,3083,102,92647
QAP,3084,102,92679
QAP,3085,102,92710
QAP,3086,102,92726
QAP,3087,102,92757
QAP,3088,102,92789
QAP,3089,102,92820
QAP,3090,102,92851
QAP,3091,102,92883
QAP,3092,102,92914
QAP,3093,102,92946
QAP,3094,102,92977
QAP,3095,102,93009
QAP,3096,102,93040
QAP,3097,102,93072
QAP,3098,102,93087
QAP,3099,102,93127
QAP,3100,102,93150
QAP,3101,102,93182
QAP,3102,102,93213
QAP,3103,102,93245
QAP,3104,102,93276
QAP,3105,102,93307
QAP,3106,102,93339
QAP,3107,102,93370
QAP,3108,102,93402
QAP,3109,102,93433
QAP,3110,102,93449
QAP,3111,102,93480
QAP,3112,102,93512
QAP,3113,102,93543
QAP,3114,102,93574
QAP,3115,102,93606
QAP,3116,102,93637
QAP,3117,102,93669
QAP,3118,102,93700
QAP,3119,102,93731
QAP,3120,102,93747
QAP,3121,102,93778
QAP,3122,102,93810
QAP,3123,102,93841
QAP,3124,102,93872
QAP,3125,102,93904
QAP,3126,102,93935
QAP,3127,102,93967
QAP,3128,102,93998
QAP,3129,102,94030
QAP,3130,102,94061
QAP,3131,102,94092
QAP,3132,102,94108
QAP,3133,102,94139
QAP,3134,102,94171
QAP,3135,102,94202
QAP,3136,102,94233
QAP,3137,102,94265
QAP,3138,102,94296
QAP,3139,102,94328
QAP,3140,102,94359
QAP,3141,102,94390
QAP,3142,102,94406
QAP,3143,102,94437
QAP,3144,102,94477
QAP,3145,102,94500
QAP,3146,102,94531
QAP,3147,102,94563
QAP,3148,102,94594
QAP,3149,102,94626
QAP,3150,102,94657
QAP,3151,102,94689
QAP,3152,102,94704
QAP,3153,102,94736
QAP,3154,102,94767
QAP,3155,102,94799
QAP,3156,102,94830
QAP,3157,102,94861
QAP,3158,102,94893
QAP,3159,102,94924
QAP,3160,102,94956
QAP,3161,102,94987
QAP,3162,102,95003
QAP,3163,102,95034
QAP,3164,102,95066
QAP,3165,102,95097
QAP,3166,102,95129
QAP,3167,102,95160
QAP,3168,102,95191
QAP,3169,102,95223
QAP,3170,102,95254
QAP,3171,102,95286
QAP,3172,102,95317
QAP,3173,102,95348
QAP,3174,102,95364
QAP,3175,102,95395
QAP,3176,102,95427
QAP,3177,102,95458
QAP,3178,102,95490
QAP,3179,102,95521
QAP,3180,102,95552
QAP,3181,102,95584
QAP,3182,102,95615
QAP,3183,102,95647
QAP,3184,102,95678
QAP,3185,102,95710
QAP,3186,102,95725
QAP,3187,102,95757
QAP,3188,102,95788
QAP,3189,102,95820
QAP,3190,102,95851
QAP,3191,102,95882
QAP,3192,102,95914
QAP,3193,102,95945
QAP,3194,102,95977
QAP,3195,102,96008
QAP,3196,102,96024
QAP,3197,102,96055
QAP,3198,102,96087
QAP,3199,102,96118
QAP,3200,102,96150
QAP,3201,102,96181
QAP,3202,102,96212
QAP,3203,102,96244
QAP,3204,102,96275
QAP,3205,102,96307
QAP,3206,102,96322
QAP,3207,102,96354
QAP,3208,102,96385
QAP,3209,102,96417
QAP,3210,102,96448
QAP,3211,102,96479
QAP,3212,102,96511
QAP,3213,102,96542
QAP,3214,102,96574
QAP,3215,102,96605
QAP,3216,102,96636
QAP,3217,102,96652
QAP,3218,102,96683
QAP,3219,102,96715
QAP,3220,102,96746
QAP,3221,102,96778
QAP,3222,102,96809
QAP,3223,102,96841
QAP,3224,102,96872
QAP,3225,102,96904
QAP,3226,102,96935
QAP,3227,102,96966
QAP,3228,102,96998
QAP,3229,102,97014
QAP,3230,102,97045
QAP,3231,102,97076
QAP,3232,102,97108
QAP,3233,102,97139
QAP,3234,102,97171
QAP,3235,102,97208
QAP,3236,102,97234
QAP,3237,102,97265
QAP,3238,102,97297
QAP,3239,102,97328
QAP,3240,102,97360
QAP,3241,102,97375
QAP,3242,102,97407
QAP,3243,102,97438
QAP,3244,102,97470
QAP,3245,102,97501
QAP,3246,102,97532
QAP,3247,102,97564
QAP,3248,102,97595
QAP,3249,102,97627
QAP,3250,102,97658
QAP,3251,102,97674
QAP,3252,102,97705
QAP,3253,102,97737
QAP,3254,102,97768
QAP,3255,102,97799
QAP,3256,102,97831
QAP,3257,102,97862
QAP,3258,102,97894
QAP,3259,102,97925
QAP,3260,102,97957
QAP,3261,102,97988
QAP,3262,102,98004
QAP,3263,102,98035
QAP,3264,102,98067
QAP,3265,102,98098
QAP,3266,102,98129
QAP,3267,102,98161
QAP,3268,102,98192
QAP,3269,102,98223
QAP,3270,102,98255
QAP,3271,102,98287
QAP,3272,102,98302
QAP,3273,102,98334
QAP,3274,102,98365
QAP,3275,102,98396
QAP,3276,102,98428
QAP,3277,102,98459
QAP,3278,102,98491
QAP,3279,102,98522
QAP,3280,102,98553
QAP,3281,102,98585
QAP,3282,102,98600
QAP,3283,102,98632
QAP,3284,102,98663
QAP,3285,102,98695
QAP,3286,102,98726
QAP,3287,102,98757
QAP,3288,102,98789
QAP,3289,102,98820
QAP,3290,102,98852
QAP,3291,102,98883
QAP,3292,102,98915
QAP,3293,102,98946
QAP,3294,102,98962
QAP,3295,102,98993
QAP,3296,102,99025
QAP,3297,102,99056
QAP,3298,102,99087
QAP,3299,102,99119
QAP,3300,102,99150
QAP,3301,102,99181
QAP,3302,102,99213
QAP,3303,102,99244
QAP,3304,102,99276
QAP,3305,102,99291
QAP,3306,102,99323
QAP,3307,102,99354
QAP,3308,102,99386
QAP,3309,102,99417
QAP,3310,102,99449
QAP,3311,102,99480
QAP,3312,102,99511
QAP,3313,102,99543
QAP,3314,102,99574
QAP,3315,102,99590
QAP,3316,102,99621
QAP,3317,102,99653
QAP,3318,102,99684
QAP,3319,102,99716
QAP,3320,102,99747
QAP,3321,102,99778
QAP,3322,102,99810
QAP,3323,102,99841
QAP,3324,102,99873
QAP,3325,102,99904
QAP,3326,102,99920
QAP,3327,102,99951
QAP,3328,102,99982
QAP,3329,102,100014
QAP,3330,102,100045
QAP,3331,102,100077
QAP,3332,102,100108
QAP,3333,102,100139
QAP,3334,102,100171
QAP,3335,102,100202
QAP,3336,102,100234
QAP,3337,102,100249
QAP,3338,102,100281
QAP,3339,102,100312
QAP,3340,102,100343
QAP,3341,102,100375
QAP,3342,102,100406
QAP,3343,102,100438
QAP,3344,102,100469
QAP,3345,102,100501
QAP,3346,102,100532
QAP,3347,102,100548
QAP,3348,102,100579
QAP,3349,102,100611
QAP,3350,102,100642
QAP,3351,102,100673
QAP,3352,102,100705
QAP,3353,102,100736
QAP,3354,102,100768
QAP,3355,102,100799
QAP,3356,102,100831
QAP,3357,102,100862
QAP,3358,102,100878
QAP,3359,102,100909
QAP,3360,102,100941
QAP,3361,102,100972
QAP,3362,102,101003
QAP,3363,102,101035
QAP,3364,102,101066
QAP,3365,102,101098
QAP,3366,102,101129
QAP,3367,102,101160
QAP,3368,102,101192
QAP,3369,102,101207
QAP,3370,102,101239
QAP,3371,102,101270
QAP,3372,102,101302
QAP,3373,102,101333
QAP,3374,102,101364
QAP,3375,102,101396
QAP,3376,102,101427
QAP,3377,102,101459
QAP,3378,102,101490
QAP,3379,102,101524
QAP,3380,102,101553
QAP,3381,102,101584
QAP,3382,102,101616
QAP,3383,102,101647
QAP,3384,102,101663
QAP,3385,102,101694
QAP,3386,102,101726
QAP,3387,102,101757
QAP,3388,102,101788
QAP,3389,102,101820
QAP,3390,102,101851
QAP,3391,102,101882
QAP,3392,102,101914
QAP,3393,102,101945
QAP,3394,102,101977
QAP,3395,102,102008
QAP,3396,102,102024
QAP,3397,102,102055
QAP,3398,102,102086
QAP,3399,102,102118
QAP,3400,102,102149
QAP,3401,102,102181
QAP,3402,102,102212
QAP,3403,102,102244
QAP,3404,102,102275
QAP,3405,102,102306
QAP,3406,102,102338
QAP,3407,102,102369
QAP,3408,102,102401
QAP,3409,102,102416
QAP,3410,102,102448
QAP,3411,102,102479
QAP,3412,102,102511
QAP,3413,102,102542
QAP,3414,102,102574
QAP,3415,102,102605
QAP,3416,102,102637
QAP,3417,102,102668
QAP,3418,102,102684
QAP,3419,102,102715
QAP,3420,102,102747
QAP,3421,102,102778
QAP,3422,102,102810
QAP,3423,102,102841
QAP,3424,102,102872
QAP,3425,102,102904
QAP,3426,102,102935
QAP,3427,102,102967
QAP,3428,102,102998
QAP,3429,102,103014
QAP,3430,102,103045
QAP,3431,102,103076
QAP,3432,102,103108
QAP,3433,102,103139
QAP,3434,102,103170
QAP,3435,102,103202
QAP,3436,102,103233
QAP,3437,102,103265
QAP,3438,102,103296
QAP,3439,102,103312
QAP,3440,102,103343
QAP,3441,102,103375
QAP,3442,102,103406
QAP,3443,102,103437
QAP,3444,102,103469
QAP,3445,102,103500
QAP,3446,102,103531
QAP,3447,102,103563
QAP,3448,102,103579
QAP,3449,102,103610
QAP,3450,102,103641
QAP,3451,102,103673
QAP,3452,102,103704
QAP,3453,102,103736
QAP,3454,102,103767
QAP,3455,102,103798
QAP,3456,102,103830
QAP,3457,102,103861
QAP,3458,102,103893
QAP,3459,102,103908
QAP,3460,102,103940
QAP,3461,102,103971
QAP,3462,102,104002
QAP,3463,102,104034
QAP,3464,102,104065
QAP,3465,102,104097
QAP,3466,102,104128
QAP,3467,102,104160
QAP,3468,102,104191
QAP,3469,102,104222
QAP,3470,102,104238
QAP,3471,102,104270
QAP,3472,102,104301
QAP,3473,102,104332
QAP,3474,102,104364
QAP,3475,102,104395
QAP,3476,102,104427
QAP,3477,102,104458
QAP,3478,102,104490
QAP,3479,102,104521
QAP,3480,102,104552
QAP,3481,102,104568
QAP,3482,102,104600
QAP,3483,102,104631
QAP,3484,102,104662
QAP,3485,102,104694
QAP,3486,102,104725
QAP,3487,102,104757
QAP,3488,102,104788
QAP,3489,102,104820
QAP,3490,102,104851
QAP,3491,102,104882
QAP,3492,102,104914
QAP,3493,102,104945
QAP,3494,102,104976
QAP,3495,102,104992
QAP,3496,102,105024
QAP,3497,102,105055
QAP,3498,102,105087
QAP,3499,102,105118
QAP,3500,102,105149
QAP,3501,102,105181
QAP,3502,102,105212
QAP,3503,102,105244
QAP,3504,102,105275
QAP,3505,102,105306
QAP,3506,102,105322
QAP,3507,102,105353
QAP,3508,102,105386
QAP,3509,102,105416
QAP,3510,102,105447
QAP,3511,102,105479
QAP,3512,102,105510
QAP,3513,102,105542
QAP,3514,102,105573
QAP,3515,102,105604
QAP,3516,102,105638
QAP,3517,102,105667
QAP,3518,102,105698
QAP,3519,102,105728
QAP,3520,102,105757
QAP,3521,102,105787
QAP,3522,102,105818
QAP,3523,102,105848
QAP,3524,102,105878
QAP,3525,102,105908
QAP,3526,102,105938
QAP,3527,102,105970
QAP,3528,102,105999
QAP,3529,102,106031
QAP,3530,102,106062
QAP,3531,102,106092
QAP,3532,102,106122
QAP,3533,102,106152
QAP,3534,102,106180
QAP,3535,102,106212
QAP,3536,102,106242
QAP,3537,102,106272
QAP,3538,102,106302
QAP,3539,102,106332
QAP,3540,102,106361
QAP,3541,102,106392
QAP,3542,102,106422
QAP,3543,102,106451
QAP,3544,102,106482
QAP,3545,102,106512
QAP,3546,102,106542
QAP,3547,102,106572
QAP,3548,102,106602
QAP,3549,102,106633
QAP,3550,102,106663
QAP,3551,102,106693
QAP,3552,102,106723
QAP,3553,102,106754
QAP,3554,102,106785
QAP,3555,102,106814
QAP,3556,102,106845
QAP,3557,102,106876
QAP,3558,102,106905
QAP,3559,102,106937
QAP,3560,102,106966
QAP,3561,102,106998
QAP,3562,102,107028
QAP,3563,102,107057
QAP,3564,102,107087
QAP,3565,102,107118
QAP,3566,102,107148
QAP,3567,102,107179
QAP,3568,102,107205
QAP,3569,102,107229
QAP,3570,102,107260
QAP,3571,102,107292
QAP,3572,102,107323
QAP,3573,102,107354
QAP,3574,102,107386
QAP,3575,102,107417
QAP,3576,102,107448
QAP,3577,102,107480
QAP,3578,102,107511
QAP,3579,102,107542
QAP,3580,102,107558
QAP,3581,102,107590
QAP,3582,102,107622
QAP,3583,102,107653
QAP,3584,102,107684
QAP,3585,102,107716
QAP,3586,102,107747
QAP,3587,102,107778
QAP,3588,102,107810
QAP,3589,102,107841
QAP,3590,102,107873
QAP,3591,102,107904
QAP,3592,102,107920
QAP,3593,102,107951
QAP,3594,102,107982
QAP,3595,102,108014
QAP,3596,102,108045
QAP,3597,102,108077
QAP,3598,102,108114
QAP,3599,102,108139
QAP,3600,102,108171
QAP,3601,102,108202
QAP,3602,102,108218
QAP,3603,102,108249
QAP,3604,102,108281
QAP,3605,102,108312
QAP,3606,102,108344
QAP,3607,102,108375
QAP,3608,102,108407
QAP,3609,102,108438
QAP,3610,102,108469
QAP,3611,102,108501
QAP,3612,102,108532
QAP,3613,102,108564
QAP,3614,102,108579
QAP,3615,102,108611
QAP,3616,102,108642
QAP,3617,102,108673
QAP,3618,102,108705
QAP,3619,102,108736
QAP,3620,102,108768
QAP,3621,102,108799
QAP,3622,102,108831
QAP,3623,102,108862
QAP,3624,102,108893
QAP,3625,102,108925
QAP,3626,102,108956
QAP,3627,102,108972
QAP,3628,102,109003
QAP,3629,102,109035
QAP,3630,102,109066
QAP,3631,102,109098
QAP,3632,102,109129
QAP,3633,102,109160
QAP,3634,102,109192
QAP,3635,102,109223
QAP,3636,102,109255
QAP,3637,102,109286
QAP,3638,102,109302
QAP,3639,102,109333
QAP,3640,102,109365
QAP,3641,102,109396
QAP,3642,102,109427
QAP,3643,102,109459
QAP,3644,102,109490
QAP,3645,102,109522
QAP,3646,102,109553
QAP,3647,102,109584
QAP,3648,102,109616
QAP,3649,102,109631
QAP,3650,102,109663
QAP,3651,102,109694
QAP,3652,102,109726
QAP,3653,102,109757
QAP,3654,102,109788
QAP,3655,102,109820
QAP,3656,102,109851
QAP,3657,102,109883
QAP,3658,102,109914
QAP,3659,102,109946
QAP,3660,102,109977
QAP,3661,102,109993
QAP,3662,102,110024
QAP,3663,102,110056
QAP,3664,102,110087
QAP,3665,102,110119
QAP,3666,102,110159
QAP,3667,102,110190
QAP,3668,102,110221
QAP,3669,102,110251
QAP,3670,102,110281
QAP,3671,102,110311
QAP,3672,102,110341
QAP,3673,102,110370
QAP,3674,102,110402
QAP,3675,102,110432
QAP,3676,102,110462
QAP,3677,102,110491
QAP,3678,102,110521
QAP,3679,102,110551
QAP,3680,102,110581
QAP,3681,102,110612
QAP,3682,102,110642
QAP,3683,102,110672
QAP,3684,102,110702
QAP,3685,102,110732
QAP,3686,102,110761
QAP,3687,102,110791
QAP,3688,102,110821
QAP,3689,102,110853
QAP,3690,102,110884
QAP,3691,102,110915
QAP,3692,102,110946
QAP,3693,102,110975
QAP,3694,102,111007
QAP,3695,102,111037
QAP,3696,102,111069
QAP,3697,102,111099
QAP,3698,102,111130
QAP,3699,102,111159
QAP,3700,102,111190
QAP,3701,102,111220
QAP,3702,102,111249
QAP,3703,102,111279
QAP,3704,102,111311
QAP,3705,102,111342
QAP,3706,102,111372
QAP,3707,102,111402
QAP,3708,102,111434
QAP,3709,102,111464
QAP,3710,102,111493
QAP,3711,102,111524
QAP,3712,102,111555
QAP,3713,102,111584
QAP,3714,102,111614
QAP,3715,102,111645
QAP,3716,102,111675
QAP,3717,102,111707
QAP,3718,102,111735
QAP,3719,102,111767
QAP,3720,102,111796
QAP,3721,102,111828
QAP,3722,102,111859
QAP,3723,102,111888
QAP,3724,102,111920
QAP,3725,102,111950
QAP,3726,102,111981
QAP,3727,102,112011
QAP,3728,102,112041
QAP,3729,102,112070
QAP,3730,102,112100
QAP,3731,102,112132
QAP,3732,102,112162
QAP,3733,102,112193
QAP,3734,102,112227
QAP,3735,102,112257
QAP,3736,102,112287
QAP,3737,102,112316
QAP,3738,102,112347
QAP,3739,102,112378
QAP,3740,102,112407
QAP,3741,102,112439
QAP,3742,102,112470
QAP,3743,102,112500
QAP,3744,102,112530
QAP,3745,102,112562
QAP,3746,102,112592
QAP,3747,102,112622
QAP,3748,102,112652
QAP,3749,102,112682
QAP,3750,102,112713
QAP,3751,102,112745
QAP,3752,102,112773
QAP,3753,102,112803
QAP,3754,102,112834
QAP,3755,102,112865
QAP,3756,102,112896
QAP,3757,102,112927
QAP,3758,102,112959
QAP,3759,102,112988
QAP,3760,102,113019
QAP,3761,102,113051
QAP,3762,102,113080
QAP,3763,102,113112
QAP,3764,102,113143
QAP,3765,102,113172
QAP,3766,102,113202
QAP,3767,102,113234
QAP,3768,102,113264
QAP,3769,102,113293
QAP,3770,102,113323
QAP,3771,102,113355
QAP,3772,102,113384
QAP,3773,102,113414
QAP,3774,102,113444
QAP,3775,102,113474
QAP,3776,102,113504
QAP,3777,102,113535
QAP,3778,102,113566
QAP,3779,102,113596
QAP,3780,102,113625
QAP,3781,102,113655
QAP,3782,102,113685
QAP,3783,102,113715
QAP,3784,102,113745
QAP,3785,102,113762
QAP,3786,102,113793
QAP,3787,102,113824
QAP,3788,102,113856
QAP,3789,102,113887
QAP,3790,102,113919
QAP,3791,102,113950
QAP,3792,102,113981
QAP,3793,102,114013
QAP,3794,102,114044
QAP,3795,102,114076
QAP,3796,102,114091
QAP,3797,102,114123
QAP,3798,102,114154
QAP,3799,102,114186
QAP,3800,102,114217
QAP,3801,102,114249
QAP,3802,102,114280
QAP,3803,102,114311
QAP,3804,102,114343
QAP,3805,102,114374
QAP,3806,102,114406
QAP,3807,102,114421
QAP,3808,102,114453
QAP,3809,102,114484
QAP,3810,102,114516
QAP,3811,102,114547
QAP,3812,102,114579
QAP,3813,102,114610
QAP,3814,102,114641
QAP,3815,102,114673
QAP,3816,102,114704
QAP,3817,102,114735
QAP,3818,102,114767
QAP,3819,102,114783
QAP,3820,102,114814
QAP,3821,102,114845
QAP,3822,102,114877
QAP,3823,102,114908
QAP,3824,102,114940
QAP,3825,102,114971
QAP,3826,102,115002
QAP,3827,102,115034
QAP,3828,102,115065
QAP,3829,102,115097
QAP,3830,102,115128
QAP,3831,102,115159
QAP,3832,102,115175
QAP,3833,102,115207
QAP,3834,102,115238
QAP,3835,102,115269
QAP,3836,102,115301
QAP,3837,102,115332
QAP,3838,102,115364
QAP,3839,102,115395
QAP,3840,102,115427
QAP,3841,102,115458
QAP,3842,102,115489
QAP,3843,102,115521
QAP,3844,102,115552
QAP,3845,102,115583
QAP,3846,102,115615
QAP,3847,102,115630
QAP,3848,102,115662
QAP,3849,102,115693
QAP,3850,102,115724
QAP,3851,102,115756
QAP,3852,102,115787
QAP,3853,102,115819
QAP,3854,102,115853
QAP,3855,102,115881
QAP,3856,102,115913
QAP,3857,102,115944
QAP,3858,102,115976
QAP,3859,102,116007
QAP,3860,102,116038
QAP,3861,102,116070
QAP,3862,102,116085
QAP,3863,102,116117
QAP,3864,102,116148
QAP,3865,102,116179
QAP,3866,102,116211
QAP,3867,102,116242
QAP,3868,102,116274
QAP,3869,102,116305
QAP,3870,102,116337
QAP,3871,102,116368
QAP,3872,102,116399
QAP,3873,102,116415
QAP,3874,102,116447
QAP,3875,102,116478
QAP,3876,102,116510
QAP,3877,102,116541
QAP,3878,102,116572
QAP,3879,102,116604
QAP,3880,102,116635
QAP,3881,102,116667
QAP,3882,102,116698
QAP,3883,102,116730
QAP,3884,102,116761
QAP,3885,102,116793
QAP,3886,102,116824
QAP,3887,102,116855
QAP,3888,102,116871
QAP,3889,102,116902
QAP,3890,102,116934
QAP,3891,102,116965
QAP,3892,102,116997
QAP,3893,102,117028
QAP,3894,102,117059
QAP,3895,102,117091
QAP,3896,102,117122
QAP,3897,102,117153
QAP,3898,102,117185
QAP,3899,102,117216
QAP,3900,102,117247
QAP,3901,102,117279
QAP,3902,102,117294
QAP,3903,102,117326
QAP,3904,102,117357
QAP,3905,102,117389
QAP,3906,102,117420
QAP,3907,102,117452
QAP,3908,102,117483
QAP,3909,102,117514
QAP,3910,102,117546
QAP,3911,102,117577
QAP,3912,102,117593
QAP,3913,102,117624
QAP,3914,102,117664
QAP,3915,102,117687
QAP,3916,102,117719
QAP,3917,102,117750
QAP,3918,102,117782
QAP,3919,102,117813
QAP,3920,102,117845
QAP,3921,102,117876
QAP,3922,102,117907
QAP,3923,102,117923
QAP,3924,102,117954
QAP,3925,102,117986
QAP,3926,102,118017
QAP,3927,102,118049
QAP,3928,102,118080
QAP,3929,102,118111
QAP,3930,102,118143
QAP,3931,102,118174
QAP,3932,102,118206
QAP,3933,102,118221
QAP,3934,102,118253
QAP,3935,102,118284
QAP,3936,102,118316
QAP,3937,102,118347
QAP,3938,102,118378
QAP,3939,102,118410
QAP,3940,102,118441
QAP,3941,102,118473
QAP,3942,102,118504
QAP,3943,102,118520
QAP,3944,102,118551
QAP,3945,102,118582
QAP,3946,102,118614
QAP,3947,102,118645
QAP,3948,102,118677
QAP,3949,102,118708
QAP,3950,102,118740
QAP,3951,102,118771
QAP,3952,102,118803
QAP,3953,102,118834
QAP,3954,102,118866
QAP,3955,102,118897
QAP,3956,102,118929
QAP,3957,102,118944
QAP,3958,102,118976
QAP,3959,102,119015
QAP,3960,102,119039
QAP,3961,102,119070
QAP,3962,102,119102
QAP,3963,102,119133
QAP,3964,102,119164
QAP,3965,102,119196
QAP,3966,102,119227
QAP,3967,102,119258
QAP,3968,102,119290
QAP,3969,102,119321
QAP,3970,102,119337
QAP,3971,102,119369
QAP,3972,102,119400
QAP,3973,102,119431
QAP,3974,102,119463
QAP,3975,102,119494
QAP,3976,102,119525
QAP,3977,102,119557
QAP,3978,102,119588
QAP,3979,102,119620
QAP,3980,102,119651
QAP,3981,102,119682
QAP,3982,102,119714
QAP,3983,102,119745
QAP,3984,102,119761
QAP,3985,102,119792
QAP,3986,102,119824
QAP,3987,102,119855
QAP,3988,102,119887
QAP,3989,102,119918
QAP,3990,102,119949
QAP,3991,102,119981
QAP,3992,102,120012
QAP,3993,102,120044
QAP,3994,102,120075
QAP,3995,102,120107
QAP,3996,102,120122
QAP,3997,102,120154
QAP,3998,102,120185
QAP,3999,102,120217
QAP,4000,102,120248
QAP,4001,102,120279
QAP,4002,102,120311
QAP,4003,102,120342
QAP,4004,102,120374
QAP,4005,102,120405
QAP,4006,102,120436
QAP,4007,102,120452
QAP,4008,102,120483
QAP,4009,102,120515
QAP,4010,102,120546
QAP,4011,102,120578
QAP,4012,102,120609
QAP,4013,102,120641
QAP,4014,102,120672
QAP,4015,102,120703
QAP,4016,102,120735
QAP,4017,102,120751
QAP,4018,102,120782
QAP,4019,102,120813
QAP,4020,102,120845
QAP,4021,102,120876
QAP,4022,102,120908
QAP,4023,102,120939
QAP,4024,102,120971
QAP,4025,102,121002
QAP,4026,102,121034
QAP,4027,102,121065
QAP,4028,102,121096
QAP,4029,102,121128
QAP,4030,102,121143
QAP,4031,102,121175
QAP,4032,102,121206
QAP,4033,102,121238
QAP,4034,102,121269
QAP,4035,102,121301
QAP,4036,102,121332
QAP,4037,102,121364
QAP,4038,102,121395
QAP,4039,102,121427
QAP,4040,102,121442
QAP,4041,102,121474
QAP,4042,102,121505
QAP,4043,102,121537
QAP,4044,102,121568
QAP,4045,102,121599
QAP,4046,102,121631
QAP,4047,102,121662
QAP,4048,102,121693
QAP,4049,102,121725
QAP,4050,102,121756
QAP,4051,102,121788
QAP,4052,102,121804
QAP,4053,102,121835
QAP,4054,102,121866
QAP,4055,102,121898
QAP,4056,102,121929
QAP,4057,102,121960
QAP,4058,102,121992
QAP,4059,102,122023
QAP,4060,102,122055
QAP,4061,102,122086
QAP,4062,102,122117
QAP,4063,102,122133
QAP,4064,102,122164
QAP,4065,102,122196
QAP,4066,102,122227
QAP,4067,102,122259
QAP,4068,102,122290
QAP,4069,102,122321
QAP,4070,102,122353
QAP,4071,102,122384
QAP,4072,102,122416
QAP,4073,102,122447
QAP,4074,102,122463
QAP,4075,102,122494
QAP,4076,102,122526
QAP,4077,102,122557
QAP,4078,102,122588
QAP,4079,102,122620
QAP,4080,102,122651
QAP,4081,102,122683
QAP,4082,102,122714
QAP,4083,102,122746
QAP,4084,102,122777
QAP,4085,102,122793
QAP,4086,102,122824
QAP,4087,102,122856
QAP,4088,102,122887
QAP,4089,102,122919
QAP,4090,102,122950
QAP,4091,102,122981
QAP,4092,102,123013
QAP,4093,102,123044
QAP,4094,102,123076
QAP,4095,102,123107
QAP,4096,102,123123
QAP,4097,102,123154
QAP,4098,102,123186
QAP,4099,102,123217
QAP,4100,102,123248
QAP,4101,102,123280
QAP,4102,102,123311
QAP,4103,102,123343
QAP,4104,102,123374
QAP,4105,102,123406
QAP,4106,102,123437
QAP,4107,102,123453
QAP,4108,102,123484
QAP,4109,102,123515
QAP,4110,102,123547
QAP,4111,102,123578
QAP,4112,102,123610
QAP,4113,102,123641
QAP,4114,102,123673
QAP,4115,102,123704
QAP,4116,102,123735
QAP,4117,102,123751
QAP,4118,102,123783
QAP,4119,102,123814
QAP,4120,102,123845
QAP,4121,102,123877
QAP,4122,102,123908
QAP,4123,102,123940
QAP,4124,102,123971
QAP,4125,102,124002
QAP,4126,102,124034
QAP,4127,102,124065
QAP,4128,102,124097
QAP,4129,102,124113
QAP,4130,102,124144
QAP,4131,102,124176
QAP,4132,102,124207
QAP,4133,102,124238
QAP,4134,102,124270
QAP,4135,102,124301
QAP,4136,102,124332
QAP,4137,102,124364
QAP,4138,102,124395
QAP,4139,102,124427
QAP,4140,102,124458
QAP,4141,102,124474
QAP,4142,102,124505
QAP,4143,102,124537
QAP,4144,102,124568
QAP,4145,102,124599
QAP,4146,102,124631
QAP,4147,102,124662
QAP,4148,102,124694
QAP,4149,102,124725
QAP,4150,102,124756
QAP,4151,102,124788
QAP,4152,102,124819
QAP,4153,102,124835
QAP,4154,102,124866
QAP,4155,102,124898
QAP,4156,102,124929
QAP,4157,102,124960
QAP,4158,102,124992
QAP,4159,102,125023
QAP,4160,102,125054
QAP,4161,102,125086
QAP,4162,102,125117
QAP,4163,102,125149
QAP,4164,102,125180
QAP,4165,102,125196
QAP,4166,102,125227
QAP,4167,102,125258
QAP,4168,102,125290
QAP,4169,102,125321
QAP,4170,102,125353
QAP,4171,102,125384
QAP,4172,102,125416
QAP,4173,102,125447
QAP,4174,102,125478
QAP,4175,102,125510
QAP,4176,102,125526
QAP,4177,102,125557
QAP,4178,102,125588
QAP,4179,102,125620
QAP,4180,102,125651
QAP,4181,102,125682
QAP,4182,102,125714
QAP,4183,102,125745
QAP,4184,102,125777
QAP,4185,102,125808
QAP,4186,102,125839
QAP,4187,102,125871
QAP,4188,102,125886
QAP,4189,102,125918
QAP,4190,102,125949
QAP,4191,102,125980
QAP,4192,102,126012
QAP,4193,102,126043
QAP,4194,102,126075
QAP,4195,102,126106
QAP,4196,102,126137
QAP,4197,102,126169
QAP,4198,102,126200
QAP,4199,102,126216
QAP,4200,102,126247
QAP,4201,102,126279
QAP,4202,102,126310
QAP,4203,102,126341
QAP,4204,102,126373
QAP,4205,102,126404
QAP,4206,102,126435
QAP,4207,102,126467
QAP,4208,102,126498
QAP,4209,102,126514
QAP,4210,102,126545
QAP,4211,102,126577
QAP,4212,102,126608
QAP,4213,102,126640
QAP,4214,102,126671
QAP,4215,102,126702
QAP,4216,102,126734
QAP,4217,102,126765
QAP,4218,102,126797
QAP,4219,102,126812
QAP,4220,102,126844
QAP,4221,102,126875
QAP,4222,102,126907
QAP,4223,102,126938
QAP,4224,102,126969
QAP,4225,102,127001
QAP,4226,102,127032
QAP,4227,102,127063
QAP,4228,102,127095
QAP,4229,102,127110
QAP,4230,102,127142
QAP,4231,102,127173
QAP,4232,102,127205
QAP,4233,102,127236
QAP,4234,102,127267
QAP,4235,102,127299
QAP,4236,102,127330
QAP,4237,102,127362
QAP,4238,102,127377
QAP,4239,102,127409
QAP,4240,102,127440
QAP,4241,102,127472
QAP,4242,102,127503
QAP,4243,102,127534
QAP,4244,102,127566
QAP,4245,102,127597
QAP,4246,102,127629
QAP,4247,102,127660
QAP,4248,102,127676
QAP,4249,102,127707
QAP,4250,102,127739
QAP,4251,102,127770
QAP,4252,102,127801
QAP,4253,102,127833
QAP,4254,102,127864
QAP,4255,102,127896
QAP,4256,102,127927
QAP,4257,102,127959
QAP,4258,102,127974
QAP,4259,102,128006
QAP,4260,102,128037
QAP,4261,102,128069
QAP,4262,102,128100
QAP,4263,102,128132
QAP,4264,102,128163
QAP,4265,102,128194
QAP,4266,102,128226
QAP,4267,102,128257
QAP,4268,102,128289
QAP,4269,102,128304
QAP,4270,102,128336
QAP,4271,102,128367
QAP,4272,102,128399
QAP,4273,102,128430
QAP,4274,102,128461
QAP,4275,102,128493
QAP,4276,102,128524
QAP,4277,102,128557
QAP,4278,102,128587
QAP,4279,102,128603
QAP,4280,102,128634
QAP,4281,102,128666
QAP,4282,102,128697
QAP,4283,102,128728
QAP,4284,102,128760
QAP,4285,102,128791
QAP,4286,102,128823
QAP,4287,102,128854
QAP,4288,102,128886
QAP,4289,102,128917
QAP,4290,102,128933
QAP,4291,102,128964
QAP,4292,102,128996
QAP,4293,102,129027
QAP,4294,102,129058
QAP,4295,102,129090
QAP,4296,102,129121
QAP,4297,102,129153
QAP,4298,102,129184
QAP,4299,102,129216
QAP,4300,102,129232
QAP,4301,102,129263
QAP,4302,102,129294
QAP,4303,102,129326
QAP,4304,102,129357
QAP,4305,102,129389
QAP,4306,102,129420
QAP,4307,102,129451
QAP,4308,102,129483
QAP,4309,102,129514
QAP,4310,102,129546
QAP,4311,102,129562
QAP,4312,102,129593
QAP,4313,102,129624
QAP,4314,102,129656
QAP,4315,102,129687
QAP,4316,102,129719
QAP,4317,102,129750
QAP,4318,102,129782
QAP,4319,102,129813
QAP,4320,102,129844
QAP,4321,102,129876
QAP,4322,102,129891
QAP,4323,102,129931
QAP,4324,102,129954
QAP,4325,102,129986
QAP,4326,102,130017
QAP,4327,102,130049
QAP,4328,102,130080
QAP,4329,102,130111
QAP,4330,102,130143
QAP,4331,102,130174
QAP,4332,102,130190
QAP,4333,102,130230
QAP,4334,102,130253
QAP,4335,102,130284
QAP,4336,102,130315
QAP,4337,102,130347
QAP,4338,102,130378
QAP,4339,102,130410
QAP,4340,102,130441
QAP,4341,102,130473
QAP,4342,102,130488
QAP,4343,102,130520
QAP,4344,102,130551
QAP,4345,102,130583
QAP,4346,102,130614
QAP,4347,102,130645
QAP,4348,102,130677
QAP,4349,102,130708
QAP,4350,102,130740
QAP,4351,102,130755
QAP,4352,102,130787
QAP,4353,102,130818
QAP,4354,102,130850
QAP,4355,102,130881
QAP,4356,102,130913
QAP,4357,102,130944
QAP,4358,102,130975
QAP,4359,102,131007
QAP,4360,102,131038
QAP,4361,102,131054
QAP,4362,102,131086
QAP,4363,102,131117
QAP,4364,102,131149
QAP,4365,102,131180
QAP,4366,102,131212
QAP,4367,102,131243
QAP,4368,102,131277
QAP,4369,102,131306
QAP,4370,102,131337
QAP,4371,102,131353
QAP,4372,102,131384
QAP,4373,102,131416
QAP,4374,102,131447
QAP,4375,102,131479
QAP,4376,102,131510
QAP,4377,102,131542
QAP,4378,102,131573
QAP,4379,102,131604
QAP,4380,102,131636
QAP,4381,102,131651
QAP,4382,102,131683
QAP,4383,102,131714
QAP,4384,102,131746
QAP,4385,102,131777
QAP,4386,102,131809
QAP,4387,102,131840
QAP,4388,102,131872
QAP,4389,102,131903
QAP,4390,102,131934
QAP,4391,102,131966
QAP,4392,102,131997
QAP,4393,102,132028
QAP,4394,102,132044
QAP,4395,102,132075
QAP,4396,102,132107
QAP,4397,102,132138
QAP,4398,102,132170
QAP,4399,102,132201
QAP,4400,102,132233
QAP,4401,102,132264
QAP,4402,102,132295
QAP,4403,102,132327
QAP,4404,102,132358
QAP,4405,102,132374
QAP,4406,102,132405
QAP,4407,102,132436
QAP,4408,102,132468
QAP,4409,102,132499
QAP,4410,102,132531
QAP,4411,102,132562
QAP,4412,102,132594
QAP,4413,102,132625
QAP,4414,102,132656
QAP,4415,102,132672
QAP,4416,102,132704
QAP,4417,102,132735
QAP,4418,102,132767
QAP,4419,102,132798
QAP,4420,102,132831
QAP,4421,102,132861
QAP,4422,102,132892
QAP,4423,102,132924
QAP,4424,102,132955
QAP,4425,102,132987
QAP,4426,102,133018
QAP,4427,102,133034
QAP,4428,102,133065
QAP,4429,102,133097
QAP,4430,102,133128
QAP,4431,102,133160
QAP,4432,102,133191
QAP,4433,102,133222
QAP,4434,102,133254
QAP,4435,102,133285
QAP,4436,102,133317
QAP,4437,102,133348
QAP,4438,102,133364
QAP,4439,102,133396
QAP,4440,102,133427
QAP,4441,102,133458
QAP,4442,102,133490
QAP,4443,102,133521
QAP,4444,102,133553
QAP,4445,102,133584
QAP,4446,102,133616
QAP,4447,102,133647
QAP,4448,102,133679
QAP,4449,102,133694
QAP,4450,102,133726
QAP,4451,102,133757
QAP,4452,102,133789
QAP,4453,102,133820
QAP,4454,102,133851
QAP,4455,102,133883
QAP,4456,102,133914
QAP,4457,102,133946
QAP,4458,102,133977
QAP,4459,102,134012
QAP,4460,102,134040
QAP,4461,102,134071
QAP,4462,102,134103
QAP,4463,102,134119
QAP,4464,102,134150
QAP,4465,102,134181
QAP,4466,102,134213
QAP,4467,102,134244
QAP,4468,102,134276
QAP,4469,102,134307
QAP,4470,102,134338
QAP,4471,102,134370
QAP,4472,102,134401
QAP,4473,102,134417
QAP,4474,102,134448
QAP,4475,102,134479
QAP,4476,102,134511
QAP,4477,102,134542
QAP,4478,102,134574
QAP,4479,102,134605
QAP,4480,102,134637
QAP,4481,102,134668
QAP,4482,102,134699
QAP,4483,102,134731
QAP,4484,102,134746
QAP,4485,102,134778
QAP,4486,102,134809
QAP,4487,102,134841
QAP,4488,102,134872
QAP,4489,102,134903
QAP,4490,102,134935
QAP,4491,102,134966
QAP,4492,102,134998
QAP,4493,102,135029
QAP,4494,102,135060
QAP,4495,102,135092
QAP,4496,102,135123
QAP,4497,102,135155
QAP,4498,102,135170
QAP,4499,102,135202
QAP,4500,102,135242
QAP,4501,102,135265
QAP,4502,102,135296
QAP,4503,102,135328
QAP,4504,102,135359
QAP,4505,102,135390
QAP,4506,102,135422
QAP,4507,102,135453
QAP,4508,102,135485
QAP,4509,102,135500
QAP,4510,102,135532
QAP,4511,102,135563
QAP,4512,102,135594
QAP,4513,102,135626
QAP,4514,102,135657
QAP,4515,102,135688
QAP,4516,102,135720
QAP,4517,102,135751
QAP,4518,102,135783
QAP,4519,102,135798
QAP,4520,102,135830
QAP,4521,102,135861
QAP,4522,102,135893
QAP,4523,102,135924
QAP,4524,102,135956
QAP,4525,102,135987
QAP,4526,102,136018
QAP,4527,102,136050
QAP,4528,102,136065
QAP,4529,102,136097
QAP,4530,102,136128
QAP,4531,102,136159
QAP,4532,102,136191
QAP,4533,102,136222
QAP,4534,102,136253
QAP,4535,102,136285
QAP,4536,102,136316
QAP,4537,102,136332
QAP,4538,102,136363
QAP,4539,102,136395
QAP,4540,102,136426
QAP,4541,102,136458
QAP,4542,102,136489
QAP,4543,102,136520
QAP,4544,102,136552
QAP,4545,102,136583
QAP,4546,102,136614
QAP,4547,102,136630
QAP,4548,102,136662
QAP,4549,102,136693
QAP,4550,102,136724
QAP,4551,102,136756
QAP,4552,102,136787
QAP,4553,102,136818
QAP,4554,102,136850
QAP,4555,102,136881
QAP,4556,102,136913
QAP,4557,102,136928
QAP,4558,102,136960
QAP,4559,102,136991
QAP,4560,102,137022
QAP,4561,102,137054
QAP,4562,102,137085
QAP,4563,102,137117
QAP,4564,102,137148
QAP,4565,102,137180
QAP,4566,102,137211
QAP,4567,102,137227
QAP,4568,102,137258
QAP,4569,102,137289
QAP,4570,102,137321
QAP,4571,102,137352
QAP,4572,102,137383
QAP,4573,102,137415
QAP,4574,102,137446
QAP,4575,102,137478
QAP,4576,102,137509
QAP,4577,102,137540
QAP,4578,102,137572
QAP,4579,102,137603
QAP,4580,102,137619
QAP,4581,102,137650
QAP,4582,102,137682
QAP,4583,102,137713
QAP,4584,102,137745
QAP,4585,102,137776
QAP,4586,102,137808
QAP,4587,102,137839
QAP,4588,102,137870
QAP,4589,102,137902
QAP,4590,102,137918
QAP,4591,102,137949
QAP,4592,102,137980
QAP,4593,102,138012
QAP,4594,102,138043
QAP,4595,102,138074
QAP,4596,102,138106
QAP,4597,102,138137
QAP,4598,102,138168
QAP,4599,102,138200
QAP,4600,102,138231
QAP,4601,102,138247
QAP,4602,102,138278
QAP,4603,102,138309
QAP,4604,102,138341
QAP,4605,102,138372
QAP,4606,102,138404
QAP,4607,102,138435
QAP,4608,102,138466
QAP,4609,102,138498
QAP,4610,102,138529
QAP,4611,102,138545
QAP,4612,102,138576
QAP,4613,102,138608
QAP,4614,102,138639
QAP,4615,102,138671
QAP,4616,102,138702
QAP,4617,102,138733
QAP,4618,102,138765
QAP,4619,102,138796
QAP,4620,102,138827
QAP,4621,102,138859
QAP,4622,102,138890
QAP,4623,102,138906
QAP,4624,102,138937
QAP,4625,102,138969
QAP,4626,102,139000
QAP,4627,102,139032
QAP,4628,102,139063
QAP,4629,102,139094
QAP,4630,102,139126
QAP,4631,102,139157
QAP,4632,102,139189
QAP,4633,102,139220
QAP,4634,102,139252
QAP,4635,102,139267
QAP,4636,102,139299
QAP,4637,102,139330
QAP,4638,102,139361
QAP,4639,102,139393
QAP,4640,102,139424
QAP,4641,102,139462
QAP,4642,102,139487
QAP,4643,102,139518
QAP,4644,102,139550
QAP,4645,102,139581
QAP,4646,102,139597
QAP,4647,102,139628
QAP,4648,102,139660
QAP,4649,102,139691
QAP,4650,102,139722
QAP,4651,102,139754
QAP,4652,102,139785
QAP,4653,102,139817
QAP,4654,102,139848
QAP,4655,102,139879
QAP,4656,102,139911
QAP,4657,102,139942
QAP,4658,102,139958
QAP,4659,102,139989
QAP,4660,102,140021
QAP,4661,102,140052
QAP,4662,102,140084
QAP,4663,102,140115
QAP,4664,102,140146
QAP,4665,102,140178
QAP,4666,102,140209
QAP,4667,102,140240
QAP,4668,102,140272
QAP,4669,102,140303
QAP,4670,102,140319
QAP,4671,102,140350
QAP,4672,102,140382
QAP,4673,102,140413
QAP,4674,102,140444
QAP,4675,102,140476
QAP,4676,102,140507
QAP,4677,102,140539
QAP,4678,102,140570
QAP,4679,102,140601
QAP,4680,102,140633
QAP,4681,102,140648
QAP,4682,102,140680
QAP,4683,102,140711
QAP,4684,102,140743
QAP,4685,102,140774
QAP,4686,102,140806
QAP,4687,102,140837
QAP,4688,102,140869
QAP,4689,102,140900
QAP,4690,102,140932
QAP,4691,102,140963
QAP,4692,102,140979
QAP,4693,102,141010
QAP,4694,102,141041
QAP,4695,102,141073
QAP,4696,102,141104
QAP,4697,102,141136
QAP,4698,102,141167
QAP,4699,102,141198
QAP,4700,102,141230
QAP,4701,102,141261
QAP,4702,102,141292
QAP,4703,102,141308
QAP,4704,102,141339
QAP,4705,102,141371
QAP,4706,102,141402
QAP,4707,102,141434
QAP,4708,102,141465
QAP,4709,102,141497
QAP,4710,102,141528
QAP,4711,102,141560
QAP,4712,102,141591
QAP,4713,102,141607
QAP,4714,102,141638
QAP,4715,102,141669
QAP,4716,102,141701
QAP,4717,102,141732
QAP,4718,102,141764
QAP,4719,102,141795
QAP,4720,102,141826
QAP,4721,102,141858
QAP,4722,102,141889
QAP,4723,102,141920
QAP,4724,102,141936
QAP,4725,102,141968
QAP,4726,102,141999
QAP,4727,102,142031
QAP,4728,102,142062
QAP,4729,102,142093
QAP,4730,102,142125
QAP,4731,102,142156
QAP,4732,102,142191
QAP,4733,102,142219
QAP,4734,102,142250
QAP,4735,102,142266
QAP,4736,102,142297
QAP,4737,102,142329
QAP,4738,102,142360
QAP,4739,102,142392
QAP,4740,102,142423
QAP,4741,102,142454
QAP,4742,102,142486
QAP,4743,102,142517
QAP,4744,102,142548
QAP,4745,102,142580
QAP,4746,102,142595
QAP,4747,102,142627
QAP,4748,102,142658
QAP,4749,102,142689
QAP,4750,102,142721
QAP,4751,102,142752
QAP,4752,102,142784
QAP,4753,102,142815
QAP,4754,102,142847
QAP,4755,102,142878
QAP,4756,102,142909
QAP,4757,102,142941
QAP,4758,102,142956
QAP,4759,102,142988
QAP,4760,102,143019
QAP,4761,102,143051
QAP,4762,102,143082
QAP,4763,102,143113
QAP,4764,102,143145
QAP,4765,102,143176
QAP,4766,102,143208
QAP,4767,102,143239
QAP,4768,102,143271
QAP,4769,102,143286
QAP,4770,102,143318
QAP,4771,102,143349
QAP,4772,102,143381
QAP,4773,102,143412
QAP,4774,102,143443
QAP,4775,102,143475
QAP,4776,102,143506
QAP,4777,102,143538
QAP,4778,102,143569
QAP,4779,102,143601
QAP,4780,102,143616
QAP,4781,102,143648
QAP,4782,102,143679
QAP,4783,102,143711
QAP,4784,102,143742
QAP,4785,102,143773
QAP,4786,102,143805
QAP,4787,102,143836
QAP,4788,102,143868
QAP,4789,102,143899
QAP,4790,102,143930
QAP,4791,102,143962
QAP,4792,102,143993
QAP,4793,102,144025
QAP,4794,102,144056
QAP,4795,102,144088
QAP,4796,102,144119
QAP,4797,102,144150
QAP,4798,102,144166
QAP,4799,102,144197
QAP,4800,102,144229
QAP,4801,102,144260
QAP,4802,102,144292
QAP,4803,102,144323
QAP,4804,102,144355
QAP,4805,102,144386
QAP,4806,102,144417
QAP,4807,102,144449
QAP,4808,102,144480
QAP,4809,102,144511
QAP,4810,102,144543
QAP,4811,102,144574
QAP,4812,102,144590
QAP,4813,102,144621
QAP,4814,102,144652
QAP,4815,102,144684
QAP,4816,102,144715
QAP,4817,102,144746
QAP,4818,102,144778
QAP,4819,102,144809
QAP,4820,102,144841
QAP,4821,102,144872
QAP,4822,102,144903
QAP,4823,102,144935
QAP,4824,102,144950
QAP,4825,102,144982
QAP,4826,102,145013
QAP,4827,102,145045
QAP,4828,102,145076
QAP,4829,102,145107
QAP,4830,102,145139
QAP,4831,102,145170
QAP,4832,102,145202
QAP,4833,102,145233
QAP,4834,102,145249
QAP,4835,102,145280
QAP,4836,102,145312
QAP,4837,102,145343
QAP,4838,102,145374
QAP,4839,102,145406
QAP,4840,102,145437
QAP,4841,102,145469
QAP,4842,102,145500
QAP,4843,102,145532
QAP,4844,102,145547
QAP,4845,102,145579
QAP,4846,102,145610
QAP,4847,102,145641
QAP,4848,102,145673
QAP,4849,102,145704
QAP,4850,102,145736
QAP,4851,102,145767
QAP,4852,102,145799
QAP,4853,102,145830
QAP,4854,102,145846
QAP,4855,102,145878
QAP,4856,102,145909
QAP,4857,102,145940
QAP,4858,102,145972
QAP,4859,102,146003
QAP,4860,102,146035
QAP,4861,102,146066
QAP,4862,102,146097
QAP,4863,102,146129
QAP,4864,102,146160
QAP,4865,102,146176
QAP,4866,102,146207
QAP,4867,102,146239
QAP,4868,102,146278
QAP,4869,102,146301
QAP,4870,102,146333
QAP,4871,102,146364
QAP,4872,102,146396
QAP,4873,102,146427
QAP,4874,102,146458
QAP,4875,102,146490
QAP,4876,102,146506
QAP,4877,102,146537
QAP,4878,102,146568
QAP,4879,102,146600
QAP,4880,102,146631
QAP,4881,102,146663
QAP,4882,102,146694
QAP,4883,102,146726
QAP,4884,102,146757
QAP,4885,102,146788
QAP,4886,102,146820
QAP,4887,102,146836
QAP,4888,102,146867
QAP,4889,102,146899
QAP,4890,102,146930
QAP,4891,102,146961
QAP,4892,102,146993
QAP,4893,102,147024
QAP,4894,102,147055
QAP,4895,102,147087
QAP,4896,102,147118
QAP,4897,102,147150
QAP,4898,102,147165
QAP,4899,102,147197
QAP,4900,102,147228
QAP,4901,102,147260
QAP,4902,102,147291
QAP,4903,102,147323
QAP,4904,102,147354
QAP,4905,102,147385
QAP,4906,102,147419
QAP,4907,102,147448
QAP,4908,102,147479
QAP,4909,102,147511
QAP,4910,102,147541
QAP,4911,102,147572
QAP,4912,102,147602
QAP,4913,102,147633
QAP,4914,102,147662
QAP,4915,102,147695
QAP,4916,102,147725
QAP,4917,102,147755
QAP,4918,102,147785
QAP,4919,102,147814
QAP,4920,102,147846
QAP,4921,102,147876
QAP,4922,102,147906
QAP,4923,102,147938
QAP,4924,102,147969
QAP,4925,102,147999
QAP,4926,102,148030
QAP,4927,102,148059
QAP,4928,102,148090
QAP,4929,102,148122
QAP,4930,102,148152
QAP,4931,102,148182
QAP,4932,102,148212
QAP,4933,102,148242
QAP,4934,102,148272
QAP,4935,102,148303
QAP,4936,102,148332
QAP,4937,102,148363
QAP,4938,102,148393
QAP,4939,102,148423
QAP,4940,102,148454
QAP,4941,102,148483
QAP,4942,102,148515
QAP,4943,102,148544
QAP,4944,102,148575
QAP,4945,102,148605
QAP,4946,102,148637
QAP,4947,102,148666
QAP,4948,102,148698
QAP,4949,102,148729
QAP,4950,102,148758
QAP,4951,102,148788
QAP,4952,102,148820
QAP,4953,102,148851
QAP,4954,102,148880
QAP,4955,102,148911
QAP,4956,102,148941
QAP,4957,102,148972
QAP,4958,102,149002
QAP,4959,102,149033
QAP,4960,102,149064
QAP,4961,102,149095
QAP,4962,102,149125
QAP,4963,102,149155
QAP,4964,102,149187
QAP,4965,102,149216
QAP,4966,102,149247
QAP,4967,102,149276
QAP,4968,102,149305
QAP,4969,102,149337
QAP,4970,102,149367
QAP,4971,102,149396
QAP,4972,102,149427
QAP,4973,102,149456
QAP,4974,102,149487
QAP,4975,102,149517
QAP,4976,102,149547
QAP,4977,102,149577
QAP,4978,102,149608
QAP,4979,102,149639
QAP,4980,102,149669
QAP,4981,102,149698
QAP,4982,102,149729
QAP,4983,102,149759
QAP,4984,102,149790
QAP,4985,102,149820
QAP,4986,102,149851
QAP,4987,102,149882
QAP,4988,102,149912
QAP,4989,102,149942
QAP,4990,102,149973
QAP,4991,102,150001
QAP,4992,102,150032
QAP,4993,102,150063
QAP,4994,102,150092
QAP,4995,102,150124
QAP,4996,102,150154
QAP,4997,102,150184
QAP,4998,102,150214
QAP,4999,102,150245
