Problem,Generation,BestCost,TimeMS
GPP,0,149,0
GPP,1,148,15
GPP,2,145,31
GPP,3,142,31
GPP,4,142,47
GPP,5,142,62
GPP,6,142,78
GPP,7,142,94
GPP,8,142,94
GPP,9,142,121
GPP,10,142,134
GPP,11,141,146
GPP,12,141,155
GPP,13,139,170
GPP,14,139,170
GPP,15,139,197
GPP,16,135,210
GPP,17,135,221
GPP,18,134,221
GPP,19,134,248
GPP,20,134,261
GPP,21,134,271
GPP,22,134,287
GPP,23,133,299
GPP,24,133,313
GPP,25,133,326
GPP,26,133,339
GPP,27,133,352
GPP,28,133,365
GPP,29,133,377
GPP,30,133,390
GPP,31,133,403
GPP,32,133,416
GPP,33,133,422
GPP,34,133,442
GPP,35,133,455
GPP,36,133,467
GPP,37,133,471
GPP,38,133,492
GPP,39,133,505
GPP,40,133,518
GPP,41,133,521
GPP,42,133,544
GPP,43,133,556
GPP,44,133,561
GPP,45,133,572
GPP,46,133,594
GPP,47,133,607
GPP,48,133,620
GPP,49,132,622
GPP,50,132,645
GPP,51,132,658
GPP,52,132,671
GPP,53,132,671
GPP,54,132,696
GPP,55,132,709
GPP,56,128,721
GPP,57,128,721
GPP,58,128,746
GPP,59,128,759
GPP,60,127,771
GPP,61,127,771
GPP,62,127,797
GPP,63,127,810
GPP,64,127,821
GPP,65,127,821
GPP,66,127,848
GPP,67,127,861
GPP,68,127,871
GPP,69,127,894
GPP,70,127,907
GPP,71,127,920
GPP,72,127,924
GPP,73,127,946
GPP,74,123,958
GPP,75,123,971
GPP,76,123,972
GPP,77,123,987
GPP,78,123,1003
GPP,79,123,1019
GPP,80,123,1035
GPP,81,123,1035
GPP,82,123,1051
GPP,83,123,1066
GPP,84,123,1084
GPP,85,123,1098
GPP,86,123,1098
GPP,87,121,1113
GPP,88,121,1129
GPP,89,121,1145
GPP,90,121,1160
GPP,91,121,1160
GPP,92,121,1176
GPP,93,121,1192
GPP,94,121,1207
GPP,95,121,1223
GPP,96,121,1223
GPP,97,121,1239
GPP,98,121,1254
GPP,99,121,1270
GPP,100,121,1286
GPP,101,121,1286
GPP,102,121,1302
GPP,103,119,1317
GPP,104,119,1333
GPP,105,117,1349
GPP,106,117,1349
GPP,107,117,1364
GPP,108,117,1380
GPP,109,117,1396
GPP,110,117,1411
GPP,111,117,1411
GPP,112,117,1427
GPP,113,117,1443
GPP,114,117,1459
GPP,115,117,1477
GPP,116,117,1482
GPP,117,110,1490
GPP,118,109,1506
GPP,119,109,1522
GPP,120,109,1538
GPP,121,109,1538
GPP,122,109,1553
GPP,123,109,1569
GPP,124,109,1585
GPP,125,109,1601
GPP,126,109,1601
GPP,127,109,1616
GPP,128,109,1632
GPP,129,109,1648
GPP,130,109,1648
GPP,131,109,1663
GPP,132,109,1679
GPP,133,109,1695
GPP,134,109,1710
GPP,135,109,1710
GPP,136,108,1726
GPP,137,108,1742
GPP,138,106,1758
GPP,139,106,1773
GPP,140,106,1773
GPP,141,106,1789
GPP,142,106,1805
GPP,143,106,1821
GPP,144,106,1836
GPP,145,106,1836
GPP,146,106,1852
GPP,147,106,1868
GPP,148,106,1883
GPP,149,106,1899
GPP,150,106,1899
GPP,151,104,1923
GPP,152,104,1930
GPP,153,104,1946
GPP,154,104,1962
GPP,155,104,1962
GPP,156,104,1978
GPP,157,104,1993
GPP,158,104,2009
GPP,159,104,2025
GPP,160,104,2025
GPP,161,104,2041
GPP,162,104,2056
GPP,163,104,2072
GPP,164,104,2088
GPP,165,104,2088
GPP,166,104,2103
GPP,167,104,2119
GPP,168,104,2135
GPP,169,104,2151
GPP,170,104,2151
GPP,171,104,2166
GPP,172,101,2182
GPP,173,101,2198
GPP,174,101,2213
GPP,175,101,2213
GPP,176,101,2229
GPP,177,101,2245
GPP,178,101,2261
GPP,179,101,2261
GPP,180,101,2276
GPP,181,101,2292
GPP,182,101,2307
GPP,183,96,2323
GPP,184,96,2323
GPP,185,96,2339
GPP,186,96,2354
GPP,187,96,2370
GPP,188,96,2386
GPP,189,96,2386
GPP,190,94,2402
GPP,191,94,2417
GPP,192,94,2433
GPP,193,94,2449
GPP,194,94,2449
GPP,195,92,2464
GPP,196,92,2480
GPP,197,92,2496
GPP,198,92,2496
GPP,199,92,2511
GPP,200,90,2527
GPP,201,90,2543
GPP,202,90,2558
GPP,203,90,2558
GPP,204,88,2574
GPP,205,88,2590
GPP,206,88,2605
GPP,207,88,2621
GPP,208,88,2621
GPP,209,88,2637
GPP,210,88,2652
GPP,211,86,2668
GPP,212,86,2684
GPP,213,86,2684
GPP,214,86,2699
GPP,215,86,2715
GPP,216,86,2731
GPP,217,86,2746
GPP,218,86,2746
GPP,219,86,2762
GPP,220,86,2778
GPP,221,86,2794
GPP,222,86,2809
GPP,223,86,2809
GPP,224,86,2825
GPP,225,86,2847
GPP,226,86,2856
GPP,227,86,2872
GPP,228,86,2872
GPP,229,85,2888
GPP,230,85,2903
GPP,231,85,2919
GPP,232,85,2935
GPP,233,85,2935
GPP,234,85,2950
GPP,235,85,2966
GPP,236,85,2982
GPP,237,85,2998
GPP,238,85,2998
GPP,239,85,3013
GPP,240,85,3029
GPP,241,85,3045
GPP,242,85,3045
GPP,243,85,3061
GPP,244,85,3076
GPP,245,85,3092
GPP,246,85,3108
GPP,247,85,3108
GPP,248,85,3123
GPP,249,85,3139
GPP,250,85,3155
GPP,251,84,3170
GPP,252,82,3170
GPP,253,82,3186
GPP,254,80,3202
GPP,255,80,3217
GPP,256,80,3217
GPP,257,80,3233
GPP,258,80,3249
GPP,259,80,3264
GPP,260,80,3280
GPP,261,80,3280
GPP,262,78,3296
GPP,263,78,3312
GPP,264,78,3327
GPP,265,78,3327
GPP,266,78,3343
GPP,267,78,3359
GPP,268,78,3374
GPP,269,78,3390
GPP,270,78,3390
GPP,271,77,3406
GPP,272,77,3421
GPP,273,77,3437
GPP,274,77,3437
GPP,275,77,3453
GPP,276,76,3469
GPP,277,75,3484
GPP,278,75,3500
GPP,279,75,3500
GPP,280,75,3516
GPP,281,73,3531
GPP,282,73,3547
GPP,283,73,3563
GPP,284,73,3563
GPP,285,73,3578
GPP,286,73,3594
GPP,287,73,3610
GPP,288,73,3610
GPP,289,73,3626
GPP,290,73,3641
GPP,291,73,3657
GPP,292,73,3673
GPP,293,73,3673
GPP,294,73,3689
GPP,295,73,3704
GPP,296,73,3720
GPP,297,73,3736
GPP,298,73,3736
GPP,299,73,3751
GPP,300,73,3767
GPP,301,73,3783
GPP,302,73,3799
GPP,303,73,3799
GPP,304,73,3814
GPP,305,73,3830
GPP,306,73,3846
GPP,307,73,3861
GPP,308,73,3861
GPP,309,73,3877
GPP,310,73,3893
GPP,311,73,3909
GPP,312,73,3924
GPP,313,73,3924
GPP,314,73,3940
GPP,315,73,3956
GPP,316,73,3971
GPP,317,73,3987
GPP,318,73,3987
GPP,319,71,4003
GPP,320,71,4018
GPP,321,71,4034
GPP,322,71,4034
GPP,323,69,4050
GPP,324,69,4066
GPP,325,69,4081
GPP,326,69,4097
GPP,327,69,4097
GPP,328,69,4113
GPP,329,69,4128
GPP,330,69,4144
GPP,331,69,4144
GPP,332,69,4160
GPP,333,69,4175
GPP,334,69,4194
GPP,335,69,4199
GPP,336,68,4207
GPP,337,68,4222
GPP,338,67,4238
GPP,339,67,4254
GPP,340,67,4254
GPP,341,65,4269
GPP,342,63,4285
GPP,343,63,4301
GPP,344,63,4301
GPP,345,63,4316
GPP,346,62,4332
GPP,347,62,4348
GPP,348,62,4348
GPP,349,62,4363
GPP,350,61,4379
GPP,351,61,4395
GPP,352,61,4395
GPP,353,61,4411
GPP,354,61,4426
GPP,355,61,4445
GPP,356,61,4450
GPP,357,61,4458
GPP,358,61,4474
GPP,359,61,4489
GPP,360,61,4505
GPP,361,61,4505
GPP,362,61,4521
GPP,363,61,4537
GPP,364,61,4552
GPP,365,61,4552
GPP,366,61,4568
GPP,367,61,4584
GPP,368,61,4599
GPP,369,61,4615
GPP,370,61,4615
GPP,371,61,4631
GPP,372,61,4647
GPP,373,61,4662
GPP,374,61,4662
GPP,375,61,4678
GPP,376,61,4694
GPP,377,61,4709
GPP,378,61,4725
GPP,379,61,4725
GPP,380,61,4741
GPP,381,57,4756
GPP,382,57,4772
GPP,383,57,4788
GPP,384,57,4788
GPP,385,57,4804
GPP,386,57,4819
GPP,387,57,4835
GPP,388,57,4835
GPP,389,57,4851
GPP,390,57,4866
GPP,391,57,4882
GPP,392,57,4882
GPP,393,57,4898
GPP,394,57,4913
GPP,395,57,4929
GPP,396,57,4929
GPP,397,57,4945
GPP,398,57,4961
GPP,399,57,4976
GPP,400,57,4992
GPP,401,57,4992
GPP,402,57,5008
GPP,403,57,5023
GPP,404,57,5039
GPP,405,57,5039
GPP,406,57,5055
GPP,407,55,5071
GPP,408,55,5086
GPP,409,55,5102
GPP,410,55,5102
GPP,411,55,5118
GPP,412,55,5133
GPP,413,55,5149
GPP,414,55,5149
GPP,415,55,5165
GPP,416,53,5180
GPP,417,53,5196
GPP,418,53,5196
GPP,419,53,5212
GPP,420,53,5227
GPP,421,53,5243
GPP,422,53,5243
GPP,423,53,5259
GPP,424,53,5275
GPP,425,53,5290
GPP,426,51,5306
GPP,427,51,5306
GPP,428,51,5322
GPP,429,51,5337
GPP,430,51,5353
GPP,431,51,5353
GPP,432,51,5369
GPP,433,51,5385
GPP,434,51,5400
GPP,435,51,5400
GPP,436,51,5416
GPP,437,51,5432
GPP,438,49,5447
GPP,439,49,5463
GPP,440,49,5463
GPP,441,49,5479
GPP,442,49,5495
GPP,443,49,5510
GPP,444,49,5510
GPP,445,49,5526
GPP,446,49,5542
GPP,447,49,5561
GPP,448,49,5573
GPP,449,49,5573
GPP,450,49,5589
GPP,451,49,5605
GPP,452,49,5620
GPP,453,47,5620
GPP,454,47,5636
GPP,455,47,5652
GPP,456,47,5667
GPP,457,47,5683
GPP,458,47,5683
GPP,459,47,5699
GPP,460,47,5714
GPP,461,45,5730
GPP,462,45,5745
GPP,463,45,5745
GPP,464,45,5761
GPP,465,45,5777
GPP,466,45,5793
GPP,467,45,5793
GPP,468,45,5809
GPP,469,45,5824
GPP,470,45,5840
GPP,471,45,5856
GPP,472,45,5856
GPP,473,43,5871
GPP,474,43,5887
GPP,475,43,5903
GPP,476,43,5903
GPP,477,43,5918
GPP,478,43,5934
GPP,479,43,5950
GPP,480,43,5950
GPP,481,43,5966
GPP,482,43,5981
GPP,483,43,5997
GPP,484,43,6013
GPP,485,43,6013
GPP,486,43,6028
GPP,487,43,6044
GPP,488,43,6060
GPP,489,43,6060
GPP,490,43,6075
GPP,491,43,6091
GPP,492,43,6107
GPP,493,43,6107
GPP,494,43,6123
GPP,495,43,6138
GPP,496,43,6154
GPP,497,43,6154
GPP,498,43,6170
GPP,499,43,6185
GPP,500,43,6201
GPP,501,43,6201
GPP,502,43,6217
GPP,503,43,6232
GPP,504,41,6248
GPP,505,41,6264
GPP,506,41,6264
GPP,507,41,6280
GPP,508,41,6295
GPP,509,41,6311
GPP,510,41,6311
GPP,511,41,6327
GPP,512,41,6343
GPP,513,41,6358
GPP,514,41,6358
GPP,515,41,6374
GPP,516,41,6390
GPP,517,41,6406
GPP,518,41,6406
GPP,519,41,6421
GPP,520,39,6437
GPP,521,39,6453
GPP,522,39,6453
GPP,523,39,6468
GPP,524,39,6484
GPP,525,39,6500
GPP,526,39,6515
GPP,527,39,6515
GPP,528,39,6531
GPP,529,39,6547
GPP,530,39,6563
GPP,531,39,6563
GPP,532,39,6578
GPP,533,39,6594
GPP,534,39,6610
GPP,535,39,6610
GPP,536,39,6625
GPP,537,39,6641
GPP,538,39,6657
GPP,539,39,6672
GPP,540,39,6672
GPP,541,39,6688
GPP,542,39,6704
GPP,543,39,6720
GPP,544,39,6720
GPP,545,39,6735
GPP,546,39,6751
GPP,547,39,6767
GPP,548,39,6767
GPP,549,39,6783
GPP,550,39,6798
GPP,551,39,6814
GPP,552,39,6830
GPP,553,39,6830
GPP,554,39,6845
GPP,555,39,6861
GPP,556,39,6877
GPP,557,39,6877
GPP,558,39,6892
GPP,559,39,6908
GPP,560,39,6926
GPP,561,39,6932
GPP,562,37,6939
GPP,563,37,6955
GPP,564,37,6971
GPP,565,37,6987
GPP,566,37,6987
GPP,567,37,7002
GPP,568,37,7018
GPP,569,37,7034
GPP,570,37,7034
GPP,571,37,7049
GPP,572,37,7065
GPP,573,37,7081
GPP,574,37,7081
GPP,575,37,7096
GPP,576,37,7112
GPP,577,37,7128
GPP,578,37,7144
GPP,579,37,7144
GPP,580,37,7159
GPP,581,37,7175
GPP,582,37,7191
GPP,583,37,7191
GPP,584,37,7206
GPP,585,35,7222
GPP,586,35,7238
GPP,587,35,7238
GPP,588,35,7253
GPP,589,35,7269
GPP,590,35,7285
GPP,591,35,7285
GPP,592,35,7301
GPP,593,35,7316
GPP,594,35,7332
GPP,595,35,7332
GPP,596,35,7348
GPP,597,35,7363
GPP,598,35,7379
GPP,599,35,7395
GPP,600,35,7395
GPP,601,35,7411
GPP,602,35,7426
GPP,603,35,7442
GPP,604,35,7442
GPP,605,35,7458
GPP,606,35,7473
GPP,607,35,7489
GPP,608,35,7489
GPP,609,35,7505
GPP,610,35,7520
GPP,611,35,7536
GPP,612,35,7536
GPP,613,35,7552
GPP,614,35,7567
GPP,615,35,7583
GPP,616,35,7599
GPP,617,35,7599
GPP,618,35,7615
GPP,619,35,7630
GPP,620,35,7646
GPP,621,35,7646
GPP,622,35,7662
GPP,623,35,7677
GPP,624,35,7693
GPP,625,35,7693
GPP,626,35,7709
GPP,627,35,7724
GPP,628,35,7740
GPP,629,35,7740
GPP,630,35,7756
GPP,631,35,7772
GPP,632,35,7787
GPP,633,35,7803
GPP,634,35,7803
GPP,635,35,7819
GPP,636,35,7834
GPP,637,35,7850
GPP,638,35,7850
GPP,639,35,7866
GPP,640,35,7882
GPP,641,35,7897
GPP,642,35,7897
GPP,643,35,7913
GPP,644,35,7929
GPP,645,35,7944
GPP,646,35,7960
GPP,647,35,7960
GPP,648,35,7976
GPP,649,33,7991
GPP,650,33,8007
GPP,651,33,8007
GPP,652,33,8023
GPP,653,33,8038
GPP,654,33,8054
GPP,655,33,8054
GPP,656,33,8070
GPP,657,33,8086
GPP,658,33,8101
GPP,659,33,8101
GPP,660,33,8117
GPP,661,33,8133
GPP,662,33,8148
GPP,663,33,8164
GPP,664,33,8164
GPP,665,33,8180
GPP,666,33,8195
GPP,667,33,8211
GPP,668,33,8211
GPP,669,33,8227
GPP,670,33,8242
GPP,671,33,8258
GPP,672,33,8274
GPP,673,33,8274
GPP,674,33,8297
GPP,675,33,8306
GPP,676,33,8321
GPP,677,33,8321
GPP,678,33,8337
GPP,679,33,8353
GPP,680,33,8368
GPP,681,33,8368
GPP,682,33,8384
GPP,683,33,8400
GPP,684,33,8415
GPP,685,33,8415
GPP,686,33,8431
GPP,687,33,8447
GPP,688,33,8462
GPP,689,33,8478
GPP,690,33,8478
GPP,691,33,8494
GPP,692,33,8509
GPP,693,33,8525
GPP,694,33,8525
GPP,695,33,8541
GPP,696,33,8556
GPP,697,33,8572
GPP,698,33,8572
GPP,699,33,8588
GPP,700,33,8604
GPP,701,33,8619
GPP,702,33,8619
GPP,703,33,8635
GPP,704,33,8651
GPP,705,33,8666
GPP,706,33,8682
GPP,707,33,8682
GPP,708,33,8698
GPP,709,33,8713
GPP,710,33,8729
GPP,711,33,8729
GPP,712,33,8745
GPP,713,33,8760
GPP,714,33,8776
GPP,715,33,8776
GPP,716,33,8792
GPP,717,33,8808
GPP,718,33,8823
GPP,719,33,8823
GPP,720,33,8839
GPP,721,33,8855
GPP,722,33,8871
GPP,723,33,8871
GPP,724,33,8886
GPP,725,33,8902
GPP,726,33,8918
GPP,727,33,8918
GPP,728,33,8934
GPP,729,33,8949
GPP,730,33,8965
GPP,731,33,8965
GPP,732,33,8981
GPP,733,33,8996
GPP,734,33,9012
GPP,735,33,9012
GPP,736,33,9028
GPP,737,33,9043
GPP,738,33,9059
GPP,739,33,9075
GPP,740,33,9075
GPP,741,33,9091
GPP,742,33,9106
GPP,743,33,9122
GPP,744,33,9122
GPP,745,33,9138
GPP,746,33,9153
GPP,747,33,9169
GPP,748,33,9169
GPP,749,33,9185
GPP,750,33,9200
GPP,751,33,9216
GPP,752,33,9232
GPP,753,33,9232
GPP,754,33,9247
GPP,755,33,9263
GPP,756,33,9279
GPP,757,33,9294
GPP,758,33,9294
GPP,759,33,9310
GPP,760,33,9326
GPP,761,33,9341
GPP,762,33,9357
GPP,763,33,9357
GPP,764,33,9373
GPP,765,33,9388
GPP,766,33,9404
GPP,767,33,9404
GPP,768,33,9420
GPP,769,33,9436
GPP,770,33,9456
GPP,771,33,9467
GPP,772,33,9467
GPP,773,33,9483
GPP,774,33,9499
GPP,775,33,9514
GPP,776,33,9530
GPP,777,33,9530
GPP,778,33,9546
GPP,779,33,9562
GPP,780,33,9577
GPP,781,33,9577
GPP,782,33,9593
GPP,783,33,9609
GPP,784,33,9624
GPP,785,33,9640
GPP,786,33,9640
GPP,787,33,9656
GPP,788,33,9672
GPP,789,33,9687
GPP,790,33,9703
GPP,791,33,9703
GPP,792,33,9719
GPP,793,33,9734
GPP,794,33,9750
GPP,795,33,9766
GPP,796,33,9766
GPP,797,33,9782
GPP,798,33,9797
GPP,799,33,9813
GPP,800,33,9813
GPP,801,33,9829
GPP,802,33,9845
GPP,803,33,9860
GPP,804,33,9876
GPP,805,33,9876
GPP,806,33,9892
GPP,807,33,9907
GPP,808,33,9923
GPP,809,33,9923
GPP,810,33,9939
GPP,811,33,9954
GPP,812,33,9970
GPP,813,33,9986
GPP,814,33,9986
GPP,815,33,10001
GPP,816,33,10017
GPP,817,33,10033
GPP,818,33,10049
GPP,819,33,10049
GPP,820,33,10064
GPP,821,33,10080
GPP,822,33,10096
GPP,823,33,10096
GPP,824,33,10112
GPP,825,33,10127
GPP,826,33,10143
GPP,827,33,10143
GPP,828,33,10159
GPP,829,33,10175
GPP,830,33,10190
GPP,831,31,10206
GPP,832,31,10206
GPP,833,31,10222
GPP,834,31,10237
GPP,835,31,10253
GPP,836,31,10253
GPP,837,31,10269
GPP,838,31,10285
GPP,839,31,10300
GPP,840,31,10300
GPP,841,31,10316
GPP,842,31,10331
GPP,843,31,10347
GPP,844,31,10347
GPP,845,31,10363
GPP,846,31,10379
GPP,847,31,10394
GPP,848,31,10394
GPP,849,31,10410
GPP,850,31,10426
GPP,851,31,10441
GPP,852,31,10441
GPP,853,31,10457
GPP,854,31,10473
GPP,855,29,10488
GPP,856,29,10488
GPP,857,29,10504
GPP,858,29,10520
GPP,859,29,10520
GPP,860,29,10535
GPP,861,29,10551
GPP,862,27,10567
GPP,863,27,10583
GPP,864,27,10583
GPP,865,27,10598
GPP,866,27,10614
GPP,867,27,10630
GPP,868,27,10630
GPP,869,27,10645
GPP,870,27,10661
GPP,871,27,10677
GPP,872,27,10677
GPP,873,27,10692
GPP,874,27,10708
GPP,875,27,10724
GPP,876,27,10724
GPP,877,27,10740
GPP,878,27,10755
GPP,879,27,10771
GPP,880,27,10771
GPP,881,27,10787
GPP,882,27,10802
GPP,883,27,10818
GPP,884,27,10834
GPP,885,27,10834
GPP,886,27,10849
GPP,887,27,10865
GPP,888,27,10881
GPP,889,27,10881
GPP,890,27,10897
GPP,891,27,10912
GPP,892,27,10928
GPP,893,27,10944
GPP,894,27,10944
GPP,895,27,10960
GPP,896,27,10975
GPP,897,27,10991
GPP,898,27,11007
GPP,899,27,11015
GPP,900,27,11022
GPP,901,27,11038
GPP,902,27,11054
GPP,903,27,11070
GPP,904,27,11070
GPP,905,27,11085
GPP,906,27,11101
GPP,907,27,11117
GPP,908,27,11117
GPP,909,27,11133
GPP,910,27,11148
GPP,911,27,11164
GPP,912,27,11164
GPP,913,27,11180
GPP,914,27,11196
GPP,915,27,11211
GPP,916,27,11227
GPP,917,27,11227
GPP,918,27,11243
GPP,919,27,11259
GPP,920,27,11274
GPP,921,27,11274
GPP,922,27,11290
GPP,923,27,11306
GPP,924,27,11321
GPP,925,27,11337
GPP,926,27,11337
GPP,927,27,11353
GPP,928,27,11369
GPP,929,27,11384
GPP,930,27,11384
GPP,931,27,11400
GPP,932,27,11416
GPP,933,27,11432
GPP,934,27,11432
GPP,935,27,11447
GPP,936,27,11463
GPP,937,27,11479
GPP,938,27,11479
GPP,939,27,11495
GPP,940,27,11510
GPP,941,27,11526
GPP,942,27,11526
GPP,943,27,11542
GPP,944,27,11557
GPP,945,27,11573
GPP,946,27,11573
GPP,947,27,11589
GPP,948,27,11605
GPP,949,27,11620
GPP,950,27,11620
GPP,951,27,11636
GPP,952,25,11652
GPP,953,25,11667
GPP,954,25,11667
GPP,955,25,11683
GPP,956,25,11699
GPP,957,25,11715
GPP,958,25,11715
GPP,959,25,11730
GPP,960,25,11746
GPP,961,25,11762
GPP,962,25,11762
GPP,963,23,11786
GPP,964,23,11793
GPP,965,23,11809
GPP,966,23,11809
GPP,967,23,11825
GPP,968,23,11840
GPP,969,23,11856
GPP,970,23,11856
GPP,971,23,11872
GPP,972,23,11887
GPP,973,23,11903
GPP,974,23,11903
GPP,975,23,11919
GPP,976,23,11935
GPP,977,23,11950
GPP,978,23,11950
GPP,979,21,11966
GPP,980,21,11982
GPP,981,21,11997
GPP,982,21,12013
GPP,983,21,12013
GPP,984,21,12029
GPP,985,21,12044
GPP,986,21,12060
GPP,987,21,12060
GPP,988,21,12076
GPP,989,21,12092
GPP,990,21,12107
GPP,991,21,12107
GPP,992,21,12123
GPP,993,21,12139
GPP,994,21,12154
GPP,995,21,12170
GPP,996,21,12170
GPP,997,21,12186
GPP,998,21,12202
GPP,999,21,12217
GPP,1000,21,12233
GPP,1001,21,12233
GPP,1002,21,12249
GPP,1003,21,12265
GPP,1004,21,12280
GPP,1005,21,12280
GPP,1006,21,12296
GPP,1007,21,12312
GPP,1008,21,12327
GPP,1009,21,12343
GPP,1010,21,12343
GPP,1011,21,12359
GPP,1012,21,12382
GPP,1013,21,12390
GPP,1014,21,12406
GPP,1015,21,12406
GPP,1016,21,12422
GPP,1017,21,12437
GPP,1018,21,12453
GPP,1019,21,12453
GPP,1020,21,12469
GPP,1021,21,12485
GPP,1022,21,12500
GPP,1023,21,12516
GPP,1024,21,12516
GPP,1025,21,12532
GPP,1026,21,12547
GPP,1027,21,12563
GPP,1028,21,12563
GPP,1029,21,12579
GPP,1030,21,12594
GPP,1031,21,12610
GPP,1032,21,12626
GPP,1033,21,12626
GPP,1034,21,12641
GPP,1035,21,12657
GPP,1036,21,12673
GPP,1037,21,12689
GPP,1038,21,12689
GPP,1039,21,12704
GPP,1040,21,12720
GPP,1041,21,12736
GPP,1042,21,12736
GPP,1043,21,12751
GPP,1044,21,12767
GPP,1045,21,12783
GPP,1046,21,12798
GPP,1047,21,12798
GPP,1048,21,12814
GPP,1049,21,12830
GPP,1050,21,12845
GPP,1051,21,12845
GPP,1052,21,12861
GPP,1053,21,12877
GPP,1054,21,12893
GPP,1055,21,12893
GPP,1056,21,12908
GPP,1057,21,12924
GPP,1058,21,12940
GPP,1059,21,12940
GPP,1060,21,12955
GPP,1061,21,12971
GPP,1062,21,12987
GPP,1063,21,12987
GPP,1064,21,13002
GPP,1065,21,13018
GPP,1066,21,13034
GPP,1067,21,13050
GPP,1068,21,13050
GPP,1069,21,13065
GPP,1070,21,13081
GPP,1071,21,13097
GPP,1072,21,13097
GPP,1073,21,13112
GPP,1074,21,13128
GPP,1075,21,13144
GPP,1076,21,13144
GPP,1077,21,13160
GPP,1078,21,13176
GPP,1079,21,13191
GPP,1080,21,13191
GPP,1081,21,13207
GPP,1082,21,13223
GPP,1083,21,13238
GPP,1084,21,13238
GPP,1085,21,13254
GPP,1086,21,13270
GPP,1087,21,13285
GPP,1088,21,13285
GPP,1089,21,13301
GPP,1090,21,13317
GPP,1091,21,13333
GPP,1092,21,13333
GPP,1093,21,13348
GPP,1094,21,13364
GPP,1095,21,13380
GPP,1096,21,13395
GPP,1097,21,13395
GPP,1098,21,13411
GPP,1099,21,13427
GPP,1100,21,13442
GPP,1101,21,13442
GPP,1102,21,13458
GPP,1103,21,13474
GPP,1104,21,13490
GPP,1105,21,13505
GPP,1106,21,13505
GPP,1107,21,13521
GPP,1108,21,13537
GPP,1109,21,13552
GPP,1110,21,13552
GPP,1111,21,13568
GPP,1112,21,13584
GPP,1113,21,13600
GPP,1114,21,13600
GPP,1115,21,13615
GPP,1116,21,13631
GPP,1117,21,13647
GPP,1118,21,13662
GPP,1119,21,13662
GPP,1120,21,13678
GPP,1121,21,13694
GPP,1122,21,13710
GPP,1123,21,13710
GPP,1124,21,13725
GPP,1125,21,13747
GPP,1126,21,13757
GPP,1127,21,13757
GPP,1128,21,13772
GPP,1129,21,13788
GPP,1130,21,13804
GPP,1131,21,13804
GPP,1132,21,13819
GPP,1133,21,13835
GPP,1134,21,13851
GPP,1135,21,13851
GPP,1136,21,13867
GPP,1137,21,13882
GPP,1138,21,13898
GPP,1139,21,13898
GPP,1140,21,13914
GPP,1141,21,13929
GPP,1142,21,13945
GPP,1143,21,13945
GPP,1144,21,13961
GPP,1145,21,13977
GPP,1146,21,13992
GPP,1147,21,13992
GPP,1148,21,14008
GPP,1149,21,14024
GPP,1150,21,14039
GPP,1151,21,14039
GPP,1152,19,14055
GPP,1153,19,14071
GPP,1154,19,14087
GPP,1155,19,14087
GPP,1156,19,14102
GPP,1157,19,14118
GPP,1158,19,14134
GPP,1159,19,14134
GPP,1160,19,14149
GPP,1161,19,14165
GPP,1162,19,14181
GPP,1163,19,14181
GPP,1164,19,14197
GPP,1165,19,14212
GPP,1166,19,14228
GPP,1167,19,14244
GPP,1168,19,14244
GPP,1169,19,14259
GPP,1170,19,14275
GPP,1171,19,14291
GPP,1172,19,14291
GPP,1173,19,14307
GPP,1174,19,14322
GPP,1175,19,14338
GPP,1176,19,14338
GPP,1177,19,14354
GPP,1178,19,14370
GPP,1179,19,14385
GPP,1180,19,14401
GPP,1181,19,14401
GPP,1182,19,14417
GPP,1183,19,14432
GPP,1184,19,14448
GPP,1185,19,14448
GPP,1186,19,14472
GPP,1187,19,14480
GPP,1188,19,14495
GPP,1189,19,14511
GPP,1190,19,14527
GPP,1191,19,14527
GPP,1192,19,14542
GPP,1193,19,14558
GPP,1194,19,14574
GPP,1195,19,14590
GPP,1196,19,14590
GPP,1197,19,14605
GPP,1198,19,14621
GPP,1199,19,14637
GPP,1200,19,14637
GPP,1201,19,14653
GPP,1202,19,14668
GPP,1203,19,14684
GPP,1204,19,14700
GPP,1205,19,14700
GPP,1206,19,14715
GPP,1207,19,14731
GPP,1208,19,14747
GPP,1209,19,14763
GPP,1210,19,14763
GPP,1211,19,14778
GPP,1212,19,14794
GPP,1213,19,14810
GPP,1214,19,14810
GPP,1215,19,14825
GPP,1216,19,14841
GPP,1217,19,14857
GPP,1218,19,14873
GPP,1219,19,14873
GPP,1220,19,14888
GPP,1221,19,14904
GPP,1222,19,14920
GPP,1223,19,14920
GPP,1224,19,14935
GPP,1225,19,14951
GPP,1226,19,14967
GPP,1227,19,14982
GPP,1228,19,14982
GPP,1229,19,14998
GPP,1230,19,15014
GPP,1231,19,15030
GPP,1232,19,15045
GPP,1233,19,15045
GPP,1234,19,15061
GPP,1235,19,15077
GPP,1236,19,15093
GPP,1237,19,15093
GPP,1238,19,15116
GPP,1239,19,15124
GPP,1240,19,15140
GPP,1241,19,15155
GPP,1242,19,15155
GPP,1243,19,15171
GPP,1244,19,15187
GPP,1245,19,15203
GPP,1246,19,15218
GPP,1247,19,15218
GPP,1248,19,15234
GPP,1249,19,15250
GPP,1250,19,15266
GPP,1251,19,15266
GPP,1252,19,15281
GPP,1253,19,15297
GPP,1254,19,15313
GPP,1255,19,15330
GPP,1256,19,15342
GPP,1257,19,15355
GPP,1258,19,15368
GPP,1259,19,15381
GPP,1260,19,15393
GPP,1261,19,15407
GPP,1262,19,15418
GPP,1263,19,15432
GPP,1264,19,15444
GPP,1265,19,15457
GPP,1266,19,15469
GPP,1267,19,15481
GPP,1268,19,15495
GPP,1269,19,15506
GPP,1270,19,15518
GPP,1271,19,15532
GPP,1272,19,15546
GPP,1273,19,15559
GPP,1274,19,15571
GPP,1275,19,15583
GPP,1276,19,15594
GPP,1277,19,15608
GPP,1278,19,15620
GPP,1279,19,15633
GPP,1280,19,15645
GPP,1281,19,15657
GPP,1282,19,15670
GPP,1283,19,15682
GPP,1284,19,15695
GPP,1285,19,15707
GPP,1286,19,15719
GPP,1287,19,15732
GPP,1288,19,15744
GPP,1289,19,15756
GPP,1290,19,15768
GPP,1291,19,15781
GPP,1292,19,15794
GPP,1293,19,15805
GPP,1294,19,15818
GPP,1295,19,15831
GPP,1296,19,15843
GPP,1297,19,15856
GPP,1298,19,15868
GPP,1299,19,15880
GPP,1300,19,15894
GPP,1301,19,15905
GPP,1302,19,15918
GPP,1303,19,15930
GPP,1304,19,15942
GPP,1305,19,15955
GPP,1306,19,15966
GPP,1307,19,15979
GPP,1308,19,15990
GPP,1309,19,16002
GPP,1310,19,16016
GPP,1311,19,16027
GPP,1312,19,16040
GPP,1313,19,16051
GPP,1314,19,16062
GPP,1315,19,16075
GPP,1316,19,16086
GPP,1317,19,16098
GPP,1318,19,16110
GPP,1319,19,16123
GPP,1320,19,16135
GPP,1321,19,16145
GPP,1322,19,16158
GPP,1323,19,16169
GPP,1324,19,16182
GPP,1325,19,16194
GPP,1326,19,16205
GPP,1327,19,16217
GPP,1328,19,16229
GPP,1329,19,16241
GPP,1330,19,16252
GPP,1331,19,16265
GPP,1332,19,16275
GPP,1333,19,16287
GPP,1334,19,16298
GPP,1335,19,16311
GPP,1336,19,16322
GPP,1337,19,16334
GPP,1338,19,16345
GPP,1339,19,16357
GPP,1340,19,16370
GPP,1341,19,16382
GPP,1342,19,16395
GPP,1343,19,16405
GPP,1344,19,16417
GPP,1345,19,16430
GPP,1346,19,16441
GPP,1347,19,16454
GPP,1348,19,16466
GPP,1349,19,16478
GPP,1350,19,16490
GPP,1351,19,16506
GPP,1352,19,16506
GPP,1353,19,16521
GPP,1354,19,16537
GPP,1355,19,16553
GPP,1356,19,16568
GPP,1357,19,16568
GPP,1358,19,16584
GPP,1359,19,16600
GPP,1360,19,16615
GPP,1361,19,16631
GPP,1362,19,16631
GPP,1363,19,16647
GPP,1364,19,16663
GPP,1365,19,16678
GPP,1366,19,16694
GPP,1367,19,16694
GPP,1368,19,16710
GPP,1369,19,16725
GPP,1370,19,16741
GPP,1371,19,16757
GPP,1372,19,16757
GPP,1373,19,16772
GPP,1374,19,16788
GPP,1375,19,16804
GPP,1376,19,16819
GPP,1377,19,16819
GPP,1378,19,16835
GPP,1379,19,16851
GPP,1380,19,16866
GPP,1381,19,16882
GPP,1382,19,16898
GPP,1383,19,16898
GPP,1384,19,16914
GPP,1385,19,16929
GPP,1386,19,16945
GPP,1387,19,16961
GPP,1388,19,16961
GPP,1389,19,16977
GPP,1390,19,16992
GPP,1391,19,17008
GPP,1392,19,17024
GPP,1393,19,17039
GPP,1394,19,17039
GPP,1395,19,17055
GPP,1396,19,17071
GPP,1397,19,17086
GPP,1398,19,17102
GPP,1399,19,17102
GPP,1400,19,17118
GPP,1401,19,17134
GPP,1402,19,17149
GPP,1403,19,17165
GPP,1404,19,17165
GPP,1405,19,17181
GPP,1406,19,17196
GPP,1407,19,17212
GPP,1408,19,17228
GPP,1409,19,17228
GPP,1410,19,17244
GPP,1411,19,17259
GPP,1412,19,17275
GPP,1413,19,17291
GPP,1414,19,17291
GPP,1415,19,17306
GPP,1416,19,17322
GPP,1417,19,17338
GPP,1418,19,17353
GPP,1419,19,17353
GPP,1420,19,17369
GPP,1421,19,17385
GPP,1422,19,17400
GPP,1423,19,17416
GPP,1424,19,17432
GPP,1425,19,17432
GPP,1426,19,17447
GPP,1427,19,17463
GPP,1428,19,17479
GPP,1429,19,17479
GPP,1430,19,17494
GPP,1431,19,17510
GPP,1432,19,17526
GPP,1433,19,17541
GPP,1434,19,17541
GPP,1435,19,17557
GPP,1436,19,17573
GPP,1437,19,17588
GPP,1438,19,17604
GPP,1439,19,17604
GPP,1440,19,17620
GPP,1441,19,17636
GPP,1442,19,17651
GPP,1443,19,17667
GPP,1444,19,17667
GPP,1445,19,17683
GPP,1446,19,17699
GPP,1447,19,17715
GPP,1448,19,17730
GPP,1449,19,17730
GPP,1450,19,17746
GPP,1451,19,17762
GPP,1452,19,17777
GPP,1453,19,17793
GPP,1454,19,17809
GPP,1455,19,17809
GPP,1456,19,17832
GPP,1457,19,17840
GPP,1458,19,17856
GPP,1459,19,17872
GPP,1460,19,17872
GPP,1461,19,17887
GPP,1462,19,17903
GPP,1463,19,17919
GPP,1464,19,17934
GPP,1465,19,17934
GPP,1466,19,17950
GPP,1467,19,17966
GPP,1468,19,17982
GPP,1469,19,17997
GPP,1470,19,17997
GPP,1471,19,18013
GPP,1472,19,18029
GPP,1473,19,18045
GPP,1474,19,18060
GPP,1475,19,18076
GPP,1476,19,18076
GPP,1477,19,18092
GPP,1478,19,18107
GPP,1479,19,18123
GPP,1480,19,18139
GPP,1481,19,18139
GPP,1482,19,18154
GPP,1483,19,18170
GPP,1484,19,18186
GPP,1485,19,18201
GPP,1486,19,18217
GPP,1487,19,18217
GPP,1488,19,18233
GPP,1489,19,18248
GPP,1490,19,18264
GPP,1491,19,18280
GPP,1492,19,18280
GPP,1493,19,18295
GPP,1494,19,18311
GPP,1495,19,18327
GPP,1496,19,18342
GPP,1497,19,18342
GPP,1498,19,18358
GPP,1499,19,18374
GPP,1500,19,18390
GPP,1501,19,18405
GPP,1502,19,18405
GPP,1503,19,18421
GPP,1504,19,18437
GPP,1505,19,18452
GPP,1506,19,18468
GPP,1507,19,18468
GPP,1508,19,18484
GPP,1509,19,18499
GPP,1510,19,18515
GPP,1511,19,18531
GPP,1512,19,18531
GPP,1513,19,18546
GPP,1514,19,18562
GPP,1515,19,18578
GPP,1516,19,18594
GPP,1517,19,18594
GPP,1518,19,18609
GPP,1519,19,18625
GPP,1520,19,18641
GPP,1521,19,18657
GPP,1522,19,18657
GPP,1523,19,18672
GPP,1524,19,18688
GPP,1525,19,18704
GPP,1526,19,18719
GPP,1527,19,18719
GPP,1528,19,18735
GPP,1529,19,18751
GPP,1530,19,18766
GPP,1531,19,18766
GPP,1532,19,18782
GPP,1533,19,18798
GPP,1534,19,18813
GPP,1535,19,18829
GPP,1536,19,18829
GPP,1537,19,18845
GPP,1538,19,18860
GPP,1539,19,18876
GPP,1540,19,18892
GPP,1541,19,18908
GPP,1542,19,18908
GPP,1543,19,18923
GPP,1544,19,18939
GPP,1545,19,18955
GPP,1546,19,18955
GPP,1547,19,18970
GPP,1548,19,18986
GPP,1549,19,19006
GPP,1550,19,19018
GPP,1551,19,19033
GPP,1552,19,19033
GPP,1553,19,19049
GPP,1554,19,19065
GPP,1555,19,19080
GPP,1556,19,19096
GPP,1557,19,19112
GPP,1558,19,19112
GPP,1559,19,19128
GPP,1560,19,19143
GPP,1561,19,19159
GPP,1562,19,19175
GPP,1563,19,19175
GPP,1564,19,19199
GPP,1565,19,19206
GPP,1566,19,19222
GPP,1567,19,19238
GPP,1568,19,19238
GPP,1569,19,19253
GPP,1570,19,19269
GPP,1571,19,19285
GPP,1572,19,19300
GPP,1573,19,19300
GPP,1574,19,19316
GPP,1575,19,19332
GPP,1576,19,19347
GPP,1577,19,19363
GPP,1578,19,19363
GPP,1579,19,19379
GPP,1580,19,19394
GPP,1581,19,19410
GPP,1582,19,19426
GPP,1583,19,19426
GPP,1584,19,19442
GPP,1585,19,19457
GPP,1586,19,19478
GPP,1587,19,19489
GPP,1588,19,19489
GPP,1589,19,19505
GPP,1590,19,19520
GPP,1591,19,19536
GPP,1592,19,19552
GPP,1593,19,19552
GPP,1594,19,19567
GPP,1595,19,19583
GPP,1596,19,19599
GPP,1597,19,19615
GPP,1598,19,19615
GPP,1599,19,19630
GPP,1600,19,19646
GPP,1601,19,19661
GPP,1602,19,19677
GPP,1603,19,19677
GPP,1604,19,19693
GPP,1605,19,19709
GPP,1606,19,19724
GPP,1607,19,19740
GPP,1608,19,19740
GPP,1609,19,19756
GPP,1610,19,19772
GPP,1611,19,19787
GPP,1612,19,19787
GPP,1613,19,19803
GPP,1614,19,19819
GPP,1615,19,19835
GPP,1616,19,19850
GPP,1617,19,19850
GPP,1618,19,19866
GPP,1619,19,19882
GPP,1620,19,19898
GPP,1621,19,19913
GPP,1622,19,19913
GPP,1623,19,19929
GPP,1624,19,19945
GPP,1625,19,19961
GPP,1626,19,19976
GPP,1627,19,19992
GPP,1628,19,19992
GPP,1629,19,20008
GPP,1630,19,20023
GPP,1631,19,20039
GPP,1632,19,20055
GPP,1633,19,20055
GPP,1634,19,20070
GPP,1635,19,20086
GPP,1636,19,20102
GPP,1637,19,20118
GPP,1638,19,20118
GPP,1639,19,20133
GPP,1640,19,20149
GPP,1641,19,20165
GPP,1642,19,20180
GPP,1643,19,20180
GPP,1644,19,20196
GPP,1645,19,20212
GPP,1646,19,20228
GPP,1647,19,20243
GPP,1648,19,20243
GPP,1649,19,20259
GPP,1650,19,20275
GPP,1651,19,20290
GPP,1652,19,20306
GPP,1653,19,20306
GPP,1654,19,20322
GPP,1655,19,20338
GPP,1656,19,20353
GPP,1657,19,20369
GPP,1658,19,20369
GPP,1659,19,20385
GPP,1660,19,20400
GPP,1661,19,20416
GPP,1662,19,20432
GPP,1663,19,20432
GPP,1664,19,20448
GPP,1665,19,20463
GPP,1666,19,20479
GPP,1667,19,20495
GPP,1668,19,20495
GPP,1669,19,20511
GPP,1670,19,20526
GPP,1671,19,20542
GPP,1672,19,20559
GPP,1673,19,20566
GPP,1674,19,20573
GPP,1675,19,20589
GPP,1676,19,20605
GPP,1677,19,20620
GPP,1678,19,20620
GPP,1679,19,20636
GPP,1680,19,20652
GPP,1681,19,20667
GPP,1682,19,20683
GPP,1683,19,20683
GPP,1684,19,20699
GPP,1685,19,20715
GPP,1686,19,20730
GPP,1687,19,20746
GPP,1688,19,20746
GPP,1689,19,20762
GPP,1690,19,20777
GPP,1691,19,20793
GPP,1692,19,20809
GPP,1693,19,20809
GPP,1694,19,20824
GPP,1695,19,20840
GPP,1696,19,20856
GPP,1697,19,20872
GPP,1698,19,20872
GPP,1699,19,20887
GPP,1700,19,20903
GPP,1701,19,20919
GPP,1702,19,20934
GPP,1703,19,20934
GPP,1704,19,20950
GPP,1705,19,20966
GPP,1706,19,20983
GPP,1707,19,20997
GPP,1708,19,20997
GPP,1709,19,21013
GPP,1710,19,21029
GPP,1711,19,21044
GPP,1712,19,21060
GPP,1713,19,21076
GPP,1714,19,21076
GPP,1715,19,21092
GPP,1716,19,21107
GPP,1717,19,21123
GPP,1718,19,21139
GPP,1719,19,21139
GPP,1720,19,21154
GPP,1721,19,21170
GPP,1722,19,21186
GPP,1723,19,21201
GPP,1724,19,21217
GPP,1725,19,21217
GPP,1726,19,21233
GPP,1727,19,21248
GPP,1728,19,21264
GPP,1729,19,21280
GPP,1730,19,21280
GPP,1731,19,21295
GPP,1732,19,21311
GPP,1733,19,21327
GPP,1734,19,21343
GPP,1735,19,21343
GPP,1736,19,21358
GPP,1737,19,21374
GPP,1738,19,21390
GPP,1739,19,21405
GPP,1740,19,21405
GPP,1741,19,21421
GPP,1742,19,21437
GPP,1743,19,21452
GPP,1744,19,21468
GPP,1745,19,21484
GPP,1746,19,21484
GPP,1747,19,21499
GPP,1748,19,21515
GPP,1749,19,21531
GPP,1750,19,21547
GPP,1751,19,21547
GPP,1752,19,21562
GPP,1753,19,21578
GPP,1754,19,21594
GPP,1755,19,21609
GPP,1756,19,21609
GPP,1757,19,21625
GPP,1758,19,21641
GPP,1759,19,21657
GPP,1760,19,21672
GPP,1761,19,21672
GPP,1762,19,21688
GPP,1763,19,21704
GPP,1764,19,21719
GPP,1765,19,21735
GPP,1766,19,21735
GPP,1767,19,21751
GPP,1768,19,21767
GPP,1769,19,21782
GPP,1770,19,21798
GPP,1771,19,21798
GPP,1772,19,21814
GPP,1773,19,21829
GPP,1774,19,21845
GPP,1775,19,21861
GPP,1776,19,21861
GPP,1777,19,21876
GPP,1778,19,21892
GPP,1779,19,21908
GPP,1780,19,21926
GPP,1781,19,21939
GPP,1782,19,21939
GPP,1783,19,21955
GPP,1784,19,21971
GPP,1785,19,21986
GPP,1786,19,22002
GPP,1787,19,22002
GPP,1788,19,22018
GPP,1789,19,22034
GPP,1790,19,22049
GPP,1791,19,22065
GPP,1792,19,22065
GPP,1793,19,22081
GPP,1794,19,22096
GPP,1795,19,22112
GPP,1796,19,22128
GPP,1797,19,22128
GPP,1798,19,22143
GPP,1799,19,22159
GPP,1800,19,22175
GPP,1801,19,22191
GPP,1802,19,22191
GPP,1803,19,22206
GPP,1804,19,22222
GPP,1805,19,22238
GPP,1806,19,22254
GPP,1807,19,22254
GPP,1808,19,22269
GPP,1809,19,22285
GPP,1810,19,22301
GPP,1811,19,22316
GPP,1812,19,22332
GPP,1813,19,22332
GPP,1814,19,22348
GPP,1815,19,22363
GPP,1816,19,22379
GPP,1817,19,22379
GPP,1818,19,22395
GPP,1819,19,22410
GPP,1820,19,22426
GPP,1821,19,22442
GPP,1822,19,22457
GPP,1823,19,22457
GPP,1824,19,22473
GPP,1825,19,22489
GPP,1826,19,22505
GPP,1827,19,22520
GPP,1828,19,22520
GPP,1829,19,22536
GPP,1830,19,22552
GPP,1831,19,22567
GPP,1832,19,22583
GPP,1833,19,22583
GPP,1834,19,22599
GPP,1835,19,22614
GPP,1836,19,22630
GPP,1837,19,22646
GPP,1838,19,22646
GPP,1839,19,22662
GPP,1840,19,22677
GPP,1841,19,22693
GPP,1842,19,22693
GPP,1843,19,22709
GPP,1844,19,22724
GPP,1845,19,22740
GPP,1846,19,22756
GPP,1847,19,22771
GPP,1848,19,22771
GPP,1849,19,22787
GPP,1850,19,22803
GPP,1851,19,22818
GPP,1852,19,22818
GPP,1853,19,22834
GPP,1854,19,22850
GPP,1855,19,22865
GPP,1856,19,22881
GPP,1857,19,22881
GPP,1858,19,22897
GPP,1859,19,22912
GPP,1860,19,22928
GPP,1861,19,22944
GPP,1862,19,22960
GPP,1863,19,22960
GPP,1864,19,22975
GPP,1865,19,22991
GPP,1866,19,23007
GPP,1867,19,23022
GPP,1868,19,23022
GPP,1869,19,23038
GPP,1870,19,23054
GPP,1871,19,23070
GPP,1872,19,23085
GPP,1873,19,23085
GPP,1874,19,23101
GPP,1875,19,23117
GPP,1876,19,23132
GPP,1877,19,23148
GPP,1878,19,23148
GPP,1879,19,23164
GPP,1880,19,23179
GPP,1881,19,23195
GPP,1882,19,23211
GPP,1883,19,23211
GPP,1884,19,23226
GPP,1885,19,23242
GPP,1886,19,23258
GPP,1887,19,23273
GPP,1888,19,23273
GPP,1889,19,23297
GPP,1890,19,23305
GPP,1891,19,23321
GPP,1892,19,23336
GPP,1893,19,23336
GPP,1894,19,23352
GPP,1895,19,23368
GPP,1896,19,23384
GPP,1897,19,23399
GPP,1898,19,23399
GPP,1899,19,23415
GPP,1900,19,23431
GPP,1901,19,23446
GPP,1902,19,23462
GPP,1903,19,23462
GPP,1904,19,23478
GPP,1905,19,23493
GPP,1906,19,23509
GPP,1907,19,23525
GPP,1908,19,23541
GPP,1909,19,23541
GPP,1910,19,23556
GPP,1911,19,23572
GPP,1912,19,23588
GPP,1913,19,23603
GPP,1914,19,23603
GPP,1915,19,23619
GPP,1916,19,23635
GPP,1917,19,23651
GPP,1918,19,23651
GPP,1919,19,23666
GPP,1920,19,23682
GPP,1921,19,23698
GPP,1922,19,23714
GPP,1923,19,23714
GPP,1924,19,23729
GPP,1925,19,23745
GPP,1926,19,23761
GPP,1927,19,23776
GPP,1928,19,23776
GPP,1929,19,23792
GPP,1930,19,23808
GPP,1931,19,23824
GPP,1932,19,23839
GPP,1933,19,23839
GPP,1934,19,23855
GPP,1935,19,23871
GPP,1936,19,23886
GPP,1937,19,23902
GPP,1938,19,23902
GPP,1939,19,23918
GPP,1940,19,23934
GPP,1941,19,23949
GPP,1942,19,23965
GPP,1943,19,23965
GPP,1944,19,23981
GPP,1945,19,23996
GPP,1946,19,24012
GPP,1947,19,24028
GPP,1948,19,24028
GPP,1949,19,24043
GPP,1950,19,24059
GPP,1951,19,24075
GPP,1952,19,24090
GPP,1953,19,24106
GPP,1954,19,24106
GPP,1955,19,24122
GPP,1956,19,24137
GPP,1957,19,24153
GPP,1958,19,24169
GPP,1959,19,24169
GPP,1960,19,24184
GPP,1961,19,24200
GPP,1962,19,24216
GPP,1963,19,24231
GPP,1964,19,24231
GPP,1965,19,24247
GPP,1966,19,24263
GPP,1967,19,24278
GPP,1968,19,24294
GPP,1969,19,24294
GPP,1970,19,24310
GPP,1971,19,24325
GPP,1972,19,24341
GPP,1973,19,24357
GPP,1974,19,24357
GPP,1975,19,24373
GPP,1976,19,24388
GPP,1977,19,24404
GPP,1978,19,24420
GPP,1979,19,24420
GPP,1980,19,24436
GPP,1981,19,24451
GPP,1982,19,24467
GPP,1983,19,24484
GPP,1984,19,24491
GPP,1985,19,24498
GPP,1986,19,24514
GPP,1987,19,24530
GPP,1988,19,24546
GPP,1989,19,24546
GPP,1990,19,24561
GPP,1991,19,24577
GPP,1992,19,24593
GPP,1993,19,24608
GPP,1994,19,24624
GPP,1995,19,24624
GPP,1996,19,24640
GPP,1997,19,24655
GPP,1998,19,24671
GPP,1999,19,24671
GPP,2000,19,24687
GPP,2001,19,24702
GPP,2002,19,24718
GPP,2003,19,24734
GPP,2004,19,24734
GPP,2005,19,24749
GPP,2006,19,24765
GPP,2007,19,24781
GPP,2008,19,24796
GPP,2009,19,24812
GPP,2010,19,24812
GPP,2011,19,24828
GPP,2012,19,24844
GPP,2013,19,24859
GPP,2014,19,24875
GPP,2015,19,24891
GPP,2016,19,24891
GPP,2017,19,24907
GPP,2018,19,24923
GPP,2019,19,24938
GPP,2020,19,24954
GPP,2021,19,24954
GPP,2022,19,24970
GPP,2023,19,24986
GPP,2024,19,25001
GPP,2025,19,25017
GPP,2026,19,25033
GPP,2027,19,25033
GPP,2028,19,25048
GPP,2029,19,25064
GPP,2030,19,25080
GPP,2031,19,25095
GPP,2032,19,25111
GPP,2033,19,25111
GPP,2034,19,25127
GPP,2035,19,25142
GPP,2036,19,25158
GPP,2037,19,25174
GPP,2038,19,25174
GPP,2039,19,25190
GPP,2040,19,25205
GPP,2041,19,25221
GPP,2042,19,25237
GPP,2043,19,25237
GPP,2044,19,25252
GPP,2045,19,25268
GPP,2046,19,25284
GPP,2047,19,25300
GPP,2048,19,25300
GPP,2049,19,25315
GPP,2050,19,25331
GPP,2051,19,25347
GPP,2052,19,25363
GPP,2053,19,25363
GPP,2054,19,25378
GPP,2055,19,25394
GPP,2056,19,25410
GPP,2057,19,25425
GPP,2058,19,25425
GPP,2059,19,25441
GPP,2060,19,25457
GPP,2061,19,25472
GPP,2062,19,25488
GPP,2063,19,25488
GPP,2064,19,25504
GPP,2065,19,25520
GPP,2066,19,25535
GPP,2067,19,25551
GPP,2068,19,25551
GPP,2069,19,25567
GPP,2070,19,25582
GPP,2071,19,25598
GPP,2072,19,25614
GPP,2073,19,25614
GPP,2074,19,25630
GPP,2075,19,25645
GPP,2076,19,25661
GPP,2077,19,25677
GPP,2078,19,25677
GPP,2079,19,25692
GPP,2080,19,25708
GPP,2081,19,25724
GPP,2082,19,25740
GPP,2083,19,25740
GPP,2084,19,25755
GPP,2085,19,25771
GPP,2086,19,25787
GPP,2087,19,25803
GPP,2088,19,25803
GPP,2089,19,25818
GPP,2090,19,25834
GPP,2091,19,25850
GPP,2092,19,25865
GPP,2093,19,25865
GPP,2094,19,25881
GPP,2095,19,25897
GPP,2096,19,25912
GPP,2097,19,25928
GPP,2098,19,25928
GPP,2099,19,25944
GPP,2100,19,25959
GPP,2101,19,25975
GPP,2102,19,25991
GPP,2103,19,25991
GPP,2104,19,26015
GPP,2105,19,26022
GPP,2106,19,26038
GPP,2107,19,26054
GPP,2108,19,26054
GPP,2109,19,26069
GPP,2110,19,26085
GPP,2111,19,26101
GPP,2112,19,26117
GPP,2113,19,26117
GPP,2114,19,26132
GPP,2115,19,26148
GPP,2116,19,26164
GPP,2117,19,26179
GPP,2118,19,26179
GPP,2119,19,26195
GPP,2120,19,26211
GPP,2121,19,26226
GPP,2122,19,26242
GPP,2123,19,26242
GPP,2124,19,26258
GPP,2125,19,26273
GPP,2126,19,26289
GPP,2127,19,26305
GPP,2128,19,26320
GPP,2129,19,26320
GPP,2130,19,26336
GPP,2131,19,26352
GPP,2132,19,26368
GPP,2133,19,26383
GPP,2134,19,26383
GPP,2135,19,26399
GPP,2136,19,26415
GPP,2137,19,26430
GPP,2138,19,26430
GPP,2139,19,26446
GPP,2140,19,26462
GPP,2141,19,26477
GPP,2142,19,26493
GPP,2143,19,26493
GPP,2144,19,26509
GPP,2145,19,26524
GPP,2146,19,26540
GPP,2147,19,26556
GPP,2148,19,26571
GPP,2149,19,26571
GPP,2150,19,26587
GPP,2151,19,26603
GPP,2152,19,26619
GPP,2153,19,26634
GPP,2154,19,26634
GPP,2155,19,26650
GPP,2156,19,26666
GPP,2157,19,26681
GPP,2158,19,26697
GPP,2159,19,26697
GPP,2160,19,26713
GPP,2161,19,26728
GPP,2162,19,26744
GPP,2163,19,26760
GPP,2164,19,26760
GPP,2165,19,26775
GPP,2166,19,26791
GPP,2167,19,26807
GPP,2168,19,26822
GPP,2169,19,26822
GPP,2170,19,26838
GPP,2171,19,26854
GPP,2172,19,26869
GPP,2173,19,26885
GPP,2174,19,26885
GPP,2175,19,26901
GPP,2176,19,26916
GPP,2177,19,26932
GPP,2178,19,26948
GPP,2179,19,26948
GPP,2180,19,26963
GPP,2181,19,26979
GPP,2182,19,26995
GPP,2183,19,27011
GPP,2184,19,27011
GPP,2185,19,27026
GPP,2186,19,27042
GPP,2187,19,27058
GPP,2188,19,27073
GPP,2189,19,27073
GPP,2190,19,27089
GPP,2191,19,27105
GPP,2192,19,27120
GPP,2193,19,27136
GPP,2194,19,27136
GPP,2195,19,27152
GPP,2196,19,27167
GPP,2197,19,27183
GPP,2198,19,27199
GPP,2199,19,27199
GPP,2200,19,27215
GPP,2201,19,27230
GPP,2202,19,27246
GPP,2203,19,27262
GPP,2204,19,27262
GPP,2205,19,27277
GPP,2206,19,27293
GPP,2207,19,27309
GPP,2208,19,27325
GPP,2209,19,27325
GPP,2210,19,27340
GPP,2211,19,27356
GPP,2212,19,27377
GPP,2213,19,27387
GPP,2214,19,27387
GPP,2215,19,27403
GPP,2216,19,27419
GPP,2217,19,27435
GPP,2218,19,27450
GPP,2219,19,27450
GPP,2220,19,27466
GPP,2221,19,27482
GPP,2222,19,27498
GPP,2223,19,27513
GPP,2224,19,27513
GPP,2225,19,27529
GPP,2226,19,27545
GPP,2227,19,27560
GPP,2228,19,27576
GPP,2229,19,27576
GPP,2230,19,27592
GPP,2231,19,27608
GPP,2232,19,27624
GPP,2233,19,27639
GPP,2234,19,27639
GPP,2235,19,27655
GPP,2236,19,27671
GPP,2237,19,27686
GPP,2238,19,27702
GPP,2239,19,27702
GPP,2240,19,27718
GPP,2241,19,27733
GPP,2242,19,27749
GPP,2243,19,27765
GPP,2244,19,27780
GPP,2245,19,27780
GPP,2246,19,27796
GPP,2247,19,27812
GPP,2248,19,27827
GPP,2249,19,27843
GPP,2250,19,27843
GPP,2251,19,27859
GPP,2252,19,27875
GPP,2253,19,27890
GPP,2254,19,27906
GPP,2255,19,27906
GPP,2256,19,27922
GPP,2257,19,27937
GPP,2258,19,27953
GPP,2259,19,27969
GPP,2260,19,27969
GPP,2261,19,27985
GPP,2262,19,28006
GPP,2263,19,28016
GPP,2264,19,28032
GPP,2265,19,28032
GPP,2266,19,28047
GPP,2267,19,28063
GPP,2268,19,28079
GPP,2269,19,28094
GPP,2270,19,28094
GPP,2271,19,28110
GPP,2272,19,28126
GPP,2273,19,28141
GPP,2274,19,28157
GPP,2275,19,28157
GPP,2276,19,28173
GPP,2277,19,28188
GPP,2278,19,28204
GPP,2279,19,28220
GPP,2280,19,28236
GPP,2281,19,28236
GPP,2282,19,28251
GPP,2283,19,28267
GPP,2284,19,28283
GPP,2285,19,28298
GPP,2286,19,28298
GPP,2287,19,28314
GPP,2288,19,28330
GPP,2289,19,28346
GPP,2290,19,28361
GPP,2291,19,28361
GPP,2292,19,28377
GPP,2293,19,28393
GPP,2294,19,28408
GPP,2295,19,28424
GPP,2296,19,28424
GPP,2297,19,28440
GPP,2298,19,28455
GPP,2299,19,28471
GPP,2300,19,28487
GPP,2301,19,28487
GPP,2302,19,28502
GPP,2303,19,28518
GPP,2304,19,28534
GPP,2305,19,28549
GPP,2306,19,28549
GPP,2307,19,28565
GPP,2308,19,28581
GPP,2309,19,28597
GPP,2310,19,28612
GPP,2311,19,28612
GPP,2312,19,28628
GPP,2313,19,28644
GPP,2314,19,28659
GPP,2315,19,28675
GPP,2316,19,28675
GPP,2317,19,28691
GPP,2318,19,28706
GPP,2319,19,28722
GPP,2320,19,28739
GPP,2321,19,28754
GPP,2322,19,28769
GPP,2323,19,28769
GPP,2324,19,28785
GPP,2325,19,28801
GPP,2326,19,28816
GPP,2327,19,28832
GPP,2328,19,28832
GPP,2329,19,28848
GPP,2330,19,28864
GPP,2331,19,28879
GPP,2332,19,28895
GPP,2333,19,28895
GPP,2334,19,28911
GPP,2335,19,28927
GPP,2336,19,28942
GPP,2337,19,28942
GPP,2338,19,28958
GPP,2339,19,28976
GPP,2340,19,28989
GPP,2341,19,29005
GPP,2342,19,29021
GPP,2343,19,29021
GPP,2344,19,29037
GPP,2345,19,29052
GPP,2346,19,29068
GPP,2347,19,29084
GPP,2348,19,29084
GPP,2349,19,29099
GPP,2350,19,29115
GPP,2351,19,29131
GPP,2352,19,29146
GPP,2353,19,29146
GPP,2354,19,29162
GPP,2355,19,29178
GPP,2356,19,29193
GPP,2357,19,29209
GPP,2358,19,29209
GPP,2359,19,29225
GPP,2360,19,29240
GPP,2361,19,29256
GPP,2362,19,29256
GPP,2363,19,29272
GPP,2364,19,29288
GPP,2365,19,29303
GPP,2366,19,29319
GPP,2367,19,29319
GPP,2368,19,29335
GPP,2369,19,29350
GPP,2370,19,29366
GPP,2371,19,29382
GPP,2372,19,29382
GPP,2373,19,29398
GPP,2374,19,29413
GPP,2375,19,29429
GPP,2376,19,29445
GPP,2377,19,29445
GPP,2378,19,29460
GPP,2379,19,29476
GPP,2380,19,29495
GPP,2381,19,29508
GPP,2382,19,29508
GPP,2383,19,29523
GPP,2384,19,29539
GPP,2385,19,29555
GPP,2386,19,29555
GPP,2387,19,29570
GPP,2388,19,29586
GPP,2389,19,29602
GPP,2390,19,29618
GPP,2391,19,29618
GPP,2392,19,29633
GPP,2393,19,29649
GPP,2394,19,29665
GPP,2395,19,29681
GPP,2396,19,29681
GPP,2397,19,29696
GPP,2398,19,29712
GPP,2399,19,29728
GPP,2400,19,29743
GPP,2401,19,29743
GPP,2402,19,29759
GPP,2403,19,29775
GPP,2404,19,29791
GPP,2405,19,29806
GPP,2406,19,29806
GPP,2407,19,29822
GPP,2408,19,29838
GPP,2409,19,29853
GPP,2410,19,29869
GPP,2411,19,29885
GPP,2412,19,29885
GPP,2413,19,29900
GPP,2414,19,29916
GPP,2415,19,29932
GPP,2416,19,29932
GPP,2417,19,29948
GPP,2418,19,29963
GPP,2419,19,29979
GPP,2420,19,29995
GPP,2421,19,30010
GPP,2422,19,30010
GPP,2423,19,30026
GPP,2424,19,30042
GPP,2425,19,30057
GPP,2426,19,30057
GPP,2427,19,30073
GPP,2428,19,30089
GPP,2429,19,30111
GPP,2430,19,30120
GPP,2431,19,30120
GPP,2432,19,30136
GPP,2433,19,30152
GPP,2434,19,30167
GPP,2435,19,30183
GPP,2436,19,30183
GPP,2437,19,30199
GPP,2438,19,30214
GPP,2439,19,30230
GPP,2440,19,30246
GPP,2441,19,30246
GPP,2442,19,30262
GPP,2443,19,30277
GPP,2444,19,30293
GPP,2445,19,30309
GPP,2446,19,30309
GPP,2447,19,30325
GPP,2448,19,30340
GPP,2449,19,30356
GPP,2450,19,30372
GPP,2451,19,30387
GPP,2452,19,30387
GPP,2453,19,30403
GPP,2454,19,30419
GPP,2455,19,30435
GPP,2456,19,30450
GPP,2457,19,30450
GPP,2458,19,30466
GPP,2459,19,30482
GPP,2460,19,30497
GPP,2461,19,30513
GPP,2462,19,30513
GPP,2463,19,30529
GPP,2464,19,30544
GPP,2465,19,30560
GPP,2466,19,30576
GPP,2467,19,30576
GPP,2468,19,30591
GPP,2469,19,30607
GPP,2470,19,30623
GPP,2471,19,30639
GPP,2472,19,30639
GPP,2473,19,30654
GPP,2474,19,30670
GPP,2475,19,30686
GPP,2476,19,30702
GPP,2477,19,30702
GPP,2478,19,30717
GPP,2479,19,30733
GPP,2480,19,30749
GPP,2481,19,30765
GPP,2482,19,30765
GPP,2483,19,30780
GPP,2484,19,30796
GPP,2485,19,30812
GPP,2486,19,30812
GPP,2487,19,30827
GPP,2488,19,30843
GPP,2489,19,30859
GPP,2490,19,30874
GPP,2491,19,30874
GPP,2492,19,30890
GPP,2493,19,30906
GPP,2494,19,30922
GPP,2495,19,30937
GPP,2496,19,30937
GPP,2497,19,30953
GPP,2498,19,30969
GPP,2499,19,30985
GPP,2500,19,31000
GPP,2501,19,31016
GPP,2502,19,31016
GPP,2503,19,31032
GPP,2504,19,31048
GPP,2505,19,31063
GPP,2506,19,31063
GPP,2507,19,31079
GPP,2508,19,31095
GPP,2509,19,31110
GPP,2510,19,31126
GPP,2511,19,31126
GPP,2512,19,31142
GPP,2513,19,31157
GPP,2514,19,31173
GPP,2515,19,31189
GPP,2516,19,31189
GPP,2517,19,31204
GPP,2518,19,31220
GPP,2519,19,31236
GPP,2520,19,31251
GPP,2521,19,31251
GPP,2522,19,31267
GPP,2523,19,31283
GPP,2524,19,31298
GPP,2525,19,31314
GPP,2526,19,31314
GPP,2527,19,31330
GPP,2528,19,31346
GPP,2529,19,31361
GPP,2530,19,31377
GPP,2531,19,31377
GPP,2532,19,31393
GPP,2533,19,31408
GPP,2534,19,31424
GPP,2535,19,31440
GPP,2536,19,31440
GPP,2537,19,31463
GPP,2538,19,31471
GPP,2539,19,31487
GPP,2540,19,31502
GPP,2541,19,31502
GPP,2542,19,31518
GPP,2543,19,31534
GPP,2544,19,31549
GPP,2545,19,31565
GPP,2546,19,31581
GPP,2547,19,31581
GPP,2548,19,31596
GPP,2549,19,31612
GPP,2550,19,31628
GPP,2551,19,31643
GPP,2552,19,31643
GPP,2553,19,31659
GPP,2554,19,31675
GPP,2555,19,31691
GPP,2556,19,31706
GPP,2557,19,31706
GPP,2558,19,31722
GPP,2559,19,31738
GPP,2560,19,31753
GPP,2561,19,31769
GPP,2562,19,31769
GPP,2563,19,31785
GPP,2564,19,31800
GPP,2565,19,31816
GPP,2566,19,31832
GPP,2567,19,31832
GPP,2568,19,31847
GPP,2569,19,31863
GPP,2570,19,31879
GPP,2571,19,31895
GPP,2572,19,31895
GPP,2573,19,31910
GPP,2574,19,31926
GPP,2575,19,31942
GPP,2576,19,31958
GPP,2577,19,31958
GPP,2578,19,31973
GPP,2579,19,31989
GPP,2580,19,32005
GPP,2581,19,32021
GPP,2582,19,32036
GPP,2583,19,32036
GPP,2584,19,32052
GPP,2585,19,32068
GPP,2586,19,32083
GPP,2587,19,32099
GPP,2588,19,32099
GPP,2589,19,32115
GPP,2590,19,32131
GPP,2591,19,32146
GPP,2592,19,32162
GPP,2593,19,32162
GPP,2594,19,32178
GPP,2595,19,32193
GPP,2596,19,32209
GPP,2597,19,32225
GPP,2598,19,32225
GPP,2599,19,32241
GPP,2600,19,32256
GPP,2601,19,32272
GPP,2602,19,32288
GPP,2603,19,32288
GPP,2604,19,32303
GPP,2605,19,32319
GPP,2606,19,32335
GPP,2607,19,32350
GPP,2608,19,32350
GPP,2609,19,32366
GPP,2610,19,32382
GPP,2611,19,32397
GPP,2612,19,32413
GPP,2613,19,32413
GPP,2614,19,32429
GPP,2615,19,32445
GPP,2616,19,32460
GPP,2617,19,32460
GPP,2618,19,32476
GPP,2619,19,32492
GPP,2620,19,32507
GPP,2621,19,32523
GPP,2622,19,32523
GPP,2623,19,32539
GPP,2624,19,32555
GPP,2625,19,32570
GPP,2626,19,32586
GPP,2627,19,32602
GPP,2628,19,32602
GPP,2629,19,32617
GPP,2630,19,32633
GPP,2631,19,32649
GPP,2632,19,32664
GPP,2633,19,32664
GPP,2634,19,32680
GPP,2635,19,32696
GPP,2636,19,32711
GPP,2637,19,32727
GPP,2638,19,32727
GPP,2639,19,32743
GPP,2640,19,32758
GPP,2641,19,32774
GPP,2642,19,32790
GPP,2643,19,32790
GPP,2644,19,32805
GPP,2645,19,32829
GPP,2646,19,32837
GPP,2647,19,32853
GPP,2648,19,32868
GPP,2649,19,32868
GPP,2650,19,32884
GPP,2651,19,32900
GPP,2652,19,32915
GPP,2653,19,32931
GPP,2654,19,32931
GPP,2655,19,32947
GPP,2656,19,32962
GPP,2657,19,32978
GPP,2658,19,32994
GPP,2659,19,32994
GPP,2660,19,33009
GPP,2661,19,33025
GPP,2662,19,33041
GPP,2663,19,33056
GPP,2664,19,33056
GPP,2665,19,33072
GPP,2666,19,33088
GPP,2667,19,33103
GPP,2668,19,33119
GPP,2669,19,33119
GPP,2670,19,33135
GPP,2671,19,33150
GPP,2672,19,33166
GPP,2673,19,33182
GPP,2674,19,33197
GPP,2675,19,33197
GPP,2676,19,33213
GPP,2677,19,33229
GPP,2678,19,33244
GPP,2679,19,33260
GPP,2680,19,33260
GPP,2681,19,33276
GPP,2682,19,33291
GPP,2683,19,33307
GPP,2684,19,33323
GPP,2685,19,33323
GPP,2686,19,33338
GPP,2687,19,33354
GPP,2688,19,33370
GPP,2689,19,33385
GPP,2690,19,33385
GPP,2691,19,33401
GPP,2692,19,33417
GPP,2693,19,33432
GPP,2694,19,33448
GPP,2695,19,33448
GPP,2696,19,33464
GPP,2697,19,33479
GPP,2698,19,33495
GPP,2699,19,33511
GPP,2700,19,33511
GPP,2701,19,33526
GPP,2702,19,33542
GPP,2703,19,33558
GPP,2704,19,33574
GPP,2705,19,33574
GPP,2706,19,33589
GPP,2707,19,33605
GPP,2708,19,33621
GPP,2709,19,33636
GPP,2710,19,33636
GPP,2711,19,33652
GPP,2712,19,33668
GPP,2713,19,33683
GPP,2714,19,33699
GPP,2715,19,33715
GPP,2716,19,33715
GPP,2717,19,33730
GPP,2718,19,33746
GPP,2719,19,33762
GPP,2720,19,33777
GPP,2721,19,33777
GPP,2722,19,33793
GPP,2723,19,33809
GPP,2724,19,33824
GPP,2725,19,33840
GPP,2726,19,33840
GPP,2727,19,33856
GPP,2728,19,33871
GPP,2729,19,33887
GPP,2730,19,33903
GPP,2731,19,33918
GPP,2732,19,33918
GPP,2733,19,33934
GPP,2734,19,33950
GPP,2735,19,33965
GPP,2736,19,33981
GPP,2737,19,33981
GPP,2738,19,33997
GPP,2739,19,34012
GPP,2740,19,34028
GPP,2741,19,34044
GPP,2742,19,34044
GPP,2743,19,34059
GPP,2744,19,34075
GPP,2745,19,34091
GPP,2746,19,34106
GPP,2747,19,34106
GPP,2748,19,34122
GPP,2749,19,34138
GPP,2750,19,34153
GPP,2751,19,34169
GPP,2752,19,34185
GPP,2753,19,34193
GPP,2754,19,34200
GPP,2755,19,34216
GPP,2756,19,34232
GPP,2757,19,34247
GPP,2758,19,34247
GPP,2759,19,34263
GPP,2760,19,34279
GPP,2761,19,34295
GPP,2762,19,34310
GPP,2763,19,34310
GPP,2764,19,34326
GPP,2765,19,34341
GPP,2766,19,34357
GPP,2767,19,34373
GPP,2768,19,34388
GPP,2769,19,34388
GPP,2770,19,34404
GPP,2771,19,34420
GPP,2772,19,34435
GPP,2773,19,34451
GPP,2774,19,34451
GPP,2775,19,34467
GPP,2776,19,34482
GPP,2777,19,34498
GPP,2778,19,34514
GPP,2779,19,34523
GPP,2780,19,34530
GPP,2781,19,34545
GPP,2782,19,34561
GPP,2783,19,34577
GPP,2784,19,34577
GPP,2785,19,34592
GPP,2786,19,34608
GPP,2787,19,34624
GPP,2788,19,34639
GPP,2789,19,34639
GPP,2790,19,34655
GPP,2791,19,34671
GPP,2792,19,34686
GPP,2793,19,34702
GPP,2794,19,34702
GPP,2795,19,34718
GPP,2796,19,34734
GPP,2797,19,34749
GPP,2798,19,34765
GPP,2799,19,34781
GPP,2800,19,34781
GPP,2801,19,34796
GPP,2802,19,34812
GPP,2803,19,34828
GPP,2804,19,34843
GPP,2805,19,34843
GPP,2806,19,34859
GPP,2807,19,34875
GPP,2808,19,34890
GPP,2809,19,34906
GPP,2810,19,34906
GPP,2811,19,34922
GPP,2812,19,34937
GPP,2813,19,34953
GPP,2814,19,34969
GPP,2815,19,34969
GPP,2816,19,34984
GPP,2817,19,35000
GPP,2818,19,35016
GPP,2819,19,35031
GPP,2820,19,35031
GPP,2821,19,35047
GPP,2822,19,35063
GPP,2823,19,35078
GPP,2824,19,35094
GPP,2825,19,35110
GPP,2826,19,35110
GPP,2827,19,35125
GPP,2828,19,35141
GPP,2829,19,35157
GPP,2830,19,35173
GPP,2831,19,35173
GPP,2832,19,35188
GPP,2833,19,35204
GPP,2834,19,35220
GPP,2835,19,35235
GPP,2836,19,35235
GPP,2837,19,35251
GPP,2838,19,35267
GPP,2839,19,35282
GPP,2840,19,35298
GPP,2841,19,35298
GPP,2842,19,35314
GPP,2843,19,35329
GPP,2844,19,35345
GPP,2845,19,35361
GPP,2846,19,35361
GPP,2847,19,35376
GPP,2848,19,35392
GPP,2849,19,35408
GPP,2850,19,35408
GPP,2851,19,35423
GPP,2852,19,35439
GPP,2853,19,35455
GPP,2854,19,35470
GPP,2855,19,35486
GPP,2856,19,35486
GPP,2857,19,35502
GPP,2858,19,35517
GPP,2859,19,35533
GPP,2860,19,35551
GPP,2861,19,35557
GPP,2862,19,35565
GPP,2863,19,35580
GPP,2864,19,35596
GPP,2865,19,35612
GPP,2866,19,35612
GPP,2867,19,35627
GPP,2868,19,35643
GPP,2869,19,35659
GPP,2870,19,35674
GPP,2871,19,35690
GPP,2872,19,35690
GPP,2873,19,35706
GPP,2874,19,35721
GPP,2875,19,35737
GPP,2876,19,35753
GPP,2877,19,35753
GPP,2878,19,35768
GPP,2879,19,35784
GPP,2880,19,35800
GPP,2881,19,35815
GPP,2882,19,35815
GPP,2883,19,35831
GPP,2884,19,35847
GPP,2885,19,35862
GPP,2886,19,35878
GPP,2887,19,35878
GPP,2888,19,35894
GPP,2889,19,35909
GPP,2890,19,35925
GPP,2891,19,35941
GPP,2892,19,35941
GPP,2893,19,35956
GPP,2894,19,35972
GPP,2895,19,35988
GPP,2896,19,36003
GPP,2897,19,36003
GPP,2898,19,36019
GPP,2899,19,36035
GPP,2900,19,36050
GPP,2901,19,36066
GPP,2902,19,36066
GPP,2903,19,36082
GPP,2904,19,36097
GPP,2905,19,36113
GPP,2906,19,36129
GPP,2907,19,36129
GPP,2908,19,36144
GPP,2909,19,36160
GPP,2910,19,36176
GPP,2911,19,36191
GPP,2912,19,36191
GPP,2913,19,36207
GPP,2914,19,36223
GPP,2915,19,36238
GPP,2916,19,36254
GPP,2917,19,36254
GPP,2918,19,36270
GPP,2919,19,36285
GPP,2920,19,36301
GPP,2921,19,36317
GPP,2922,19,36332
GPP,2923,19,36332
GPP,2924,19,36348
GPP,2925,19,36364
GPP,2926,19,36379
GPP,2927,19,36395
GPP,2928,19,36395
GPP,2929,19,36411
GPP,2930,19,36426
GPP,2931,19,36442
GPP,2932,19,36458
GPP,2933,19,36458
GPP,2934,19,36473
GPP,2935,19,36489
GPP,2936,19,36505
GPP,2937,19,36520
GPP,2938,19,36520
GPP,2939,19,36536
GPP,2940,19,36552
GPP,2941,19,36567
GPP,2942,19,36583
GPP,2943,19,36583
GPP,2944,19,36599
GPP,2945,19,36614
GPP,2946,19,36630
GPP,2947,19,36646
GPP,2948,19,36646
GPP,2949,19,36661
GPP,2950,19,36677
GPP,2951,19,36693
GPP,2952,19,36708
GPP,2953,19,36724
GPP,2954,19,36724
GPP,2955,19,36740
GPP,2956,19,36755
GPP,2957,19,36771
GPP,2958,19,36787
GPP,2959,19,36787
GPP,2960,19,36802
GPP,2961,19,36818
GPP,2962,19,36834
GPP,2963,19,36849
GPP,2964,19,36849
GPP,2965,19,36865
GPP,2966,19,36881
GPP,2967,19,36896
GPP,2968,19,36913
GPP,2969,19,36921
GPP,2970,19,36928
GPP,2971,19,36944
GPP,2972,19,36959
GPP,2973,19,36975
GPP,2974,19,36975
GPP,2975,19,36991
GPP,2976,19,37006
GPP,2977,19,37022
GPP,2978,19,37038
GPP,2979,19,37053
GPP,2980,19,37053
GPP,2981,19,37069
GPP,2982,19,37085
GPP,2983,19,37100
GPP,2984,19,37116
GPP,2985,19,37116
GPP,2986,19,37132
GPP,2987,19,37147
GPP,2988,19,37163
GPP,2989,19,37179
GPP,2990,19,37194
GPP,2991,19,37194
GPP,2992,19,37210
GPP,2993,19,37226
GPP,2994,19,37241
GPP,2995,19,37257
GPP,2996,19,37257
GPP,2997,19,37273
GPP,2998,19,37288
GPP,2999,19,37304
GPP,3000,19,37320
GPP,3001,19,37335
GPP,3002,19,37335
GPP,3003,19,37351
GPP,3004,19,37367
GPP,3005,19,37383
GPP,3006,19,37398
GPP,3007,19,37398
GPP,3008,19,37414
GPP,3009,19,37430
GPP,3010,19,37445
GPP,3011,19,37461
GPP,3012,19,37461
GPP,3013,19,37477
GPP,3014,19,37492
GPP,3015,19,37508
GPP,3016,19,37524
GPP,3017,19,37524
GPP,3018,19,37539
GPP,3019,19,37555
GPP,3020,19,37571
GPP,3021,19,37586
GPP,3022,19,37586
GPP,3023,19,37602
GPP,3024,19,37618
GPP,3025,19,37634
GPP,3026,19,37649
GPP,3027,19,37649
GPP,3028,19,37665
GPP,3029,19,37681
GPP,3030,19,37696
GPP,3031,19,37712
GPP,3032,19,37712
GPP,3033,19,37728
GPP,3034,19,37744
GPP,3035,19,37759
GPP,3036,19,37775
GPP,3037,19,37775
GPP,3038,19,37791
GPP,3039,19,37807
GPP,3040,19,37822
GPP,3041,19,37838
GPP,3042,19,37838
GPP,3043,19,37854
GPP,3044,19,37869
GPP,3045,19,37885
GPP,3046,19,37901
GPP,3047,19,37901
GPP,3048,19,37917
GPP,3049,19,37932
GPP,3050,19,37948
GPP,3051,19,37964
GPP,3052,19,37964
GPP,3053,19,37979
GPP,3054,19,37995
GPP,3055,19,38011
GPP,3056,19,38026
GPP,3057,19,38026
GPP,3058,19,38042
GPP,3059,19,38058
GPP,3060,19,38073
GPP,3061,19,38089
GPP,3062,19,38089
GPP,3063,19,38105
GPP,3064,19,38121
GPP,3065,19,38136
GPP,3066,19,38152
GPP,3067,19,38152
GPP,3068,19,38168
GPP,3069,19,38183
GPP,3070,19,38199
GPP,3071,19,38215
GPP,3072,19,38215
GPP,3073,19,38231
GPP,3074,19,38246
GPP,3075,19,38262
GPP,3076,19,38278
GPP,3077,19,38286
GPP,3078,19,38293
GPP,3079,19,38309
GPP,3080,19,38325
GPP,3081,19,38341
GPP,3082,19,38341
GPP,3083,19,38356
GPP,3084,19,38372
GPP,3085,19,38388
GPP,3086,19,38403
GPP,3087,19,38403
GPP,3088,19,38419
GPP,3089,19,38435
GPP,3090,19,38450
GPP,3091,19,38466
GPP,3092,19,38466
GPP,3093,19,38482
GPP,3094,19,38497
GPP,3095,19,38513
GPP,3096,19,38529
GPP,3097,19,38529
GPP,3098,19,38544
GPP,3099,19,38560
GPP,3100,19,38576
GPP,3101,19,38576
GPP,3102,19,38591
GPP,3103,19,38607
GPP,3104,19,38623
GPP,3105,19,38638
GPP,3106,19,38638
GPP,3107,19,38654
GPP,3108,19,38670
GPP,3109,19,38685
GPP,3110,19,38701
GPP,3111,19,38701
GPP,3112,19,38717
GPP,3113,19,38733
GPP,3114,19,38748
GPP,3115,19,38764
GPP,3116,19,38764
GPP,3117,19,38780
GPP,3118,19,38796
GPP,3119,19,38811
GPP,3120,19,38827
GPP,3121,19,38827
GPP,3122,19,38843
GPP,3123,19,38858
GPP,3124,19,38874
GPP,3125,19,38890
GPP,3126,19,38890
GPP,3127,19,38905
GPP,3128,19,38921
GPP,3129,19,38937
GPP,3130,19,38937
GPP,3131,19,38952
GPP,3132,19,38968
GPP,3133,19,38984
GPP,3134,19,38999
GPP,3135,19,39015
GPP,3136,19,39015
GPP,3137,19,39031
GPP,3138,19,39047
GPP,3139,19,39062
GPP,3140,19,39062
GPP,3141,19,39078
GPP,3142,19,39094
GPP,3143,19,39109
GPP,3144,19,39125
GPP,3145,19,39125
GPP,3146,19,39141
GPP,3147,19,39156
GPP,3148,19,39172
GPP,3149,19,39188
GPP,3150,19,39188
GPP,3151,19,39203
GPP,3152,19,39219
GPP,3153,19,39235
GPP,3154,19,39250
GPP,3155,19,39250
GPP,3156,19,39266
GPP,3157,19,39282
GPP,3158,19,39297
GPP,3159,19,39313
GPP,3160,19,39313
GPP,3161,19,39329
GPP,3162,19,39345
GPP,3163,19,39360
GPP,3164,19,39376
GPP,3165,19,39376
GPP,3166,19,39392
GPP,3167,19,39407
GPP,3168,19,39423
GPP,3169,19,39423
GPP,3170,19,39439
GPP,3171,19,39455
GPP,3172,19,39470
GPP,3173,19,39486
GPP,3174,19,39486
GPP,3175,19,39502
GPP,3176,19,39517
GPP,3177,19,39537
GPP,3178,19,39549
GPP,3179,19,39549
GPP,3180,19,39565
GPP,3181,19,39580
GPP,3182,19,39596
GPP,3183,19,39612
GPP,3184,19,39612
GPP,3185,19,39627
GPP,3186,19,39643
GPP,3187,19,39659
GPP,3188,19,39675
GPP,3189,19,39675
GPP,3190,19,39690
GPP,3191,19,39706
GPP,3192,19,39722
GPP,3193,19,39722
GPP,3194,19,39738
GPP,3195,19,39753
GPP,3196,19,39769
GPP,3197,19,39785
GPP,3198,19,39785
GPP,3199,19,39800
GPP,3200,19,39816
GPP,3201,19,39832
GPP,3202,19,39847
GPP,3203,19,39847
GPP,3204,19,39863
GPP,3205,19,39879
GPP,3206,19,39894
GPP,3207,19,39910
GPP,3208,19,39910
GPP,3209,19,39926
GPP,3210,19,39941
GPP,3211,19,39957
GPP,3212,19,39973
GPP,3213,19,39989
GPP,3214,19,39989
GPP,3215,19,40004
GPP,3216,19,40020
GPP,3217,19,40036
GPP,3218,19,40051
GPP,3219,19,40051
GPP,3220,19,40067
GPP,3221,19,40083
GPP,3222,19,40099
GPP,3223,19,40114
GPP,3224,19,40114
GPP,3225,19,40130
GPP,3226,19,40146
GPP,3227,19,40161
GPP,3228,19,40177
GPP,3229,19,40177
GPP,3230,19,40193
GPP,3231,19,40208
GPP,3232,19,40224
GPP,3233,19,40240
GPP,3234,19,40240
GPP,3235,19,40255
GPP,3236,19,40271
GPP,3237,19,40287
GPP,3238,19,40302
GPP,3239,19,40302
GPP,3240,19,40318
GPP,3241,19,40334
GPP,3242,19,40350
GPP,3243,19,40365
GPP,3244,19,40365
GPP,3245,19,40381
GPP,3246,19,40397
GPP,3247,19,40412
GPP,3248,19,40428
GPP,3249,19,40428
GPP,3250,19,40444
GPP,3251,19,40460
GPP,3252,19,40475
GPP,3253,19,40475
GPP,3254,19,40491
GPP,3255,19,40507
GPP,3256,19,40522
GPP,3257,19,40538
GPP,3258,19,40538
GPP,3259,19,40554
GPP,3260,19,40569
GPP,3261,19,40585
GPP,3262,19,40601
GPP,3263,19,40601
GPP,3264,19,40616
GPP,3265,19,40632
GPP,3266,19,40648
GPP,3267,19,40664
GPP,3268,19,40664
GPP,3269,19,40679
GPP,3270,19,40695
GPP,3271,19,40711
GPP,3272,19,40726
GPP,3273,19,40726
GPP,3274,19,40742
GPP,3275,19,40758
GPP,3276,19,40774
GPP,3277,19,40789
GPP,3278,19,40789
GPP,3279,19,40805
GPP,3280,19,40821
GPP,3281,19,40837
GPP,3282,19,40852
GPP,3283,19,40852
GPP,3284,19,40868
GPP,3285,19,40884
GPP,3286,19,40899
GPP,3287,19,40915
GPP,3288,19,40915
GPP,3289,19,40931
GPP,3290,19,40947
GPP,3291,19,40962
GPP,3292,19,40962
GPP,3293,19,40978
GPP,3294,19,40994
GPP,3295,19,41016
GPP,3296,19,41025
GPP,3297,19,41041
GPP,3298,19,41041
GPP,3299,19,41057
GPP,3300,19,41072
GPP,3301,19,41088
GPP,3302,19,41104
GPP,3303,19,41104
GPP,3304,19,41119
GPP,3305,19,41135
GPP,3306,19,41151
GPP,3307,19,41167
GPP,3308,19,41167
GPP,3309,19,41182
GPP,3310,19,41198
GPP,3311,19,41214
GPP,3312,19,41229
GPP,3313,19,41229
GPP,3314,19,41245
GPP,3315,19,41261
GPP,3316,19,41276
GPP,3317,19,41292
GPP,3318,19,41292
GPP,3319,19,41308
GPP,3320,19,41323
GPP,3321,19,41339
GPP,3322,19,41339
GPP,3323,19,41355
GPP,3324,19,41371
GPP,3325,19,41386
GPP,3326,19,41402
GPP,3327,19,41402
GPP,3328,19,41418
GPP,3329,19,41433
GPP,3330,19,41449
GPP,3331,19,41465
GPP,3332,19,41465
GPP,3333,19,41480
GPP,3334,19,41496
GPP,3335,19,41512
GPP,3336,19,41528
GPP,3337,19,41528
GPP,3338,19,41543
GPP,3339,19,41559
GPP,3340,19,41575
GPP,3341,19,41590
GPP,3342,19,41590
GPP,3343,19,41606
GPP,3344,19,41622
GPP,3345,19,41637
GPP,3346,19,41637
GPP,3347,19,41653
GPP,3348,19,41669
GPP,3349,19,41685
GPP,3350,19,41700
GPP,3351,19,41700
GPP,3352,19,41716
GPP,3353,19,41732
GPP,3354,19,41747
GPP,3355,19,41763
GPP,3356,19,41763
GPP,3357,19,41779
GPP,3358,19,41794
GPP,3359,19,41810
GPP,3360,19,41810
GPP,3361,19,41826
GPP,3362,19,41842
GPP,3363,19,41857
GPP,3364,19,41873
GPP,3365,19,41873
GPP,3366,19,41888
GPP,3367,19,41904
GPP,3368,19,41920
GPP,3369,19,41936
GPP,3370,19,41936
GPP,3371,19,41951
GPP,3372,19,41967
GPP,3373,19,41983
GPP,3374,19,41998
GPP,3375,19,42014
GPP,3376,19,42014
GPP,3377,19,42030
GPP,3378,19,42046
GPP,3379,19,42061
GPP,3380,19,42061
GPP,3381,19,42077
GPP,3382,19,42093
GPP,3383,19,42109
GPP,3384,19,42124
GPP,3385,19,42124
GPP,3386,19,42140
GPP,3387,19,42156
GPP,3388,19,42171
GPP,3389,19,42187
GPP,3390,19,42187
GPP,3391,19,42203
GPP,3392,19,42219
GPP,3393,19,42234
GPP,3394,19,42250
GPP,3395,19,42250
GPP,3396,19,42266
GPP,3397,19,42281
GPP,3398,19,42297
GPP,3399,19,42313
GPP,3400,19,42313
GPP,3401,19,42328
GPP,3402,19,42344
GPP,3403,19,42364
GPP,3404,19,42375
GPP,3405,19,42391
GPP,3406,19,42391
GPP,3407,19,42407
GPP,3408,19,42423
GPP,3409,19,42438
GPP,3410,19,42454
GPP,3411,19,42454
GPP,3412,19,42470
GPP,3413,19,42485
GPP,3414,19,42501
GPP,3415,19,42517
GPP,3416,19,42517
GPP,3417,19,42532
GPP,3418,19,42548
GPP,3419,19,42564
GPP,3420,19,42579
GPP,3421,19,42579
GPP,3422,19,42595
GPP,3423,19,42611
GPP,3424,19,42627
GPP,3425,19,42642
GPP,3426,19,42642
GPP,3427,19,42658
GPP,3428,19,42674
GPP,3429,19,42690
GPP,3430,19,42705
GPP,3431,19,42705
GPP,3432,19,42721
GPP,3433,19,42737
GPP,3434,19,42752
GPP,3435,19,42768
GPP,3436,19,42768
GPP,3437,19,42784
GPP,3438,19,42799
GPP,3439,19,42815
GPP,3440,19,42831
GPP,3441,19,42831
GPP,3442,19,42846
GPP,3443,19,42862
GPP,3444,19,42878
GPP,3445,19,42894
GPP,3446,19,42894
GPP,3447,19,42909
GPP,3448,19,42925
GPP,3449,19,42941
GPP,3450,19,42956
GPP,3451,19,42956
GPP,3452,19,42972
GPP,3453,19,42988
GPP,3454,19,43004
GPP,3455,19,43019
GPP,3456,19,43019
GPP,3457,19,43035
GPP,3458,19,43051
GPP,3459,19,43067
GPP,3460,19,43082
GPP,3461,19,43082
GPP,3462,19,43098
GPP,3463,19,43114
GPP,3464,19,43129
GPP,3465,19,43145
GPP,3466,19,43145
GPP,3467,19,43161
GPP,3468,19,43177
GPP,3469,19,43192
GPP,3470,19,43208
GPP,3471,19,43208
GPP,3472,19,43224
GPP,3473,19,43240
GPP,3474,19,43255
GPP,3475,19,43271
GPP,3476,19,43271
GPP,3477,19,43287
GPP,3478,19,43302
GPP,3479,19,43318
GPP,3480,19,43334
GPP,3481,19,43334
GPP,3482,19,43350
GPP,3483,19,43365
GPP,3484,19,43381
GPP,3485,19,43397
GPP,3486,19,43397
GPP,3487,19,43412
GPP,3488,19,43428
GPP,3489,19,43444
GPP,3490,19,43459
GPP,3491,19,43459
GPP,3492,19,43475
GPP,3493,19,43491
GPP,3494,19,43507
GPP,3495,19,43522
GPP,3496,19,43522
GPP,3497,19,43538
GPP,3498,19,43554
GPP,3499,19,43569
GPP,3500,19,43585
GPP,3501,19,43585
GPP,3502,19,43601
GPP,3503,19,43616
GPP,3504,19,43632
GPP,3505,19,43648
GPP,3506,19,43648
GPP,3507,19,43663
GPP,3508,19,43679
GPP,3509,19,43695
GPP,3510,19,43711
GPP,3511,19,43711
GPP,3512,19,43734
GPP,3513,19,43742
GPP,3514,19,43758
GPP,3515,19,43774
GPP,3516,19,43774
GPP,3517,19,43789
GPP,3518,19,43805
GPP,3519,19,43821
GPP,3520,19,43836
GPP,3521,19,43836
GPP,3522,19,43852
GPP,3523,19,43868
GPP,3524,19,43883
GPP,3525,19,43899
GPP,3526,19,43899
GPP,3527,19,43915
GPP,3528,19,43931
GPP,3529,19,43946
GPP,3530,19,43962
GPP,3531,19,43962
GPP,3532,19,43978
GPP,3533,19,43994
GPP,3534,19,44009
GPP,3535,19,44025
GPP,3536,19,44041
GPP,3537,19,44041
GPP,3538,19,44056
GPP,3539,19,44072
GPP,3540,19,44088
GPP,3541,19,44088
GPP,3542,19,44104
GPP,3543,19,44119
GPP,3544,19,44135
GPP,3545,19,44151
GPP,3546,19,44166
GPP,3547,19,44166
GPP,3548,19,44182
GPP,3549,19,44198
GPP,3550,19,44213
GPP,3551,19,44229
GPP,3552,19,44229
GPP,3553,19,44245
GPP,3554,19,44261
GPP,3555,19,44276
GPP,3556,19,44292
GPP,3557,19,44292
GPP,3558,19,44308
GPP,3559,19,44323
GPP,3560,19,44339
GPP,3561,19,44355
GPP,3562,19,44371
GPP,3563,19,44371
GPP,3564,19,44386
GPP,3565,19,44402
GPP,3566,19,44418
GPP,3567,19,44433
GPP,3568,19,44433
GPP,3569,19,44449
GPP,3570,19,44465
GPP,3571,19,44481
GPP,3572,19,44481
GPP,3573,19,44496
GPP,3574,19,44512
GPP,3575,19,44528
GPP,3576,19,44546
GPP,3577,19,44552
GPP,3578,19,44559
GPP,3579,19,44575
GPP,3580,19,44591
GPP,3581,19,44606
GPP,3582,19,44606
GPP,3583,19,44622
GPP,3584,19,44638
GPP,3585,19,44653
GPP,3586,19,44669
GPP,3587,19,44669
GPP,3588,19,44685
GPP,3589,19,44700
GPP,3590,19,44716
GPP,3591,19,44732
GPP,3592,19,44732
GPP,3593,19,44747
GPP,3594,19,44763
GPP,3595,19,44779
GPP,3596,19,44794
GPP,3597,19,44794
GPP,3598,19,44810
GPP,3599,19,44826
GPP,3600,19,44842
GPP,3601,19,44857
GPP,3602,19,44857
GPP,3603,19,44873
GPP,3604,19,44889
GPP,3605,19,44904
GPP,3606,19,44920
GPP,3607,19,44920
GPP,3608,19,44936
GPP,3609,19,44951
GPP,3610,19,44967
GPP,3611,19,44983
GPP,3612,19,44983
GPP,3613,19,44999
GPP,3614,19,45014
GPP,3615,19,45030
GPP,3616,19,45046
GPP,3617,19,45046
GPP,3618,19,45062
GPP,3619,19,45077
GPP,3620,19,45096
GPP,3621,19,45109
GPP,3622,19,45109
GPP,3623,19,45125
GPP,3624,19,45140
GPP,3625,19,45156
GPP,3626,19,45172
GPP,3627,19,45172
GPP,3628,19,45187
GPP,3629,19,45203
GPP,3630,19,45219
GPP,3631,19,45235
GPP,3632,19,45235
GPP,3633,19,45250
GPP,3634,19,45266
GPP,3635,19,45282
GPP,3636,19,45282
GPP,3637,19,45297
GPP,3638,19,45313
GPP,3639,19,45329
GPP,3640,19,45344
GPP,3641,19,45344
GPP,3642,19,45360
GPP,3643,19,45376
GPP,3644,19,45392
GPP,3645,19,45407
GPP,3646,19,45407
GPP,3647,19,45423
GPP,3648,19,45439
GPP,3649,19,45455
GPP,3650,19,45470
GPP,3651,19,45470
GPP,3652,19,45486
GPP,3653,19,45502
GPP,3654,19,45518
GPP,3655,19,45533
GPP,3656,19,45533
GPP,3657,19,45549
GPP,3658,19,45565
GPP,3659,19,45580
GPP,3660,19,45596
GPP,3661,19,45596
GPP,3662,19,45612
GPP,3663,19,45627
GPP,3664,19,45643
GPP,3665,19,45643
GPP,3666,19,45659
GPP,3667,19,45675
GPP,3668,19,45690
GPP,3669,19,45706
GPP,3670,19,45706
GPP,3671,19,45722
GPP,3672,19,45737
GPP,3673,19,45753
GPP,3674,19,45769
GPP,3675,19,45769
GPP,3676,19,45785
GPP,3677,19,45800
GPP,3678,19,45816
GPP,3679,19,45832
GPP,3680,19,45832
GPP,3681,19,45847
GPP,3682,19,45863
GPP,3683,19,45879
GPP,3684,19,45895
GPP,3685,19,45895
GPP,3686,19,45910
GPP,3687,19,45926
GPP,3688,19,45942
GPP,3689,19,45957
GPP,3690,19,45957
GPP,3691,19,45973
GPP,3692,19,45989
GPP,3693,19,46004
GPP,3694,19,46020
GPP,3695,19,46036
GPP,3696,19,46036
GPP,3697,19,46052
GPP,3698,19,46067
GPP,3699,19,46083
GPP,3700,19,46099
GPP,3701,19,46099
GPP,3702,19,46114
GPP,3703,19,46130
GPP,3704,19,46146
GPP,3705,19,46161
GPP,3706,19,46161
GPP,3707,19,46177
GPP,3708,19,46193
GPP,3709,19,46208
GPP,3710,19,46208
GPP,3711,19,46224
GPP,3712,19,46240
GPP,3713,19,46255
GPP,3714,19,46271
GPP,3715,19,46271
GPP,3716,19,46287
GPP,3717,19,46303
GPP,3718,19,46318
GPP,3719,19,46334
GPP,3720,19,46334
GPP,3721,19,46350
GPP,3722,19,46365
GPP,3723,19,46381
GPP,3724,19,46397
GPP,3725,19,46397
GPP,3726,19,46413
GPP,3727,19,46428
GPP,3728,19,46444
GPP,3729,19,46460
GPP,3730,19,46468
GPP,3731,19,46476
GPP,3732,19,46491
GPP,3733,19,46507
GPP,3734,19,46523
GPP,3735,19,46523
GPP,3736,19,46538
GPP,3737,19,46554
GPP,3738,19,46570
GPP,3739,19,46585
GPP,3740,19,46585
GPP,3741,19,46601
GPP,3742,19,46617
GPP,3743,19,46633
GPP,3744,19,46633
GPP,3745,19,46648
GPP,3746,19,46664
GPP,3747,19,46680
GPP,3748,19,46695
GPP,3749,19,46695
GPP,3750,19,46711
GPP,3751,19,46727
GPP,3752,19,46742
GPP,3753,19,46758
GPP,3754,19,46758
GPP,3755,19,46774
GPP,3756,19,46789
GPP,3757,19,46805
GPP,3758,19,46821
GPP,3759,19,46821
GPP,3760,19,46836
GPP,3761,19,46852
GPP,3762,19,46868
GPP,3763,19,46884
GPP,3764,19,46884
GPP,3765,19,46899
GPP,3766,19,46915
GPP,3767,19,46930
GPP,3768,19,46946
GPP,3769,19,46946
GPP,3770,19,46962
GPP,3771,19,46978
GPP,3772,19,46993
GPP,3773,19,47009
GPP,3774,19,47009
GPP,3775,19,47025
GPP,3776,19,47040
GPP,3777,19,47056
GPP,3778,19,47072
GPP,3779,19,47072
GPP,3780,19,47088
GPP,3781,19,47103
GPP,3782,19,47119
GPP,3783,19,47119
GPP,3784,19,47135
GPP,3785,19,47150
GPP,3786,19,47166
GPP,3787,19,47182
GPP,3788,19,47182
GPP,3789,19,47197
GPP,3790,19,47213
GPP,3791,19,47229
GPP,3792,19,47244
GPP,3793,19,47244
GPP,3794,19,47260
GPP,3795,19,47276
GPP,3796,19,47291
GPP,3797,19,47307
GPP,3798,19,47307
GPP,3799,19,47323
GPP,3800,19,47339
GPP,3801,19,47354
GPP,3802,19,47370
GPP,3803,19,47370
GPP,3804,19,47386
GPP,3805,19,47401
GPP,3806,19,47417
GPP,3807,19,47433
GPP,3808,19,47433
GPP,3809,19,47448
GPP,3810,19,47464
GPP,3811,19,47480
GPP,3812,19,47496
GPP,3813,19,47496
GPP,3814,19,47511
GPP,3815,19,47527
GPP,3816,19,47543
GPP,3817,19,47543
GPP,3818,19,47558
GPP,3819,19,47574
GPP,3820,19,47590
GPP,3821,19,47606
GPP,3822,19,47606
GPP,3823,19,47621
GPP,3824,19,47637
GPP,3825,19,47653
GPP,3826,19,47668
GPP,3827,19,47668
GPP,3828,19,47684
GPP,3829,19,47700
GPP,3830,19,47715
GPP,3831,19,47731
GPP,3832,19,47731
GPP,3833,19,47747
GPP,3834,19,47763
GPP,3835,19,47778
GPP,3836,19,47794
GPP,3837,19,47794
GPP,3838,19,47810
GPP,3839,19,47833
GPP,3840,19,47841
GPP,3841,19,47857
GPP,3842,19,47857
GPP,3843,19,47872
GPP,3844,19,47888
GPP,3845,19,47904
GPP,3846,19,47919
GPP,3847,19,47919
GPP,3848,19,47935
GPP,3849,19,47951
GPP,3850,19,47966
GPP,3851,19,47982
GPP,3852,19,47998
GPP,3853,19,47998
GPP,3854,19,48013
GPP,3855,19,48029
GPP,3856,19,48045
GPP,3857,19,48060
GPP,3858,19,48060
GPP,3859,19,48076
GPP,3860,19,48092
GPP,3861,19,48107
GPP,3862,19,48107
GPP,3863,19,48123
GPP,3864,19,48139
GPP,3865,19,48155
GPP,3866,19,48170
GPP,3867,19,48170
GPP,3868,19,48186
GPP,3869,19,48202
GPP,3870,19,48218
GPP,3871,19,48233
GPP,3872,19,48233
GPP,3873,19,48249
GPP,3874,19,48265
GPP,3875,19,48280
GPP,3876,19,48296
GPP,3877,19,48296
GPP,3878,19,48312
GPP,3879,19,48327
GPP,3880,19,48343
GPP,3881,19,48359
GPP,3882,19,48359
GPP,3883,19,48375
GPP,3884,19,48390
GPP,3885,19,48406
GPP,3886,19,48422
GPP,3887,19,48422
GPP,3888,19,48437
GPP,3889,19,48453
GPP,3890,19,48469
GPP,3891,19,48485
GPP,3892,19,48485
GPP,3893,19,48500
GPP,3894,19,48516
GPP,3895,19,48532
GPP,3896,19,48547
GPP,3897,19,48547
GPP,3898,19,48563
GPP,3899,19,48579
GPP,3900,19,48594
GPP,3901,19,48610
GPP,3902,19,48610
GPP,3903,19,48626
GPP,3904,19,48641
GPP,3905,19,48657
GPP,3906,19,48673
GPP,3907,19,48673
GPP,3908,19,48689
GPP,3909,19,48704
GPP,3910,19,48720
GPP,3911,19,48720
GPP,3912,19,48736
GPP,3913,19,48751
GPP,3914,19,48767
GPP,3915,19,48783
GPP,3916,19,48783
GPP,3917,19,48798
GPP,3918,19,48814
GPP,3919,19,48830
GPP,3920,19,48846
GPP,3921,19,48846
GPP,3922,19,48861
GPP,3923,19,48877
GPP,3924,19,48893
GPP,3925,19,48908
GPP,3926,19,48908
GPP,3927,19,48924
GPP,3928,19,48940
GPP,3929,19,48956
GPP,3930,19,48971
GPP,3931,19,48973
GPP,3932,19,48987
GPP,3933,19,49003
GPP,3934,19,49018
GPP,3935,19,49034
GPP,3936,19,49034
GPP,3937,19,49050
GPP,3938,19,49066
GPP,3939,19,49081
GPP,3940,19,49097
GPP,3941,19,49097
GPP,3942,19,49113
GPP,3943,19,49129
GPP,3944,19,49144
GPP,3945,19,49160
GPP,3946,19,49160
GPP,3947,19,49184
GPP,3948,19,49191
GPP,3949,19,49207
GPP,3950,19,49223
GPP,3951,19,49223
GPP,3952,19,49238
GPP,3953,19,49254
GPP,3954,19,49270
GPP,3955,19,49285
GPP,3956,19,49285
GPP,3957,19,49301
GPP,3958,19,49317
GPP,3959,19,49333
GPP,3960,19,49348
GPP,3961,19,49348
GPP,3962,19,49364
GPP,3963,19,49380
GPP,3964,19,49396
GPP,3965,19,49411
GPP,3966,19,49411
GPP,3967,19,49427
GPP,3968,19,49443
GPP,3969,19,49458
GPP,3970,19,49458
GPP,3971,19,49474
GPP,3972,19,49490
GPP,3973,19,49506
GPP,3974,19,49521
GPP,3975,19,49521
GPP,3976,19,49537
GPP,3977,19,49561
GPP,3978,19,49568
GPP,3979,19,49584
GPP,3980,19,49584
GPP,3981,19,49600
GPP,3982,19,49615
GPP,3983,19,49631
GPP,3984,19,49647
GPP,3985,19,49647
GPP,3986,19,49663
GPP,3987,19,49678
GPP,3988,19,49694
GPP,3989,19,49710
GPP,3990,19,49710
GPP,3991,19,49725
GPP,3992,19,49741
GPP,3993,19,49757
GPP,3994,19,49772
GPP,3995,19,49772
GPP,3996,19,49788
GPP,3997,19,49804
GPP,3998,19,49819
GPP,3999,19,49835
GPP,4000,19,49835
GPP,4001,19,49851
GPP,4002,19,49867
GPP,4003,19,49882
GPP,4004,19,49898
GPP,4005,19,49898
GPP,4006,19,49914
GPP,4007,19,49929
GPP,4008,19,49945
GPP,4009,19,49961
GPP,4010,19,49961
GPP,4011,19,49977
GPP,4012,19,49992
GPP,4013,19,50008
GPP,4014,19,50024
GPP,4015,19,50024
GPP,4016,19,50040
GPP,4017,19,50055
GPP,4018,19,50071
GPP,4019,19,50071
GPP,4020,19,50087
GPP,4021,19,50102
GPP,4022,19,50118
GPP,4023,19,50134
GPP,4024,19,50134
GPP,4025,19,50149
GPP,4026,19,50165
GPP,4027,19,50181
GPP,4028,19,50197
GPP,4029,19,50197
GPP,4030,19,50212
GPP,4031,19,50228
GPP,4032,19,50244
GPP,4033,19,50259
GPP,4034,19,50259
GPP,4035,19,50275
GPP,4036,19,50291
GPP,4037,19,50306
GPP,4038,19,50322
GPP,4039,19,50322
GPP,4040,19,50338
GPP,4041,19,50353
GPP,4042,19,50369
GPP,4043,19,50385
GPP,4044,19,50385
GPP,4045,19,50400
GPP,4046,19,50416
GPP,4047,19,50432
GPP,4048,19,50447
GPP,4049,19,50447
GPP,4050,19,50463
GPP,4051,19,50479
GPP,4052,19,50495
GPP,4053,19,50510
GPP,4054,19,50510
GPP,4055,19,50526
GPP,4056,19,50548
GPP,4057,19,50557
GPP,4058,19,50573
GPP,4059,19,50573
GPP,4060,19,50589
GPP,4061,19,50605
GPP,4062,19,50621
GPP,4063,19,50636
GPP,4064,19,50636
GPP,4065,19,50652
GPP,4066,19,50667
GPP,4067,19,50683
GPP,4068,19,50699
GPP,4069,19,50699
GPP,4070,19,50715
GPP,4071,19,50731
GPP,4072,19,50746
GPP,4073,19,50746
GPP,4074,19,50762
GPP,4075,19,50778
GPP,4076,19,50793
GPP,4077,19,50809
GPP,4078,19,50809
GPP,4079,19,50825
GPP,4080,19,50840
GPP,4081,19,50856
GPP,4082,19,50872
GPP,4083,19,50872
GPP,4084,19,50888
GPP,4085,19,50903
GPP,4086,19,50919
GPP,4087,19,50935
GPP,4088,19,50935
GPP,4089,19,50951
GPP,4090,19,50966
GPP,4091,19,50984
GPP,4092,19,50998
GPP,4093,19,50998
GPP,4094,19,51014
GPP,4095,19,51029
GPP,4096,19,51045
GPP,4097,19,51061
GPP,4098,19,51061
GPP,4099,19,51076
GPP,4100,19,51092
GPP,4101,19,51108
GPP,4102,19,51124
GPP,4103,19,51139
GPP,4104,19,51139
GPP,4105,19,51155
GPP,4106,19,51171
GPP,4107,19,51186
GPP,4108,19,51202
GPP,4109,19,51202
GPP,4110,19,51218
GPP,4111,19,51233
GPP,4112,19,51249
GPP,4113,19,51265
GPP,4114,19,51265
GPP,4115,19,51281
GPP,4116,19,51296
GPP,4117,19,51312
GPP,4118,19,51328
GPP,4119,19,51328
GPP,4120,19,51343
GPP,4121,19,51359
GPP,4122,19,51375
GPP,4123,19,51390
GPP,4124,19,51390
GPP,4125,19,51406
GPP,4126,19,51422
GPP,4127,19,51437
GPP,4128,19,51453
GPP,4129,19,51453
GPP,4130,19,51469
GPP,4131,19,51484
GPP,4132,19,51500
GPP,4133,19,51516
GPP,4134,19,51516
GPP,4135,19,51532
GPP,4136,19,51547
GPP,4137,19,51563
GPP,4138,19,51579
GPP,4139,19,51579
GPP,4140,19,51594
GPP,4141,19,51610
GPP,4142,19,51626
GPP,4143,19,51641
GPP,4144,19,51641
GPP,4145,19,51657
GPP,4146,19,51673
GPP,4147,19,51689
GPP,4148,19,51704
GPP,4149,19,51704
GPP,4150,19,51720
GPP,4151,19,51736
GPP,4152,19,51751
GPP,4153,19,51767
GPP,4154,19,51767
GPP,4155,19,51783
GPP,4156,19,51798
GPP,4157,19,51814
GPP,4158,19,51830
GPP,4159,19,51830
GPP,4160,19,51846
GPP,4161,19,51861
GPP,4162,19,51877
GPP,4163,19,51893
GPP,4164,19,51893
GPP,4165,19,51917
GPP,4166,19,51924
GPP,4167,19,51940
GPP,4168,19,51955
GPP,4169,19,51955
GPP,4170,19,51971
GPP,4171,19,51987
GPP,4172,19,52003
GPP,4173,19,52018
GPP,4174,19,52018
GPP,4175,19,52034
GPP,4176,19,52050
GPP,4177,19,52066
GPP,4178,19,52081
GPP,4179,19,52081
GPP,4180,19,52097
GPP,4181,19,52113
GPP,4182,19,52128
GPP,4183,19,52144
GPP,4184,19,52144
GPP,4185,19,52160
GPP,4186,19,52175
GPP,4187,19,52191
GPP,4188,19,52207
GPP,4189,19,52207
GPP,4190,19,52223
GPP,4191,19,52238
GPP,4192,19,52254
GPP,4193,19,52254
GPP,4194,19,52270
GPP,4195,19,52285
GPP,4196,19,52301
GPP,4197,19,52317
GPP,4198,19,52317
GPP,4199,19,52333
GPP,4200,19,52348
GPP,4201,19,52364
GPP,4202,19,52380
GPP,4203,19,52380
GPP,4204,19,52395
GPP,4205,19,52411
GPP,4206,19,52427
GPP,4207,19,52443
GPP,4208,19,52443
GPP,4209,19,52458
GPP,4210,19,52474
GPP,4211,19,52490
GPP,4212,19,52505
GPP,4213,19,52505
GPP,4214,19,52521
GPP,4215,19,52537
GPP,4216,19,52553
GPP,4217,19,52568
GPP,4218,19,52568
GPP,4219,19,52584
GPP,4220,19,52600
GPP,4221,19,52615
GPP,4222,19,52631
GPP,4223,19,52631
GPP,4224,19,52647
GPP,4225,19,52662
GPP,4226,19,52678
GPP,4227,19,52694
GPP,4228,19,52694
GPP,4229,19,52710
GPP,4230,19,52725
GPP,4231,19,52741
GPP,4232,19,52741
GPP,4233,19,52757
GPP,4234,19,52780
GPP,4235,19,52794
GPP,4236,19,52804
GPP,4237,19,52820
GPP,4238,19,52820
GPP,4239,19,52835
GPP,4240,19,52851
GPP,4241,19,52867
GPP,4242,19,52882
GPP,4243,19,52882
GPP,4244,19,52898
GPP,4245,19,52914
GPP,4246,19,52930
GPP,4247,19,52945
GPP,4248,19,52945
GPP,4249,19,52961
GPP,4250,19,52977
GPP,4251,19,52992
GPP,4252,19,53008
GPP,4253,19,53024
GPP,4254,19,53024
GPP,4255,19,53039
GPP,4256,19,53055
GPP,4257,19,53071
GPP,4258,19,53087
GPP,4259,19,53087
GPP,4260,19,53102
GPP,4261,19,53118
GPP,4262,19,53134
GPP,4263,19,53149
GPP,4264,19,53149
GPP,4265,19,53165
GPP,4266,19,53181
GPP,4267,19,53197
GPP,4268,19,53197
GPP,4269,19,53212
GPP,4270,19,53228
GPP,4271,19,53244
GPP,4272,19,53260
GPP,4273,19,53275
GPP,4274,19,53283
GPP,4275,19,53291
GPP,4276,19,53307
GPP,4277,19,53322
GPP,4278,19,53338
GPP,4279,19,53338
GPP,4280,19,53354
GPP,4281,19,53369
GPP,4282,19,53385
GPP,4283,19,53401
GPP,4284,19,53401
GPP,4285,19,53416
GPP,4286,19,53432
GPP,4287,19,53448
GPP,4288,19,53448
GPP,4289,19,53464
GPP,4290,19,53479
GPP,4291,19,53495
GPP,4292,19,53511
GPP,4293,19,53511
GPP,4294,19,53526
GPP,4295,19,53542
GPP,4296,19,53558
GPP,4297,19,53574
GPP,4298,19,53574
GPP,4299,19,53589
GPP,4300,19,53605
GPP,4301,19,53621
GPP,4302,19,53636
GPP,4303,19,53636
GPP,4304,19,53652
GPP,4305,19,53668
GPP,4306,19,53683
GPP,4307,19,53699
GPP,4308,19,53699
GPP,4309,19,53715
GPP,4310,19,53730
GPP,4311,19,53746
GPP,4312,19,53762
GPP,4313,19,53762
GPP,4314,19,53777
GPP,4315,19,53793
GPP,4316,19,53809
GPP,4317,19,53825
GPP,4318,19,53825
GPP,4319,19,53840
GPP,4320,19,53856
GPP,4321,19,53872
GPP,4322,19,53887
GPP,4323,19,53887
GPP,4324,19,53903
GPP,4325,19,53919
GPP,4326,19,53934
GPP,4327,19,53950
GPP,4328,19,53950
GPP,4329,19,53966
GPP,4330,19,53982
GPP,4331,19,53997
GPP,4332,19,54013
GPP,4333,19,54013
GPP,4334,19,54029
GPP,4335,19,54045
GPP,4336,19,54060
GPP,4337,19,54076
GPP,4338,19,54076
GPP,4339,19,54092
GPP,4340,19,54107
GPP,4341,19,54123
GPP,4342,19,54139
GPP,4343,19,54139
GPP,4344,19,54155
GPP,4345,19,54170
GPP,4346,19,54186
GPP,4347,19,54202
GPP,4348,19,54202
GPP,4349,19,54217
GPP,4350,19,54233
GPP,4351,19,54249
GPP,4352,19,54249
GPP,4353,19,54264
GPP,4354,19,54280
GPP,4355,19,54296
GPP,4356,19,54312
GPP,4357,19,54312
GPP,4358,19,54327
GPP,4359,19,54343
GPP,4360,19,54359
GPP,4361,19,54374
GPP,4362,19,54374
GPP,4363,19,54390
GPP,4364,19,54406
GPP,4365,19,54421
GPP,4366,19,54437
GPP,4367,19,54437
GPP,4368,19,54453
GPP,4369,19,54469
GPP,4370,19,54484
GPP,4371,19,54500
GPP,4372,19,54500
GPP,4373,19,54516
GPP,4374,19,54531
GPP,4375,19,54547
GPP,4376,19,54563
GPP,4377,19,54571
GPP,4378,19,54578
GPP,4379,19,54594
GPP,4380,19,54610
GPP,4381,19,54610
GPP,4382,19,54626
GPP,4383,19,54641
GPP,4384,19,54657
GPP,4385,19,54673
GPP,4386,19,54673
GPP,4387,19,54688
GPP,4388,19,54704
GPP,4389,19,54720
GPP,4390,19,54736
GPP,4391,19,54736
GPP,4392,19,54751
GPP,4393,19,54767
GPP,4394,19,54783
GPP,4395,19,54799
GPP,4396,19,54799
GPP,4397,19,54814
GPP,4398,19,54830
GPP,4399,19,54846
GPP,4400,19,54862
GPP,4401,19,54862
GPP,4402,19,54877
GPP,4403,19,54893
GPP,4404,19,54909
GPP,4405,19,54925
GPP,4406,19,54925
GPP,4407,19,54940
GPP,4408,19,54956
GPP,4409,19,54972
GPP,4410,19,54987
GPP,4411,19,54987
GPP,4412,19,55003
GPP,4413,19,55019
GPP,4414,19,55035
GPP,4415,19,55050
GPP,4416,19,55050
GPP,4417,19,55066
GPP,4418,19,55082
GPP,4419,19,55097
GPP,4420,19,55113
GPP,4421,19,55113
GPP,4422,19,55129
GPP,4423,19,55144
GPP,4424,19,55160
GPP,4425,19,55176
GPP,4426,19,55176
GPP,4427,19,55191
GPP,4428,19,55207
GPP,4429,19,55223
GPP,4430,19,55238
GPP,4431,19,55238
GPP,4432,19,55254
GPP,4433,19,55270
GPP,4434,19,55285
GPP,4435,19,55301
GPP,4436,19,55301
GPP,4437,19,55317
GPP,4438,19,55333
GPP,4439,19,55348
GPP,4440,19,55364
GPP,4441,19,55364
GPP,4442,19,55380
GPP,4443,19,55396
GPP,4444,19,55411
GPP,4445,19,55427
GPP,4446,19,55427
GPP,4447,19,55443
GPP,4448,19,55459
GPP,4449,19,55474
GPP,4450,19,55474
GPP,4451,19,55490
GPP,4452,19,55506
GPP,4453,19,55521
GPP,4454,19,55537
GPP,4455,19,55537
GPP,4456,19,55553
GPP,4457,19,55569
GPP,4458,19,55584
GPP,4459,19,55600
GPP,4460,19,55600
GPP,4461,19,55616
GPP,4462,19,55632
GPP,4463,19,55647
GPP,4464,19,55663
GPP,4465,19,55663
GPP,4466,19,55679
GPP,4467,19,55694
GPP,4468,19,55710
GPP,4469,19,55726
GPP,4470,19,55726
GPP,4471,19,55741
GPP,4472,19,55757
GPP,4473,19,55773
GPP,4474,19,55789
GPP,4475,19,55789
GPP,4476,19,55804
GPP,4477,19,55820
GPP,4478,19,55836
GPP,4479,19,55836
GPP,4480,19,55851
GPP,4481,19,55867
GPP,4482,19,55883
GPP,4483,19,55898
GPP,4484,19,55914
GPP,4485,19,55914
GPP,4486,19,55930
GPP,4487,19,55946
GPP,4488,19,55961
GPP,4489,19,55977
GPP,4490,19,55977
GPP,4491,19,56001
GPP,4492,19,56008
GPP,4493,19,56024
GPP,4494,19,56040
GPP,4495,19,56040
GPP,4496,19,56055
GPP,4497,19,56071
GPP,4498,19,56087
GPP,4499,19,56102
GPP,4500,19,56102
GPP,4501,19,56118
GPP,4502,19,56134
GPP,4503,19,56150
GPP,4504,19,56165
GPP,4505,19,56165
GPP,4506,19,56181
GPP,4507,19,56197
GPP,4508,19,56212
GPP,4509,19,56228
GPP,4510,19,56228
GPP,4511,19,56244
GPP,4512,19,56259
GPP,4513,19,56275
GPP,4514,19,56291
GPP,4515,19,56291
GPP,4516,19,56306
GPP,4517,19,56322
GPP,4518,19,56338
GPP,4519,19,56354
GPP,4520,19,56354
GPP,4521,19,56369
GPP,4522,19,56385
GPP,4523,19,56401
GPP,4524,19,56401
GPP,4525,19,56417
GPP,4526,19,56432
GPP,4527,19,56448
GPP,4528,19,56464
GPP,4529,19,56464
GPP,4530,19,56479
GPP,4531,19,56495
GPP,4532,19,56511
GPP,4533,19,56526
GPP,4534,19,56526
GPP,4535,19,56542
GPP,4536,19,56558
GPP,4537,19,56574
GPP,4538,19,56589
GPP,4539,19,56589
GPP,4540,19,56605
GPP,4541,19,56621
GPP,4542,19,56637
GPP,4543,19,56652
GPP,4544,19,56652
GPP,4545,19,56668
GPP,4546,19,56684
GPP,4547,19,56699
GPP,4548,19,56715
GPP,4549,19,56715
GPP,4550,19,56731
GPP,4551,19,56746
GPP,4552,19,56762
GPP,4553,19,56778
GPP,4554,19,56778
GPP,4555,19,56793
GPP,4556,19,56809
GPP,4557,19,56825
GPP,4558,19,56841
GPP,4559,19,56841
GPP,4560,19,56856
GPP,4561,19,56872
GPP,4562,19,56888
GPP,4563,19,56888
GPP,4564,19,56903
GPP,4565,19,56919
GPP,4566,19,56935
GPP,4567,19,56951
GPP,4568,19,56951
GPP,4569,19,56966
GPP,4570,19,56982
GPP,4571,19,56998
GPP,4572,19,57013
GPP,4573,19,57029
GPP,4574,19,57029
GPP,4575,19,57045
GPP,4576,19,57061
GPP,4577,19,57076
GPP,4578,19,57076
GPP,4579,19,57092
GPP,4580,19,57108
GPP,4581,19,57123
GPP,4582,19,57139
GPP,4583,19,57139
GPP,4584,19,57155
GPP,4585,19,57170
GPP,4586,19,57186
GPP,4587,19,57202
GPP,4588,19,57202
GPP,4589,19,57218
GPP,4590,19,57233
GPP,4591,19,57249
GPP,4592,19,57265
GPP,4593,19,57265
GPP,4594,19,57280
GPP,4595,19,57296
GPP,4596,19,57312
GPP,4597,19,57328
GPP,4598,19,57328
GPP,4599,19,57343
GPP,4600,19,57366
GPP,4601,19,57375
GPP,4602,19,57391
GPP,4603,19,57406
GPP,4604,19,57406
GPP,4605,19,57422
GPP,4606,19,57438
GPP,4607,19,57453
GPP,4608,19,57469
GPP,4609,19,57469
GPP,4610,19,57485
GPP,4611,19,57501
GPP,4612,19,57516
GPP,4613,19,57532
GPP,4614,19,57532
GPP,4615,19,57548
GPP,4616,19,57563
GPP,4617,19,57579
GPP,4618,19,57595
GPP,4619,19,57611
GPP,4620,19,57611
GPP,4621,19,57626
GPP,4622,19,57642
GPP,4623,19,57658
GPP,4624,19,57673
GPP,4625,19,57673
GPP,4626,19,57689
GPP,4627,19,57710
GPP,4628,19,57720
GPP,4629,19,57736
GPP,4630,19,57752
GPP,4631,19,57752
GPP,4632,19,57767
GPP,4633,19,57783
GPP,4634,19,57799
GPP,4635,19,57815
GPP,4636,19,57815
GPP,4637,19,57830
GPP,4638,19,57846
GPP,4639,19,57862
GPP,4640,19,57877
GPP,4641,19,57893
GPP,4642,19,57893
GPP,4643,19,57909
GPP,4644,19,57925
GPP,4645,19,57940
GPP,4646,19,57956
GPP,4647,19,57972
GPP,4648,19,57986
GPP,4649,19,57988
GPP,4650,19,58003
GPP,4651,19,58019
GPP,4652,19,58035
GPP,4653,19,58050
GPP,4654,19,58050
GPP,4655,19,58066
GPP,4656,19,58082
GPP,4657,19,58098
GPP,4658,19,58116
GPP,4659,19,58116
GPP,4660,19,58130
GPP,4661,19,58146
GPP,4662,19,58161
GPP,4663,19,58177
GPP,4664,19,58193
GPP,4665,19,58193
GPP,4666,19,58218
GPP,4667,19,58224
GPP,4668,19,58240
GPP,4669,19,58256
GPP,4670,19,58271
GPP,4671,19,58271
GPP,4672,19,58287
GPP,4673,19,58303
GPP,4674,19,58321
GPP,4675,19,58334
GPP,4676,19,58334
GPP,4677,19,58350
GPP,4678,19,58366
GPP,4679,19,58381
GPP,4680,19,58397
GPP,4681,19,58397
GPP,4682,19,58413
GPP,4683,19,58429
GPP,4684,19,58444
GPP,4685,19,58460
GPP,4686,19,58476
GPP,4687,19,58489
GPP,4688,19,58492
GPP,4689,19,58508
GPP,4690,19,58533
GPP,4691,19,58541
GPP,4692,19,58555
GPP,4693,19,58571
GPP,4694,19,58587
GPP,4695,19,58603
GPP,4696,19,58603
GPP,4697,19,58619
GPP,4698,19,58634
GPP,4699,19,58650
GPP,4700,19,58666
GPP,4701,19,58682
GPP,4702,19,58688
GPP,4703,19,58697
GPP,4704,19,58713
GPP,4705,19,58735
GPP,4706,19,58745
GPP,4707,19,58760
GPP,4708,19,58760
GPP,4709,19,58776
GPP,4710,19,58792
GPP,4711,19,58807
GPP,4712,19,58823
GPP,4713,19,58823
GPP,4714,19,58839
GPP,4715,19,58859
GPP,4716,19,58870
GPP,4717,19,58890
GPP,4718,19,58901
GPP,4719,19,58913
GPP,4720,19,58923
GPP,4721,19,58932
GPP,4722,19,58948
GPP,4723,19,58964
GPP,4724,19,58980
GPP,4725,19,58995
GPP,4726,19,58995
GPP,4727,19,59011
GPP,4728,19,59027
GPP,4729,19,59046
GPP,4730,19,59058
GPP,4731,19,59058
GPP,4732,19,59074
GPP,4733,19,59095
GPP,4734,19,59106
GPP,4735,19,59122
GPP,4736,19,59137
GPP,4737,19,59137
GPP,4738,19,59153
GPP,4739,19,59169
GPP,4740,19,59184
GPP,4741,19,59200
GPP,4742,19,59200
GPP,4743,19,59216
GPP,4744,19,59232
GPP,4745,19,59248
GPP,4746,19,59263
GPP,4747,19,59279
GPP,4748,19,59279
GPP,4749,19,59294
GPP,4750,19,59317
GPP,4751,19,59325
GPP,4752,19,59341
GPP,4753,19,59357
GPP,4754,19,59357
GPP,4755,19,59383
GPP,4756,19,59389
GPP,4757,19,59405
GPP,4758,19,59420
GPP,4759,19,59436
GPP,4760,19,59452
GPP,4761,19,59452
GPP,4762,19,59468
GPP,4763,19,59483
GPP,4764,19,59499
GPP,4765,19,59515
GPP,4766,19,59515
GPP,4767,19,59530
GPP,4768,19,59546
GPP,4769,19,59562
GPP,4770,19,59578
GPP,4771,19,59578
GPP,4772,19,59593
GPP,4773,19,59609
GPP,4774,19,59625
GPP,4775,19,59641
GPP,4776,19,59641
GPP,4777,19,59656
GPP,4778,19,59672
GPP,4779,19,59688
GPP,4780,19,59704
GPP,4781,19,59719
GPP,4782,19,59719
GPP,4783,19,59735
GPP,4784,19,59751
GPP,4785,19,59766
GPP,4786,19,59782
GPP,4787,19,59782
GPP,4788,19,59798
GPP,4789,19,59814
GPP,4790,19,59829
GPP,4791,19,59845
GPP,4792,19,59845
GPP,4793,19,59861
GPP,4794,19,59877
GPP,4795,19,59892
GPP,4796,19,59908
GPP,4797,19,59908
GPP,4798,19,59924
GPP,4799,19,59939
GPP,4800,19,59955
GPP,4801,19,59971
GPP,4802,19,59971
GPP,4803,19,59986
GPP,4804,19,60002
GPP,4805,19,60018
GPP,4806,19,60034
GPP,4807,19,60049
GPP,4808,19,60049
GPP,4809,19,60065
GPP,4810,19,60087
GPP,4811,19,60097
GPP,4812,19,60112
GPP,4813,19,60112
GPP,4814,19,60128
GPP,4815,19,60144
GPP,4816,19,60159
GPP,4817,19,60175
GPP,4818,19,60175
GPP,4819,19,60191
GPP,4820,19,60207
GPP,4821,19,60222
GPP,4822,19,60238
GPP,4823,19,60238
GPP,4824,19,60254
GPP,4825,19,60270
GPP,4826,19,60285
GPP,4827,19,60301
GPP,4828,19,60301
GPP,4829,19,60317
GPP,4830,19,60332
GPP,4831,19,60348
GPP,4832,19,60364
GPP,4833,19,60364
GPP,4834,19,60380
GPP,4835,19,60395
GPP,4836,19,60411
GPP,4837,19,60427
GPP,4838,19,60427
GPP,4839,19,60442
GPP,4840,19,60458
GPP,4841,19,60474
GPP,4842,19,60489
GPP,4843,19,60489
GPP,4844,19,60505
GPP,4845,19,60521
GPP,4846,19,60536
GPP,4847,19,60536
GPP,4848,19,60552
GPP,4849,19,60568
GPP,4850,19,60584
GPP,4851,19,60599
GPP,4852,19,60599
GPP,4853,19,60615
GPP,4854,19,60631
GPP,4855,19,60651
GPP,4856,19,60662
GPP,4857,19,60662
GPP,4858,19,60678
GPP,4859,19,60694
GPP,4860,19,60709
GPP,4861,19,60725
GPP,4862,19,60725
GPP,4863,19,60741
GPP,4864,19,60756
GPP,4865,19,60772
GPP,4866,19,60791
GPP,4867,19,60804
GPP,4868,19,60804
GPP,4869,19,60820
GPP,4870,19,60836
GPP,4871,19,60851
GPP,4872,19,60867
GPP,4873,19,60867
GPP,4874,19,60883
GPP,4875,19,60898
GPP,4876,19,60914
GPP,4877,19,60930
GPP,4878,19,60945
GPP,4879,19,60945
GPP,4880,19,60961
GPP,4881,19,60977
GPP,4882,19,60993
GPP,4883,19,61008
GPP,4884,19,61008
GPP,4885,19,61024
GPP,4886,19,61040
GPP,4887,19,61055
GPP,4888,19,61071
GPP,4889,19,61071
GPP,4890,19,61091
GPP,4891,19,61107
GPP,4892,19,61118
GPP,4893,19,61134
GPP,4894,19,61150
GPP,4895,19,61159
GPP,4896,19,61165
GPP,4897,19,61181
GPP,4898,19,61197
GPP,4899,19,61212
GPP,4900,19,61212
GPP,4901,19,61228
GPP,4902,19,61244
GPP,4903,19,61260
GPP,4904,19,61275
GPP,4905,19,61275
GPP,4906,19,61291
GPP,4907,19,61307
GPP,4908,19,61322
GPP,4909,19,61338
GPP,4910,19,61338
GPP,4911,19,61354
GPP,4912,19,61370
GPP,4913,19,61385
GPP,4914,19,61401
GPP,4915,19,61401
GPP,4916,19,61417
GPP,4917,19,61432
GPP,4918,19,61453
GPP,4919,19,61464
GPP,4920,19,61464
GPP,4921,19,61479
GPP,4922,19,61495
GPP,4923,19,61511
GPP,4924,19,61527
GPP,4925,19,61527
GPP,4926,19,61542
GPP,4927,19,61558
GPP,4928,19,61574
GPP,4929,19,61589
GPP,4930,19,61589
GPP,4931,19,61605
GPP,4932,19,61621
GPP,4933,19,61637
GPP,4934,19,61652
GPP,4935,19,61652
GPP,4936,19,61668
GPP,4937,19,61684
GPP,4938,19,61699
GPP,4939,19,61715
GPP,4940,19,61715
GPP,4941,19,61731
GPP,4942,19,61746
GPP,4943,19,61762
GPP,4944,19,61778
GPP,4945,19,61786
GPP,4946,19,61794
GPP,4947,19,61809
GPP,4948,19,61825
GPP,4949,19,61841
GPP,4950,19,61841
GPP,4951,19,61857
GPP,4952,19,61872
GPP,4953,19,61888
GPP,4954,19,61904
GPP,4955,19,61904
GPP,4956,19,61919
GPP,4957,19,61935
GPP,4958,19,61951
GPP,4959,19,61967
GPP,4960,19,61967
GPP,4961,19,61982
GPP,4962,19,61998
GPP,4963,19,62014
GPP,4964,19,62029
GPP,4965,19,62029
GPP,4966,19,62045
GPP,4967,19,62061
GPP,4968,19,62076
GPP,4969,19,62092
GPP,4970,19,62092
GPP,4971,19,62108
GPP,4972,19,62123
GPP,4973,19,62139
GPP,4974,19,62155
GPP,4975,19,62155
GPP,4976,19,62171
GPP,4977,19,62186
GPP,4978,19,62202
GPP,4979,19,62218
GPP,4980,19,62218
GPP,4981,19,62234
GPP,4982,19,62249
GPP,4983,19,62265
GPP,4984,19,62281
GPP,4985,19,62281
GPP,4986,19,62296
GPP,4987,19,62312
GPP,4988,19,62328
GPP,4989,19,62343
GPP,4990,19,62343
GPP,4991,19,62359
GPP,4992,19,62375
GPP,4993,19,62390
GPP,4994,19,62406
GPP,4995,19,62406
GPP,4996,19,62422
GPP,4997,19,62437
GPP,4998,19,62453
GPP,4999,19,62453
QAP,0,302,0
QAP,1,270,31
QAP,2,270,47
QAP,3,270,62
QAP,4,270,78
QAP,5,270,110
QAP,6,270,125
QAP,7,270,141
QAP,8,270,157
QAP,9,270,188
QAP,10,270,204
QAP,11,258,219
QAP,12,258,251
QAP,13,258,267
QAP,14,258,282
QAP,15,258,298
QAP,16,258,329
QAP,17,258,345
QAP,18,258,361
QAP,19,258,377
QAP,20,258,408
QAP,21,258,424
QAP,22,258,439
QAP,23,258,455
QAP,24,258,486
QAP,25,258,502
QAP,26,258,518
QAP,27,256,534
QAP,28,256,565
QAP,29,256,581
QAP,30,256,596
QAP,31,256,612
QAP,32,256,644
QAP,33,256,659
QAP,34,256,675
QAP,35,256,707
QAP,36,252,722
QAP,37,252,738
QAP,38,252,754
QAP,39,252,785
QAP,40,252,801
QAP,41,252,816
QAP,42,252,832
QAP,43,250,863
QAP,44,250,879
QAP,45,250,895
QAP,46,250,910
QAP,47,250,942
QAP,48,250,958
QAP,49,250,973
QAP,50,250,989
QAP,51,250,1021
QAP,52,250,1036
QAP,53,250,1052
QAP,54,250,1068
QAP,55,250,1099
QAP,56,250,1115
QAP,57,250,1130
QAP,58,250,1146
QAP,59,250,1177
QAP,60,250,1193
QAP,61,250,1209
QAP,62,250,1225
QAP,63,246,1256
QAP,64,246,1272
QAP,65,246,1287
QAP,66,246,1303
QAP,67,246,1334
QAP,68,246,1350
QAP,69,246,1366
QAP,70,246,1381
QAP,71,246,1413
QAP,72,242,1428
QAP,73,242,1444
QAP,74,242,1460
QAP,75,242,1491
QAP,76,242,1507
QAP,77,240,1522
QAP,78,240,1554
QAP,79,240,1570
QAP,80,240,1585
QAP,81,240,1601
QAP,82,236,1632
QAP,83,236,1648
QAP,84,236,1664
QAP,85,236,1688
QAP,86,236,1711
QAP,87,234,1727
QAP,88,234,1742
QAP,89,234,1758
QAP,90,234,1790
QAP,91,234,1805
QAP,92,234,1821
QAP,93,226,1837
QAP,94,226,1868
QAP,95,226,1884
QAP,96,226,1899
QAP,97,226,1931
QAP,98,226,1947
QAP,99,226,1962
QAP,100,222,1978
QAP,101,222,2010
QAP,102,222,2025
QAP,103,222,2041
QAP,104,222,2057
QAP,105,222,2091
QAP,106,218,2104
QAP,107,218,2120
QAP,108,218,2151
QAP,109,218,2167
QAP,110,216,2182
QAP,111,216,2198
QAP,112,216,2230
QAP,113,216,2245
QAP,114,212,2261
QAP,115,212,2277
QAP,116,212,2308
QAP,117,212,2324
QAP,118,212,2339
QAP,119,212,2357
QAP,120,206,2386
QAP,121,206,2402
QAP,122,206,2418
QAP,123,206,2433
QAP,124,206,2465
QAP,125,206,2481
QAP,126,206,2496
QAP,127,206,2512
QAP,128,206,2543
QAP,129,206,2559
QAP,130,206,2575
QAP,131,206,2590
QAP,132,202,2622
QAP,133,202,2638
QAP,134,202,2653
QAP,135,202,2669
QAP,136,202,2700
QAP,137,202,2716
QAP,138,202,2732
QAP,139,200,2747
QAP,140,200,2779
QAP,141,198,2797
QAP,142,198,2810
QAP,143,198,2826
QAP,144,198,2857
QAP,145,198,2873
QAP,146,194,2889
QAP,147,194,2905
QAP,148,194,2936
QAP,149,194,2952
QAP,150,194,2967
QAP,151,194,2983
QAP,152,194,3014
QAP,153,194,3030
QAP,154,194,3047
QAP,155,194,3061
QAP,156,194,3093
QAP,157,194,3108
QAP,158,192,3124
QAP,159,192,3140
QAP,160,192,3171
QAP,161,192,3187
QAP,162,184,3203
QAP,163,184,3218
QAP,164,184,3250
QAP,165,184,3266
QAP,166,184,3281
QAP,167,184,3297
QAP,168,184,3328
QAP,169,178,3344
QAP,170,178,3360
QAP,171,174,3376
QAP,172,174,3407
QAP,173,174,3423
QAP,174,174,3438
QAP,175,174,3454
QAP,176,174,3486
QAP,177,174,3501
QAP,178,174,3517
QAP,179,174,3533
QAP,180,168,3564
QAP,181,168,3580
QAP,182,168,3596
QAP,183,168,3627
QAP,184,168,3643
QAP,185,168,3659
QAP,186,168,3683
QAP,187,168,3706
QAP,188,168,3721
QAP,189,168,3737
QAP,190,168,3753
QAP,191,164,3784
QAP,192,164,3800
QAP,193,164,3816
QAP,194,164,3831
QAP,195,164,3863
QAP,196,164,3878
QAP,197,164,3894
QAP,198,164,3910
QAP,199,164,3941
QAP,200,164,3957
QAP,201,164,3972
QAP,202,160,3988
QAP,203,160,4020
QAP,204,160,4035
QAP,205,156,4051
QAP,206,156,4066
QAP,207,156,4098
QAP,208,156,4114
QAP,209,156,4129
QAP,210,156,4145
QAP,211,156,4176
QAP,212,156,4192
QAP,213,152,4208
QAP,214,152,4224
QAP,215,152,4255
QAP,216,152,4271
QAP,217,152,4286
QAP,218,152,4302
QAP,219,152,4333
QAP,220,152,4349
QAP,221,152,4365
QAP,222,152,4380
QAP,223,152,4412
QAP,224,152,4428
QAP,225,152,4443
QAP,226,152,4459
QAP,227,152,4490
QAP,228,152,4506
QAP,229,152,4522
QAP,230,152,4538
QAP,231,152,4569
QAP,232,148,4585
QAP,233,148,4600
QAP,234,148,4616
QAP,235,146,4647
QAP,236,144,4663
QAP,237,144,4679
QAP,238,136,4695
QAP,239,136,4726
QAP,240,136,4742
QAP,241,136,4757
QAP,242,136,4773
QAP,243,136,4804
QAP,244,136,4820
QAP,245,136,4836
QAP,246,136,4852
QAP,247,136,4883
QAP,248,136,4899
QAP,249,136,4914
QAP,250,136,4930
QAP,251,132,4961
QAP,252,132,4977
QAP,253,132,4993
QAP,254,132,5008
QAP,255,132,5040
QAP,256,132,5056
QAP,257,132,5071
QAP,258,130,5087
QAP,259,130,5119
QAP,260,130,5134
QAP,261,130,5150
QAP,262,130,5166
QAP,263,130,5197
QAP,264,130,5213
QAP,265,130,5229
QAP,266,130,5244
QAP,267,130,5276
QAP,268,130,5292
QAP,269,130,5307
QAP,270,130,5323
QAP,271,130,5354
QAP,272,130,5370
QAP,273,130,5386
QAP,274,130,5402
QAP,275,130,5433
QAP,276,130,5449
QAP,277,130,5465
QAP,278,130,5481
QAP,279,130,5512
QAP,280,130,5528
QAP,281,130,5543
QAP,282,130,5575
QAP,283,130,5591
QAP,284,130,5606
QAP,285,130,5622
QAP,286,128,5653
QAP,287,126,5669
QAP,288,124,5685
QAP,289,124,5701
QAP,290,124,5732
QAP,291,124,5748
QAP,292,124,5772
QAP,293,124,5795
QAP,294,124,5810
QAP,295,124,5826
QAP,296,124,5842
QAP,297,124,5873
QAP,298,124,5889
QAP,299,120,5905
QAP,300,120,5920
QAP,301,120,5952
QAP,302,120,5967
QAP,303,120,5983
QAP,304,120,5999
QAP,305,120,6030
QAP,306,120,6046
QAP,307,120,6061
QAP,308,120,6077
QAP,309,120,6093
QAP,310,116,6124
QAP,311,116,6140
QAP,312,116,6156
QAP,313,116,6171
QAP,314,116,6203
QAP,315,116,6218
QAP,316,112,6234
QAP,317,112,6250
QAP,318,112,6281
QAP,319,112,6297
QAP,320,112,6313
QAP,321,112,6328
QAP,322,112,6344
QAP,323,112,6376
QAP,324,112,6391
QAP,325,112,6407
QAP,326,112,6423
QAP,327,112,6454
QAP,328,112,6470
QAP,329,112,6486
QAP,330,112,6517
QAP,331,112,6533
QAP,332,112,6548
QAP,333,112,6564
QAP,334,112,6596
QAP,335,112,6611
QAP,336,112,6627
QAP,337,112,6643
QAP,338,112,6674
QAP,339,112,6690
QAP,340,112,6706
QAP,341,108,6721
QAP,342,108,6753
QAP,343,108,6769
QAP,344,108,6784
QAP,345,108,6816
QAP,346,108,6831
QAP,347,108,6847
QAP,348,108,6863
QAP,349,108,6894
QAP,350,108,6910
QAP,351,108,6925
QAP,352,108,6941
QAP,353,108,6973
QAP,354,108,6988
QAP,355,108,7004
QAP,356,108,7020
QAP,357,108,7051
QAP,358,108,7067
QAP,359,108,7082
QAP,360,108,7106
QAP,361,108,7129
QAP,362,108,7145
QAP,363,108,7161
QAP,364,104,7177
QAP,365,104,7208
QAP,366,104,7224
QAP,367,104,7240
QAP,368,104,7255
QAP,369,104,7287
QAP,370,104,7302
QAP,371,104,7318
QAP,372,104,7334
QAP,373,104,7365
QAP,374,104,7381
QAP,375,104,7397
QAP,376,104,7412
QAP,377,104,7443
QAP,378,104,7459
QAP,379,100,7475
QAP,380,100,7491
QAP,381,100,7522
QAP,382,100,7538
QAP,383,96,7553
QAP,384,96,7569
QAP,385,96,7600
QAP,386,96,7616
QAP,387,96,7632
QAP,388,96,7647
QAP,389,96,7679
QAP,390,92,7694
QAP,391,92,7710
QAP,392,92,7726
QAP,393,92,7742
QAP,394,92,7773
QAP,395,92,7788
QAP,396,92,7804
QAP,397,92,7820
QAP,398,92,7851
QAP,399,92,7867
QAP,400,92,7883
QAP,401,92,7899
QAP,402,92,7930
QAP,403,92,7946
QAP,404,92,7961
QAP,405,84,7977
QAP,406,84,8008
QAP,407,84,8024
QAP,408,84,8040
QAP,409,84,8055
QAP,410,84,8087
QAP,411,84,8102
QAP,412,84,8118
QAP,413,84,8134
QAP,414,84,8165
QAP,415,84,8181
QAP,416,84,8197
QAP,417,84,8212
QAP,418,84,8244
QAP,419,84,8259
QAP,420,84,8275
QAP,421,84,8291
QAP,422,84,8322
QAP,423,84,8338
QAP,424,84,8354
QAP,425,84,8369
QAP,426,84,8401
QAP,427,84,8417
QAP,428,84,8432
QAP,429,84,8448
QAP,430,84,8479
QAP,431,84,8503
QAP,432,84,8511
QAP,433,84,8542
QAP,434,84,8558
QAP,435,84,8574
QAP,436,84,8589
QAP,437,84,8621
QAP,438,84,8637
QAP,439,84,8652
QAP,440,84,8668
QAP,441,84,8699
QAP,442,84,8715
QAP,443,84,8731
QAP,444,84,8746
QAP,445,84,8778
QAP,446,84,8793
QAP,447,84,8809
QAP,448,84,8825
QAP,449,82,8856
QAP,450,82,8872
QAP,451,82,8887
QAP,452,82,8903
QAP,453,82,8934
QAP,454,82,8950
QAP,455,82,8966
QAP,456,82,8981
QAP,457,82,9013
QAP,458,82,9029
QAP,459,82,9044
QAP,460,82,9060
QAP,461,82,9076
QAP,462,82,9107
QAP,463,82,9123
QAP,464,82,9138
QAP,465,82,9154
QAP,466,82,9186
QAP,467,82,9201
QAP,468,82,9217
QAP,469,80,9233
QAP,470,80,9248
QAP,471,80,9280
QAP,472,78,9295
QAP,473,78,9311
QAP,474,78,9327
QAP,475,78,9358
QAP,476,78,9374
QAP,477,78,9390
QAP,478,78,9405
QAP,479,78,9421
QAP,480,78,9452
QAP,481,78,9468
QAP,482,74,9484
QAP,483,74,9500
QAP,484,74,9531
QAP,485,74,9547
QAP,486,74,9563
QAP,487,74,9578
QAP,488,74,9610
QAP,489,74,9625
QAP,490,74,9641
QAP,491,70,9657
QAP,492,70,9672
QAP,493,70,9704
QAP,494,70,9720
QAP,495,66,9735
QAP,496,66,9751
QAP,497,66,9782
QAP,498,66,9798
QAP,499,66,9814
QAP,500,62,9829
QAP,501,62,9861
QAP,502,62,9877
QAP,503,62,9892
QAP,504,62,9908
QAP,505,62,9939
QAP,506,62,9955
QAP,507,62,9971
QAP,508,62,9987
QAP,509,62,10018
QAP,510,62,10034
QAP,511,62,10049
QAP,512,62,10065
QAP,513,62,10096
QAP,514,62,10112
QAP,515,62,10128
QAP,516,62,10143
QAP,517,62,10175
QAP,518,62,10190
QAP,519,62,10206
QAP,520,62,10222
QAP,521,62,10253
QAP,522,62,10269
QAP,523,62,10285
QAP,524,62,10300
QAP,525,62,10332
QAP,526,62,10347
QAP,527,62,10363
QAP,528,62,10379
QAP,529,62,10410
QAP,530,62,10426
QAP,531,62,10441
QAP,532,62,10457
QAP,533,62,10489
QAP,534,62,10504
QAP,535,62,10520
QAP,536,62,10536
QAP,537,62,10567
QAP,538,62,10583
QAP,539,62,10598
QAP,540,62,10614
QAP,541,62,10645
QAP,542,62,10661
QAP,543,62,10677
QAP,544,62,10693
QAP,545,62,10724
QAP,546,62,10740
QAP,547,62,10755
QAP,548,62,10771
QAP,549,62,10802
QAP,550,62,10818
QAP,551,62,10834
QAP,552,62,10850
QAP,553,62,10865
QAP,554,62,10897
QAP,555,62,10912
QAP,556,62,10928
QAP,557,62,10944
QAP,558,62,10975
QAP,559,62,10991
QAP,560,62,11007
QAP,561,62,11022
QAP,562,62,11038
QAP,563,62,11069
QAP,564,58,11085
QAP,565,58,11101
QAP,566,58,11116
QAP,567,58,11148
QAP,568,58,11163
QAP,569,58,11179
QAP,570,58,11195
QAP,571,58,11211
QAP,572,58,11242
QAP,573,50,11258
QAP,574,50,11273
QAP,575,50,11289
QAP,576,50,11320
QAP,577,50,11336
QAP,578,50,11352
QAP,579,50,11367
QAP,580,50,11383
QAP,581,50,11414
QAP,582,50,11430
QAP,583,50,11446
QAP,584,50,11462
QAP,585,50,11493
QAP,586,50,11509
QAP,587,50,11525
QAP,588,50,11540
QAP,589,50,11572
QAP,590,50,11587
QAP,591,50,11603
QAP,592,50,11634
QAP,593,50,11650
QAP,594,50,11666
QAP,595,50,11681
QAP,596,50,11713
QAP,597,50,11728
QAP,598,50,11744
QAP,599,50,11760
QAP,600,50,11775
QAP,601,50,11807
QAP,602,50,11823
QAP,603,50,11838
QAP,604,50,11854
QAP,605,50,11886
QAP,606,50,11901
QAP,607,50,11917
QAP,608,50,11933
QAP,609,50,11964
QAP,610,50,11980
QAP,611,50,11996
QAP,612,50,12011
QAP,613,50,12043
QAP,614,50,12058
QAP,615,50,12074
QAP,616,50,12090
QAP,617,50,12124
QAP,618,50,12137
QAP,619,50,12152
QAP,620,50,12168
QAP,621,50,12199
QAP,622,50,12215
QAP,623,50,12231
QAP,624,50,12247
QAP,625,50,12278
QAP,626,46,12294
QAP,627,46,12309
QAP,628,46,12325
QAP,629,46,12356
QAP,630,46,12372
QAP,631,46,12388
QAP,632,46,12403
QAP,633,46,12419
QAP,634,46,12451
QAP,635,46,12466
QAP,636,46,12484
QAP,637,46,12498
QAP,638,46,12529
QAP,639,46,12545
QAP,640,46,12560
QAP,641,46,12584
QAP,642,46,12607
QAP,643,46,12623
QAP,644,42,12639
QAP,645,42,12654
QAP,646,42,12670
QAP,647,42,12702
QAP,648,42,12717
QAP,649,42,12733
QAP,650,42,12749
QAP,651,42,12780
QAP,652,42,12796
QAP,653,42,12811
QAP,654,42,12827
QAP,655,42,12843
QAP,656,42,12874
QAP,657,42,12890
QAP,658,42,12906
QAP,659,42,12921
QAP,660,42,12953
QAP,661,42,12969
QAP,662,42,12984
QAP,663,42,13000
QAP,664,42,13016
QAP,665,42,13047
QAP,666,42,13063
QAP,667,42,13078
QAP,668,42,13094
QAP,669,42,13126
QAP,670,42,13141
QAP,671,42,13157
QAP,672,42,13173
QAP,673,42,13204
QAP,674,42,13220
QAP,675,42,13236
QAP,676,42,13251
QAP,677,42,13283
QAP,678,42,13299
QAP,679,42,13314
QAP,680,42,13330
QAP,681,42,13361
QAP,682,42,13377
QAP,683,42,13393
QAP,684,42,13408
QAP,685,42,13440
QAP,686,42,13455
QAP,687,42,13471
QAP,688,42,13487
QAP,689,42,13518
QAP,690,42,13534
QAP,691,42,13550
QAP,692,42,13581
QAP,693,42,13597
QAP,694,42,13612
QAP,695,42,13628
QAP,696,42,13659
QAP,697,42,13675
QAP,698,42,13691
QAP,699,42,13706
QAP,700,42,13738
QAP,701,42,13753
QAP,702,42,13769
QAP,703,42,13785
QAP,704,42,13816
QAP,705,42,13832
QAP,706,42,13847
QAP,707,42,13879
QAP,708,42,13895
QAP,709,42,13910
QAP,710,42,13926
QAP,711,42,13949
QAP,712,42,13973
QAP,713,42,13989
QAP,714,42,14004
QAP,715,42,14020
QAP,716,42,14052
QAP,717,42,14067
QAP,718,42,14083
QAP,719,42,14099
QAP,720,42,14114
QAP,721,42,14146
QAP,722,42,14162
QAP,723,42,14177
QAP,724,42,14193
QAP,725,42,14224
QAP,726,42,14240
QAP,727,42,14256
QAP,728,42,14272
QAP,729,42,14287
QAP,730,42,14319
QAP,731,42,14335
QAP,732,42,14350
QAP,733,42,14366
QAP,734,42,14397
QAP,735,42,14413
QAP,736,38,14429
QAP,737,38,14444
QAP,738,38,14460
QAP,739,38,14492
QAP,740,38,14507
QAP,741,38,14523
QAP,742,38,14539
QAP,743,38,14570
QAP,744,38,14586
QAP,745,38,14601
QAP,746,38,14617
QAP,747,38,14633
QAP,748,38,14664
QAP,749,38,14680
QAP,750,38,14696
QAP,751,38,14711
QAP,752,38,14743
QAP,753,38,14758
QAP,754,38,14774
QAP,755,38,14790
QAP,756,38,14821
QAP,757,38,14837
QAP,758,38,14853
QAP,759,38,14868
QAP,760,38,14900
QAP,761,38,14915
QAP,762,38,14931
QAP,763,38,14947
QAP,764,38,14978
QAP,765,38,14994
QAP,766,38,15010
QAP,767,38,15025
QAP,768,38,15041
QAP,769,38,15072
QAP,770,38,15088
QAP,771,38,15104
QAP,772,38,15127
QAP,773,38,15151
QAP,774,38,15167
QAP,775,38,15182
QAP,776,38,15214
QAP,777,38,15230
QAP,778,38,15245
QAP,779,38,15267
QAP,780,38,15292
QAP,781,38,15308
QAP,782,38,15324
QAP,783,38,15355
QAP,784,38,15371
QAP,785,38,15387
QAP,786,38,15402
QAP,787,38,15418
QAP,788,38,15450
QAP,789,38,15465
QAP,790,38,15481
QAP,791,38,15497
QAP,792,38,15528
QAP,793,38,15544
QAP,794,38,15559
QAP,795,38,15575
QAP,796,38,15607
QAP,797,38,15622
QAP,798,38,15638
QAP,799,38,15654
QAP,800,38,15685
QAP,801,38,15701
QAP,802,38,15717
QAP,803,38,15732
QAP,804,38,15764
QAP,805,38,15780
QAP,806,38,15795
QAP,807,34,15811
QAP,808,34,15827
QAP,809,34,15858
QAP,810,34,15874
QAP,811,34,15890
QAP,812,34,15905
QAP,813,34,15937
QAP,814,34,15952
QAP,815,34,15968
QAP,816,34,15984
QAP,817,34,16015
QAP,818,34,16031
QAP,819,34,16046
QAP,820,34,16062
QAP,821,34,16078
QAP,822,34,16109
QAP,823,34,16125
QAP,824,34,16141
QAP,825,34,16156
QAP,826,34,16188
QAP,827,34,16204
QAP,828,34,16220
QAP,829,30,16235
QAP,830,30,16251
QAP,831,30,16282
QAP,832,30,16298
QAP,833,30,16314
QAP,834,30,16330
QAP,835,30,16361
QAP,836,30,16377
QAP,837,30,16392
QAP,838,30,16408
QAP,839,30,16424
QAP,840,30,16455
QAP,841,30,16471
QAP,842,30,16487
QAP,843,30,16502
QAP,844,30,16534
QAP,845,30,16549
QAP,846,30,16565
QAP,847,30,16581
QAP,848,30,16612
QAP,849,30,16628
QAP,850,30,16644
QAP,851,30,16659
QAP,852,30,16691
QAP,853,30,16706
QAP,854,30,16722
QAP,855,30,16738
QAP,856,30,16769
QAP,857,30,16785
QAP,858,30,16801
QAP,859,30,16816
QAP,860,30,16848
QAP,861,30,16864
QAP,862,30,16879
QAP,863,30,16895
QAP,864,30,16926
QAP,865,30,16942
QAP,866,30,16958
QAP,867,30,16974
QAP,868,30,17005
QAP,869,30,17021
QAP,870,30,17036
QAP,871,30,17052
QAP,872,30,17083
QAP,873,30,17099
QAP,874,30,17115
QAP,875,30,17139
QAP,876,30,17162
QAP,877,30,17178
QAP,878,30,17193
QAP,879,30,17209
QAP,880,30,17241
QAP,881,30,17256
QAP,882,30,17272
QAP,883,30,17288
QAP,884,30,17319
QAP,885,30,17335
QAP,886,30,17351
QAP,887,30,17366
QAP,888,30,17382
QAP,889,30,17414
QAP,890,30,17429
QAP,891,30,17445
QAP,892,30,17461
QAP,893,30,17492
QAP,894,30,17508
QAP,895,30,17524
QAP,896,30,17539
QAP,897,30,17571
QAP,898,30,17587
QAP,899,30,17602
QAP,900,30,17618
QAP,901,30,17649
QAP,902,30,17665
QAP,903,30,17681
QAP,904,30,17697
QAP,905,30,17728
QAP,906,30,17744
QAP,907,30,17759
QAP,908,30,17775
QAP,909,30,17806
QAP,910,30,17822
QAP,911,30,17838
QAP,912,30,17853
QAP,913,30,17869
QAP,914,30,17901
QAP,915,30,17916
QAP,916,30,17932
QAP,917,30,17948
QAP,918,30,17963
QAP,919,30,17995
QAP,920,30,18011
QAP,921,30,18026
QAP,922,30,18050
QAP,923,30,18073
QAP,924,30,18089
QAP,925,30,18105
QAP,926,26,18120
QAP,927,26,18136
QAP,928,26,18168
QAP,929,26,18183
QAP,930,26,18199
QAP,931,26,18215
QAP,932,26,18230
QAP,933,26,18262
QAP,934,26,18278
QAP,935,26,18293
QAP,936,26,18309
QAP,937,22,18340
QAP,938,22,18356
QAP,939,22,18372
QAP,940,22,18388
QAP,941,22,18403
QAP,942,22,18435
QAP,943,22,18451
QAP,944,22,18466
QAP,945,22,18482
QAP,946,22,18513
QAP,947,22,18529
QAP,948,22,18545
QAP,949,22,18560
QAP,950,22,18592
QAP,951,22,18608
QAP,952,22,18623
QAP,953,22,18639
QAP,954,22,18670
QAP,955,22,18686
QAP,956,22,18702
QAP,957,22,18717
QAP,958,22,18749
QAP,959,22,18765
QAP,960,22,18780
QAP,961,22,18796
QAP,962,22,18828
QAP,963,22,18843
QAP,964,22,18859
QAP,965,22,18875
QAP,966,22,18906
QAP,967,22,18922
QAP,968,22,18938
QAP,969,22,18953
QAP,970,22,18985
QAP,971,22,19001
QAP,972,22,19016
QAP,973,22,19032
QAP,974,22,19063
QAP,975,22,19079
QAP,976,22,19095
QAP,977,22,19111
QAP,978,22,19142
QAP,979,22,19158
QAP,980,22,19174
QAP,981,22,19189
QAP,982,22,19221
QAP,983,22,19236
QAP,984,22,19262
QAP,985,22,19284
QAP,986,22,19299
QAP,987,22,19315
QAP,988,22,19331
QAP,989,22,19362
QAP,990,22,19378
QAP,991,22,19394
QAP,992,22,19425
QAP,993,22,19441
QAP,994,22,19457
QAP,995,22,19472
QAP,996,22,19504
QAP,997,22,19519
QAP,998,22,19535
QAP,999,22,19551
QAP,1000,22,19582
QAP,1001,22,19598
QAP,1002,22,19613
QAP,1003,22,19645
QAP,1004,22,19661
QAP,1005,22,19677
QAP,1006,22,19692
QAP,1007,22,19724
QAP,1008,22,19740
QAP,1009,22,19755
QAP,1010,22,19771
QAP,1011,22,19802
QAP,1012,22,19818
QAP,1013,22,19834
QAP,1014,22,19849
QAP,1015,22,19881
QAP,1016,22,19897
QAP,1017,22,19912
QAP,1018,22,19928
QAP,1019,22,19960
QAP,1020,22,19975
QAP,1021,22,19991
QAP,1022,22,20007
QAP,1023,22,20023
QAP,1024,22,20054
QAP,1025,22,20070
QAP,1026,22,20085
QAP,1027,22,20101
QAP,1028,22,20132
QAP,1029,22,20148
QAP,1030,22,20164
QAP,1031,22,20180
QAP,1032,22,20195
QAP,1033,22,20227
QAP,1034,22,20242
QAP,1035,22,20258
QAP,1036,22,20274
QAP,1037,22,20289
QAP,1038,22,20321
QAP,1039,22,20337
QAP,1040,22,20352
QAP,1041,22,20368
QAP,1042,22,20384
QAP,1043,22,20415
QAP,1044,22,20431
QAP,1045,22,20447
QAP,1046,22,20462
QAP,1047,22,20493
QAP,1048,22,20509
QAP,1049,22,20525
QAP,1050,22,20541
QAP,1051,22,20572
QAP,1052,18,20588
QAP,1053,18,20603
QAP,1054,18,20619
QAP,1055,18,20635
QAP,1056,18,20666
QAP,1057,18,20682
QAP,1058,18,20697
QAP,1059,18,20713
QAP,1060,18,20745
QAP,1061,18,20766
QAP,1062,18,20776
QAP,1063,18,20792
QAP,1064,18,20823
QAP,1065,18,20839
QAP,1066,18,20855
QAP,1067,18,20870
QAP,1068,18,20902
QAP,1069,18,20917
QAP,1070,18,20933
QAP,1071,18,20949
QAP,1072,18,20980
QAP,1073,18,20996
QAP,1074,18,21012
QAP,1075,18,21027
QAP,1076,18,21043
QAP,1077,18,21075
QAP,1078,18,21090
QAP,1079,18,21106
QAP,1080,18,21137
QAP,1081,18,21153
QAP,1082,18,21169
QAP,1083,18,21184
QAP,1084,18,21216
QAP,1085,18,21231
QAP,1086,18,21247
QAP,1087,18,21263
QAP,1088,18,21294
QAP,1089,18,21310
QAP,1090,18,21326
QAP,1091,18,21342
QAP,1092,18,21357
QAP,1093,18,21389
QAP,1094,18,21405
QAP,1095,18,21420
QAP,1096,18,21452
QAP,1097,18,21467
QAP,1098,18,21483
QAP,1099,18,21499
QAP,1100,18,21530
QAP,1101,18,21546
QAP,1102,18,21562
QAP,1103,18,21577
QAP,1104,18,21609
QAP,1105,18,21624
QAP,1106,18,21640
QAP,1107,18,21656
QAP,1108,18,21687
QAP,1109,18,21703
QAP,1110,18,21719
QAP,1111,18,21734
QAP,1112,18,21766
QAP,1113,18,21782
QAP,1114,18,21797
QAP,1115,18,21813
QAP,1116,18,21844
QAP,1117,18,21860
QAP,1118,18,21876
QAP,1119,18,21891
QAP,1120,18,21923
QAP,1121,18,21939
QAP,1122,18,21954
QAP,1123,18,21970
QAP,1124,18,22001
QAP,1125,18,22017
QAP,1126,18,22033
QAP,1127,18,22049
QAP,1128,18,22080
QAP,1129,18,22096
QAP,1130,18,22111
QAP,1131,18,22143
QAP,1132,18,22159
QAP,1133,18,22174
QAP,1134,18,22190
QAP,1135,18,22222
QAP,1136,18,22237
QAP,1137,18,22253
QAP,1138,18,22269
QAP,1139,18,22284
QAP,1140,18,22316
QAP,1141,18,22332
QAP,1142,18,22347
QAP,1143,18,22379
QAP,1144,18,22394
QAP,1145,18,22410
QAP,1146,18,22426
QAP,1147,18,22457
QAP,1148,18,22473
QAP,1149,18,22489
QAP,1150,18,22504
QAP,1151,18,22536
QAP,1152,18,22551
QAP,1153,18,22567
QAP,1154,18,22583
QAP,1155,18,22614
QAP,1156,18,22630
QAP,1157,18,22646
QAP,1158,18,22661
QAP,1159,18,22693
QAP,1160,18,22708
QAP,1161,18,22724
QAP,1162,18,22740
QAP,1163,18,22771
QAP,1164,18,22787
QAP,1165,18,22803
QAP,1166,18,22819
QAP,1167,18,22834
QAP,1168,18,22866
QAP,1169,18,22881
QAP,1170,18,22897
QAP,1171,18,22913
QAP,1172,18,22944
QAP,1173,18,22960
QAP,1174,18,22976
QAP,1175,18,22992
QAP,1176,18,23007
QAP,1177,18,23039
QAP,1178,18,23055
QAP,1179,18,23070
QAP,1180,18,23086
QAP,1181,18,23102
QAP,1182,18,23133
QAP,1183,18,23149
QAP,1184,18,23164
QAP,1185,18,23180
QAP,1186,18,23212
QAP,1187,18,23227
QAP,1188,18,23243
QAP,1189,18,23259
QAP,1190,18,23275
QAP,1191,18,23306
QAP,1192,18,23322
QAP,1193,18,23337
QAP,1194,18,23353
QAP,1195,18,23369
QAP,1196,18,23400
QAP,1197,18,23416
QAP,1198,18,23432
QAP,1199,18,23447
QAP,1200,18,23463
QAP,1201,18,23498
QAP,1202,18,23510
QAP,1203,18,23526
QAP,1204,18,23541
QAP,1205,18,23573
QAP,1206,18,23589
QAP,1207,18,23604
QAP,1208,18,23620
QAP,1209,18,23651
QAP,1210,18,23667
QAP,1211,18,23683
QAP,1212,18,23699
QAP,1213,18,23730
QAP,1214,18,23746
QAP,1215,18,23761
QAP,1216,18,23777
QAP,1217,18,23809
QAP,1218,18,23824
QAP,1219,18,23840
QAP,1220,18,23856
QAP,1221,18,23887
QAP,1222,18,23903
QAP,1223,18,23919
QAP,1224,18,23934
QAP,1225,18,23966
QAP,1226,18,23982
QAP,1227,18,23997
QAP,1228,18,24013
QAP,1229,18,24044
QAP,1230,18,24060
QAP,1231,18,24076
QAP,1232,18,24092
QAP,1233,18,24123
QAP,1234,18,24139
QAP,1235,18,24155
QAP,1236,18,24170
QAP,1237,18,24202
QAP,1238,18,24218
QAP,1239,18,24233
QAP,1240,18,24249
QAP,1241,18,24280
QAP,1242,18,24296
QAP,1243,18,24312
QAP,1244,18,24328
QAP,1245,18,24359
QAP,1246,18,24375
QAP,1247,18,24390
QAP,1248,18,24406
QAP,1249,18,24437
QAP,1250,18,24453
QAP,1251,18,24469
QAP,1252,18,24500
QAP,1253,18,24516
QAP,1254,18,24532
QAP,1255,18,24563
QAP,1256,18,24579
QAP,1257,18,24595
QAP,1258,18,24610
QAP,1259,18,24642
QAP,1260,18,24657
QAP,1261,18,24673
QAP,1262,18,24704
QAP,1263,18,24720
QAP,1264,18,24736
QAP,1265,18,24752
QAP,1266,18,24783
QAP,1267,18,24799
QAP,1268,18,24815
QAP,1269,18,24830
QAP,1270,18,24862
QAP,1271,18,24877
QAP,1272,18,24893
QAP,1273,18,24924
QAP,1274,18,24940
QAP,1275,18,24956
QAP,1276,18,24971
QAP,1277,18,25003
QAP,1278,18,25018
QAP,1279,18,25034
QAP,1280,18,25050
QAP,1281,18,25081
QAP,1282,18,25097
QAP,1283,18,25112
QAP,1284,18,25144
QAP,1285,18,25159
QAP,1286,18,25175
QAP,1287,18,25191
QAP,1288,18,25222
QAP,1289,18,25238
QAP,1290,18,25254
QAP,1291,18,25269
QAP,1292,18,25301
QAP,1293,18,25316
QAP,1294,18,25332
QAP,1295,18,25363
QAP,1296,18,25379
QAP,1297,18,25395
QAP,1298,18,25411
QAP,1299,18,25442
QAP,1300,18,25458
QAP,1301,18,25473
QAP,1302,18,25489
QAP,1303,18,25521
QAP,1304,18,25536
QAP,1305,18,25552
QAP,1306,18,25584
QAP,1307,18,25599
QAP,1308,18,25615
QAP,1309,18,25631
QAP,1310,18,25662
QAP,1311,18,25678
QAP,1312,18,25694
QAP,1313,18,25725
QAP,1314,18,25741
QAP,1315,18,25756
QAP,1316,18,25772
QAP,1317,18,25803
QAP,1318,18,25819
QAP,1319,18,25835
QAP,1320,18,25866
QAP,1321,18,25882
QAP,1322,18,25898
QAP,1323,18,25913
QAP,1324,18,25945
QAP,1325,18,25960
QAP,1326,18,25976
QAP,1327,18,25992
QAP,1328,18,26023
QAP,1329,18,26039
QAP,1330,18,26055
QAP,1331,18,26086
QAP,1332,18,26102
QAP,1333,18,26117
QAP,1334,18,26133
QAP,1335,18,26164
QAP,1336,18,26180
QAP,1337,18,26196
QAP,1338,18,26220
QAP,1339,18,26243
QAP,1340,18,26259
QAP,1341,18,26274
QAP,1342,18,26306
QAP,1343,18,26321
QAP,1344,18,26337
QAP,1345,18,26353
QAP,1346,18,26384
QAP,1347,18,26400
QAP,1348,18,26415
QAP,1349,18,26431
QAP,1350,18,26463
QAP,1351,18,26478
QAP,1352,18,26494
QAP,1353,18,26526
QAP,1354,18,26541
QAP,1355,18,26557
QAP,1356,18,26573
QAP,1357,18,26604
QAP,1358,18,26620
QAP,1359,18,26635
QAP,1360,18,26667
QAP,1361,18,26682
QAP,1362,18,26698
QAP,1363,18,26714
QAP,1364,18,26745
QAP,1365,18,26761
QAP,1366,18,26777
QAP,1367,18,26792
QAP,1368,18,26824
QAP,1369,18,26839
QAP,1370,18,26855
QAP,1371,18,26871
QAP,1372,18,26902
QAP,1373,18,26918
QAP,1374,18,26934
QAP,1375,18,26965
QAP,1376,18,26981
QAP,1377,18,26997
QAP,1378,18,27012
QAP,1379,18,27044
QAP,1380,18,27059
QAP,1381,18,27075
QAP,1382,18,27091
QAP,1383,18,27123
QAP,1384,18,27138
QAP,1385,18,27154
QAP,1386,18,27186
QAP,1387,18,27201
QAP,1388,18,27217
QAP,1389,18,27248
QAP,1390,18,27264
QAP,1391,18,27280
QAP,1392,18,27296
QAP,1393,18,27327
QAP,1394,18,27343
QAP,1395,18,27359
QAP,1396,18,27390
QAP,1397,18,27406
QAP,1398,18,27422
QAP,1399,18,27437
QAP,1400,18,27469
QAP,1401,18,27485
QAP,1402,18,27500
QAP,1403,18,27516
QAP,1404,18,27548
QAP,1405,18,27563
QAP,1406,18,27581
QAP,1407,18,27610
QAP,1408,18,27626
QAP,1409,18,27642
QAP,1410,18,27658
QAP,1411,18,27689
QAP,1412,18,27705
QAP,1413,18,27721
QAP,1414,18,27752
QAP,1415,18,27768
QAP,1416,18,27784
QAP,1417,18,27815
QAP,1418,18,27831
QAP,1419,18,27846
QAP,1420,18,27862
QAP,1421,18,27894
QAP,1422,18,27909
QAP,1423,18,27925
QAP,1424,18,27957
QAP,1425,18,27972
QAP,1426,18,27988
QAP,1427,18,28004
QAP,1428,18,28035
QAP,1429,18,28051
QAP,1430,18,28067
QAP,1431,18,28082
QAP,1432,18,28114
QAP,1433,18,28129
QAP,1434,18,28145
QAP,1435,18,28177
QAP,1436,18,28192
QAP,1437,18,28208
QAP,1438,18,28224
QAP,1439,18,28255
QAP,1440,18,28271
QAP,1441,18,28286
QAP,1442,18,28302
QAP,1443,18,28334
QAP,1444,18,28349
QAP,1445,18,28365
QAP,1446,18,28397
QAP,1447,18,28412
QAP,1448,18,28428
QAP,1449,18,28459
QAP,1450,18,28475
QAP,1451,18,28491
QAP,1452,18,28506
QAP,1453,18,28538
QAP,1454,18,28553
QAP,1455,18,28569
QAP,1456,18,28585
QAP,1457,18,28616
QAP,1458,18,28632
QAP,1459,18,28648
QAP,1460,18,28679
QAP,1461,18,28695
QAP,1462,18,28710
QAP,1463,18,28726
QAP,1464,18,28757
QAP,1465,18,28773
QAP,1466,18,28789
QAP,1467,18,28820
QAP,1468,18,28836
QAP,1469,18,28851
QAP,1470,18,28867
QAP,1471,18,28899
QAP,1472,18,28914
QAP,1473,18,28930
QAP,1474,18,28961
QAP,1475,18,28977
QAP,1476,18,28993
QAP,1477,18,29008
QAP,1478,18,29040
QAP,1479,18,29055
QAP,1480,18,29071
QAP,1481,18,29087
QAP,1482,18,29118
QAP,1483,18,29134
QAP,1484,18,29150
QAP,1485,18,29181
QAP,1486,18,29197
QAP,1487,18,29212
QAP,1488,18,29228
QAP,1489,18,29259
QAP,1490,18,29275
QAP,1491,18,29291
QAP,1492,18,29307
QAP,1493,18,29338
QAP,1494,18,29354
QAP,1495,18,29369
QAP,1496,18,29401
QAP,1497,18,29417
QAP,1498,18,29432
QAP,1499,18,29464
QAP,1500,18,29479
QAP,1501,18,29495
QAP,1502,18,29511
QAP,1503,18,29542
QAP,1504,18,29558
QAP,1505,18,29574
QAP,1506,18,29605
QAP,1507,18,29621
QAP,1508,18,29637
QAP,1509,18,29652
QAP,1510,18,29684
QAP,1511,18,29699
QAP,1512,18,29715
QAP,1513,18,29746
QAP,1514,18,29762
QAP,1515,18,29778
QAP,1516,18,29809
QAP,1517,18,29825
QAP,1518,18,29841
QAP,1519,18,29856
QAP,1520,18,29888
QAP,1521,18,29904
QAP,1522,18,29919
QAP,1523,18,29951
QAP,1524,18,29966
QAP,1525,18,29982
QAP,1526,18,29998
QAP,1527,18,30029
QAP,1528,18,30045
QAP,1529,18,30074
QAP,1530,18,30092
QAP,1531,18,30108
QAP,1532,18,30124
QAP,1533,18,30155
QAP,1534,18,30171
QAP,1535,18,30187
QAP,1536,18,30202
QAP,1537,18,30234
QAP,1538,18,30249
QAP,1539,18,30265
QAP,1540,18,30296
QAP,1541,18,30314
QAP,1542,18,30328
QAP,1543,18,30359
QAP,1544,18,30375
QAP,1545,18,30390
QAP,1546,18,30406
QAP,1547,18,30438
QAP,1548,18,30453
QAP,1549,18,30469
QAP,1550,18,30500
QAP,1551,18,30516
QAP,1552,18,30532
QAP,1553,18,30547
QAP,1554,18,30579
QAP,1555,18,30595
QAP,1556,18,30610
QAP,1557,18,30642
QAP,1558,18,30658
QAP,1559,18,30673
QAP,1560,18,30689
QAP,1561,18,30721
QAP,1562,18,30736
QAP,1563,18,30752
QAP,1564,18,30768
QAP,1565,18,30799
QAP,1566,18,30815
QAP,1567,18,30831
QAP,1568,18,30846
QAP,1569,18,30878
QAP,1570,18,30901
QAP,1571,18,30922
QAP,1572,18,30942
QAP,1573,18,30962
QAP,1574,18,30982
QAP,1575,18,31002
QAP,1576,18,31023
QAP,1577,18,31043
QAP,1578,18,31062
QAP,1579,18,31082
QAP,1580,18,31102
QAP,1581,18,31122
QAP,1582,18,31143
QAP,1583,18,31162
QAP,1584,18,31183
QAP,1585,18,31203
QAP,1586,18,31222
QAP,1587,18,31241
QAP,1588,18,31263
QAP,1589,18,31285
QAP,1590,18,31305
QAP,1591,18,31325
QAP,1592,18,31345
QAP,1593,18,31365
QAP,1594,18,31386
QAP,1595,18,31405
QAP,1596,18,31427
QAP,1597,18,31446
QAP,1598,18,31468
QAP,1599,18,31487
QAP,1600,18,31508
QAP,1601,18,31528
QAP,1602,18,31548
QAP,1603,18,31570
QAP,1604,18,31589
QAP,1605,18,31609
QAP,1606,18,31630
QAP,1607,18,31650
QAP,1608,18,31671
QAP,1609,18,31693
QAP,1610,18,31713
QAP,1611,18,31735
QAP,1612,18,31755
QAP,1613,18,31776
QAP,1614,18,31795
QAP,1615,18,31815
QAP,1616,18,31835
QAP,1617,18,31855
QAP,1618,18,31874
QAP,1619,18,31895
QAP,1620,18,31914
QAP,1621,18,31936
QAP,1622,18,31955
QAP,1623,18,31975
QAP,1624,18,31994
QAP,1625,18,32015
QAP,1626,18,32034
QAP,1627,18,32054
QAP,1628,18,32073
QAP,1629,18,32095
QAP,1630,18,32113
QAP,1631,18,32134
QAP,1632,18,32155
QAP,1633,18,32174
QAP,1634,18,32195
QAP,1635,18,32215
QAP,1636,18,32233
QAP,1637,18,32254
QAP,1638,18,32274
QAP,1639,18,32293
QAP,1640,18,32314
QAP,1641,18,32334
QAP,1642,18,32354
QAP,1643,18,32375
QAP,1644,18,32395
QAP,1645,18,32416
QAP,1646,18,32435
QAP,1647,18,32455
QAP,1648,18,32476
QAP,1649,18,32497
QAP,1650,18,32517
QAP,1651,18,32538
QAP,1652,18,32558
QAP,1653,18,32579
QAP,1654,18,32601
QAP,1655,18,32620
QAP,1656,18,32640
QAP,1657,18,32661
QAP,1658,18,32682
QAP,1659,18,32700
QAP,1660,18,32721
QAP,1661,18,32740
QAP,1662,18,32761
QAP,1663,18,32780
QAP,1664,18,32801
QAP,1665,18,32821
QAP,1666,18,32840
QAP,1667,18,32861
QAP,1668,18,32880
QAP,1669,18,32901
QAP,1670,18,32919
QAP,1671,18,32941
QAP,1672,18,32960
QAP,1673,18,32980
QAP,1674,18,32999
QAP,1675,18,33019
QAP,1676,18,33040
QAP,1677,18,33060
QAP,1678,18,33080
QAP,1679,18,33099
QAP,1680,18,33119
QAP,1681,18,33140
QAP,1682,18,33160
QAP,1683,18,33181
QAP,1684,18,33201
QAP,1685,18,33221
QAP,1686,18,33240
QAP,1687,18,33259
QAP,1688,18,33281
QAP,1689,18,33300
QAP,1690,18,33319
QAP,1691,18,33340
QAP,1692,18,33359
QAP,1693,18,33379
QAP,1694,18,33399
QAP,1695,18,33420
QAP,1696,18,33440
QAP,1697,18,33460
QAP,1698,18,33479
QAP,1699,18,33501
QAP,1700,18,33520
QAP,1701,18,33541
QAP,1702,18,33561
QAP,1703,18,33582
QAP,1704,18,33602
QAP,1705,18,33622
QAP,1706,18,33643
QAP,1707,18,33664
QAP,1708,18,33685
QAP,1709,18,33704
QAP,1710,18,33724
QAP,1711,18,33745
QAP,1712,18,33764
QAP,1713,18,33785
QAP,1714,18,33804
QAP,1715,18,33826
QAP,1716,18,33846
QAP,1717,18,33865
QAP,1718,18,33884
QAP,1719,18,33905
QAP,1720,18,33925
QAP,1721,18,33944
QAP,1722,18,33965
QAP,1723,18,33985
QAP,1724,18,34004
QAP,1725,18,34025
QAP,1726,18,34046
QAP,1727,18,34065
QAP,1728,18,34085
QAP,1729,18,34105
QAP,1730,18,34125
QAP,1731,18,34145
QAP,1732,18,34165
QAP,1733,18,34185
QAP,1734,18,34206
QAP,1735,18,34227
QAP,1736,18,34246
QAP,1737,18,34265
QAP,1738,18,34286
QAP,1739,18,34306
QAP,1740,18,34324
QAP,1741,18,34347
QAP,1742,18,34366
QAP,1743,18,34386
QAP,1744,18,34406
QAP,1745,18,34426
QAP,1746,18,34446
QAP,1747,18,34465
QAP,1748,18,34486
QAP,1749,18,34505
QAP,1750,18,34526
QAP,1751,18,34546
QAP,1752,18,34567
QAP,1753,18,34587
QAP,1754,18,34608
QAP,1755,18,34627
QAP,1756,18,34648
QAP,1757,18,34668
QAP,1758,18,34689
QAP,1759,18,34710
QAP,1760,18,34728
QAP,1761,18,34748
QAP,1762,18,34769
QAP,1763,18,34789
QAP,1764,18,34808
QAP,1765,18,34828
QAP,1766,18,34847
QAP,1767,18,34869
QAP,1768,18,34888
QAP,1769,18,34908
QAP,1770,18,34928
QAP,1771,18,34948
QAP,1772,18,34968
QAP,1773,18,34988
QAP,1774,18,35008
QAP,1775,18,35027
QAP,1776,18,35048
QAP,1777,18,35068
QAP,1778,18,35088
QAP,1779,18,35108
QAP,1780,18,35128
QAP,1781,18,35148
QAP,1782,18,35167
QAP,1783,18,35188
QAP,1784,18,35208
QAP,1785,18,35227
QAP,1786,18,35248
QAP,1787,18,35267
QAP,1788,18,35288
QAP,1789,18,35307
QAP,1790,18,35329
QAP,1791,18,35348
QAP,1792,18,35367
QAP,1793,18,35388
QAP,1794,18,35408
QAP,1795,18,35427
QAP,1796,18,35447
QAP,1797,18,35467
QAP,1798,18,35489
QAP,1799,18,35509
QAP,1800,18,35529
QAP,1801,18,35541
QAP,1802,18,35557
QAP,1803,18,35588
QAP,1804,18,35604
QAP,1805,18,35619
QAP,1806,18,35651
QAP,1807,18,35667
QAP,1808,18,35682
QAP,1809,18,35698
QAP,1810,18,35729
QAP,1811,18,35745
QAP,1812,18,35769
QAP,1813,18,35792
QAP,1814,18,35808
QAP,1815,18,35824
QAP,1816,18,35839
QAP,1817,18,35871
QAP,1818,18,35887
QAP,1819,18,35902
QAP,1820,18,35918
QAP,1821,18,35949
QAP,1822,18,35965
QAP,1823,18,35981
QAP,1824,18,35997
QAP,1825,18,36028
QAP,1826,18,36044
QAP,1827,18,36060
QAP,1828,18,36075
QAP,1829,18,36107
QAP,1830,18,36122
QAP,1831,18,36138
QAP,1832,18,36154
QAP,1833,18,36185
QAP,1834,18,36201
QAP,1835,18,36216
QAP,1836,18,36232
QAP,1837,18,36264
QAP,1838,18,36279
QAP,1839,18,36295
QAP,1840,18,36326
QAP,1841,18,36342
QAP,1842,18,36358
QAP,1843,18,36374
QAP,1844,18,36405
QAP,1845,18,36421
QAP,1846,18,36436
QAP,1847,18,36452
QAP,1848,18,36483
QAP,1849,18,36499
QAP,1850,18,36515
QAP,1851,18,36530
QAP,1852,18,36562
QAP,1853,18,36578
QAP,1854,18,36593
QAP,1855,18,36609
QAP,1856,18,36641
QAP,1857,18,36656
QAP,1858,18,36672
QAP,1859,18,36703
QAP,1860,18,36719
QAP,1861,18,36735
QAP,1862,18,36750
QAP,1863,18,36782
QAP,1864,18,36798
QAP,1865,18,36813
QAP,1866,18,36829
QAP,1867,18,36860
QAP,1868,18,36876
QAP,1869,18,36892
QAP,1870,18,36908
QAP,1871,18,36939
QAP,1872,18,36955
QAP,1873,18,36970
QAP,1874,18,36986
QAP,1875,18,37017
QAP,1876,18,37033
QAP,1877,18,37049
QAP,1878,18,37080
QAP,1879,18,37096
QAP,1880,18,37120
QAP,1881,18,37127
QAP,1882,18,37159
QAP,1883,18,37174
QAP,1884,18,37190
QAP,1885,18,37206
QAP,1886,18,37237
QAP,1887,18,37253
QAP,1888,18,37268
QAP,1889,18,37284
QAP,1890,18,37315
QAP,1891,18,37331
QAP,1892,18,37347
QAP,1893,18,37363
QAP,1894,18,37394
QAP,1895,18,37410
QAP,1896,18,37426
QAP,1897,18,37441
QAP,1898,18,37473
QAP,1899,18,37488
QAP,1900,18,37504
QAP,1901,18,37535
QAP,1902,18,37551
QAP,1903,18,37567
QAP,1904,18,37582
QAP,1905,18,37614
QAP,1906,18,37629
QAP,1907,18,37645
QAP,1908,18,37661
QAP,1909,18,37692
QAP,1910,18,37708
QAP,1911,18,37724
QAP,1912,18,37739
QAP,1913,18,37771
QAP,1914,18,37786
QAP,1915,18,37802
QAP,1916,18,37818
QAP,1917,18,37849
QAP,1918,18,37865
QAP,1919,18,37881
QAP,1920,18,37912
QAP,1921,18,37928
QAP,1922,18,37943
QAP,1923,18,37959
QAP,1924,18,37991
QAP,1925,18,38006
QAP,1926,18,38022
QAP,1927,18,38038
QAP,1928,18,38069
QAP,1929,18,38085
QAP,1930,18,38101
QAP,1931,18,38116
QAP,1932,18,38148
QAP,1933,18,38163
QAP,1934,18,38179
QAP,1935,18,38195
QAP,1936,18,38226
QAP,1937,18,38242
QAP,1938,18,38258
QAP,1939,18,38289
QAP,1940,18,38305
QAP,1941,18,38320
QAP,1942,18,38336
QAP,1943,18,38368
QAP,1944,18,38383
QAP,1945,18,38399
QAP,1946,18,38414
QAP,1947,18,38446
QAP,1948,18,38462
QAP,1949,18,38485
QAP,1950,18,38493
QAP,1951,18,38524
QAP,1952,18,38540
QAP,1953,18,38556
QAP,1954,18,38587
QAP,1955,18,38603
QAP,1956,18,38618
QAP,1957,18,38634
QAP,1958,18,38666
QAP,1959,18,38681
QAP,1960,18,38697
QAP,1961,18,38713
QAP,1962,18,38744
QAP,1963,18,38760
QAP,1964,18,38776
QAP,1965,18,38791
QAP,1966,18,38823
QAP,1967,18,38838
QAP,1968,18,38854
QAP,1969,18,38870
QAP,1970,18,38901
QAP,1971,18,38917
QAP,1972,18,38933
QAP,1973,18,38948
QAP,1974,18,38980
QAP,1975,18,38995
QAP,1976,18,39011
QAP,1977,18,39043
QAP,1978,18,39058
QAP,1979,18,39074
QAP,1980,18,39090
QAP,1981,18,39121
QAP,1982,18,39137
QAP,1983,18,39152
QAP,1984,18,39168
QAP,1985,18,39200
QAP,1986,18,39215
QAP,1987,18,39231
QAP,1988,18,39247
QAP,1989,18,39278
QAP,1990,18,39294
QAP,1991,18,39310
QAP,1992,18,39325
QAP,1993,18,39357
QAP,1994,18,39373
QAP,1995,18,39388
QAP,1996,18,39404
QAP,1997,18,39435
QAP,1998,18,39451
QAP,1999,18,39467
QAP,2000,18,39498
QAP,2001,18,39514
QAP,2002,18,39529
QAP,2003,18,39545
QAP,2004,18,39576
QAP,2005,18,39592
QAP,2006,18,39608
QAP,2007,18,39624
QAP,2008,18,39655
QAP,2009,18,39671
QAP,2010,18,39686
QAP,2011,18,39718
QAP,2012,18,39734
QAP,2013,18,39749
QAP,2014,18,39765
QAP,2015,18,39797
QAP,2016,18,39812
QAP,2017,18,39828
QAP,2018,18,39852
QAP,2019,18,39875
QAP,2020,18,39891
QAP,2021,18,39906
QAP,2022,18,39938
QAP,2023,18,39954
QAP,2024,18,39969
QAP,2025,18,39985
QAP,2026,18,40016
QAP,2027,18,40032
QAP,2028,18,40048
QAP,2029,18,40063
QAP,2030,18,40095
QAP,2031,18,40111
QAP,2032,18,40126
QAP,2033,18,40142
QAP,2034,18,40174
QAP,2035,18,40189
QAP,2036,18,40205
QAP,2037,18,40221
QAP,2038,18,40252
QAP,2039,18,40268
QAP,2040,18,40284
QAP,2041,18,40299
QAP,2042,18,40331
QAP,2043,18,40346
QAP,2044,18,40362
QAP,2045,18,40378
QAP,2046,18,40409
QAP,2047,18,40425
QAP,2048,18,40441
QAP,2049,18,40472
QAP,2050,18,40488
QAP,2051,18,40503
QAP,2052,18,40519
QAP,2053,18,40551
QAP,2054,18,40566
QAP,2055,18,40582
QAP,2056,18,40598
QAP,2057,18,40629
QAP,2058,18,40645
QAP,2059,18,40661
QAP,2060,18,40676
QAP,2061,18,40708
QAP,2062,18,40724
QAP,2063,18,40739
QAP,2064,18,40755
QAP,2065,18,40786
QAP,2066,18,40802
QAP,2067,18,40818
QAP,2068,18,40834
QAP,2069,18,40865
QAP,2070,18,40881
QAP,2071,18,40896
QAP,2072,18,40928
QAP,2073,18,40944
QAP,2074,18,40959
QAP,2075,18,40975
QAP,2076,18,41007
QAP,2077,18,41022
QAP,2078,18,41038
QAP,2079,18,41054
QAP,2080,18,41085
QAP,2081,18,41101
QAP,2082,18,41117
QAP,2083,18,41132
QAP,2084,18,41164
QAP,2085,18,41179
QAP,2086,18,41195
QAP,2087,18,41227
QAP,2088,18,41242
QAP,2089,18,41258
QAP,2090,18,41274
QAP,2091,18,41305
QAP,2092,18,41321
QAP,2093,18,41336
QAP,2094,18,41352
QAP,2095,18,41384
QAP,2096,18,41399
QAP,2097,18,41415
QAP,2098,18,41431
QAP,2099,18,41462
QAP,2100,18,41480
QAP,2101,18,41494
QAP,2102,18,41525
QAP,2103,18,41541
QAP,2104,18,41557
QAP,2105,18,41572
QAP,2106,18,41604
QAP,2107,18,41619
QAP,2108,18,41635
QAP,2109,18,41651
QAP,2110,18,41682
QAP,2111,18,41698
QAP,2112,18,41714
QAP,2113,18,41745
QAP,2114,18,41761
QAP,2115,18,41776
QAP,2116,18,41792
QAP,2117,18,41824
QAP,2118,18,41839
QAP,2119,18,41855
QAP,2120,18,41871
QAP,2121,18,41902
QAP,2122,18,41918
QAP,2123,18,41933
QAP,2124,18,41949
QAP,2125,18,41981
QAP,2126,18,41996
QAP,2127,18,42012
QAP,2128,18,42028
QAP,2129,18,42059
QAP,2130,18,42075
QAP,2131,18,42090
QAP,2132,18,42106
QAP,2133,18,42137
QAP,2134,18,42153
QAP,2135,18,42169
QAP,2136,18,42200
QAP,2137,18,42216
QAP,2138,18,42232
QAP,2139,18,42247
QAP,2140,18,42279
QAP,2141,18,42295
QAP,2142,18,42310
QAP,2143,18,42326
QAP,2144,18,42357
QAP,2145,18,42373
QAP,2146,18,42389
QAP,2147,18,42404
QAP,2148,18,42436
QAP,2149,18,42452
QAP,2150,18,42467
QAP,2151,18,42499
QAP,2152,18,42514
QAP,2153,18,42530
QAP,2154,18,42546
QAP,2155,18,42579
QAP,2156,18,42593
QAP,2157,18,42609
QAP,2158,18,42624
QAP,2159,18,42656
QAP,2160,18,42671
QAP,2161,18,42687
QAP,2162,18,42703
QAP,2163,18,42734
QAP,2164,18,42750
QAP,2165,18,42765
QAP,2166,18,42797
QAP,2167,18,42813
QAP,2168,18,42828
QAP,2169,18,42844
QAP,2170,18,42875
QAP,2171,18,42891
QAP,2172,18,42907
QAP,2173,18,42923
QAP,2174,18,42954
QAP,2175,18,42970
QAP,2176,18,42985
QAP,2177,18,43001
QAP,2178,18,43032
QAP,2179,18,43048
QAP,2180,18,43064
QAP,2181,18,43079
QAP,2182,18,43111
QAP,2183,18,43126
QAP,2184,18,43142
QAP,2185,18,43158
QAP,2186,18,43189
QAP,2187,18,43205
QAP,2188,18,43221
QAP,2189,18,43252
QAP,2190,18,43268
QAP,2191,18,43283
QAP,2192,18,43299
QAP,2193,18,43330
QAP,2194,18,43346
QAP,2195,18,43362
QAP,2196,18,43377
QAP,2197,18,43409
QAP,2198,18,43425
QAP,2199,18,43440
QAP,2200,18,43456
QAP,2201,18,43487
QAP,2202,18,43503
QAP,2203,18,43519
QAP,2204,18,43550
QAP,2205,18,43566
QAP,2206,18,43581
QAP,2207,18,43597
QAP,2208,18,43628
QAP,2209,18,43644
QAP,2210,18,43660
QAP,2211,18,43676
QAP,2212,18,43707
QAP,2213,18,43723
QAP,2214,18,43738
QAP,2215,18,43770
QAP,2216,18,43786
QAP,2217,18,43801
QAP,2218,18,43817
QAP,2219,18,43848
QAP,2220,18,43864
QAP,2221,18,43880
QAP,2222,18,43896
QAP,2223,18,43927
QAP,2224,18,43949
QAP,2225,18,43958
QAP,2226,18,43974
QAP,2227,18,44006
QAP,2228,18,44021
QAP,2229,18,44037
QAP,2230,18,44053
QAP,2231,18,44084
QAP,2232,18,44100
QAP,2233,18,44115
QAP,2234,18,44147
QAP,2235,18,44163
QAP,2236,18,44178
QAP,2237,18,44194
QAP,2238,18,44225
QAP,2239,18,44241
QAP,2240,18,44257
QAP,2241,18,44273
QAP,2242,18,44304
QAP,2243,18,44320
QAP,2244,18,44336
QAP,2245,18,44351
QAP,2246,18,44383
QAP,2247,18,44398
QAP,2248,18,44414
QAP,2249,18,44430
QAP,2250,18,44461
QAP,2251,18,44479
QAP,2252,18,44493
QAP,2253,18,44524
QAP,2254,18,44540
QAP,2255,18,44555
QAP,2256,18,44571
QAP,2257,18,44603
QAP,2258,18,44618
QAP,2259,18,44634
QAP,2260,18,44650
QAP,2261,18,44681
QAP,2262,18,44697
QAP,2263,18,44712
QAP,2264,18,44744
QAP,2265,18,44759
QAP,2266,18,44775
QAP,2267,18,44791
QAP,2268,18,44822
QAP,2269,18,44838
QAP,2270,18,44854
QAP,2271,18,44870
QAP,2272,18,44901
QAP,2273,18,44917
QAP,2274,18,44933
QAP,2275,18,44948
QAP,2276,18,44980
QAP,2277,18,44995
QAP,2278,18,45011
QAP,2279,18,45027
QAP,2280,18,45058
QAP,2281,18,45074
QAP,2282,18,45090
QAP,2283,18,45105
QAP,2284,18,45137
QAP,2285,18,45153
QAP,2286,18,45168
QAP,2287,18,45184
QAP,2288,18,45215
QAP,2289,18,45231
QAP,2290,18,45247
QAP,2291,18,45262
QAP,2292,18,45298
QAP,2293,18,45310
QAP,2294,18,45341
QAP,2295,18,45357
QAP,2296,18,45372
QAP,2297,18,45388
QAP,2298,18,45420
QAP,2299,18,45435
QAP,2300,18,45451
QAP,2301,18,45467
QAP,2302,18,45498
QAP,2303,18,45514
QAP,2304,18,45530
QAP,2305,18,45545
QAP,2306,18,45577
QAP,2307,18,45592
QAP,2308,18,45608
QAP,2309,18,45639
QAP,2310,18,45655
QAP,2311,18,45671
QAP,2312,18,45686
QAP,2313,18,45718
QAP,2314,18,45734
QAP,2315,18,45749
QAP,2316,18,45765
QAP,2317,18,45797
QAP,2318,18,45812
QAP,2319,18,45828
QAP,2320,18,45844
QAP,2321,18,45875
QAP,2322,18,45891
QAP,2323,18,45907
QAP,2324,18,45938
QAP,2325,18,45954
QAP,2326,18,45969
QAP,2327,18,45985
QAP,2328,18,46017
QAP,2329,18,46032
QAP,2330,18,46048
QAP,2331,18,46064
QAP,2332,18,46095
QAP,2333,18,46111
QAP,2334,18,46127
QAP,2335,18,46143
QAP,2336,18,46174
QAP,2337,18,46190
QAP,2338,18,46205
QAP,2339,18,46221
QAP,2340,18,46252
QAP,2341,18,46268
QAP,2342,18,46284
QAP,2343,18,46300
QAP,2344,18,46331
QAP,2345,18,46347
QAP,2346,18,46363
QAP,2347,18,46378
QAP,2348,18,46410
QAP,2349,18,46425
QAP,2350,18,46441
QAP,2351,18,46473
QAP,2352,18,46495
QAP,2353,18,46514
QAP,2354,18,46536
QAP,2355,18,46555
QAP,2356,18,46575
QAP,2357,18,46596
QAP,2358,18,46616
QAP,2359,18,46635
QAP,2360,18,46656
QAP,2361,18,46679
QAP,2362,18,46700
QAP,2363,18,46720
QAP,2364,18,46739
QAP,2365,18,46760
QAP,2366,18,46780
QAP,2367,18,46801
QAP,2368,18,46822
QAP,2369,18,46841
QAP,2370,18,46861
QAP,2371,18,46882
QAP,2372,18,46901
QAP,2373,18,46921
QAP,2374,18,46941
QAP,2375,18,46961
QAP,2376,18,46981
QAP,2377,18,47002
QAP,2378,18,47021
QAP,2379,18,47042
QAP,2380,18,47061
QAP,2381,18,47080
QAP,2382,18,47101
QAP,2383,18,47120
QAP,2384,18,47142
QAP,2385,18,47161
QAP,2386,18,47181
QAP,2387,18,47203
QAP,2388,18,47222
QAP,2389,18,47241
QAP,2390,18,47262
QAP,2391,18,47282
QAP,2392,18,47301
QAP,2393,18,47320
QAP,2394,18,47341
QAP,2395,18,47361
QAP,2396,18,47381
QAP,2397,18,47401
QAP,2398,18,47422
QAP,2399,18,47444
QAP,2400,18,47464
QAP,2401,18,47483
QAP,2402,18,47504
QAP,2403,18,47524
QAP,2404,18,47544
QAP,2405,18,47565
QAP,2406,18,47586
QAP,2407,18,47604
QAP,2408,18,47625
QAP,2409,18,47646
QAP,2410,18,47665
QAP,2411,18,47686
QAP,2412,18,47706
QAP,2413,18,47727
QAP,2414,18,47747
QAP,2415,18,47768
QAP,2416,18,47787
QAP,2417,18,47807
QAP,2418,18,47828
QAP,2419,18,47847
QAP,2420,18,47868
QAP,2421,18,47888
QAP,2422,18,47909
QAP,2423,18,47927
QAP,2424,18,47948
QAP,2425,18,47968
QAP,2426,18,47988
QAP,2427,18,48008
QAP,2428,18,48027
QAP,2429,18,48048
QAP,2430,18,48069
QAP,2431,18,48087
QAP,2432,18,48108
QAP,2433,18,48128
QAP,2434,18,48147
QAP,2435,18,48168
QAP,2436,18,48188
QAP,2437,18,48208
QAP,2438,18,48229
QAP,2439,18,48248
QAP,2440,18,48269
QAP,2441,18,48288
QAP,2442,18,48308
QAP,2443,18,48329
QAP,2444,18,48349
QAP,2445,18,48368
QAP,2446,18,48389
QAP,2447,18,48408
QAP,2448,18,48428
QAP,2449,18,48449
QAP,2450,18,48469
QAP,2451,18,48489
QAP,2452,18,48509
QAP,2453,18,48530
QAP,2454,18,48550
QAP,2455,18,48569
QAP,2456,18,48588
QAP,2457,18,48608
QAP,2458,18,48628
QAP,2459,18,48649
QAP,2460,18,48669
QAP,2461,18,48689
QAP,2462,18,48710
QAP,2463,18,48729
QAP,2464,18,48750
QAP,2465,18,48770
QAP,2466,18,48789
QAP,2467,18,48809
QAP,2468,18,48829
QAP,2469,18,48849
QAP,2470,18,48869
QAP,2471,18,48890
QAP,2472,18,48909
QAP,2473,18,48928
QAP,2474,18,48948
QAP,2475,18,48969
QAP,2476,18,48987
QAP,2477,18,49008
QAP,2478,18,49028
QAP,2479,18,49048
QAP,2480,18,49068
QAP,2481,18,49087
QAP,2482,18,49108
QAP,2483,18,49128
QAP,2484,18,49148
QAP,2485,18,49167
QAP,2486,18,49186
QAP,2487,18,49208
QAP,2488,18,49228
QAP,2489,18,49249
QAP,2490,18,49267
QAP,2491,18,49288
QAP,2492,18,49308
QAP,2493,18,49328
QAP,2494,18,49348
QAP,2495,18,49367
QAP,2496,18,49389
QAP,2497,18,49409
QAP,2498,18,49429
QAP,2499,18,49448
QAP,2500,18,49468
QAP,2501,18,49489
QAP,2502,18,49509
QAP,2503,18,49528
QAP,2504,18,49548
QAP,2505,18,49569
QAP,2506,18,49587
QAP,2507,18,49607
QAP,2508,18,49627
QAP,2509,18,49648
QAP,2510,18,49667
QAP,2511,18,49687
QAP,2512,18,49709
QAP,2513,18,49728
QAP,2514,18,49748
QAP,2515,18,49767
QAP,2516,18,49787
QAP,2517,18,49807
QAP,2518,18,49828
QAP,2519,18,49847
QAP,2520,18,49868
QAP,2521,18,49888
QAP,2522,18,49908
QAP,2523,18,49928
QAP,2524,18,49948
QAP,2525,18,49968
QAP,2526,18,49988
QAP,2527,18,50009
QAP,2528,18,50029
QAP,2529,18,50048
QAP,2530,18,50068
QAP,2531,18,50088
QAP,2532,18,50108
QAP,2533,18,50128
QAP,2534,18,50147
QAP,2535,18,50168
QAP,2536,18,50187
QAP,2537,18,50208
QAP,2538,18,50228
QAP,2539,18,50247
QAP,2540,18,50269
QAP,2541,18,50288
QAP,2542,18,50308
QAP,2543,18,50327
QAP,2544,18,50347
QAP,2545,18,50368
QAP,2546,18,50388
QAP,2547,18,50408
QAP,2548,18,50428
QAP,2549,18,50449
QAP,2550,18,50468
QAP,2551,18,50489
QAP,2552,18,50510
QAP,2553,18,50531
QAP,2554,18,50550
QAP,2555,18,50571
QAP,2556,18,50590
QAP,2557,18,50609
QAP,2558,18,50631
QAP,2559,18,50650
QAP,2560,18,50672
QAP,2561,18,50691
QAP,2562,18,50712
QAP,2563,18,50731
QAP,2564,18,50751
QAP,2565,18,50773
QAP,2566,18,50791
QAP,2567,18,50812
QAP,2568,18,50832
QAP,2569,18,50850
QAP,2570,18,50871
QAP,2571,18,50890
QAP,2572,18,50912
QAP,2573,18,50932
QAP,2574,18,50953
QAP,2575,18,50972
QAP,2576,18,50992
QAP,2577,18,51011
QAP,2578,18,51032
QAP,2579,18,51052
QAP,2580,18,51071
QAP,2581,18,51092
QAP,2582,18,51111
QAP,2583,18,51131
QAP,2584,18,51152
QAP,2585,18,51171
QAP,2586,18,51192
QAP,2587,18,51212
QAP,2588,18,51232
QAP,2589,18,51252
QAP,2590,18,51272
QAP,2591,18,51292
QAP,2592,18,51312
QAP,2593,18,51332
QAP,2594,18,51351
QAP,2595,18,51371
QAP,2596,18,51393
QAP,2597,18,51412
QAP,2598,18,51433
QAP,2599,18,51453
QAP,2600,18,51472
QAP,2601,18,51493
QAP,2602,18,51512
QAP,2603,18,51534
QAP,2604,18,51553
QAP,2605,18,51572
QAP,2606,18,51593
QAP,2607,18,51613
QAP,2608,18,51633
QAP,2609,18,51654
QAP,2610,18,51674
QAP,2611,18,51693
QAP,2612,18,51713
QAP,2613,18,51733
QAP,2614,18,51753
QAP,2615,18,51773
QAP,2616,18,51793
QAP,2617,18,51814
QAP,2618,18,51833
QAP,2619,18,51854
QAP,2620,18,51875
QAP,2621,18,51894
QAP,2622,18,51914
QAP,2623,18,51933
QAP,2624,18,51954
QAP,2625,18,51974
QAP,2626,18,51994
QAP,2627,18,52013
QAP,2628,18,52035
QAP,2629,18,52053
QAP,2630,18,52073
QAP,2631,18,52092
QAP,2632,18,52113
QAP,2633,18,52134
QAP,2634,18,52155
QAP,2635,18,52174
QAP,2636,18,52194
QAP,2637,18,52215
QAP,2638,18,52234
QAP,2639,18,52255
QAP,2640,18,52276
QAP,2641,18,52295
QAP,2642,18,52315
QAP,2643,18,52335
QAP,2644,18,52354
QAP,2645,18,52374
QAP,2646,18,52394
QAP,2647,18,52413
QAP,2648,18,52435
QAP,2649,18,52454
QAP,2650,18,52473
QAP,2651,18,52496
QAP,2652,18,52516
QAP,2653,18,52535
QAP,2654,18,52555
QAP,2655,18,52575
QAP,2656,18,52595
QAP,2657,18,52615
QAP,2658,18,52633
QAP,2659,18,52654
QAP,2660,18,52674
QAP,2661,18,52694
QAP,2662,18,52714
QAP,2663,18,52734
QAP,2664,18,52753
QAP,2665,18,52774
QAP,2666,18,52794
QAP,2667,18,52813
QAP,2668,18,52834
QAP,2669,18,52854
QAP,2670,18,52873
QAP,2671,18,52894
QAP,2672,18,52913
QAP,2673,18,52933
QAP,2674,18,52955
QAP,2675,18,52974
QAP,2676,18,52994
QAP,2677,18,53015
QAP,2678,18,53035
QAP,2679,18,53054
QAP,2680,18,53073
QAP,2681,18,53095
QAP,2682,18,53114
QAP,2683,18,53133
QAP,2684,18,53154
QAP,2685,18,53174
QAP,2686,18,53195
QAP,2687,18,53215
QAP,2688,18,53235
QAP,2689,18,53257
QAP,2690,18,53276
QAP,2691,18,53297
QAP,2692,18,53317
QAP,2693,18,53336
QAP,2694,18,53356
QAP,2695,18,53376
QAP,2696,18,53396
QAP,2697,18,53417
QAP,2698,18,53437
QAP,2699,18,53457
QAP,2700,18,53476
QAP,2701,18,53496
QAP,2702,18,53517
QAP,2703,18,53537
QAP,2704,18,53557
QAP,2705,18,53578
QAP,2706,18,53598
QAP,2707,18,53618
QAP,2708,18,53637
QAP,2709,18,53657
QAP,2710,18,53679
QAP,2711,18,53697
QAP,2712,18,53718
QAP,2713,18,53739
QAP,2714,18,53758
QAP,2715,18,53778
QAP,2716,18,53798
QAP,2717,18,53818
QAP,2718,18,53839
QAP,2719,18,53858
QAP,2720,18,53879
QAP,2721,18,53898
QAP,2722,18,53918
QAP,2723,18,53940
QAP,2724,18,53959
QAP,2725,18,53979
QAP,2726,18,53999
QAP,2727,18,54019
QAP,2728,18,54040
QAP,2729,18,54060
QAP,2730,18,54079
QAP,2731,18,54099
QAP,2732,18,54119
QAP,2733,18,54140
QAP,2734,18,54158
QAP,2735,18,54178
QAP,2736,18,54199
QAP,2737,18,54217
QAP,2738,18,54239
QAP,2739,18,54259
QAP,2740,18,54278
QAP,2741,18,54299
QAP,2742,18,54319
QAP,2743,18,54338
QAP,2744,18,54358
QAP,2745,18,54377
QAP,2746,18,54396
QAP,2747,18,54418
QAP,2748,18,54437
QAP,2749,18,54457
QAP,2750,18,54477
QAP,2751,18,54496
QAP,2752,18,54517
QAP,2753,18,54537
QAP,2754,18,54557
QAP,2755,18,54576
QAP,2756,18,54596
QAP,2757,18,54616
QAP,2758,18,54638
QAP,2759,18,54657
QAP,2760,18,54678
QAP,2761,18,54697
QAP,2762,18,54717
QAP,2763,18,54737
QAP,2764,18,54756
QAP,2765,18,54776
QAP,2766,18,54796
QAP,2767,18,54818
QAP,2768,18,54837
QAP,2769,18,54858
QAP,2770,18,54877
QAP,2771,18,54897
QAP,2772,18,54917
QAP,2773,18,54937
QAP,2774,18,54958
QAP,2775,18,54977
QAP,2776,18,54998
QAP,2777,18,55017
QAP,2778,18,55038
QAP,2779,18,55058
QAP,2780,18,55078
QAP,2781,18,55098
QAP,2782,18,55117
QAP,2783,18,55136
QAP,2784,18,55157
QAP,2785,18,55177
QAP,2786,18,55198
QAP,2787,18,55218
QAP,2788,18,55238
QAP,2789,18,55257
QAP,2790,18,55276
QAP,2791,18,55296
QAP,2792,18,55317
QAP,2793,18,55337
QAP,2794,18,55356
QAP,2795,18,55377
QAP,2796,18,55398
QAP,2797,18,55418
QAP,2798,18,55437
QAP,2799,18,55458
QAP,2800,18,55478
QAP,2801,18,55500
QAP,2802,18,55521
QAP,2803,18,55540
QAP,2804,18,55560
QAP,2805,18,55580
QAP,2806,18,55600
QAP,2807,18,55621
QAP,2808,18,55642
QAP,2809,18,55662
QAP,2810,18,55681
QAP,2811,18,55703
QAP,2812,18,55723
QAP,2813,18,55742
QAP,2814,18,55761
QAP,2815,18,55783
QAP,2816,18,55804
QAP,2817,18,55822
QAP,2818,18,55844
QAP,2819,18,55863
QAP,2820,18,55885
QAP,2821,18,55904
QAP,2822,18,55924
QAP,2823,18,55943
QAP,2824,18,55964
QAP,2825,18,55984
QAP,2826,18,56004
QAP,2827,18,56024
QAP,2828,18,56043
QAP,2829,18,56065
QAP,2830,18,56084
QAP,2831,18,56105
QAP,2832,18,56124
QAP,2833,18,56143
QAP,2834,18,56164
QAP,2835,18,56183
QAP,2836,18,56204
QAP,2837,18,56224
QAP,2838,18,56243
QAP,2839,18,56264
QAP,2840,18,56283
QAP,2841,18,56305
QAP,2842,18,56325
QAP,2843,18,56344
QAP,2844,18,56365
QAP,2845,18,56384
QAP,2846,18,56406
QAP,2847,18,56425
QAP,2848,18,56445
QAP,2849,18,56464
QAP,2850,18,56486
QAP,2851,18,56506
QAP,2852,18,56526
QAP,2853,18,56546
QAP,2854,18,56566
QAP,2855,18,56587
QAP,2856,18,56606
QAP,2857,18,56625
QAP,2858,18,56646
QAP,2859,18,56665
QAP,2860,18,56685
QAP,2861,18,56706
QAP,2862,18,56727
QAP,2863,18,56747
QAP,2864,18,56766
QAP,2865,18,56787
QAP,2866,18,56806
QAP,2867,18,56826
QAP,2868,18,56846
QAP,2869,18,56866
QAP,2870,18,56885
QAP,2871,18,56906
QAP,2872,18,56926
QAP,2873,18,56946
QAP,2874,18,56965
QAP,2875,18,56985
QAP,2876,18,57005
QAP,2877,18,57023
QAP,2878,18,57044
QAP,2879,18,57064
QAP,2880,18,57084
QAP,2881,18,57104
QAP,2882,18,57123
QAP,2883,18,57144
QAP,2884,18,57163
QAP,2885,18,57183
QAP,2886,18,57204
QAP,2887,18,57223
QAP,2888,18,57245
QAP,2889,18,57265
QAP,2890,18,57284
QAP,2891,18,57305
QAP,2892,18,57324
QAP,2893,18,57343
QAP,2894,18,57364
QAP,2895,18,57384
QAP,2896,18,57405
QAP,2897,18,57424
QAP,2898,18,57445
QAP,2899,18,57467
QAP,2900,18,57486
QAP,2901,18,57508
QAP,2902,18,57524
QAP,2903,18,57540
QAP,2904,18,57555
QAP,2905,18,57587
QAP,2906,18,57602
QAP,2907,18,57618
QAP,2908,18,57649
QAP,2909,18,57665
QAP,2910,18,57681
QAP,2911,18,57697
QAP,2912,18,57728
QAP,2913,18,57744
QAP,2914,18,57760
QAP,2915,18,57775
QAP,2916,18,57807
QAP,2917,18,57823
QAP,2918,18,57838
QAP,2919,18,57870
QAP,2920,18,57885
QAP,2921,18,57901
QAP,2922,18,57917
QAP,2923,18,57948
QAP,2924,18,57964
QAP,2925,18,57980
QAP,2926,18,57995
QAP,2927,18,58027
QAP,2928,18,58043
QAP,2929,18,58058
QAP,2930,18,58074
QAP,2931,18,58105
QAP,2932,18,58121
QAP,2933,18,58137
QAP,2934,18,58168
QAP,2935,18,58184
QAP,2936,18,58200
QAP,2937,18,58215
QAP,2938,18,58247
QAP,2939,18,58262
QAP,2940,18,58278
QAP,2941,18,58294
QAP,2942,18,58325
QAP,2943,18,58341
QAP,2944,18,58356
QAP,2945,18,58372
QAP,2946,18,58404
QAP,2947,18,58419
QAP,2948,18,58435
QAP,2949,18,58451
QAP,2950,18,58482
QAP,2951,18,58498
QAP,2952,18,58513
QAP,2953,18,58545
QAP,2954,18,58561
QAP,2955,18,58576
QAP,2956,18,58592
QAP,2957,18,58623
QAP,2958,18,58639
QAP,2959,18,58655
QAP,2960,18,58670
QAP,2961,18,58702
QAP,2962,18,58718
QAP,2963,18,58733
QAP,2964,18,58749
QAP,2965,18,58781
QAP,2966,18,58796
QAP,2967,18,58812
QAP,2968,18,58828
QAP,2969,18,58859
QAP,2970,18,58875
QAP,2971,18,58891
QAP,2972,18,58906
QAP,2973,18,58938
QAP,2974,18,58953
QAP,2975,18,58969
QAP,2976,18,59000
QAP,2977,18,59016
QAP,2978,18,59032
QAP,2979,18,59047
QAP,2980,18,59079
QAP,2981,18,59094
QAP,2982,18,59110
QAP,2983,18,59126
QAP,2984,18,59157
QAP,2985,18,59173
QAP,2986,18,59189
QAP,2987,18,59204
QAP,2988,18,59236
QAP,2989,18,59252
QAP,2990,18,59267
QAP,2991,18,59283
QAP,2992,18,59315
QAP,2993,18,59330
QAP,2994,18,59346
QAP,2995,18,59377
QAP,2996,18,59393
QAP,2997,18,59409
QAP,2998,18,59424
QAP,2999,18,59456
QAP,3000,18,59472
QAP,3001,18,59487
QAP,3002,18,59503
QAP,3003,18,59534
QAP,3004,18,59550
QAP,3005,18,59566
QAP,3006,18,59581
QAP,3007,18,59613
QAP,3008,18,59629
QAP,3009,18,59644
QAP,3010,18,59676
QAP,3011,18,59691
QAP,3012,18,59707
QAP,3013,18,59723
QAP,3014,18,59754
QAP,3015,18,59770
QAP,3016,18,59786
QAP,3017,18,59801
QAP,3018,18,59832
QAP,3019,18,59848
QAP,3020,18,59864
QAP,3021,18,59895
QAP,3022,18,59911
QAP,3023,18,59927
QAP,3024,18,59943
QAP,3025,18,59974
QAP,3026,18,59990
QAP,3027,18,60005
QAP,3028,18,60021
QAP,3029,18,60052
QAP,3030,18,60068
QAP,3031,18,60084
QAP,3032,18,60099
QAP,3033,18,60131
QAP,3034,18,60147
QAP,3035,18,60162
QAP,3036,18,60178
QAP,3037,18,60209
QAP,3038,18,60225
QAP,3039,18,60241
QAP,3040,18,60272
QAP,3041,18,60292
QAP,3042,18,60304
QAP,3043,18,60319
QAP,3044,18,60351
QAP,3045,18,60366
QAP,3046,18,60382
QAP,3047,18,60398
QAP,3048,18,60429
QAP,3049,18,60445
QAP,3050,18,60461
QAP,3051,18,60477
QAP,3052,18,60508
QAP,3053,18,60524
QAP,3054,18,60539
QAP,3055,18,60555
QAP,3056,18,60587
QAP,3057,18,60602
QAP,3058,18,60618
QAP,3059,18,60634
QAP,3060,18,60665
QAP,3061,18,60681
QAP,3062,18,60697
QAP,3063,18,60712
QAP,3064,18,60744
QAP,3065,18,60760
QAP,3066,18,60775
QAP,3067,18,60807
QAP,3068,18,60822
QAP,3069,18,60838
QAP,3070,18,60854
QAP,3071,18,60885
QAP,3072,18,60901
QAP,3073,18,60917
QAP,3074,18,60932
QAP,3075,18,60964
QAP,3076,18,60979
QAP,3077,18,60995
QAP,3078,18,61011
QAP,3079,18,61042
QAP,3080,18,61058
QAP,3081,18,61074
QAP,3082,18,61089
QAP,3083,18,61121
QAP,3084,18,61136
QAP,3085,18,61152
QAP,3086,18,61168
QAP,3087,18,61199
QAP,3088,18,61215
QAP,3089,18,61231
QAP,3090,18,61262
QAP,3091,18,61278
QAP,3092,18,61293
QAP,3093,18,61309
QAP,3094,18,61340
QAP,3095,18,61356
QAP,3096,18,61372
QAP,3097,18,61388
QAP,3098,18,61419
QAP,3099,18,61435
QAP,3100,18,61451
QAP,3101,18,61466
QAP,3102,18,61498
QAP,3103,18,61513
QAP,3104,18,61529
QAP,3105,18,61560
QAP,3106,18,61576
QAP,3107,18,61592
QAP,3108,18,61607
QAP,3109,18,61639
QAP,3110,18,61656
QAP,3111,18,61670
QAP,3112,18,61686
QAP,3113,18,61717
QAP,3114,18,61733
QAP,3115,18,61749
QAP,3116,18,61780
QAP,3117,18,61796
QAP,3118,18,61812
QAP,3119,18,61827
QAP,3120,18,61859
QAP,3121,18,61875
QAP,3122,18,61890
QAP,3123,18,61922
QAP,3124,18,61937
QAP,3125,18,61953
QAP,3126,18,61969
QAP,3127,18,62000
QAP,3128,18,62016
QAP,3129,18,62031
QAP,3130,18,62047
QAP,3131,18,62079
QAP,3132,18,62094
QAP,3133,18,62110
QAP,3134,18,62126
QAP,3135,18,62157
QAP,3136,18,62173
QAP,3137,18,62188
QAP,3138,18,62204
QAP,3139,18,62238
QAP,3140,18,62251
QAP,3141,18,62267
QAP,3142,18,62298
QAP,3143,18,62314
QAP,3144,18,62330
QAP,3145,18,62345
QAP,3146,18,62377
QAP,3147,18,62392
QAP,3148,18,62408
QAP,3149,18,62424
QAP,3150,18,62455
QAP,3151,18,62471
QAP,3152,18,62487
QAP,3153,18,62502
QAP,3154,18,62534
QAP,3155,18,62549
QAP,3156,18,62565
QAP,3157,18,62596
QAP,3158,18,62612
QAP,3159,18,62628
QAP,3160,18,62643
QAP,3161,18,62675
QAP,3162,18,62690
QAP,3163,18,62706
QAP,3164,18,62722
QAP,3165,18,62753
QAP,3166,18,62769
QAP,3167,18,62785
QAP,3168,18,62816
QAP,3169,18,62832
QAP,3170,18,62848
QAP,3171,18,62863
QAP,3172,18,62895
QAP,3173,18,62910
QAP,3174,18,62926
QAP,3175,18,62942
QAP,3176,18,62973
QAP,3177,18,62989
QAP,3178,18,63005
QAP,3179,18,63028
QAP,3180,18,63052
QAP,3181,18,63068
QAP,3182,18,63083
QAP,3183,18,63115
QAP,3184,18,63130
QAP,3185,18,63146
QAP,3186,18,63162
QAP,3187,18,63193
QAP,3188,18,63209
QAP,3189,18,63225
QAP,3190,18,63240
QAP,3191,18,63272
QAP,3192,18,63287
QAP,3193,18,63303
QAP,3194,18,63335
QAP,3195,18,63350
QAP,3196,18,63366
QAP,3197,18,63382
QAP,3198,18,63413
QAP,3199,18,63429
QAP,3200,18,63445
QAP,3201,18,63460
QAP,3202,18,63492
QAP,3203,18,63508
QAP,3204,18,63523
QAP,3205,18,63539
QAP,3206,18,63570
QAP,3207,18,63586
QAP,3208,18,63602
QAP,3209,18,63633
QAP,3210,18,63649
QAP,3211,18,63664
QAP,3212,18,63680
QAP,3213,18,63711
QAP,3214,18,63727
QAP,3215,18,63743
QAP,3216,18,63758
QAP,3217,18,63790
QAP,3218,18,63806
QAP,3219,18,63821
QAP,3220,18,63853
QAP,3221,18,63868
QAP,3222,18,63884
QAP,3223,18,63900
QAP,3224,18,63931
QAP,3225,18,63947
QAP,3226,18,63962
QAP,3227,18,63978
QAP,3228,18,64011
QAP,3229,18,64025
QAP,3230,18,64041
QAP,3231,18,64072
QAP,3232,18,64088
QAP,3233,18,64120
QAP,3234,18,64135
QAP,3235,18,64151
QAP,3236,18,64167
QAP,3237,18,64198
QAP,3238,18,64214
QAP,3239,18,64230
QAP,3240,18,64261
QAP,3241,18,64277
QAP,3242,18,64292
QAP,3243,18,64308
QAP,3244,18,64340
QAP,3245,18,64355
QAP,3246,18,64371
QAP,3247,18,64402
QAP,3248,18,64418
QAP,3249,18,64434
QAP,3250,18,64449
QAP,3251,18,64481
QAP,3252,18,64496
QAP,3253,18,64512
QAP,3254,18,64544
QAP,3255,18,64559
QAP,3256,18,64575
QAP,3257,18,64591
QAP,3258,18,64622
QAP,3259,18,64638
QAP,3260,18,64653
QAP,3261,18,64685
QAP,3262,18,64700
QAP,3263,18,64716
QAP,3264,18,64732
QAP,3265,18,64763
QAP,3266,18,64779
QAP,3267,18,64795
QAP,3268,18,64826
QAP,3269,18,64842
QAP,3270,18,64857
QAP,3271,18,64889
QAP,3272,18,64904
QAP,3273,18,64920
QAP,3274,18,64936
QAP,3275,18,64967
QAP,3276,18,64983
QAP,3277,18,64999
QAP,3278,18,65030
QAP,3279,18,65046
QAP,3280,18,65062
QAP,3281,18,65077
QAP,3282,18,65113
QAP,3283,18,65133
QAP,3284,18,65154
QAP,3285,18,65174
QAP,3286,18,65194
QAP,3287,18,65213
QAP,3288,18,65235
QAP,3289,18,65255
QAP,3290,18,65275
QAP,3291,18,65294
QAP,3292,18,65316
QAP,3293,18,65336
QAP,3294,18,65355
QAP,3295,18,65375
QAP,3296,18,65397
QAP,3297,18,65416
QAP,3298,18,65436
QAP,3299,18,65456
QAP,3300,18,65471
QAP,3301,18,65487
QAP,3302,18,65503
QAP,3303,18,65535
QAP,3304,18,65550
QAP,3305,18,65566
QAP,3306,18,65598
QAP,3307,18,65613
QAP,3308,18,65629
QAP,3309,18,65661
QAP,3310,18,65676
QAP,3311,18,65692
QAP,3312,18,65723
QAP,3313,18,65739
QAP,3314,18,65755
QAP,3315,18,65771
QAP,3316,18,65802
QAP,3317,18,65818
QAP,3318,18,65833
QAP,3319,18,65865
QAP,3320,18,65880
QAP,3321,18,65902
QAP,3322,18,65928
QAP,3323,18,65943
QAP,3324,18,65959
QAP,3325,18,65975
QAP,3326,18,66006
QAP,3327,18,66022
QAP,3328,18,66038
QAP,3329,18,66069
QAP,3330,18,66085
QAP,3331,18,66101
QAP,3332,18,66132
QAP,3333,18,66148
QAP,3334,18,66164
QAP,3335,18,66179
QAP,3336,18,66211
QAP,3337,18,66226
QAP,3338,18,66242
QAP,3339,18,66273
QAP,3340,18,66289
QAP,3341,18,66305
QAP,3342,18,66336
QAP,3343,18,66352
QAP,3344,18,66368
QAP,3345,18,66383
QAP,3346,18,66415
QAP,3347,18,66430
QAP,3348,18,66462
QAP,3349,18,66477
QAP,3350,18,66493
QAP,3351,18,66509
QAP,3352,18,66540
QAP,3353,18,66556
QAP,3354,18,66572
QAP,3355,18,66603
QAP,3356,18,66619
QAP,3357,18,66635
QAP,3358,18,66650
QAP,3359,18,66682
QAP,3360,18,66697
QAP,3361,18,66713
QAP,3362,18,66744
QAP,3363,18,66760
QAP,3364,18,66776
QAP,3365,18,66807
QAP,3366,18,66828
QAP,3367,18,66838
QAP,3368,18,66854
QAP,3369,18,66885
QAP,3370,18,66901
QAP,3371,18,66917
QAP,3372,18,66948
QAP,3373,18,66964
QAP,3374,18,66980
QAP,3375,18,67011
QAP,3376,18,67027
QAP,3377,18,67043
QAP,3378,18,67058
QAP,3379,18,67090
QAP,3380,18,67106
QAP,3381,18,67121
QAP,3382,18,67153
QAP,3383,18,67168
QAP,3384,18,67184
QAP,3385,18,67215
QAP,3386,18,67231
QAP,3387,18,67256
QAP,3388,18,67263
QAP,3389,18,67294
QAP,3390,18,67310
QAP,3391,18,67325
QAP,3392,18,67357
QAP,3393,18,67372
QAP,3394,18,67388
QAP,3395,18,67420
QAP,3396,18,67435
QAP,3397,18,67451
QAP,3398,18,67467
QAP,3399,18,67498
QAP,3400,18,67514
QAP,3401,18,67530
QAP,3402,18,67561
QAP,3403,18,67577
QAP,3404,18,67592
QAP,3405,18,67624
QAP,3406,18,67639
QAP,3407,18,67655
QAP,3408,18,67671
QAP,3409,18,67702
QAP,3410,18,67718
QAP,3411,18,67733
QAP,3412,18,67765
QAP,3413,18,67780
QAP,3414,18,67796
QAP,3415,18,67828
QAP,3416,18,67843
QAP,3417,18,67859
QAP,3418,18,67891
QAP,3419,18,67906
QAP,3420,18,67922
QAP,3421,18,67953
QAP,3422,18,67969
QAP,3423,18,67985
QAP,3424,18,68000
QAP,3425,18,68032
QAP,3426,18,68047
QAP,3427,18,68063
QAP,3428,18,68094
QAP,3429,18,68110
QAP,3430,18,68126
QAP,3431,18,68157
QAP,3432,18,68173
QAP,3433,18,68196
QAP,3434,18,68220
QAP,3435,18,68236
QAP,3436,18,68252
QAP,3437,18,68267
QAP,3438,18,68299
QAP,3439,18,68315
QAP,3440,18,68330
QAP,3441,18,68362
QAP,3442,18,68377
QAP,3443,18,68393
QAP,3444,18,68424
QAP,3445,18,68440
QAP,3446,18,68456
QAP,3447,18,68487
QAP,3448,18,68503
QAP,3449,18,68519
QAP,3450,18,68550
QAP,3451,18,68566
QAP,3452,18,68582
QAP,3453,18,68613
QAP,3454,18,68629
QAP,3455,18,68645
QAP,3456,18,68660
QAP,3457,18,68692
QAP,3458,18,68707
QAP,3459,18,68723
QAP,3460,18,68755
QAP,3461,18,68770
QAP,3462,18,68786
QAP,3463,18,68817
QAP,3464,18,68833
QAP,3465,18,68849
QAP,3466,18,68864
QAP,3467,18,68896
QAP,3468,18,68912
QAP,3469,18,68927
QAP,3470,18,68959
QAP,3471,18,68974
QAP,3472,18,68990
QAP,3473,18,69021
QAP,3474,18,69037
QAP,3475,18,69053
QAP,3476,18,69069
QAP,3477,18,69100
QAP,3478,18,69116
QAP,3479,18,69131
QAP,3480,18,69163
QAP,3481,18,69179
QAP,3482,18,69194
QAP,3483,18,69226
QAP,3484,18,69241
QAP,3485,18,69257
QAP,3486,18,69288
QAP,3487,18,69304
QAP,3488,18,69320
QAP,3489,18,69351
QAP,3490,18,69367
QAP,3491,18,69383
QAP,3492,18,69398
QAP,3493,18,69430
QAP,3494,18,69445
QAP,3495,18,69473
QAP,3496,18,69495
QAP,3497,18,69514
QAP,3498,18,69530
QAP,3499,18,69556
QAP,3500,18,69571
QAP,3501,18,69587
QAP,3502,18,69619
QAP,3503,18,69634
QAP,3504,18,69650
QAP,3505,18,69666
QAP,3506,18,69697
QAP,3507,18,69713
QAP,3508,18,69729
QAP,3509,18,69760
QAP,3510,18,69776
QAP,3511,18,69791
QAP,3512,18,69807
QAP,3513,18,69839
QAP,3514,18,69854
QAP,3515,18,69870
QAP,3516,18,69901
QAP,3517,18,69917
QAP,3518,18,69933
QAP,3519,18,69964
QAP,3520,18,69980
QAP,3521,18,69996
QAP,3522,18,70012
QAP,3523,18,70043
QAP,3524,18,70059
QAP,3525,18,70075
QAP,3526,18,70106
QAP,3527,18,70122
QAP,3528,18,70138
QAP,3529,18,70169
QAP,3530,18,70185
QAP,3531,18,70200
QAP,3532,18,70232
QAP,3533,18,70247
QAP,3534,18,70263
QAP,3535,18,70295
QAP,3536,18,70310
QAP,3537,18,70342
QAP,3538,18,70358
QAP,3539,18,70373
QAP,3540,18,70389
QAP,3541,18,70420
QAP,3542,18,70436
QAP,3543,18,70452
QAP,3544,18,70483
QAP,3545,18,70499
QAP,3546,18,70515
QAP,3547,18,70530
QAP,3548,18,70562
QAP,3549,18,70577
QAP,3550,18,70593
QAP,3551,18,70609
QAP,3552,18,70640
QAP,3553,18,70656
QAP,3554,18,70672
QAP,3555,18,70703
QAP,3556,18,70719
QAP,3557,18,70734
QAP,3558,18,70750
QAP,3559,18,70781
QAP,3560,18,70797
QAP,3561,18,70813
QAP,3562,18,70829
QAP,3563,18,70860
QAP,3564,18,70876
QAP,3565,18,70891
QAP,3566,18,70915
QAP,3567,18,70939
QAP,3568,18,70954
QAP,3569,18,70970
QAP,3570,18,71002
QAP,3571,18,71017
QAP,3572,18,71033
QAP,3573,18,71049
QAP,3574,18,71080
QAP,3575,18,71096
QAP,3576,18,71111
QAP,3577,18,71127
QAP,3578,18,71158
QAP,3579,18,71174
QAP,3580,18,71190
QAP,3581,18,71206
QAP,3582,18,71237
QAP,3583,18,71253
QAP,3584,18,71268
QAP,3585,18,71300
QAP,3586,18,71315
QAP,3587,18,71331
QAP,3588,18,71347
QAP,3589,18,71378
QAP,3590,18,71394
QAP,3591,18,71410
QAP,3592,18,71425
QAP,3593,18,71457
QAP,3594,18,71472
QAP,3595,18,71488
QAP,3596,18,71504
QAP,3597,18,71535
QAP,3598,18,71551
QAP,3599,18,71567
QAP,3600,18,71598
QAP,3601,18,71614
QAP,3602,18,71629
QAP,3603,18,71645
QAP,3604,18,71676
QAP,3605,18,71692
QAP,3606,18,71708
QAP,3607,18,71724
QAP,3608,18,71755
QAP,3609,18,71771
QAP,3610,18,71787
QAP,3611,18,71802
QAP,3612,18,71834
QAP,3613,18,71849
QAP,3614,18,71865
QAP,3615,18,71881
QAP,3616,18,71912
QAP,3617,18,71928
QAP,3618,18,71944
QAP,3619,18,71959
QAP,3620,18,71991
QAP,3621,18,72007
QAP,3622,18,72022
QAP,3623,18,72038
QAP,3624,18,72069
QAP,3625,18,72085
QAP,3626,18,72101
QAP,3627,18,72132
QAP,3628,18,72148
QAP,3629,18,72164
QAP,3630,18,72179
QAP,3631,18,72211
QAP,3632,18,72227
QAP,3633,18,72242
QAP,3634,18,72266
QAP,3635,18,72289
QAP,3636,18,72305
QAP,3637,18,72321
QAP,3638,18,72337
QAP,3639,18,72368
QAP,3640,18,72384
QAP,3641,18,72399
QAP,3642,18,72415
QAP,3643,18,72446
QAP,3644,18,72462
QAP,3645,18,72478
QAP,3646,18,72509
QAP,3647,18,72525
QAP,3648,18,72541
QAP,3649,18,72556
QAP,3650,18,72588
QAP,3651,18,72603
QAP,3652,18,72619
QAP,3653,18,72635
QAP,3654,18,72666
QAP,3655,18,72682
QAP,3656,18,72698
QAP,3657,18,72713
QAP,3658,18,72745
QAP,3659,18,72761
QAP,3660,18,72776
QAP,3661,18,72792
QAP,3662,18,72824
QAP,3663,18,72839
QAP,3664,18,72855
QAP,3665,18,72886
QAP,3666,18,72902
QAP,3667,18,72918
QAP,3668,18,72933
QAP,3669,18,72965
QAP,3670,18,72981
QAP,3671,18,72996
QAP,3672,18,73012
QAP,3673,18,73044
QAP,3674,18,73059
QAP,3675,18,73075
QAP,3676,18,73091
QAP,3677,18,73122
QAP,3678,18,73138
QAP,3679,18,73154
QAP,3680,18,73169
QAP,3681,18,73201
QAP,3682,18,73216
QAP,3683,18,73232
QAP,3684,18,73263
QAP,3685,18,73279
QAP,3686,18,73295
QAP,3687,18,73311
QAP,3688,18,73342
QAP,3689,18,73358
QAP,3690,18,73373
QAP,3691,18,73389
QAP,3692,18,73421
QAP,3693,18,73436
QAP,3694,18,73452
QAP,3695,18,73468
QAP,3696,18,73499
QAP,3697,18,73515
QAP,3698,18,73530
QAP,3699,18,73562
QAP,3700,18,73577
QAP,3701,18,73593
QAP,3702,18,73609
QAP,3703,18,73640
QAP,3704,18,73656
QAP,3705,18,73672
QAP,3706,18,73687
QAP,3707,18,73719
QAP,3708,18,73735
QAP,3709,18,73750
QAP,3710,18,73766
QAP,3711,18,73798
QAP,3712,18,73813
QAP,3713,18,73829
QAP,3714,18,73845
QAP,3715,18,73876
QAP,3716,18,73892
QAP,3717,18,73908
QAP,3718,18,73923
QAP,3719,18,73955
QAP,3720,18,73971
QAP,3721,18,73986
QAP,3722,18,74002
QAP,3723,18,74033
QAP,3724,18,74049
QAP,3725,18,74065
QAP,3726,18,74096
QAP,3727,18,74112
QAP,3728,18,74128
QAP,3729,18,74143
QAP,3730,18,74175
QAP,3731,18,74191
QAP,3732,18,74206
QAP,3733,18,74222
QAP,3734,18,74254
QAP,3735,18,74269
QAP,3736,18,74285
QAP,3737,18,74301
QAP,3738,18,74332
QAP,3739,18,74348
QAP,3740,18,74363
QAP,3741,18,74379
QAP,3742,18,74411
QAP,3743,18,74426
QAP,3744,18,74442
QAP,3745,18,74458
QAP,3746,18,74489
QAP,3747,18,74505
QAP,3748,18,74521
QAP,3749,18,74552
QAP,3750,18,74568
QAP,3751,18,74584
QAP,3752,18,74599
QAP,3753,18,74631
QAP,3754,18,74647
QAP,3755,18,74662
QAP,3756,18,74678
QAP,3757,18,74709
QAP,3758,18,74725
QAP,3759,18,74741
QAP,3760,18,74756
QAP,3761,18,74788
QAP,3762,18,74804
QAP,3763,18,74819
QAP,3764,18,74851
QAP,3765,18,74866
QAP,3766,18,74882
QAP,3767,18,74898
QAP,3768,18,74929
QAP,3769,18,74945
QAP,3770,18,74960
QAP,3771,18,74992
QAP,3772,18,75008
QAP,3773,18,75023
QAP,3774,18,75039
QAP,3775,18,75070
QAP,3776,18,75086
QAP,3777,18,75102
QAP,3778,18,75117
QAP,3779,18,75149
QAP,3780,18,75165
QAP,3781,18,75180
QAP,3782,18,75196
QAP,3783,18,75227
QAP,3784,18,75243
QAP,3785,18,75259
QAP,3786,18,75275
QAP,3787,18,75306
QAP,3788,18,75322
QAP,3789,18,75338
QAP,3790,18,75369
QAP,3791,18,75385
QAP,3792,18,75400
QAP,3793,18,75416
QAP,3794,18,75448
QAP,3795,18,75463
QAP,3796,18,75479
QAP,3797,18,75510
QAP,3798,18,75526
QAP,3799,18,75542
QAP,3800,18,75558
QAP,3801,18,75589
QAP,3802,18,75605
QAP,3803,18,75621
QAP,3804,18,75636
QAP,3805,18,75668
QAP,3806,18,75683
QAP,3807,18,75699
QAP,3808,18,75715
QAP,3809,18,75746
QAP,3810,18,75762
QAP,3811,18,75777
QAP,3812,18,75793
QAP,3813,18,75825
QAP,3814,18,75840
QAP,3815,18,75856
QAP,3816,18,75888
QAP,3817,18,75903
QAP,3818,18,75919
QAP,3819,18,75935
QAP,3820,18,75966
QAP,3821,18,75982
QAP,3822,18,75997
QAP,3823,18,76029
QAP,3824,18,76044
QAP,3825,18,76060
QAP,3826,18,76076
QAP,3827,18,76107
QAP,3828,18,76123
QAP,3829,18,76139
QAP,3830,18,76155
QAP,3831,18,76186
QAP,3832,18,76202
QAP,3833,18,76217
QAP,3834,18,76249
QAP,3835,18,76264
QAP,3836,18,76280
QAP,3837,18,76296
QAP,3838,18,76327
QAP,3839,18,76343
QAP,3840,18,76358
QAP,3841,18,76374
QAP,3842,18,76406
QAP,3843,18,76421
QAP,3844,18,76437
QAP,3845,18,76453
QAP,3846,18,76484
QAP,3847,18,76504
QAP,3848,18,76531
QAP,3849,18,76547
QAP,3850,18,76563
QAP,3851,18,76578
QAP,3852,18,76610
QAP,3853,18,76625
QAP,3854,18,76641
QAP,3855,18,76673
QAP,3856,18,76688
QAP,3857,18,76704
QAP,3858,18,76720
QAP,3859,18,76751
QAP,3860,18,76767
QAP,3861,18,76782
QAP,3862,18,76798
QAP,3863,18,76829
QAP,3864,18,76845
QAP,3865,18,76861
QAP,3866,18,76892
QAP,3867,18,76908
QAP,3868,18,76924
QAP,3869,18,76939
QAP,3870,18,76971
QAP,3871,18,76986
QAP,3872,18,77002
QAP,3873,18,77018
QAP,3874,18,77049
QAP,3875,18,77065
QAP,3876,18,77080
QAP,3877,18,77096
QAP,3878,18,77128
QAP,3879,18,77144
QAP,3880,18,77159
QAP,3881,18,77191
QAP,3882,18,77206
QAP,3883,18,77222
QAP,3884,18,77254
QAP,3885,18,77274
QAP,3886,18,77285
QAP,3887,18,77301
QAP,3888,18,77332
QAP,3889,18,77348
QAP,3890,18,77364
QAP,3891,18,77379
QAP,3892,18,77411
QAP,3893,18,77427
QAP,3894,18,77442
QAP,3895,18,77474
QAP,3896,18,77489
QAP,3897,18,77505
QAP,3898,18,77536
QAP,3899,18,77552
QAP,3900,18,77568
QAP,3901,18,77584
QAP,3902,18,77615
QAP,3903,18,77631
QAP,3904,18,77646
QAP,3905,18,77678
QAP,3906,18,77693
QAP,3907,18,77709
QAP,3908,18,77733
QAP,3909,18,77756
QAP,3910,18,77772
QAP,3911,18,77787
QAP,3912,18,77819
QAP,3913,18,77835
QAP,3914,18,77850
QAP,3915,18,77866
QAP,3916,18,77898
QAP,3917,18,77913
QAP,3918,18,77929
QAP,3919,18,77945
QAP,3920,18,77976
QAP,3921,18,77992
QAP,3922,18,78007
QAP,3923,18,78039
QAP,3924,18,78054
QAP,3925,18,78070
QAP,3926,18,78086
QAP,3927,18,78117
QAP,3928,18,78133
QAP,3929,18,78149
QAP,3930,18,78164
QAP,3931,18,78196
QAP,3932,18,78212
QAP,3933,18,78227
QAP,3934,18,78259
QAP,3935,18,78275
QAP,3936,18,78290
QAP,3937,18,78306
QAP,3938,18,78337
QAP,3939,18,78353
QAP,3940,18,78369
QAP,3941,18,78385
QAP,3942,18,78416
QAP,3943,18,78432
QAP,3944,18,78447
QAP,3945,18,78479
QAP,3946,18,78495
QAP,3947,18,78510
QAP,3948,18,78526
QAP,3949,18,78557
QAP,3950,18,78573
QAP,3951,18,78589
QAP,3952,18,78620
QAP,3953,18,78636
QAP,3954,18,78652
QAP,3955,18,78667
QAP,3956,18,78699
QAP,3957,18,78714
QAP,3958,18,78730
QAP,3959,18,78746
QAP,3960,18,78777
QAP,3961,18,78793
QAP,3962,18,78808
QAP,3963,18,78824
QAP,3964,18,78855
QAP,3965,18,78871
QAP,3966,18,78887
QAP,3967,18,78918
QAP,3968,18,78934
QAP,3969,18,78950
QAP,3970,18,78965
QAP,3971,18,78997
QAP,3972,18,79013
QAP,3973,18,79028
QAP,3974,18,79044
QAP,3975,18,79076
QAP,3976,18,79097
QAP,3977,18,79107
QAP,3978,18,79123
QAP,3979,18,79154
QAP,3980,18,79170
QAP,3981,18,79185
QAP,3982,18,79217
QAP,3983,18,79233
QAP,3984,18,79248
QAP,3985,18,79264
QAP,3986,18,79295
QAP,3987,18,79311
QAP,3988,18,79327
QAP,3989,18,79343
QAP,3990,18,79374
QAP,3991,18,79390
QAP,3992,18,79406
QAP,3993,18,79437
QAP,3994,18,79453
QAP,3995,18,79468
QAP,3996,18,79484
QAP,3997,18,79515
QAP,3998,18,79531
QAP,3999,18,79547
QAP,4000,18,79563
QAP,4001,18,79594
QAP,4002,18,79610
QAP,4003,18,79625
QAP,4004,18,79657
QAP,4005,18,79672
QAP,4006,18,79688
QAP,4007,18,79720
QAP,4008,18,79735
QAP,4009,18,79751
QAP,4010,18,79766
QAP,4011,18,79798
QAP,4012,18,79814
QAP,4013,18,79829
QAP,4014,18,79861
QAP,4015,18,79876
QAP,4016,18,79892
QAP,4017,18,79908
QAP,4018,18,79939
QAP,4019,18,79955
QAP,4020,18,79970
QAP,4021,18,80002
QAP,4022,18,80018
QAP,4023,18,80033
QAP,4024,18,80049
QAP,4025,18,80081
QAP,4026,18,80096
QAP,4027,18,80112
QAP,4028,18,80143
QAP,4029,18,80159
QAP,4030,18,80175
QAP,4031,18,80191
QAP,4032,18,80222
QAP,4033,18,80238
QAP,4034,18,80253
QAP,4035,18,80269
QAP,4036,18,80300
QAP,4037,18,80316
QAP,4038,18,80332
QAP,4039,18,80347
QAP,4040,18,80379
QAP,4041,18,80394
QAP,4042,18,80410
QAP,4043,18,80441
QAP,4044,18,80463
QAP,4045,18,80473
QAP,4046,18,80489
QAP,4047,18,80520
QAP,4048,18,80536
QAP,4049,18,80551
QAP,4050,18,80583
QAP,4051,18,80598
QAP,4052,18,80614
QAP,4053,18,80630
QAP,4054,18,80661
QAP,4055,18,80677
QAP,4056,18,80692
QAP,4057,18,80724
QAP,4058,18,80739
QAP,4059,18,80755
QAP,4060,18,80771
QAP,4061,18,80802
QAP,4062,18,80818
QAP,4063,18,80833
QAP,4064,18,80849
QAP,4065,18,80880
QAP,4066,18,80896
QAP,4067,18,80912
QAP,4068,18,80943
QAP,4069,18,80959
QAP,4070,18,80974
QAP,4071,18,80990
QAP,4072,18,81021
QAP,4073,18,81037
QAP,4074,18,81053
QAP,4075,18,81084
QAP,4076,18,81100
QAP,4077,18,81115
QAP,4078,18,81131
QAP,4079,18,81162
QAP,4080,18,81178
QAP,4081,18,81194
QAP,4082,18,81225
QAP,4083,18,81241
QAP,4084,18,81256
QAP,4085,18,81272
QAP,4086,18,81303
QAP,4087,18,81319
QAP,4088,18,81335
QAP,4089,18,81350
QAP,4090,18,81382
QAP,4091,18,81397
QAP,4092,18,81413
QAP,4093,18,81445
QAP,4094,18,81460
QAP,4095,18,81476
QAP,4096,18,81492
QAP,4097,18,81523
QAP,4098,18,81539
QAP,4099,18,81555
QAP,4100,18,81570
QAP,4101,18,81602
QAP,4102,18,81617
QAP,4103,18,81633
QAP,4104,18,81664
QAP,4105,18,81680
QAP,4106,18,81696
QAP,4107,18,81711
QAP,4108,18,81743
QAP,4109,18,81758
QAP,4110,18,81774
QAP,4111,18,81790
QAP,4112,18,81823
QAP,4113,18,81837
QAP,4114,18,81853
QAP,4115,18,81868
QAP,4116,18,81900
QAP,4117,18,81915
QAP,4118,18,81931
QAP,4119,18,81962
QAP,4120,18,81978
QAP,4121,18,81994
QAP,4122,18,82009
QAP,4123,18,82041
QAP,4124,18,82056
QAP,4125,18,82072
QAP,4126,18,82103
QAP,4127,18,82119
QAP,4128,18,82135
QAP,4129,18,82150
QAP,4130,18,82182
QAP,4131,18,82198
QAP,4132,18,82213
QAP,4133,18,82245
QAP,4134,18,82260
QAP,4135,18,82276
QAP,4136,18,82300
QAP,4137,18,82323
QAP,4138,18,82339
QAP,4139,18,82354
QAP,4140,18,82386
QAP,4141,18,82401
QAP,4142,18,82417
QAP,4143,18,82433
QAP,4144,18,82464
QAP,4145,18,82480
QAP,4146,18,82495
QAP,4147,18,82527
QAP,4148,18,82543
QAP,4149,18,82558
QAP,4150,18,82574
QAP,4151,18,82605
QAP,4152,18,82621
QAP,4153,18,82636
QAP,4154,18,82668
QAP,4155,18,82683
QAP,4156,18,82699
QAP,4157,18,82715
QAP,4158,18,82746
QAP,4159,18,82762
QAP,4160,18,82777
QAP,4161,18,82809
QAP,4162,18,82824
QAP,4163,18,82840
QAP,4164,18,82856
QAP,4165,18,82887
QAP,4166,18,82903
QAP,4167,18,82918
QAP,4168,18,82934
QAP,4169,18,82965
QAP,4170,18,82981
QAP,4171,18,82997
QAP,4172,18,83028
QAP,4173,18,83044
QAP,4174,18,83059
QAP,4175,18,83075
QAP,4176,18,83107
QAP,4177,18,83122
QAP,4178,18,83138
QAP,4179,18,83154
QAP,4180,18,83188
QAP,4181,18,83201
QAP,4182,18,83216
QAP,4183,18,83248
QAP,4184,18,83263
QAP,4185,18,83279
QAP,4186,18,83295
QAP,4187,18,83326
QAP,4188,18,83342
QAP,4189,18,83357
QAP,4190,18,83373
QAP,4191,18,83404
QAP,4192,18,83420
QAP,4193,18,83436
QAP,4194,18,83467
QAP,4195,18,83483
QAP,4196,18,83499
QAP,4197,18,83530
QAP,4198,18,83546
QAP,4199,18,83561
QAP,4200,18,83577
QAP,4201,18,83608
QAP,4202,18,83624
QAP,4203,18,83640
QAP,4204,18,83671
QAP,4205,18,83687
QAP,4206,18,83702
QAP,4207,18,83718
QAP,4208,18,83749
QAP,4209,18,83765
QAP,4210,18,83781
QAP,4211,18,83796
QAP,4212,18,83828
QAP,4213,18,83843
QAP,4214,18,83859
QAP,4215,18,83875
QAP,4216,18,83906
QAP,4217,18,83922
QAP,4218,18,83937
QAP,4219,18,83969
QAP,4220,18,83984
QAP,4221,18,84000
QAP,4222,18,84016
QAP,4223,18,84047
QAP,4224,18,84063
QAP,4225,18,84078
QAP,4226,18,84110
QAP,4227,18,84125
QAP,4228,18,84141
QAP,4229,18,84157
QAP,4230,18,84188
QAP,4231,18,84204
QAP,4232,18,84220
QAP,4233,18,84235
QAP,4234,18,84267
QAP,4235,18,84282
QAP,4236,18,84298
QAP,4237,18,84314
QAP,4238,18,84345
QAP,4239,18,84361
QAP,4240,18,84376
QAP,4241,18,84408
QAP,4242,18,84423
QAP,4243,18,84439
QAP,4244,18,84455
QAP,4245,18,84486
QAP,4246,18,84502
QAP,4247,18,84517
QAP,4248,18,84549
QAP,4249,18,84565
QAP,4250,18,84581
QAP,4251,18,84596
QAP,4252,18,84628
QAP,4253,18,84643
QAP,4254,18,84659
QAP,4255,18,84690
QAP,4256,18,84706
QAP,4257,18,84722
QAP,4258,18,84753
QAP,4259,18,84769
QAP,4260,18,84784
QAP,4261,18,84800
QAP,4262,18,84831
QAP,4263,18,84847
QAP,4264,18,84862
QAP,4265,18,84894
QAP,4266,18,84909
QAP,4267,18,84925
QAP,4268,18,84941
QAP,4269,18,84972
QAP,4270,18,84988
QAP,4271,18,85004
QAP,4272,18,85019
QAP,4273,18,85051
QAP,4274,18,85066
QAP,4275,18,85082
QAP,4276,18,85113
QAP,4277,18,85129
QAP,4278,18,85155
QAP,4279,18,85176
QAP,4280,18,85191
QAP,4281,18,85207
QAP,4282,18,85223
QAP,4283,18,85254
QAP,4284,18,85270
QAP,4285,18,85285
QAP,4286,18,85301
QAP,4287,18,85332
QAP,4288,18,85348
QAP,4289,18,85364
QAP,4290,18,85395
QAP,4291,18,85411
QAP,4292,18,85426
QAP,4293,18,85458
QAP,4294,18,85473
QAP,4295,18,85489
QAP,4296,18,85505
QAP,4297,18,85536
QAP,4298,18,85552
QAP,4299,18,85567
QAP,4300,18,85599
QAP,4301,18,85614
QAP,4302,18,85630
QAP,4303,18,85646
QAP,4304,18,85677
QAP,4305,18,85693
QAP,4306,18,85708
QAP,4307,18,85740
QAP,4308,18,85755
QAP,4309,18,85771
QAP,4310,18,85787
QAP,4311,18,85818
QAP,4312,18,85834
QAP,4313,18,85849
QAP,4314,18,85865
QAP,4315,18,85900
QAP,4316,18,85913
QAP,4317,18,85929
QAP,4318,18,85960
QAP,4319,18,85976
QAP,4320,18,85991
QAP,4321,18,86007
QAP,4322,18,86038
QAP,4323,18,86054
QAP,4324,18,86070
QAP,4325,18,86101
QAP,4326,18,86117
QAP,4327,18,86132
QAP,4328,18,86148
QAP,4329,18,86179
QAP,4330,18,86195
QAP,4331,18,86211
QAP,4332,18,86226
QAP,4333,18,86258
QAP,4334,18,86273
QAP,4335,18,86289
QAP,4336,18,86320
QAP,4337,18,86336
QAP,4338,18,86352
QAP,4339,18,86367
QAP,4340,18,86399
QAP,4341,18,86414
QAP,4342,18,86430
QAP,4343,18,86446
QAP,4344,18,86477
QAP,4345,18,86493
QAP,4346,18,86509
QAP,4347,18,86540
QAP,4348,18,86556
QAP,4349,18,86571
QAP,4350,18,86603
QAP,4351,18,86618
QAP,4352,18,86634
QAP,4353,18,86650
QAP,4354,18,86681
QAP,4355,18,86697
QAP,4356,18,86712
QAP,4357,18,86744
QAP,4358,18,86759
QAP,4359,18,86775
QAP,4360,18,86791
QAP,4361,18,86822
QAP,4362,18,86838
QAP,4363,18,86853
QAP,4364,18,86885
QAP,4365,18,86900
QAP,4366,18,86916
QAP,4367,18,86932
QAP,4368,18,86963
QAP,4369,18,86979
QAP,4370,18,86994
QAP,4371,18,87026
QAP,4372,18,87041
QAP,4373,18,87057
QAP,4374,18,87081
QAP,4375,18,87104
QAP,4376,18,87120
QAP,4377,18,87136
QAP,4378,18,87151
QAP,4379,18,87183
QAP,4380,18,87198
QAP,4381,18,87214
QAP,4382,18,87245
QAP,4383,18,87261
QAP,4384,18,87277
QAP,4385,18,87293
QAP,4386,18,87324
QAP,4387,18,87340
QAP,4388,18,87355
QAP,4389,18,87387
QAP,4390,18,87402
QAP,4391,18,87418
QAP,4392,18,87434
QAP,4393,18,87465
QAP,4394,18,87481
QAP,4395,18,87496
QAP,4396,18,87528
QAP,4397,18,87543
QAP,4398,18,87559
QAP,4399,18,87575
QAP,4400,18,87606
QAP,4401,18,87622
QAP,4402,18,87637
QAP,4403,18,87669
QAP,4404,18,87684
QAP,4405,18,87700
QAP,4406,18,87716
QAP,4407,18,87747
QAP,4408,18,87763
QAP,4409,18,87778
QAP,4410,18,87810
QAP,4411,18,87825
QAP,4412,18,87841
QAP,4413,18,87857
QAP,4414,18,87888
QAP,4415,18,87904
QAP,4416,18,87919
QAP,4417,18,87935
QAP,4418,18,87966
QAP,4419,18,87982
QAP,4420,18,87998
QAP,4421,18,88029
QAP,4422,18,88045
QAP,4423,18,88060
QAP,4424,18,88092
QAP,4425,18,88107
QAP,4426,18,88123
QAP,4427,18,88139
QAP,4428,18,88170
QAP,4429,18,88186
QAP,4430,18,88201
QAP,4431,18,88217
QAP,4432,18,88248
QAP,4433,18,88264
QAP,4434,18,88280
QAP,4435,18,88311
QAP,4436,18,88327
QAP,4437,18,88342
QAP,4438,18,88358
QAP,4439,18,88389
QAP,4440,18,88405
QAP,4441,18,88421
QAP,4442,18,88436
QAP,4443,18,88468
QAP,4444,18,88483
QAP,4445,18,88499
QAP,4446,18,88530
QAP,4447,18,88546
QAP,4448,18,88562
QAP,4449,18,88593
QAP,4450,18,88609
QAP,4451,18,88632
QAP,4452,18,88640
QAP,4453,18,88672
QAP,4454,18,88687
QAP,4455,18,88703
QAP,4456,18,88734
QAP,4457,18,88750
QAP,4458,18,88766
QAP,4459,18,88781
QAP,4460,18,88813
QAP,4461,18,88828
QAP,4462,18,88844
QAP,4463,18,88860
QAP,4464,18,88891
QAP,4465,18,88907
QAP,4466,18,88922
QAP,4467,18,88938
QAP,4468,18,88969
QAP,4469,18,88985
QAP,4470,18,89001
QAP,4471,18,89032
QAP,4472,18,89048
QAP,4473,18,89063
QAP,4474,18,89079
QAP,4475,18,89110
QAP,4476,18,89126
QAP,4477,18,89142
QAP,4478,18,89157
QAP,4479,18,89189
QAP,4480,18,89204
QAP,4481,18,89220
QAP,4482,18,89236
QAP,4483,18,89267
QAP,4484,18,89283
QAP,4485,18,89298
QAP,4486,18,89330
QAP,4487,18,89345
QAP,4488,18,89361
QAP,4489,18,89377
QAP,4490,18,89408
QAP,4491,18,89424
QAP,4492,18,89439
QAP,4493,18,89471
QAP,4494,18,89486
QAP,4495,18,89502
QAP,4496,18,89518
QAP,4497,18,89549
QAP,4498,18,89565
QAP,4499,18,89580
QAP,4500,18,89612
QAP,4501,18,89627
QAP,4502,18,89643
QAP,4503,18,89674
QAP,4504,18,89690
QAP,4505,18,89706
QAP,4506,18,89721
QAP,4507,18,89753
QAP,4508,18,89768
QAP,4509,18,89784
QAP,4510,18,89800
QAP,4511,18,89831
QAP,4512,18,89847
QAP,4513,18,89862
QAP,4514,18,89894
QAP,4515,18,89910
QAP,4516,18,89925
QAP,4517,18,89941
QAP,4518,18,89972
QAP,4519,18,89995
QAP,4520,18,90004
QAP,4521,18,90035
QAP,4522,18,90051
QAP,4523,18,90067
QAP,4524,18,90082
QAP,4525,18,90114
QAP,4526,18,90129
QAP,4527,18,90145
QAP,4528,18,90161
QAP,4529,18,90192
QAP,4530,18,90208
QAP,4531,18,90224
QAP,4532,18,90255
QAP,4533,18,90271
QAP,4534,18,90286
QAP,4535,18,90302
QAP,4536,18,90333
QAP,4537,18,90349
QAP,4538,18,90365
QAP,4539,18,90380
QAP,4540,18,90412
QAP,4541,18,90427
QAP,4542,18,90443
QAP,4543,18,90459
QAP,4544,18,90490
QAP,4545,18,90506
QAP,4546,18,90521
QAP,4547,18,90553
QAP,4548,18,90568
QAP,4549,18,90584
QAP,4550,18,90615
QAP,4551,18,90631
QAP,4552,18,90647
QAP,4553,18,90663
QAP,4554,18,90694
QAP,4555,18,90710
QAP,4556,18,90725
QAP,4557,18,90757
QAP,4558,18,90773
QAP,4559,18,90788
QAP,4560,18,90804
QAP,4561,18,90835
QAP,4562,18,90851
QAP,4563,18,90867
QAP,4564,18,90883
QAP,4565,18,90914
QAP,4566,18,90930
QAP,4567,18,90946
QAP,4568,18,90961
QAP,4569,18,90993
QAP,4570,18,91008
QAP,4571,18,91024
QAP,4572,18,91055
QAP,4573,18,91071
QAP,4574,18,91087
QAP,4575,18,91103
QAP,4576,18,91134
QAP,4577,18,91150
QAP,4578,18,91166
QAP,4579,18,91181
QAP,4580,18,91213
QAP,4581,18,91228
QAP,4582,18,91244
QAP,4583,18,91260
QAP,4584,18,91291
QAP,4585,18,91307
QAP,4586,18,91323
QAP,4587,18,91338
QAP,4588,18,91370
QAP,4589,18,91385
QAP,4590,18,91401
QAP,4591,18,91433
QAP,4592,18,91448
QAP,4593,18,91464
QAP,4594,18,91480
QAP,4595,18,91511
QAP,4596,18,91527
QAP,4597,18,91543
QAP,4598,18,91558
QAP,4599,18,91590
QAP,4600,18,91605
QAP,4601,18,91621
QAP,4602,18,91637
QAP,4603,18,91668
QAP,4604,18,91684
QAP,4605,18,91700
QAP,4606,18,91731
QAP,4607,18,91747
QAP,4608,18,91762
QAP,4609,18,91778
QAP,4610,18,91809
QAP,4611,18,91825
QAP,4612,18,91841
QAP,4613,18,91857
QAP,4614,18,91888
QAP,4615,18,91904
QAP,4616,18,91919
QAP,4617,18,91935
QAP,4618,18,91966
QAP,4619,18,91982
QAP,4620,18,91998
QAP,4621,18,92014
QAP,4622,18,92045
QAP,4623,18,92061
QAP,4624,18,92077
QAP,4625,18,92108
QAP,4626,18,92124
QAP,4627,18,92139
QAP,4628,18,92155
QAP,4629,18,92187
QAP,4630,18,92202
QAP,4631,18,92218
QAP,4632,18,92234
QAP,4633,18,92265
QAP,4634,18,92281
QAP,4635,18,92296
QAP,4636,18,92328
QAP,4637,18,92343
QAP,4638,18,92359
QAP,4639,18,92375
QAP,4640,18,92406
QAP,4641,18,92422
QAP,4642,18,92438
QAP,4643,18,92453
QAP,4644,18,92485
QAP,4645,18,92500
QAP,4646,18,92516
QAP,4647,18,92547
QAP,4648,18,92563
QAP,4649,18,92579
QAP,4650,18,92595
QAP,4651,18,92626
QAP,4652,18,92642
QAP,4653,18,92657
QAP,4654,18,92673
QAP,4655,18,92705
QAP,4656,18,92726
QAP,4657,18,92736
QAP,4658,18,92752
QAP,4659,18,92783
QAP,4660,18,92799
QAP,4661,18,92814
QAP,4662,18,92830
QAP,4663,18,92862
QAP,4664,18,92877
QAP,4665,18,92893
QAP,4666,18,92909
QAP,4667,18,92940
QAP,4668,18,92956
QAP,4669,18,92972
QAP,4670,18,92987
QAP,4671,18,93019
QAP,4672,18,93034
QAP,4673,18,93050
QAP,4674,18,93082
QAP,4675,18,93097
QAP,4676,18,93113
QAP,4677,18,93129
QAP,4678,18,93160
QAP,4679,18,93176
QAP,4680,18,93191
QAP,4681,18,93207
QAP,4682,18,93238
QAP,4683,18,93254
QAP,4684,18,93270
QAP,4685,18,93286
QAP,4686,18,93317
QAP,4687,18,93333
QAP,4688,18,93348
QAP,4689,18,93364
QAP,4690,18,93396
QAP,4691,18,93411
QAP,4692,18,93427
QAP,4693,18,93443
QAP,4694,18,93474
QAP,4695,18,93490
QAP,4696,18,93505
QAP,4697,18,93537
QAP,4698,18,93553
QAP,4699,18,93568
QAP,4700,18,93584
QAP,4701,18,93615
QAP,4702,18,93631
QAP,4703,18,93647
QAP,4704,18,93663
QAP,4705,18,93694
QAP,4706,18,93710
QAP,4707,18,93725
QAP,4708,18,93741
QAP,4709,18,93772
QAP,4710,18,93788
QAP,4711,18,93804
QAP,4712,18,93820
QAP,4713,18,93851
QAP,4714,18,93867
QAP,4715,18,93882
QAP,4716,18,93898
QAP,4717,18,93929
QAP,4718,18,93945
QAP,4719,18,93961
QAP,4720,18,93992
QAP,4721,18,94008
QAP,4722,18,94023
QAP,4723,18,94039
QAP,4724,18,94071
QAP,4725,18,94092
QAP,4726,18,94102
QAP,4727,18,94118
QAP,4728,18,94149
QAP,4729,18,94165
QAP,4730,18,94180
QAP,4731,18,94196
QAP,4732,18,94227
QAP,4733,18,94243
QAP,4734,18,94259
QAP,4735,18,94290
QAP,4736,18,94306
QAP,4737,18,94322
QAP,4738,18,94337
QAP,4739,18,94369
QAP,4740,18,94384
QAP,4741,18,94400
QAP,4742,18,94416
QAP,4743,18,94447
QAP,4744,18,94463
QAP,4745,18,94479
QAP,4746,18,94510
QAP,4747,18,94526
QAP,4748,18,94541
QAP,4749,18,94557
QAP,4750,18,94588
QAP,4751,18,94604
QAP,4752,18,94620
QAP,4753,18,94635
QAP,4754,18,94667
QAP,4755,18,94682
QAP,4756,18,94698
QAP,4757,18,94714
QAP,4758,18,94745
QAP,4759,18,94761
QAP,4760,18,94777
QAP,4761,18,94792
QAP,4762,18,94824
QAP,4763,18,94839
QAP,4764,18,94855
QAP,4765,18,94871
QAP,4766,18,94902
QAP,4767,18,94918
QAP,4768,18,94934
QAP,4769,18,94965
QAP,4770,18,94981
QAP,4771,18,94996
QAP,4772,18,95012
QAP,4773,18,95044
QAP,4774,18,95059
QAP,4775,18,95075
QAP,4776,18,95091
QAP,4777,18,95122
QAP,4778,18,95138
QAP,4779,18,95153
QAP,4780,18,95169
QAP,4781,18,95201
QAP,4782,18,95216
QAP,4783,18,95232
QAP,4784,18,95248
QAP,4785,18,95279
QAP,4786,18,95295
QAP,4787,18,95310
QAP,4788,18,95326
QAP,4789,18,95357
QAP,4790,18,95373
QAP,4791,18,95389
QAP,4792,18,95420
QAP,4793,18,95436
QAP,4794,18,95459
QAP,4795,18,95467
QAP,4796,18,95499
QAP,4797,18,95514
QAP,4798,18,95530
QAP,4799,18,95546
QAP,4800,18,95577
QAP,4801,18,95593
QAP,4802,18,95609
QAP,4803,18,95624
QAP,4804,18,95656
QAP,4805,18,95672
QAP,4806,18,95687
QAP,4807,18,95719
QAP,4808,18,95734
QAP,4809,18,95750
QAP,4810,18,95766
QAP,4811,18,95797
QAP,4812,18,95813
QAP,4813,18,95829
QAP,4814,18,95844
QAP,4815,18,95876
QAP,4816,18,95891
QAP,4817,18,95907
QAP,4818,18,95923
QAP,4819,18,95954
QAP,4820,18,95970
QAP,4821,18,95986
QAP,4822,18,96001
QAP,4823,18,96033
QAP,4824,18,96048
QAP,4825,18,96064
QAP,4826,18,96096
QAP,4827,18,96111
QAP,4828,18,96127
QAP,4829,18,96143
QAP,4830,18,96174
QAP,4831,18,96190
QAP,4832,18,96206
QAP,4833,18,96221
QAP,4834,18,96253
QAP,4835,18,96269
QAP,4836,18,96284
QAP,4837,18,96300
QAP,4838,18,96331
QAP,4839,18,96347
QAP,4840,18,96363
QAP,4841,18,96379
QAP,4842,18,96410
QAP,4843,18,96426
QAP,4844,18,96441
QAP,4845,18,96473
QAP,4846,18,96489
QAP,4847,18,96504
QAP,4848,18,96520
QAP,4849,18,96551
QAP,4850,18,96567
QAP,4851,18,96583
QAP,4852,18,96599
QAP,4853,18,96630
QAP,4854,18,96646
QAP,4855,18,96662
QAP,4856,18,96677
QAP,4857,18,96709
QAP,4858,18,96724
QAP,4859,18,96740
QAP,4860,18,96771
QAP,4861,18,96787
QAP,4862,18,96811
QAP,4863,18,96818
QAP,4864,18,96850
QAP,4865,18,96865
QAP,4866,18,96881
QAP,4867,18,96897
QAP,4868,18,96928
QAP,4869,18,96944
QAP,4870,18,96959
QAP,4871,18,96975
QAP,4872,18,97007
QAP,4873,18,97022
QAP,4874,18,97038
QAP,4875,18,97069
QAP,4876,18,97085
QAP,4877,18,97101
QAP,4878,18,97116
QAP,4879,18,97148
QAP,4880,18,97163
QAP,4881,18,97179
QAP,4882,18,97195
QAP,4883,18,97226
QAP,4884,18,97242
QAP,4885,18,97258
QAP,4886,18,97273
QAP,4887,18,97305
QAP,4888,18,97326
QAP,4889,18,97336
QAP,4890,18,97352
QAP,4891,18,97383
QAP,4892,18,97399
QAP,4893,18,97415
QAP,4894,18,97431
QAP,4895,18,97462
QAP,4896,18,97478
QAP,4897,18,97494
QAP,4898,18,97525
QAP,4899,18,97541
QAP,4900,18,97556
QAP,4901,18,97572
QAP,4902,18,97604
QAP,4903,18,97619
QAP,4904,18,97635
QAP,4905,18,97651
QAP,4906,18,97682
QAP,4907,18,97698
QAP,4908,18,97714
QAP,4909,18,97729
QAP,4910,18,97761
QAP,4911,18,97776
QAP,4912,18,97792
QAP,4913,18,97808
QAP,4914,18,97839
QAP,4915,18,97855
QAP,4916,18,97871
QAP,4917,18,97902
QAP,4918,18,97917
QAP,4919,18,97933
QAP,4920,18,97949
QAP,4921,18,97980
QAP,4922,18,98001
QAP,4923,18,98012
QAP,4924,18,98027
QAP,4925,18,98059
QAP,4926,18,98075
QAP,4927,18,98090
QAP,4928,18,98122
QAP,4929,18,98137
QAP,4930,18,98153
QAP,4931,18,98169
QAP,4932,18,98200
QAP,4933,18,98216
QAP,4934,18,98232
QAP,4935,18,98247
QAP,4936,18,98279
QAP,4937,18,98294
QAP,4938,18,98310
QAP,4939,18,98326
QAP,4940,18,98357
QAP,4941,18,98373
QAP,4942,18,98388
QAP,4943,18,98420
QAP,4944,18,98436
QAP,4945,18,98452
QAP,4946,18,98467
QAP,4947,18,98499
QAP,4948,18,98514
QAP,4949,18,98530
QAP,4950,18,98561
QAP,4951,18,98577
QAP,4952,18,98593
QAP,4953,18,98609
QAP,4954,18,98640
QAP,4955,18,98656
QAP,4956,18,98671
QAP,4957,18,98687
QAP,4958,18,98718
QAP,4959,18,98734
QAP,4960,18,98750
QAP,4961,18,98766
QAP,4962,18,98797
QAP,4963,18,98813
QAP,4964,18,98828
QAP,4965,18,98844
QAP,4966,18,98876
QAP,4967,18,98891
QAP,4968,18,98907
QAP,4969,18,98923
QAP,4970,18,98954
QAP,4971,18,98970
QAP,4972,18,98985
QAP,4973,18,99001
QAP,4974,18,99033
QAP,4975,18,99048
QAP,4976,18,99064
QAP,4977,18,99095
QAP,4978,18,99111
QAP,4979,18,99127
QAP,4980,18,99142
QAP,4981,18,99174
QAP,4982,18,99190
QAP,4983,18,99205
QAP,4984,18,99221
QAP,4985,18,99252
QAP,4986,18,99268
QAP,4987,18,99284
QAP,4988,18,99299
QAP,4989,18,99331
QAP,4990,18,99346
QAP,4991,18,99362
QAP,4992,18,99378
QAP,4993,18,99409
QAP,4994,18,99425
QAP,4995,18,99441
QAP,4996,18,99457
QAP,4997,18,99488
QAP,4998,18,99504
QAP,4999,18,99520
