Problem,Generation,BestCost,TimeMS
GPP,0,271,0
GPP,1,271,31
GPP,2,268,51
GPP,3,268,71
GPP,4,256,91
GPP,5,256,113
GPP,6,256,134
GPP,7,256,154
GPP,8,256,159
GPP,9,256,194
GPP,10,256,209
GPP,11,256,234
GPP,12,256,254
GPP,13,256,275
GPP,14,256,296
GPP,15,256,316
GPP,16,256,336
GPP,17,256,357
GPP,18,256,377
GPP,19,256,398
GPP,20,255,414
GPP,21,255,438
GPP,22,255,459
GPP,23,255,479
GPP,24,249,499
GPP,25,246,509
GPP,26,246,539
GPP,27,246,560
GPP,28,246,577
GPP,29,246,597
GPP,30,246,611
GPP,31,246,643
GPP,32,246,663
GPP,33,246,684
GPP,34,246,704
GPP,35,246,709
GPP,36,246,744
GPP,37,246,759
GPP,38,246,784
GPP,39,246,805
GPP,40,245,825
GPP,41,245,845
GPP,42,245,859
GPP,43,245,885
GPP,44,245,906
GPP,45,240,926
GPP,46,239,946
GPP,47,239,960
GPP,48,239,975
GPP,49,239,1007
GPP,50,239,1023
GPP,51,239,1038
GPP,52,239,1054
GPP,53,239,1085
GPP,54,239,1101
GPP,55,239,1124
GPP,56,239,1148
GPP,57,239,1164
GPP,58,239,1179
GPP,59,239,1195
GPP,60,239,1227
GPP,61,239,1242
GPP,62,239,1258
GPP,63,239,1289
GPP,64,239,1317
GPP,65,239,1344
GPP,66,239,1367
GPP,67,239,1383
GPP,68,238,1398
GPP,69,238,1430
GPP,70,238,1446
GPP,71,238,1462
GPP,72,236,1493
GPP,73,236,1509
GPP,74,236,1524
GPP,75,236,1540
GPP,76,236,1571
GPP,77,236,1587
GPP,78,236,1603
GPP,79,236,1634
GPP,80,236,1650
GPP,81,236,1666
GPP,82,236,1682
GPP,83,236,1713
GPP,84,236,1729
GPP,85,236,1744
GPP,86,236,1776
GPP,87,236,1792
GPP,88,235,1807
GPP,89,235,1838
GPP,90,231,1854
GPP,91,231,1870
GPP,92,231,1901
GPP,93,231,1917
GPP,94,231,1933
GPP,95,231,1948
GPP,96,231,1980
GPP,97,230,1995
GPP,98,230,2011
GPP,99,230,2027
GPP,100,230,2058
GPP,101,230,2074
GPP,102,230,2090
GPP,103,230,2121
GPP,104,230,2137
GPP,105,228,2153
GPP,106,226,2168
GPP,107,226,2200
GPP,108,226,2215
GPP,109,226,2231
GPP,110,226,2247
GPP,111,225,2278
GPP,112,225,2294
GPP,113,224,2310
GPP,114,224,2341
GPP,115,224,2357
GPP,116,224,2373
GPP,117,224,2389
GPP,118,224,2420
GPP,119,224,2436
GPP,120,224,2451
GPP,121,224,2475
GPP,122,223,2499
GPP,123,223,2514
GPP,124,223,2530
GPP,125,218,2562
GPP,126,218,2577
GPP,127,218,2593
GPP,128,218,2609
GPP,129,218,2640
GPP,130,218,2656
GPP,131,218,2672
GPP,132,218,2703
GPP,133,218,2718
GPP,134,218,2734
GPP,135,218,2750
GPP,136,218,2781
GPP,137,216,2797
GPP,138,216,2813
GPP,139,216,2844
GPP,140,216,2860
GPP,141,216,2876
GPP,142,216,2893
GPP,143,216,2923
GPP,144,216,2938
GPP,145,216,2954
GPP,146,216,2970
GPP,147,216,3001
GPP,148,213,3017
GPP,149,213,3033
GPP,150,213,3064
GPP,151,213,3080
GPP,152,213,3096
GPP,153,213,3111
GPP,154,213,3143
GPP,155,213,3159
GPP,156,213,3174
GPP,157,213,3206
GPP,158,213,3221
GPP,159,213,3237
GPP,160,213,3253
GPP,161,213,3284
GPP,162,213,3300
GPP,163,213,3316
GPP,164,213,3347
GPP,165,213,3363
GPP,166,213,3378
GPP,167,213,3394
GPP,168,213,3425
GPP,169,213,3441
GPP,170,213,3457
GPP,171,213,3472
GPP,172,213,3504
GPP,173,213,3520
GPP,174,213,3535
GPP,175,212,3567
GPP,176,212,3582
GPP,177,212,3598
GPP,178,211,3614
GPP,179,203,3645
GPP,180,203,3661
GPP,181,203,3677
GPP,182,202,3708
GPP,183,202,3724
GPP,184,202,3740
GPP,185,202,3755
GPP,186,202,3787
GPP,187,202,3803
GPP,188,202,3818
GPP,189,202,3842
GPP,190,199,3866
GPP,191,199,3881
GPP,192,199,3899
GPP,193,199,3913
GPP,194,199,3944
GPP,195,199,3960
GPP,196,199,3976
GPP,197,199,4007
GPP,198,198,4023
GPP,199,198,4038
GPP,200,198,4054
GPP,201,198,4085
GPP,202,198,4101
GPP,203,198,4117
GPP,204,198,4132
GPP,205,198,4164
GPP,206,198,4179
GPP,207,198,4195
GPP,208,198,4227
GPP,209,198,4242
GPP,210,198,4258
GPP,211,198,4274
GPP,212,198,4305
GPP,213,198,4321
GPP,214,198,4336
GPP,215,198,4352
GPP,216,196,4383
GPP,217,196,4399
GPP,218,196,4415
GPP,219,195,4446
GPP,220,195,4462
GPP,221,189,4478
GPP,222,189,4509
GPP,223,189,4525
GPP,224,189,4541
GPP,225,189,4556
GPP,226,189,4588
GPP,227,189,4604
GPP,228,189,4619
GPP,229,188,4635
GPP,230,187,4666
GPP,231,187,4682
GPP,232,187,4698
GPP,233,187,4713
GPP,234,187,4745
GPP,235,187,4760
GPP,236,187,4776
GPP,237,183,4792
GPP,238,183,4823
GPP,239,183,4839
GPP,240,183,4855
GPP,241,181,4870
GPP,242,180,4902
GPP,243,179,4917
GPP,244,179,4933
GPP,245,179,4949
GPP,246,179,4980
GPP,247,177,4996
GPP,248,177,5012
GPP,249,177,5027
GPP,250,176,5059
GPP,251,173,5074
GPP,252,173,5090
GPP,253,169,5106
GPP,254,168,5122
GPP,255,168,5153
GPP,256,167,5169
GPP,257,167,5184
GPP,258,167,5209
GPP,259,167,5232
GPP,260,167,5247
GPP,261,164,5263
GPP,262,164,5279
GPP,263,164,5310
GPP,264,164,5326
GPP,265,164,5342
GPP,266,164,5357
GPP,267,164,5389
GPP,268,164,5404
GPP,269,160,5420
GPP,270,160,5436
GPP,271,160,5467
GPP,272,160,5483
GPP,273,160,5499
GPP,274,160,5530
GPP,275,160,5546
GPP,276,160,5561
GPP,277,160,5577
GPP,278,160,5608
GPP,279,160,5624
GPP,280,160,5640
GPP,281,160,5655
GPP,282,160,5687
GPP,283,160,5703
GPP,284,160,5718
GPP,285,160,5734
GPP,286,159,5766
GPP,287,159,5781
GPP,288,159,5797
GPP,289,159,5828
GPP,290,159,5844
GPP,291,159,5860
GPP,292,159,5876
GPP,293,159,5907
GPP,294,159,5923
GPP,295,159,5938
GPP,296,159,5954
GPP,297,159,5985
GPP,298,159,6001
GPP,299,159,6017
GPP,300,159,6048
GPP,301,159,6064
GPP,302,159,6080
GPP,303,159,6095
GPP,304,159,6127
GPP,305,159,6142
GPP,306,159,6158
GPP,307,159,6174
GPP,308,156,6205
GPP,309,156,6221
GPP,310,156,6236
GPP,311,156,6252
GPP,312,156,6283
GPP,313,156,6299
GPP,314,156,6315
GPP,315,156,6331
GPP,316,156,6362
GPP,317,156,6378
GPP,318,156,6394
GPP,319,156,6409
GPP,320,156,6425
GPP,321,154,6457
GPP,322,154,6472
GPP,323,153,6488
GPP,324,153,6504
GPP,325,153,6535
GPP,326,153,6551
GPP,327,153,6574
GPP,328,153,6582
GPP,329,153,6598
GPP,330,152,6629
GPP,331,152,6645
GPP,332,152,6661
GPP,333,150,6676
GPP,334,150,6708
GPP,335,149,6724
GPP,336,149,6739
GPP,337,149,6755
GPP,338,148,6771
GPP,339,146,6802
GPP,340,146,6818
GPP,341,146,6834
GPP,342,145,6849
GPP,343,144,6881
GPP,344,144,6899
GPP,345,139,6912
GPP,346,139,6928
GPP,347,139,6960
GPP,348,139,6975
GPP,349,139,6991
GPP,350,139,7007
GPP,351,139,7038
GPP,352,139,7054
GPP,353,139,7070
GPP,354,139,7085
GPP,355,139,7117
GPP,356,139,7132
GPP,357,139,7148
GPP,358,139,7164
GPP,359,139,7195
GPP,360,139,7211
GPP,361,139,7227
GPP,362,139,7242
GPP,363,139,7274
GPP,364,139,7290
GPP,365,139,7305
GPP,366,139,7321
GPP,367,139,7352
GPP,368,139,7368
GPP,369,139,7384
GPP,370,139,7400
GPP,371,136,7431
GPP,372,135,7447
GPP,373,135,7462
GPP,374,135,7478
GPP,375,135,7509
GPP,376,135,7525
GPP,377,135,7541
GPP,378,135,7557
GPP,379,134,7588
GPP,380,134,7604
GPP,381,134,7619
GPP,382,134,7635
GPP,383,134,7666
GPP,384,134,7682
GPP,385,134,7698
GPP,386,134,7713
GPP,387,134,7745
GPP,388,134,7761
GPP,389,134,7776
GPP,390,134,7792
GPP,391,134,7808
GPP,392,134,7839
GPP,393,132,7855
GPP,394,132,7870
GPP,395,132,7886
GPP,396,132,7918
GPP,397,132,7939
GPP,398,132,7949
GPP,399,132,7965
GPP,400,132,7996
GPP,401,131,8012
GPP,402,131,8027
GPP,403,128,8043
GPP,404,128,8059
GPP,405,128,8090
GPP,406,128,8106
GPP,407,128,8122
GPP,408,128,8137
GPP,409,128,8169
GPP,410,128,8184
GPP,411,128,8200
GPP,412,128,8216
GPP,413,128,8231
GPP,414,127,8263
GPP,415,127,8278
GPP,416,125,8294
GPP,417,125,8310
GPP,418,125,8341
GPP,419,124,8357
GPP,420,124,8373
GPP,421,124,8389
GPP,422,122,8404
GPP,423,122,8436
GPP,424,122,8451
GPP,425,122,8467
GPP,426,122,8483
GPP,427,122,8514
GPP,428,122,8530
GPP,429,122,8545
GPP,430,122,8561
GPP,431,122,8592
GPP,432,122,8608
GPP,433,120,8624
GPP,434,120,8640
GPP,435,120,8655
GPP,436,120,8687
GPP,437,120,8702
GPP,438,119,8718
GPP,439,119,8734
GPP,440,119,8765
GPP,441,119,8781
GPP,442,119,8796
GPP,443,119,8812
GPP,444,119,8828
GPP,445,119,8859
GPP,446,119,8875
GPP,447,119,8890
GPP,448,119,8922
GPP,449,119,8938
GPP,450,119,8953
GPP,451,119,8969
GPP,452,119,8985
GPP,453,119,9016
GPP,454,119,9032
GPP,455,119,9048
GPP,456,119,9079
GPP,457,119,9095
GPP,458,119,9110
GPP,459,119,9126
GPP,460,119,9158
GPP,461,119,9173
GPP,462,119,9189
GPP,463,119,9205
GPP,464,119,9236
GPP,465,119,9252
GPP,466,119,9268
GPP,467,119,9291
GPP,468,119,9315
GPP,469,119,9330
GPP,470,119,9346
GPP,471,118,9362
GPP,472,118,9393
GPP,473,118,9409
GPP,474,118,9425
GPP,475,118,9441
GPP,476,118,9472
GPP,477,118,9488
GPP,478,118,9503
GPP,479,118,9519
GPP,480,118,9535
GPP,481,118,9566
GPP,482,118,9582
GPP,483,118,9597
GPP,484,118,9613
GPP,485,117,9645
GPP,486,117,9660
GPP,487,117,9676
GPP,488,117,9692
GPP,489,117,9723
GPP,490,117,9739
GPP,491,117,9755
GPP,492,116,9770
GPP,493,116,9802
GPP,494,116,9817
GPP,495,116,9833
GPP,496,116,9849
GPP,497,116,9865
GPP,498,116,9896
GPP,499,116,9912
GPP,500,116,9927
GPP,501,116,9943
GPP,502,116,9975
GPP,503,115,9990
GPP,504,115,10006
GPP,505,114,10022
GPP,506,112,10037
GPP,507,112,10069
GPP,508,112,10084
GPP,509,112,10100
GPP,510,112,10116
GPP,511,112,10132
GPP,512,112,10163
GPP,513,112,10179
GPP,514,112,10194
GPP,515,111,10210
GPP,516,110,10241
GPP,517,110,10257
GPP,518,110,10273
GPP,519,110,10288
GPP,520,110,10304
GPP,521,110,10336
GPP,522,110,10351
GPP,523,110,10367
GPP,524,110,10383
GPP,525,110,10414
GPP,526,106,10430
GPP,527,106,10446
GPP,528,106,10461
GPP,529,106,10477
GPP,530,106,10508
GPP,531,106,10524
GPP,532,106,10540
GPP,533,106,10555
GPP,534,106,10587
GPP,535,106,10602
GPP,536,106,10618
GPP,537,106,10634
GPP,538,106,10665
GPP,539,106,10681
GPP,540,106,10697
GPP,541,106,10712
GPP,542,106,10744
GPP,543,106,10760
GPP,544,106,10775
GPP,545,106,10791
GPP,546,106,10823
GPP,547,106,10838
GPP,548,106,10854
GPP,549,106,10870
GPP,550,106,10901
GPP,551,106,10917
GPP,552,106,10932
GPP,553,106,10948
GPP,554,106,10980
GPP,555,106,10995
GPP,556,106,11011
GPP,557,106,11027
GPP,558,106,11058
GPP,559,106,11074
GPP,560,106,11090
GPP,561,106,11105
GPP,562,106,11137
GPP,563,106,11152
GPP,564,106,11168
GPP,565,106,11184
GPP,566,106,11215
GPP,567,106,11231
GPP,568,106,11247
GPP,569,106,11262
GPP,570,106,11278
GPP,571,105,11309
GPP,572,105,11325
GPP,573,105,11341
GPP,574,105,11357
GPP,575,105,11388
GPP,576,105,11404
GPP,577,105,11420
GPP,578,105,11435
GPP,579,104,11451
GPP,580,104,11483
GPP,581,104,11498
GPP,582,104,11514
GPP,583,103,11530
GPP,584,103,11561
GPP,585,103,11577
GPP,586,103,11592
GPP,587,103,11608
GPP,588,103,11624
GPP,589,103,11655
GPP,590,103,11671
GPP,591,103,11687
GPP,592,103,11702
GPP,593,103,11734
GPP,594,103,11750
GPP,595,103,11765
GPP,596,103,11781
GPP,597,103,11797
GPP,598,103,11828
GPP,599,103,11844
GPP,600,103,11860
GPP,601,103,11877
GPP,602,103,11907
GPP,603,103,11922
GPP,604,103,11938
GPP,605,103,11954
GPP,606,102,11985
GPP,607,101,12001
GPP,608,101,12025
GPP,609,101,12032
GPP,610,101,12048
GPP,611,101,12080
GPP,612,101,12095
GPP,613,100,12111
GPP,614,100,12127
GPP,615,100,12158
GPP,616,100,12174
GPP,617,100,12190
GPP,618,100,12205
GPP,619,100,12221
GPP,620,99,12253
GPP,621,99,12268
GPP,622,99,12284
GPP,623,99,12300
GPP,624,99,12331
GPP,625,99,12347
GPP,626,99,12362
GPP,627,99,12378
GPP,628,97,12409
GPP,629,97,12425
GPP,630,97,12441
GPP,631,97,12457
GPP,632,97,12488
GPP,633,97,12508
GPP,634,97,12519
GPP,635,97,12535
GPP,636,97,12567
GPP,637,97,12582
GPP,638,97,12598
GPP,639,97,12614
GPP,640,97,12645
GPP,641,97,12661
GPP,642,97,12677
GPP,643,97,12692
GPP,644,97,12724
GPP,645,97,12739
GPP,646,97,12755
GPP,647,97,12771
GPP,648,97,12802
GPP,649,97,12818
GPP,650,97,12834
GPP,651,97,12865
GPP,652,97,12881
GPP,653,97,12896
GPP,654,97,12912
GPP,655,97,12943
GPP,656,97,12959
GPP,657,97,12975
GPP,658,97,12990
GPP,659,97,13022
GPP,660,97,13037
GPP,661,97,13053
GPP,662,97,13085
GPP,663,97,13100
GPP,664,97,13116
GPP,665,97,13132
GPP,666,97,13163
GPP,667,97,13179
GPP,668,97,13195
GPP,669,97,13211
GPP,670,97,13226
GPP,671,97,13258
GPP,672,97,13273
GPP,673,97,13289
GPP,674,97,13305
GPP,675,97,13336
GPP,676,97,13352
GPP,677,97,13368
GPP,678,97,13391
GPP,679,97,13415
GPP,680,97,13431
GPP,681,97,13446
GPP,682,97,13462
GPP,683,97,13478
GPP,684,97,13509
GPP,685,97,13525
GPP,686,97,13541
GPP,687,97,13556
GPP,688,96,13572
GPP,689,96,13603
GPP,690,96,13619
GPP,691,96,13635
GPP,692,96,13651
GPP,693,96,13682
GPP,694,96,13698
GPP,695,96,13713
GPP,696,95,13729
GPP,697,95,13760
GPP,698,95,13776
GPP,699,95,13792
GPP,700,95,13808
GPP,701,95,13823
GPP,702,95,13855
GPP,703,94,13870
GPP,704,94,13886
GPP,705,94,13902
GPP,706,94,13933
GPP,707,94,13949
GPP,708,94,13965
GPP,709,94,13980
GPP,710,94,14012
GPP,711,94,14028
GPP,712,94,14043
GPP,713,94,14059
GPP,714,94,14090
GPP,715,94,14106
GPP,716,94,14122
GPP,717,94,14137
GPP,718,94,14169
GPP,719,94,14184
GPP,720,94,14200
GPP,721,94,14216
GPP,722,94,14247
GPP,723,94,14263
GPP,724,94,14279
GPP,725,94,14294
GPP,726,94,14326
GPP,727,94,14341
GPP,728,94,14357
GPP,729,94,14373
GPP,730,94,14404
GPP,731,94,14420
GPP,732,94,14436
GPP,733,94,14467
GPP,734,94,14483
GPP,735,94,14498
GPP,736,94,14514
GPP,737,94,14546
GPP,738,94,14561
GPP,739,94,14577
GPP,740,94,14593
GPP,741,94,14624
GPP,742,94,14640
GPP,743,94,14656
GPP,744,94,14687
GPP,745,94,14707
GPP,746,94,14727
GPP,747,94,14747
GPP,748,94,14767
GPP,749,94,14788
GPP,750,94,14808
GPP,751,94,14827
GPP,752,94,14848
GPP,753,94,14867
GPP,754,94,14888
GPP,755,94,14907
GPP,756,94,14928
GPP,757,94,14949
GPP,758,94,14968
GPP,759,94,14988
GPP,760,94,15007
GPP,761,94,15027
GPP,762,94,15047
GPP,763,94,15067
GPP,764,94,15087
GPP,765,94,15106
GPP,766,94,15127
GPP,767,94,15147
GPP,768,94,15167
GPP,769,94,15186
GPP,770,94,15206
GPP,771,94,15226
GPP,772,94,15244
GPP,773,94,15265
GPP,774,94,15285
GPP,775,94,15304
GPP,776,94,15323
GPP,777,94,15342
GPP,778,94,15361
GPP,779,94,15381
GPP,780,94,15401
GPP,781,94,15419
GPP,782,94,15439
GPP,783,94,15459
GPP,784,94,15477
GPP,785,94,15497
GPP,786,94,15516
GPP,787,94,15535
GPP,788,94,15556
GPP,789,94,15574
GPP,790,94,15593
GPP,791,94,15612
GPP,792,94,15628
GPP,793,94,15643
GPP,794,94,15659
GPP,795,94,15690
GPP,796,94,15706
GPP,797,94,15722
GPP,798,94,15737
GPP,799,94,15753
GPP,800,94,15785
GPP,801,94,15800
GPP,802,94,15816
GPP,803,94,15832
GPP,804,94,15863
GPP,805,94,15879
GPP,806,94,15894
GPP,807,94,15910
GPP,808,94,15926
GPP,809,94,15957
GPP,810,94,15973
GPP,811,94,15988
GPP,812,94,16004
GPP,813,94,16035
GPP,814,94,16051
GPP,815,94,16067
GPP,816,93,16082
GPP,817,93,16106
GPP,818,93,16130
GPP,819,93,16145
GPP,820,93,16161
GPP,821,93,16177
GPP,822,93,16208
GPP,823,93,16224
GPP,824,92,16239
GPP,825,92,16255
GPP,826,92,16287
GPP,827,92,16302
GPP,828,92,16318
GPP,829,92,16334
GPP,830,92,16365
GPP,831,92,16381
GPP,832,92,16396
GPP,833,92,16412
GPP,834,92,16443
GPP,835,92,16459
GPP,836,92,16475
GPP,837,92,16490
GPP,838,92,16522
GPP,839,92,16537
GPP,840,92,16553
GPP,841,92,16577
GPP,842,92,16600
GPP,843,92,16616
GPP,844,92,16632
GPP,845,92,16663
GPP,846,92,16679
GPP,847,92,16694
GPP,848,92,16710
GPP,849,92,16742
GPP,850,92,16757
GPP,851,92,16773
GPP,852,92,16789
GPP,853,92,16820
GPP,854,92,16836
GPP,855,92,16851
GPP,856,92,16883
GPP,857,92,16899
GPP,858,92,16914
GPP,859,92,16930
GPP,860,92,16962
GPP,861,92,16977
GPP,862,92,16993
GPP,863,92,17009
GPP,864,92,17040
GPP,865,92,17056
GPP,866,92,17071
GPP,867,92,17103
GPP,868,92,17119
GPP,869,92,17134
GPP,870,92,17150
GPP,871,92,17181
GPP,872,92,17197
GPP,873,92,17213
GPP,874,92,17229
GPP,875,92,17260
GPP,876,92,17276
GPP,877,92,17291
GPP,878,92,17323
GPP,879,92,17339
GPP,880,92,17354
GPP,881,92,17370
GPP,882,92,17401
GPP,883,92,17417
GPP,884,92,17433
GPP,885,92,17448
GPP,886,92,17480
GPP,887,92,17496
GPP,888,92,17511
GPP,889,92,17527
GPP,890,92,17558
GPP,891,92,17574
GPP,892,92,17590
GPP,893,92,17606
GPP,894,92,17637
GPP,895,92,17653
GPP,896,92,17669
GPP,897,92,17684
GPP,898,92,17700
GPP,899,92,17731
GPP,900,92,17747
GPP,901,92,17763
GPP,902,92,17778
GPP,903,92,17810
GPP,904,92,17826
GPP,905,92,17841
GPP,906,92,17857
GPP,907,92,17873
GPP,908,92,17904
GPP,909,92,17920
GPP,910,92,17935
GPP,911,92,17951
GPP,912,92,17967
GPP,913,92,17998
GPP,914,92,18014
GPP,915,92,18030
GPP,916,92,18045
GPP,917,92,18061
GPP,918,92,18093
GPP,919,92,18108
GPP,920,92,18124
GPP,921,92,18140
GPP,922,92,18171
GPP,923,92,18187
GPP,924,92,18203
GPP,925,92,18218
GPP,926,92,18234
GPP,927,92,18265
GPP,928,92,18281
GPP,929,92,18297
GPP,930,92,18312
GPP,931,92,18344
GPP,932,92,18360
GPP,933,92,18375
GPP,934,92,18391
GPP,935,92,18407
GPP,936,92,18438
GPP,937,92,18454
GPP,938,92,18470
GPP,939,92,18485
GPP,940,92,18517
GPP,941,92,18533
GPP,942,92,18548
GPP,943,92,18580
GPP,944,92,18595
GPP,945,92,18611
GPP,946,92,18627
GPP,947,92,18658
GPP,948,92,18674
GPP,949,92,18690
GPP,950,90,18705
GPP,951,90,18737
GPP,952,90,18753
GPP,953,90,18768
GPP,954,90,18800
GPP,955,90,18816
GPP,956,90,18839
GPP,957,90,18847
GPP,958,90,18878
GPP,959,90,18894
GPP,960,90,18910
GPP,961,90,18941
GPP,962,90,18957
GPP,963,90,18972
GPP,964,90,18988
GPP,965,90,19019
GPP,966,90,19035
GPP,967,90,19051
GPP,968,90,19082
GPP,969,90,19098
GPP,970,90,19114
GPP,971,90,19129
GPP,972,90,19161
GPP,973,90,19176
GPP,974,90,19192
GPP,975,90,19208
GPP,976,90,19239
GPP,977,90,19255
GPP,978,90,19271
GPP,979,90,19302
GPP,980,90,19318
GPP,981,90,19334
GPP,982,90,19365
GPP,983,90,19381
GPP,984,90,19397
GPP,985,90,19412
GPP,986,90,19444
GPP,987,90,19459
GPP,988,90,19475
GPP,989,90,19491
GPP,990,90,19522
GPP,991,90,19538
GPP,992,90,19554
GPP,993,90,19585
GPP,994,90,19601
GPP,995,90,19617
GPP,996,90,19632
GPP,997,90,19664
GPP,998,90,19679
GPP,999,90,19695
GPP,1000,90,19727
GPP,1001,90,19742
GPP,1002,90,19758
GPP,1003,90,19774
GPP,1004,90,19805
GPP,1005,90,19821
GPP,1006,90,19837
GPP,1007,90,19852
GPP,1008,90,19884
GPP,1009,90,19899
GPP,1010,90,19915
GPP,1011,90,19946
GPP,1012,90,19962
GPP,1013,90,19978
GPP,1014,90,19994
GPP,1015,90,20025
GPP,1016,90,20041
GPP,1017,90,20057
GPP,1018,90,20072
GPP,1019,90,20104
GPP,1020,90,20119
GPP,1021,90,20135
GPP,1022,90,20151
GPP,1023,90,20182
GPP,1024,90,20202
GPP,1025,90,20214
GPP,1026,90,20229
GPP,1027,90,20245
GPP,1028,90,20277
GPP,1029,90,20292
GPP,1030,90,20308
GPP,1031,90,20324
GPP,1032,90,20340
GPP,1033,90,20371
GPP,1034,90,20387
GPP,1035,90,20403
GPP,1036,90,20418
GPP,1037,90,20434
GPP,1038,90,20465
GPP,1039,90,20481
GPP,1040,90,20497
GPP,1041,90,20513
GPP,1042,90,20528
GPP,1043,90,20560
GPP,1044,90,20575
GPP,1045,90,20591
GPP,1046,90,20607
GPP,1047,90,20623
GPP,1048,90,20654
GPP,1049,90,20670
GPP,1050,90,20685
GPP,1051,90,20701
GPP,1052,90,20717
GPP,1053,90,20733
GPP,1054,90,20764
GPP,1055,90,20780
GPP,1056,90,20795
GPP,1057,90,20811
GPP,1058,90,20827
GPP,1059,90,20858
GPP,1060,90,20874
GPP,1061,90,20890
GPP,1062,90,20905
GPP,1063,90,20921
GPP,1064,90,20953
GPP,1065,90,20968
GPP,1066,90,20984
GPP,1067,90,21000
GPP,1068,90,21031
GPP,1069,90,21047
GPP,1070,90,21063
GPP,1071,90,21079
GPP,1072,90,21110
GPP,1073,90,21126
GPP,1074,90,21142
GPP,1075,90,21157
GPP,1076,90,21173
GPP,1077,90,21204
GPP,1078,90,21220
GPP,1079,90,21236
GPP,1080,90,21251
GPP,1081,90,21283
GPP,1082,90,21299
GPP,1083,90,21314
GPP,1084,90,21330
GPP,1085,90,21361
GPP,1086,90,21377
GPP,1087,90,21393
GPP,1088,90,21409
GPP,1089,90,21440
GPP,1090,90,21456
GPP,1091,90,21471
GPP,1092,90,21487
GPP,1093,90,21518
GPP,1094,90,21534
GPP,1095,90,21558
GPP,1096,90,21581
GPP,1097,90,21597
GPP,1098,89,21613
GPP,1099,89,21628
GPP,1100,89,21660
GPP,1101,89,21675
GPP,1102,89,21691
GPP,1103,89,21707
GPP,1104,89,21738
GPP,1105,89,21754
GPP,1106,89,21769
GPP,1107,89,21801
GPP,1108,89,21817
GPP,1109,89,21832
GPP,1110,89,21848
GPP,1111,89,21879
GPP,1112,89,21895
GPP,1113,89,21911
GPP,1114,89,21942
GPP,1115,89,21958
GPP,1116,89,21974
GPP,1117,89,21989
GPP,1118,89,22021
GPP,1119,89,22037
GPP,1120,89,22052
GPP,1121,89,22068
GPP,1122,89,22099
GPP,1123,89,22115
GPP,1124,89,22131
GPP,1125,89,22163
GPP,1126,89,22178
GPP,1127,89,22194
GPP,1128,89,22210
GPP,1129,89,22241
GPP,1130,89,22257
GPP,1131,89,22273
GPP,1132,89,22304
GPP,1133,89,22320
GPP,1134,89,22336
GPP,1135,89,22361
GPP,1136,89,22383
GPP,1137,89,22399
GPP,1138,89,22414
GPP,1139,89,22446
GPP,1140,89,22461
GPP,1141,89,22477
GPP,1142,89,22509
GPP,1143,89,22524
GPP,1144,89,22549
GPP,1145,89,22556
GPP,1146,89,22587
GPP,1147,89,22603
GPP,1148,89,22618
GPP,1149,89,22650
GPP,1150,89,22665
GPP,1151,89,22681
GPP,1152,89,22697
GPP,1153,89,22728
GPP,1154,89,22744
GPP,1155,89,22760
GPP,1156,89,22775
GPP,1157,89,22807
GPP,1158,89,22823
GPP,1159,89,22838
GPP,1160,89,22854
GPP,1161,89,22885
GPP,1162,89,22901
GPP,1163,89,22925
GPP,1164,89,22932
GPP,1165,89,22964
GPP,1166,89,22985
GPP,1167,89,23005
GPP,1168,89,23025
GPP,1169,89,23042
GPP,1170,89,23062
GPP,1171,89,23082
GPP,1172,89,23099
GPP,1173,89,23119
GPP,1174,89,23139
GPP,1175,89,23156
GPP,1176,89,23176
GPP,1177,89,23194
GPP,1178,89,23213
GPP,1179,89,23232
GPP,1180,89,23251
GPP,1181,89,23269
GPP,1182,89,23289
GPP,1183,89,23295
GPP,1184,89,23326
GPP,1185,89,23342
GPP,1186,89,23357
GPP,1187,89,23373
GPP,1188,89,23389
GPP,1189,89,23420
GPP,1190,89,23436
GPP,1191,89,23452
GPP,1192,89,23468
GPP,1193,89,23483
GPP,1194,89,23515
GPP,1195,89,23531
GPP,1196,89,23546
GPP,1197,89,23562
GPP,1198,89,23578
GPP,1199,89,23594
GPP,1200,89,23625
GPP,1201,89,23644
GPP,1202,89,23656
GPP,1203,89,23672
GPP,1204,89,23704
GPP,1205,89,23719
GPP,1206,89,23735
GPP,1207,88,23751
GPP,1208,88,23766
GPP,1209,88,23798
GPP,1210,88,23814
GPP,1211,88,23829
GPP,1212,88,23845
GPP,1213,88,23876
GPP,1214,88,23892
GPP,1215,88,23908
GPP,1216,88,23923
GPP,1217,88,23939
GPP,1218,88,23971
GPP,1219,88,23986
GPP,1220,88,24002
GPP,1221,88,24018
GPP,1222,88,24049
GPP,1223,88,24065
GPP,1224,88,24081
GPP,1225,88,24097
GPP,1226,88,24128
GPP,1227,88,24144
GPP,1228,88,24160
GPP,1229,88,24175
GPP,1230,88,24207
GPP,1231,88,24222
GPP,1232,88,24238
GPP,1233,88,24254
GPP,1234,88,24287
GPP,1235,88,24301
GPP,1236,88,24317
GPP,1237,88,24332
GPP,1238,88,24364
GPP,1239,88,24379
GPP,1240,88,24395
GPP,1241,88,24427
GPP,1242,88,24442
GPP,1243,88,24458
GPP,1244,88,24474
GPP,1245,88,24505
GPP,1246,88,24521
GPP,1247,88,24536
GPP,1248,88,24552
GPP,1249,88,24584
GPP,1250,88,24599
GPP,1251,88,24615
GPP,1252,88,24646
GPP,1253,88,24662
GPP,1254,88,24678
GPP,1255,88,24693
GPP,1256,88,24725
GPP,1257,88,24741
GPP,1258,88,24756
GPP,1259,88,24772
GPP,1260,88,24803
GPP,1261,88,24819
GPP,1262,88,24835
GPP,1263,88,24866
GPP,1264,88,24882
GPP,1265,88,24897
GPP,1266,88,24913
GPP,1267,88,24945
GPP,1268,88,24960
GPP,1269,88,24976
GPP,1270,88,25008
GPP,1271,88,25023
GPP,1272,88,25039
GPP,1273,88,25055
GPP,1274,88,25086
GPP,1275,88,25102
GPP,1276,88,25117
GPP,1277,88,25133
GPP,1278,88,25165
GPP,1279,88,25180
GPP,1280,88,25196
GPP,1281,88,25227
GPP,1282,88,25243
GPP,1283,88,25261
GPP,1284,88,25275
GPP,1285,88,25306
GPP,1286,88,25322
GPP,1287,88,25338
GPP,1288,88,25353
GPP,1289,88,25385
GPP,1290,88,25401
GPP,1291,88,25416
GPP,1292,88,25432
GPP,1293,88,25463
GPP,1294,88,25479
GPP,1295,88,25495
GPP,1296,88,25510
GPP,1297,88,25526
GPP,1298,88,25557
GPP,1299,88,25573
GPP,1300,88,25589
GPP,1301,88,25605
GPP,1302,88,25636
GPP,1303,88,25656
GPP,1304,88,25668
GPP,1305,88,25683
GPP,1306,88,25699
GPP,1307,88,25731
GPP,1308,88,25746
GPP,1309,88,25762
GPP,1310,88,25778
GPP,1311,88,25793
GPP,1312,88,25825
GPP,1313,88,25841
GPP,1314,88,25856
GPP,1315,88,25872
GPP,1316,88,25888
GPP,1317,88,25919
GPP,1318,88,25935
GPP,1319,88,25950
GPP,1320,88,25966
GPP,1321,88,25982
GPP,1322,88,26013
GPP,1323,88,26029
GPP,1324,88,26045
GPP,1325,88,26061
GPP,1326,88,26076
GPP,1327,88,26108
GPP,1328,88,26123
GPP,1329,88,26139
GPP,1330,88,26154
GPP,1331,88,26170
GPP,1332,88,26202
GPP,1333,88,26217
GPP,1334,88,26233
GPP,1335,88,26249
GPP,1336,88,26280
GPP,1337,88,26296
GPP,1338,88,26312
GPP,1339,88,26328
GPP,1340,88,26343
GPP,1341,88,26375
GPP,1342,88,26391
GPP,1343,88,26406
GPP,1344,88,26422
GPP,1345,88,26453
GPP,1346,88,26469
GPP,1347,88,26485
GPP,1348,88,26501
GPP,1349,88,26532
GPP,1350,88,26548
GPP,1351,88,26564
GPP,1352,88,26579
GPP,1353,88,26611
GPP,1354,88,26626
GPP,1355,88,26642
GPP,1356,88,26673
GPP,1357,88,26689
GPP,1358,88,26705
GPP,1359,88,26721
GPP,1360,88,26752
GPP,1361,88,26768
GPP,1362,88,26783
GPP,1363,88,26799
GPP,1364,88,26831
GPP,1365,88,26846
GPP,1366,88,26862
GPP,1367,88,26894
GPP,1368,88,26909
GPP,1369,88,26925
GPP,1370,88,26941
GPP,1371,88,26972
GPP,1372,88,26988
GPP,1373,88,27011
GPP,1374,88,27035
GPP,1375,88,27051
GPP,1376,88,27066
GPP,1377,88,27082
GPP,1378,88,27114
GPP,1379,88,27129
GPP,1380,88,27145
GPP,1381,88,27176
GPP,1382,88,27192
GPP,1383,88,27208
GPP,1384,88,27223
GPP,1385,88,27255
GPP,1386,88,27270
GPP,1387,88,27286
GPP,1388,88,27302
GPP,1389,88,27333
GPP,1390,88,27349
GPP,1391,88,27365
GPP,1392,88,27396
GPP,1393,88,27412
GPP,1394,88,27428
GPP,1395,88,27443
GPP,1396,88,27475
GPP,1397,88,27491
GPP,1398,88,27506
GPP,1399,88,27538
GPP,1400,88,27558
GPP,1401,88,27569
GPP,1402,88,27585
GPP,1403,88,27616
GPP,1404,88,27632
GPP,1405,88,27648
GPP,1406,88,27663
GPP,1407,88,27695
GPP,1408,88,27710
GPP,1409,88,27726
GPP,1410,88,27758
GPP,1411,88,27773
GPP,1412,88,27789
GPP,1413,88,27805
GPP,1414,88,27836
GPP,1415,88,27852
GPP,1416,88,27868
GPP,1417,88,27899
GPP,1418,88,27915
GPP,1419,88,27930
GPP,1420,88,27946
GPP,1421,88,27978
GPP,1422,88,27993
GPP,1423,88,28009
GPP,1424,88,28040
GPP,1425,88,28056
GPP,1426,88,28072
GPP,1427,88,28087
GPP,1428,88,28119
GPP,1429,88,28135
GPP,1430,88,28150
GPP,1431,88,28182
GPP,1432,88,28197
GPP,1433,88,28213
GPP,1434,88,28229
GPP,1435,88,28260
GPP,1436,88,28276
GPP,1437,88,28292
GPP,1438,88,28308
GPP,1439,88,28339
GPP,1440,88,28355
GPP,1441,88,28379
GPP,1442,88,28386
GPP,1443,88,28418
GPP,1444,88,28433
GPP,1445,88,28449
GPP,1446,88,28465
GPP,1447,88,28496
GPP,1448,88,28512
GPP,1449,88,28528
GPP,1450,88,28559
GPP,1451,88,28575
GPP,1452,88,28590
GPP,1453,88,28606
GPP,1454,88,28638
GPP,1455,88,28654
GPP,1456,88,28669
GPP,1457,88,28685
GPP,1458,88,28716
GPP,1459,88,28732
GPP,1460,88,28748
GPP,1461,88,28763
GPP,1462,88,28795
GPP,1463,88,28811
GPP,1464,88,28826
GPP,1465,88,28842
GPP,1466,88,28873
GPP,1467,88,28889
GPP,1468,88,28905
GPP,1469,88,28936
GPP,1470,88,28952
GPP,1471,88,28967
GPP,1472,88,28983
GPP,1473,88,29015
GPP,1474,88,29030
GPP,1475,88,29046
GPP,1476,88,29062
GPP,1477,88,29093
GPP,1478,88,29109
GPP,1479,88,29125
GPP,1480,88,29140
GPP,1481,88,29172
GPP,1482,88,29187
GPP,1483,88,29203
GPP,1484,88,29234
GPP,1485,88,29250
GPP,1486,88,29266
GPP,1487,88,29281
GPP,1488,88,29313
GPP,1489,88,29329
GPP,1490,88,29344
GPP,1491,88,29360
GPP,1492,88,29391
GPP,1493,88,29407
GPP,1494,88,29423
GPP,1495,88,29438
GPP,1496,88,29472
GPP,1497,88,29492
GPP,1498,88,29511
GPP,1499,88,29532
GPP,1500,88,29551
GPP,1501,88,29573
GPP,1502,88,29595
GPP,1503,88,29610
GPP,1504,88,29626
GPP,1505,88,29642
GPP,1506,88,29673
GPP,1507,88,29689
GPP,1508,88,29704
GPP,1509,88,29720
GPP,1510,88,29752
GPP,1511,88,29767
GPP,1512,88,29783
GPP,1513,88,29799
GPP,1514,88,29830
GPP,1515,88,29846
GPP,1516,88,29861
GPP,1517,88,29877
GPP,1518,88,29908
GPP,1519,88,29924
GPP,1520,88,29940
GPP,1521,88,29955
GPP,1522,88,29987
GPP,1523,88,30002
GPP,1524,88,30018
GPP,1525,88,30034
GPP,1526,88,30065
GPP,1527,88,30081
GPP,1528,88,30097
GPP,1529,88,30128
GPP,1530,88,30144
GPP,1531,88,30159
GPP,1532,88,30175
GPP,1533,88,30207
GPP,1534,88,30222
GPP,1535,88,30238
GPP,1536,88,30254
GPP,1537,88,30285
GPP,1538,88,30301
GPP,1539,88,30316
GPP,1540,88,30332
GPP,1541,88,30363
GPP,1542,88,30379
GPP,1543,88,30395
GPP,1544,88,30410
GPP,1545,88,30441
GPP,1546,88,30457
GPP,1547,88,30473
GPP,1548,88,30488
GPP,1549,88,30520
GPP,1550,88,30535
GPP,1551,88,30551
GPP,1552,88,30582
GPP,1553,88,30598
GPP,1554,88,30614
GPP,1555,88,30629
GPP,1556,88,30661
GPP,1557,88,30676
GPP,1558,88,30692
GPP,1559,88,30708
GPP,1560,88,30739
GPP,1561,88,30755
GPP,1562,88,30770
GPP,1563,88,30786
GPP,1564,88,30817
GPP,1565,88,30833
GPP,1566,88,30849
GPP,1567,88,30864
GPP,1568,88,30896
GPP,1569,88,30912
GPP,1570,88,30927
GPP,1571,88,30943
GPP,1572,88,30974
GPP,1573,88,30990
GPP,1574,88,31005
GPP,1575,88,31021
GPP,1576,88,31052
GPP,1577,88,31068
GPP,1578,88,31084
GPP,1579,88,31108
GPP,1580,88,31132
GPP,1581,88,31147
GPP,1582,88,31163
GPP,1583,88,31178
GPP,1584,88,31210
GPP,1585,88,31226
GPP,1586,88,31241
GPP,1587,88,31257
GPP,1588,88,31288
GPP,1589,88,31304
GPP,1590,88,31320
GPP,1591,88,31335
GPP,1592,88,31367
GPP,1593,88,31382
GPP,1594,88,31398
GPP,1595,88,31414
GPP,1596,88,31445
GPP,1597,88,31461
GPP,1598,88,31476
GPP,1599,88,31492
GPP,1600,88,31523
GPP,1601,88,31539
GPP,1602,88,31555
GPP,1603,88,31586
GPP,1604,88,31602
GPP,1605,88,31618
GPP,1606,88,31633
GPP,1607,88,31665
GPP,1608,88,31680
GPP,1609,88,31696
GPP,1610,88,31712
GPP,1611,88,31743
GPP,1612,88,31759
GPP,1613,88,31774
GPP,1614,88,31790
GPP,1615,88,31821
GPP,1616,88,31837
GPP,1617,88,31863
GPP,1618,88,31869
GPP,1619,88,31901
GPP,1620,88,31916
GPP,1621,88,31932
GPP,1622,88,31948
GPP,1623,88,31979
GPP,1624,88,31995
GPP,1625,88,32011
GPP,1626,88,32026
GPP,1627,88,32058
GPP,1628,88,32073
GPP,1629,88,32089
GPP,1630,88,32120
GPP,1631,88,32136
GPP,1632,88,32152
GPP,1633,88,32167
GPP,1634,88,32199
GPP,1635,88,32215
GPP,1636,88,32230
GPP,1637,88,32246
GPP,1638,88,32277
GPP,1639,88,32293
GPP,1640,88,32308
GPP,1641,88,32324
GPP,1642,88,32355
GPP,1643,88,32371
GPP,1644,88,32387
GPP,1645,88,32418
GPP,1646,88,32434
GPP,1647,88,32449
GPP,1648,88,32473
GPP,1649,88,32497
GPP,1650,88,32512
GPP,1651,88,32528
GPP,1652,88,32544
GPP,1653,88,32575
GPP,1654,88,32591
GPP,1655,88,32606
GPP,1656,88,32622
GPP,1657,88,32654
GPP,1658,88,32669
GPP,1659,88,32685
GPP,1660,88,32716
GPP,1661,88,32732
GPP,1662,88,32747
GPP,1663,88,32763
GPP,1664,88,32794
GPP,1665,88,32810
GPP,1666,88,32826
GPP,1667,88,32842
GPP,1668,88,32873
GPP,1669,88,32894
GPP,1670,88,32904
GPP,1671,88,32920
GPP,1672,88,32951
GPP,1673,88,32967
GPP,1674,88,32983
GPP,1675,88,32998
GPP,1676,88,33029
GPP,1677,88,33045
GPP,1678,88,33061
GPP,1679,88,33076
GPP,1680,88,33108
GPP,1681,88,33124
GPP,1682,88,33140
GPP,1683,88,33155
GPP,1684,88,33187
GPP,1685,88,33202
GPP,1686,88,33218
GPP,1687,88,33234
GPP,1688,88,33265
GPP,1689,88,33281
GPP,1690,88,33296
GPP,1691,88,33312
GPP,1692,88,33343
GPP,1693,88,33359
GPP,1694,88,33375
GPP,1695,88,33390
GPP,1696,88,33422
GPP,1697,88,33438
GPP,1698,88,33453
GPP,1699,88,33469
GPP,1700,88,33500
GPP,1701,88,33516
GPP,1702,88,33531
GPP,1703,88,33547
GPP,1704,88,33579
GPP,1705,88,33600
GPP,1706,88,33621
GPP,1707,88,33640
GPP,1708,88,33659
GPP,1709,88,33678
GPP,1710,88,33699
GPP,1711,88,33719
GPP,1712,88,33738
GPP,1713,88,33758
GPP,1714,88,33778
GPP,1715,88,33798
GPP,1716,88,33818
GPP,1717,88,33838
GPP,1718,88,33846
GPP,1719,88,33877
GPP,1720,88,33893
GPP,1721,88,33909
GPP,1722,88,33924
GPP,1723,88,33956
GPP,1724,88,33971
GPP,1725,88,33987
GPP,1726,88,34003
GPP,1727,88,34034
GPP,1728,88,34050
GPP,1729,88,34065
GPP,1730,88,34081
GPP,1731,88,34112
GPP,1732,88,34128
GPP,1733,88,34144
GPP,1734,88,34159
GPP,1735,88,34191
GPP,1736,88,34206
GPP,1737,88,34222
GPP,1738,88,34238
GPP,1739,88,34269
GPP,1740,88,34285
GPP,1741,88,34301
GPP,1742,88,34316
GPP,1743,88,34348
GPP,1744,88,34363
GPP,1745,88,34379
GPP,1746,88,34395
GPP,1747,88,34426
GPP,1748,88,34442
GPP,1749,88,34457
GPP,1750,88,34473
GPP,1751,88,34506
GPP,1752,88,34525
GPP,1753,88,34546
GPP,1754,88,34566
GPP,1755,88,34585
GPP,1756,88,34604
GPP,1757,88,34623
GPP,1758,88,34643
GPP,1759,88,34662
GPP,1760,88,34683
GPP,1761,88,34702
GPP,1762,88,34721
GPP,1763,88,34740
GPP,1764,88,34760
GPP,1765,88,34779
GPP,1766,88,34800
GPP,1767,88,34819
GPP,1768,88,34838
GPP,1769,88,34858
GPP,1770,88,34878
GPP,1771,88,34897
GPP,1772,88,34918
GPP,1773,88,34938
GPP,1774,88,34957
GPP,1775,88,34977
GPP,1776,88,34996
GPP,1777,88,35014
GPP,1778,88,35035
GPP,1779,88,35053
GPP,1780,88,35073
GPP,1781,88,35094
GPP,1782,88,35113
GPP,1783,88,35132
GPP,1784,88,35152
GPP,1785,88,35172
GPP,1786,88,35192
GPP,1787,88,35211
GPP,1788,88,35231
GPP,1789,88,35251
GPP,1790,88,35270
GPP,1791,88,35290
GPP,1792,88,35309
GPP,1793,88,35329
GPP,1794,88,35348
GPP,1795,88,35369
GPP,1796,88,35387
GPP,1797,88,35408
GPP,1798,88,35428
GPP,1799,88,35447
GPP,1800,88,35467
GPP,1801,88,35486
GPP,1802,88,35506
GPP,1803,88,35525
GPP,1804,88,35545
GPP,1805,88,35564
GPP,1806,88,35585
GPP,1807,88,35604
GPP,1808,88,35625
GPP,1809,88,35645
GPP,1810,88,35664
GPP,1811,88,35683
GPP,1812,88,35703
GPP,1813,88,35722
GPP,1814,88,35742
GPP,1815,88,35762
GPP,1816,88,35782
GPP,1817,88,35803
GPP,1818,88,35821
GPP,1819,88,35842
GPP,1820,88,35862
GPP,1821,88,35880
GPP,1822,88,35900
GPP,1823,88,35920
GPP,1824,88,35940
GPP,1825,88,35959
GPP,1826,88,35978
GPP,1827,88,35999
GPP,1828,88,36018
GPP,1829,88,36038
GPP,1830,88,36058
GPP,1831,88,36077
GPP,1832,88,36097
GPP,1833,88,36116
GPP,1834,88,36136
GPP,1835,88,36156
GPP,1836,88,36175
GPP,1837,88,36195
GPP,1838,88,36215
GPP,1839,88,36235
GPP,1840,88,36254
GPP,1841,88,36274
GPP,1842,88,36292
GPP,1843,88,36314
GPP,1844,88,36333
GPP,1845,88,36352
GPP,1846,88,36373
GPP,1847,88,36393
GPP,1848,88,36412
GPP,1849,88,36432
GPP,1850,88,36452
GPP,1851,88,36471
GPP,1852,88,36491
GPP,1853,88,36510
GPP,1854,88,36530
GPP,1855,88,36550
GPP,1856,88,36569
GPP,1857,88,36589
GPP,1858,88,36609
GPP,1859,88,36627
GPP,1860,88,36648
GPP,1861,88,36669
GPP,1862,88,36688
GPP,1863,88,36707
GPP,1864,88,36726
GPP,1865,88,36747
GPP,1866,88,36766
GPP,1867,88,36786
GPP,1868,88,36806
GPP,1869,88,36826
GPP,1870,88,36845
GPP,1871,88,36865
GPP,1872,88,36886
GPP,1873,88,36904
GPP,1874,88,36925
GPP,1875,88,36945
GPP,1876,88,36965
GPP,1877,88,36984
GPP,1878,88,37004
GPP,1879,88,37024
GPP,1880,88,37043
GPP,1881,88,37063
GPP,1882,88,37083
GPP,1883,88,37102
GPP,1884,88,37122
GPP,1885,88,37143
GPP,1886,88,37162
GPP,1887,88,37182
GPP,1888,88,37202
GPP,1889,88,37221
GPP,1890,88,37241
GPP,1891,88,37260
GPP,1892,88,37280
GPP,1893,88,37300
GPP,1894,88,37320
GPP,1895,88,37340
GPP,1896,88,37358
GPP,1897,88,37378
GPP,1898,88,37399
GPP,1899,88,37418
GPP,1900,88,37438
GPP,1901,88,37457
GPP,1902,88,37478
GPP,1903,88,37497
GPP,1904,88,37517
GPP,1905,88,37537
GPP,1906,88,37556
GPP,1907,88,37577
GPP,1908,88,37596
GPP,1909,88,37615
GPP,1910,88,37636
GPP,1911,88,37656
GPP,1912,88,37675
GPP,1913,88,37695
GPP,1914,88,37715
GPP,1915,88,37734
GPP,1916,88,37753
GPP,1917,88,37775
GPP,1918,88,37793
GPP,1919,88,37814
GPP,1920,88,37833
GPP,1921,88,37853
GPP,1922,88,37872
GPP,1923,88,37892
GPP,1924,88,37914
GPP,1925,88,37933
GPP,1926,88,37954
GPP,1927,88,37974
GPP,1928,88,37993
GPP,1929,88,38012
GPP,1930,88,38033
GPP,1931,88,38053
GPP,1932,88,38073
GPP,1933,88,38093
GPP,1934,88,38112
GPP,1935,88,38132
GPP,1936,88,38152
GPP,1937,88,38170
GPP,1938,88,38190
GPP,1939,88,38211
GPP,1940,88,38231
GPP,1941,88,38250
GPP,1942,88,38270
GPP,1943,88,38291
GPP,1944,88,38310
GPP,1945,88,38330
GPP,1946,88,38349
GPP,1947,88,38370
GPP,1948,88,38390
GPP,1949,88,38409
GPP,1950,88,38429
GPP,1951,88,38448
GPP,1952,88,38455
GPP,1953,88,38486
GPP,1954,88,38502
GPP,1955,88,38518
GPP,1956,88,38534
GPP,1957,88,38565
GPP,1958,88,38581
GPP,1959,88,38597
GPP,1960,88,38612
GPP,1961,88,38644
GPP,1962,88,38659
GPP,1963,88,38675
GPP,1964,88,38691
GPP,1965,88,38722
GPP,1966,88,38738
GPP,1967,88,38754
GPP,1968,88,38769
GPP,1969,88,38801
GPP,1970,88,38817
GPP,1971,88,38832
GPP,1972,88,38848
GPP,1973,88,38879
GPP,1974,88,38895
GPP,1975,88,38911
GPP,1976,88,38927
GPP,1977,88,38958
GPP,1978,88,38974
GPP,1979,88,38990
GPP,1980,88,39005
GPP,1981,88,39037
GPP,1982,88,39053
GPP,1983,88,39068
GPP,1984,88,39084
GPP,1985,88,39115
GPP,1986,88,39131
GPP,1987,88,39147
GPP,1988,88,39163
GPP,1989,88,39194
GPP,1990,88,39210
GPP,1991,88,39226
GPP,1992,88,39241
GPP,1993,88,39274
GPP,1994,88,39288
GPP,1995,88,39304
GPP,1996,88,39320
GPP,1997,88,39351
GPP,1998,88,39367
GPP,1999,88,39383
GPP,2000,88,39398
GPP,2001,88,39430
GPP,2002,88,39445
GPP,2003,88,39461
GPP,2004,88,39477
GPP,2005,88,39508
GPP,2006,88,39524
GPP,2007,88,39540
GPP,2008,88,39571
GPP,2009,88,39587
GPP,2010,88,39602
GPP,2011,88,39618
GPP,2012,88,39649
GPP,2013,88,39665
GPP,2014,88,39681
GPP,2015,88,39697
GPP,2016,88,39728
GPP,2017,88,39744
GPP,2018,88,39760
GPP,2019,88,39775
GPP,2020,88,39807
GPP,2021,88,39822
GPP,2022,88,39838
GPP,2023,88,39854
GPP,2024,88,39870
GPP,2025,88,39901
GPP,2026,88,39917
GPP,2027,88,39932
GPP,2028,88,39964
GPP,2029,88,39980
GPP,2030,88,39995
GPP,2031,88,40011
GPP,2032,88,40043
GPP,2033,88,40058
GPP,2034,88,40074
GPP,2035,88,40090
GPP,2036,88,40121
GPP,2037,88,40137
GPP,2038,88,40152
GPP,2039,88,40168
GPP,2040,88,40200
GPP,2041,88,40215
GPP,2042,88,40231
GPP,2043,88,40247
GPP,2044,88,40278
GPP,2045,88,40294
GPP,2046,88,40310
GPP,2047,88,40341
GPP,2048,88,40357
GPP,2049,88,40372
GPP,2050,88,40388
GPP,2051,88,40420
GPP,2052,88,40435
GPP,2053,88,40451
GPP,2054,88,40467
GPP,2055,88,40498
GPP,2056,88,40514
GPP,2057,88,40530
GPP,2058,88,40561
GPP,2059,88,40577
GPP,2060,88,40592
GPP,2061,88,40608
GPP,2062,88,40639
GPP,2063,88,40655
GPP,2064,88,40671
GPP,2065,88,40686
GPP,2066,88,40718
GPP,2067,88,40734
GPP,2068,88,40749
GPP,2069,88,40765
GPP,2070,88,40796
GPP,2071,88,40812
GPP,2072,88,40828
GPP,2073,88,40844
GPP,2074,88,40875
GPP,2075,88,40891
GPP,2076,88,40907
GPP,2077,88,40922
GPP,2078,88,40954
GPP,2079,88,40970
GPP,2080,88,40985
GPP,2081,88,41001
GPP,2082,88,41032
GPP,2083,88,41048
GPP,2084,88,41064
GPP,2085,88,41080
GPP,2086,88,41111
GPP,2087,88,41127
GPP,2088,88,41142
GPP,2089,88,41158
GPP,2090,88,41190
GPP,2091,88,41205
GPP,2092,88,41221
GPP,2093,88,41237
GPP,2094,88,41268
GPP,2095,88,41284
GPP,2096,88,41300
GPP,2097,88,41315
GPP,2098,88,41347
GPP,2099,88,41363
GPP,2100,88,41378
GPP,2101,88,41394
GPP,2102,88,41425
GPP,2103,88,41441
GPP,2104,88,41457
GPP,2105,88,41473
GPP,2106,88,41504
GPP,2107,88,41520
GPP,2108,88,41536
GPP,2109,88,41551
GPP,2110,88,41583
GPP,2111,88,41599
GPP,2112,88,41614
GPP,2113,88,41630
GPP,2114,88,41661
GPP,2115,88,41677
GPP,2116,88,41693
GPP,2117,88,41708
GPP,2118,88,41724
GPP,2119,88,41756
GPP,2120,88,41771
GPP,2121,88,41787
GPP,2122,88,41803
GPP,2123,88,41834
GPP,2124,88,41850
GPP,2125,88,41865
GPP,2126,88,41881
GPP,2127,88,41913
GPP,2128,88,41928
GPP,2129,88,41944
GPP,2130,88,41960
GPP,2131,88,41991
GPP,2132,88,42014
GPP,2133,88,42023
GPP,2134,88,42038
GPP,2135,88,42070
GPP,2136,88,42085
GPP,2137,88,42101
GPP,2138,88,42117
GPP,2139,88,42148
GPP,2140,88,42164
GPP,2141,88,42180
GPP,2142,88,42195
GPP,2143,88,42227
GPP,2144,88,42243
GPP,2145,88,42258
GPP,2146,88,42274
GPP,2147,88,42305
GPP,2148,88,42321
GPP,2149,88,42337
GPP,2150,88,42353
GPP,2151,88,42384
GPP,2152,88,42400
GPP,2153,88,42415
GPP,2154,88,42431
GPP,2155,88,42463
GPP,2156,88,42478
GPP,2157,88,42494
GPP,2158,88,42510
GPP,2159,88,42541
GPP,2160,88,42557
GPP,2161,88,42573
GPP,2162,88,42597
GPP,2163,88,42620
GPP,2164,88,42635
GPP,2165,88,42651
GPP,2166,88,42667
GPP,2167,88,42698
GPP,2168,88,42714
GPP,2169,88,42730
GPP,2170,88,42745
GPP,2171,88,42777
GPP,2172,88,42793
GPP,2173,88,42808
GPP,2174,88,42824
GPP,2175,88,42855
GPP,2176,88,42871
GPP,2177,88,42887
GPP,2178,88,42903
GPP,2179,88,42934
GPP,2180,88,42950
GPP,2181,88,42965
GPP,2182,88,42981
GPP,2183,88,43013
GPP,2184,88,43028
GPP,2185,88,43044
GPP,2186,88,43060
GPP,2187,88,43091
GPP,2188,88,43107
GPP,2189,88,43122
GPP,2190,88,43138
GPP,2191,88,43169
GPP,2192,88,43185
GPP,2193,88,43201
GPP,2194,88,43232
GPP,2195,88,43251
GPP,2196,88,43271
GPP,2197,88,43292
GPP,2198,88,43313
GPP,2199,88,43332
GPP,2200,88,43352
GPP,2201,88,43370
GPP,2202,88,43390
GPP,2203,88,43411
GPP,2204,88,43430
GPP,2205,88,43449
GPP,2206,88,43469
GPP,2207,88,43489
GPP,2208,88,43510
GPP,2209,88,43528
GPP,2210,88,43548
GPP,2211,88,43568
GPP,2212,88,43587
GPP,2213,88,43608
GPP,2214,88,43626
GPP,2215,88,43647
GPP,2216,88,43666
GPP,2217,88,43687
GPP,2218,88,43707
GPP,2219,88,43726
GPP,2220,88,43745
GPP,2221,88,43767
GPP,2222,88,43785
GPP,2223,88,43805
GPP,2224,88,43825
GPP,2225,88,43845
GPP,2226,88,43864
GPP,2227,88,43885
GPP,2228,88,43904
GPP,2229,88,43923
GPP,2230,88,43943
GPP,2231,88,43963
GPP,2232,88,43983
GPP,2233,88,44003
GPP,2234,88,44022
GPP,2235,88,44040
GPP,2236,88,44061
GPP,2237,88,44080
GPP,2238,88,44100
GPP,2239,88,44120
GPP,2240,88,44139
GPP,2241,88,44159
GPP,2242,88,44177
GPP,2243,88,44198
GPP,2244,88,44217
GPP,2245,88,44237
GPP,2246,88,44258
GPP,2247,88,44277
GPP,2248,88,44296
GPP,2249,88,44316
GPP,2250,88,44335
GPP,2251,88,44354
GPP,2252,88,44374
GPP,2253,88,44394
GPP,2254,88,44415
GPP,2255,88,44434
GPP,2256,88,44453
GPP,2257,88,44473
GPP,2258,88,44493
GPP,2259,88,44512
GPP,2260,88,44532
GPP,2261,88,44551
GPP,2262,88,44571
GPP,2263,88,44591
GPP,2264,88,44611
GPP,2265,88,44630
GPP,2266,88,44649
GPP,2267,88,44669
GPP,2268,88,44688
GPP,2269,88,44708
GPP,2270,88,44727
GPP,2271,88,44749
GPP,2272,88,44768
GPP,2273,88,44788
GPP,2274,88,44806
GPP,2275,88,44826
GPP,2276,88,44846
GPP,2277,88,44867
GPP,2278,88,44885
GPP,2279,88,44906
GPP,2280,88,44926
GPP,2281,88,44945
GPP,2282,88,44966
GPP,2283,88,44984
GPP,2284,88,45004
GPP,2285,88,45024
GPP,2286,88,45044
GPP,2287,88,45063
GPP,2288,88,45082
GPP,2289,88,45102
GPP,2290,88,45123
GPP,2291,88,45142
GPP,2292,88,45163
GPP,2293,88,45182
GPP,2294,88,45202
GPP,2295,88,45220
GPP,2296,88,45240
GPP,2297,88,45260
GPP,2298,88,45279
GPP,2299,88,45300
GPP,2300,88,45320
GPP,2301,88,45330
GPP,2302,88,45345
GPP,2303,88,45377
GPP,2304,88,45393
GPP,2305,88,45408
GPP,2306,88,45424
GPP,2307,88,45455
GPP,2308,88,45471
GPP,2309,88,45493
GPP,2310,88,45503
GPP,2311,88,45534
GPP,2312,88,45550
GPP,2313,88,45565
GPP,2314,88,45581
GPP,2315,88,45612
GPP,2316,88,45628
GPP,2317,88,45644
GPP,2318,88,45660
GPP,2319,88,45691
GPP,2320,88,45707
GPP,2321,88,45722
GPP,2322,88,45738
GPP,2323,88,45770
GPP,2324,88,45785
GPP,2325,88,45801
GPP,2326,88,45817
GPP,2327,88,45848
GPP,2328,88,45864
GPP,2329,88,45880
GPP,2330,88,45895
GPP,2331,88,45927
GPP,2332,88,45943
GPP,2333,88,45958
GPP,2334,88,45990
GPP,2335,88,46006
GPP,2336,88,46021
GPP,2337,88,46037
GPP,2338,88,46053
GPP,2339,88,46084
GPP,2340,88,46107
GPP,2341,88,46116
GPP,2342,88,46131
GPP,2343,88,46163
GPP,2344,88,46179
GPP,2345,88,46194
GPP,2346,88,46210
GPP,2347,88,46241
GPP,2348,88,46257
GPP,2349,88,46273
GPP,2350,88,46289
GPP,2351,88,46320
GPP,2352,88,46336
GPP,2353,88,46351
GPP,2354,88,46383
GPP,2355,88,46398
GPP,2356,88,46414
GPP,2357,88,46430
GPP,2358,88,46461
GPP,2359,88,46477
GPP,2360,88,46492
GPP,2361,88,46508
GPP,2362,88,46539
GPP,2363,88,46555
GPP,2364,88,46571
GPP,2365,88,46586
GPP,2366,88,46618
GPP,2367,88,46633
GPP,2368,88,46649
GPP,2369,88,46665
GPP,2370,88,46696
GPP,2371,88,46712
GPP,2372,88,46727
GPP,2373,88,46743
GPP,2374,88,46774
GPP,2375,88,46790
GPP,2376,88,46806
GPP,2377,88,46821
GPP,2378,88,46853
GPP,2379,88,46868
GPP,2380,88,46884
GPP,2381,88,46915
GPP,2382,88,46931
GPP,2383,88,46947
GPP,2384,88,46962
GPP,2385,88,46994
GPP,2386,88,47009
GPP,2387,88,47025
GPP,2388,88,47041
GPP,2389,88,47072
GPP,2390,88,47088
GPP,2391,88,47103
GPP,2392,88,47119
GPP,2393,88,47150
GPP,2394,88,47166
GPP,2395,88,47182
GPP,2396,88,47198
GPP,2397,88,47229
GPP,2398,88,47245
GPP,2399,88,47261
GPP,2400,88,47276
GPP,2401,88,47308
GPP,2402,88,47323
GPP,2403,88,47339
GPP,2404,88,47370
GPP,2405,88,47386
GPP,2406,88,47402
GPP,2407,88,47417
GPP,2408,88,47449
GPP,2409,88,47469
GPP,2410,88,47480
GPP,2411,88,47496
GPP,2412,88,47527
GPP,2413,88,47543
GPP,2414,88,47559
GPP,2415,88,47574
GPP,2416,88,47606
GPP,2417,88,47621
GPP,2418,88,47637
GPP,2419,88,47653
GPP,2420,88,47684
GPP,2421,88,47700
GPP,2422,88,47715
GPP,2423,88,47731
GPP,2424,88,47762
GPP,2425,88,47778
GPP,2426,88,47794
GPP,2427,88,47810
GPP,2428,88,47841
GPP,2429,88,47856
GPP,2430,88,47872
GPP,2431,88,47904
GPP,2432,88,47920
GPP,2433,88,47935
GPP,2434,88,47951
GPP,2435,88,47982
GPP,2436,88,47998
GPP,2437,88,48014
GPP,2438,88,48029
GPP,2439,88,48061
GPP,2440,88,48077
GPP,2441,88,48092
GPP,2442,88,48124
GPP,2443,88,48139
GPP,2444,88,48155
GPP,2445,88,48171
GPP,2446,88,48202
GPP,2447,88,48218
GPP,2448,88,48233
GPP,2449,88,48249
GPP,2450,88,48280
GPP,2451,88,48296
GPP,2452,88,48312
GPP,2453,88,48327
GPP,2454,88,48359
GPP,2455,88,48374
GPP,2456,88,48390
GPP,2457,88,48406
GPP,2458,88,48437
GPP,2459,88,48453
GPP,2460,88,48468
GPP,2461,88,48484
GPP,2462,88,48515
GPP,2463,88,48531
GPP,2464,88,48547
GPP,2465,88,48562
GPP,2466,88,48594
GPP,2467,88,48609
GPP,2468,88,48625
GPP,2469,88,48641
GPP,2470,88,48672
GPP,2471,88,48688
GPP,2472,88,48703
GPP,2473,88,48735
GPP,2474,88,48750
GPP,2475,88,48766
GPP,2476,88,48782
GPP,2477,88,48813
GPP,2478,88,48829
GPP,2479,88,48860
GPP,2480,88,48876
GPP,2481,88,48892
GPP,2482,88,48908
GPP,2483,88,48939
GPP,2484,88,48955
GPP,2485,88,48970
GPP,2486,88,48986
GPP,2487,88,49017
GPP,2488,88,49033
GPP,2489,88,49049
GPP,2490,88,49065
GPP,2491,88,49096
GPP,2492,88,49112
GPP,2493,88,49128
GPP,2494,88,49143
GPP,2495,88,49175
GPP,2496,88,49190
GPP,2497,88,49206
GPP,2498,88,49222
GPP,2499,88,49253
GPP,2500,88,49269
GPP,2501,88,49284
GPP,2502,88,49300
GPP,2503,88,49331
GPP,2504,88,49347
GPP,2505,88,49363
GPP,2506,88,49378
GPP,2507,88,49410
GPP,2508,88,49426
GPP,2509,88,49441
GPP,2510,88,49457
GPP,2511,88,49488
GPP,2512,88,49504
GPP,2513,88,49520
GPP,2514,88,49536
GPP,2515,88,49567
GPP,2516,88,49583
GPP,2517,88,49599
GPP,2518,88,49614
GPP,2519,88,49646
GPP,2520,88,49661
GPP,2521,88,49677
GPP,2522,88,49693
GPP,2523,88,49724
GPP,2524,88,49740
GPP,2525,88,49756
GPP,2526,88,49787
GPP,2527,88,49803
GPP,2528,88,49819
GPP,2529,88,49834
GPP,2530,88,49866
GPP,2531,88,49882
GPP,2532,88,49897
GPP,2533,88,49913
GPP,2534,88,49945
GPP,2535,88,49960
GPP,2536,88,49976
GPP,2537,88,49992
GPP,2538,88,50023
GPP,2539,88,50039
GPP,2540,88,50054
GPP,2541,88,50070
GPP,2542,88,50102
GPP,2543,88,50117
GPP,2544,88,50133
GPP,2545,88,50149
GPP,2546,88,50182
GPP,2547,88,50196
GPP,2548,88,50212
GPP,2549,88,50243
GPP,2550,88,50259
GPP,2551,88,50275
GPP,2552,88,50290
GPP,2553,88,50322
GPP,2554,88,50338
GPP,2555,88,50353
GPP,2556,88,50369
GPP,2557,88,50400
GPP,2558,88,50416
GPP,2559,88,50432
GPP,2560,88,50448
GPP,2561,88,50479
GPP,2562,88,50495
GPP,2563,88,50511
GPP,2564,88,50526
GPP,2565,88,50558
GPP,2566,88,50573
GPP,2567,88,50589
GPP,2568,88,50605
GPP,2569,88,50636
GPP,2570,88,50652
GPP,2571,88,50668
GPP,2572,88,50684
GPP,2573,88,50715
GPP,2574,88,50731
GPP,2575,88,50746
GPP,2576,88,50762
GPP,2577,88,50793
GPP,2578,88,50809
GPP,2579,88,50825
GPP,2580,88,50856
GPP,2581,88,50872
GPP,2582,88,50887
GPP,2583,88,50903
GPP,2584,88,50934
GPP,2585,88,50950
GPP,2586,88,50966
GPP,2587,88,50981
GPP,2588,88,51013
GPP,2589,88,51028
GPP,2590,88,51044
GPP,2591,88,51076
GPP,2592,88,51091
GPP,2593,88,51107
GPP,2594,88,51123
GPP,2595,88,51154
GPP,2596,88,51170
GPP,2597,88,51185
GPP,2598,88,51201
GPP,2599,88,51232
GPP,2600,88,51248
GPP,2601,88,51264
GPP,2602,88,51279
GPP,2603,88,51311
GPP,2604,88,51327
GPP,2605,88,51343
GPP,2606,88,51358
GPP,2607,88,51390
GPP,2608,88,51405
GPP,2609,88,51421
GPP,2610,88,51437
GPP,2611,88,51468
GPP,2612,88,51484
GPP,2613,88,51500
GPP,2614,88,51515
GPP,2615,88,51548
GPP,2616,88,51562
GPP,2617,88,51578
GPP,2618,88,51594
GPP,2619,88,51625
GPP,2620,88,51641
GPP,2621,88,51657
GPP,2622,88,51672
GPP,2623,88,51704
GPP,2624,88,51720
GPP,2625,88,51735
GPP,2626,88,51751
GPP,2627,88,51782
GPP,2628,88,51798
GPP,2629,88,51814
GPP,2630,88,51830
GPP,2631,88,51861
GPP,2632,88,51877
GPP,2633,88,51893
GPP,2634,88,51908
GPP,2635,88,51940
GPP,2636,88,51955
GPP,2637,88,51971
GPP,2638,88,51987
GPP,2639,88,52018
GPP,2640,88,52034
GPP,2641,88,52050
GPP,2642,88,52065
GPP,2643,88,52097
GPP,2644,88,52112
GPP,2645,88,52128
GPP,2646,88,52144
GPP,2647,88,52175
GPP,2648,88,52191
GPP,2649,88,52207
GPP,2650,88,52222
GPP,2651,88,52238
GPP,2652,88,52270
GPP,2653,88,52285
GPP,2654,88,52301
GPP,2655,88,52332
GPP,2656,88,52348
GPP,2657,88,52364
GPP,2658,88,52380
GPP,2659,88,52395
GPP,2660,88,52427
GPP,2661,88,52442
GPP,2662,88,52458
GPP,2663,88,52473
GPP,2664,88,52505
GPP,2665,88,52521
GPP,2666,88,52536
GPP,2667,88,52552
GPP,2668,88,52583
GPP,2669,88,52599
GPP,2670,88,52623
GPP,2671,88,52631
GPP,2672,88,52662
GPP,2673,88,52678
GPP,2674,88,52694
GPP,2675,88,52709
GPP,2676,88,52741
GPP,2677,88,52756
GPP,2678,88,52772
GPP,2679,88,52788
GPP,2680,88,52819
GPP,2681,88,52835
GPP,2682,88,52851
GPP,2683,88,52866
GPP,2684,88,52898
GPP,2685,88,52920
GPP,2686,88,52929
GPP,2687,88,52945
GPP,2688,88,52976
GPP,2689,88,52992
GPP,2690,88,53008
GPP,2691,88,53023
GPP,2692,88,53055
GPP,2693,88,53071
GPP,2694,88,53086
GPP,2695,88,53102
GPP,2696,88,53134
GPP,2697,88,53149
GPP,2698,88,53165
GPP,2699,88,53181
GPP,2700,88,53212
GPP,2701,88,53228
GPP,2702,88,53244
GPP,2703,88,53260
GPP,2704,88,53290
GPP,2705,88,53310
GPP,2706,88,53330
GPP,2707,88,53348
GPP,2708,88,53367
GPP,2709,88,53387
GPP,2710,88,53407
GPP,2711,88,53426
GPP,2712,88,53446
GPP,2713,88,53465
GPP,2714,88,53485
GPP,2715,88,53504
GPP,2716,88,53525
GPP,2717,88,53544
GPP,2718,88,53564
GPP,2719,88,53583
GPP,2720,88,53602
GPP,2721,88,53623
GPP,2722,88,53643
GPP,2723,88,53662
GPP,2724,88,53682
GPP,2725,88,53702
GPP,2726,88,53721
GPP,2727,88,53741
GPP,2728,88,53762
GPP,2729,88,53780
GPP,2730,88,53800
GPP,2731,88,53821
GPP,2732,88,53840
GPP,2733,88,53860
GPP,2734,88,53881
GPP,2735,88,53899
GPP,2736,88,53921
GPP,2737,88,53940
GPP,2738,88,53959
GPP,2739,88,53979
GPP,2740,88,54000
GPP,2741,88,54020
GPP,2742,88,54039
GPP,2743,88,54058
GPP,2744,88,54079
GPP,2745,88,54099
GPP,2746,88,54118
GPP,2747,88,54137
GPP,2748,88,54158
GPP,2749,88,54173
GPP,2750,88,54189
GPP,2751,88,54205
GPP,2752,88,54236
GPP,2753,88,54252
GPP,2754,88,54276
GPP,2755,88,54283
GPP,2756,88,54315
GPP,2757,88,54331
GPP,2758,88,54346
GPP,2759,88,54362
GPP,2760,88,54393
GPP,2761,88,54409
GPP,2762,88,54425
GPP,2763,88,54440
GPP,2764,88,54471
GPP,2765,88,54487
GPP,2766,88,54503
GPP,2767,88,54518
GPP,2768,88,54550
GPP,2769,88,54565
GPP,2770,88,54581
GPP,2771,88,54613
GPP,2772,88,54628
GPP,2773,88,54644
GPP,2774,88,54659
GPP,2775,88,54691
GPP,2776,88,54707
GPP,2777,88,54722
GPP,2778,88,54738
GPP,2779,88,54769
GPP,2780,88,54785
GPP,2781,88,54801
GPP,2782,88,54816
GPP,2783,88,54848
GPP,2784,88,54863
GPP,2785,88,54879
GPP,2786,88,54910
GPP,2787,88,54926
GPP,2788,88,54942
GPP,2789,88,54957
GPP,2790,88,54989
GPP,2791,88,55004
GPP,2792,88,55020
GPP,2793,88,55036
GPP,2794,88,55067
GPP,2795,88,55083
GPP,2796,88,55099
GPP,2797,88,55114
GPP,2798,88,55146
GPP,2799,88,55162
GPP,2800,88,55177
GPP,2801,88,55193
GPP,2802,88,55224
GPP,2803,88,55240
GPP,2804,88,55256
GPP,2805,88,55271
GPP,2806,88,55303
GPP,2807,88,55318
GPP,2808,88,55334
GPP,2809,88,55350
GPP,2810,88,55381
GPP,2811,88,55397
GPP,2812,88,55413
GPP,2813,88,55428
GPP,2814,88,55459
GPP,2815,88,55475
GPP,2816,88,55491
GPP,2817,88,55506
GPP,2818,88,55538
GPP,2819,88,55553
GPP,2820,88,55569
GPP,2821,88,55585
GPP,2822,88,55616
GPP,2823,88,55637
GPP,2824,88,55648
GPP,2825,88,55663
GPP,2826,88,55695
GPP,2827,88,55710
GPP,2828,88,55726
GPP,2829,88,55742
GPP,2830,88,55773
GPP,2831,88,55789
GPP,2832,88,55804
GPP,2833,88,55820
GPP,2834,88,55851
GPP,2835,88,55867
GPP,2836,88,55882
GPP,2837,88,55898
GPP,2838,88,55930
GPP,2839,88,55945
GPP,2840,88,55961
GPP,2841,88,55977
GPP,2842,88,56008
GPP,2843,88,56023
GPP,2844,88,56040
GPP,2845,88,56055
GPP,2846,88,56087
GPP,2847,88,56102
GPP,2848,88,56118
GPP,2849,88,56134
GPP,2850,88,56165
GPP,2851,88,56181
GPP,2852,88,56196
GPP,2853,88,56212
GPP,2854,88,56244
GPP,2855,88,56259
GPP,2856,88,56275
GPP,2857,88,56291
GPP,2858,88,56322
GPP,2859,88,56338
GPP,2860,88,56354
GPP,2861,88,56369
GPP,2862,88,56401
GPP,2863,88,56416
GPP,2864,88,56432
GPP,2865,88,56448
GPP,2866,88,56479
GPP,2867,88,56495
GPP,2868,88,56511
GPP,2869,88,56526
GPP,2870,88,56558
GPP,2871,88,56573
GPP,2872,88,56589
GPP,2873,88,56605
GPP,2874,88,56636
GPP,2875,88,56652
GPP,2876,88,56668
GPP,2877,88,56684
GPP,2878,88,56715
GPP,2879,88,56731
GPP,2880,88,56747
GPP,2881,88,56762
GPP,2882,88,56794
GPP,2883,88,56809
GPP,2884,88,56825
GPP,2885,88,56841
GPP,2886,88,56872
GPP,2887,88,56888
GPP,2888,88,56904
GPP,2889,88,56920
GPP,2890,88,56951
GPP,2891,88,56967
GPP,2892,88,56982
GPP,2893,88,57006
GPP,2894,88,57029
GPP,2895,88,57045
GPP,2896,88,57061
GPP,2897,88,57093
GPP,2898,88,57109
GPP,2899,88,57125
GPP,2900,88,57140
GPP,2901,88,57172
GPP,2902,88,57187
GPP,2903,88,57203
GPP,2904,88,57219
GPP,2905,88,57250
GPP,2906,88,57266
GPP,2907,88,57282
GPP,2908,88,57297
GPP,2909,88,57329
GPP,2910,88,57345
GPP,2911,88,57360
GPP,2912,88,57376
GPP,2913,88,57407
GPP,2914,88,57423
GPP,2915,88,57439
GPP,2916,88,57455
GPP,2917,88,57486
GPP,2918,88,57502
GPP,2919,88,57518
GPP,2920,88,57533
GPP,2921,88,57565
GPP,2922,88,57580
GPP,2923,88,57596
GPP,2924,88,57612
GPP,2925,88,57643
GPP,2926,88,57659
GPP,2927,88,57675
GPP,2928,88,57690
GPP,2929,88,57722
GPP,2930,88,57737
GPP,2931,88,57753
GPP,2932,88,57785
GPP,2933,88,57800
GPP,2934,88,57816
GPP,2935,88,57832
GPP,2936,88,57863
GPP,2937,88,57879
GPP,2938,88,57895
GPP,2939,88,57910
GPP,2940,88,57942
GPP,2941,88,57958
GPP,2942,88,57973
GPP,2943,88,57989
GPP,2944,88,58020
GPP,2945,88,58036
GPP,2946,88,58052
GPP,2947,88,58068
GPP,2948,88,58099
GPP,2949,88,58115
GPP,2950,88,58131
GPP,2951,88,58147
GPP,2952,88,58178
GPP,2953,88,58194
GPP,2954,88,58210
GPP,2955,88,58225
GPP,2956,88,58257
GPP,2957,88,58273
GPP,2958,88,58288
GPP,2959,88,58320
GPP,2960,88,58335
GPP,2961,88,58351
GPP,2962,88,58375
GPP,2963,88,58398
GPP,2964,88,58414
GPP,2965,88,58430
GPP,2966,88,58461
GPP,2967,88,58477
GPP,2968,88,58493
GPP,2969,88,58508
GPP,2970,88,58540
GPP,2971,88,58555
GPP,2972,88,58571
GPP,2973,88,58587
GPP,2974,88,58618
GPP,2975,88,58634
GPP,2976,88,58660
GPP,2977,88,58681
GPP,2978,88,58697
GPP,2979,88,58721
GPP,2980,88,58728
GPP,2981,88,58760
GPP,2982,88,58775
GPP,2983,88,58791
GPP,2984,88,58823
GPP,2985,88,58838
GPP,2986,88,58854
GPP,2987,88,58870
GPP,2988,88,58901
GPP,2989,88,58917
GPP,2990,88,58942
GPP,2991,88,58962
GPP,2992,88,58982
GPP,2993,88,58996
GPP,2994,88,59011
GPP,2995,88,59043
GPP,2996,88,59058
GPP,2997,88,59074
GPP,2998,88,59090
GPP,2999,88,59121
GPP,3000,88,59137
GPP,3001,88,59153
GPP,3002,88,59168
GPP,3003,88,59202
GPP,3004,88,59221
GPP,3005,88,59232
GPP,3006,88,59251
GPP,3007,88,59279
GPP,3008,88,59294
GPP,3009,88,59310
GPP,3010,88,59326
GPP,3011,88,59357
GPP,3012,88,59373
GPP,3013,88,59389
GPP,3014,88,59404
GPP,3015,88,59436
GPP,3016,88,59451
GPP,3017,88,59467
GPP,3018,88,59498
GPP,3019,88,59514
GPP,3020,88,59530
GPP,3021,88,59545
GPP,3022,88,59577
GPP,3023,88,59593
GPP,3024,88,59609
GPP,3025,88,59624
GPP,3026,88,59656
GPP,3027,88,59671
GPP,3028,88,59687
GPP,3029,88,59719
GPP,3030,88,59734
GPP,3031,88,59750
GPP,3032,88,59766
GPP,3033,88,59797
GPP,3034,88,59813
GPP,3035,88,59829
GPP,3036,88,59844
GPP,3037,88,59876
GPP,3038,88,59891
GPP,3039,88,59907
GPP,3040,88,59938
GPP,3041,88,59954
GPP,3042,88,59970
GPP,3043,88,59986
GPP,3044,88,60017
GPP,3045,88,60033
GPP,3046,88,60049
GPP,3047,88,60065
GPP,3048,88,60096
GPP,3049,88,60112
GPP,3050,88,60127
GPP,3051,88,60143
GPP,3052,88,60175
GPP,3053,88,60190
GPP,3054,88,60206
GPP,3055,88,60222
GPP,3056,88,60253
GPP,3057,88,60269
GPP,3058,88,60285
GPP,3059,88,60300
GPP,3060,88,60332
GPP,3061,88,60348
GPP,3062,88,60363
GPP,3063,88,60395
GPP,3064,88,60410
GPP,3065,88,60426
GPP,3066,88,60442
GPP,3067,88,60473
GPP,3068,88,60489
GPP,3069,88,60504
GPP,3070,88,60520
GPP,3071,88,60536
GPP,3072,88,60567
GPP,3073,88,60583
GPP,3074,88,60599
GPP,3075,88,60614
GPP,3076,88,60646
GPP,3077,88,60661
GPP,3078,88,60677
GPP,3079,88,60693
GPP,3080,88,60724
GPP,3081,88,60740
GPP,3082,88,60756
GPP,3083,88,60787
GPP,3084,88,60803
GPP,3085,88,60818
GPP,3086,88,60834
GPP,3087,88,60867
GPP,3088,88,60882
GPP,3089,88,60900
GPP,3090,88,60929
GPP,3091,88,60945
GPP,3092,88,60960
GPP,3093,88,60976
GPP,3094,88,61007
GPP,3095,88,61023
GPP,3096,88,61039
GPP,3097,88,61054
GPP,3098,88,61088
GPP,3099,88,61102
GPP,3100,88,61117
GPP,3101,88,61133
GPP,3102,88,61165
GPP,3103,88,61180
GPP,3104,88,61196
GPP,3105,88,61212
GPP,3106,88,61243
GPP,3107,88,61259
GPP,3108,88,61274
GPP,3109,88,61306
GPP,3110,88,61322
GPP,3111,88,61338
GPP,3112,88,61353
GPP,3113,88,61385
GPP,3114,88,61400
GPP,3115,88,61416
GPP,3116,88,61432
GPP,3117,88,61463
GPP,3118,88,61479
GPP,3119,88,61494
GPP,3120,88,61510
GPP,3121,88,61541
GPP,3122,88,61557
GPP,3123,88,61572
GPP,3124,88,61604
GPP,3125,88,61619
GPP,3126,88,61635
GPP,3127,88,61651
GPP,3128,88,61682
GPP,3129,88,61698
GPP,3130,88,61713
GPP,3131,88,61729
GPP,3132,88,61760
GPP,3133,88,61776
GPP,3134,88,61792
GPP,3135,88,61807
GPP,3136,88,61839
GPP,3137,88,61854
GPP,3138,88,61870
GPP,3139,88,61901
GPP,3140,88,61917
GPP,3141,88,61933
GPP,3142,88,61949
GPP,3143,88,61980
GPP,3144,88,61996
GPP,3145,88,62011
GPP,3146,88,62027
GPP,3147,88,62058
GPP,3148,88,62074
GPP,3149,88,62089
GPP,3150,88,62121
GPP,3151,88,62136
GPP,3152,88,62152
GPP,3153,88,62168
GPP,3154,88,62199
GPP,3155,88,62215
GPP,3156,88,62230
GPP,3157,88,62246
GPP,3158,88,62277
GPP,3159,88,62293
GPP,3160,88,62309
GPP,3161,88,62324
GPP,3162,88,62356
GPP,3163,88,62372
GPP,3164,88,62387
GPP,3165,88,62403
GPP,3166,88,62434
GPP,3167,88,62455
GPP,3168,88,62466
GPP,3169,88,62482
GPP,3170,88,62513
GPP,3171,88,62529
GPP,3172,88,62544
GPP,3173,88,62560
GPP,3174,88,62591
GPP,3175,88,62607
GPP,3176,88,62622
GPP,3177,88,62638
GPP,3178,88,62670
GPP,3179,88,62685
GPP,3180,88,62701
GPP,3181,88,62717
GPP,3182,88,62748
GPP,3183,88,62764
GPP,3184,88,62790
GPP,3185,88,62810
GPP,3186,88,62829
GPP,3187,88,62843
GPP,3188,88,62859
GPP,3189,88,62890
GPP,3190,88,62906
GPP,3191,88,62922
GPP,3192,88,62937
GPP,3193,88,62969
GPP,3194,88,62985
GPP,3195,88,63000
GPP,3196,88,63016
GPP,3197,88,63047
GPP,3198,88,63063
GPP,3199,88,63079
GPP,3200,88,63094
GPP,3201,88,63126
GPP,3202,88,63142
GPP,3203,88,63157
GPP,3204,88,63173
GPP,3205,88,63204
GPP,3206,88,63220
GPP,3207,88,63236
GPP,3208,88,63251
GPP,3209,88,63283
GPP,3210,88,63299
GPP,3211,88,63314
GPP,3212,88,63330
GPP,3213,88,63362
GPP,3214,88,63377
GPP,3215,88,63393
GPP,3216,88,63409
GPP,3217,88,63440
GPP,3218,88,63456
GPP,3219,88,63471
GPP,3220,88,63487
GPP,3221,88,63519
GPP,3222,88,63534
GPP,3223,88,63550
GPP,3224,88,63566
GPP,3225,88,63597
GPP,3226,88,63613
GPP,3227,88,63628
GPP,3228,88,63644
GPP,3229,88,63676
GPP,3230,88,63691
GPP,3231,88,63707
GPP,3232,88,63723
GPP,3233,88,63754
GPP,3234,88,63770
GPP,3235,88,63786
GPP,3236,88,63801
GPP,3237,88,63833
GPP,3238,88,63849
GPP,3239,88,63864
GPP,3240,88,63880
GPP,3241,88,63912
GPP,3242,88,63927
GPP,3243,88,63943
GPP,3244,88,63959
GPP,3245,88,63990
GPP,3246,88,64006
GPP,3247,88,64022
GPP,3248,88,64037
GPP,3249,88,64069
GPP,3250,88,64085
GPP,3251,88,64100
GPP,3252,88,64116
GPP,3253,88,64132
GPP,3254,88,64163
GPP,3255,88,64179
GPP,3256,88,64195
GPP,3257,88,64210
GPP,3258,88,64241
GPP,3259,88,64257
GPP,3260,88,64273
GPP,3261,88,64288
GPP,3262,88,64320
GPP,3263,88,64343
GPP,3264,88,64367
GPP,3265,88,64386
GPP,3266,88,64408
GPP,3267,88,64427
GPP,3268,88,64446
GPP,3269,88,64466
GPP,3270,88,64484
GPP,3271,88,64504
GPP,3272,88,64524
GPP,3273,88,64543
GPP,3274,88,64564
GPP,3275,88,64582
GPP,3276,88,64603
GPP,3277,88,64622
GPP,3278,88,64642
GPP,3279,88,64662
GPP,3280,88,64681
GPP,3281,88,64700
GPP,3282,88,64719
GPP,3283,88,64739
GPP,3284,88,64759
GPP,3285,88,64779
GPP,3286,88,64799
GPP,3287,88,64818
GPP,3288,88,64838
GPP,3289,88,64859
GPP,3290,88,64878
GPP,3291,88,64898
GPP,3292,88,64917
GPP,3293,88,64938
GPP,3294,88,64956
GPP,3295,88,64976
GPP,3296,88,64996
GPP,3297,88,65015
GPP,3298,88,65036
GPP,3299,88,65056
GPP,3300,88,65076
GPP,3301,88,65095
GPP,3302,88,65115
GPP,3303,88,65134
GPP,3304,88,65153
GPP,3305,88,65174
GPP,3306,88,65194
GPP,3307,88,65213
GPP,3308,88,65233
GPP,3309,88,65252
GPP,3310,88,65273
GPP,3311,88,65291
GPP,3312,88,65312
GPP,3313,88,65332
GPP,3314,88,65352
GPP,3315,88,65371
GPP,3316,88,65391
GPP,3317,88,65411
GPP,3318,88,65431
GPP,3319,88,65450
GPP,3320,88,65469
GPP,3321,88,65489
GPP,3322,88,65508
GPP,3323,88,65528
GPP,3324,88,65549
GPP,3325,88,65567
GPP,3326,88,65588
GPP,3327,88,65607
GPP,3328,88,65626
GPP,3329,88,65645
GPP,3330,88,65665
GPP,3331,88,65685
GPP,3332,88,65704
GPP,3333,88,65724
GPP,3334,88,65738
GPP,3335,88,65760
GPP,3336,88,65776
GPP,3337,88,65792
GPP,3338,88,65807
GPP,3339,88,65839
GPP,3340,88,65854
GPP,3341,88,65870
GPP,3342,88,65886
GPP,3343,88,65917
GPP,3344,88,65933
GPP,3345,88,65949
GPP,3346,88,65964
GPP,3347,88,65996
GPP,3348,88,66012
GPP,3349,88,66027
GPP,3350,88,66043
GPP,3351,88,66074
GPP,3352,88,66090
GPP,3353,88,66106
GPP,3354,88,66137
GPP,3355,88,66153
GPP,3356,88,66169
GPP,3357,88,66184
GPP,3358,88,66216
GPP,3359,88,66231
GPP,3360,88,66247
GPP,3361,88,66263
GPP,3362,88,66294
GPP,3363,88,66310
GPP,3364,88,66326
GPP,3365,88,66341
GPP,3366,88,66373
GPP,3367,88,66389
GPP,3368,88,66404
GPP,3369,88,66420
GPP,3370,88,66451
GPP,3371,88,66467
GPP,3372,88,66483
GPP,3373,88,66499
GPP,3374,88,66530
GPP,3375,88,66552
GPP,3376,88,66573
GPP,3377,88,66593
GPP,3378,88,66613
GPP,3379,88,66633
GPP,3380,88,66652
GPP,3381,88,66673
GPP,3382,88,66692
GPP,3383,88,66712
GPP,3384,88,66732
GPP,3385,88,66751
GPP,3386,88,66770
GPP,3387,88,66791
GPP,3388,88,66811
GPP,3389,88,66829
GPP,3390,88,66849
GPP,3391,88,66870
GPP,3392,88,66890
GPP,3393,88,66909
GPP,3394,88,66930
GPP,3395,88,66949
GPP,3396,88,66971
GPP,3397,88,66990
GPP,3398,88,67011
GPP,3399,88,67031
GPP,3400,88,67050
GPP,3401,88,67071
GPP,3402,88,67090
GPP,3403,88,67112
GPP,3404,88,67131
GPP,3405,88,67150
GPP,3406,88,67170
GPP,3407,88,67190
GPP,3408,88,67210
GPP,3409,88,67229
GPP,3410,88,67249
GPP,3411,88,67268
GPP,3412,88,67288
GPP,3413,88,67308
GPP,3414,88,67328
GPP,3415,88,67347
GPP,3416,88,67367
GPP,3417,88,67386
GPP,3418,88,67401
GPP,3419,88,67417
GPP,3420,88,67433
GPP,3421,88,67464
GPP,3422,88,67480
GPP,3423,88,67496
GPP,3424,88,67511
GPP,3425,88,67543
GPP,3426,88,67559
GPP,3427,88,67574
GPP,3428,88,67590
GPP,3429,88,67622
GPP,3430,88,67637
GPP,3431,88,67661
GPP,3432,88,67684
GPP,3433,88,67704
GPP,3434,88,67723
GPP,3435,88,67743
GPP,3436,88,67762
GPP,3437,88,67782
GPP,3438,88,67803
GPP,3439,88,67822
GPP,3440,88,67842
GPP,3441,88,67862
GPP,3442,88,67881
GPP,3443,88,67901
GPP,3444,88,67920
GPP,3445,88,67940
GPP,3446,88,67961
GPP,3447,88,67979
GPP,3448,88,67999
GPP,3449,88,68020
GPP,3450,88,68038
GPP,3451,88,68059
GPP,3452,88,68078
GPP,3453,88,68099
GPP,3454,88,68119
GPP,3455,88,68137
GPP,3456,88,68158
GPP,3457,88,68178
GPP,3458,88,68198
GPP,3459,88,68217
GPP,3460,88,68236
GPP,3461,88,68258
GPP,3462,88,68277
GPP,3463,88,68297
GPP,3464,88,68315
GPP,3465,88,68336
GPP,3466,88,68356
GPP,3467,88,68372
GPP,3468,88,68387
GPP,3469,88,68403
GPP,3470,88,68434
GPP,3471,88,68450
GPP,3472,88,68466
GPP,3473,88,68482
GPP,3474,88,68513
GPP,3475,88,68529
GPP,3476,88,68544
GPP,3477,88,68560
GPP,3478,88,68591
GPP,3479,88,68607
GPP,3480,88,68623
GPP,3481,88,68643
GPP,3482,88,68670
GPP,3483,88,68686
GPP,3484,88,68701
GPP,3485,88,68717
GPP,3486,88,68749
GPP,3487,88,68764
GPP,3488,88,68780
GPP,3489,88,68796
GPP,3490,88,68827
GPP,3491,88,68843
GPP,3492,88,68859
GPP,3493,88,68874
GPP,3494,88,68906
GPP,3495,88,68922
GPP,3496,88,68937
GPP,3497,88,68953
GPP,3498,88,68984
GPP,3499,88,69000
GPP,3500,88,69016
GPP,3501,88,69047
GPP,3502,88,69063
GPP,3503,88,69078
GPP,3504,88,69094
GPP,3505,88,69126
GPP,3506,88,69141
GPP,3507,88,69157
GPP,3508,88,69173
GPP,3509,88,69204
GPP,3510,88,69220
GPP,3511,88,69236
GPP,3512,88,69251
GPP,3513,88,69283
GPP,3514,88,69298
GPP,3515,88,69314
GPP,3516,88,69330
GPP,3517,88,69361
GPP,3518,88,69377
GPP,3519,88,69393
GPP,3520,88,69409
GPP,3521,88,69440
GPP,3522,88,69456
GPP,3523,88,69471
GPP,3524,88,69503
GPP,3525,88,69518
GPP,3526,88,69534
GPP,3527,88,69550
GPP,3528,88,69581
GPP,3529,88,69597
GPP,3530,88,69613
GPP,3531,88,69629
GPP,3532,88,69660
GPP,3533,88,69676
GPP,3534,88,69691
GPP,3535,88,69707
GPP,3536,88,69738
GPP,3537,88,69754
GPP,3538,88,69770
GPP,3539,88,69785
GPP,3540,88,69817
GPP,3541,88,69832
GPP,3542,88,69848
GPP,3543,88,69880
GPP,3544,88,69895
GPP,3545,88,69911
GPP,3546,88,69927
GPP,3547,88,69958
GPP,3548,88,69974
GPP,3549,88,69990
GPP,3550,88,70005
GPP,3551,88,70037
GPP,3552,88,70053
GPP,3553,88,70069
GPP,3554,88,70084
GPP,3555,88,70116
GPP,3556,88,70131
GPP,3557,88,70147
GPP,3558,88,70179
GPP,3559,88,70194
GPP,3560,88,70210
GPP,3561,88,70226
GPP,3562,88,70257
GPP,3563,88,70273
GPP,3564,88,70288
GPP,3565,88,70304
GPP,3566,88,70336
GPP,3567,88,70351
GPP,3568,88,70367
GPP,3569,88,70383
GPP,3570,88,70414
GPP,3571,88,70430
GPP,3572,88,70446
GPP,3573,88,70461
GPP,3574,88,70493
GPP,3575,88,70508
GPP,3576,88,70524
GPP,3577,88,70540
GPP,3578,88,70571
GPP,3579,88,70587
GPP,3580,88,70603
GPP,3581,88,70619
GPP,3582,88,70650
GPP,3583,88,70666
GPP,3584,88,70681
GPP,3585,88,70697
GPP,3586,88,70728
GPP,3587,88,70744
GPP,3588,88,70759
GPP,3589,88,70775
GPP,3590,88,70808
GPP,3591,88,70828
GPP,3592,88,70847
GPP,3593,88,70867
GPP,3594,88,70888
GPP,3595,88,70907
GPP,3596,88,70928
GPP,3597,88,70946
GPP,3598,88,70967
GPP,3599,88,70986
GPP,3600,88,71006
GPP,3601,88,71025
GPP,3602,88,71044
GPP,3603,88,71065
GPP,3604,88,71084
GPP,3605,88,71103
GPP,3606,88,71124
GPP,3607,88,71142
GPP,3608,88,71163
GPP,3609,88,71182
GPP,3610,88,71202
GPP,3611,88,71222
GPP,3612,88,71241
GPP,3613,88,71262
GPP,3614,88,71281
GPP,3615,88,71301
GPP,3616,88,71320
GPP,3617,88,71340
GPP,3618,88,71361
GPP,3619,88,71380
GPP,3620,88,71392
GPP,3621,88,71408
GPP,3622,88,71439
GPP,3623,88,71455
GPP,3624,88,71471
GPP,3625,88,71487
GPP,3626,88,71518
GPP,3627,88,71534
GPP,3628,88,71549
GPP,3629,88,71565
GPP,3630,88,71597
GPP,3631,88,71612
GPP,3632,88,71628
GPP,3633,88,71644
GPP,3634,88,71675
GPP,3635,88,71691
GPP,3636,88,71707
GPP,3637,88,71722
GPP,3638,88,71754
GPP,3639,88,71769
GPP,3640,88,71785
GPP,3641,88,71801
GPP,3642,88,71832
GPP,3643,88,71848
GPP,3644,88,71864
GPP,3645,88,71879
GPP,3646,88,71911
GPP,3647,88,71926
GPP,3648,88,71942
GPP,3649,88,71958
GPP,3650,88,71993
GPP,3651,88,72005
GPP,3652,88,72021
GPP,3653,88,72052
GPP,3654,88,72068
GPP,3655,88,72084
GPP,3656,88,72099
GPP,3657,88,72131
GPP,3658,88,72146
GPP,3659,88,72162
GPP,3660,88,72178
GPP,3661,88,72209
GPP,3662,88,72225
GPP,3663,88,72241
GPP,3664,88,72256
GPP,3665,88,72288
GPP,3666,88,72303
GPP,3667,88,72319
GPP,3668,88,72335
GPP,3669,88,72366
GPP,3670,88,72382
GPP,3671,88,72398
GPP,3672,88,72413
GPP,3673,88,72445
GPP,3674,88,72461
GPP,3675,88,72476
GPP,3676,88,72492
GPP,3677,88,72523
GPP,3678,88,72539
GPP,3679,88,72555
GPP,3680,88,72570
GPP,3681,88,72602
GPP,3682,88,72617
GPP,3683,88,72633
GPP,3684,88,72649
GPP,3685,88,72680
GPP,3686,88,72696
GPP,3687,88,72711
GPP,3688,88,72743
GPP,3689,88,72759
GPP,3690,88,72774
GPP,3691,88,72790
GPP,3692,88,72821
GPP,3693,88,72837
GPP,3694,88,72853
GPP,3695,88,72869
GPP,3696,88,72900
GPP,3697,88,72916
GPP,3698,88,72932
GPP,3699,88,72947
GPP,3700,88,72979
GPP,3701,88,72995
GPP,3702,88,73010
GPP,3703,88,73026
GPP,3704,88,73057
GPP,3705,88,73073
GPP,3706,88,73089
GPP,3707,88,73104
GPP,3708,88,73136
GPP,3709,88,73152
GPP,3710,88,73167
GPP,3711,88,73183
GPP,3712,88,73214
GPP,3713,88,73230
GPP,3714,88,73246
GPP,3715,88,73261
GPP,3716,88,73293
GPP,3717,88,73309
GPP,3718,88,73324
GPP,3719,88,73340
GPP,3720,88,73371
GPP,3721,88,73387
GPP,3722,88,73403
GPP,3723,88,73418
GPP,3724,88,73450
GPP,3725,88,73466
GPP,3726,88,73481
GPP,3727,88,73497
GPP,3728,88,73528
GPP,3729,88,73544
GPP,3730,88,73560
GPP,3731,88,73591
GPP,3732,88,73607
GPP,3733,88,73622
GPP,3734,88,73638
GPP,3735,88,73670
GPP,3736,88,73685
GPP,3737,88,73701
GPP,3738,88,73717
GPP,3739,88,73748
GPP,3740,88,73764
GPP,3741,88,73780
GPP,3742,88,73811
GPP,3743,88,73827
GPP,3744,88,73842
GPP,3745,88,73874
GPP,3746,88,73891
GPP,3747,88,73905
GPP,3748,88,73921
GPP,3749,88,73952
GPP,3750,88,73968
GPP,3751,88,73984
GPP,3752,88,74000
GPP,3753,88,74031
GPP,3754,88,74047
GPP,3755,88,74062
GPP,3756,88,74078
GPP,3757,88,74110
GPP,3758,88,74125
GPP,3759,88,74141
GPP,3760,88,74172
GPP,3761,88,74188
GPP,3762,88,74204
GPP,3763,88,74219
GPP,3764,88,74251
GPP,3765,88,74267
GPP,3766,88,74282
GPP,3767,88,74298
GPP,3768,88,74330
GPP,3769,88,74345
GPP,3770,88,74361
GPP,3771,88,74392
GPP,3772,88,74408
GPP,3773,88,74424
GPP,3774,88,74439
GPP,3775,88,74471
GPP,3776,88,74487
GPP,3777,88,74502
GPP,3778,88,74518
GPP,3779,88,74550
GPP,3780,88,74565
GPP,3781,88,74581
GPP,3782,88,74612
GPP,3783,88,74628
GPP,3784,88,74644
GPP,3785,88,74659
GPP,3786,88,74691
GPP,3787,88,74707
GPP,3788,88,74730
GPP,3789,88,74738
GPP,3790,88,74769
GPP,3791,88,74785
GPP,3792,88,74801
GPP,3793,88,74816
GPP,3794,88,74848
GPP,3795,88,74864
GPP,3796,88,74879
GPP,3797,88,74895
GPP,3798,88,74926
GPP,3799,88,74942
GPP,3800,88,74958
GPP,3801,88,74974
GPP,3802,88,75005
GPP,3803,88,75021
GPP,3804,88,75037
GPP,3805,88,75068
GPP,3806,88,75084
GPP,3807,88,75099
GPP,3808,88,75115
GPP,3809,88,75146
GPP,3810,88,75162
GPP,3811,88,75178
GPP,3812,88,75193
GPP,3813,88,75225
GPP,3814,88,75241
GPP,3815,88,75256
GPP,3816,88,75272
GPP,3817,88,75303
GPP,3818,88,75319
GPP,3819,88,75335
GPP,3820,88,75350
GPP,3821,88,75382
GPP,3822,88,75398
GPP,3823,88,75413
GPP,3824,88,75429
GPP,3825,88,75460
GPP,3826,88,75476
GPP,3827,88,75492
GPP,3828,88,75508
GPP,3829,88,75539
GPP,3830,88,75555
GPP,3831,88,75570
GPP,3832,88,75586
GPP,3833,88,75617
GPP,3834,88,75633
GPP,3835,88,75649
GPP,3836,88,75665
GPP,3837,88,75696
GPP,3838,88,75712
GPP,3839,88,75728
GPP,3840,88,75743
GPP,3841,88,75775
GPP,3842,88,75791
GPP,3843,88,75806
GPP,3844,88,75822
GPP,3845,88,75853
GPP,3846,88,75869
GPP,3847,88,75885
GPP,3848,88,75900
GPP,3849,88,75932
GPP,3850,88,75948
GPP,3851,88,75963
GPP,3852,88,75979
GPP,3853,88,76011
GPP,3854,88,76026
GPP,3855,88,76042
GPP,3856,88,76074
GPP,3857,88,76089
GPP,3858,88,76105
GPP,3859,88,76121
GPP,3860,88,76152
GPP,3861,88,76168
GPP,3862,88,76184
GPP,3863,88,76199
GPP,3864,88,76231
GPP,3865,88,76246
GPP,3866,88,76262
GPP,3867,88,76278
GPP,3868,88,76309
GPP,3869,88,76325
GPP,3870,88,76341
GPP,3871,88,76356
GPP,3872,88,76388
GPP,3873,88,76404
GPP,3874,88,76419
GPP,3875,88,76435
GPP,3876,88,76467
GPP,3877,88,76482
GPP,3878,88,76498
GPP,3879,88,76514
GPP,3880,88,76545
GPP,3881,88,76561
GPP,3882,88,76577
GPP,3883,88,76592
GPP,3884,88,76624
GPP,3885,88,76639
GPP,3886,88,76655
GPP,3887,88,76671
GPP,3888,88,76703
GPP,3889,88,76719
GPP,3890,88,76734
GPP,3891,88,76750
GPP,3892,88,76782
GPP,3893,88,76797
GPP,3894,88,76813
GPP,3895,88,76829
GPP,3896,88,76860
GPP,3897,88,76876
GPP,3898,88,76891
GPP,3899,88,76907
GPP,3900,88,76939
GPP,3901,88,76955
GPP,3902,88,76970
GPP,3903,88,76986
GPP,3904,88,77017
GPP,3905,88,77033
GPP,3906,88,77049
GPP,3907,88,77065
GPP,3908,88,77096
GPP,3909,88,77112
GPP,3910,88,77128
GPP,3911,88,77143
GPP,3912,88,77175
GPP,3913,88,77191
GPP,3914,88,77206
GPP,3915,88,77222
GPP,3916,88,77253
GPP,3917,88,77269
GPP,3918,88,77285
GPP,3919,88,77301
GPP,3920,88,77332
GPP,3921,88,77348
GPP,3922,88,77364
GPP,3923,88,77380
GPP,3924,88,77411
GPP,3925,88,77427
GPP,3926,88,77450
GPP,3927,88,77458
GPP,3928,88,77490
GPP,3929,88,77505
GPP,3930,88,77521
GPP,3931,88,77537
GPP,3932,88,77568
GPP,3933,88,77584
GPP,3934,88,77600
GPP,3935,88,77615
GPP,3936,88,77647
GPP,3937,88,77662
GPP,3938,88,77686
GPP,3939,88,77694
GPP,3940,88,77725
GPP,3941,88,77741
GPP,3942,88,77757
GPP,3943,88,77772
GPP,3944,88,77804
GPP,3945,88,77819
GPP,3946,88,77835
GPP,3947,88,77851
GPP,3948,88,77882
GPP,3949,88,77900
GPP,3950,88,77913
GPP,3951,88,77945
GPP,3952,88,77961
GPP,3953,88,77976
GPP,3954,88,77992
GPP,3955,88,78024
GPP,3956,88,78039
GPP,3957,88,78055
GPP,3958,88,78086
GPP,3959,88,78102
GPP,3960,88,78118
GPP,3961,88,78134
GPP,3962,88,78165
GPP,3963,88,78181
GPP,3964,88,78196
GPP,3965,88,78212
GPP,3966,88,78244
GPP,3967,88,78259
GPP,3968,88,78275
GPP,3969,88,78306
GPP,3970,88,78322
GPP,3971,88,78338
GPP,3972,88,78353
GPP,3973,88,78385
GPP,3974,88,78400
GPP,3975,88,78416
GPP,3976,88,78447
GPP,3977,88,78463
GPP,3978,88,78479
GPP,3979,88,78494
GPP,3980,88,78526
GPP,3981,88,78541
GPP,3982,88,78557
GPP,3983,88,78573
GPP,3984,88,78604
GPP,3985,88,78620
GPP,3986,88,78636
GPP,3987,88,78651
GPP,3988,88,78683
GPP,3989,88,78699
GPP,3990,88,78714
GPP,3991,88,78730
GPP,3992,88,78761
GPP,3993,88,78777
GPP,3994,88,78793
GPP,3995,88,78817
GPP,3996,88,78840
GPP,3997,88,78856
GPP,3998,88,78871
GPP,3999,88,78903
GPP,4000,88,78918
GPP,4001,88,78934
GPP,4002,88,78950
GPP,4003,88,78981
GPP,4004,88,78997
GPP,4005,88,79013
GPP,4006,88,79028
GPP,4007,88,79060
GPP,4008,88,79075
GPP,4009,88,79091
GPP,4010,88,79107
GPP,4011,88,79138
GPP,4012,88,79154
GPP,4013,88,79170
GPP,4014,88,79186
GPP,4015,88,79217
GPP,4016,88,79233
GPP,4017,88,79248
GPP,4018,88,79264
GPP,4019,88,79295
GPP,4020,88,79311
GPP,4021,88,79327
GPP,4022,88,79342
GPP,4023,88,79374
GPP,4024,88,79390
GPP,4025,88,79405
GPP,4026,88,79421
GPP,4027,88,79453
GPP,4028,88,79468
GPP,4029,88,79484
GPP,4030,88,79500
GPP,4031,88,79531
GPP,4032,88,79547
GPP,4033,88,79562
GPP,4034,88,79578
GPP,4035,88,79609
GPP,4036,88,79625
GPP,4037,88,79641
GPP,4038,88,79656
GPP,4039,88,79688
GPP,4040,88,79703
GPP,4041,88,79719
GPP,4042,88,79735
GPP,4043,88,79766
GPP,4044,88,79782
GPP,4045,88,79797
GPP,4046,88,79813
GPP,4047,88,79844
GPP,4048,88,79860
GPP,4049,88,79876
GPP,4050,88,79891
GPP,4051,88,79923
GPP,4052,88,79938
GPP,4053,88,79954
GPP,4054,88,79970
GPP,4055,88,80001
GPP,4056,88,80017
GPP,4057,88,80032
GPP,4058,88,80048
GPP,4059,88,80079
GPP,4060,88,80095
GPP,4061,88,80111
GPP,4062,88,80126
GPP,4063,88,80158
GPP,4064,88,80179
GPP,4065,88,80189
GPP,4066,88,80205
GPP,4067,88,80236
GPP,4068,88,80252
GPP,4069,88,80268
GPP,4070,88,80284
GPP,4071,88,80315
GPP,4072,88,80331
GPP,4073,88,80346
GPP,4074,88,80362
GPP,4075,88,80393
GPP,4076,88,80409
GPP,4077,88,80425
GPP,4078,88,80440
GPP,4079,88,80472
GPP,4080,88,80487
GPP,4081,88,80503
GPP,4082,88,80519
GPP,4083,88,80550
GPP,4084,88,80566
GPP,4085,88,80581
GPP,4086,88,80597
GPP,4087,88,80628
GPP,4088,88,80644
GPP,4089,88,80660
GPP,4090,88,80675
GPP,4091,88,80707
GPP,4092,88,80722
GPP,4093,88,80738
GPP,4094,88,80754
GPP,4095,88,80785
GPP,4096,88,80801
GPP,4097,88,80817
GPP,4098,88,80832
GPP,4099,88,80864
GPP,4100,88,80879
GPP,4101,88,80895
GPP,4102,88,80911
GPP,4103,88,80942
GPP,4104,88,80958
GPP,4105,88,80974
GPP,4106,88,80989
GPP,4107,88,81021
GPP,4108,88,81036
GPP,4109,88,81052
GPP,4110,88,81068
GPP,4111,88,81099
GPP,4112,88,81115
GPP,4113,88,81130
GPP,4114,88,81146
GPP,4115,88,81177
GPP,4116,88,81193
GPP,4117,88,81209
GPP,4118,88,81224
GPP,4119,88,81256
GPP,4120,88,81272
GPP,4121,88,81287
GPP,4122,88,81319
GPP,4123,88,81334
GPP,4124,88,81350
GPP,4125,88,81366
GPP,4126,88,81397
GPP,4127,88,81413
GPP,4128,88,81428
GPP,4129,88,81444
GPP,4130,88,81475
GPP,4131,88,81491
GPP,4132,88,81507
GPP,4133,88,81522
GPP,4134,88,81554
GPP,4135,88,81570
GPP,4136,88,81585
GPP,4137,88,81601
GPP,4138,88,81632
GPP,4139,88,81648
GPP,4140,88,81664
GPP,4141,88,81679
GPP,4142,88,81711
GPP,4143,88,81726
GPP,4144,88,81742
GPP,4145,88,81773
GPP,4146,88,81789
GPP,4147,88,81805
GPP,4148,88,81820
GPP,4149,88,81852
GPP,4150,88,81867
GPP,4151,88,81883
GPP,4152,88,81899
GPP,4153,88,81930
GPP,4154,88,81946
GPP,4155,88,81961
GPP,4156,88,81977
GPP,4157,88,82008
GPP,4158,88,82024
GPP,4159,88,82040
GPP,4160,88,82071
GPP,4161,88,82087
GPP,4162,88,82102
GPP,4163,88,82118
GPP,4164,88,82149
GPP,4165,88,82165
GPP,4166,88,82181
GPP,4167,88,82196
GPP,4168,88,82228
GPP,4169,88,82244
GPP,4170,88,82259
GPP,4171,88,82275
GPP,4172,88,82306
GPP,4173,88,82322
GPP,4174,88,82337
GPP,4175,88,82353
GPP,4176,88,82385
GPP,4177,88,82400
GPP,4178,88,82416
GPP,4179,88,82431
GPP,4180,88,82463
GPP,4181,88,82479
GPP,4182,88,82494
GPP,4183,88,82510
GPP,4184,88,82541
GPP,4185,88,82557
GPP,4186,88,82573
GPP,4187,88,82588
GPP,4188,88,82619
GPP,4189,88,82635
GPP,4190,88,82651
GPP,4191,88,82666
GPP,4192,88,82699
GPP,4193,88,82714
GPP,4194,88,82729
GPP,4195,88,82745
GPP,4196,88,82776
GPP,4197,88,82792
GPP,4198,88,82808
GPP,4199,88,82823
GPP,4200,88,82855
GPP,4201,88,82871
GPP,4202,88,82886
GPP,4203,88,82902
GPP,4204,88,82933
GPP,4205,88,82949
GPP,4206,88,82965
GPP,4207,88,82981
GPP,4208,88,83012
GPP,4209,88,83028
GPP,4210,88,83043
GPP,4211,88,83059
GPP,4212,88,83090
GPP,4213,88,83106
GPP,4214,88,83122
GPP,4215,88,83138
GPP,4216,88,83169
GPP,4217,88,83185
GPP,4218,88,83201
GPP,4219,88,83216
GPP,4220,88,83248
GPP,4221,88,83263
GPP,4222,88,83279
GPP,4223,88,83295
GPP,4224,88,83326
GPP,4225,88,83342
GPP,4226,88,83358
GPP,4227,88,83373
GPP,4228,88,83405
GPP,4229,88,83421
GPP,4230,88,83436
GPP,4231,88,83452
GPP,4232,88,83483
GPP,4233,88,83499
GPP,4234,88,83515
GPP,4235,88,83531
GPP,4236,88,83562
GPP,4237,88,83578
GPP,4238,88,83593
GPP,4239,88,83609
GPP,4240,88,83641
GPP,4241,88,83656
GPP,4242,88,83672
GPP,4243,88,83688
GPP,4244,88,83719
GPP,4245,88,83735
GPP,4246,88,83751
GPP,4247,88,83766
GPP,4248,88,83798
GPP,4249,88,83814
GPP,4250,88,83830
GPP,4251,88,83845
GPP,4252,88,83877
GPP,4253,88,83893
GPP,4254,88,83908
GPP,4255,88,83940
GPP,4256,88,83955
GPP,4257,88,83971
GPP,4258,88,83987
GPP,4259,88,84018
GPP,4260,88,84034
GPP,4261,88,84050
GPP,4262,88,84065
GPP,4263,88,84097
GPP,4264,88,84112
GPP,4265,88,84128
GPP,4266,88,84160
GPP,4267,88,84175
GPP,4268,88,84191
GPP,4269,88,84207
GPP,4270,88,84238
GPP,4271,88,84254
GPP,4272,88,84278
GPP,4273,88,84285
GPP,4274,88,84317
GPP,4275,88,84332
GPP,4276,88,84348
GPP,4277,88,84364
GPP,4278,88,84395
GPP,4279,88,84411
GPP,4280,88,84426
GPP,4281,88,84442
GPP,4282,88,84473
GPP,4283,88,84489
GPP,4284,88,84505
GPP,4285,88,84520
GPP,4286,88,84552
GPP,4287,88,84568
GPP,4288,88,84583
GPP,4289,88,84599
GPP,4290,88,84630
GPP,4291,88,84646
GPP,4292,88,84662
GPP,4293,88,84678
GPP,4294,88,84709
GPP,4295,88,84725
GPP,4296,88,84741
GPP,4297,88,84756
GPP,4298,88,84788
GPP,4299,88,84804
GPP,4300,88,84819
GPP,4301,88,84835
GPP,4302,88,84851
GPP,4303,88,84882
GPP,4304,88,84898
GPP,4305,88,84914
GPP,4306,88,84945
GPP,4307,88,84961
GPP,4308,88,84977
GPP,4309,88,84992
GPP,4310,88,85024
GPP,4311,88,85039
GPP,4312,88,85055
GPP,4313,88,85071
GPP,4314,88,85102
GPP,4315,88,85118
GPP,4316,88,85134
GPP,4317,88,85149
GPP,4318,88,85181
GPP,4319,88,85197
GPP,4320,88,85212
GPP,4321,88,85228
GPP,4322,88,85259
GPP,4323,88,85275
GPP,4324,88,85291
GPP,4325,88,85307
GPP,4326,88,85338
GPP,4327,88,85354
GPP,4328,88,85369
GPP,4329,88,85385
GPP,4330,88,85417
GPP,4331,88,85432
GPP,4332,88,85448
GPP,4333,88,85464
GPP,4334,88,85495
GPP,4335,88,85511
GPP,4336,88,85526
GPP,4337,88,85542
GPP,4338,88,85573
GPP,4339,88,85589
GPP,4340,88,85605
GPP,4341,88,85636
GPP,4342,88,85652
GPP,4343,88,85667
GPP,4344,88,85683
GPP,4345,88,85715
GPP,4346,88,85730
GPP,4347,88,85746
GPP,4348,88,85762
GPP,4349,88,85793
GPP,4350,88,85809
GPP,4351,88,85825
GPP,4352,88,85840
GPP,4353,88,85872
GPP,4354,88,85887
GPP,4355,88,85903
GPP,4356,88,85919
GPP,4357,88,85950
GPP,4358,88,85966
GPP,4359,88,85981
GPP,4360,88,85997
GPP,4361,88,86028
GPP,4362,88,86044
GPP,4363,88,86060
GPP,4364,88,86075
GPP,4365,88,86107
GPP,4366,88,86126
GPP,4367,88,86138
GPP,4368,88,86170
GPP,4369,88,86185
GPP,4370,88,86201
GPP,4371,88,86217
GPP,4372,88,86248
GPP,4373,88,86264
GPP,4374,88,86280
GPP,4375,88,86295
GPP,4376,88,86327
GPP,4377,88,86343
GPP,4378,88,86358
GPP,4379,88,86374
GPP,4380,88,86390
GPP,4381,88,86421
GPP,4382,88,86437
GPP,4383,88,86452
GPP,4384,88,86484
GPP,4385,88,86499
GPP,4386,88,86515
GPP,4387,88,86531
GPP,4388,88,86562
GPP,4389,88,86578
GPP,4390,88,86594
GPP,4391,88,86610
GPP,4392,88,86625
GPP,4393,88,86657
GPP,4394,88,86672
GPP,4395,88,86688
GPP,4396,88,86704
GPP,4397,88,86735
GPP,4398,88,86751
GPP,4399,88,86767
GPP,4400,88,86782
GPP,4401,88,86814
GPP,4402,88,86830
GPP,4403,88,86845
GPP,4404,88,86861
GPP,4405,88,86893
GPP,4406,88,86908
GPP,4407,88,86924
GPP,4408,88,86940
GPP,4409,88,86971
GPP,4410,88,86993
GPP,4411,88,87003
GPP,4412,88,87018
GPP,4413,88,87050
GPP,4414,88,87066
GPP,4415,88,87081
GPP,4416,88,87097
GPP,4417,88,87128
GPP,4418,88,87144
GPP,4419,88,87160
GPP,4420,88,87175
GPP,4421,88,87207
GPP,4422,88,87223
GPP,4423,88,87238
GPP,4424,88,87254
GPP,4425,88,87285
GPP,4426,88,87301
GPP,4427,88,87317
GPP,4428,88,87348
GPP,4429,88,87364
GPP,4430,88,87380
GPP,4431,88,87395
GPP,4432,88,87427
GPP,4433,88,87442
GPP,4434,88,87458
GPP,4435,88,87474
GPP,4436,88,87505
GPP,4437,88,87521
GPP,4438,88,87537
GPP,4439,88,87552
GPP,4440,88,87584
GPP,4441,88,87600
GPP,4442,88,87615
GPP,4443,88,87631
GPP,4444,88,87662
GPP,4445,88,87678
GPP,4446,88,87694
GPP,4447,88,87718
GPP,4448,88,87741
GPP,4449,88,87757
GPP,4450,88,87772
GPP,4451,88,87788
GPP,4452,88,87819
GPP,4453,88,87835
GPP,4454,88,87851
GPP,4455,88,87882
GPP,4456,88,87898
GPP,4457,88,87914
GPP,4458,88,87929
GPP,4459,88,87961
GPP,4460,88,87977
GPP,4461,88,87992
GPP,4462,88,88008
GPP,4463,88,88039
GPP,4464,88,88055
GPP,4465,88,88071
GPP,4466,88,88087
GPP,4467,88,88118
GPP,4468,88,88134
GPP,4469,88,88150
GPP,4470,88,88165
GPP,4471,88,88197
GPP,4472,88,88212
GPP,4473,88,88228
GPP,4474,88,88244
GPP,4475,88,88275
GPP,4476,88,88291
GPP,4477,88,88306
GPP,4478,88,88338
GPP,4479,88,88357
GPP,4480,88,88369
GPP,4481,88,88385
GPP,4482,88,88417
GPP,4483,88,88432
GPP,4484,88,88448
GPP,4485,88,88464
GPP,4486,88,88495
GPP,4487,88,88511
GPP,4488,88,88527
GPP,4489,88,88542
GPP,4490,88,88574
GPP,4491,88,88590
GPP,4492,88,88605
GPP,4493,88,88621
GPP,4494,88,88652
GPP,4495,88,88668
GPP,4496,88,88684
GPP,4497,88,88699
GPP,4498,88,88731
GPP,4499,88,88747
GPP,4500,88,88762
GPP,4501,88,88794
GPP,4502,88,88809
GPP,4503,88,88825
GPP,4504,88,88841
GPP,4505,88,88872
GPP,4506,88,88888
GPP,4507,88,88904
GPP,4508,88,88920
GPP,4509,88,88951
GPP,4510,88,88967
GPP,4511,88,88982
GPP,4512,88,88998
GPP,4513,88,89029
GPP,4514,88,89045
GPP,4515,88,89061
GPP,4516,88,89077
GPP,4517,88,89108
GPP,4518,88,89124
GPP,4519,88,89140
GPP,4520,88,89155
GPP,4521,88,89187
GPP,4522,88,89202
GPP,4523,88,89218
GPP,4524,88,89234
GPP,4525,88,89265
GPP,4526,88,89281
GPP,4527,88,89297
GPP,4528,88,89313
GPP,4529,88,89344
GPP,4530,88,89360
GPP,4531,88,89375
GPP,4532,88,89391
GPP,4533,88,89423
GPP,4534,88,89438
GPP,4535,88,89454
GPP,4536,88,89470
GPP,4537,88,89501
GPP,4538,88,89517
GPP,4539,88,89533
GPP,4540,88,89548
GPP,4541,88,89580
GPP,4542,88,89600
GPP,4543,88,89620
GPP,4544,88,89640
GPP,4545,88,89660
GPP,4546,88,89680
GPP,4547,88,89699
GPP,4548,88,89718
GPP,4549,88,89737
GPP,4550,88,89758
GPP,4551,88,89777
GPP,4552,88,89796
GPP,4553,88,89816
GPP,4554,88,89836
GPP,4555,88,89855
GPP,4556,88,89876
GPP,4557,88,89895
GPP,4558,88,89911
GPP,4559,88,89927
GPP,4560,88,89942
GPP,4561,88,89974
GPP,4562,88,89989
GPP,4563,88,90005
GPP,4564,88,90021
GPP,4565,88,90052
GPP,4566,88,90068
GPP,4567,88,90084
GPP,4568,88,90099
GPP,4569,88,90131
GPP,4570,88,90146
GPP,4571,88,90162
GPP,4572,88,90178
GPP,4573,88,90209
GPP,4574,88,90225
GPP,4575,88,90241
GPP,4576,88,90256
GPP,4577,88,90288
GPP,4578,88,90303
GPP,4579,88,90319
GPP,4580,88,90335
GPP,4581,88,90366
GPP,4582,88,90382
GPP,4583,88,90398
GPP,4584,88,90414
GPP,4585,88,90445
GPP,4586,88,90461
GPP,4587,88,90476
GPP,4588,88,90508
GPP,4589,88,90523
GPP,4590,88,90539
GPP,4591,88,90555
GPP,4592,88,90586
GPP,4593,88,90602
GPP,4594,88,90617
GPP,4595,88,90633
GPP,4596,88,90665
GPP,4597,88,90680
GPP,4598,88,90696
GPP,4599,88,90712
GPP,4600,88,90743
GPP,4601,88,90759
GPP,4602,88,90774
GPP,4603,88,90806
GPP,4604,88,90822
GPP,4605,88,90837
GPP,4606,88,90853
GPP,4607,88,90885
GPP,4608,88,90900
GPP,4609,88,90916
GPP,4610,88,90932
GPP,4611,88,90963
GPP,4612,88,90979
GPP,4613,88,90995
GPP,4614,88,91010
GPP,4615,88,91042
GPP,4616,88,91058
GPP,4617,88,91081
GPP,4618,88,91089
GPP,4619,88,91120
GPP,4620,88,91136
GPP,4621,88,91152
GPP,4622,88,91167
GPP,4623,88,91199
GPP,4624,88,91214
GPP,4625,88,91230
GPP,4626,88,91246
GPP,4627,88,91277
GPP,4628,88,91293
GPP,4629,88,91309
GPP,4630,88,91324
GPP,4631,88,91356
GPP,4632,88,91371
GPP,4633,88,91387
GPP,4634,88,91403
GPP,4635,88,91434
GPP,4636,88,91450
GPP,4637,88,91466
GPP,4638,88,91481
GPP,4639,88,91513
GPP,4640,88,91529
GPP,4641,88,91544
GPP,4642,88,91560
GPP,4643,88,91591
GPP,4644,88,91607
GPP,4645,88,91623
GPP,4646,88,91639
GPP,4647,88,91654
GPP,4648,88,91686
GPP,4649,88,91701
GPP,4650,88,91717
GPP,4651,88,91733
GPP,4652,88,91764
GPP,4653,88,91780
GPP,4654,88,91795
GPP,4655,88,91811
GPP,4656,88,91842
GPP,4657,88,91858
GPP,4658,88,91874
GPP,4659,88,91889
GPP,4660,88,91921
GPP,4661,88,91937
GPP,4662,88,91952
GPP,4663,88,91983
GPP,4664,88,91999
GPP,4665,88,92015
GPP,4666,88,92030
GPP,4667,88,92062
GPP,4668,88,92077
GPP,4669,88,92093
GPP,4670,88,92109
GPP,4671,88,92140
GPP,4672,88,92156
GPP,4673,88,92171
GPP,4674,88,92187
GPP,4675,88,92218
GPP,4676,88,92234
GPP,4677,88,92250
GPP,4678,88,92265
GPP,4679,88,92297
GPP,4680,88,92312
GPP,4681,88,92328
GPP,4682,88,92344
GPP,4683,88,92375
GPP,4684,88,92391
GPP,4685,88,92407
GPP,4686,88,92422
GPP,4687,88,92454
GPP,4688,88,92469
GPP,4689,88,92485
GPP,4690,88,92501
GPP,4691,88,92532
GPP,4692,88,92548
GPP,4693,88,92563
GPP,4694,88,92579
GPP,4695,88,92611
GPP,4696,88,92626
GPP,4697,88,92642
GPP,4698,88,92657
GPP,4699,88,92689
GPP,4700,88,92704
GPP,4701,88,92728
GPP,4702,88,92752
GPP,4703,88,92767
GPP,4704,88,92783
GPP,4705,88,92799
GPP,4706,88,92830
GPP,4707,88,92846
GPP,4708,88,92862
GPP,4709,88,92878
GPP,4710,88,92909
GPP,4711,88,92925
GPP,4712,88,92940
GPP,4713,88,92956
GPP,4714,88,92987
GPP,4715,88,93003
GPP,4716,88,93019
GPP,4717,88,93050
GPP,4718,88,93066
GPP,4719,88,93081
GPP,4720,88,93097
GPP,4721,88,93129
GPP,4722,88,93144
GPP,4723,88,93160
GPP,4724,88,93175
GPP,4725,88,93207
GPP,4726,88,93222
GPP,4727,88,93238
GPP,4728,88,93270
GPP,4729,88,93285
GPP,4730,88,93301
GPP,4731,88,93316
GPP,4732,88,93348
GPP,4733,88,93364
GPP,4734,88,93380
GPP,4735,88,93395
GPP,4736,88,93427
GPP,4737,88,93442
GPP,4738,88,93458
GPP,4739,88,93474
GPP,4740,88,93506
GPP,4741,88,93521
GPP,4742,88,93537
GPP,4743,88,93553
GPP,4744,88,93584
GPP,4745,88,93600
GPP,4746,88,93615
GPP,4747,88,93631
GPP,4748,88,93662
GPP,4749,88,93678
GPP,4750,88,93694
GPP,4751,88,93709
GPP,4752,88,93741
GPP,4753,88,93756
GPP,4754,88,93772
GPP,4755,88,93788
GPP,4756,88,93819
GPP,4757,88,93835
GPP,4758,88,93850
GPP,4759,88,93866
GPP,4760,88,93897
GPP,4761,88,93913
GPP,4762,88,93929
GPP,4763,88,93944
GPP,4764,88,93976
GPP,4765,88,93991
GPP,4766,88,94007
GPP,4767,88,94023
GPP,4768,88,94054
GPP,4769,88,94070
GPP,4770,88,94086
GPP,4771,88,94101
GPP,4772,88,94117
GPP,4773,88,94149
GPP,4774,88,94164
GPP,4775,88,94180
GPP,4776,88,94211
GPP,4777,88,94227
GPP,4778,88,94243
GPP,4779,88,94258
GPP,4780,88,94274
GPP,4781,88,94305
GPP,4782,88,94321
GPP,4783,88,94336
GPP,4784,88,94352
GPP,4785,88,94383
GPP,4786,88,94399
GPP,4787,88,94415
GPP,4788,88,94430
GPP,4789,88,94462
GPP,4790,88,94477
GPP,4791,88,94493
GPP,4792,88,94509
GPP,4793,88,94540
GPP,4794,88,94556
GPP,4795,88,94571
GPP,4796,88,94587
GPP,4797,88,94618
GPP,4798,88,94634
GPP,4799,88,94650
GPP,4800,88,94665
GPP,4801,88,94697
GPP,4802,88,94712
GPP,4803,88,94728
GPP,4804,88,94744
GPP,4805,88,94775
GPP,4806,88,94791
GPP,4807,88,94806
GPP,4808,88,94822
GPP,4809,88,94853
GPP,4810,88,94869
GPP,4811,88,94885
GPP,4812,88,94900
GPP,4813,88,94932
GPP,4814,88,94948
GPP,4815,88,94963
GPP,4816,88,94979
GPP,4817,88,95010
GPP,4818,88,95026
GPP,4819,88,95042
GPP,4820,88,95073
GPP,4821,88,95089
GPP,4822,88,95104
GPP,4823,88,95120
GPP,4824,88,95151
GPP,4825,88,95171
GPP,4826,88,95183
GPP,4827,88,95199
GPP,4828,88,95214
GPP,4829,88,95246
GPP,4830,88,95261
GPP,4831,88,95277
GPP,4832,88,95293
GPP,4833,88,95324
GPP,4834,88,95340
GPP,4835,88,95355
GPP,4836,88,95371
GPP,4837,88,95402
GPP,4838,88,95418
GPP,4839,88,95434
GPP,4840,88,95450
GPP,4841,88,95481
GPP,4842,88,95497
GPP,4843,88,95512
GPP,4844,88,95544
GPP,4845,88,95559
GPP,4846,88,95575
GPP,4847,88,95591
GPP,4848,88,95622
GPP,4849,88,95638
GPP,4850,88,95653
GPP,4851,88,95669
GPP,4852,88,95700
GPP,4853,88,95716
GPP,4854,88,95731
GPP,4855,88,95747
GPP,4856,88,95779
GPP,4857,88,95794
GPP,4858,88,95810
GPP,4859,88,95841
GPP,4860,88,95857
GPP,4861,88,95873
GPP,4862,88,95888
GPP,4863,88,95920
GPP,4864,88,95935
GPP,4865,88,95951
GPP,4866,88,95967
GPP,4867,88,95998
GPP,4868,88,96014
GPP,4869,88,96029
GPP,4870,88,96045
GPP,4871,88,96076
GPP,4872,88,96092
GPP,4873,88,96108
GPP,4874,88,96123
GPP,4875,88,96155
GPP,4876,88,96170
GPP,4877,88,96186
GPP,4878,88,96201
GPP,4879,88,96233
GPP,4880,88,96248
GPP,4881,88,96264
GPP,4882,88,96280
GPP,4883,88,96311
GPP,4884,88,96327
GPP,4885,88,96343
GPP,4886,88,96358
GPP,4887,88,96390
GPP,4888,88,96406
GPP,4889,88,96421
GPP,4890,88,96437
GPP,4891,88,96453
GPP,4892,88,96484
GPP,4893,88,96499
GPP,4894,88,96515
GPP,4895,88,96539
GPP,4896,88,96563
GPP,4897,88,96578
GPP,4898,88,96594
GPP,4899,88,96610
GPP,4900,88,96641
GPP,4901,88,96656
GPP,4902,88,96672
GPP,4903,88,96688
GPP,4904,88,96719
GPP,4905,88,96735
GPP,4906,88,96750
GPP,4907,88,96766
GPP,4908,88,96797
GPP,4909,88,96813
GPP,4910,88,96829
GPP,4911,88,96860
GPP,4912,88,96876
GPP,4913,88,96891
GPP,4914,88,96907
GPP,4915,88,96939
GPP,4916,88,96955
GPP,4917,88,96970
GPP,4918,88,96986
GPP,4919,88,97017
GPP,4920,88,97033
GPP,4921,88,97049
GPP,4922,88,97064
GPP,4923,88,97096
GPP,4924,88,97111
GPP,4925,88,97127
GPP,4926,88,97142
GPP,4927,88,97174
GPP,4928,88,97189
GPP,4929,88,97205
GPP,4930,88,97236
GPP,4931,88,97252
GPP,4932,88,97268
GPP,4933,88,97283
GPP,4934,88,97315
GPP,4935,88,97330
GPP,4936,88,97346
GPP,4937,88,97362
GPP,4938,88,97393
GPP,4939,88,97409
GPP,4940,88,97425
GPP,4941,88,97441
GPP,4942,88,97472
GPP,4943,88,97488
GPP,4944,88,97504
GPP,4945,88,97519
GPP,4946,88,97551
GPP,4947,88,97566
GPP,4948,88,97582
GPP,4949,88,97598
GPP,4950,88,97629
GPP,4951,88,97645
GPP,4952,88,97660
GPP,4953,88,97676
GPP,4954,88,97707
GPP,4955,88,97723
GPP,4956,88,97747
GPP,4957,88,97755
GPP,4958,88,97786
GPP,4959,88,97802
GPP,4960,88,97817
GPP,4961,88,97849
GPP,4962,88,97864
GPP,4963,88,97880
GPP,4964,88,97896
GPP,4965,88,97927
GPP,4966,88,97943
GPP,4967,88,97958
GPP,4968,88,97974
GPP,4969,88,98005
GPP,4970,88,98021
GPP,4971,88,98037
GPP,4972,88,98052
GPP,4973,88,98084
GPP,4974,88,98099
GPP,4975,88,98115
GPP,4976,88,98131
GPP,4977,88,98162
GPP,4978,88,98178
GPP,4979,88,98193
GPP,4980,88,98209
GPP,4981,88,98240
GPP,4982,88,98256
GPP,4983,88,98272
GPP,4984,88,98287
GPP,4985,88,98319
GPP,4986,88,98334
GPP,4987,88,98350
GPP,4988,88,98366
GPP,4989,88,98397
GPP,4990,88,98413
GPP,4991,88,98428
GPP,4992,88,98460
GPP,4993,88,98475
GPP,4994,88,98491
GPP,4995,88,98507
GPP,4996,88,98538
GPP,4997,88,98554
GPP,4998,88,98569
GPP,4999,88,98585
QAP,0,528,0
QAP,1,518,47
QAP,2,518,78
QAP,3,518,110
QAP,4,512,141
QAP,5,512,172
QAP,6,512,204
QAP,7,512,251
QAP,8,510,283
QAP,9,510,314
QAP,10,508,345
QAP,11,508,377
QAP,12,508,408
QAP,13,508,439
QAP,14,508,471
QAP,15,508,502
QAP,16,508,550
QAP,17,508,581
QAP,18,508,613
QAP,19,508,644
QAP,20,508,675
QAP,21,508,707
QAP,22,508,738
QAP,23,508,770
QAP,24,508,817
QAP,25,508,848
QAP,26,508,880
QAP,27,506,911
QAP,28,506,943
QAP,29,506,974
QAP,30,506,1006
QAP,31,498,1053
QAP,32,498,1084
QAP,33,498,1116
QAP,34,498,1147
QAP,35,498,1179
QAP,36,496,1210
QAP,37,496,1242
QAP,38,496,1273
QAP,39,496,1320
QAP,40,496,1351
QAP,41,496,1383
QAP,42,496,1414
QAP,43,496,1446
QAP,44,496,1477
QAP,45,496,1508
QAP,46,496,1540
QAP,47,496,1587
QAP,48,496,1618
QAP,49,496,1650
QAP,50,496,1681
QAP,51,496,1712
QAP,52,494,1744
QAP,53,494,1775
QAP,54,494,1822
QAP,55,494,1854
QAP,56,494,1885
QAP,57,494,1917
QAP,58,494,1956
QAP,59,476,1980
QAP,60,476,2011
QAP,61,476,2058
QAP,62,476,2089
QAP,63,472,2121
QAP,64,472,2152
QAP,65,472,2183
QAP,66,464,2215
QAP,67,464,2246
QAP,68,464,2278
QAP,69,464,2325
QAP,70,464,2356
QAP,71,464,2387
QAP,72,456,2419
QAP,73,456,2450
QAP,74,456,2482
QAP,75,456,2513
QAP,76,456,2544
QAP,77,456,2591
QAP,78,456,2623
QAP,79,456,2654
QAP,80,456,2685
QAP,81,456,2716
QAP,82,454,2748
QAP,83,454,2779
QAP,84,454,2811
QAP,85,454,2858
QAP,86,446,2890
QAP,87,446,2921
QAP,88,446,2952
QAP,89,446,2983
QAP,90,446,3015
QAP,91,446,3046
QAP,92,446,3078
QAP,93,444,3125
QAP,94,444,3156
QAP,95,444,3187
QAP,96,444,3219
QAP,97,442,3250
QAP,98,442,3282
QAP,99,442,3321
QAP,100,442,3345
QAP,101,442,3392
QAP,102,440,3423
QAP,103,438,3454
QAP,104,438,3486
QAP,105,438,3517
QAP,106,430,3548
QAP,107,430,3580
QAP,108,430,3611
QAP,109,430,3658
QAP,110,430,3689
QAP,111,430,3721
QAP,112,430,3752
QAP,113,430,3784
QAP,114,430,3815
QAP,115,430,3846
QAP,116,430,3893
QAP,117,430,3925
QAP,118,430,3956
QAP,119,424,3987
QAP,120,424,4019
QAP,121,424,4050
QAP,122,424,4081
QAP,123,424,4128
QAP,124,422,4160
QAP,125,422,4191
QAP,126,422,4222
QAP,127,422,4254
QAP,128,422,4285
QAP,129,422,4316
QAP,130,422,4363
QAP,131,422,4395
QAP,132,422,4426
QAP,133,422,4457
QAP,134,422,4489
QAP,135,422,4520
QAP,136,422,4551
QAP,137,422,4583
QAP,138,422,4630
QAP,139,422,4661
QAP,140,422,4693
QAP,141,422,4724
QAP,142,422,4755
QAP,143,422,4787
QAP,144,418,4818
QAP,145,418,4849
QAP,146,418,4896
QAP,147,418,4928
QAP,148,418,4959
QAP,149,418,4991
QAP,150,418,5022
QAP,151,418,5054
QAP,152,418,5086
QAP,153,418,5133
QAP,154,418,5164
QAP,155,418,5195
QAP,156,418,5227
QAP,157,418,5258
QAP,158,418,5290
QAP,159,418,5321
QAP,160,418,5352
QAP,161,410,5399
QAP,162,410,5431
QAP,163,410,5462
QAP,164,410,5493
QAP,165,410,5525
QAP,166,410,5556
QAP,167,410,5587
QAP,168,410,5619
QAP,169,410,5666
QAP,170,410,5697
QAP,171,410,5728
QAP,172,410,5759
QAP,173,410,5791
QAP,174,410,5822
QAP,175,410,5854
QAP,176,410,5901
QAP,177,410,5934
QAP,178,410,5967
QAP,179,410,5999
QAP,180,410,6033
QAP,181,404,6066
QAP,182,404,6099
QAP,183,404,6131
QAP,184,404,6166
QAP,185,404,6198
QAP,186,404,6231
QAP,187,404,6265
QAP,188,404,6299
QAP,189,404,6331
QAP,190,404,6365
QAP,191,404,6399
QAP,192,404,6431
QAP,193,404,6465
QAP,194,404,6497
QAP,195,404,6530
QAP,196,404,6564
QAP,197,404,6597
QAP,198,388,6631
QAP,199,388,6662
QAP,200,388,6696
QAP,201,388,6729
QAP,202,384,6763
QAP,203,384,6797
QAP,204,384,6828
QAP,205,384,6862
QAP,206,384,6895
QAP,207,382,6929
QAP,208,382,6962
QAP,209,382,6996
QAP,210,382,7027
QAP,211,382,7061
QAP,212,382,7089
QAP,213,382,7120
QAP,214,380,7151
QAP,215,380,7183
QAP,216,372,7214
QAP,217,372,7262
QAP,218,372,7293
QAP,219,372,7324
QAP,220,372,7356
QAP,221,372,7387
QAP,222,372,7419
QAP,223,372,7450
QAP,224,372,7482
QAP,225,370,7513
QAP,226,370,7560
QAP,227,370,7592
QAP,228,370,7623
QAP,229,370,7654
QAP,230,370,7686
QAP,231,370,7717
QAP,232,370,7749
QAP,233,370,7780
QAP,234,370,7811
QAP,235,370,7843
QAP,236,370,7890
QAP,237,368,7921
QAP,238,368,7953
QAP,239,366,7984
QAP,240,366,8016
QAP,241,366,8047
QAP,242,366,8078
QAP,243,366,8110
QAP,244,358,8141
QAP,245,358,8173
QAP,246,358,8220
QAP,247,358,8251
QAP,248,358,8283
QAP,249,358,8314
QAP,250,358,8345
QAP,251,356,8377
QAP,252,356,8408
QAP,253,352,8440
QAP,254,352,8471
QAP,255,352,8503
QAP,256,352,8550
QAP,257,352,8581
QAP,258,352,8612
QAP,259,348,8644
QAP,260,348,8675
QAP,261,348,8707
QAP,262,348,8738
QAP,263,348,8777
QAP,264,348,8801
QAP,265,348,8848
QAP,266,344,8879
QAP,267,344,8911
QAP,268,344,8942
QAP,269,344,8974
QAP,270,344,9005
QAP,271,344,9036
QAP,272,334,9068
QAP,273,334,9099
QAP,274,334,9146
QAP,275,334,9178
QAP,276,334,9209
QAP,277,334,9240
QAP,278,334,9272
QAP,279,334,9303
QAP,280,334,9335
QAP,281,334,9366
QAP,282,334,9413
QAP,283,334,9444
QAP,284,334,9476
QAP,285,334,9507
QAP,286,334,9539
QAP,287,334,9570
QAP,288,334,9602
QAP,289,334,9633
QAP,290,334,9664
QAP,291,334,9696
QAP,292,334,9743
QAP,293,334,9774
QAP,294,334,9806
QAP,295,334,9837
QAP,296,334,9869
QAP,297,334,9900
QAP,298,334,9932
QAP,299,334,9963
QAP,300,334,9994
QAP,301,334,10026
QAP,302,334,10057
QAP,303,332,10105
QAP,304,332,10138
QAP,305,332,10167
QAP,306,332,10199
QAP,307,332,10230
QAP,308,332,10262
QAP,309,332,10293
QAP,310,330,10324
QAP,311,330,10356
QAP,312,330,10387
QAP,313,326,10419
QAP,314,326,10450
QAP,315,316,10497
QAP,316,316,10529
QAP,317,316,10560
QAP,318,316,10591
QAP,319,316,10623
QAP,320,316,10654
QAP,321,312,10686
QAP,322,312,10717
QAP,323,312,10748
QAP,324,312,10780
QAP,325,312,10811
QAP,326,312,10843
QAP,327,312,10890
QAP,328,312,10921
QAP,329,312,10953
QAP,330,308,10984
QAP,331,308,11015
QAP,332,308,11047
QAP,333,308,11078
QAP,334,308,11110
QAP,335,308,11141
QAP,336,308,11172
QAP,337,308,11204
QAP,338,302,11235
QAP,339,302,11282
QAP,340,302,11314
QAP,341,296,11345
QAP,342,296,11376
QAP,343,296,11408
QAP,344,296,11439
QAP,345,296,11471
QAP,346,296,11510
QAP,347,296,11533
QAP,348,296,11581
QAP,349,296,11612
QAP,350,296,11643
QAP,351,296,11675
QAP,352,296,11706
QAP,353,296,11737
QAP,354,294,11769
QAP,355,294,11800
QAP,356,290,11831
QAP,357,290,11863
QAP,358,290,11910
QAP,359,290,11942
QAP,360,290,11974
QAP,361,290,12005
QAP,362,290,12036
QAP,363,290,12068
QAP,364,290,12099
QAP,365,290,12130
QAP,366,290,12177
QAP,367,290,12208
QAP,368,290,12240
QAP,369,282,12271
QAP,370,282,12302
QAP,371,282,12334
QAP,372,282,12365
QAP,373,282,12396
QAP,374,282,12428
QAP,375,282,12459
QAP,376,282,12490
QAP,377,280,12537
QAP,378,280,12569
QAP,379,280,12600
QAP,380,278,12631
QAP,381,278,12663
QAP,382,278,12694
QAP,383,278,12725
QAP,384,278,12757
QAP,385,276,12788
QAP,386,270,12820
QAP,387,270,12851
QAP,388,270,12883
QAP,389,268,12914
QAP,390,264,12945
QAP,391,264,12977
QAP,392,262,13024
QAP,393,258,13055
QAP,394,258,13086
QAP,395,258,13118
QAP,396,258,13149
QAP,397,258,13180
QAP,398,258,13212
QAP,399,256,13243
QAP,400,256,13275
QAP,401,254,13306
QAP,402,254,13337
QAP,403,254,13369
QAP,404,254,13400
QAP,405,254,13447
QAP,406,254,13478
QAP,407,254,13510
QAP,408,254,13541
QAP,409,254,13572
QAP,410,254,13604
QAP,411,254,13635
QAP,412,254,13666
QAP,413,252,13697
QAP,414,252,13729
QAP,415,250,13760
QAP,416,250,13792
QAP,417,250,13839
QAP,418,250,13870
QAP,419,250,13902
QAP,420,250,13933
QAP,421,250,13964
QAP,422,250,13996
QAP,423,250,14027
QAP,424,250,14058
QAP,425,250,14090
QAP,426,250,14121
QAP,427,250,14168
QAP,428,250,14200
QAP,429,250,14231
QAP,430,250,14263
QAP,431,250,14294
QAP,432,250,14325
QAP,433,250,14357
QAP,434,250,14388
QAP,435,250,14419
QAP,436,250,14466
QAP,437,250,14498
QAP,438,250,14529
QAP,439,250,14560
QAP,440,250,14592
QAP,441,250,14623
QAP,442,250,14654
QAP,443,250,14686
QAP,444,250,14717
QAP,445,250,14764
QAP,446,250,14795
QAP,447,250,14827
QAP,448,250,14858
QAP,449,250,14890
QAP,450,250,14921
QAP,451,250,14953
QAP,452,250,14984
QAP,453,250,15015
QAP,454,250,15062
QAP,455,250,15094
QAP,456,250,15125
QAP,457,250,15157
QAP,458,246,15188
QAP,459,246,15219
QAP,460,246,15251
QAP,461,246,15282
QAP,462,246,15314
QAP,463,246,15345
QAP,464,246,15377
QAP,465,246,15408
QAP,466,246,15439
QAP,467,246,15486
QAP,468,246,15518
QAP,469,246,15549
QAP,470,246,15583
QAP,471,246,15612
QAP,472,244,15644
QAP,473,244,15675
QAP,474,242,15707
QAP,475,242,15738
QAP,476,240,15769
QAP,477,238,15801
QAP,478,238,15832
QAP,479,234,15863
QAP,480,234,15895
QAP,481,230,15926
QAP,482,230,15958
QAP,483,230,15989
QAP,484,230,16021
QAP,485,228,16052
QAP,486,226,16099
QAP,487,226,16130
QAP,488,226,16161
QAP,489,226,16193
QAP,490,226,16224
QAP,491,226,16256
QAP,492,226,16287
QAP,493,226,16318
QAP,494,224,16350
QAP,495,224,16381
QAP,496,224,16413
QAP,497,224,16444
QAP,498,222,16475
QAP,499,222,16507
QAP,500,222,16538
QAP,501,222,16569
QAP,502,222,16601
QAP,503,220,16648
QAP,504,220,16680
QAP,505,220,16711
QAP,506,220,16742
QAP,507,220,16774
QAP,508,220,16805
QAP,509,220,16837
QAP,510,218,16868
QAP,511,218,16899
QAP,512,218,16931
QAP,513,218,16962
QAP,514,218,16993
QAP,515,218,17040
QAP,516,218,17072
QAP,517,218,17103
QAP,518,218,17135
QAP,519,218,17166
QAP,520,218,17197
QAP,521,218,17229
QAP,522,218,17260
QAP,523,218,17291
QAP,524,218,17323
QAP,525,218,17354
QAP,526,218,17385
QAP,527,218,17432
QAP,528,218,17464
QAP,529,218,17495
QAP,530,218,17526
QAP,531,216,17558
QAP,532,216,17589
QAP,533,216,17620
QAP,534,216,17652
QAP,535,216,17683
QAP,536,216,17714
QAP,537,216,17745
QAP,538,216,17777
QAP,539,216,17824
QAP,540,216,17855
QAP,541,216,17886
QAP,542,216,17918
QAP,543,216,17949
QAP,544,216,17981
QAP,545,216,18012
QAP,546,216,18044
QAP,547,216,18075
QAP,548,216,18106
QAP,549,214,18138
QAP,550,214,18169
QAP,551,214,18216
QAP,552,214,18248
QAP,553,214,18279
QAP,554,206,18316
QAP,555,206,18342
QAP,556,206,18374
QAP,557,206,18405
QAP,558,206,18436
QAP,559,206,18468
QAP,560,206,18499
QAP,561,206,18530
QAP,562,206,18562
QAP,563,206,18593
QAP,564,206,18624
QAP,565,206,18656
QAP,566,206,18703
QAP,567,206,18734
QAP,568,204,18765
QAP,569,202,18797
QAP,570,202,18828
QAP,571,202,18860
QAP,572,202,18891
QAP,573,202,18923
QAP,574,202,18954
QAP,575,200,18985
QAP,576,200,19017
QAP,577,200,19048
QAP,578,198,19079
QAP,579,198,19111
QAP,580,198,19142
QAP,581,196,19174
QAP,582,196,19205
QAP,583,196,19252
QAP,584,196,19283
QAP,585,196,19315
QAP,586,196,19346
QAP,587,196,19377
QAP,588,196,19415
QAP,589,196,19440
QAP,590,196,19471
QAP,591,196,19503
QAP,592,196,19534
QAP,593,196,19565
QAP,594,196,19597
QAP,595,196,19644
QAP,596,196,19677
QAP,597,196,19707
QAP,598,196,19738
QAP,599,196,19770
QAP,600,196,19801
QAP,601,196,19832
QAP,602,196,19864
QAP,603,196,19895
QAP,604,196,19927
QAP,605,196,19958
QAP,606,196,19990
QAP,607,196,20037
QAP,608,196,20068
QAP,609,196,20100
QAP,610,196,20131
QAP,611,196,20163
QAP,612,196,20194
QAP,613,196,20225
QAP,614,196,20257
QAP,615,194,20288
QAP,616,194,20320
QAP,617,194,20351
QAP,618,194,20383
QAP,619,194,20430
QAP,620,194,20461
QAP,621,194,20493
QAP,622,194,20524
QAP,623,194,20555
QAP,624,194,20587
QAP,625,194,20618
QAP,626,194,20650
QAP,627,194,20681
QAP,628,194,20712
QAP,629,194,20744
QAP,630,194,20775
QAP,631,194,20807
QAP,632,194,20854
QAP,633,194,20885
QAP,634,194,20917
QAP,635,194,20948
QAP,636,194,20980
QAP,637,194,21011
QAP,638,194,21050
QAP,639,194,21074
QAP,640,194,21105
QAP,641,194,21137
QAP,642,194,21168
QAP,643,194,21200
QAP,644,194,21231
QAP,645,194,21278
QAP,646,194,21310
QAP,647,194,21341
QAP,648,194,21372
QAP,649,194,21404
QAP,650,194,21435
QAP,651,194,21467
QAP,652,194,21498
QAP,653,194,21530
QAP,654,194,21561
QAP,655,194,21592
QAP,656,194,21624
QAP,657,194,21655
QAP,658,194,21702
QAP,659,194,21733
QAP,660,194,21765
QAP,661,194,21796
QAP,662,194,21827
QAP,663,194,21859
QAP,664,194,21890
QAP,665,194,21922
QAP,666,194,21953
QAP,667,194,21984
QAP,668,194,22016
QAP,669,194,22047
QAP,670,194,22078
QAP,671,192,22110
QAP,672,192,22141
QAP,673,192,22173
QAP,674,192,22220
QAP,675,192,22251
QAP,676,192,22283
QAP,677,192,22314
QAP,678,190,22345
QAP,679,190,22377
QAP,680,190,22415
QAP,681,190,22440
QAP,682,190,22471
QAP,683,186,22503
QAP,684,186,22534
QAP,685,186,22566
QAP,686,186,22597
QAP,687,186,22628
QAP,688,186,22676
QAP,689,186,22707
QAP,690,186,22738
QAP,691,186,22770
QAP,692,186,22801
QAP,693,186,22833
QAP,694,186,22864
QAP,695,186,22895
QAP,696,186,22927
QAP,697,186,22958
QAP,698,186,22990
QAP,699,186,23037
QAP,700,186,23068
QAP,701,186,23099
QAP,702,186,23131
QAP,703,186,23162
QAP,704,186,23194
QAP,705,186,23233
QAP,706,186,23257
QAP,707,186,23288
QAP,708,186,23335
QAP,709,186,23366
QAP,710,186,23398
QAP,711,186,23429
QAP,712,186,23461
QAP,713,186,23492
QAP,714,186,23523
QAP,715,186,23555
QAP,716,186,23586
QAP,717,186,23617
QAP,718,186,23665
QAP,719,186,23696
QAP,720,186,23727
QAP,721,186,23764
QAP,722,186,23790
QAP,723,186,23822
QAP,724,186,23853
QAP,725,186,23885
QAP,726,186,23916
QAP,727,186,23963
QAP,728,186,23994
QAP,729,186,24026
QAP,730,186,24057
QAP,731,186,24089
QAP,732,186,24120
QAP,733,186,24152
QAP,734,186,24183
QAP,735,186,24215
QAP,736,186,24246
QAP,737,186,24277
QAP,738,186,24309
QAP,739,186,24340
QAP,740,186,24371
QAP,741,186,24403
QAP,742,186,24450
QAP,743,186,24481
QAP,744,184,24513
QAP,745,184,24544
QAP,746,184,24575
QAP,747,184,24607
QAP,748,184,24638
QAP,749,184,24670
QAP,750,180,24701
QAP,751,180,24733
QAP,752,180,24764
QAP,753,180,24796
QAP,754,180,24827
QAP,755,180,24858
QAP,756,178,24890
QAP,757,178,24921
QAP,758,178,24952
QAP,759,178,25000
QAP,760,178,25031
QAP,761,178,25062
QAP,762,178,25094
QAP,763,178,25130
QAP,764,178,25157
QAP,765,178,25188
QAP,766,178,25220
QAP,767,178,25251
QAP,768,178,25282
QAP,769,178,25314
QAP,770,178,25361
QAP,771,178,25392
QAP,772,178,25424
QAP,773,178,25455
QAP,774,178,25487
QAP,775,178,25518
QAP,776,178,25550
QAP,777,178,25581
QAP,778,178,25613
QAP,779,178,25644
QAP,780,178,25691
QAP,781,178,25723
QAP,782,178,25754
QAP,783,178,25786
QAP,784,178,25817
QAP,785,178,25848
QAP,786,178,25880
QAP,787,178,25911
QAP,788,178,25958
QAP,789,178,25990
QAP,790,178,26021
QAP,791,178,26052
QAP,792,178,26084
QAP,793,178,26115
QAP,794,178,26147
QAP,795,178,26178
QAP,796,178,26210
QAP,797,178,26257
QAP,798,178,26288
QAP,799,178,26320
QAP,800,178,26351
QAP,801,178,26383
QAP,802,178,26414
QAP,803,178,26446
QAP,804,178,26477
QAP,805,178,26524
QAP,806,178,26555
QAP,807,178,26587
QAP,808,178,26618
QAP,809,178,26650
QAP,810,178,26681
QAP,811,178,26713
QAP,812,178,26744
QAP,813,178,26776
QAP,814,178,26823
QAP,815,178,26854
QAP,816,178,26885
QAP,817,178,26917
QAP,818,178,26948
QAP,819,178,26980
QAP,820,178,27011
QAP,821,178,27043
QAP,822,178,27074
QAP,823,178,27106
QAP,824,178,27153
QAP,825,178,27184
QAP,826,178,27216
QAP,827,178,27247
QAP,828,178,27279
QAP,829,178,27310
QAP,830,178,27341
QAP,831,178,27373
QAP,832,178,27404
QAP,833,178,27436
QAP,834,178,27467
QAP,835,178,27499
QAP,836,178,27530
QAP,837,178,27561
QAP,838,178,27593
QAP,839,178,27624
QAP,840,178,27671
QAP,841,178,27703
QAP,842,178,27734
QAP,843,178,27766
QAP,844,178,27797
QAP,845,178,27828
QAP,846,178,27865
QAP,847,178,27891
QAP,848,176,27922
QAP,849,176,27954
QAP,850,176,27985
QAP,851,176,28017
QAP,852,176,28048
QAP,853,176,28080
QAP,854,174,28111
QAP,855,174,28143
QAP,856,174,28174
QAP,857,174,28221
QAP,858,174,28253
QAP,859,174,28284
QAP,860,174,28316
QAP,861,174,28347
QAP,862,174,28378
QAP,863,174,28410
QAP,864,174,28441
QAP,865,174,28473
QAP,866,174,28504
QAP,867,174,28536
QAP,868,174,28567
QAP,869,174,28614
QAP,870,174,28646
QAP,871,174,28677
QAP,872,174,28708
QAP,873,174,28740
QAP,874,174,28771
QAP,875,174,28802
QAP,876,174,28834
QAP,877,174,28865
QAP,878,174,28912
QAP,879,174,28944
QAP,880,174,28975
QAP,881,174,29006
QAP,882,174,29038
QAP,883,174,29069
QAP,884,174,29101
QAP,885,174,29132
QAP,886,174,29164
QAP,887,174,29211
QAP,888,174,29242
QAP,889,174,29273
QAP,890,174,29305
QAP,891,174,29336
QAP,892,174,29368
QAP,893,174,29399
QAP,894,174,29430
QAP,895,174,29477
QAP,896,174,29509
QAP,897,174,29540
QAP,898,174,29572
QAP,899,174,29603
QAP,900,174,29635
QAP,901,174,29666
QAP,902,174,29698
QAP,903,174,29729
QAP,904,174,29776
QAP,905,174,29808
QAP,906,174,29839
QAP,907,174,29871
QAP,908,174,29902
QAP,909,174,29934
QAP,910,174,29965
QAP,911,174,29996
QAP,912,174,30028
QAP,913,174,30075
QAP,914,174,30106
QAP,915,174,30138
QAP,916,174,30169
QAP,917,174,30201
QAP,918,174,30232
QAP,919,174,30263
QAP,920,174,30295
QAP,921,174,30326
QAP,922,174,30373
QAP,923,174,30405
QAP,924,174,30436
QAP,925,174,30468
QAP,926,174,30499
QAP,927,174,30531
QAP,928,174,30562
QAP,929,174,30594
QAP,930,174,30625
QAP,931,174,30657
QAP,932,174,30688
QAP,933,174,30735
QAP,934,174,30767
QAP,935,174,30798
QAP,936,174,30830
QAP,937,174,30861
QAP,938,174,30892
QAP,939,174,30924
QAP,940,174,30955
QAP,941,174,30987
QAP,942,174,31018
QAP,943,174,31049
QAP,944,174,31081
QAP,945,174,31112
QAP,946,174,31159
QAP,947,174,31191
QAP,948,174,31222
QAP,949,174,31253
QAP,950,174,31285
QAP,951,174,31316
QAP,952,174,31348
QAP,953,174,31379
QAP,954,174,31410
QAP,955,174,31442
QAP,956,174,31473
QAP,957,174,31505
QAP,958,174,31536
QAP,959,174,31568
QAP,960,174,31599
QAP,961,174,31631
QAP,962,174,31662
QAP,963,174,31694
QAP,964,174,31725
QAP,965,174,31756
QAP,966,174,31788
QAP,967,174,31835
QAP,968,174,31866
QAP,969,174,31898
QAP,970,174,31929
QAP,971,174,31961
QAP,972,174,31992
QAP,973,174,32024
QAP,974,174,32055
QAP,975,174,32087
QAP,976,174,32118
QAP,977,174,32150
QAP,978,174,32181
QAP,979,174,32212
QAP,980,174,32244
QAP,981,174,32291
QAP,982,174,32322
QAP,983,174,32354
QAP,984,174,32385
QAP,985,174,32417
QAP,986,174,32448
QAP,987,174,32480
QAP,988,174,32511
QAP,989,174,32543
QAP,990,174,32574
QAP,991,174,32621
QAP,992,174,32652
QAP,993,174,32684
QAP,994,174,32715
QAP,995,174,32747
QAP,996,174,32778
QAP,997,174,32810
QAP,998,174,32841
QAP,999,174,32873
QAP,1000,174,32920
QAP,1001,174,32951
QAP,1002,174,32983
QAP,1003,174,33014
QAP,1004,174,33045
QAP,1005,174,33077
QAP,1006,174,33108
QAP,1007,174,33140
QAP,1008,174,33187
QAP,1009,174,33218
QAP,1010,174,33249
QAP,1011,174,33281
QAP,1012,174,33320
QAP,1013,174,33344
QAP,1014,174,33375
QAP,1015,174,33407
QAP,1016,174,33454
QAP,1017,174,33485
QAP,1018,174,33516
QAP,1019,174,33548
QAP,1020,174,33579
QAP,1021,174,33611
QAP,1022,174,33642
QAP,1023,174,33673
QAP,1024,174,33721
QAP,1025,174,33752
QAP,1026,174,33784
QAP,1027,174,33815
QAP,1028,174,33846
QAP,1029,174,33878
QAP,1030,174,33910
QAP,1031,174,33941
QAP,1032,174,33972
QAP,1033,174,34019
QAP,1034,174,34051
QAP,1035,174,34082
QAP,1036,174,34114
QAP,1037,174,34145
QAP,1038,174,34177
QAP,1039,174,34208
QAP,1040,174,34239
QAP,1041,174,34286
QAP,1042,174,34318
QAP,1043,174,34349
QAP,1044,174,34380
QAP,1045,174,34412
QAP,1046,174,34444
QAP,1047,174,34475
QAP,1048,174,34506
QAP,1049,174,34538
QAP,1050,174,34585
QAP,1051,174,34617
QAP,1052,174,34648
QAP,1053,174,34679
QAP,1054,174,34711
QAP,1055,174,34742
QAP,1056,174,34774
QAP,1057,174,34805
QAP,1058,174,34836
QAP,1059,174,34868
QAP,1060,174,34899
QAP,1061,174,34946
QAP,1062,174,34978
QAP,1063,174,35009
QAP,1064,174,35046
QAP,1065,174,35079
QAP,1066,174,35113
QAP,1067,174,35145
QAP,1068,174,35179
QAP,1069,174,35210
QAP,1070,174,35245
QAP,1071,174,35276
QAP,1072,174,35310
QAP,1073,174,35344
QAP,1074,174,35375
QAP,1075,174,35409
QAP,1076,174,35442
QAP,1077,174,35476
QAP,1078,174,35509
QAP,1079,174,35541
QAP,1080,174,35574
QAP,1081,174,35608
QAP,1082,174,35640
QAP,1083,174,35674
QAP,1084,174,35707
QAP,1085,174,35739
QAP,1086,174,35771
QAP,1087,174,35806
QAP,1088,174,35838
QAP,1089,174,35872
QAP,1090,174,35904
QAP,1091,174,35937
QAP,1092,174,35969
QAP,1093,174,36002
QAP,1094,174,36036
QAP,1095,174,36063
QAP,1096,174,36094
QAP,1097,174,36126
QAP,1098,174,36157
QAP,1099,174,36188
QAP,1100,174,36220
QAP,1101,174,36267
QAP,1102,174,36298
QAP,1103,174,36329
QAP,1104,174,36361
QAP,1105,174,36392
QAP,1106,174,36424
QAP,1107,174,36455
QAP,1108,174,36487
QAP,1109,174,36534
QAP,1110,174,36565
QAP,1111,174,36597
QAP,1112,174,36628
QAP,1113,174,36660
QAP,1114,174,36691
QAP,1115,174,36722
QAP,1116,174,36754
QAP,1117,174,36785
QAP,1118,174,36832
QAP,1119,174,36864
QAP,1120,174,36895
QAP,1121,174,36926
QAP,1122,174,36958
QAP,1123,174,36989
QAP,1124,174,37021
QAP,1125,174,37052
QAP,1126,174,37084
QAP,1127,174,37131
QAP,1128,174,37162
QAP,1129,174,37194
QAP,1130,174,37225
QAP,1131,174,37256
QAP,1132,174,37288
QAP,1133,174,37319
QAP,1134,174,37351
QAP,1135,174,37382
QAP,1136,174,37414
QAP,1137,174,37445
QAP,1138,174,37492
QAP,1139,174,37524
QAP,1140,174,37555
QAP,1141,174,37586
QAP,1142,174,37618
QAP,1143,174,37649
QAP,1144,174,37681
QAP,1145,174,37712
QAP,1146,174,37759
QAP,1147,174,37790
QAP,1148,174,37822
QAP,1149,174,37853
QAP,1150,174,37884
QAP,1151,174,37915
QAP,1152,174,37947
QAP,1153,174,37978
QAP,1154,174,38009
QAP,1155,174,38056
QAP,1156,174,38088
QAP,1157,174,38119
QAP,1158,174,38151
QAP,1159,174,38182
QAP,1160,174,38214
QAP,1161,174,38245
QAP,1162,174,38276
QAP,1163,174,38308
QAP,1164,174,38355
QAP,1165,174,38386
QAP,1166,174,38418
QAP,1167,174,38449
QAP,1168,174,38481
QAP,1169,174,38512
QAP,1170,174,38543
QAP,1171,174,38575
QAP,1172,174,38606
QAP,1173,174,38653
QAP,1174,174,38684
QAP,1175,174,38716
QAP,1176,174,38747
QAP,1177,174,38778
QAP,1178,174,38810
QAP,1179,174,38841
QAP,1180,174,38873
QAP,1181,174,38904
QAP,1182,174,38951
QAP,1183,174,38983
QAP,1184,174,39014
QAP,1185,174,39046
QAP,1186,174,39077
QAP,1187,174,39108
QAP,1188,174,39140
QAP,1189,174,39171
QAP,1190,174,39211
QAP,1191,174,39234
QAP,1192,174,39281
QAP,1193,174,39313
QAP,1194,174,39344
QAP,1195,174,39375
QAP,1196,174,39407
QAP,1197,174,39438
QAP,1198,174,39469
QAP,1199,174,39501
QAP,1200,174,39532
QAP,1201,174,39563
QAP,1202,174,39611
QAP,1203,174,39642
QAP,1204,174,39673
QAP,1205,174,39705
QAP,1206,174,39736
QAP,1207,174,39767
QAP,1208,174,39798
QAP,1209,174,39830
QAP,1210,174,39861
QAP,1211,174,39892
QAP,1212,174,39940
QAP,1213,174,39971
QAP,1214,174,40003
QAP,1215,174,40034
QAP,1216,174,40066
QAP,1217,174,40097
QAP,1218,174,40137
QAP,1219,174,40160
QAP,1220,174,40191
QAP,1221,174,40223
QAP,1222,174,40254
QAP,1223,174,40301
QAP,1224,174,40333
QAP,1225,174,40364
QAP,1226,174,40395
QAP,1227,174,40427
QAP,1228,174,40458
QAP,1229,174,40489
QAP,1230,174,40521
QAP,1231,174,40552
QAP,1232,174,40599
QAP,1233,174,40631
QAP,1234,174,40662
QAP,1235,174,40694
QAP,1236,174,40725
QAP,1237,174,40757
QAP,1238,174,40788
QAP,1239,174,40819
QAP,1240,174,40851
QAP,1241,174,40882
QAP,1242,174,40914
QAP,1243,174,40961
QAP,1244,174,40992
QAP,1245,174,41024
QAP,1246,174,41055
QAP,1247,174,41087
QAP,1248,174,41118
QAP,1249,174,41149
QAP,1250,174,41181
QAP,1251,174,41212
QAP,1252,174,41244
QAP,1253,174,41291
QAP,1254,174,41322
QAP,1255,174,41353
QAP,1256,174,41385
QAP,1257,174,41416
QAP,1258,174,41448
QAP,1259,174,41487
QAP,1260,174,41510
QAP,1261,174,41542
QAP,1262,174,41573
QAP,1263,174,41620
QAP,1264,174,41652
QAP,1265,174,41683
QAP,1266,174,41715
QAP,1267,174,41746
QAP,1268,174,41778
QAP,1269,174,41809
QAP,1270,174,41840
QAP,1271,174,41872
QAP,1272,174,41903
QAP,1273,174,41950
QAP,1274,174,41982
QAP,1275,174,42013
QAP,1276,174,42044
QAP,1277,174,42076
QAP,1278,174,42107
QAP,1279,174,42139
QAP,1280,174,42170
QAP,1281,174,42201
QAP,1282,174,42248
QAP,1283,174,42280
QAP,1284,174,42311
QAP,1285,174,42343
QAP,1286,174,42374
QAP,1287,174,42405
QAP,1288,174,42437
QAP,1289,174,42468
QAP,1290,174,42500
QAP,1291,174,42531
QAP,1292,174,42579
QAP,1293,174,42610
QAP,1294,174,42642
QAP,1295,174,42673
QAP,1296,174,42704
QAP,1297,174,42736
QAP,1298,174,42767
QAP,1299,174,42799
QAP,1300,174,42844
QAP,1301,174,42877
QAP,1302,174,42909
QAP,1303,174,42940
QAP,1304,174,42972
QAP,1305,174,43003
QAP,1306,174,43034
QAP,1307,174,43066
QAP,1308,174,43097
QAP,1309,174,43129
QAP,1310,174,43176
QAP,1311,174,43207
QAP,1312,174,43239
QAP,1313,174,43270
QAP,1314,174,43302
QAP,1315,174,43333
QAP,1316,174,43364
QAP,1317,174,43396
QAP,1318,174,43427
QAP,1319,174,43459
QAP,1320,174,43506
QAP,1321,174,43537
QAP,1322,174,43569
QAP,1323,174,43600
QAP,1324,174,43631
QAP,1325,174,43663
QAP,1326,174,43694
QAP,1327,174,43741
QAP,1328,174,43773
QAP,1329,174,43804
QAP,1330,174,43836
QAP,1331,174,43867
QAP,1332,174,43898
QAP,1333,174,43930
QAP,1334,174,43961
QAP,1335,174,43993
QAP,1336,174,44024
QAP,1337,174,44071
QAP,1338,174,44103
QAP,1339,174,44134
QAP,1340,174,44166
QAP,1341,174,44197
QAP,1342,174,44229
QAP,1343,174,44260
QAP,1344,174,44291
QAP,1345,174,44339
QAP,1346,174,44370
QAP,1347,174,44402
QAP,1348,174,44433
QAP,1349,174,44464
QAP,1350,174,44496
QAP,1351,174,44527
QAP,1352,174,44559
QAP,1353,174,44590
QAP,1354,174,44621
QAP,1355,174,44669
QAP,1356,174,44700
QAP,1357,174,44732
QAP,1358,174,44763
QAP,1359,174,44795
QAP,1360,174,44826
QAP,1361,174,44857
QAP,1362,174,44889
QAP,1363,174,44920
QAP,1364,174,44952
QAP,1365,174,44999
QAP,1366,174,45030
QAP,1367,174,45062
QAP,1368,174,45093
QAP,1369,174,45124
QAP,1370,174,45156
QAP,1371,174,45187
QAP,1372,174,45219
QAP,1373,174,45250
QAP,1374,174,45282
QAP,1375,174,45329
QAP,1376,174,45360
QAP,1377,174,45391
QAP,1378,174,45423
QAP,1379,174,45454
QAP,1380,174,45486
QAP,1381,174,45517
QAP,1382,174,45549
QAP,1383,174,45588
QAP,1384,174,45611
QAP,1385,174,45643
QAP,1386,174,45690
QAP,1387,174,45721
QAP,1388,174,45753
QAP,1389,174,45784
QAP,1390,174,45815
QAP,1391,174,45847
QAP,1392,174,45878
QAP,1393,174,45910
QAP,1394,174,45941
QAP,1395,174,45972
QAP,1396,174,46004
QAP,1397,174,46051
QAP,1398,174,46082
QAP,1399,174,46114
QAP,1400,174,46145
QAP,1401,174,46177
QAP,1402,174,46208
QAP,1403,174,46240
QAP,1404,174,46271
QAP,1405,174,46303
QAP,1406,174,46334
QAP,1407,174,46366
QAP,1408,174,46397
QAP,1409,174,46444
QAP,1410,174,46476
QAP,1411,174,46507
QAP,1412,174,46539
QAP,1413,174,46570
QAP,1414,174,46601
QAP,1415,174,46633
QAP,1416,174,46664
QAP,1417,174,46695
QAP,1418,174,46727
QAP,1419,174,46774
QAP,1420,174,46805
QAP,1421,174,46837
QAP,1422,174,46868
QAP,1423,174,46899
QAP,1424,174,46931
QAP,1425,174,46962
QAP,1426,174,46994
QAP,1427,174,47025
QAP,1428,174,47057
QAP,1429,174,47103
QAP,1430,174,47135
QAP,1431,174,47166
QAP,1432,174,47198
QAP,1433,174,47229
QAP,1434,174,47260
QAP,1435,174,47291
QAP,1436,174,47323
QAP,1437,174,47354
QAP,1438,174,47385
QAP,1439,174,47432
QAP,1440,174,47464
QAP,1441,174,47495
QAP,1442,174,47527
QAP,1443,174,47558
QAP,1444,174,47590
QAP,1445,174,47621
QAP,1446,174,47652
QAP,1447,174,47683
QAP,1448,174,47715
QAP,1449,174,47762
QAP,1450,174,47793
QAP,1451,174,47824
QAP,1452,174,47856
QAP,1453,174,47887
QAP,1454,174,47918
QAP,1455,174,47950
QAP,1456,174,47981
QAP,1457,174,48012
QAP,1458,174,48044
QAP,1459,174,48090
QAP,1460,174,48122
QAP,1461,174,48153
QAP,1462,174,48185
QAP,1463,174,48216
QAP,1464,174,48248
QAP,1465,174,48279
QAP,1466,174,48318
QAP,1467,174,48342
QAP,1468,174,48373
QAP,1469,174,48405
QAP,1470,174,48452
QAP,1471,174,48483
QAP,1472,174,48515
QAP,1473,174,48546
QAP,1474,174,48578
QAP,1475,174,48609
QAP,1476,174,48640
QAP,1477,174,48672
QAP,1478,174,48703
QAP,1479,174,48735
QAP,1480,174,48782
QAP,1481,174,48813
QAP,1482,174,48845
QAP,1483,174,48876
QAP,1484,174,48907
QAP,1485,174,48939
QAP,1486,174,48970
QAP,1487,174,49002
QAP,1488,174,49033
QAP,1489,174,49080
QAP,1490,174,49113
QAP,1491,174,49147
QAP,1492,174,49179
QAP,1493,174,49212
QAP,1494,174,49246
QAP,1495,174,49278
QAP,1496,174,49311
QAP,1497,174,49345
QAP,1498,174,49377
QAP,1499,174,49411
QAP,1500,174,49444
QAP,1501,174,49477
QAP,1502,174,49512
QAP,1503,174,49540
QAP,1504,174,49571
QAP,1505,174,49603
QAP,1506,174,49634
QAP,1507,174,49673
QAP,1508,174,49697
QAP,1509,174,49728
QAP,1510,174,49775
QAP,1511,174,49807
QAP,1512,174,49838
QAP,1513,174,49869
QAP,1514,174,49901
QAP,1515,174,49932
QAP,1516,174,49963
QAP,1517,174,49995
QAP,1518,174,50026
QAP,1519,174,50073
QAP,1520,174,50105
QAP,1521,174,50136
QAP,1522,174,50167
QAP,1523,174,50199
QAP,1524,174,50230
QAP,1525,174,50261
QAP,1526,174,50293
QAP,1527,174,50324
QAP,1528,174,50371
QAP,1529,174,50402
QAP,1530,174,50434
QAP,1531,174,50465
QAP,1532,174,50496
QAP,1533,174,50528
QAP,1534,174,50559
QAP,1535,174,50590
QAP,1536,174,50622
QAP,1537,174,50669
QAP,1538,174,50700
QAP,1539,174,50731
QAP,1540,174,50763
QAP,1541,174,50794
QAP,1542,174,50825
QAP,1543,174,50856
QAP,1544,174,50888
QAP,1545,174,50919
QAP,1546,174,50966
QAP,1547,174,50997
QAP,1548,174,51032
QAP,1549,174,51061
QAP,1550,174,51092
QAP,1551,174,51123
QAP,1552,174,51155
QAP,1553,174,51186
QAP,1554,174,51218
QAP,1555,174,51265
QAP,1556,174,51296
QAP,1557,174,51327
QAP,1558,174,51359
QAP,1559,174,51390
QAP,1560,174,51421
QAP,1561,174,51453
QAP,1562,174,51484
QAP,1563,174,51516
QAP,1564,174,51547
QAP,1565,174,51579
QAP,1566,174,51626
QAP,1567,174,51658
QAP,1568,174,51689
QAP,1569,174,51720
QAP,1570,174,51752
QAP,1571,174,51783
QAP,1572,174,51815
QAP,1573,174,51846
QAP,1574,174,51878
QAP,1575,174,51909
QAP,1576,174,51940
QAP,1577,174,51972
QAP,1578,174,52019
QAP,1579,174,52051
QAP,1580,174,52082
QAP,1581,174,52113
QAP,1582,174,52145
QAP,1583,174,52176
QAP,1584,174,52208
QAP,1585,174,52239
QAP,1586,174,52271
QAP,1587,174,52302
QAP,1588,174,52349
QAP,1589,174,52381
QAP,1590,174,52412
QAP,1591,174,52443
QAP,1592,174,52475
QAP,1593,174,52506
QAP,1594,174,52538
QAP,1595,174,52569
QAP,1596,174,52600
QAP,1597,174,52648
QAP,1598,174,52679
QAP,1599,174,52710
QAP,1600,174,52742
QAP,1601,174,52773
QAP,1602,174,52804
QAP,1603,174,52836
QAP,1604,174,52867
QAP,1605,174,52899
QAP,1606,174,52930
QAP,1607,174,52961
QAP,1608,174,53009
QAP,1609,174,53040
QAP,1610,174,53071
QAP,1611,174,53103
QAP,1612,174,53134
QAP,1613,174,53166
QAP,1614,174,53197
QAP,1615,174,53229
QAP,1616,174,53260
QAP,1617,174,53307
QAP,1618,174,53339
QAP,1619,174,53370
QAP,1620,174,53402
QAP,1621,174,53433
QAP,1622,174,53464
QAP,1623,174,53496
QAP,1624,174,53527
QAP,1625,174,53559
QAP,1626,174,53590
QAP,1627,174,53637
QAP,1628,174,53669
QAP,1629,174,53700
QAP,1630,174,53731
QAP,1631,174,53769
QAP,1632,174,53794
QAP,1633,174,53825
QAP,1634,174,53857
QAP,1635,174,53888
QAP,1636,174,53935
QAP,1637,174,53967
QAP,1638,174,53998
QAP,1639,174,54030
QAP,1640,174,54061
QAP,1641,174,54093
QAP,1642,174,54124
QAP,1643,174,54155
QAP,1644,174,54203
QAP,1645,174,54236
QAP,1646,174,54266
QAP,1647,174,54297
QAP,1648,174,54328
QAP,1649,174,54360
QAP,1650,174,54391
QAP,1651,174,54423
QAP,1652,174,54454
QAP,1653,174,54494
QAP,1654,174,54533
QAP,1655,174,54565
QAP,1656,174,54596
QAP,1657,174,54627
QAP,1658,174,54659
QAP,1659,174,54690
QAP,1660,174,54722
QAP,1661,174,54753
QAP,1662,174,54784
QAP,1663,174,54816
QAP,1664,174,54847
QAP,1665,174,54895
QAP,1666,174,54926
QAP,1667,174,54957
QAP,1668,174,54989
QAP,1669,174,55020
QAP,1670,174,55052
QAP,1671,174,55083
QAP,1672,174,55123
QAP,1673,174,55146
QAP,1674,174,55177
QAP,1675,174,55224
QAP,1676,174,55256
QAP,1677,174,55287
QAP,1678,174,55318
QAP,1679,174,55350
QAP,1680,174,55381
QAP,1681,174,55413
QAP,1682,174,55444
QAP,1683,174,55475
QAP,1684,174,55507
QAP,1685,174,55538
QAP,1686,174,55585
QAP,1687,174,55616
QAP,1688,174,55648
QAP,1689,174,55679
QAP,1690,174,55711
QAP,1691,174,55742
QAP,1692,174,55773
QAP,1693,174,55805
QAP,1694,174,55836
QAP,1695,174,55868
QAP,1696,174,55915
QAP,1697,174,55946
QAP,1698,174,55978
QAP,1699,174,56009
QAP,1700,174,56041
QAP,1701,174,56072
QAP,1702,174,56104
QAP,1703,174,56135
QAP,1704,174,56166
QAP,1705,174,56198
QAP,1706,174,56229
QAP,1707,174,56261
QAP,1708,174,56308
QAP,1709,174,56339
QAP,1710,174,56371
QAP,1711,174,56402
QAP,1712,174,56434
QAP,1713,174,56465
QAP,1714,174,56496
QAP,1715,174,56528
QAP,1716,174,56559
QAP,1717,174,56591
QAP,1718,174,56622
QAP,1719,174,56669
QAP,1720,174,56701
QAP,1721,174,56732
QAP,1722,174,56764
QAP,1723,174,56795
QAP,1724,174,56827
QAP,1725,174,56858
QAP,1726,174,56890
QAP,1727,174,56921
QAP,1728,174,56952
QAP,1729,174,56984
QAP,1730,174,57031
QAP,1731,174,57062
QAP,1732,174,57093
QAP,1733,174,57125
QAP,1734,174,57156
QAP,1735,174,57188
QAP,1736,174,57219
QAP,1737,174,57262
QAP,1738,174,57295
QAP,1739,174,57328
QAP,1740,174,57360
QAP,1741,174,57394
QAP,1742,174,57425
QAP,1743,174,57456
QAP,1744,174,57488
QAP,1745,174,57519
QAP,1746,174,57550
QAP,1747,174,57582
QAP,1748,174,57613
QAP,1749,174,57645
QAP,1750,174,57676
QAP,1751,174,57723
QAP,1752,174,57754
QAP,1753,174,57786
QAP,1754,174,57817
QAP,1755,174,57855
QAP,1756,174,57880
QAP,1757,174,57911
QAP,1758,174,57943
QAP,1759,174,57974
QAP,1760,174,58005
QAP,1761,174,58053
QAP,1762,174,58084
QAP,1763,174,58115
QAP,1764,174,58147
QAP,1765,174,58178
QAP,1766,174,58210
QAP,1767,174,58241
QAP,1768,174,58273
QAP,1769,174,58304
QAP,1770,174,58336
QAP,1771,174,58383
QAP,1772,174,58414
QAP,1773,174,58446
QAP,1774,174,58477
QAP,1775,174,58509
QAP,1776,174,58540
QAP,1777,174,58572
QAP,1778,174,58603
QAP,1779,174,58635
QAP,1780,174,58666
QAP,1781,174,58698
QAP,1782,174,58729
QAP,1783,174,58776
QAP,1784,174,58807
QAP,1785,174,58839
QAP,1786,174,58870
QAP,1787,174,58902
QAP,1788,174,58933
QAP,1789,174,58964
QAP,1790,174,58996
QAP,1791,174,59027
QAP,1792,174,59059
QAP,1793,174,59106
QAP,1794,174,59137
QAP,1795,174,59169
QAP,1796,174,59205
QAP,1797,174,59231
QAP,1798,174,59263
QAP,1799,174,59294
QAP,1800,174,59326
QAP,1801,174,59357
QAP,1802,174,59389
QAP,1803,174,59420
QAP,1804,174,59467
QAP,1805,174,59499
QAP,1806,174,59530
QAP,1807,174,59561
QAP,1808,174,59593
QAP,1809,174,59624
QAP,1810,174,59656
QAP,1811,174,59687
QAP,1812,174,59718
QAP,1813,174,59750
QAP,1814,174,59781
QAP,1815,174,59813
QAP,1816,174,59860
QAP,1817,174,59891
QAP,1818,174,59923
QAP,1819,174,59954
QAP,1820,174,59986
QAP,1821,174,60017
QAP,1822,174,60048
QAP,1823,174,60080
QAP,1824,174,60111
QAP,1825,174,60143
QAP,1826,174,60190
QAP,1827,174,60221
QAP,1828,174,60253
QAP,1829,174,60284
QAP,1830,174,60316
QAP,1831,174,60347
QAP,1832,174,60378
QAP,1833,174,60410
QAP,1834,174,60441
QAP,1835,174,60473
QAP,1836,174,60504
QAP,1837,174,60551
QAP,1838,174,60583
QAP,1839,174,60614
QAP,1840,174,60646
QAP,1841,174,60677
QAP,1842,174,60708
QAP,1843,174,60740
QAP,1844,174,60771
QAP,1845,174,60803
QAP,1846,174,60834
QAP,1847,174,60866
QAP,1848,174,60897
QAP,1849,174,60944
QAP,1850,174,60976
QAP,1851,174,61007
QAP,1852,174,61039
QAP,1853,174,61070
QAP,1854,174,61102
QAP,1855,174,61133
QAP,1856,174,61165
QAP,1857,174,61196
QAP,1858,174,61228
QAP,1859,174,61275
QAP,1860,174,61307
QAP,1861,174,61338
QAP,1862,174,61369
QAP,1863,174,61401
QAP,1864,174,61432
QAP,1865,174,61464
QAP,1866,174,61495
QAP,1867,174,61527
QAP,1868,174,61558
QAP,1869,174,61605
QAP,1870,174,61636
QAP,1871,174,61668
QAP,1872,174,61699
QAP,1873,174,61731
QAP,1874,174,61762
QAP,1875,174,61794
QAP,1876,174,61825
QAP,1877,174,61856
QAP,1878,174,61888
QAP,1879,174,61935
QAP,1880,174,61966
QAP,1881,174,61998
QAP,1882,174,62029
QAP,1883,174,62060
QAP,1884,174,62092
QAP,1885,174,62123
QAP,1886,174,62154
QAP,1887,174,62186
QAP,1888,174,62217
QAP,1889,174,62265
QAP,1890,174,62296
QAP,1891,174,62327
QAP,1892,174,62359
QAP,1893,174,62390
QAP,1894,174,62422
QAP,1895,174,62453
QAP,1896,174,62485
QAP,1897,174,62516
QAP,1898,174,62548
QAP,1899,174,62595
QAP,1900,174,62626
QAP,1901,174,62658
QAP,1902,174,62689
QAP,1903,174,62720
QAP,1904,174,62752
QAP,1905,174,62783
QAP,1906,174,62815
QAP,1907,174,62846
QAP,1908,174,62878
QAP,1909,174,62925
QAP,1910,174,62956
QAP,1911,174,62988
QAP,1912,174,63019
QAP,1913,174,63050
QAP,1914,174,63082
QAP,1915,174,63113
QAP,1916,174,63145
QAP,1917,174,63176
QAP,1918,174,63208
QAP,1919,174,63255
QAP,1920,174,63286
QAP,1921,174,63318
QAP,1922,174,63349
QAP,1923,174,63380
QAP,1924,174,63412
QAP,1925,174,63443
QAP,1926,174,63475
QAP,1927,174,63506
QAP,1928,174,63538
QAP,1929,174,63585
QAP,1930,174,63616
QAP,1931,174,63648
QAP,1932,174,63679
QAP,1933,174,63711
QAP,1934,174,63742
QAP,1935,174,63773
QAP,1936,174,63805
QAP,1937,174,63836
QAP,1938,174,63868
QAP,1939,174,63915
QAP,1940,174,63946
QAP,1941,174,63978
QAP,1942,174,64009
QAP,1943,174,64041
QAP,1944,174,64072
QAP,1945,174,64103
QAP,1946,174,64135
QAP,1947,174,64166
QAP,1948,174,64198
QAP,1949,174,64229
QAP,1950,174,64276
QAP,1951,174,64308
QAP,1952,174,64339
QAP,1953,174,64370
QAP,1954,174,64402
QAP,1955,174,64433
QAP,1956,174,64465
QAP,1957,174,64496
QAP,1958,174,64527
QAP,1959,174,64559
QAP,1960,174,64590
QAP,1961,174,64622
QAP,1962,174,64669
QAP,1963,174,64700
QAP,1964,174,64732
QAP,1965,174,64763
QAP,1966,174,64795
QAP,1967,174,64826
QAP,1968,174,64857
QAP,1969,174,64889
QAP,1970,174,64920
QAP,1971,174,64952
QAP,1972,174,64983
QAP,1973,174,65030
QAP,1974,174,65062
QAP,1975,174,65093
QAP,1976,174,65125
QAP,1977,174,65156
QAP,1978,174,65188
QAP,1979,174,65219
QAP,1980,174,65250
QAP,1981,174,65282
QAP,1982,174,65313
QAP,1983,174,65361
QAP,1984,174,65392
QAP,1985,174,65423
QAP,1986,174,65455
QAP,1987,174,65486
QAP,1988,174,65518
QAP,1989,174,65549
QAP,1990,174,65580
QAP,1991,174,65612
QAP,1992,174,65643
QAP,1993,174,65690
QAP,1994,174,65722
QAP,1995,174,65753
QAP,1996,174,65784
QAP,1997,174,65816
QAP,1998,174,65847
QAP,1999,174,65879
QAP,2000,174,65910
QAP,2001,174,65942
QAP,2002,174,65973
QAP,2003,174,66020
QAP,2004,174,66052
QAP,2005,174,66083
QAP,2006,174,66115
QAP,2007,174,66146
QAP,2008,174,66177
QAP,2009,174,66218
QAP,2010,174,66251
QAP,2011,174,66283
QAP,2012,174,66316
QAP,2013,174,66349
QAP,2014,174,66382
QAP,2015,174,66414
QAP,2016,174,66448
QAP,2017,174,66479
QAP,2018,174,66515
QAP,2019,174,66550
QAP,2020,174,66582
QAP,2021,174,66615
QAP,2022,174,66647
QAP,2023,174,66681
QAP,2024,174,66713
QAP,2025,174,66747
QAP,2026,174,66780
QAP,2027,174,66813
QAP,2028,174,66842
QAP,2029,174,66874
QAP,2030,174,66905
QAP,2031,174,66946
QAP,2032,174,66978
QAP,2033,174,67011
QAP,2034,174,67044
QAP,2035,174,67078
QAP,2036,174,67110
QAP,2037,174,67143
QAP,2038,174,67174
QAP,2039,174,67205
QAP,2040,174,67237
QAP,2041,174,67268
QAP,2042,174,67300
QAP,2043,174,67331
QAP,2044,174,67362
QAP,2045,174,67401
QAP,2046,174,67425
QAP,2047,174,67472
QAP,2048,174,67504
QAP,2049,174,67535
QAP,2050,174,67566
QAP,2051,174,67598
QAP,2052,174,67629
QAP,2053,174,67660
QAP,2054,174,67692
QAP,2055,174,67723
QAP,2056,174,67754
QAP,2057,174,67802
QAP,2058,174,67833
QAP,2059,174,67864
QAP,2060,174,67895
QAP,2061,174,67927
QAP,2062,174,67958
QAP,2063,174,67990
QAP,2064,174,68021
QAP,2065,174,68052
QAP,2066,174,68083
QAP,2067,174,68115
QAP,2068,174,68162
QAP,2069,174,68193
QAP,2070,174,68227
QAP,2071,174,68257
QAP,2072,174,68288
QAP,2073,174,68319
QAP,2074,174,68351
QAP,2075,174,68382
QAP,2076,174,68413
QAP,2077,174,68445
QAP,2078,174,68476
QAP,2079,174,68507
QAP,2080,174,68554
QAP,2081,174,68586
QAP,2082,174,68617
QAP,2083,174,68648
QAP,2084,174,68680
QAP,2085,174,68711
QAP,2086,174,68750
QAP,2087,174,68774
QAP,2088,174,68805
QAP,2089,174,68837
QAP,2090,174,68884
QAP,2091,174,68915
QAP,2092,174,68947
QAP,2093,174,68978
QAP,2094,174,69010
QAP,2095,174,69041
QAP,2096,174,69072
QAP,2097,174,69104
QAP,2098,174,69135
QAP,2099,174,69167
QAP,2100,174,69198
QAP,2101,174,69246
QAP,2102,174,69277
QAP,2103,174,69308
QAP,2104,174,69340
QAP,2105,174,69371
QAP,2106,174,69402
QAP,2107,174,69434
QAP,2108,174,69465
QAP,2109,174,69496
QAP,2110,174,69528
QAP,2111,174,69559
QAP,2112,174,69606
QAP,2113,174,69637
QAP,2114,174,69669
QAP,2115,174,69700
QAP,2116,174,69731
QAP,2117,174,69763
QAP,2118,174,69794
QAP,2119,174,69825
QAP,2120,174,69857
QAP,2121,174,69888
QAP,2122,174,69920
QAP,2123,174,69967
QAP,2124,174,69998
QAP,2125,174,70030
QAP,2126,174,70061
QAP,2127,174,70092
QAP,2128,174,70124
QAP,2129,174,70155
QAP,2130,174,70187
QAP,2131,174,70218
QAP,2132,174,70250
QAP,2133,174,70297
QAP,2134,174,70328
QAP,2135,174,70359
QAP,2136,174,70391
QAP,2137,174,70422
QAP,2138,174,70453
QAP,2139,174,70485
QAP,2140,174,70516
QAP,2141,174,70547
QAP,2142,174,70594
QAP,2143,174,70625
QAP,2144,174,70657
QAP,2145,174,70688
QAP,2146,174,70719
QAP,2147,174,70751
QAP,2148,174,70782
QAP,2149,174,70814
QAP,2150,174,70845
QAP,2151,174,70892
QAP,2152,174,70923
QAP,2153,174,70955
QAP,2154,174,70986
QAP,2155,174,71017
QAP,2156,174,71049
QAP,2157,174,71080
QAP,2158,174,71111
QAP,2159,174,71142
QAP,2160,174,71190
QAP,2161,174,71221
QAP,2162,174,71253
QAP,2163,174,71284
QAP,2164,174,71315
QAP,2165,174,71347
QAP,2166,174,71378
QAP,2167,174,71409
QAP,2168,174,71441
QAP,2169,174,71488
QAP,2170,174,71519
QAP,2171,174,71551
QAP,2172,174,71582
QAP,2173,174,71613
QAP,2174,174,71645
QAP,2175,174,71676
QAP,2176,174,71707
QAP,2177,174,71739
QAP,2178,174,71786
QAP,2179,174,71817
QAP,2180,174,71849
QAP,2181,174,71880
QAP,2182,174,71911
QAP,2183,174,71943
QAP,2184,174,71974
QAP,2185,174,72005
QAP,2186,174,72037
QAP,2187,174,72068
QAP,2188,174,72115
QAP,2189,174,72147
QAP,2190,174,72178
QAP,2191,174,72210
QAP,2192,174,72241
QAP,2193,174,72272
QAP,2194,174,72304
QAP,2195,174,72335
QAP,2196,174,72367
QAP,2197,174,72414
QAP,2198,174,72445
QAP,2199,174,72477
QAP,2200,174,72508
QAP,2201,174,72539
QAP,2202,174,72571
QAP,2203,174,72602
QAP,2204,174,72634
QAP,2205,174,72681
QAP,2206,174,72713
QAP,2207,174,72746
QAP,2208,174,72780
QAP,2209,174,72812
QAP,2210,174,72847
QAP,2211,174,72880
QAP,2212,174,72913
QAP,2213,174,72946
QAP,2214,174,72979
QAP,2215,174,73012
QAP,2216,174,73044
QAP,2217,174,73076
QAP,2218,174,73110
QAP,2219,174,73145
QAP,2220,174,73178
QAP,2221,174,73211
QAP,2222,174,73243
QAP,2223,174,73275
QAP,2224,174,73306
QAP,2225,174,73338
QAP,2226,174,73369
QAP,2227,174,73401
QAP,2228,174,73432
QAP,2229,174,73463
QAP,2230,174,73495
QAP,2231,174,73526
QAP,2232,174,73573
QAP,2233,174,73605
QAP,2234,174,73636
QAP,2235,174,73668
QAP,2236,174,73699
QAP,2237,174,73731
QAP,2238,174,73762
QAP,2239,174,73794
QAP,2240,174,73825
QAP,2241,174,73856
QAP,2242,174,73903
QAP,2243,174,73935
QAP,2244,174,73966
QAP,2245,174,73998
QAP,2246,174,74029
QAP,2247,174,74060
QAP,2248,174,74092
QAP,2249,174,74123
QAP,2250,174,74155
QAP,2251,174,74202
QAP,2252,174,74233
QAP,2253,174,74265
QAP,2254,174,74296
QAP,2255,174,74327
QAP,2256,174,74359
QAP,2257,174,74390
QAP,2258,174,74422
QAP,2259,174,74453
QAP,2260,174,74485
QAP,2261,174,74532
QAP,2262,174,74563
QAP,2263,174,74594
QAP,2264,174,74626
QAP,2265,174,74657
QAP,2266,174,74689
QAP,2267,174,74720
QAP,2268,174,74751
QAP,2269,174,74783
QAP,2270,174,74814
QAP,2271,174,74861
QAP,2272,174,74895
QAP,2273,174,74924
QAP,2274,174,74955
QAP,2275,174,74987
QAP,2276,174,75018
QAP,2277,174,75049
QAP,2278,174,75081
QAP,2279,174,75112
QAP,2280,174,75144
QAP,2281,174,75191
QAP,2282,174,75222
QAP,2283,174,75254
QAP,2284,174,75285
QAP,2285,174,75317
QAP,2286,174,75348
QAP,2287,174,75380
QAP,2288,174,75411
QAP,2289,174,75442
QAP,2290,174,75473
QAP,2291,174,75520
QAP,2292,174,75552
QAP,2293,174,75584
QAP,2294,174,75615
QAP,2295,174,75647
QAP,2296,174,75678
QAP,2297,174,75710
QAP,2298,174,75741
QAP,2299,174,75773
QAP,2300,174,75804
QAP,2301,174,75836
QAP,2302,174,75883
QAP,2303,174,75914
QAP,2304,174,75946
QAP,2305,174,75977
QAP,2306,174,76008
QAP,2307,174,76040
QAP,2308,174,76071
QAP,2309,174,76102
QAP,2310,174,76134
QAP,2311,174,76165
QAP,2312,174,76212
QAP,2313,174,76244
QAP,2314,174,76275
QAP,2315,174,76307
QAP,2316,174,76338
QAP,2317,174,76370
QAP,2318,174,76401
QAP,2319,174,76433
QAP,2320,174,76464
QAP,2321,174,76496
QAP,2322,174,76543
QAP,2323,174,76574
QAP,2324,174,76606
QAP,2325,174,76637
QAP,2326,174,76668
QAP,2327,174,76700
QAP,2328,174,76731
QAP,2329,174,76763
QAP,2330,174,76794
QAP,2331,174,76825
QAP,2332,174,76857
QAP,2333,174,76904
QAP,2334,174,76937
QAP,2335,174,76967
QAP,2336,174,76998
QAP,2337,174,77030
QAP,2338,174,77061
QAP,2339,174,77092
QAP,2340,174,77124
QAP,2341,174,77155
QAP,2342,174,77186
QAP,2343,174,77234
QAP,2344,174,77265
QAP,2345,174,77296
QAP,2346,174,77328
QAP,2347,174,77359
QAP,2348,174,77391
QAP,2349,174,77422
QAP,2350,174,77454
QAP,2351,174,77485
QAP,2352,174,77516
QAP,2353,174,77548
QAP,2354,174,77595
QAP,2355,174,77626
QAP,2356,174,77658
QAP,2357,174,77689
QAP,2358,174,77720
QAP,2359,174,77752
QAP,2360,174,77783
QAP,2361,174,77815
QAP,2362,174,77846
QAP,2363,174,77893
QAP,2364,174,77925
QAP,2365,174,77956
QAP,2366,174,77988
QAP,2367,174,78019
QAP,2368,174,78050
QAP,2369,174,78082
QAP,2370,174,78113
QAP,2371,174,78144
QAP,2372,174,78176
QAP,2373,174,78207
QAP,2374,174,78254
QAP,2375,174,78288
QAP,2376,174,78317
QAP,2377,174,78349
QAP,2378,174,78380
QAP,2379,174,78411
QAP,2380,174,78443
QAP,2381,174,78474
QAP,2382,174,78506
QAP,2383,174,78537
QAP,2384,174,78584
QAP,2385,174,78615
QAP,2386,174,78647
QAP,2387,174,78678
QAP,2388,174,78710
QAP,2389,174,78741
QAP,2390,174,78773
QAP,2391,174,78804
QAP,2392,174,78836
QAP,2393,174,78867
QAP,2394,174,78914
QAP,2395,174,78946
QAP,2396,174,78977
QAP,2397,174,79008
QAP,2398,174,79040
QAP,2399,174,79071
QAP,2400,174,79103
QAP,2401,174,79134
QAP,2402,174,79166
QAP,2403,174,79197
QAP,2404,174,79228
QAP,2405,174,79275
QAP,2406,174,79307
QAP,2407,174,79338
QAP,2408,174,79370
QAP,2409,174,79401
QAP,2410,174,79432
QAP,2411,174,79464
QAP,2412,174,79495
QAP,2413,174,79527
QAP,2414,174,79558
QAP,2415,174,79605
QAP,2416,174,79637
QAP,2417,174,79668
QAP,2418,174,79700
QAP,2419,174,79731
QAP,2420,174,79762
QAP,2421,174,79794
QAP,2422,174,79825
QAP,2423,174,79857
QAP,2424,174,79888
QAP,2425,174,79919
QAP,2426,174,79967
QAP,2427,174,79998
QAP,2428,174,80030
QAP,2429,174,80061
QAP,2430,174,80092
QAP,2431,174,80124
QAP,2432,174,80155
QAP,2433,174,80187
QAP,2434,174,80218
QAP,2435,174,80250
QAP,2436,174,80281
QAP,2437,174,80328
QAP,2438,174,80360
QAP,2439,174,80391
QAP,2440,174,80422
QAP,2441,174,80454
QAP,2442,174,80485
QAP,2443,174,80517
QAP,2444,174,80548
QAP,2445,174,80579
QAP,2446,174,80611
QAP,2447,174,80642
QAP,2448,174,80689
QAP,2449,174,80721
QAP,2450,174,80752
QAP,2451,174,80784
QAP,2452,174,80815
QAP,2453,174,80847
QAP,2454,174,80878
QAP,2455,174,80909
QAP,2456,174,80941
QAP,2457,174,80972
QAP,2458,174,81004
QAP,2459,174,81051
QAP,2460,174,81082
QAP,2461,174,81114
QAP,2462,174,81145
QAP,2463,174,81177
QAP,2464,174,81208
QAP,2465,174,81239
QAP,2466,174,81271
QAP,2467,174,81302
QAP,2468,174,81334
QAP,2469,174,81365
QAP,2470,174,81412
QAP,2471,174,81444
QAP,2472,174,81475
QAP,2473,174,81506
QAP,2474,174,81538
QAP,2475,174,81569
QAP,2476,174,81601
QAP,2477,174,81632
QAP,2478,174,81664
QAP,2479,174,81695
QAP,2480,174,81742
QAP,2481,174,81774
QAP,2482,174,81805
QAP,2483,174,81836
QAP,2484,174,81868
QAP,2485,174,81899
QAP,2486,174,81931
QAP,2487,174,81962
QAP,2488,174,81994
QAP,2489,174,82025
QAP,2490,174,82057
QAP,2491,174,82104
QAP,2492,174,82135
QAP,2493,174,82166
QAP,2494,174,82198
QAP,2495,174,82231
QAP,2496,174,82261
QAP,2497,174,82292
QAP,2498,174,82324
QAP,2499,174,82355
QAP,2500,174,82395
QAP,2501,174,82418
QAP,2502,174,82465
QAP,2503,174,82496
QAP,2504,174,82528
QAP,2505,174,82559
QAP,2506,174,82590
QAP,2507,174,82621
QAP,2508,174,82653
QAP,2509,174,82684
QAP,2510,174,82716
QAP,2511,174,82747
QAP,2512,174,82779
QAP,2513,174,82810
QAP,2514,174,82842
QAP,2515,174,82889
QAP,2516,174,82920
QAP,2517,174,82952
QAP,2518,174,82983
QAP,2519,174,83015
QAP,2520,174,83046
QAP,2521,174,83077
QAP,2522,174,83109
QAP,2523,174,83140
QAP,2524,174,83172
QAP,2525,174,83203
QAP,2526,174,83250
QAP,2527,174,83282
QAP,2528,174,83313
QAP,2529,174,83345
QAP,2530,174,83376
QAP,2531,174,83407
QAP,2532,174,83439
QAP,2533,174,83470
QAP,2534,174,83502
QAP,2535,174,83533
QAP,2536,174,83565
QAP,2537,174,83612
QAP,2538,174,83643
QAP,2539,174,83675
QAP,2540,174,83706
QAP,2541,174,83744
QAP,2542,174,83769
QAP,2543,174,83800
QAP,2544,174,83832
QAP,2545,174,83863
QAP,2546,174,83894
QAP,2547,174,83942
QAP,2548,174,83973
QAP,2549,174,84004
QAP,2550,174,84036
QAP,2551,174,84067
QAP,2552,174,84099
QAP,2553,174,84130
QAP,2554,174,84162
QAP,2555,174,84193
QAP,2556,174,84240
QAP,2557,174,84272
QAP,2558,174,84303
QAP,2559,174,84334
QAP,2560,174,84366
QAP,2561,174,84397
QAP,2562,174,84428
QAP,2563,174,84460
QAP,2564,174,84491
QAP,2565,174,84522
QAP,2566,174,84570
QAP,2567,174,84601
QAP,2568,174,84633
QAP,2569,174,84664
QAP,2570,174,84696
QAP,2571,174,84727
QAP,2572,174,84758
QAP,2573,174,84790
QAP,2574,174,84821
QAP,2575,174,84853
QAP,2576,174,84884
QAP,2577,174,84931
QAP,2578,174,84963
QAP,2579,174,84994
QAP,2580,174,85026
QAP,2581,174,85057
QAP,2582,174,85089
QAP,2583,174,85120
QAP,2584,174,85151
QAP,2585,174,85183
QAP,2586,174,85230
QAP,2587,174,85261
QAP,2588,174,85293
QAP,2589,174,85324
QAP,2590,174,85356
QAP,2591,174,85387
QAP,2592,174,85418
QAP,2593,174,85450
QAP,2594,174,85481
QAP,2595,174,85512
QAP,2596,174,85559
QAP,2597,174,85591
QAP,2598,174,85622
QAP,2599,174,85653
QAP,2600,174,85685
QAP,2601,174,85716
QAP,2602,174,85747
QAP,2603,174,85794
QAP,2604,174,85826
QAP,2605,174,85857
QAP,2606,174,85888
QAP,2607,174,85920
QAP,2608,174,85951
QAP,2609,174,85982
QAP,2610,174,86014
QAP,2611,174,86045
QAP,2612,174,86092
QAP,2613,174,86123
QAP,2614,174,86155
QAP,2615,174,86186
QAP,2616,174,86217
QAP,2617,174,86249
QAP,2618,174,86280
QAP,2619,174,86311
QAP,2620,174,86343
QAP,2621,174,86390
QAP,2622,174,86421
QAP,2623,174,86452
QAP,2624,174,86484
QAP,2625,174,86515
QAP,2626,174,86547
QAP,2627,174,86578
QAP,2628,174,86610
QAP,2629,174,86657
QAP,2630,174,86689
QAP,2631,174,86720
QAP,2632,174,86752
QAP,2633,174,86783
QAP,2634,174,86815
QAP,2635,174,86846
QAP,2636,174,86877
QAP,2637,174,86909
QAP,2638,174,86940
QAP,2639,174,86987
QAP,2640,174,87019
QAP,2641,174,87050
QAP,2642,174,87081
QAP,2643,174,87113
QAP,2644,174,87144
QAP,2645,174,87175
QAP,2646,174,87207
QAP,2647,174,87238
QAP,2648,174,87270
QAP,2649,174,87317
QAP,2650,174,87348
QAP,2651,174,87379
QAP,2652,174,87411
QAP,2653,174,87442
QAP,2654,174,87474
QAP,2655,174,87505
QAP,2656,174,87537
QAP,2657,174,87568
QAP,2658,174,87599
QAP,2659,174,87631
QAP,2660,174,87678
QAP,2661,174,87709
QAP,2662,174,87741
QAP,2663,174,87772
QAP,2664,174,87804
QAP,2665,174,87843
QAP,2666,174,87866
QAP,2667,174,87898
QAP,2668,174,87929
QAP,2669,174,87960
QAP,2670,174,88008
QAP,2671,174,88039
QAP,2672,174,88070
QAP,2673,174,88102
QAP,2674,174,88133
QAP,2675,174,88165
QAP,2676,174,88196
QAP,2677,174,88227
QAP,2678,174,88259
QAP,2679,174,88291
QAP,2680,174,88338
QAP,2681,174,88369
QAP,2682,174,88401
QAP,2683,174,88432
QAP,2684,174,88463
QAP,2685,174,88495
QAP,2686,174,88526
QAP,2687,174,88558
QAP,2688,174,88589
QAP,2689,174,88620
QAP,2690,174,88667
QAP,2691,174,88699
QAP,2692,174,88730
QAP,2693,174,88762
QAP,2694,174,88793
QAP,2695,174,88825
QAP,2696,174,88856
QAP,2697,174,88887
QAP,2698,174,88919
QAP,2699,174,88950
QAP,2700,174,88982
QAP,2701,174,89029
QAP,2702,174,89060
QAP,2703,174,89092
QAP,2704,174,89124
QAP,2705,174,89155
QAP,2706,174,89186
QAP,2707,174,89218
QAP,2708,174,89249
QAP,2709,174,89281
QAP,2710,174,89312
QAP,2711,174,89344
QAP,2712,174,89391
QAP,2713,174,89422
QAP,2714,174,89454
QAP,2715,174,89485
QAP,2716,174,89516
QAP,2717,174,89548
QAP,2718,174,89579
QAP,2719,174,89611
QAP,2720,174,89642
QAP,2721,174,89689
QAP,2722,174,89721
QAP,2723,174,89752
QAP,2724,174,89784
QAP,2725,174,89815
QAP,2726,174,89846
QAP,2727,174,89878
QAP,2728,174,89909
QAP,2729,174,89956
QAP,2730,174,89988
QAP,2731,174,90019
QAP,2732,174,90051
QAP,2733,174,90082
QAP,2734,174,90113
QAP,2735,174,90145
QAP,2736,174,90176
QAP,2737,174,90208
QAP,2738,174,90255
QAP,2739,174,90286
QAP,2740,174,90318
QAP,2741,174,90349
QAP,2742,174,90381
QAP,2743,174,90412
QAP,2744,174,90444
QAP,2745,174,90475
QAP,2746,174,90506
QAP,2747,174,90538
QAP,2748,174,90585
QAP,2749,174,90616
QAP,2750,174,90648
QAP,2751,174,90679
QAP,2752,174,90711
QAP,2753,174,90742
QAP,2754,174,90774
QAP,2755,174,90805
QAP,2756,174,90836
QAP,2757,174,90883
QAP,2758,174,90915
QAP,2759,174,90946
QAP,2760,174,90978
QAP,2761,174,91009
QAP,2762,174,91041
QAP,2763,174,91072
QAP,2764,174,91103
QAP,2765,174,91135
QAP,2766,174,91167
QAP,2767,174,91214
QAP,2768,174,91245
QAP,2769,174,91277
QAP,2770,174,91308
QAP,2771,174,91339
QAP,2772,174,91371
QAP,2773,174,91402
QAP,2774,174,91434
QAP,2775,174,91465
QAP,2776,174,91497
QAP,2777,174,91528
QAP,2778,174,91560
QAP,2779,174,91607
QAP,2780,174,91638
QAP,2781,174,91670
QAP,2782,174,91701
QAP,2783,174,91733
QAP,2784,174,91764
QAP,2785,174,91795
QAP,2786,174,91827
QAP,2787,174,91858
QAP,2788,174,91890
QAP,2789,174,91929
QAP,2790,174,91968
QAP,2791,174,91999
QAP,2792,174,92031
QAP,2793,174,92062
QAP,2794,174,92094
QAP,2795,174,92125
QAP,2796,174,92156
QAP,2797,174,92188
QAP,2798,174,92219
QAP,2799,174,92251
QAP,2800,174,92282
QAP,2801,174,92314
QAP,2802,174,92361
QAP,2803,174,92393
QAP,2804,174,92424
QAP,2805,174,92455
QAP,2806,174,92487
QAP,2807,174,92518
QAP,2808,174,92550
QAP,2809,174,92581
QAP,2810,174,92612
QAP,2811,174,92644
QAP,2812,174,92676
QAP,2813,174,92707
QAP,2814,174,92754
QAP,2815,174,92786
QAP,2816,174,92817
QAP,2817,174,92849
QAP,2818,174,92880
QAP,2819,174,92912
QAP,2820,174,92943
QAP,2821,174,92974
QAP,2822,174,93006
QAP,2823,174,93037
QAP,2824,174,93069
QAP,2825,174,93100
QAP,2826,174,93147
QAP,2827,174,93179
QAP,2828,174,93210
QAP,2829,174,93247
QAP,2830,174,93273
QAP,2831,174,93304
QAP,2832,174,93336
QAP,2833,174,93367
QAP,2834,174,93398
QAP,2835,174,93445
QAP,2836,174,93477
QAP,2837,174,93508
QAP,2838,174,93540
QAP,2839,174,93571
QAP,2840,174,93602
QAP,2841,174,93634
QAP,2842,174,93665
QAP,2843,174,93697
QAP,2844,174,93728
QAP,2845,174,93759
QAP,2846,174,93807
QAP,2847,174,93838
QAP,2848,174,93869
QAP,2849,174,93901
QAP,2850,174,93932
QAP,2851,174,93964
QAP,2852,174,93995
QAP,2853,174,94026
QAP,2854,174,94058
QAP,2855,174,94089
QAP,2856,174,94136
QAP,2857,174,94168
QAP,2858,174,94199
QAP,2859,174,94232
QAP,2860,174,94262
QAP,2861,174,94294
QAP,2862,174,94325
QAP,2863,174,94356
QAP,2864,174,94388
QAP,2865,174,94419
QAP,2866,174,94467
QAP,2867,174,94498
QAP,2868,174,94530
QAP,2869,174,94561
QAP,2870,174,94592
QAP,2871,174,94624
QAP,2872,174,94663
QAP,2873,174,94686
QAP,2874,174,94718
QAP,2875,174,94749
QAP,2876,174,94797
QAP,2877,174,94828
QAP,2878,174,94860
QAP,2879,174,94891
QAP,2880,174,94922
QAP,2881,174,94954
QAP,2882,174,94985
QAP,2883,174,95017
QAP,2884,174,95048
QAP,2885,174,95095
QAP,2886,174,95127
QAP,2887,174,95158
QAP,2888,174,95189
QAP,2889,174,95221
QAP,2890,174,95260
QAP,2891,174,95284
QAP,2892,174,95315
QAP,2893,174,95347
QAP,2894,174,95378
QAP,2895,174,95425
QAP,2896,174,95457
QAP,2897,174,95488
QAP,2898,174,95520
QAP,2899,174,95551
QAP,2900,174,95583
QAP,2901,174,95614
QAP,2902,174,95645
QAP,2903,174,95677
QAP,2904,174,95708
QAP,2905,174,95755
QAP,2906,174,95787
QAP,2907,174,95818
QAP,2908,174,95849
QAP,2909,174,95881
QAP,2910,174,95912
QAP,2911,174,95943
QAP,2912,174,95975
QAP,2913,174,96014
QAP,2914,174,96038
QAP,2915,174,96085
QAP,2916,174,96116
QAP,2917,174,96148
QAP,2918,174,96179
QAP,2919,174,96211
QAP,2920,174,96243
QAP,2921,174,96274
QAP,2922,174,96306
QAP,2923,174,96353
QAP,2924,174,96384
QAP,2925,174,96415
QAP,2926,174,96452
QAP,2927,174,96485
QAP,2928,174,96519
QAP,2929,174,96551
QAP,2930,174,96583
QAP,2931,174,96619
QAP,2932,174,96652
QAP,2933,174,96685
QAP,2934,174,96718
QAP,2935,174,96751
QAP,2936,174,96784
QAP,2937,174,96817
QAP,2938,174,96850
QAP,2939,174,96882
QAP,2940,174,96917
QAP,2941,174,96950
QAP,2942,174,96983
QAP,2943,174,97016
QAP,2944,174,97049
QAP,2945,174,97082
QAP,2946,174,97116
QAP,2947,174,97148
QAP,2948,174,97182
QAP,2949,174,97215
QAP,2950,174,97249
QAP,2951,174,97281
QAP,2952,174,97316
QAP,2953,174,97347
QAP,2954,174,97377
QAP,2955,174,97401
QAP,2956,174,97448
QAP,2957,174,97479
QAP,2958,174,97511
QAP,2959,174,97542
QAP,2960,174,97573
QAP,2961,174,97605
QAP,2962,174,97636
QAP,2963,174,97667
QAP,2964,174,97699
QAP,2965,174,97746
QAP,2966,174,97777
QAP,2967,174,97808
QAP,2968,174,97840
QAP,2969,174,97871
QAP,2970,174,97902
QAP,2971,174,97934
QAP,2972,174,97975
QAP,2973,174,98008
QAP,2974,174,98041
QAP,2975,174,98074
QAP,2976,174,98106
QAP,2977,174,98139
QAP,2978,174,98171
QAP,2979,174,98203
QAP,2980,174,98234
QAP,2981,174,98266
QAP,2982,174,98297
QAP,2983,174,98328
QAP,2984,174,98376
QAP,2985,174,98407
QAP,2986,174,98439
QAP,2987,174,98476
QAP,2988,174,98509
QAP,2989,174,98542
QAP,2990,174,98575
QAP,2991,174,98607
QAP,2992,174,98640
QAP,2993,174,98673
QAP,2994,174,98706
QAP,2995,174,98739
QAP,2996,174,98771
QAP,2997,174,98805
QAP,2998,174,98838
QAP,2999,174,98872
QAP,3000,174,98904
QAP,3001,174,98939
QAP,3002,174,98971
QAP,3003,174,99003
QAP,3004,174,99037
QAP,3005,174,99069
QAP,3006,174,99102
QAP,3007,174,99135
QAP,3008,174,99168
QAP,3009,174,99201
QAP,3010,174,99235
QAP,3011,174,99268
QAP,3012,174,99300
QAP,3013,174,99333
QAP,3014,174,99366
QAP,3015,174,99399
QAP,3016,174,99431
QAP,3017,174,99462
QAP,3018,174,99493
QAP,3019,174,99525
QAP,3020,174,99556
QAP,3021,174,99587
QAP,3022,174,99619
QAP,3023,174,99650
QAP,3024,174,99682
QAP,3025,174,99713
QAP,3026,174,99760
QAP,3027,174,99792
QAP,3028,174,99823
QAP,3029,174,99855
QAP,3030,174,99886
QAP,3031,174,99917
QAP,3032,174,99958
QAP,3033,174,99980
QAP,3034,174,100012
QAP,3035,174,100043
QAP,3036,174,100090
QAP,3037,174,100122
QAP,3038,174,100153
QAP,3039,174,100185
QAP,3040,174,100217
QAP,3041,174,100248
QAP,3042,174,100279
QAP,3043,174,100311
QAP,3044,174,100342
QAP,3045,174,100374
QAP,3046,174,100421
QAP,3047,174,100452
QAP,3048,174,100484
QAP,3049,174,100515
QAP,3050,174,100547
QAP,3051,174,100578
QAP,3052,174,100610
QAP,3053,174,100641
QAP,3054,174,100672
QAP,3055,174,100720
QAP,3056,174,100751
QAP,3057,174,100782
QAP,3058,174,100814
QAP,3059,174,100845
QAP,3060,174,100877
QAP,3061,174,100908
QAP,3062,174,100940
QAP,3063,174,100971
QAP,3064,174,101002
QAP,3065,174,101034
QAP,3066,174,101081
QAP,3067,174,101112
QAP,3068,174,101144
QAP,3069,174,101175
QAP,3070,174,101206
QAP,3071,174,101238
QAP,3072,174,101269
QAP,3073,174,101301
QAP,3074,174,101332
QAP,3075,174,101364
QAP,3076,174,101395
QAP,3077,174,101442
QAP,3078,174,101474
QAP,3079,174,101505
QAP,3080,174,101537
QAP,3081,174,101568
QAP,3082,174,101600
QAP,3083,174,101631
QAP,3084,174,101662
QAP,3085,174,101694
QAP,3086,174,101725
QAP,3087,174,101772
QAP,3088,174,101804
QAP,3089,174,101835
QAP,3090,174,101866
QAP,3091,174,101898
QAP,3092,174,101929
QAP,3093,174,101961
QAP,3094,174,101992
QAP,3095,174,102023
QAP,3096,174,102055
QAP,3097,174,102102
QAP,3098,174,102133
QAP,3099,174,102165
QAP,3100,174,102196
QAP,3101,174,102228
QAP,3102,174,102259
QAP,3103,174,102291
QAP,3104,174,102322
QAP,3105,174,102353
QAP,3106,174,102385
QAP,3107,174,102416
QAP,3108,174,102463
QAP,3109,174,102495
QAP,3110,174,102526
QAP,3111,174,102557
QAP,3112,174,102589
QAP,3113,174,102620
QAP,3114,174,102652
QAP,3115,174,102683
QAP,3116,174,102715
QAP,3117,174,102746
QAP,3118,174,102778
QAP,3119,174,102809
QAP,3120,174,102856
QAP,3121,174,102888
QAP,3122,174,102919
QAP,3123,174,102951
QAP,3124,174,102982
QAP,3125,174,103013
QAP,3126,174,103045
QAP,3127,174,103076
QAP,3128,174,103108
QAP,3129,174,103139
QAP,3130,174,103171
QAP,3131,174,103218
QAP,3132,174,103249
QAP,3133,174,103280
QAP,3134,174,103312
QAP,3135,174,103343
QAP,3136,174,103375
QAP,3137,174,103406
QAP,3138,174,103438
QAP,3139,174,103469
QAP,3140,174,103513
QAP,3141,174,103547
QAP,3142,174,103580
QAP,3143,174,103612
QAP,3144,174,103644
QAP,3145,174,103678
QAP,3146,174,103712
QAP,3147,174,103743
QAP,3148,174,103777
QAP,3149,174,103808
QAP,3150,174,103842
QAP,3151,174,103874
QAP,3152,174,103907
QAP,3153,174,103941
QAP,3154,174,103974
QAP,3155,174,104007
QAP,3156,174,104039
QAP,3157,174,104070
QAP,3158,174,104102
QAP,3159,174,104133
QAP,3160,174,104165
QAP,3161,174,104204
QAP,3162,174,104228
QAP,3163,174,104259
QAP,3164,174,104290
QAP,3165,174,104322
QAP,3166,174,104369
QAP,3167,174,104400
QAP,3168,174,104432
QAP,3169,174,104463
QAP,3170,174,104495
QAP,3171,174,104526
QAP,3172,174,104558
QAP,3173,174,104589
QAP,3174,174,104620
QAP,3175,174,104652
QAP,3176,174,104699
QAP,3177,174,104730
QAP,3178,174,104762
QAP,3179,174,104793
QAP,3180,174,104824
QAP,3181,174,104856
QAP,3182,174,104887
QAP,3183,174,104918
QAP,3184,174,104950
QAP,3185,174,104997
QAP,3186,174,105028
QAP,3187,174,105060
QAP,3188,174,105091
QAP,3189,174,105122
QAP,3190,174,105154
QAP,3191,174,105185
QAP,3192,174,105217
QAP,3193,174,105248
QAP,3194,174,105280
QAP,3195,174,105327
QAP,3196,174,105358
QAP,3197,174,105389
QAP,3198,174,105421
QAP,3199,174,105452
QAP,3200,174,105484
QAP,3201,174,105515
QAP,3202,174,105547
QAP,3203,174,105578
QAP,3204,174,105625
QAP,3205,174,105656
QAP,3206,174,105688
QAP,3207,174,105719
QAP,3208,174,105750
QAP,3209,174,105782
QAP,3210,174,105813
QAP,3211,174,105845
QAP,3212,174,105892
QAP,3213,174,105923
QAP,3214,174,105955
QAP,3215,174,105986
QAP,3216,174,106018
QAP,3217,174,106049
QAP,3218,174,106081
QAP,3219,174,106112
QAP,3220,174,106143
QAP,3221,174,106175
QAP,3222,174,106222
QAP,3223,174,106253
QAP,3224,174,106285
QAP,3225,174,106316
QAP,3226,174,106347
QAP,3227,174,106379
QAP,3228,174,106410
QAP,3229,174,106441
QAP,3230,174,106473
QAP,3231,174,106520
QAP,3232,174,106551
QAP,3233,174,106583
QAP,3234,174,106614
QAP,3235,174,106645
QAP,3236,174,106677
QAP,3237,174,106708
QAP,3238,174,106740
QAP,3239,174,106771
QAP,3240,174,106818
QAP,3241,174,106849
QAP,3242,174,106881
QAP,3243,174,106917
QAP,3244,174,106944
QAP,3245,174,106975
QAP,3246,174,107007
QAP,3247,174,107038
QAP,3248,174,107069
QAP,3249,174,107116
QAP,3250,174,107148
QAP,3251,174,107185
QAP,3252,174,107217
QAP,3253,174,107250
QAP,3254,174,107283
QAP,3255,174,107316
QAP,3256,174,107350
QAP,3257,174,107383
QAP,3258,174,107417
QAP,3259,174,107449
QAP,3260,174,107482
QAP,3261,174,107515
QAP,3262,174,107548
QAP,3263,174,107581
QAP,3264,174,107615
QAP,3265,174,107648
QAP,3266,174,107681
QAP,3267,174,107714
QAP,3268,174,107746
QAP,3269,174,107780
QAP,3270,174,107814
QAP,3271,174,107846
QAP,3272,174,107880
QAP,3273,174,107914
QAP,3274,174,107945
QAP,3275,174,107979
QAP,3276,174,108012
QAP,3277,174,108046
QAP,3278,174,108077
QAP,3279,174,108110
QAP,3280,174,108144
QAP,3281,174,108177
QAP,3282,174,108209
QAP,3283,174,108243
QAP,3284,174,108277
QAP,3285,174,108310
QAP,3286,174,108342
QAP,3287,174,108375
QAP,3288,174,108408
QAP,3289,174,108440
QAP,3290,174,108474
QAP,3291,174,108507
QAP,3292,174,108539
QAP,3293,174,108573
QAP,3294,174,108606
QAP,3295,174,108639
QAP,3296,174,108671
QAP,3297,174,108704
QAP,3298,174,108736
QAP,3299,174,108770
QAP,3300,174,108802
QAP,3301,174,108834
QAP,3302,174,108867
QAP,3303,174,108900
QAP,3304,174,108933
QAP,3305,174,108967
QAP,3306,174,108998
QAP,3307,174,109032
QAP,3308,174,109064
QAP,3309,174,109098
QAP,3310,174,109130
QAP,3311,174,109163
QAP,3312,174,109195
QAP,3313,174,109230
QAP,3314,174,109262
QAP,3315,174,109295
QAP,3316,174,109327
QAP,3317,174,109361
QAP,3318,174,109393
QAP,3319,174,109427
QAP,3320,174,109457
QAP,3321,174,109488
QAP,3322,174,109519
QAP,3323,174,109551
QAP,3324,174,109582
QAP,3325,174,109613
QAP,3326,174,109661
QAP,3327,174,109692
QAP,3328,174,109723
QAP,3329,174,109755
QAP,3330,174,109786
QAP,3331,174,109818
QAP,3332,174,109849
QAP,3333,174,109881
QAP,3334,174,109928
QAP,3335,174,109959
QAP,3336,174,109991
QAP,3337,174,110023
QAP,3338,174,110054
QAP,3339,174,110085
QAP,3340,174,110117
QAP,3341,174,110148
QAP,3342,174,110179
QAP,3343,174,110226
QAP,3344,174,110258
QAP,3345,174,110289
QAP,3346,174,110320
QAP,3347,174,110352
QAP,3348,174,110383
QAP,3349,174,110414
QAP,3350,174,110445
QAP,3351,174,110477
QAP,3352,174,110524
QAP,3353,174,110555
QAP,3354,174,110587
QAP,3355,174,110618
QAP,3356,174,110649
QAP,3357,174,110681
QAP,3358,174,110712
QAP,3359,174,110743
QAP,3360,174,110775
QAP,3361,174,110806
QAP,3362,174,110853
QAP,3363,174,110884
QAP,3364,174,110916
QAP,3365,174,110947
QAP,3366,174,110978
QAP,3367,174,111018
QAP,3368,174,111041
QAP,3369,174,111073
QAP,3370,174,111104
QAP,3371,174,111135
QAP,3372,174,111182
QAP,3373,174,111214
QAP,3374,174,111245
QAP,3375,174,111276
QAP,3376,174,111308
QAP,3377,174,111339
QAP,3378,174,111371
QAP,3379,174,111402
QAP,3380,174,111433
QAP,3381,174,111465
QAP,3382,174,111512
QAP,3383,174,111543
QAP,3384,174,111574
QAP,3385,174,111606
QAP,3386,174,111637
QAP,3387,174,111668
QAP,3388,174,111700
QAP,3389,174,111731
QAP,3390,174,111763
QAP,3391,174,111794
QAP,3392,174,111841
QAP,3393,174,111872
QAP,3394,174,111904
QAP,3395,174,111935
QAP,3396,174,111966
QAP,3397,174,111998
QAP,3398,174,112029
QAP,3399,174,112060
QAP,3400,174,112092
QAP,3401,174,112123
QAP,3402,174,112170
QAP,3403,174,112201
QAP,3404,174,112233
QAP,3405,174,112264
QAP,3406,174,112295
QAP,3407,174,112327
QAP,3408,174,112358
QAP,3409,174,112390
QAP,3410,174,112421
QAP,3411,174,112452
QAP,3412,174,112499
QAP,3413,174,112531
QAP,3414,174,112562
QAP,3415,174,112593
QAP,3416,174,112625
QAP,3417,174,112656
QAP,3418,174,112687
QAP,3419,174,112719
QAP,3420,174,112750
QAP,3421,174,112797
QAP,3422,174,112828
QAP,3423,174,112860
QAP,3424,174,112891
QAP,3425,174,112922
QAP,3426,174,112953
QAP,3427,174,112985
QAP,3428,174,113016
QAP,3429,174,113047
QAP,3430,174,113079
QAP,3431,174,113126
QAP,3432,174,113157
QAP,3433,174,113188
QAP,3434,174,113220
QAP,3435,174,113251
QAP,3436,174,113282
QAP,3437,174,113314
QAP,3438,174,113345
QAP,3439,174,113377
QAP,3440,174,113424
QAP,3441,174,113455
QAP,3442,174,113486
QAP,3443,174,113518
QAP,3444,174,113549
QAP,3445,174,113580
QAP,3446,174,113612
QAP,3447,174,113643
QAP,3448,174,113674
QAP,3449,174,113721
QAP,3450,174,113753
QAP,3451,174,113784
QAP,3452,174,113816
QAP,3453,174,113847
QAP,3454,174,113878
QAP,3455,174,113910
QAP,3456,174,113941
QAP,3457,174,113988
QAP,3458,174,114019
QAP,3459,174,114051
QAP,3460,174,114082
QAP,3461,174,114113
QAP,3462,174,114152
QAP,3463,174,114186
QAP,3464,174,114219
QAP,3465,174,114252
QAP,3466,174,114285
QAP,3467,174,114319
QAP,3468,174,114350
QAP,3469,174,114385
QAP,3470,174,114418
QAP,3471,174,114449
QAP,3472,174,114483
QAP,3473,174,114517
QAP,3474,174,114550
QAP,3475,174,114585
QAP,3476,174,114617
QAP,3477,174,114651
QAP,3478,174,114684
QAP,3479,174,114716
QAP,3480,174,114750
QAP,3481,174,114782
QAP,3482,174,114816
QAP,3483,174,114849
QAP,3484,174,114883
QAP,3485,174,114915
QAP,3486,174,114948
QAP,3487,174,114981
QAP,3488,174,115016
QAP,3489,174,115050
QAP,3490,174,115081
QAP,3491,174,115115
QAP,3492,174,115148
QAP,3493,174,115183
QAP,3494,174,115214
QAP,3495,174,115249
QAP,3496,174,115282
QAP,3497,174,115315
QAP,3498,174,115349
QAP,3499,174,115381
QAP,3500,174,115416
QAP,3501,174,115448
QAP,3502,174,115482
QAP,3503,174,115514
QAP,3504,174,115548
QAP,3505,174,115581
QAP,3506,174,115614
QAP,3507,174,115647
QAP,3508,174,115680
QAP,3509,174,115714
QAP,3510,174,115747
QAP,3511,174,115779
QAP,3512,174,115813
QAP,3513,174,115845
QAP,3514,174,115878
QAP,3515,174,115912
QAP,3516,174,115945
QAP,3517,174,115978
QAP,3518,174,116011
QAP,3519,174,116043
QAP,3520,174,116077
QAP,3521,174,116110
QAP,3522,174,116142
QAP,3523,174,116174
QAP,3524,174,116208
QAP,3525,174,116242
QAP,3526,174,116275
QAP,3527,174,116306
QAP,3528,174,116340
QAP,3529,174,116373
QAP,3530,174,116406
QAP,3531,174,116438
QAP,3532,174,116472
QAP,3533,174,116503
QAP,3534,174,116537
QAP,3535,174,116570
QAP,3536,174,116604
QAP,3537,174,116637
QAP,3538,174,116669
QAP,3539,174,116702
QAP,3540,174,116735
QAP,3541,174,116770
QAP,3542,174,116803
QAP,3543,174,116836
QAP,3544,174,116870
QAP,3545,174,116902
QAP,3546,174,116936
QAP,3547,174,116969
QAP,3548,174,117001
QAP,3549,174,117035
QAP,3550,174,117067
QAP,3551,174,117100
QAP,3552,174,117134
QAP,3553,174,117167
QAP,3554,174,117199
QAP,3555,174,117231
QAP,3556,174,117265
QAP,3557,174,117298
QAP,3558,174,117334
QAP,3559,174,117367
QAP,3560,174,117400
QAP,3561,174,117432
QAP,3562,174,117466
QAP,3563,174,117498
QAP,3564,174,117531
QAP,3565,174,117564
QAP,3566,174,117598
QAP,3567,174,117631
QAP,3568,174,117664
QAP,3569,174,117697
QAP,3570,174,117730
QAP,3571,174,117761
QAP,3572,174,117795
QAP,3573,174,117828
QAP,3574,174,117861
QAP,3575,174,117893
QAP,3576,174,117925
QAP,3577,174,117959
QAP,3578,174,117992
QAP,3579,174,118026
QAP,3580,174,118059
QAP,3581,174,118093
QAP,3582,174,118125
QAP,3583,174,118157
QAP,3584,174,118192
QAP,3585,174,118224
QAP,3586,174,118258
QAP,3587,174,118290
QAP,3588,174,118324
QAP,3589,174,118357
QAP,3590,174,118390
QAP,3591,174,118422
QAP,3592,174,118456
QAP,3593,174,118489
QAP,3594,174,118523
QAP,3595,174,118557
QAP,3596,174,118592
QAP,3597,174,118626
QAP,3598,174,118659
QAP,3599,174,118691
QAP,3600,174,118725
QAP,3601,174,118758
QAP,3602,174,118790
QAP,3603,174,118824
QAP,3604,174,118857
QAP,3605,174,118891
QAP,3606,174,118924
QAP,3607,174,118957
QAP,3608,174,118991
QAP,3609,174,119022
QAP,3610,174,119057
QAP,3611,174,119090
QAP,3612,174,119123
QAP,3613,174,119156
QAP,3614,174,119188
QAP,3615,174,119220
QAP,3616,174,119254
QAP,3617,174,119287
QAP,3618,174,119320
QAP,3619,174,119353
QAP,3620,174,119385
QAP,3621,174,119419
QAP,3622,174,119451
QAP,3623,174,119485
QAP,3624,174,119518
QAP,3625,174,119551
QAP,3626,174,119587
QAP,3627,174,119621
QAP,3628,174,119653
QAP,3629,174,119687
QAP,3630,174,119721
QAP,3631,174,119752
QAP,3632,174,119785
QAP,3633,174,119818
QAP,3634,174,119851
QAP,3635,174,119885
QAP,3636,174,119916
QAP,3637,174,119949
QAP,3638,174,119983
QAP,3639,174,120016
QAP,3640,174,120049
QAP,3641,174,120082
QAP,3642,174,120115
QAP,3643,174,120149
QAP,3644,174,120181
QAP,3645,174,120214
QAP,3646,174,120238
QAP,3647,174,120269
QAP,3648,174,120301
QAP,3649,174,120332
QAP,3650,174,120379
QAP,3651,174,120411
QAP,3652,174,120442
QAP,3653,174,120474
QAP,3654,174,120505
QAP,3655,174,120536
QAP,3656,174,120568
QAP,3657,174,120599
QAP,3658,174,120631
QAP,3659,174,120662
QAP,3660,174,120694
QAP,3661,174,120741
QAP,3662,174,120772
QAP,3663,174,120803
QAP,3664,174,120835
QAP,3665,174,120866
QAP,3666,174,120898
QAP,3667,174,120929
QAP,3668,174,120961
QAP,3669,174,120992
QAP,3670,174,121039
QAP,3671,174,121071
QAP,3672,174,121102
QAP,3673,174,121133
QAP,3674,174,121165
QAP,3675,174,121196
QAP,3676,174,121230
QAP,3677,174,121260
QAP,3678,174,121291
QAP,3679,174,121322
QAP,3680,174,121370
QAP,3681,174,121401
QAP,3682,174,121432
QAP,3683,174,121464
QAP,3684,174,121495
QAP,3685,174,121527
QAP,3686,174,121558
QAP,3687,174,121589
QAP,3688,174,121621
QAP,3689,174,121652
QAP,3690,174,121684
QAP,3691,174,121731
QAP,3692,174,121762
QAP,3693,174,121794
QAP,3694,174,121825
QAP,3695,174,121856
QAP,3696,174,121888
QAP,3697,174,121926
QAP,3698,174,121950
QAP,3699,174,121982
QAP,3700,174,122014
QAP,3701,174,122045
QAP,3702,174,122076
QAP,3703,174,122108
QAP,3704,174,122155
QAP,3705,174,122186
QAP,3706,174,122218
QAP,3707,174,122254
QAP,3708,174,122280
QAP,3709,174,122312
QAP,3710,174,122343
QAP,3711,174,122375
QAP,3712,174,122406
QAP,3713,174,122438
QAP,3714,174,122469
QAP,3715,174,122516
QAP,3716,174,122548
QAP,3717,174,122579
QAP,3718,174,122610
QAP,3719,174,122642
QAP,3720,174,122673
QAP,3721,174,122705
QAP,3722,174,122736
QAP,3723,174,122768
QAP,3724,174,122799
QAP,3725,174,122846
QAP,3726,174,122877
QAP,3727,174,122909
QAP,3728,174,122940
QAP,3729,174,122971
QAP,3730,174,123003
QAP,3731,174,123034
QAP,3732,174,123065
QAP,3733,174,123097
QAP,3734,174,123128
QAP,3735,174,123175
QAP,3736,174,123207
QAP,3737,174,123238
QAP,3738,174,123275
QAP,3739,174,123301
QAP,3740,174,123333
QAP,3741,174,123364
QAP,3742,174,123396
QAP,3743,174,123427
QAP,3744,174,123458
QAP,3745,174,123490
QAP,3746,174,123537
QAP,3747,174,123568
QAP,3748,174,123600
QAP,3749,174,123631
QAP,3750,174,123663
QAP,3751,174,123694
QAP,3752,174,123726
QAP,3753,174,123757
QAP,3754,174,123789
QAP,3755,174,123820
QAP,3756,174,123867
QAP,3757,174,123899
QAP,3758,174,123930
QAP,3759,174,123961
QAP,3760,174,123993
QAP,3761,174,124024
QAP,3762,174,124056
QAP,3763,174,124087
QAP,3764,174,124119
QAP,3765,174,124150
QAP,3766,174,124181
QAP,3767,174,124229
QAP,3768,174,124260
QAP,3769,174,124292
QAP,3770,174,124323
QAP,3771,174,124354
QAP,3772,174,124386
QAP,3773,174,124417
QAP,3774,174,124448
QAP,3775,174,124480
QAP,3776,174,124511
QAP,3777,174,124558
QAP,3778,174,124590
QAP,3779,174,124621
QAP,3780,174,124652
QAP,3781,174,124684
QAP,3782,174,124715
QAP,3783,174,124747
QAP,3784,174,124778
QAP,3785,174,124810
QAP,3786,174,124841
QAP,3787,174,124888
QAP,3788,174,124919
QAP,3789,174,124951
QAP,3790,174,124982
QAP,3791,174,125014
QAP,3792,174,125045
QAP,3793,174,125076
QAP,3794,174,125108
QAP,3795,174,125139
QAP,3796,174,125171
QAP,3797,174,125202
QAP,3798,174,125249
QAP,3799,174,125281
QAP,3800,174,125312
QAP,3801,174,125351
QAP,3802,174,125385
QAP,3803,174,125418
QAP,3804,174,125450
QAP,3805,174,125482
QAP,3806,174,125516
QAP,3807,174,125549
QAP,3808,174,125581
QAP,3809,174,125614
QAP,3810,174,125647
QAP,3811,174,125682
QAP,3812,174,125715
QAP,3813,174,125747
QAP,3814,174,125781
QAP,3815,174,125813
QAP,3816,174,125846
QAP,3817,174,125878
QAP,3818,174,125912
QAP,3819,174,125945
QAP,3820,174,125977
QAP,3821,174,126010
QAP,3822,174,126044
QAP,3823,174,126078
QAP,3824,174,126110
QAP,3825,174,126143
QAP,3826,174,126177
QAP,3827,174,126210
QAP,3828,174,126242
QAP,3829,174,126275
QAP,3830,174,126310
QAP,3831,174,126341
QAP,3832,174,126375
QAP,3833,174,126408
QAP,3834,174,126441
QAP,3835,174,126474
QAP,3836,174,126508
QAP,3837,174,126540
QAP,3838,174,126574
QAP,3839,174,126607
QAP,3840,174,126639
QAP,3841,174,126672
QAP,3842,174,126706
QAP,3843,174,126739
QAP,3844,174,126773
QAP,3845,174,126806
QAP,3846,174,126839
QAP,3847,174,126871
QAP,3848,174,126904
QAP,3849,174,126938
QAP,3850,174,126971
QAP,3851,174,127005
QAP,3852,174,127038
QAP,3853,174,127072
QAP,3854,174,127105
QAP,3855,174,127138
QAP,3856,174,127172
QAP,3857,174,127205
QAP,3858,174,127237
QAP,3859,174,127271
QAP,3860,174,127303
QAP,3861,174,127337
QAP,3862,174,127371
QAP,3863,174,127402
QAP,3864,174,127437
QAP,3865,174,127470
QAP,3866,174,127503
QAP,3867,174,127537
QAP,3868,174,127569
QAP,3869,174,127603
QAP,3870,174,127635
QAP,3871,174,127669
QAP,3872,174,127702
QAP,3873,174,127737
QAP,3874,174,127770
QAP,3875,174,127801
QAP,3876,174,127835
QAP,3877,174,127867
QAP,3878,174,127902
QAP,3879,174,127933
QAP,3880,174,127967
QAP,3881,174,128000
QAP,3882,174,128032
QAP,3883,174,128066
QAP,3884,174,128099
QAP,3885,174,128131
QAP,3886,174,128164
QAP,3887,174,128197
QAP,3888,174,128230
QAP,3889,174,128263
QAP,3890,174,128296
QAP,3891,174,128329
QAP,3892,174,128362
QAP,3893,174,128396
QAP,3894,174,128428
QAP,3895,174,128460
QAP,3896,174,128494
QAP,3897,174,128527
QAP,3898,174,128560
QAP,3899,174,128592
QAP,3900,174,128626
QAP,3901,174,128658
QAP,3902,174,128692
QAP,3903,174,128725
QAP,3904,174,128758
QAP,3905,174,128791
QAP,3906,174,128824
QAP,3907,174,128856
QAP,3908,174,128888
QAP,3909,174,128921
QAP,3910,174,128955
QAP,3911,174,128989
QAP,3912,174,129022
QAP,3913,174,129055
QAP,3914,174,129087
QAP,3915,174,129120
QAP,3916,174,129154
QAP,3917,174,129186
QAP,3918,174,129219
QAP,3919,174,129252
QAP,3920,174,129285
QAP,3921,174,129319
QAP,3922,174,129353
QAP,3923,174,129386
QAP,3924,174,129417
QAP,3925,174,129451
QAP,3926,174,129484
QAP,3927,174,129517
QAP,3928,174,129551
QAP,3929,174,129583
QAP,3930,174,129615
QAP,3931,174,129648
QAP,3932,174,129682
QAP,3933,174,129715
QAP,3934,174,129748
QAP,3935,174,129781
QAP,3936,174,129813
QAP,3937,174,129846
QAP,3938,174,129879
QAP,3939,174,129913
QAP,3940,174,129945
QAP,3941,174,129979
QAP,3942,174,130010
QAP,3943,174,130045
QAP,3944,174,130077
QAP,3945,174,130111
QAP,3946,174,130144
QAP,3947,174,130176
QAP,3948,174,130210
QAP,3949,174,130242
QAP,3950,174,130275
QAP,3951,174,130309
QAP,3952,174,130342
QAP,3953,174,130374
QAP,3954,174,130408
QAP,3955,174,130441
QAP,3956,174,130473
QAP,3957,174,130506
QAP,3958,174,130540
QAP,3959,174,130573
QAP,3960,174,130606
QAP,3961,174,130639
QAP,3962,174,130672
QAP,3963,174,130705
QAP,3964,174,130737
QAP,3965,174,130771
QAP,3966,174,130791
QAP,3967,174,130823
QAP,3968,174,130870
QAP,3969,174,130901
QAP,3970,174,130933
QAP,3971,174,130964
QAP,3972,174,130996
QAP,3973,174,131027
QAP,3974,174,131059
QAP,3975,174,131090
QAP,3976,174,131121
QAP,3977,174,131153
QAP,3978,174,131184
QAP,3979,174,131231
QAP,3980,174,131263
QAP,3981,174,131294
QAP,3982,174,131326
QAP,3983,174,131357
QAP,3984,174,131389
QAP,3985,174,131420
QAP,3986,174,131460
QAP,3987,174,131483
QAP,3988,174,131515
QAP,3989,174,131562
QAP,3990,174,131596
QAP,3991,174,131628
QAP,3992,174,131662
QAP,3993,174,131694
QAP,3994,174,131727
QAP,3995,174,131761
QAP,3996,174,131793
QAP,3997,174,131826
QAP,3998,174,131860
QAP,3999,174,131892
QAP,4000,174,131925
QAP,4001,174,131958
QAP,4002,174,131990
QAP,4003,174,132023
QAP,4004,174,132057
QAP,4005,174,132090
QAP,4006,174,132118
QAP,4007,174,132149
QAP,4008,174,132181
QAP,4009,174,132212
QAP,4010,174,132244
QAP,4011,174,132275
QAP,4012,174,132306
QAP,4013,174,132353
QAP,4014,174,132385
QAP,4015,174,132416
QAP,4016,174,132447
QAP,4017,174,132479
QAP,4018,174,132510
QAP,4019,174,132542
QAP,4020,174,132573
QAP,4021,174,132605
QAP,4022,174,132636
QAP,4023,174,132667
QAP,4024,174,132715
QAP,4025,174,132746
QAP,4026,174,132777
QAP,4027,174,132809
QAP,4028,174,132840
QAP,4029,174,132872
QAP,4030,174,132903
QAP,4031,174,132934
QAP,4032,174,132966
QAP,4033,174,133013
QAP,4034,174,133044
QAP,4035,174,133076
QAP,4036,174,133107
QAP,4037,174,133138
QAP,4038,174,133170
QAP,4039,174,133201
QAP,4040,174,133233
QAP,4041,174,133264
QAP,4042,174,133296
QAP,4043,174,133343
QAP,4044,174,133374
QAP,4045,174,133406
QAP,4046,174,133437
QAP,4047,174,133469
QAP,4048,174,133500
QAP,4049,174,133531
QAP,4050,174,133563
QAP,4051,174,133594
QAP,4052,174,133626
QAP,4053,174,133673
QAP,4054,174,133704
QAP,4055,174,133736
QAP,4056,174,133767
QAP,4057,174,133798
QAP,4058,174,133830
QAP,4059,174,133861
QAP,4060,174,133893
QAP,4061,174,133940
QAP,4062,174,133971
QAP,4063,174,134002
QAP,4064,174,134034
QAP,4065,174,134065
QAP,4066,174,134097
QAP,4067,174,134128
QAP,4068,174,134160
QAP,4069,174,134191
QAP,4070,174,134222
QAP,4071,174,134269
QAP,4072,174,134301
QAP,4073,174,134332
QAP,4074,174,134364
QAP,4075,174,134395
QAP,4076,174,134427
QAP,4077,174,134458
QAP,4078,174,134490
QAP,4079,174,134521
QAP,4080,174,134552
QAP,4081,174,134584
QAP,4082,174,134631
QAP,4083,174,134663
QAP,4084,174,134694
QAP,4085,174,134725
QAP,4086,174,134757
QAP,4087,174,134788
QAP,4088,174,134820
QAP,4089,174,134851
QAP,4090,174,134882
QAP,4091,174,134914
QAP,4092,174,134945
QAP,4093,174,134992
QAP,4094,174,135024
QAP,4095,174,135058
QAP,4096,174,135087
QAP,4097,174,135118
QAP,4098,174,135150
QAP,4099,174,135181
QAP,4100,174,135212
QAP,4101,174,135244
QAP,4102,174,135275
QAP,4103,174,135307
QAP,4104,174,135354
QAP,4105,174,135385
QAP,4106,174,135417
QAP,4107,174,135448
QAP,4108,174,135480
QAP,4109,174,135511
QAP,4110,174,135551
QAP,4111,174,135574
QAP,4112,174,135605
QAP,4113,174,135637
QAP,4114,174,135684
QAP,4115,174,135716
QAP,4116,174,135747
QAP,4117,174,135778
QAP,4118,174,135810
QAP,4119,174,135841
QAP,4120,174,135873
QAP,4121,174,135904
QAP,4122,174,135935
QAP,4123,174,135982
QAP,4124,174,136014
QAP,4125,174,136045
QAP,4126,174,136077
QAP,4127,174,136109
QAP,4128,174,136140
QAP,4129,174,136171
QAP,4130,174,136209
QAP,4131,174,136234
QAP,4132,174,136266
QAP,4133,174,136313
QAP,4134,174,136344
QAP,4135,174,136376
QAP,4136,174,136407
QAP,4137,174,136439
QAP,4138,174,136470
QAP,4139,174,136502
QAP,4140,174,136533
QAP,4141,174,136565
QAP,4142,174,136596
QAP,4143,174,136643
QAP,4144,174,136675
QAP,4145,174,136706
QAP,4146,174,136737
QAP,4147,174,136769
QAP,4148,174,136800
QAP,4149,174,136832
QAP,4150,174,136863
QAP,4151,174,136894
QAP,4152,174,136941
QAP,4153,174,136973
QAP,4154,174,137004
QAP,4155,174,137035
QAP,4156,174,137067
QAP,4157,174,137098
QAP,4158,174,137129
QAP,4159,174,137177
QAP,4160,174,137208
QAP,4161,174,137239
QAP,4162,174,137271
QAP,4163,174,137302
QAP,4164,174,137342
QAP,4165,174,137365
QAP,4166,174,137397
QAP,4167,174,137428
QAP,4168,174,137459
QAP,4169,174,137506
QAP,4170,174,137538
QAP,4171,174,137569
QAP,4172,174,137601
QAP,4173,174,137632
QAP,4174,174,137664
QAP,4175,174,137695
QAP,4176,174,137726
QAP,4177,174,137774
QAP,4178,174,137805
QAP,4179,174,137836
QAP,4180,174,137868
QAP,4181,174,137899
QAP,4182,174,137931
QAP,4183,174,137972
QAP,4184,174,138006
QAP,4185,174,138040
QAP,4186,174,138071
QAP,4187,174,138102
QAP,4188,174,138134
QAP,4189,174,138165
QAP,4190,174,138196
QAP,4191,174,138228
QAP,4192,174,138259
QAP,4193,174,138290
QAP,4194,174,138338
QAP,4195,174,138369
QAP,4196,174,138400
QAP,4197,174,138438
QAP,4198,174,138464
QAP,4199,174,138495
QAP,4200,174,138526
QAP,4201,174,138558
QAP,4202,174,138605
QAP,4203,174,138636
QAP,4204,174,138668
QAP,4205,174,138699
QAP,4206,174,138731
QAP,4207,174,138762
QAP,4208,174,138793
QAP,4209,174,138825
QAP,4210,174,138856
QAP,4211,174,138903
QAP,4212,174,138935
QAP,4213,174,138967
QAP,4214,174,138998
QAP,4215,174,139029
QAP,4216,174,139061
QAP,4217,174,139092
QAP,4218,174,139124
QAP,4219,174,139155
QAP,4220,174,139202
QAP,4221,174,139235
QAP,4222,174,139265
QAP,4223,174,139296
QAP,4224,174,139328
QAP,4225,174,139359
QAP,4226,174,139391
QAP,4227,174,139422
QAP,4228,174,139454
QAP,4229,174,139485
QAP,4230,174,139532
QAP,4231,174,139564
QAP,4232,174,139595
QAP,4233,174,139633
QAP,4234,174,139658
QAP,4235,174,139689
QAP,4236,174,139721
QAP,4237,174,139752
QAP,4238,174,139799
QAP,4239,174,139831
QAP,4240,174,139862
QAP,4241,174,139894
QAP,4242,174,139925
QAP,4243,174,139956
QAP,4244,174,139988
QAP,4245,174,140019
QAP,4246,174,140051
QAP,4247,174,140098
QAP,4248,174,140129
QAP,4249,174,140161
QAP,4250,174,140193
QAP,4251,174,140224
QAP,4252,174,140256
QAP,4253,174,140287
QAP,4254,174,140319
QAP,4255,174,140350
QAP,4256,174,140382
QAP,4257,174,140429
QAP,4258,174,140460
QAP,4259,174,140492
QAP,4260,174,140523
QAP,4261,174,140555
QAP,4262,174,140586
QAP,4263,174,140618
QAP,4264,174,140649
QAP,4265,174,140680
QAP,4266,174,140727
QAP,4267,174,140759
QAP,4268,174,140790
QAP,4269,174,140822
QAP,4270,174,140853
QAP,4271,174,140885
QAP,4272,174,140916
QAP,4273,174,140948
QAP,4274,174,140979
QAP,4275,174,141011
QAP,4276,174,141058
QAP,4277,174,141089
QAP,4278,174,141121
QAP,4279,174,141152
QAP,4280,174,141183
QAP,4281,174,141215
QAP,4282,174,141246
QAP,4283,174,141278
QAP,4284,174,141309
QAP,4285,174,141341
QAP,4286,174,141388
QAP,4287,174,141419
QAP,4288,174,141451
QAP,4289,174,141482
QAP,4290,174,141514
QAP,4291,174,141545
QAP,4292,174,141577
QAP,4293,174,141608
QAP,4294,174,141639
QAP,4295,174,141671
QAP,4296,174,141702
QAP,4297,174,141749
QAP,4298,174,141781
QAP,4299,174,141812
QAP,4300,174,141843
QAP,4301,174,141874
QAP,4302,174,141909
QAP,4303,174,141953
QAP,4304,174,141984
QAP,4305,174,142016
QAP,4306,174,142047
QAP,4307,174,142079
QAP,4308,174,142110
QAP,4309,174,142142
QAP,4310,174,142173
QAP,4311,174,142205
QAP,4312,174,142236
QAP,4313,174,142268
QAP,4314,174,142315
QAP,4315,174,142347
QAP,4316,174,142378
QAP,4317,174,142409
QAP,4318,174,142443
QAP,4319,174,142472
QAP,4320,174,142504
QAP,4321,174,142535
QAP,4322,174,142575
QAP,4323,174,142614
QAP,4324,174,142645
QAP,4325,174,142677
QAP,4326,174,142708
QAP,4327,174,142739
QAP,4328,174,142771
QAP,4329,174,142802
QAP,4330,174,142842
QAP,4331,174,142865
QAP,4332,174,142897
QAP,4333,174,142944
QAP,4334,174,142975
QAP,4335,174,143007
QAP,4336,174,143038
QAP,4337,174,143069
QAP,4338,174,143101
QAP,4339,174,143132
QAP,4340,174,143164
QAP,4341,174,143209
QAP,4342,174,143243
QAP,4343,174,143274
QAP,4344,174,143306
QAP,4345,174,143337
QAP,4346,174,143368
QAP,4347,174,143400
QAP,4348,174,143431
QAP,4349,174,143463
QAP,4350,174,143494
QAP,4351,174,143526
QAP,4352,174,143573
QAP,4353,174,143604
QAP,4354,174,143635
QAP,4355,174,143667
QAP,4356,174,143699
QAP,4357,174,143738
QAP,4358,174,143771
QAP,4359,174,143805
QAP,4360,174,143837
QAP,4361,174,143870
QAP,4362,174,143902
QAP,4363,174,143933
QAP,4364,174,143965
QAP,4365,174,143996
QAP,4366,174,144027
QAP,4367,174,144059
QAP,4368,174,144090
QAP,4369,174,144122
QAP,4370,174,144169
QAP,4371,174,144200
QAP,4372,174,144231
QAP,4373,174,144263
QAP,4374,174,144295
QAP,4375,174,144326
QAP,4376,174,144358
QAP,4377,174,144389
QAP,4378,174,144420
QAP,4379,174,144452
QAP,4380,174,144499
QAP,4381,174,144530
QAP,4382,174,144562
QAP,4383,174,144593
QAP,4384,174,144624
QAP,4385,174,144656
QAP,4386,174,144687
QAP,4387,174,144719
QAP,4388,174,144750
QAP,4389,174,144797
QAP,4390,174,144829
QAP,4391,174,144860
QAP,4392,174,144891
QAP,4393,174,144923
QAP,4394,174,144954
QAP,4395,174,144985
QAP,4396,174,145017
QAP,4397,174,145048
QAP,4398,174,145095
QAP,4399,174,145127
QAP,4400,174,145158
QAP,4401,174,145189
QAP,4402,174,145221
QAP,4403,174,145252
QAP,4404,174,145284
QAP,4405,174,145315
QAP,4406,174,145346
QAP,4407,174,145393
QAP,4408,174,145425
QAP,4409,174,145456
QAP,4410,174,145488
QAP,4411,174,145519
QAP,4412,174,145551
QAP,4413,174,145582
QAP,4414,174,145614
QAP,4415,174,145645
QAP,4416,174,145676
QAP,4417,174,145723
QAP,4418,174,145755
QAP,4419,174,145786
QAP,4420,174,145818
QAP,4421,174,145849
QAP,4422,174,145880
QAP,4423,174,145911
QAP,4424,174,145943
QAP,4425,174,145974
QAP,4426,174,146021
QAP,4427,174,146053
QAP,4428,174,146084
QAP,4429,174,146116
QAP,4430,174,146147
QAP,4431,174,146178
QAP,4432,174,146210
QAP,4433,174,146241
QAP,4434,174,146272
QAP,4435,174,146304
QAP,4436,174,146335
QAP,4437,174,146382
QAP,4438,174,146416
QAP,4439,174,146445
QAP,4440,174,146477
QAP,4441,174,146508
QAP,4442,174,146540
QAP,4443,174,146571
QAP,4444,174,146603
QAP,4445,174,146634
QAP,4446,174,146665
QAP,4447,174,146712
QAP,4448,174,146744
QAP,4449,174,146775
QAP,4450,174,146807
QAP,4451,174,146839
QAP,4452,174,146870
QAP,4453,174,146901
QAP,4454,174,146933
QAP,4455,174,146975
QAP,4456,174,146996
QAP,4457,174,147027
QAP,4458,174,147079
QAP,4459,174,147110
QAP,4460,174,147144
QAP,4461,174,147176
QAP,4462,174,147210
QAP,4463,174,147243
QAP,4464,174,147276
QAP,4465,174,147308
QAP,4466,174,147342
QAP,4467,174,147376
QAP,4468,174,147409
QAP,4469,174,147441
QAP,4470,174,147473
QAP,4471,174,147507
QAP,4472,174,147541
QAP,4473,174,147573
QAP,4474,174,147605
QAP,4475,174,147639
QAP,4476,174,147672
QAP,4477,174,147705
QAP,4478,174,147738
QAP,4479,174,147770
QAP,4480,174,147803
QAP,4481,174,147837
QAP,4482,174,147870
QAP,4483,174,147902
QAP,4484,174,147935
QAP,4485,174,147969
QAP,4486,174,148001
QAP,4487,174,148035
QAP,4488,174,148061
QAP,4489,174,148092
QAP,4490,174,148123
QAP,4491,174,148155
QAP,4492,174,148200
QAP,4493,174,148232
QAP,4494,174,148266
QAP,4495,174,148299
QAP,4496,174,148333
QAP,4497,174,148366
QAP,4498,174,148399
QAP,4499,174,148433
QAP,4500,174,148464
QAP,4501,174,148497
QAP,4502,174,148529
QAP,4503,174,148560
QAP,4504,174,148592
QAP,4505,174,148623
QAP,4506,174,148655
QAP,4507,174,148686
QAP,4508,174,148717
QAP,4509,174,148749
QAP,4510,174,148796
QAP,4511,174,148828
QAP,4512,174,148859
QAP,4513,174,148891
QAP,4514,174,148922
QAP,4515,174,148954
QAP,4516,174,148992
QAP,4517,174,149016
QAP,4518,174,149048
QAP,4519,174,149079
QAP,4520,174,149127
QAP,4521,174,149158
QAP,4522,174,149190
QAP,4523,174,149221
QAP,4524,174,149253
QAP,4525,174,149284
QAP,4526,174,149316
QAP,4527,174,149347
QAP,4528,174,149379
QAP,4529,174,149426
QAP,4530,174,149458
QAP,4531,174,149491
QAP,4532,174,149524
QAP,4533,174,149557
QAP,4534,174,149580
QAP,4535,174,149612
QAP,4536,174,149644
QAP,4537,174,149675
QAP,4538,174,149722
QAP,4539,174,149753
QAP,4540,174,149785
QAP,4541,174,149816
QAP,4542,174,149848
QAP,4543,174,149879
QAP,4544,174,149911
QAP,4545,174,149942
QAP,4546,174,149973
QAP,4547,174,150005
QAP,4548,174,150052
QAP,4549,174,150083
QAP,4550,174,150115
QAP,4551,174,150146
QAP,4552,174,150177
QAP,4553,174,150209
QAP,4554,174,150240
QAP,4555,174,150271
QAP,4556,174,150303
QAP,4557,174,150350
QAP,4558,174,150381
QAP,4559,174,150413
QAP,4560,174,150444
QAP,4561,174,150475
QAP,4562,174,150507
QAP,4563,174,150546
QAP,4564,174,150570
QAP,4565,174,150601
QAP,4566,174,150633
QAP,4567,174,150664
QAP,4568,174,150711
QAP,4569,174,150743
QAP,4570,174,150774
QAP,4571,174,150806
QAP,4572,174,150837
QAP,4573,174,150869
QAP,4574,174,150900
QAP,4575,174,150932
QAP,4576,174,150963
QAP,4577,174,151010
QAP,4578,174,151041
QAP,4579,174,151073
QAP,4580,174,151104
QAP,4581,174,151136
QAP,4582,174,151167
QAP,4583,174,151199
QAP,4584,174,151230
QAP,4585,174,151262
QAP,4586,174,151293
QAP,4587,174,151324
QAP,4588,174,151372
QAP,4589,174,151405
QAP,4590,174,151438
QAP,4591,174,151470
QAP,4592,174,151503
QAP,4593,174,151536
QAP,4594,174,151570
QAP,4595,174,151602
QAP,4596,174,151635
QAP,4597,174,151668
QAP,4598,174,151700
QAP,4599,174,151734
QAP,4600,174,151766
QAP,4601,174,151800
QAP,4602,174,151832
QAP,4603,174,151865
QAP,4604,174,151898
QAP,4605,174,151931
QAP,4606,174,151964
QAP,4607,174,151996
QAP,4608,174,152030
QAP,4609,174,152063
QAP,4610,174,152095
QAP,4611,174,152129
QAP,4612,174,152161
QAP,4613,174,152193
QAP,4614,174,152227
QAP,4615,174,152259
QAP,4616,174,152292
QAP,4617,174,152326
QAP,4618,174,152357
QAP,4619,174,152391
QAP,4620,174,152424
QAP,4621,174,152457
QAP,4622,174,152490
QAP,4623,174,152523
QAP,4624,174,152555
QAP,4625,174,152588
QAP,4626,174,152623
QAP,4627,174,152654
QAP,4628,174,152682
QAP,4629,174,152713
QAP,4630,174,152744
QAP,4631,174,152776
QAP,4632,174,152807
QAP,4633,174,152838
QAP,4634,174,152886
QAP,4635,174,152917
QAP,4636,174,152948
QAP,4637,174,152980
QAP,4638,174,153011
QAP,4639,174,153051
QAP,4640,174,153074
QAP,4641,174,153105
QAP,4642,174,153137
QAP,4643,174,153184
QAP,4644,174,153216
QAP,4645,174,153247
QAP,4646,174,153279
QAP,4647,174,153310
QAP,4648,174,153342
QAP,4649,174,153373
QAP,4650,174,153405
QAP,4651,174,153436
QAP,4652,174,153467
QAP,4653,174,153514
QAP,4654,174,153546
QAP,4655,174,153577
QAP,4656,174,153609
QAP,4657,174,153641
QAP,4658,174,153672
QAP,4659,174,153703
QAP,4660,174,153735
QAP,4661,174,153782
QAP,4662,174,153813
QAP,4663,174,153844
QAP,4664,174,153875
QAP,4665,174,153907
QAP,4666,174,153938
QAP,4667,174,153969
QAP,4668,174,154001
QAP,4669,174,154032
QAP,4670,174,154079
QAP,4671,174,154111
QAP,4672,174,154142
QAP,4673,174,154173
QAP,4674,174,154205
QAP,4675,174,154236
QAP,4676,174,154268
QAP,4677,174,154299
QAP,4678,174,154330
QAP,4679,174,154377
QAP,4680,174,154409
QAP,4681,174,154440
QAP,4682,174,154472
QAP,4683,174,154503
QAP,4684,174,154534
QAP,4685,174,154566
QAP,4686,174,154597
QAP,4687,174,154636
QAP,4688,174,154660
QAP,4689,174,154707
QAP,4690,174,154739
QAP,4691,174,154770
QAP,4692,174,154801
QAP,4693,174,154833
QAP,4694,174,154864
QAP,4695,174,154895
QAP,4696,174,154926
QAP,4697,174,154958
QAP,4698,174,154989
QAP,4699,174,155036
QAP,4700,174,155067
QAP,4701,174,155099
QAP,4702,174,155130
QAP,4703,174,155162
QAP,4704,174,155193
QAP,4705,174,155224
QAP,4706,174,155256
QAP,4707,174,155303
QAP,4708,174,155334
QAP,4709,174,155366
QAP,4710,174,155397
QAP,4711,174,155428
QAP,4712,174,155460
QAP,4713,174,155491
QAP,4714,174,155522
QAP,4715,174,155569
QAP,4716,174,155601
QAP,4717,174,155632
QAP,4718,174,155663
QAP,4719,174,155695
QAP,4720,174,155726
QAP,4721,174,155757
QAP,4722,174,155789
QAP,4723,174,155836
QAP,4724,174,155867
QAP,4725,174,155898
QAP,4726,174,155930
QAP,4727,174,155961
QAP,4728,174,156001
QAP,4729,174,156024
QAP,4730,174,156055
QAP,4731,174,156102
QAP,4732,174,156136
QAP,4733,174,156168
QAP,4734,174,156202
QAP,4735,174,156234
QAP,4736,174,156267
QAP,4737,174,156300
QAP,4738,174,156332
QAP,4739,174,156366
QAP,4740,174,156399
QAP,4741,174,156432
QAP,4742,174,156465
QAP,4743,174,156498
QAP,4744,174,156531
QAP,4745,174,156564
QAP,4746,174,156598
QAP,4747,174,156629
QAP,4748,174,156663
QAP,4749,174,156697
QAP,4750,174,156730
QAP,4751,174,156764
QAP,4752,174,156796
QAP,4753,174,156829
QAP,4754,174,156862
QAP,4755,174,156896
QAP,4756,174,156929
QAP,4757,174,156964
QAP,4758,174,156995
QAP,4759,174,157027
QAP,4760,174,157058
QAP,4761,174,157089
QAP,4762,174,157121
QAP,4763,174,157152
QAP,4764,174,157183
QAP,4765,174,157215
QAP,4766,174,157262
QAP,4767,174,157293
QAP,4768,174,157324
QAP,4769,174,157361
QAP,4770,174,157387
QAP,4771,174,157418
QAP,4772,174,157450
QAP,4773,174,157481
QAP,4774,174,157528
QAP,4775,174,157559
QAP,4776,174,157591
QAP,4777,174,157622
QAP,4778,174,157654
QAP,4779,174,157685
QAP,4780,174,157716
QAP,4781,174,157747
QAP,4782,174,157779
QAP,4783,174,157826
QAP,4784,174,157857
QAP,4785,174,157888
QAP,4786,174,157920
QAP,4787,174,157951
QAP,4788,174,157983
QAP,4789,174,158015
QAP,4790,174,158046
QAP,4791,174,158093
QAP,4792,174,158124
QAP,4793,174,158156
QAP,4794,174,158187
QAP,4795,174,158218
QAP,4796,174,158250
QAP,4797,174,158281
QAP,4798,174,158328
QAP,4799,174,158359
QAP,4800,174,158391
QAP,4801,174,158422
QAP,4802,174,158453
QAP,4803,174,158485
QAP,4804,174,158516
QAP,4805,174,158547
QAP,4806,174,158594
QAP,4807,174,158626
QAP,4808,174,158657
QAP,4809,174,158688
QAP,4810,174,158728
QAP,4811,174,158751
QAP,4812,174,158783
QAP,4813,174,158814
QAP,4814,174,158861
QAP,4815,174,158892
QAP,4816,174,158924
QAP,4817,174,158955
QAP,4818,174,158986
QAP,4819,174,159018
QAP,4820,174,159049
QAP,4821,174,159080
QAP,4822,174,159127
QAP,4823,174,159159
QAP,4824,174,159190
QAP,4825,174,159221
QAP,4826,174,159253
QAP,4827,174,159284
QAP,4828,174,159315
QAP,4829,174,159347
QAP,4830,174,159394
QAP,4831,174,159425
QAP,4832,174,159462
QAP,4833,174,159488
QAP,4834,174,159519
QAP,4835,174,159550
QAP,4836,174,159582
QAP,4837,174,159613
QAP,4838,174,159661
QAP,4839,174,159692
QAP,4840,174,159723
QAP,4841,174,159755
QAP,4842,174,159786
QAP,4843,174,159817
QAP,4844,174,159849
QAP,4845,174,159880
QAP,4846,174,159927
QAP,4847,174,159958
QAP,4848,174,159989
QAP,4849,174,160021
QAP,4850,174,160052
QAP,4851,174,160091
QAP,4852,174,160115
QAP,4853,174,160146
QAP,4854,174,160194
QAP,4855,174,160225
QAP,4856,174,160256
QAP,4857,174,160288
QAP,4858,174,160319
QAP,4859,174,160351
QAP,4860,174,160382
QAP,4861,174,160414
QAP,4862,174,160445
QAP,4863,174,160476
QAP,4864,174,160508
QAP,4865,174,160555
QAP,4866,174,160586
QAP,4867,174,160618
QAP,4868,174,160649
QAP,4869,174,160681
QAP,4870,174,160712
QAP,4871,174,160744
QAP,4872,174,160775
QAP,4873,174,160806
QAP,4874,174,160838
QAP,4875,174,160869
QAP,4876,174,160916
QAP,4877,174,160948
QAP,4878,174,160979
QAP,4879,174,161010
QAP,4880,174,161042
QAP,4881,174,161073
QAP,4882,174,161114
QAP,4883,174,161147
QAP,4884,174,161180
QAP,4885,174,161212
QAP,4886,174,161246
QAP,4887,174,161280
QAP,4888,174,161313
QAP,4889,174,161346
QAP,4890,174,161378
QAP,4891,174,161410
QAP,4892,174,161445
QAP,4893,174,161478
QAP,4894,174,161510
QAP,4895,174,161544
QAP,4896,174,161576
QAP,4897,174,161609
QAP,4898,174,161641
QAP,4899,174,161675
QAP,4900,174,161708
QAP,4901,174,161741
QAP,4902,174,161773
QAP,4903,174,161807
QAP,4904,174,161840
QAP,4905,174,161873
QAP,4906,174,161906
QAP,4907,174,161941
QAP,4908,174,161974
QAP,4909,174,162007
QAP,4910,174,162040
QAP,4911,174,162073
QAP,4912,174,162105
QAP,4913,174,162138
QAP,4914,174,162172
QAP,4915,174,162205
QAP,4916,174,162238
QAP,4917,174,162271
QAP,4918,174,162306
QAP,4919,174,162338
QAP,4920,174,162372
QAP,4921,174,162405
QAP,4922,174,162437
QAP,4923,174,162471
QAP,4924,174,162503
QAP,4925,174,162536
QAP,4926,174,162571
QAP,4927,174,162603
QAP,4928,174,162636
QAP,4929,174,162669
QAP,4930,174,162702
QAP,4931,174,162731
QAP,4932,174,162763
QAP,4933,174,162794
QAP,4934,174,162826
QAP,4935,174,162857
QAP,4936,174,162888
QAP,4937,174,162920
QAP,4938,174,162951
QAP,4939,174,162998
QAP,4940,174,163030
QAP,4941,174,163061
QAP,4942,174,163092
QAP,4943,174,163124
QAP,4944,174,163155
QAP,4945,174,163187
QAP,4946,174,163218
QAP,4947,174,163249
QAP,4948,174,163281
QAP,4949,174,163328
QAP,4950,174,163359
QAP,4951,174,163391
QAP,4952,174,163422
QAP,4953,174,163454
QAP,4954,174,163485
QAP,4955,174,163516
QAP,4956,174,163548
QAP,4957,174,163579
QAP,4958,174,163610
QAP,4959,174,163658
QAP,4960,174,163689
QAP,4961,174,163721
QAP,4962,174,163752
QAP,4963,174,163783
QAP,4964,174,163815
QAP,4965,174,163846
QAP,4966,174,163878
QAP,4967,174,163909
QAP,4968,174,163941
QAP,4969,174,163972
QAP,4970,174,164019
QAP,4971,174,164051
QAP,4972,174,164082
QAP,4973,174,164114
QAP,4974,174,164145
QAP,4975,174,164183
QAP,4976,174,164208
QAP,4977,174,164240
QAP,4978,174,164271
QAP,4979,174,164302
QAP,4980,174,164334
QAP,4981,174,164365
QAP,4982,174,164412
QAP,4983,174,164444
QAP,4984,174,164475
QAP,4985,174,164507
QAP,4986,174,164538
QAP,4987,174,164570
QAP,4988,174,164601
QAP,4989,174,164632
QAP,4990,174,164664
QAP,4991,174,164711
QAP,4992,174,164742
QAP,4993,174,164775
QAP,4994,174,164811
QAP,4995,174,164847
QAP,4996,174,164880
QAP,4997,174,164912
QAP,4998,174,164945
QAP,4999,174,164978
