Problem,Generation,BestCost,TimeMS
GPP,0,574,0
GPP,1,574,31
GPP,2,554,62
GPP,3,554,106
GPP,4,554,133
GPP,5,554,175
GPP,6,554,209
GPP,7,554,233
GPP,8,554,279
GPP,9,554,313
GPP,10,554,333
GPP,11,554,382
GPP,12,530,417
GPP,13,530,451
GPP,14,530,484
GPP,15,530,520
GPP,16,530,554
GPP,17,530,584
GPP,18,530,623
GPP,19,530,657
GPP,20,530,683
GPP,21,530,726
GPP,22,530,760
GPP,23,530,783
GPP,24,530,829
GPP,25,530,863
GPP,26,529,886
GPP,27,529,932
GPP,28,529,965
GPP,29,526,997
GPP,30,526,1029
GPP,31,526,1060
GPP,32,526,1092
GPP,33,523,1123
GPP,34,523,1170
GPP,35,523,1201
GPP,36,519,1239
GPP,37,515,1276
GPP,38,515,1316
GPP,39,515,1343
GPP,40,515,1375
GPP,41,515,1422
GPP,42,515,1453
GPP,43,515,1485
GPP,44,515,1516
GPP,45,515,1547
GPP,46,515,1579
GPP,47,515,1626
GPP,48,515,1657
GPP,49,515,1689
GPP,50,515,1720
GPP,51,515,1751
GPP,52,515,1799
GPP,53,511,1830
GPP,54,510,1861
GPP,55,510,1893
GPP,56,510,1924
GPP,57,510,1969
GPP,58,509,2002
GPP,59,506,2038
GPP,60,506,2072
GPP,61,505,2107
GPP,62,505,2140
GPP,63,497,2175
GPP,64,497,2209
GPP,65,497,2238
GPP,66,494,2285
GPP,67,491,2317
GPP,68,491,2348
GPP,69,478,2380
GPP,70,478,2411
GPP,71,478,2443
GPP,72,478,2490
GPP,73,478,2521
GPP,74,478,2552
GPP,75,478,2592
GPP,76,478,2615
GPP,77,478,2662
GPP,78,478,2694
GPP,79,478,2725
GPP,80,478,2756
GPP,81,461,2788
GPP,82,461,2819
GPP,83,461,2866
GPP,84,461,2898
GPP,85,461,2929
GPP,86,461,2960
GPP,87,461,2992
GPP,88,458,3023
GPP,89,458,3071
GPP,90,458,3102
GPP,91,458,3134
GPP,92,458,3165
GPP,93,458,3197
GPP,94,458,3228
GPP,95,458,3275
GPP,96,443,3307
GPP,97,443,3338
GPP,98,443,3370
GPP,99,443,3401
GPP,100,443,3433
GPP,101,443,3480
GPP,102,443,3511
GPP,103,443,3542
GPP,104,443,3574
GPP,105,443,3605
GPP,106,443,3637
GPP,107,438,3684
GPP,108,436,3715
GPP,109,436,3747
GPP,110,436,3778
GPP,111,436,3810
GPP,112,436,3841
GPP,113,434,3888
GPP,114,434,3919
GPP,115,434,3958
GPP,116,434,3983
GPP,117,434,4014
GPP,118,434,4045
GPP,119,434,4092
GPP,120,434,4124
GPP,121,434,4155
GPP,122,434,4187
GPP,123,434,4218
GPP,124,431,4250
GPP,125,431,4297
GPP,126,429,4328
GPP,127,429,4360
GPP,128,421,4391
GPP,129,421,4423
GPP,130,421,4454
GPP,131,421,4501
GPP,132,421,4533
GPP,133,421,4564
GPP,134,421,4596
GPP,135,421,4627
GPP,136,421,4658
GPP,137,421,4705
GPP,138,416,4737
GPP,139,416,4768
GPP,140,414,4800
GPP,141,409,4831
GPP,142,409,4862
GPP,143,403,4909
GPP,144,403,4941
GPP,145,403,4972
GPP,146,403,5004
GPP,147,403,5035
GPP,148,403,5067
GPP,149,402,5114
GPP,150,401,5145
GPP,151,397,5177
GPP,152,397,5208
GPP,153,387,5239
GPP,154,387,5271
GPP,155,387,5320
GPP,156,387,5350
GPP,157,387,5381
GPP,158,387,5412
GPP,159,387,5444
GPP,160,387,5491
GPP,161,387,5522
GPP,162,387,5554
GPP,163,384,5585
GPP,164,384,5617
GPP,165,384,5648
GPP,166,384,5680
GPP,167,384,5727
GPP,168,384,5758
GPP,169,384,5790
GPP,170,384,5821
GPP,171,384,5853
GPP,172,382,5900
GPP,173,382,5931
GPP,174,382,5968
GPP,175,382,6002
GPP,176,382,6036
GPP,177,382,6070
GPP,178,382,6104
GPP,179,382,6139
GPP,180,382,6172
GPP,181,382,6207
GPP,182,382,6241
GPP,183,382,6275
GPP,184,382,6309
GPP,185,382,6343
GPP,186,382,6377
GPP,187,382,6412
GPP,188,382,6444
GPP,189,382,6479
GPP,190,380,6512
GPP,191,377,6547
GPP,192,377,6581
GPP,193,377,6614
GPP,194,377,6648
GPP,195,377,6682
GPP,196,377,6717
GPP,197,377,6749
GPP,198,377,6783
GPP,199,377,6816
GPP,200,373,6851
GPP,201,372,6885
GPP,202,364,6918
GPP,203,362,6952
GPP,204,350,6987
GPP,205,350,7020
GPP,206,350,7054
GPP,207,345,7086
GPP,208,345,7120
GPP,209,345,7155
GPP,210,345,7188
GPP,211,345,7221
GPP,212,345,7255
GPP,213,341,7289
GPP,214,341,7321
GPP,215,341,7356
GPP,216,340,7390
GPP,217,340,7424
GPP,218,340,7447
GPP,219,340,7478
GPP,220,335,7525
GPP,221,335,7557
GPP,222,335,7588
GPP,223,335,7620
GPP,224,335,7651
GPP,225,335,7683
GPP,226,335,7730
GPP,227,335,7761
GPP,228,329,7793
GPP,229,329,7824
GPP,230,329,7855
GPP,231,329,7887
GPP,232,324,7934
GPP,233,324,7965
GPP,234,324,7997
GPP,235,324,8028
GPP,236,324,8060
GPP,237,324,8091
GPP,238,324,8138
GPP,239,324,8170
GPP,240,324,8201
GPP,241,324,8232
GPP,242,324,8264
GPP,243,324,8295
GPP,244,324,8342
GPP,245,324,8374
GPP,246,324,8405
GPP,247,324,8437
GPP,248,324,8484
GPP,249,322,8515
GPP,250,322,8547
GPP,251,322,8578
GPP,252,316,8610
GPP,253,316,8641
GPP,254,316,8689
GPP,255,316,8720
GPP,256,316,8752
GPP,257,316,8783
GPP,258,313,8814
GPP,259,313,8846
GPP,260,313,8877
GPP,261,313,8924
GPP,262,313,8956
GPP,263,313,8987
GPP,264,313,9019
GPP,265,296,9050
GPP,266,296,9081
GPP,267,296,9129
GPP,268,296,9160
GPP,269,296,9191
GPP,270,296,9223
GPP,271,296,9254
GPP,272,296,9285
GPP,273,296,9333
GPP,274,296,9364
GPP,275,296,9395
GPP,276,296,9434
GPP,277,296,9469
GPP,278,296,9502
GPP,279,296,9537
GPP,280,296,9571
GPP,281,296,9604
GPP,282,296,9638
GPP,283,296,9673
GPP,284,296,9706
GPP,285,296,9739
GPP,286,296,9774
GPP,287,296,9808
GPP,288,296,9842
GPP,289,296,9875
GPP,290,296,9909
GPP,291,296,9942
GPP,292,296,9977
GPP,293,296,10012
GPP,294,290,10045
GPP,295,290,10078
GPP,296,290,10111
GPP,297,290,10145
GPP,298,290,10178
GPP,299,285,10212
GPP,300,284,10245
GPP,301,283,10281
GPP,302,275,10315
GPP,303,275,10348
GPP,304,275,10380
GPP,305,275,10415
GPP,306,275,10448
GPP,307,275,10480
GPP,308,275,10514
GPP,309,274,10548
GPP,310,269,10581
GPP,311,269,10615
GPP,312,269,10650
GPP,313,269,10683
GPP,314,269,10716
GPP,315,269,10750
GPP,316,269,10783
GPP,317,269,10817
GPP,318,269,10850
GPP,319,269,10884
GPP,320,269,10917
GPP,321,269,10950
GPP,322,269,10984
GPP,323,269,11019
GPP,324,269,11053
GPP,325,269,11087
GPP,326,266,11120
GPP,327,266,11153
GPP,328,266,11187
GPP,329,266,11221
GPP,330,266,11256
GPP,331,266,11289
GPP,332,266,11308
GPP,333,266,11356
GPP,334,266,11387
GPP,335,256,11419
GPP,336,256,11450
GPP,337,256,11481
GPP,338,256,11513
GPP,339,256,11560
GPP,340,256,11591
GPP,341,256,11623
GPP,342,256,11654
GPP,343,256,11685
GPP,344,256,11717
GPP,345,256,11764
GPP,346,256,11795
GPP,347,256,11827
GPP,348,256,11858
GPP,349,256,11890
GPP,350,256,11921
GPP,351,256,11968
GPP,352,256,12000
GPP,353,256,12031
GPP,354,256,12063
GPP,355,256,12094
GPP,356,256,12133
GPP,357,256,12173
GPP,358,256,12204
GPP,359,256,12236
GPP,360,256,12267
GPP,361,256,12298
GPP,362,256,12330
GPP,363,256,12377
GPP,364,256,12408
GPP,365,256,12440
GPP,366,256,12471
GPP,367,256,12503
GPP,368,256,12534
GPP,369,256,12581
GPP,370,252,12612
GPP,371,252,12644
GPP,372,252,12675
GPP,373,252,12707
GPP,374,252,12738
GPP,375,252,12770
GPP,376,252,12817
GPP,377,252,12848
GPP,378,252,12880
GPP,379,252,12911
GPP,380,252,12943
GPP,381,252,12974
GPP,382,239,13006
GPP,383,239,13037
GPP,384,239,13084
GPP,385,239,13116
GPP,386,239,13147
GPP,387,239,13179
GPP,388,239,13210
GPP,389,239,13241
GPP,390,237,13273
GPP,391,234,13304
GPP,392,234,13351
GPP,393,234,13383
GPP,394,234,13414
GPP,395,230,13446
GPP,396,228,13477
GPP,397,228,13508
GPP,398,228,13540
GPP,399,228,13571
GPP,400,228,13618
GPP,401,228,13650
GPP,402,228,13681
GPP,403,228,13713
GPP,404,228,13744
GPP,405,228,13775
GPP,406,213,13807
GPP,407,213,13838
GPP,408,213,13870
GPP,409,213,13917
GPP,410,213,13948
GPP,411,213,13980
GPP,412,213,14011
GPP,413,213,14043
GPP,414,213,14074
GPP,415,211,14105
GPP,416,211,14137
GPP,417,211,14184
GPP,418,211,14218
GPP,419,211,14247
GPP,420,211,14278
GPP,421,211,14310
GPP,422,211,14341
GPP,423,211,14373
GPP,424,211,14420
GPP,425,211,14451
GPP,426,211,14483
GPP,427,211,14514
GPP,428,211,14546
GPP,429,211,14577
GPP,430,211,14609
GPP,431,211,14656
GPP,432,211,14687
GPP,433,211,14719
GPP,434,211,14750
GPP,435,211,14782
GPP,436,209,14813
GPP,437,209,14844
GPP,438,209,14892
GPP,439,209,14923
GPP,440,209,14956
GPP,441,209,14986
GPP,442,205,15017
GPP,443,205,15048
GPP,444,205,15095
GPP,445,205,15127
GPP,446,205,15158
GPP,447,205,15190
GPP,448,198,15221
GPP,449,198,15253
GPP,450,198,15284
GPP,451,198,15331
GPP,452,198,15363
GPP,453,198,15394
GPP,454,198,15426
GPP,455,198,15466
GPP,456,198,15489
GPP,457,198,15520
GPP,458,198,15567
GPP,459,198,15599
GPP,460,198,15630
GPP,461,196,15662
GPP,462,196,15693
GPP,463,196,15724
GPP,464,196,15756
GPP,465,196,15803
GPP,466,196,15835
GPP,467,196,15866
GPP,468,196,15898
GPP,469,196,15929
GPP,470,195,15960
GPP,471,195,15992
GPP,472,195,16039
GPP,473,195,16070
GPP,474,194,16102
GPP,475,194,16133
GPP,476,194,16165
GPP,477,194,16212
GPP,478,194,16243
GPP,479,188,16275
GPP,480,188,16306
GPP,481,188,16337
GPP,482,188,16369
GPP,483,188,16400
GPP,484,178,16432
GPP,485,178,16479
GPP,486,178,16510
GPP,487,178,16542
GPP,488,178,16573
GPP,489,178,16605
GPP,490,178,16636
GPP,491,178,16667
GPP,492,178,16699
GPP,493,178,16730
GPP,494,178,16777
GPP,495,178,16809
GPP,496,178,16840
GPP,497,178,16872
GPP,498,178,16903
GPP,499,178,16935
GPP,500,176,16966
GPP,501,173,16998
GPP,502,173,17045
GPP,503,173,17076
GPP,504,173,17108
GPP,505,171,17139
GPP,506,166,17170
GPP,507,166,17202
GPP,508,166,17233
GPP,509,163,17280
GPP,510,163,17312
GPP,511,163,17343
GPP,512,163,17375
GPP,513,163,17406
GPP,514,160,17438
GPP,515,160,17469
GPP,516,160,17501
GPP,517,160,17548
GPP,518,160,17582
GPP,519,160,17610
GPP,520,160,17642
GPP,521,160,17673
GPP,522,160,17705
GPP,523,160,17736
GPP,524,160,17767
GPP,525,160,17815
GPP,526,160,17846
GPP,527,160,17878
GPP,528,156,17909
GPP,529,156,17940
GPP,530,156,17972
GPP,531,153,18003
GPP,532,153,18035
GPP,533,153,18082
GPP,534,153,18113
GPP,535,153,18145
GPP,536,153,18176
GPP,537,153,18207
GPP,538,153,18239
GPP,539,153,18271
GPP,540,152,18318
GPP,541,152,18349
GPP,542,152,18380
GPP,543,152,18412
GPP,544,152,18443
GPP,545,152,18475
GPP,546,152,18506
GPP,547,152,18537
GPP,548,152,18585
GPP,549,152,18616
GPP,550,152,18647
GPP,551,152,18679
GPP,552,152,18710
GPP,553,147,18742
GPP,554,147,18773
GPP,555,147,18804
GPP,556,147,18836
GPP,557,146,18883
GPP,558,146,18914
GPP,559,146,18949
GPP,560,146,18977
GPP,561,146,19009
GPP,562,146,19040
GPP,563,146,19082
GPP,564,144,19103
GPP,565,143,19150
GPP,566,143,19181
GPP,567,141,19213
GPP,568,141,19244
GPP,569,140,19276
GPP,570,140,19307
GPP,571,138,19339
GPP,572,137,19370
GPP,573,137,19401
GPP,574,136,19433
GPP,575,132,19480
GPP,576,132,19511
GPP,577,132,19543
GPP,578,132,19574
GPP,579,132,19605
GPP,580,132,19637
GPP,581,131,19668
GPP,582,131,19699
GPP,583,131,19746
GPP,584,131,19777
GPP,585,131,19809
GPP,586,131,19840
GPP,587,127,19872
GPP,588,127,19903
GPP,589,127,19934
GPP,590,127,19981
GPP,591,127,20013
GPP,592,126,20044
GPP,593,126,20075
GPP,594,126,20107
GPP,595,126,20139
GPP,596,126,20170
GPP,597,126,20217
GPP,598,126,20248
GPP,599,126,20280
GPP,600,126,20319
GPP,601,126,20343
GPP,602,126,20374
GPP,603,123,20421
GPP,604,123,20452
GPP,605,123,20483
GPP,606,123,20515
GPP,607,123,20546
GPP,608,123,20578
GPP,609,123,20609
GPP,610,123,20656
GPP,611,123,20688
GPP,612,123,20719
GPP,613,123,20751
GPP,614,123,20782
GPP,615,123,20813
GPP,616,123,20845
GPP,617,123,20876
GPP,618,123,20923
GPP,619,123,20954
GPP,620,123,20986
GPP,621,121,21017
GPP,622,121,21049
GPP,623,121,21080
GPP,624,121,21111
GPP,625,121,21143
GPP,626,121,21190
GPP,627,121,21221
GPP,628,121,21253
GPP,629,121,21284
GPP,630,121,21316
GPP,631,121,21347
GPP,632,121,21378
GPP,633,121,21410
GPP,634,117,21441
GPP,635,115,21490
GPP,636,115,21520
GPP,637,115,21552
GPP,638,115,21583
GPP,639,115,21614
GPP,640,113,21646
GPP,641,113,21677
GPP,642,110,21709
GPP,643,110,21740
GPP,644,110,21787
GPP,645,110,21819
GPP,646,110,21850
GPP,647,109,21881
GPP,648,105,21913
GPP,649,105,21944
GPP,650,105,21976
GPP,651,105,22007
GPP,652,105,22038
GPP,653,105,22085
GPP,654,105,22117
GPP,655,105,22148
GPP,656,105,22179
GPP,657,105,22211
GPP,658,102,22242
GPP,659,102,22274
GPP,660,102,22305
GPP,661,102,22337
GPP,662,98,22384
GPP,663,98,22415
GPP,664,98,22447
GPP,665,98,22478
GPP,666,98,22520
GPP,667,98,22553
GPP,668,98,22587
GPP,669,98,22620
GPP,670,98,22654
GPP,671,97,22687
GPP,672,97,22721
GPP,673,97,22754
GPP,674,97,22787
GPP,675,97,22822
GPP,676,97,22854
GPP,677,97,22888
GPP,678,97,22921
GPP,679,97,22955
GPP,680,97,22990
GPP,681,97,23024
GPP,682,97,23056
GPP,683,97,23091
GPP,684,97,23125
GPP,685,97,23159
GPP,686,97,23193
GPP,687,97,23226
GPP,688,97,23261
GPP,689,97,23293
GPP,690,97,23328
GPP,691,97,23361
GPP,692,97,23395
GPP,693,97,23428
GPP,694,97,23461
GPP,695,97,23497
GPP,696,97,23530
GPP,697,97,23565
GPP,698,97,23598
GPP,699,97,23631
GPP,700,97,23666
GPP,701,97,23699
GPP,702,97,23732
GPP,703,97,23767
GPP,704,97,23800
GPP,705,97,23835
GPP,706,97,23868
GPP,707,97,23901
GPP,708,97,23935
GPP,709,97,23969
GPP,710,97,24002
GPP,711,97,24037
GPP,712,97,24069
GPP,713,97,24097
GPP,714,97,24128
GPP,715,97,24159
GPP,716,97,24191
GPP,717,97,24238
GPP,718,97,24269
GPP,719,97,24301
GPP,720,97,24332
GPP,721,97,24364
GPP,722,97,24403
GPP,723,97,24426
GPP,724,97,24458
GPP,725,97,24489
GPP,726,97,24536
GPP,727,97,24568
GPP,728,97,24599
GPP,729,97,24631
GPP,730,97,24662
GPP,731,97,24694
GPP,732,97,24725
GPP,733,97,24756
GPP,734,97,24804
GPP,735,96,24835
GPP,736,95,24867
GPP,737,95,24898
GPP,738,95,24929
GPP,739,92,24961
GPP,740,91,24993
GPP,741,91,25024
GPP,742,91,25055
GPP,743,91,25087
GPP,744,91,25118
GPP,745,91,25165
GPP,746,91,25197
GPP,747,91,25228
GPP,748,90,25259
GPP,749,90,25291
GPP,750,90,25322
GPP,751,90,25354
GPP,752,90,25385
GPP,753,90,25417
GPP,754,88,25464
GPP,755,88,25495
GPP,756,88,25527
GPP,757,88,25558
GPP,758,88,25590
GPP,759,88,25621
GPP,760,88,25652
GPP,761,87,25684
GPP,762,87,25715
GPP,763,87,25762
GPP,764,87,25794
GPP,765,87,25825
GPP,766,87,25857
GPP,767,87,25888
GPP,768,87,25920
GPP,769,87,25966
GPP,770,87,25998
GPP,771,87,26029
GPP,772,87,26061
GPP,773,87,26092
GPP,774,87,26124
GPP,775,87,26155
GPP,776,87,26202
GPP,777,87,26234
GPP,778,87,26265
GPP,779,87,26297
GPP,780,87,26328
GPP,781,87,26359
GPP,782,87,26407
GPP,783,87,26438
GPP,784,87,26469
GPP,785,87,26501
GPP,786,87,26532
GPP,787,87,26564
GPP,788,87,26611
GPP,789,87,26642
GPP,790,87,26674
GPP,791,87,26705
GPP,792,87,26737
GPP,793,87,26768
GPP,794,87,26800
GPP,795,87,26847
GPP,796,87,26879
GPP,797,87,26910
GPP,798,87,26942
GPP,799,87,26973
GPP,800,87,27005
GPP,801,87,27052
GPP,802,87,27083
GPP,803,87,27115
GPP,804,87,27146
GPP,805,87,27178
GPP,806,87,27209
GPP,807,87,27240
GPP,808,87,27287
GPP,809,87,27319
GPP,810,87,27350
GPP,811,87,27382
GPP,812,87,27413
GPP,813,87,27444
GPP,814,87,27476
GPP,815,87,27523
GPP,816,87,27554
GPP,817,87,27586
GPP,818,87,27617
GPP,819,87,27649
GPP,820,87,27680
GPP,821,87,27711
GPP,822,87,27743
GPP,823,87,27790
GPP,824,87,27821
GPP,825,87,27853
GPP,826,87,27884
GPP,827,87,27915
GPP,828,87,27947
GPP,829,87,27978
GPP,830,87,28009
GPP,831,87,28056
GPP,832,87,28088
GPP,833,87,28119
GPP,834,87,28150
GPP,835,87,28182
GPP,836,87,28213
GPP,837,87,28245
GPP,838,87,28292
GPP,839,87,28323
GPP,840,87,28355
GPP,841,87,28386
GPP,842,87,28417
GPP,843,87,28449
GPP,844,87,28480
GPP,845,87,28512
GPP,846,87,28559
GPP,847,87,28590
GPP,848,87,28622
GPP,849,87,28653
GPP,850,87,28685
GPP,851,87,28716
GPP,852,87,28747
GPP,853,87,28784
GPP,854,87,28826
GPP,855,87,28857
GPP,856,87,28889
GPP,857,87,28920
GPP,858,87,28952
GPP,859,85,28983
GPP,860,85,29014
GPP,861,85,29061
GPP,862,84,29093
GPP,863,84,29124
GPP,864,84,29155
GPP,865,84,29187
GPP,866,84,29218
GPP,867,84,29249
GPP,868,84,29297
GPP,869,84,29328
GPP,870,84,29360
GPP,871,84,29391
GPP,872,84,29422
GPP,873,84,29454
GPP,874,84,29501
GPP,875,84,29532
GPP,876,84,29564
GPP,877,84,29595
GPP,878,84,29627
GPP,879,84,29658
GPP,880,84,29705
GPP,881,84,29737
GPP,882,84,29768
GPP,883,84,29800
GPP,884,84,29831
GPP,885,84,29863
GPP,886,84,29910
GPP,887,79,29941
GPP,888,79,29972
GPP,889,79,30004
GPP,890,79,30035
GPP,891,79,30082
GPP,892,79,30114
GPP,893,79,30145
GPP,894,79,30177
GPP,895,79,30208
GPP,896,79,30240
GPP,897,79,30287
GPP,898,79,30318
GPP,899,79,30350
GPP,900,79,30381
GPP,901,79,30413
GPP,902,79,30444
GPP,903,79,30475
GPP,904,79,30523
GPP,905,79,30554
GPP,906,79,30586
GPP,907,79,30617
GPP,908,79,30648
GPP,909,79,30680
GPP,910,79,30727
GPP,911,79,30758
GPP,912,79,30790
GPP,913,79,30821
GPP,914,79,30853
GPP,915,79,30884
GPP,916,79,30931
GPP,917,79,30963
GPP,918,79,30994
GPP,919,79,31026
GPP,920,79,31057
GPP,921,79,31089
GPP,922,79,31120
GPP,923,79,31151
GPP,924,79,31199
GPP,925,79,31230
GPP,926,79,31261
GPP,927,79,31293
GPP,928,79,31324
GPP,929,79,31355
GPP,930,79,31387
GPP,931,79,31434
GPP,932,79,31465
GPP,933,79,31497
GPP,934,79,31528
GPP,935,79,31559
GPP,936,77,31591
GPP,937,77,31622
GPP,938,77,31654
GPP,939,77,31701
GPP,940,77,31732
GPP,941,77,31764
GPP,942,77,31795
GPP,943,77,31827
GPP,944,77,31858
GPP,945,77,31890
GPP,946,77,31921
GPP,947,77,31952
GPP,948,77,32000
GPP,949,77,32031
GPP,950,76,32063
GPP,951,76,32094
GPP,952,76,32125
GPP,953,76,32157
GPP,954,76,32188
GPP,955,76,32235
GPP,956,76,32267
GPP,957,76,32298
GPP,958,74,32330
GPP,959,74,32361
GPP,960,73,32393
GPP,961,73,32424
GPP,962,73,32471
GPP,963,73,32503
GPP,964,73,32534
GPP,965,73,32566
GPP,966,73,32597
GPP,967,73,32628
GPP,968,73,32676
GPP,969,73,32707
GPP,970,73,32738
GPP,971,73,32770
GPP,972,72,32801
GPP,973,72,32849
GPP,974,72,32880
GPP,975,72,32911
GPP,976,72,32943
GPP,977,72,32974
GPP,978,72,33006
GPP,979,72,33037
GPP,980,72,33084
GPP,981,72,33116
GPP,982,72,33147
GPP,983,72,33179
GPP,984,72,33210
GPP,985,72,33258
GPP,986,72,33289
GPP,987,72,33320
GPP,988,72,33352
GPP,989,72,33383
GPP,990,72,33431
GPP,991,72,33462
GPP,992,72,33494
GPP,993,72,33525
GPP,994,72,33556
GPP,995,72,33603
GPP,996,72,33635
GPP,997,72,33666
GPP,998,72,33697
GPP,999,72,33729
GPP,1000,72,33760
GPP,1001,72,33807
GPP,1002,72,33838
GPP,1003,72,33870
GPP,1004,72,33901
GPP,1005,72,33933
GPP,1006,72,33964
GPP,1007,72,34011
GPP,1008,72,34042
GPP,1009,72,34074
GPP,1010,72,34105
GPP,1011,72,34136
GPP,1012,72,34168
GPP,1013,72,34215
GPP,1014,72,34247
GPP,1015,72,34278
GPP,1016,72,34310
GPP,1017,72,34341
GPP,1018,72,34388
GPP,1019,72,34419
GPP,1020,72,34451
GPP,1021,72,34482
GPP,1022,72,34514
GPP,1023,72,34545
GPP,1024,72,34577
GPP,1025,72,34608
GPP,1026,72,34655
GPP,1027,72,34687
GPP,1028,72,34718
GPP,1029,72,34750
GPP,1030,72,34781
GPP,1031,72,34813
GPP,1032,72,34844
GPP,1033,72,34875
GPP,1034,72,34922
GPP,1035,72,34953
GPP,1036,72,34985
GPP,1037,72,35016
GPP,1038,72,35048
GPP,1039,72,35079
GPP,1040,72,35110
GPP,1041,72,35142
GPP,1042,72,35173
GPP,1043,72,35205
GPP,1044,72,35252
GPP,1045,72,35283
GPP,1046,72,35315
GPP,1047,72,35346
GPP,1048,72,35377
GPP,1049,72,35409
GPP,1050,72,35440
GPP,1051,72,35472
GPP,1052,72,35503
GPP,1053,72,35535
GPP,1054,72,35566
GPP,1055,72,35613
GPP,1056,70,35645
GPP,1057,70,35676
GPP,1058,70,35708
GPP,1059,70,35739
GPP,1060,70,35770
GPP,1061,70,35802
GPP,1062,70,35833
GPP,1063,70,35864
GPP,1064,69,35912
GPP,1065,69,35943
GPP,1066,69,35975
GPP,1067,69,36006
GPP,1068,67,36037
GPP,1069,67,36069
GPP,1070,67,36100
GPP,1071,67,36132
GPP,1072,67,36179
GPP,1073,67,36210
GPP,1074,67,36242
GPP,1075,67,36273
GPP,1076,67,36304
GPP,1077,67,36336
GPP,1078,67,36367
GPP,1079,67,36399
GPP,1080,67,36446
GPP,1081,67,36478
GPP,1082,67,36509
GPP,1083,67,36540
GPP,1084,67,36572
GPP,1085,67,36603
GPP,1086,67,36651
GPP,1087,67,36682
GPP,1088,67,36713
GPP,1089,67,36745
GPP,1090,66,36776
GPP,1091,66,36808
GPP,1092,66,36855
GPP,1093,66,36887
GPP,1094,66,36918
GPP,1095,66,36949
GPP,1096,66,36981
GPP,1097,66,37012
GPP,1098,66,37059
GPP,1099,66,37091
GPP,1100,66,37122
GPP,1101,66,37154
GPP,1102,66,37185
GPP,1103,66,37217
GPP,1104,66,37264
GPP,1105,66,37295
GPP,1106,66,37327
GPP,1107,66,37358
GPP,1108,66,37389
GPP,1109,66,37421
GPP,1110,66,37468
GPP,1111,66,37499
GPP,1112,66,37531
GPP,1113,66,37562
GPP,1114,66,37593
GPP,1115,66,37625
GPP,1116,66,37672
GPP,1117,66,37703
GPP,1118,66,37735
GPP,1119,66,37766
GPP,1120,66,37798
GPP,1121,66,37829
GPP,1122,66,37876
GPP,1123,66,37907
GPP,1124,66,37939
GPP,1125,66,37970
GPP,1126,66,38002
GPP,1127,66,38041
GPP,1128,66,38080
GPP,1129,66,38112
GPP,1130,66,38143
GPP,1131,66,38175
GPP,1132,66,38206
GPP,1133,66,38237
GPP,1134,66,38285
GPP,1135,66,38316
GPP,1136,66,38347
GPP,1137,66,38379
GPP,1138,66,38410
GPP,1139,66,38442
GPP,1140,66,38489
GPP,1141,66,38521
GPP,1142,66,38552
GPP,1143,66,38583
GPP,1144,66,38615
GPP,1145,66,38646
GPP,1146,66,38678
GPP,1147,66,38725
GPP,1148,66,38756
GPP,1149,66,38787
GPP,1150,66,38819
GPP,1151,66,38850
GPP,1152,66,38881
GPP,1153,66,38913
GPP,1154,66,38944
GPP,1155,66,38991
GPP,1156,66,39023
GPP,1157,66,39054
GPP,1158,66,39086
GPP,1159,66,39117
GPP,1160,66,39149
GPP,1161,66,39180
GPP,1162,66,39212
GPP,1163,66,39243
GPP,1164,66,39275
GPP,1165,66,39322
GPP,1166,66,39353
GPP,1167,66,39385
GPP,1168,66,39416
GPP,1169,66,39448
GPP,1170,66,39479
GPP,1171,66,39510
GPP,1172,66,39542
GPP,1173,66,39573
GPP,1174,66,39605
GPP,1175,66,39636
GPP,1176,66,39683
GPP,1177,66,39714
GPP,1178,66,39746
GPP,1179,66,39777
GPP,1180,66,39808
GPP,1181,66,39840
GPP,1182,66,39871
GPP,1183,66,39903
GPP,1184,66,39934
GPP,1185,66,39981
GPP,1186,65,40012
GPP,1187,65,40044
GPP,1188,65,40075
GPP,1189,65,40107
GPP,1190,65,40138
GPP,1191,65,40170
GPP,1192,65,40201
GPP,1193,65,40248
GPP,1194,65,40280
GPP,1195,65,40311
GPP,1196,65,40342
GPP,1197,65,40374
GPP,1198,65,40405
GPP,1199,65,40437
GPP,1200,65,40484
GPP,1201,65,40518
GPP,1202,65,40546
GPP,1203,65,40578
GPP,1204,65,40618
GPP,1205,65,40653
GPP,1206,65,40687
GPP,1207,65,40720
GPP,1208,65,40755
GPP,1209,65,40789
GPP,1210,65,40823
GPP,1211,65,40857
GPP,1212,65,40892
GPP,1213,65,40926
GPP,1214,65,40959
GPP,1215,65,40993
GPP,1216,65,41027
GPP,1217,65,41062
GPP,1218,65,41095
GPP,1219,65,41130
GPP,1220,65,41164
GPP,1221,65,41198
GPP,1222,65,41233
GPP,1223,65,41267
GPP,1224,65,41300
GPP,1225,65,41335
GPP,1226,65,41368
GPP,1227,65,41403
GPP,1228,65,41437
GPP,1229,65,41470
GPP,1230,65,41505
GPP,1231,65,41539
GPP,1232,65,41572
GPP,1233,65,41608
GPP,1234,65,41641
GPP,1235,65,41676
GPP,1236,65,41709
GPP,1237,65,41744
GPP,1238,65,41778
GPP,1239,65,41811
GPP,1240,65,41846
GPP,1241,65,41879
GPP,1242,65,41915
GPP,1243,65,41949
GPP,1244,65,41983
GPP,1245,65,42017
GPP,1246,65,42052
GPP,1247,65,42085
GPP,1248,65,42120
GPP,1249,65,42155
GPP,1250,65,42188
GPP,1251,65,42222
GPP,1252,65,42257
GPP,1253,65,42291
GPP,1254,65,42326
GPP,1255,65,42360
GPP,1256,65,42395
GPP,1257,65,42428
GPP,1258,65,42462
GPP,1259,65,42497
GPP,1260,65,42531
GPP,1261,65,42565
GPP,1262,65,42599
GPP,1263,65,42633
GPP,1264,65,42667
GPP,1265,65,42701
GPP,1266,65,42737
GPP,1267,65,42770
GPP,1268,65,42805
GPP,1269,65,42838
GPP,1270,65,42872
GPP,1271,65,42906
GPP,1272,65,42941
GPP,1273,65,42974
GPP,1274,65,43007
GPP,1275,65,43041
GPP,1276,65,43076
GPP,1277,65,43109
GPP,1278,65,43144
GPP,1279,65,43178
GPP,1280,65,43210
GPP,1281,65,43245
GPP,1282,65,43279
GPP,1283,65,43313
GPP,1284,65,43344
GPP,1285,65,43376
GPP,1286,65,43407
GPP,1287,65,43439
GPP,1288,65,43470
GPP,1289,65,43501
GPP,1290,65,43549
GPP,1291,65,43580
GPP,1292,65,43612
GPP,1293,65,43643
GPP,1294,65,43674
GPP,1295,65,43706
GPP,1296,65,43737
GPP,1297,65,43769
GPP,1298,65,43800
GPP,1299,65,43847
GPP,1300,65,43879
GPP,1301,65,43910
GPP,1302,65,43941
GPP,1303,65,43973
GPP,1304,65,44004
GPP,1305,65,44036
GPP,1306,65,44067
GPP,1307,65,44098
GPP,1308,65,44130
GPP,1309,65,44161
GPP,1310,65,44208
GPP,1311,65,44239
GPP,1312,65,44271
GPP,1313,65,44302
GPP,1314,65,44334
GPP,1315,65,44365
GPP,1316,65,44397
GPP,1317,65,44428
GPP,1318,65,44459
GPP,1319,65,44491
GPP,1320,65,44522
GPP,1321,65,44553
GPP,1322,65,44600
GPP,1323,65,44632
GPP,1324,65,44663
GPP,1325,65,44695
GPP,1326,65,44726
GPP,1327,65,44758
GPP,1328,65,44789
GPP,1329,65,44820
GPP,1330,65,44860
GPP,1331,65,44883
GPP,1332,65,44930
GPP,1333,65,44962
GPP,1334,65,44993
GPP,1335,65,45024
GPP,1336,65,45056
GPP,1337,65,45087
GPP,1338,65,45119
GPP,1339,65,45150
GPP,1340,65,45197
GPP,1341,65,45229
GPP,1342,65,45260
GPP,1343,65,45292
GPP,1344,65,45323
GPP,1345,65,45354
GPP,1346,65,45386
GPP,1347,65,45417
GPP,1348,65,45465
GPP,1349,65,45496
GPP,1350,65,45533
GPP,1351,65,45559
GPP,1352,65,45590
GPP,1353,65,45622
GPP,1354,65,45669
GPP,1355,65,45700
GPP,1356,65,45732
GPP,1357,65,45763
GPP,1358,65,45795
GPP,1359,65,45826
GPP,1360,65,45873
GPP,1361,65,45905
GPP,1362,65,45936
GPP,1363,65,45967
GPP,1364,65,45999
GPP,1365,65,46046
GPP,1366,65,46077
GPP,1367,65,46108
GPP,1368,65,46140
GPP,1369,65,46171
GPP,1370,65,46219
GPP,1371,65,46250
GPP,1372,65,46281
GPP,1373,65,46313
GPP,1374,65,46344
GPP,1375,65,46376
GPP,1376,65,46423
GPP,1377,65,46454
GPP,1378,65,46485
GPP,1379,65,46517
GPP,1380,65,46548
GPP,1381,65,46579
GPP,1382,65,46626
GPP,1383,65,46658
GPP,1384,65,46689
GPP,1385,65,46721
GPP,1386,65,46752
GPP,1387,65,46783
GPP,1388,65,46830
GPP,1389,65,46862
GPP,1390,65,46893
GPP,1391,65,46925
GPP,1392,65,46956
GPP,1393,65,47003
GPP,1394,65,47034
GPP,1395,65,47065
GPP,1396,65,47097
GPP,1397,65,47128
GPP,1398,65,47176
GPP,1399,65,47207
GPP,1400,65,47239
GPP,1401,65,47270
GPP,1402,65,47301
GPP,1403,65,47333
GPP,1404,65,47380
GPP,1405,65,47411
GPP,1406,65,47443
GPP,1407,65,47474
GPP,1408,65,47506
GPP,1409,65,47553
GPP,1410,65,47584
GPP,1411,65,47616
GPP,1412,65,47647
GPP,1413,65,47679
GPP,1414,65,47726
GPP,1415,65,47758
GPP,1416,65,47789
GPP,1417,65,47821
GPP,1418,65,47852
GPP,1419,65,47884
GPP,1420,65,47931
GPP,1421,65,47962
GPP,1422,65,47994
GPP,1423,65,48025
GPP,1424,65,48057
GPP,1425,65,48104
GPP,1426,65,48135
GPP,1427,65,48167
GPP,1428,65,48198
GPP,1429,65,48229
GPP,1430,65,48277
GPP,1431,65,48308
GPP,1432,65,48340
GPP,1433,65,48371
GPP,1434,65,48403
GPP,1435,65,48434
GPP,1436,65,48481
GPP,1437,65,48512
GPP,1438,65,48544
GPP,1439,65,48575
GPP,1440,65,48607
GPP,1441,65,48638
GPP,1442,65,48685
GPP,1443,65,48717
GPP,1444,65,48748
GPP,1445,65,48780
GPP,1446,65,48811
GPP,1447,65,48842
GPP,1448,65,48890
GPP,1449,65,48921
GPP,1450,65,48952
GPP,1451,65,48984
GPP,1452,65,49016
GPP,1453,65,49063
GPP,1454,65,49094
GPP,1455,65,49125
GPP,1456,65,49157
GPP,1457,65,49188
GPP,1458,65,49220
GPP,1459,65,49267
GPP,1460,65,49299
GPP,1461,65,49330
GPP,1462,65,49361
GPP,1463,65,49393
GPP,1464,65,49424
GPP,1465,65,49456
GPP,1466,65,49503
GPP,1467,65,49534
GPP,1468,65,49566
GPP,1469,65,49597
GPP,1470,65,49629
GPP,1471,65,49660
GPP,1472,65,49692
GPP,1473,65,49739
GPP,1474,65,49770
GPP,1475,65,49802
GPP,1476,65,49833
GPP,1477,65,49865
GPP,1478,65,49896
GPP,1479,65,49928
GPP,1480,65,49959
GPP,1481,65,50006
GPP,1482,65,50038
GPP,1483,65,50069
GPP,1484,65,50101
GPP,1485,65,50132
GPP,1486,65,50164
GPP,1487,65,50195
GPP,1488,65,50227
GPP,1489,65,50274
GPP,1490,65,50308
GPP,1491,65,50337
GPP,1492,65,50368
GPP,1493,65,50400
GPP,1494,65,50431
GPP,1495,65,50462
GPP,1496,65,50510
GPP,1497,65,50542
GPP,1498,65,50572
GPP,1499,65,50604
GPP,1500,65,50635
GPP,1501,65,50666
GPP,1502,65,50698
GPP,1503,65,50729
GPP,1504,65,50776
GPP,1505,65,50808
GPP,1506,65,50839
GPP,1507,65,50871
GPP,1508,65,50902
GPP,1509,65,50934
GPP,1510,65,50965
GPP,1511,65,50996
GPP,1512,65,51044
GPP,1513,65,51075
GPP,1514,65,51106
GPP,1515,65,51138
GPP,1516,65,51169
GPP,1517,65,51201
GPP,1518,65,51232
GPP,1519,65,51264
GPP,1520,65,51311
GPP,1521,65,51342
GPP,1522,65,51373
GPP,1523,65,51405
GPP,1524,65,51436
GPP,1525,65,51468
GPP,1526,65,51499
GPP,1527,65,51546
GPP,1528,65,51577
GPP,1529,65,51609
GPP,1530,65,51640
GPP,1531,65,51672
GPP,1532,65,51703
GPP,1533,65,51734
GPP,1534,65,51781
GPP,1535,65,51813
GPP,1536,65,51844
GPP,1537,65,51876
GPP,1538,65,51907
GPP,1539,65,51939
GPP,1540,65,51970
GPP,1541,65,52001
GPP,1542,65,52049
GPP,1543,65,52080
GPP,1544,65,52111
GPP,1545,65,52143
GPP,1546,65,52174
GPP,1547,65,52206
GPP,1548,65,52253
GPP,1549,65,52284
GPP,1550,65,52315
GPP,1551,65,52347
GPP,1552,65,52378
GPP,1553,65,52410
GPP,1554,65,52441
GPP,1555,65,52488
GPP,1556,65,52520
GPP,1557,65,52551
GPP,1558,65,52583
GPP,1559,65,52614
GPP,1560,65,52645
GPP,1561,65,52677
GPP,1562,65,52724
GPP,1563,65,52756
GPP,1564,65,52787
GPP,1565,65,52818
GPP,1566,65,52850
GPP,1567,65,52881
GPP,1568,65,52912
GPP,1569,65,52959
GPP,1570,65,52991
GPP,1571,65,53030
GPP,1572,65,53054
GPP,1573,65,53086
GPP,1574,65,53117
GPP,1575,65,53164
GPP,1576,65,53196
GPP,1577,65,53227
GPP,1578,65,53259
GPP,1579,65,53290
GPP,1580,65,53321
GPP,1581,65,53352
GPP,1582,65,53400
GPP,1583,65,53431
GPP,1584,65,53463
GPP,1585,65,53494
GPP,1586,65,53525
GPP,1587,65,53557
GPP,1588,65,53588
GPP,1589,65,53636
GPP,1590,65,53667
GPP,1591,65,53699
GPP,1592,65,53730
GPP,1593,65,53762
GPP,1594,65,53793
GPP,1595,65,53824
GPP,1596,65,53871
GPP,1597,65,53903
GPP,1598,65,53934
GPP,1599,65,53966
GPP,1600,65,53997
GPP,1601,65,54028
GPP,1602,65,54060
GPP,1603,65,54107
GPP,1604,65,54138
GPP,1605,65,54170
GPP,1606,65,54201
GPP,1607,65,54233
GPP,1608,65,54264
GPP,1609,65,54295
GPP,1610,65,54343
GPP,1611,65,54374
GPP,1612,65,54406
GPP,1613,65,54437
GPP,1614,65,54468
GPP,1615,65,54500
GPP,1616,65,54531
GPP,1617,65,54563
GPP,1618,65,54610
GPP,1619,65,54641
GPP,1620,65,54672
GPP,1621,65,54704
GPP,1622,65,54735
GPP,1623,65,54767
GPP,1624,65,54814
GPP,1625,65,54845
GPP,1626,65,54877
GPP,1627,65,54908
GPP,1628,65,54940
GPP,1629,65,54971
GPP,1630,65,55003
GPP,1631,65,55034
GPP,1632,65,55081
GPP,1633,65,55113
GPP,1634,65,55144
GPP,1635,65,55176
GPP,1636,65,55207
GPP,1637,65,55238
GPP,1638,65,55286
GPP,1639,65,55317
GPP,1640,65,55348
GPP,1641,65,55380
GPP,1642,65,55411
GPP,1643,65,55443
GPP,1644,65,55474
GPP,1645,65,55521
GPP,1646,65,55555
GPP,1647,65,55584
GPP,1648,65,55616
GPP,1649,65,55647
GPP,1650,65,55679
GPP,1651,65,55710
GPP,1652,65,55757
GPP,1653,65,55789
GPP,1654,65,55820
GPP,1655,65,55852
GPP,1656,65,55883
GPP,1657,65,55915
GPP,1658,65,55946
GPP,1659,65,55993
GPP,1660,65,56025
GPP,1661,65,56056
GPP,1662,65,56088
GPP,1663,65,56119
GPP,1664,65,56150
GPP,1665,65,56182
GPP,1666,65,56229
GPP,1667,65,56260
GPP,1668,65,56292
GPP,1669,65,56323
GPP,1670,65,56355
GPP,1671,65,56386
GPP,1672,65,56418
GPP,1673,65,56465
GPP,1674,65,56496
GPP,1675,65,56528
GPP,1676,65,56559
GPP,1677,65,56591
GPP,1678,65,56622
GPP,1679,65,56654
GPP,1680,65,56701
GPP,1681,65,56732
GPP,1682,65,56764
GPP,1683,65,56795
GPP,1684,65,56827
GPP,1685,65,56858
GPP,1686,65,56890
GPP,1687,65,56937
GPP,1688,65,56968
GPP,1689,65,57000
GPP,1690,65,57031
GPP,1691,65,57063
GPP,1692,65,57094
GPP,1693,65,57126
GPP,1694,65,57173
GPP,1695,65,57204
GPP,1696,65,57235
GPP,1697,65,57267
GPP,1698,65,57298
GPP,1699,65,57330
GPP,1700,65,57361
GPP,1701,65,57408
GPP,1702,65,57440
GPP,1703,65,57471
GPP,1704,65,57503
GPP,1705,65,57534
GPP,1706,65,57566
GPP,1707,65,57597
GPP,1708,65,57644
GPP,1709,65,57676
GPP,1710,65,57707
GPP,1711,65,57738
GPP,1712,65,57770
GPP,1713,65,57801
GPP,1714,65,57833
GPP,1715,65,57864
GPP,1716,65,57896
GPP,1717,65,57943
GPP,1718,65,57974
GPP,1719,65,58006
GPP,1720,65,58037
GPP,1721,65,58068
GPP,1722,65,58100
GPP,1723,65,58131
GPP,1724,65,58179
GPP,1725,65,58210
GPP,1726,65,58241
GPP,1727,65,58273
GPP,1728,65,58304
GPP,1729,65,58336
GPP,1730,65,58367
GPP,1731,65,58414
GPP,1732,65,58446
GPP,1733,65,58483
GPP,1734,65,58509
GPP,1735,65,58540
GPP,1736,65,58572
GPP,1737,65,58603
GPP,1738,65,58650
GPP,1739,65,58682
GPP,1740,65,58713
GPP,1741,65,58745
GPP,1742,65,58776
GPP,1743,65,58807
GPP,1744,65,58839
GPP,1745,65,58886
GPP,1746,65,58918
GPP,1747,65,58949
GPP,1748,65,58981
GPP,1749,65,59012
GPP,1750,65,59044
GPP,1751,65,59075
GPP,1752,65,59122
GPP,1753,65,59153
GPP,1754,65,59185
GPP,1755,65,59216
GPP,1756,65,59248
GPP,1757,65,59279
GPP,1758,65,59326
GPP,1759,65,59358
GPP,1760,65,59389
GPP,1761,65,59420
GPP,1762,65,59452
GPP,1763,65,59483
GPP,1764,65,59531
GPP,1765,65,59562
GPP,1766,65,59593
GPP,1767,65,59625
GPP,1768,65,59656
GPP,1769,65,59688
GPP,1770,65,59735
GPP,1771,65,59766
GPP,1772,65,59798
GPP,1773,65,59829
GPP,1774,65,59861
GPP,1775,65,59892
GPP,1776,65,59939
GPP,1777,65,59971
GPP,1778,65,60002
GPP,1779,65,60034
GPP,1780,65,60065
GPP,1781,65,60097
GPP,1782,65,60144
GPP,1783,65,60175
GPP,1784,65,60207
GPP,1785,65,60238
GPP,1786,65,60269
GPP,1787,65,60301
GPP,1788,65,60332
GPP,1789,65,60379
GPP,1790,65,60411
GPP,1791,65,60442
GPP,1792,65,60473
GPP,1793,65,60505
GPP,1794,65,60536
GPP,1795,65,60583
GPP,1796,65,60615
GPP,1797,65,60646
GPP,1798,65,60677
GPP,1799,65,60709
GPP,1800,65,60740
GPP,1801,65,60772
GPP,1802,65,60819
GPP,1803,65,60850
GPP,1804,65,60882
GPP,1805,65,60913
GPP,1806,65,60945
GPP,1807,65,60992
GPP,1808,65,61023
GPP,1809,65,61055
GPP,1810,65,61087
GPP,1811,65,61118
GPP,1812,65,61150
GPP,1813,65,61181
GPP,1814,65,61220
GPP,1815,65,61260
GPP,1816,65,61291
GPP,1817,65,61322
GPP,1818,65,61354
GPP,1819,65,61385
GPP,1820,65,61417
GPP,1821,65,61448
GPP,1822,65,61495
GPP,1823,65,61527
GPP,1824,65,61558
GPP,1825,65,61589
GPP,1826,65,61621
GPP,1827,65,61652
GPP,1828,65,61684
GPP,1829,65,61731
GPP,1830,65,61762
GPP,1831,65,61793
GPP,1832,65,61825
GPP,1833,65,61856
GPP,1834,65,61887
GPP,1835,65,61934
GPP,1836,65,61966
GPP,1837,65,61997
GPP,1838,65,62028
GPP,1839,65,62060
GPP,1840,65,62091
GPP,1841,65,62138
GPP,1842,65,62170
GPP,1843,65,62201
GPP,1844,65,62232
GPP,1845,65,62263
GPP,1846,65,62295
GPP,1847,65,62342
GPP,1848,65,62373
GPP,1849,65,62404
GPP,1850,65,62436
GPP,1851,65,62467
GPP,1852,65,62498
GPP,1853,65,62530
GPP,1854,65,62577
GPP,1855,65,62608
GPP,1856,65,62640
GPP,1857,65,62671
GPP,1858,65,62703
GPP,1859,65,62735
GPP,1860,65,62782
GPP,1861,65,62813
GPP,1862,65,62844
GPP,1863,65,62876
GPP,1864,65,62907
GPP,1865,65,62938
GPP,1866,65,62985
GPP,1867,65,63017
GPP,1868,65,63048
GPP,1869,65,63080
GPP,1870,65,63111
GPP,1871,65,63142
GPP,1872,65,63174
GPP,1873,65,63220
GPP,1874,65,63252
GPP,1875,65,63283
GPP,1876,65,63314
GPP,1877,65,63346
GPP,1878,65,63377
GPP,1879,65,63424
GPP,1880,65,63456
GPP,1881,65,63487
GPP,1882,65,63519
GPP,1883,65,63550
GPP,1884,65,63581
GPP,1885,65,63613
GPP,1886,65,63659
GPP,1887,65,63691
GPP,1888,65,63722
GPP,1889,65,63754
GPP,1890,65,63785
GPP,1891,65,63816
GPP,1892,65,63863
GPP,1893,65,63895
GPP,1894,65,63932
GPP,1895,65,63958
GPP,1896,65,63989
GPP,1897,65,64020
GPP,1898,65,64068
GPP,1899,65,64099
GPP,1900,65,64131
GPP,1901,65,64162
GPP,1902,65,64194
GPP,1903,65,64225
GPP,1904,65,64272
GPP,1905,65,64304
GPP,1906,65,64335
GPP,1907,65,64366
GPP,1908,65,64398
GPP,1909,65,64429
GPP,1910,65,64476
GPP,1911,65,64508
GPP,1912,65,64540
GPP,1913,65,64571
GPP,1914,65,64602
GPP,1915,65,64645
GPP,1916,65,64680
GPP,1917,65,64711
GPP,1918,65,64743
GPP,1919,65,64774
GPP,1920,65,64806
GPP,1921,65,64837
GPP,1922,65,64884
GPP,1923,65,64915
GPP,1924,65,64947
GPP,1925,65,64978
GPP,1926,65,65009
GPP,1927,65,65057
GPP,1928,65,65088
GPP,1929,65,65119
GPP,1930,65,65151
GPP,1931,65,65183
GPP,1932,65,65214
GPP,1933,65,65245
GPP,1934,65,65294
GPP,1935,65,65324
GPP,1936,65,65355
GPP,1937,65,65387
GPP,1938,65,65418
GPP,1939,65,65449
GPP,1940,65,65496
GPP,1941,65,65528
GPP,1942,65,65559
GPP,1943,65,65597
GPP,1944,65,65622
GPP,1945,65,65653
GPP,1946,65,65685
GPP,1947,65,65732
GPP,1948,65,65763
GPP,1949,65,65795
GPP,1950,65,65826
GPP,1951,65,65858
GPP,1952,65,65889
GPP,1953,65,65921
GPP,1954,65,65968
GPP,1955,65,65999
GPP,1956,65,66031
GPP,1957,65,66062
GPP,1958,65,66093
GPP,1959,65,66137
GPP,1960,65,66172
GPP,1961,65,66203
GPP,1962,65,66235
GPP,1963,65,66266
GPP,1964,65,66298
GPP,1965,65,66329
GPP,1966,65,66360
GPP,1967,65,66392
GPP,1968,65,66439
GPP,1969,65,66470
GPP,1970,65,66502
GPP,1971,65,66533
GPP,1972,65,66565
GPP,1973,65,66596
GPP,1974,65,66627
GPP,1975,65,66675
GPP,1976,65,66706
GPP,1977,65,66737
GPP,1978,65,66769
GPP,1979,65,66800
GPP,1980,65,66832
GPP,1981,65,66863
GPP,1982,65,66910
GPP,1983,65,66941
GPP,1984,65,66972
GPP,1985,65,67004
GPP,1986,65,67035
GPP,1987,65,67066
GPP,1988,65,67098
GPP,1989,65,67145
GPP,1990,65,67176
GPP,1991,65,67208
GPP,1992,65,67239
GPP,1993,65,67270
GPP,1994,65,67302
GPP,1995,65,67333
GPP,1996,65,67380
GPP,1997,65,67411
GPP,1998,65,67443
GPP,1999,65,67474
GPP,2000,65,67505
GPP,2001,65,67552
GPP,2002,65,67584
GPP,2003,65,67615
GPP,2004,65,67647
GPP,2005,65,67678
GPP,2006,65,67710
GPP,2007,65,67741
GPP,2008,65,67788
GPP,2009,65,67820
GPP,2010,65,67851
GPP,2011,65,67882
GPP,2012,65,67914
GPP,2013,65,67945
GPP,2014,65,67977
GPP,2015,65,68025
GPP,2016,65,68055
GPP,2017,65,68087
GPP,2018,65,68118
GPP,2019,65,68150
GPP,2020,65,68181
GPP,2021,65,68228
GPP,2022,65,68260
GPP,2023,65,68291
GPP,2024,65,68322
GPP,2025,65,68354
GPP,2026,65,68385
GPP,2027,65,68417
GPP,2028,65,68464
GPP,2029,65,68495
GPP,2030,65,68527
GPP,2031,65,68558
GPP,2032,65,68590
GPP,2033,65,68621
GPP,2034,65,68653
GPP,2035,65,68700
GPP,2036,65,68731
GPP,2037,65,68763
GPP,2038,65,68794
GPP,2039,65,68826
GPP,2040,65,68857
GPP,2041,65,68888
GPP,2042,65,68936
GPP,2043,65,68967
GPP,2044,65,68998
GPP,2045,65,69030
GPP,2046,65,69061
GPP,2047,65,69093
GPP,2048,65,69124
GPP,2049,65,69156
GPP,2050,65,69203
GPP,2051,65,69234
GPP,2052,65,69266
GPP,2053,65,69297
GPP,2054,65,69328
GPP,2055,65,69360
GPP,2056,65,69399
GPP,2057,65,69438
GPP,2058,65,69470
GPP,2059,65,69501
GPP,2060,65,69533
GPP,2061,65,69564
GPP,2062,65,69596
GPP,2063,65,69643
GPP,2064,65,69674
GPP,2065,65,69706
GPP,2066,65,69737
GPP,2067,65,69769
GPP,2068,65,69800
GPP,2069,65,69831
GPP,2070,65,69863
GPP,2071,65,69910
GPP,2072,65,69941
GPP,2073,65,69972
GPP,2074,65,70004
GPP,2075,65,70035
GPP,2076,65,70067
GPP,2077,65,70114
GPP,2078,65,70145
GPP,2079,65,70177
GPP,2080,65,70208
GPP,2081,65,70239
GPP,2082,65,70271
GPP,2083,65,70302
GPP,2084,65,70349
GPP,2085,65,70381
GPP,2086,65,70412
GPP,2087,65,70444
GPP,2088,65,70475
GPP,2089,65,70507
GPP,2090,65,70538
GPP,2091,65,70585
GPP,2092,65,70617
GPP,2093,65,70648
GPP,2094,65,70680
GPP,2095,65,70711
GPP,2096,65,70742
GPP,2097,65,70774
GPP,2098,65,70821
GPP,2099,65,70852
GPP,2100,65,70884
GPP,2101,65,70915
GPP,2102,65,70947
GPP,2103,65,70978
GPP,2104,65,71010
GPP,2105,65,71057
GPP,2106,65,71088
GPP,2107,65,71120
GPP,2108,65,71151
GPP,2109,65,71183
GPP,2110,65,71214
GPP,2111,65,71245
GPP,2112,65,71292
GPP,2113,65,71324
GPP,2114,65,71355
GPP,2115,65,71386
GPP,2116,65,71418
GPP,2117,65,71449
GPP,2118,65,71481
GPP,2119,65,71528
GPP,2120,65,71559
GPP,2121,65,71590
GPP,2122,65,71622
GPP,2123,65,71653
GPP,2124,65,71685
GPP,2125,65,71716
GPP,2126,65,71763
GPP,2127,65,71794
GPP,2128,65,71826
GPP,2129,65,71857
GPP,2130,65,71889
GPP,2131,65,71920
GPP,2132,65,71952
GPP,2133,65,71999
GPP,2134,65,72030
GPP,2135,65,72062
GPP,2136,65,72093
GPP,2137,65,72124
GPP,2138,65,72156
GPP,2139,65,72187
GPP,2140,65,72234
GPP,2141,65,72266
GPP,2142,65,72297
GPP,2143,65,72329
GPP,2144,65,72360
GPP,2145,65,72392
GPP,2146,65,72423
GPP,2147,65,72455
GPP,2148,65,72502
GPP,2149,65,72533
GPP,2150,65,72565
GPP,2151,65,72596
GPP,2152,65,72628
GPP,2153,65,72659
GPP,2154,65,72691
GPP,2155,65,72722
GPP,2156,65,72769
GPP,2157,65,72801
GPP,2158,65,72832
GPP,2159,65,72864
GPP,2160,65,72895
GPP,2161,65,72926
GPP,2162,65,72958
GPP,2163,65,73005
GPP,2164,65,73036
GPP,2165,65,73068
GPP,2166,65,73099
GPP,2167,65,73131
GPP,2168,65,73162
GPP,2169,65,73193
GPP,2170,65,73240
GPP,2171,65,73272
GPP,2172,65,73303
GPP,2173,65,73335
GPP,2174,65,73366
GPP,2175,65,73398
GPP,2176,65,73429
GPP,2177,65,73476
GPP,2178,65,73508
GPP,2179,65,73539
GPP,2180,65,73570
GPP,2181,65,73618
GPP,2182,65,73649
GPP,2183,65,73681
GPP,2184,65,73712
GPP,2185,65,73743
GPP,2186,65,73775
GPP,2187,65,73806
GPP,2188,65,73854
GPP,2189,65,73885
GPP,2190,65,73917
GPP,2191,65,73948
GPP,2192,65,73979
GPP,2193,65,74011
GPP,2194,65,74042
GPP,2195,65,74074
GPP,2196,65,74121
GPP,2197,65,74152
GPP,2198,65,74184
GPP,2199,65,74215
GPP,2200,65,74247
GPP,2201,65,74278
GPP,2202,65,74310
GPP,2203,65,74357
GPP,2204,65,74388
GPP,2205,65,74420
GPP,2206,65,74451
GPP,2207,65,74482
GPP,2208,65,74514
GPP,2209,65,74545
GPP,2210,65,74592
GPP,2211,65,74624
GPP,2212,65,74655
GPP,2213,65,74687
GPP,2214,65,74718
GPP,2215,65,74749
GPP,2216,65,74781
GPP,2217,65,74828
GPP,2218,65,74860
GPP,2219,65,74891
GPP,2220,65,74922
GPP,2221,65,74954
GPP,2222,65,74985
GPP,2223,65,75016
GPP,2224,65,75064
GPP,2225,65,75095
GPP,2226,65,75127
GPP,2227,65,75158
GPP,2228,65,75190
GPP,2229,65,75221
GPP,2230,65,75252
GPP,2231,65,75299
GPP,2232,65,75331
GPP,2233,65,75362
GPP,2234,65,75400
GPP,2235,65,75425
GPP,2236,65,75457
GPP,2237,65,75488
GPP,2238,65,75535
GPP,2239,65,75567
GPP,2240,65,75598
GPP,2241,65,75630
GPP,2242,65,75661
GPP,2243,65,75692
GPP,2244,65,75740
GPP,2245,65,75771
GPP,2246,65,75802
GPP,2247,65,75834
GPP,2248,65,75865
GPP,2249,65,75897
GPP,2250,65,75928
GPP,2251,65,75975
GPP,2252,65,76007
GPP,2253,65,76038
GPP,2254,65,76070
GPP,2255,65,76101
GPP,2256,65,76132
GPP,2257,65,76180
GPP,2258,65,76211
GPP,2259,65,76243
GPP,2260,65,76274
GPP,2261,65,76306
GPP,2262,65,76337
GPP,2263,65,76368
GPP,2264,65,76416
GPP,2265,65,76447
GPP,2266,65,76479
GPP,2267,65,76510
GPP,2268,65,76542
GPP,2269,65,76573
GPP,2270,65,76620
GPP,2271,65,76652
GPP,2272,65,76683
GPP,2273,65,76714
GPP,2274,65,76746
GPP,2275,65,76777
GPP,2276,65,76822
GPP,2277,65,76856
GPP,2278,65,76890
GPP,2279,65,76924
GPP,2280,65,76958
GPP,2281,65,76992
GPP,2282,65,77026
GPP,2283,65,77058
GPP,2284,65,77094
GPP,2285,65,77127
GPP,2286,65,77160
GPP,2287,65,77195
GPP,2288,65,77228
GPP,2289,65,77262
GPP,2290,65,77295
GPP,2291,65,77328
GPP,2292,65,77363
GPP,2293,65,77396
GPP,2294,65,77431
GPP,2295,65,77465
GPP,2296,65,77498
GPP,2297,65,77531
GPP,2298,65,77566
GPP,2299,65,77598
GPP,2300,65,77632
GPP,2301,65,77667
GPP,2302,65,77701
GPP,2303,65,77734
GPP,2304,65,77768
GPP,2305,65,77801
GPP,2306,65,77835
GPP,2307,65,77869
GPP,2308,65,77903
GPP,2309,65,77937
GPP,2310,65,77970
GPP,2311,65,78002
GPP,2312,65,78036
GPP,2313,65,78070
GPP,2314,65,78105
GPP,2315,65,78137
GPP,2316,65,78172
GPP,2317,65,78206
GPP,2318,65,78240
GPP,2319,65,78273
GPP,2320,65,78307
GPP,2321,65,78342
GPP,2322,65,78376
GPP,2323,65,78410
GPP,2324,65,78443
GPP,2325,65,78477
GPP,2326,65,78510
GPP,2327,65,78544
GPP,2328,65,78577
GPP,2329,65,78611
GPP,2330,65,78647
GPP,2331,65,78681
GPP,2332,65,78715
GPP,2333,65,78748
GPP,2334,65,78783
GPP,2335,65,78816
GPP,2336,65,78852
GPP,2337,65,78886
GPP,2338,65,78920
GPP,2339,65,78953
GPP,2340,65,78986
GPP,2341,65,79021
GPP,2342,65,79054
GPP,2343,65,79087
GPP,2344,65,79123
GPP,2345,65,79156
GPP,2346,65,79189
GPP,2347,65,79223
GPP,2348,65,79257
GPP,2349,65,79291
GPP,2350,65,79325
GPP,2351,65,79359
GPP,2352,65,79392
GPP,2353,65,79426
GPP,2354,65,79460
GPP,2355,65,79494
GPP,2356,65,79526
GPP,2357,65,79560
GPP,2358,65,79595
GPP,2359,65,79627
GPP,2360,65,79662
GPP,2361,65,79696
GPP,2362,65,79728
GPP,2363,65,79762
GPP,2364,65,79797
GPP,2365,65,79830
GPP,2366,65,79863
GPP,2367,65,79897
GPP,2368,65,79932
GPP,2369,65,79965
GPP,2370,65,79998
GPP,2371,65,80033
GPP,2372,65,80067
GPP,2373,65,80099
GPP,2374,65,80133
GPP,2375,65,80166
GPP,2376,65,80200
GPP,2377,65,80234
GPP,2378,65,80268
GPP,2379,65,80302
GPP,2380,65,80336
GPP,2381,65,80368
GPP,2382,65,80402
GPP,2383,65,80437
GPP,2384,65,80469
GPP,2385,65,80500
GPP,2386,65,80532
GPP,2387,65,80564
GPP,2388,65,80595
GPP,2389,65,80635
GPP,2390,65,80673
GPP,2391,65,80705
GPP,2392,65,80736
GPP,2393,65,80767
GPP,2394,65,80799
GPP,2395,65,80830
GPP,2396,65,80877
GPP,2397,65,80909
GPP,2398,65,80940
GPP,2399,65,80971
GPP,2400,65,81002
GPP,2401,65,81034
GPP,2402,65,81065
GPP,2403,65,81112
GPP,2404,65,81144
GPP,2405,65,81175
GPP,2406,65,81207
GPP,2407,65,81238
GPP,2408,65,81269
GPP,2409,65,81316
GPP,2410,65,81348
GPP,2411,65,81379
GPP,2412,65,81410
GPP,2413,65,81442
GPP,2414,65,81473
GPP,2415,65,81505
GPP,2416,65,81552
GPP,2417,65,81583
GPP,2418,65,81614
GPP,2419,65,81654
GPP,2420,65,81677
GPP,2421,65,81709
GPP,2422,65,81740
GPP,2423,65,81787
GPP,2424,65,81818
GPP,2425,65,81850
GPP,2426,65,81881
GPP,2427,65,81912
GPP,2428,65,81944
GPP,2429,65,81975
GPP,2430,65,82022
GPP,2431,65,82053
GPP,2432,65,82085
GPP,2433,65,82116
GPP,2434,65,82148
GPP,2435,65,82179
GPP,2436,65,82226
GPP,2437,65,82258
GPP,2438,65,82289
GPP,2439,65,82320
GPP,2440,65,82352
GPP,2441,65,82383
GPP,2442,65,82414
GPP,2443,65,82461
GPP,2444,65,82493
GPP,2445,65,82524
GPP,2446,65,82555
GPP,2447,65,82587
GPP,2448,65,82618
GPP,2449,65,82649
GPP,2450,65,82696
GPP,2451,65,82728
GPP,2452,65,82759
GPP,2453,65,82790
GPP,2454,65,82821
GPP,2455,65,82853
GPP,2456,65,82900
GPP,2457,65,82931
GPP,2458,65,82963
GPP,2459,65,82994
GPP,2460,65,83025
GPP,2461,65,83057
GPP,2462,65,83104
GPP,2463,65,83135
GPP,2464,65,83167
GPP,2465,65,83198
GPP,2466,65,83229
GPP,2467,65,83260
GPP,2468,65,83292
GPP,2469,65,83339
GPP,2470,65,83370
GPP,2471,65,83401
GPP,2472,65,83433
GPP,2473,65,83464
GPP,2474,65,83496
GPP,2475,65,83543
GPP,2476,65,83574
GPP,2477,65,83605
GPP,2478,65,83637
GPP,2479,65,83668
GPP,2480,65,83700
GPP,2481,65,83731
GPP,2482,65,83778
GPP,2483,65,83809
GPP,2484,65,83840
GPP,2485,65,83872
GPP,2486,65,83903
GPP,2487,65,83934
GPP,2488,65,83966
GPP,2489,65,84013
GPP,2490,65,84044
GPP,2491,65,84075
GPP,2492,65,84107
GPP,2493,65,84138
GPP,2494,65,84170
GPP,2495,65,84201
GPP,2496,65,84248
GPP,2497,65,84279
GPP,2498,65,84311
GPP,2499,65,84342
GPP,2500,65,84381
GPP,2501,65,84405
GPP,2502,65,84436
GPP,2503,65,84483
GPP,2504,65,84515
GPP,2505,65,84546
GPP,2506,65,84577
GPP,2507,65,84609
GPP,2508,65,84640
GPP,2509,65,84672
GPP,2510,65,84703
GPP,2511,65,84750
GPP,2512,65,84782
GPP,2513,65,84813
GPP,2514,65,84844
GPP,2515,65,84876
GPP,2516,65,84907
GPP,2517,65,84939
GPP,2518,65,84970
GPP,2519,65,85017
GPP,2520,65,85049
GPP,2521,65,85080
GPP,2522,65,85112
GPP,2523,65,85143
GPP,2524,65,85174
GPP,2525,65,85206
GPP,2526,65,85253
GPP,2527,65,85284
GPP,2528,65,85316
GPP,2529,65,85347
GPP,2530,65,85378
GPP,2531,65,85410
GPP,2532,65,85441
GPP,2533,65,85488
GPP,2534,65,85520
GPP,2535,65,85551
GPP,2536,65,85582
GPP,2537,65,85614
GPP,2538,65,85653
GPP,2539,65,85692
GPP,2540,65,85723
GPP,2541,65,85755
GPP,2542,65,85786
GPP,2543,65,85817
GPP,2544,65,85849
GPP,2545,65,85896
GPP,2546,65,85927
GPP,2547,65,85959
GPP,2548,65,85990
GPP,2549,65,86021
GPP,2550,65,86052
GPP,2551,65,86084
GPP,2552,65,86131
GPP,2553,65,86163
GPP,2554,65,86194
GPP,2555,65,86225
GPP,2556,65,86257
GPP,2557,65,86288
GPP,2558,65,86320
GPP,2559,65,86367
GPP,2560,65,86398
GPP,2561,65,86429
GPP,2562,65,86461
GPP,2563,65,86492
GPP,2564,65,86524
GPP,2565,65,86555
GPP,2566,65,86602
GPP,2567,65,86634
GPP,2568,65,86665
GPP,2569,65,86696
GPP,2570,65,86728
GPP,2571,65,86759
GPP,2572,65,86791
GPP,2573,65,86822
GPP,2574,65,86869
GPP,2575,65,86901
GPP,2576,65,86932
GPP,2577,65,86964
GPP,2578,65,86995
GPP,2579,65,87026
GPP,2580,65,87058
GPP,2581,65,87107
GPP,2582,65,87136
GPP,2583,65,87168
GPP,2584,65,87199
GPP,2585,65,87230
GPP,2586,65,87262
GPP,2587,65,87293
GPP,2588,65,87340
GPP,2589,65,87372
GPP,2590,65,87403
GPP,2591,65,87435
GPP,2592,65,87466
GPP,2593,65,87497
GPP,2594,65,87545
GPP,2595,65,87576
GPP,2596,65,87607
GPP,2597,65,87639
GPP,2598,65,87670
GPP,2599,65,87701
GPP,2600,65,87733
GPP,2601,65,87764
GPP,2602,65,87811
GPP,2603,65,87843
GPP,2604,65,87874
GPP,2605,65,87905
GPP,2606,65,87937
GPP,2607,65,87968
GPP,2608,65,88015
GPP,2609,65,88047
GPP,2610,65,88078
GPP,2611,65,88110
GPP,2612,65,88141
GPP,2613,65,88172
GPP,2614,65,88204
GPP,2615,65,88251
GPP,2616,65,88282
GPP,2617,65,88314
GPP,2618,65,88345
GPP,2619,65,88377
GPP,2620,65,88408
GPP,2621,65,88439
GPP,2622,65,88486
GPP,2623,65,88518
GPP,2624,65,88549
GPP,2625,65,88581
GPP,2626,65,88612
GPP,2627,65,88644
GPP,2628,65,88675
GPP,2629,65,88722
GPP,2630,65,88754
GPP,2631,65,88785
GPP,2632,65,88816
GPP,2633,65,88848
GPP,2634,65,88879
GPP,2635,65,88911
GPP,2636,65,88958
GPP,2637,65,88989
GPP,2638,65,89021
GPP,2639,65,89052
GPP,2640,65,89083
GPP,2641,65,89115
GPP,2642,65,89146
GPP,2643,65,89193
GPP,2644,65,89225
GPP,2645,65,89256
GPP,2646,65,89288
GPP,2647,65,89319
GPP,2648,65,89351
GPP,2649,65,89382
GPP,2650,65,89429
GPP,2651,65,89461
GPP,2652,65,89492
GPP,2653,65,89523
GPP,2654,65,89555
GPP,2655,65,89586
GPP,2656,65,89618
GPP,2657,65,89665
GPP,2658,65,89697
GPP,2659,65,89728
GPP,2660,65,89759
GPP,2661,65,89791
GPP,2662,65,89822
GPP,2663,65,89869
GPP,2664,65,89901
GPP,2665,65,89932
GPP,2666,65,89964
GPP,2667,65,89995
GPP,2668,65,90027
GPP,2669,65,90058
GPP,2670,65,90105
GPP,2671,65,90137
GPP,2672,65,90168
GPP,2673,65,90200
GPP,2674,65,90231
GPP,2675,65,90263
GPP,2676,65,90294
GPP,2677,65,90341
GPP,2678,65,90372
GPP,2679,65,90404
GPP,2680,65,90435
GPP,2681,65,90466
GPP,2682,65,90498
GPP,2683,65,90529
GPP,2684,65,90576
GPP,2685,65,90608
GPP,2686,65,90639
GPP,2687,65,90671
GPP,2688,65,90702
GPP,2689,65,90734
GPP,2690,65,90781
GPP,2691,65,90812
GPP,2692,65,90843
GPP,2693,65,90875
GPP,2694,65,90906
GPP,2695,65,90937
GPP,2696,65,90969
GPP,2697,65,91016
GPP,2698,65,91047
GPP,2699,65,91079
GPP,2700,65,91110
GPP,2701,65,91142
GPP,2702,65,91173
GPP,2703,65,91205
GPP,2704,65,91252
GPP,2705,65,91283
GPP,2706,65,91315
GPP,2707,65,91346
GPP,2708,65,91378
GPP,2709,65,91409
GPP,2710,65,91441
GPP,2711,65,91488
GPP,2712,65,91519
GPP,2713,65,91551
GPP,2714,65,91582
GPP,2715,65,91613
GPP,2716,65,91645
GPP,2717,65,91676
GPP,2718,65,91724
GPP,2719,65,91755
GPP,2720,65,91786
GPP,2721,65,91818
GPP,2722,65,91849
GPP,2723,65,91880
GPP,2724,65,91912
GPP,2725,65,91959
GPP,2726,65,91990
GPP,2727,65,92022
GPP,2728,65,92053
GPP,2729,65,92085
GPP,2730,65,92116
GPP,2731,65,92147
GPP,2732,65,92194
GPP,2733,65,92226
GPP,2734,65,92257
GPP,2735,65,92289
GPP,2736,65,92321
GPP,2737,65,92352
GPP,2738,65,92383
GPP,2739,65,92415
GPP,2740,65,92462
GPP,2741,65,92493
GPP,2742,65,92525
GPP,2743,65,92564
GPP,2744,65,92587
GPP,2745,65,92619
GPP,2746,65,92650
GPP,2747,65,92697
GPP,2748,65,92728
GPP,2749,65,92760
GPP,2750,65,92791
GPP,2751,65,92823
GPP,2752,65,92866
GPP,2753,65,92885
GPP,2754,65,92933
GPP,2755,65,92964
GPP,2756,65,92995
GPP,2757,65,93027
GPP,2758,65,93058
GPP,2759,65,93090
GPP,2760,65,93121
GPP,2761,65,93168
GPP,2762,65,93200
GPP,2763,65,93231
GPP,2764,65,93263
GPP,2765,65,93294
GPP,2766,65,93326
GPP,2767,65,93357
GPP,2768,65,93404
GPP,2769,65,93436
GPP,2770,65,93467
GPP,2771,65,93499
GPP,2772,65,93530
GPP,2773,65,93561
GPP,2774,65,93593
GPP,2775,65,93640
GPP,2776,65,93671
GPP,2777,65,93703
GPP,2778,65,93734
GPP,2779,65,93766
GPP,2780,65,93797
GPP,2781,65,93828
GPP,2782,65,93860
GPP,2783,65,93907
GPP,2784,65,93938
GPP,2785,65,93970
GPP,2786,65,94001
GPP,2787,65,94033
GPP,2788,65,94064
GPP,2789,65,94095
GPP,2790,65,94143
GPP,2791,65,94174
GPP,2792,65,94205
GPP,2793,65,94237
GPP,2794,65,94268
GPP,2795,65,94300
GPP,2796,65,94331
GPP,2797,65,94378
GPP,2798,65,94410
GPP,2799,65,94441
GPP,2800,65,94480
GPP,2801,65,94520
GPP,2802,65,94565
GPP,2803,65,94619
GPP,2804,65,94659
GPP,2805,65,94724
GPP,2806,65,94770
GPP,2807,65,94814
GPP,2808,65,94845
GPP,2809,65,94881
GPP,2810,65,94914
GPP,2811,65,94955
GPP,2812,65,94987
GPP,2813,65,95025
GPP,2814,65,95059
GPP,2815,65,95094
GPP,2816,65,95115
GPP,2817,65,95146
GPP,2818,65,95194
GPP,2819,65,95229
GPP,2820,65,95257
GPP,2821,65,95288
GPP,2822,65,95320
GPP,2823,65,95351
GPP,2824,65,95382
GPP,2825,65,95429
GPP,2826,65,95461
GPP,2827,65,95493
GPP,2828,65,95524
GPP,2829,65,95555
GPP,2830,65,95587
GPP,2831,65,95618
GPP,2832,65,95666
GPP,2833,65,95697
GPP,2834,65,95728
GPP,2835,65,95760
GPP,2836,65,95791
GPP,2837,65,95822
GPP,2838,65,95854
GPP,2839,65,95901
GPP,2840,65,95932
GPP,2841,65,95964
GPP,2842,65,95995
GPP,2843,65,96026
GPP,2844,65,96058
GPP,2845,65,96089
GPP,2846,65,96120
GPP,2847,65,96168
GPP,2848,65,96200
GPP,2849,65,96231
GPP,2850,65,96262
GPP,2851,65,96294
GPP,2852,65,96325
GPP,2853,65,96356
GPP,2854,65,96403
GPP,2855,65,96435
GPP,2856,65,96466
GPP,2857,65,96498
GPP,2858,65,96529
GPP,2859,65,96560
GPP,2860,65,96592
GPP,2861,65,96639
GPP,2862,65,96671
GPP,2863,65,96702
GPP,2864,65,96733
GPP,2865,65,96765
GPP,2866,65,96796
GPP,2867,65,96827
GPP,2868,65,96874
GPP,2869,65,96906
GPP,2870,65,96937
GPP,2871,65,96968
GPP,2872,65,97000
GPP,2873,65,97031
GPP,2874,65,97078
GPP,2875,65,97109
GPP,2876,65,97141
GPP,2877,65,97179
GPP,2878,65,97212
GPP,2879,65,97244
GPP,2880,65,97275
GPP,2881,65,97306
GPP,2882,65,97337
GPP,2883,65,97369
GPP,2884,65,97400
GPP,2885,65,97447
GPP,2886,65,97479
GPP,2887,65,97510
GPP,2888,65,97541
GPP,2889,65,97573
GPP,2890,65,97604
GPP,2891,65,97635
GPP,2892,65,97682
GPP,2893,65,97714
GPP,2894,65,97745
GPP,2895,65,97776
GPP,2896,65,97808
GPP,2897,65,97839
GPP,2898,65,97886
GPP,2899,65,97917
GPP,2900,65,97949
GPP,2901,65,97980
GPP,2902,65,98019
GPP,2903,65,98043
GPP,2904,65,98090
GPP,2905,65,98121
GPP,2906,65,98153
GPP,2907,65,98184
GPP,2908,65,98215
GPP,2909,65,98247
GPP,2910,65,98294
GPP,2911,65,98325
GPP,2912,65,98356
GPP,2913,65,98387
GPP,2914,65,98419
GPP,2915,65,98450
GPP,2916,65,98482
GPP,2917,65,98529
GPP,2918,65,98560
GPP,2919,65,98591
GPP,2920,65,98623
GPP,2921,65,98654
GPP,2922,65,98686
GPP,2923,65,98717
GPP,2924,65,98764
GPP,2925,65,98796
GPP,2926,65,98827
GPP,2927,65,98858
GPP,2928,65,98890
GPP,2929,65,98937
GPP,2930,65,98968
GPP,2931,65,99000
GPP,2932,65,99031
GPP,2933,65,99063
GPP,2934,65,99094
GPP,2935,65,99141
GPP,2936,65,99172
GPP,2937,65,99204
GPP,2938,65,99235
GPP,2939,65,99267
GPP,2940,65,99298
GPP,2941,65,99329
GPP,2942,65,99377
GPP,2943,65,99408
GPP,2944,65,99440
GPP,2945,65,99471
GPP,2946,65,99514
GPP,2947,65,99551
GPP,2948,65,99584
GPP,2949,65,99618
GPP,2950,65,99652
GPP,2951,65,99685
GPP,2952,65,99707
GPP,2953,65,99739
GPP,2954,65,99786
GPP,2955,65,99818
GPP,2956,65,99849
GPP,2957,65,99880
GPP,2958,65,99912
GPP,2959,65,99943
GPP,2960,65,99990
GPP,2961,65,100022
GPP,2962,65,100053
GPP,2963,65,100084
GPP,2964,65,100116
GPP,2965,65,100147
GPP,2966,65,100194
GPP,2967,65,100225
GPP,2968,65,100257
GPP,2969,65,100288
GPP,2970,65,100319
GPP,2971,65,100351
GPP,2972,65,100382
GPP,2973,65,100429
GPP,2974,65,100461
GPP,2975,65,100492
GPP,2976,65,100523
GPP,2977,65,100555
GPP,2978,65,100586
GPP,2979,65,100618
GPP,2980,65,100665
GPP,2981,65,100696
GPP,2982,65,100728
GPP,2983,65,100759
GPP,2984,65,100790
GPP,2985,65,100822
GPP,2986,65,100853
GPP,2987,65,100900
GPP,2988,65,100932
GPP,2989,65,100963
GPP,2990,65,100995
GPP,2991,65,101026
GPP,2992,65,101057
GPP,2993,65,101089
GPP,2994,65,101136
GPP,2995,65,101167
GPP,2996,65,101199
GPP,2997,65,101230
GPP,2998,65,101261
GPP,2999,65,101293
GPP,3000,65,101324
GPP,3001,65,101371
GPP,3002,65,101403
GPP,3003,65,101434
GPP,3004,65,101466
GPP,3005,65,101497
GPP,3006,65,101528
GPP,3007,65,101575
GPP,3008,65,101607
GPP,3009,65,101638
GPP,3010,65,101669
GPP,3011,65,101701
GPP,3012,65,101741
GPP,3013,65,101763
GPP,3014,65,101811
GPP,3015,65,101842
GPP,3016,65,101873
GPP,3017,65,101905
GPP,3018,65,101936
GPP,3019,65,101983
GPP,3020,65,102015
GPP,3021,65,102046
GPP,3022,65,102077
GPP,3023,65,102109
GPP,3024,65,102140
GPP,3025,65,102187
GPP,3026,65,102219
GPP,3027,65,102250
GPP,3028,65,102281
GPP,3029,65,102312
GPP,3030,65,102344
GPP,3031,65,102391
GPP,3032,65,102422
GPP,3033,65,102454
GPP,3034,65,102485
GPP,3035,65,102517
GPP,3036,65,102548
GPP,3037,65,102579
GPP,3038,65,102627
GPP,3039,65,102658
GPP,3040,65,102689
GPP,3041,65,102721
GPP,3042,65,102752
GPP,3043,65,102784
GPP,3044,65,102815
GPP,3045,65,102862
GPP,3046,65,102894
GPP,3047,65,102925
GPP,3048,65,102957
GPP,3049,65,102988
GPP,3050,65,103019
GPP,3051,65,103066
GPP,3052,65,103098
GPP,3053,65,103129
GPP,3054,65,103161
GPP,3055,65,103192
GPP,3056,65,103224
GPP,3057,65,103271
GPP,3058,65,103302
GPP,3059,65,103334
GPP,3060,65,103365
GPP,3061,65,103396
GPP,3062,65,103428
GPP,3063,65,103467
GPP,3064,65,103506
GPP,3065,65,103540
GPP,3066,65,103576
GPP,3067,65,103609
GPP,3068,65,103642
GPP,3069,65,103675
GPP,3070,65,103709
GPP,3071,65,103743
GPP,3072,65,103777
GPP,3073,65,103812
GPP,3074,65,103845
GPP,3075,65,103879
GPP,3076,65,103913
GPP,3077,65,103947
GPP,3078,65,103981
GPP,3079,65,104014
GPP,3080,65,104049
GPP,3081,65,104081
GPP,3082,65,104116
GPP,3083,65,104150
GPP,3084,65,104184
GPP,3085,65,104217
GPP,3086,65,104251
GPP,3087,65,104285
GPP,3088,65,104319
GPP,3089,65,104352
GPP,3090,65,104385
GPP,3091,65,104420
GPP,3092,65,104453
GPP,3093,65,104487
GPP,3094,65,104521
GPP,3095,65,104557
GPP,3096,65,104589
GPP,3097,65,104624
GPP,3098,65,104657
GPP,3099,65,104691
GPP,3100,65,104724
GPP,3101,65,104746
GPP,3102,65,104794
GPP,3103,65,104827
GPP,3104,65,104857
GPP,3105,65,104888
GPP,3106,65,104919
GPP,3107,65,104951
GPP,3108,65,104982
GPP,3109,65,105030
GPP,3110,65,105061
GPP,3111,65,105092
GPP,3112,65,105124
GPP,3113,65,105155
GPP,3114,65,105187
GPP,3115,65,105218
GPP,3116,65,105265
GPP,3117,65,105296
GPP,3118,65,105328
GPP,3119,65,105359
GPP,3120,65,105391
GPP,3121,65,105422
GPP,3122,65,105469
GPP,3123,65,105501
GPP,3124,65,105538
GPP,3125,65,105573
GPP,3126,65,105606
GPP,3127,65,105640
GPP,3128,65,105675
GPP,3129,65,105709
GPP,3130,65,105743
GPP,3131,65,105776
GPP,3132,65,105810
GPP,3133,65,105843
GPP,3134,65,105877
GPP,3135,65,105912
GPP,3136,65,105946
GPP,3137,65,105979
GPP,3138,65,106013
GPP,3139,65,106047
GPP,3140,65,106080
GPP,3141,65,106115
GPP,3142,65,106148
GPP,3143,65,106182
GPP,3144,65,106217
GPP,3145,65,106249
GPP,3146,65,106283
GPP,3147,65,106316
GPP,3148,65,106351
GPP,3149,65,106384
GPP,3150,65,106418
GPP,3151,65,106451
GPP,3152,65,106485
GPP,3153,65,106519
GPP,3154,65,106552
GPP,3155,65,106583
GPP,3156,65,106614
GPP,3157,65,106646
GPP,3158,65,106677
GPP,3159,65,106709
GPP,3160,65,106756
GPP,3161,65,106787
GPP,3162,65,106819
GPP,3163,65,106851
GPP,3164,65,106882
GPP,3165,65,106929
GPP,3166,65,106960
GPP,3167,65,106992
GPP,3168,65,107023
GPP,3169,65,107054
GPP,3170,65,107086
GPP,3171,65,107118
GPP,3172,65,107165
GPP,3173,65,107196
GPP,3174,65,107227
GPP,3175,65,107258
GPP,3176,65,107290
GPP,3177,65,107322
GPP,3178,65,107353
GPP,3179,65,107400
GPP,3180,65,107431
GPP,3181,65,107462
GPP,3182,65,107494
GPP,3183,65,107525
GPP,3184,65,107567
GPP,3185,65,107604
GPP,3186,65,107635
GPP,3187,65,107667
GPP,3188,65,107698
GPP,3189,65,107730
GPP,3190,65,107761
GPP,3191,65,107792
GPP,3192,65,107839
GPP,3193,65,107871
GPP,3194,65,107902
GPP,3195,65,107934
GPP,3196,65,107965
GPP,3197,65,107997
GPP,3198,65,108033
GPP,3199,65,108075
GPP,3200,65,108107
GPP,3201,65,108138
GPP,3202,65,108169
GPP,3203,65,108201
GPP,3204,65,108232
GPP,3205,65,108280
GPP,3206,65,108311
GPP,3207,65,108342
GPP,3208,65,108374
GPP,3209,65,108405
GPP,3210,65,108437
GPP,3211,65,108468
GPP,3212,65,108515
GPP,3213,65,108547
GPP,3214,65,108578
GPP,3215,65,108616
GPP,3216,65,108641
GPP,3217,65,108673
GPP,3218,65,108720
GPP,3219,65,108752
GPP,3220,65,108783
GPP,3221,65,108814
GPP,3222,65,108846
GPP,3223,65,108877
GPP,3224,65,108909
GPP,3225,65,108956
GPP,3226,65,108987
GPP,3227,65,109018
GPP,3228,65,109050
GPP,3229,65,109081
GPP,3230,65,109113
GPP,3231,65,109160
GPP,3232,65,109191
GPP,3233,65,109223
GPP,3234,65,109254
GPP,3235,65,109285
GPP,3236,65,109325
GPP,3237,65,109350
GPP,3238,65,109395
GPP,3239,65,109426
GPP,3240,65,109458
GPP,3241,65,109489
GPP,3242,65,109521
GPP,3243,65,109552
GPP,3244,65,109599
GPP,3245,65,109631
GPP,3246,65,109662
GPP,3247,65,109693
GPP,3248,65,109725
GPP,3249,65,109756
GPP,3250,65,109803
GPP,3251,65,109835
GPP,3252,65,109866
GPP,3253,65,109898
GPP,3254,65,109929
GPP,3255,65,109961
GPP,3256,65,109992
GPP,3257,65,110039
GPP,3258,65,110071
GPP,3259,65,110102
GPP,3260,65,110134
GPP,3261,65,110165
GPP,3262,65,110197
GPP,3263,65,110244
GPP,3264,65,110278
GPP,3265,65,110307
GPP,3266,65,110338
GPP,3267,65,110370
GPP,3268,65,110401
GPP,3269,65,110433
GPP,3270,65,110482
GPP,3271,65,110515
GPP,3272,65,110542
GPP,3273,65,110574
GPP,3274,65,110614
GPP,3275,65,110637
GPP,3276,65,110684
GPP,3277,65,110715
GPP,3278,65,110747
GPP,3279,65,110778
GPP,3280,65,110810
GPP,3281,65,110841
GPP,3282,65,110872
GPP,3283,65,110920
GPP,3284,65,110951
GPP,3285,65,110982
GPP,3286,65,111014
GPP,3287,65,111045
GPP,3288,65,111077
GPP,3289,65,111124
GPP,3290,65,111155
GPP,3291,65,111187
GPP,3292,65,111218
GPP,3293,65,111250
GPP,3294,65,111283
GPP,3295,65,111328
GPP,3296,65,111359
GPP,3297,65,111391
GPP,3298,65,111422
GPP,3299,65,111454
GPP,3300,65,111485
GPP,3301,65,111517
GPP,3302,65,111564
GPP,3303,65,111595
GPP,3304,65,111627
GPP,3305,65,111658
GPP,3306,65,111689
GPP,3307,65,111721
GPP,3308,65,111768
GPP,3309,65,111800
GPP,3310,65,111831
GPP,3311,65,111866
GPP,3312,65,111894
GPP,3313,65,111925
GPP,3314,65,111957
GPP,3315,65,112004
GPP,3316,65,112036
GPP,3317,65,112067
GPP,3318,65,112098
GPP,3319,65,112130
GPP,3320,65,112161
GPP,3321,65,112208
GPP,3322,65,112240
GPP,3323,65,112271
GPP,3324,65,112302
GPP,3325,65,112334
GPP,3326,65,112365
GPP,3327,65,112397
GPP,3328,65,112444
GPP,3329,65,112475
GPP,3330,65,112507
GPP,3331,65,112538
GPP,3332,65,112570
GPP,3333,65,112601
GPP,3334,65,112648
GPP,3335,65,112680
GPP,3336,65,112711
GPP,3337,65,112742
GPP,3338,65,112774
GPP,3339,65,112805
GPP,3340,65,112852
GPP,3341,65,112884
GPP,3342,65,112915
GPP,3343,65,112946
GPP,3344,65,112978
GPP,3345,65,113017
GPP,3346,65,113056
GPP,3347,65,113088
GPP,3348,65,113119
GPP,3349,65,113150
GPP,3350,65,113182
GPP,3351,65,113213
GPP,3352,65,113260
GPP,3353,65,113292
GPP,3354,65,113323
GPP,3355,65,113355
GPP,3356,65,113386
GPP,3357,65,113418
GPP,3358,65,113449
GPP,3359,65,113496
GPP,3360,65,113528
GPP,3361,65,113559
GPP,3362,65,113591
GPP,3363,65,113622
GPP,3364,65,113654
GPP,3365,65,113685
GPP,3366,65,113732
GPP,3367,65,113763
GPP,3368,65,113795
GPP,3369,65,113826
GPP,3370,65,113858
GPP,3371,65,113889
GPP,3372,65,113936
GPP,3373,65,113968
GPP,3374,65,113999
GPP,3375,65,114031
GPP,3376,65,114062
GPP,3377,65,114094
GPP,3378,65,114125
GPP,3379,65,114172
GPP,3380,65,114203
GPP,3381,65,114235
GPP,3382,65,114266
GPP,3383,65,114298
GPP,3384,65,114329
GPP,3385,65,114369
GPP,3386,65,114408
GPP,3387,65,114439
GPP,3388,65,114471
GPP,3389,65,114502
GPP,3390,65,114533
GPP,3391,65,114565
GPP,3392,65,114596
GPP,3393,65,114643
GPP,3394,65,114674
GPP,3395,65,114706
GPP,3396,65,114737
GPP,3397,65,114769
GPP,3398,65,114800
GPP,3399,65,114847
GPP,3400,65,114878
GPP,3401,65,114910
GPP,3402,65,114941
GPP,3403,65,114972
GPP,3404,65,115004
GPP,3405,65,115035
GPP,3406,65,115082
GPP,3407,65,115114
GPP,3408,65,115145
GPP,3409,65,115176
GPP,3410,65,115208
GPP,3411,65,115240
GPP,3412,65,115271
GPP,3413,65,115319
GPP,3414,65,115349
GPP,3415,65,115381
GPP,3416,65,115412
GPP,3417,65,115443
GPP,3418,65,115475
GPP,3419,65,115522
GPP,3420,65,115553
GPP,3421,65,115584
GPP,3422,65,115616
GPP,3423,65,115647
GPP,3424,65,115678
GPP,3425,65,115710
GPP,3426,65,115757
GPP,3427,65,115788
GPP,3428,65,115819
GPP,3429,65,115851
GPP,3430,65,115882
GPP,3431,65,115914
GPP,3432,65,115945
GPP,3433,65,115992
GPP,3434,65,116023
GPP,3435,65,116055
GPP,3436,65,116086
GPP,3437,65,116118
GPP,3438,65,116165
GPP,3439,65,116196
GPP,3440,65,116227
GPP,3441,65,116259
GPP,3442,65,116290
GPP,3443,65,116337
GPP,3444,65,116370
GPP,3445,65,116405
GPP,3446,65,116430
GPP,3447,65,116461
GPP,3448,65,116493
GPP,3449,65,116524
GPP,3450,65,116571
GPP,3451,65,116602
GPP,3452,65,116634
GPP,3453,65,116666
GPP,3454,65,116697
GPP,3455,65,116729
GPP,3456,65,116776
GPP,3457,65,116807
GPP,3458,65,116839
GPP,3459,65,116870
GPP,3460,65,116901
GPP,3461,65,116933
GPP,3462,65,116964
GPP,3463,65,117011
GPP,3464,65,117043
GPP,3465,65,117074
GPP,3466,65,117106
GPP,3467,65,117137
GPP,3468,65,117168
GPP,3469,65,117216
GPP,3470,65,117247
GPP,3471,65,117278
GPP,3472,65,117310
GPP,3473,65,117341
GPP,3474,65,117373
GPP,3475,65,117404
GPP,3476,65,117452
GPP,3477,65,117483
GPP,3478,65,117514
GPP,3479,65,117546
GPP,3480,65,117577
GPP,3481,65,117609
GPP,3482,65,117640
GPP,3483,65,117687
GPP,3484,65,117718
GPP,3485,65,117750
GPP,3486,65,117781
GPP,3487,65,117813
GPP,3488,65,117844
GPP,3489,65,117876
GPP,3490,65,117923
GPP,3491,65,117954
GPP,3492,65,117986
GPP,3493,65,118017
GPP,3494,65,118048
GPP,3495,65,118080
GPP,3496,65,118127
GPP,3497,65,118159
GPP,3498,65,118190
GPP,3499,65,118221
GPP,3500,65,118253
GPP,3501,65,118284
GPP,3502,65,118315
GPP,3503,65,118363
GPP,3504,65,118394
GPP,3505,65,118426
GPP,3506,65,118463
GPP,3507,65,118488
GPP,3508,65,118520
GPP,3509,65,118551
GPP,3510,65,118598
GPP,3511,65,118630
GPP,3512,65,118661
GPP,3513,65,118693
GPP,3514,65,118724
GPP,3515,65,118755
GPP,3516,65,118787
GPP,3517,65,118818
GPP,3518,65,118865
GPP,3519,65,118896
GPP,3520,65,118928
GPP,3521,65,118959
GPP,3522,65,118991
GPP,3523,65,119022
GPP,3524,65,119069
GPP,3525,65,119100
GPP,3526,65,119132
GPP,3527,65,119163
GPP,3528,65,119195
GPP,3529,65,119226
GPP,3530,65,119258
GPP,3531,65,119305
GPP,3532,65,119336
GPP,3533,65,119368
GPP,3534,65,119399
GPP,3535,65,119431
GPP,3536,65,119462
GPP,3537,65,119494
GPP,3538,65,119525
GPP,3539,65,119572
GPP,3540,65,119604
GPP,3541,65,119635
GPP,3542,65,119666
GPP,3543,65,119698
GPP,3544,65,119729
GPP,3545,65,119761
GPP,3546,65,119808
GPP,3547,65,119840
GPP,3548,65,119871
GPP,3549,65,119902
GPP,3550,65,119934
GPP,3551,65,119965
GPP,3552,65,119997
GPP,3553,65,120028
GPP,3554,65,120075
GPP,3555,65,120107
GPP,3556,65,120138
GPP,3557,65,120169
GPP,3558,65,120201
GPP,3559,65,120232
GPP,3560,65,120263
GPP,3561,65,120311
GPP,3562,65,120342
GPP,3563,65,120374
GPP,3564,65,120405
GPP,3565,65,120436
GPP,3566,65,120468
GPP,3567,65,120499
GPP,3568,65,120546
GPP,3569,65,120578
GPP,3570,65,120609
GPP,3571,65,120640
GPP,3572,65,120672
GPP,3573,65,120703
GPP,3574,65,120735
GPP,3575,65,120782
GPP,3576,65,120813
GPP,3577,65,120845
GPP,3578,65,120876
GPP,3579,65,120907
GPP,3580,65,120939
GPP,3581,65,120970
GPP,3582,65,121017
GPP,3583,65,121049
GPP,3584,65,121080
GPP,3585,65,121111
GPP,3586,65,121143
GPP,3587,65,121174
GPP,3588,65,121206
GPP,3589,65,121253
GPP,3590,65,121284
GPP,3591,65,121316
GPP,3592,65,121347
GPP,3593,65,121378
GPP,3594,65,121410
GPP,3595,65,121457
GPP,3596,65,121488
GPP,3597,65,121520
GPP,3598,65,121551
GPP,3599,65,121583
GPP,3600,65,121614
GPP,3601,65,121645
GPP,3602,65,121692
GPP,3603,65,121724
GPP,3604,65,121755
GPP,3605,65,121787
GPP,3606,65,121818
GPP,3607,65,121850
GPP,3608,65,121881
GPP,3609,65,121928
GPP,3610,65,121960
GPP,3611,65,121991
GPP,3612,65,122023
GPP,3613,65,122054
GPP,3614,65,122086
GPP,3615,65,122133
GPP,3616,65,122164
GPP,3617,65,122196
GPP,3618,65,122227
GPP,3619,65,122266
GPP,3620,65,122290
GPP,3621,65,122337
GPP,3622,65,122368
GPP,3623,65,122400
GPP,3624,65,122431
GPP,3625,65,122463
GPP,3626,65,122494
GPP,3627,65,122544
GPP,3628,65,122573
GPP,3629,65,122604
GPP,3630,65,122635
GPP,3631,65,122667
GPP,3632,65,122714
GPP,3633,65,122745
GPP,3634,65,122777
GPP,3635,65,122808
GPP,3636,65,122840
GPP,3637,65,122871
GPP,3638,65,122918
GPP,3639,65,122949
GPP,3640,65,122981
GPP,3641,65,123012
GPP,3642,65,123044
GPP,3643,65,123075
GPP,3644,65,123122
GPP,3645,65,123154
GPP,3646,65,123185
GPP,3647,65,123217
GPP,3648,65,123248
GPP,3649,65,123280
GPP,3650,65,123311
GPP,3651,65,123358
GPP,3652,65,123390
GPP,3653,65,123421
GPP,3654,65,123453
GPP,3655,65,123484
GPP,3656,65,123515
GPP,3657,65,123563
GPP,3658,65,123594
GPP,3659,65,123625
GPP,3660,65,123657
GPP,3661,65,123688
GPP,3662,65,123720
GPP,3663,65,123767
GPP,3664,65,123799
GPP,3665,65,123830
GPP,3666,65,123861
GPP,3667,65,123893
GPP,3668,65,123924
GPP,3669,65,123956
GPP,3670,65,124003
GPP,3671,65,124034
GPP,3672,65,124066
GPP,3673,65,124097
GPP,3674,65,124129
GPP,3675,65,124160
GPP,3676,65,124207
GPP,3677,65,124239
GPP,3678,65,124270
GPP,3679,65,124301
GPP,3680,65,124333
GPP,3681,65,124364
GPP,3682,65,124411
GPP,3683,65,124443
GPP,3684,65,124474
GPP,3685,65,124506
GPP,3686,65,124537
GPP,3687,65,124568
GPP,3688,65,124600
GPP,3689,65,124647
GPP,3690,65,124678
GPP,3691,65,124710
GPP,3692,65,124741
GPP,3693,65,124773
GPP,3694,65,124804
GPP,3695,65,124836
GPP,3696,65,124883
GPP,3697,65,124914
GPP,3698,65,124945
GPP,3699,65,124977
GPP,3700,65,125017
GPP,3701,65,125039
GPP,3702,65,125071
GPP,3703,65,125118
GPP,3704,65,125149
GPP,3705,65,125181
GPP,3706,65,125212
GPP,3707,65,125244
GPP,3708,65,125283
GPP,3709,65,125306
GPP,3710,65,125354
GPP,3711,65,125385
GPP,3712,65,125417
GPP,3713,65,125448
GPP,3714,65,125479
GPP,3715,65,125511
GPP,3716,65,125558
GPP,3717,65,125589
GPP,3718,65,125621
GPP,3719,65,125652
GPP,3720,65,125684
GPP,3721,65,125715
GPP,3722,65,125747
GPP,3723,65,125794
GPP,3724,65,125825
GPP,3725,65,125856
GPP,3726,65,125888
GPP,3727,65,125919
GPP,3728,65,125951
GPP,3729,65,125982
GPP,3730,65,126029
GPP,3731,65,126061
GPP,3732,65,126092
GPP,3733,65,126124
GPP,3734,65,126155
GPP,3735,65,126186
GPP,3736,65,126218
GPP,3737,65,126265
GPP,3738,65,126296
GPP,3739,65,126328
GPP,3740,65,126359
GPP,3741,65,126391
GPP,3742,65,126422
GPP,3743,65,126454
GPP,3744,65,126501
GPP,3745,65,126532
GPP,3746,65,126563
GPP,3747,65,126595
GPP,3748,65,126626
GPP,3749,65,126658
GPP,3750,65,126689
GPP,3751,65,126721
GPP,3752,65,126768
GPP,3753,65,126799
GPP,3754,65,126831
GPP,3755,65,126862
GPP,3756,65,126894
GPP,3757,65,126925
GPP,3758,65,126956
GPP,3759,65,127003
GPP,3760,65,127035
GPP,3761,65,127066
GPP,3762,65,127098
GPP,3763,65,127129
GPP,3764,65,127161
GPP,3765,65,127192
GPP,3766,65,127239
GPP,3767,65,127270
GPP,3768,65,127302
GPP,3769,65,127333
GPP,3770,65,127365
GPP,3771,65,127396
GPP,3772,65,127427
GPP,3773,65,127474
GPP,3774,65,127506
GPP,3775,65,127537
GPP,3776,65,127569
GPP,3777,65,127600
GPP,3778,65,127632
GPP,3779,65,127679
GPP,3780,65,127710
GPP,3781,65,127742
GPP,3782,65,127773
GPP,3783,65,127804
GPP,3784,65,127836
GPP,3785,65,127867
GPP,3786,65,127914
GPP,3787,65,127946
GPP,3788,65,127977
GPP,3789,65,128008
GPP,3790,65,128040
GPP,3791,65,128071
GPP,3792,65,128118
GPP,3793,65,128152
GPP,3794,65,128185
GPP,3795,65,128220
GPP,3796,65,128253
GPP,3797,65,128286
GPP,3798,65,128320
GPP,3799,65,128355
GPP,3800,65,128389
GPP,3801,65,128422
GPP,3802,65,128456
GPP,3803,65,128489
GPP,3804,65,128525
GPP,3805,65,128558
GPP,3806,65,128591
GPP,3807,65,128626
GPP,3808,65,128659
GPP,3809,65,128693
GPP,3810,65,128727
GPP,3811,65,128760
GPP,3812,65,128794
GPP,3813,65,128829
GPP,3814,65,128861
GPP,3815,65,128895
GPP,3816,65,128930
GPP,3817,65,128964
GPP,3818,65,128997
GPP,3819,65,129031
GPP,3820,65,129064
GPP,3821,65,129098
GPP,3822,65,129133
GPP,3823,65,129166
GPP,3824,65,129200
GPP,3825,65,129232
GPP,3826,65,129267
GPP,3827,65,129300
GPP,3828,65,129334
GPP,3829,65,129368
GPP,3830,65,129402
GPP,3831,65,129435
GPP,3832,65,129469
GPP,3833,65,129502
GPP,3834,65,129537
GPP,3835,65,129570
GPP,3836,65,129603
GPP,3837,65,129637
GPP,3838,65,129670
GPP,3839,65,129704
GPP,3840,65,129738
GPP,3841,65,129771
GPP,3842,65,129805
GPP,3843,65,129839
GPP,3844,65,129872
GPP,3845,65,129905
GPP,3846,65,129938
GPP,3847,65,129972
GPP,3848,65,130007
GPP,3849,65,130040
GPP,3850,65,130074
GPP,3851,65,130107
GPP,3852,65,130141
GPP,3853,65,130175
GPP,3854,65,130209
GPP,3855,65,130242
GPP,3856,65,130276
GPP,3857,65,130308
GPP,3858,65,130343
GPP,3859,65,130376
GPP,3860,65,130410
GPP,3861,65,130443
GPP,3862,65,130476
GPP,3863,65,130510
GPP,3864,65,130545
GPP,3865,65,130578
GPP,3866,65,130611
GPP,3867,65,130645
GPP,3868,65,130678
GPP,3869,65,130711
GPP,3870,65,130745
GPP,3871,65,130779
GPP,3872,65,130813
GPP,3873,65,130846
GPP,3874,65,130879
GPP,3875,65,130913
GPP,3876,65,130947
GPP,3877,65,130980
GPP,3878,65,131014
GPP,3879,65,131047
GPP,3880,65,131081
GPP,3881,65,131114
GPP,3882,65,131149
GPP,3883,65,131182
GPP,3884,65,131215
GPP,3885,65,131249
GPP,3886,65,131282
GPP,3887,65,131316
GPP,3888,65,131349
GPP,3889,65,131382
GPP,3890,65,131417
GPP,3891,65,131449
GPP,3892,65,131483
GPP,3893,65,131517
GPP,3894,65,131550
GPP,3895,65,131585
GPP,3896,65,131617
GPP,3897,65,131652
GPP,3898,65,131685
GPP,3899,65,131719
GPP,3900,65,131752
GPP,3901,65,131786
GPP,3902,65,131819
GPP,3903,65,131853
GPP,3904,65,131886
GPP,3905,65,131919
GPP,3906,65,131952
GPP,3907,65,131973
GPP,3908,65,132020
GPP,3909,65,132051
GPP,3910,65,132087
GPP,3911,65,132114
GPP,3912,65,132145
GPP,3913,65,132177
GPP,3914,65,132208
GPP,3915,65,132255
GPP,3916,65,132287
GPP,3917,65,132318
GPP,3918,65,132350
GPP,3919,65,132381
GPP,3920,65,132413
GPP,3921,65,132460
GPP,3922,65,132492
GPP,3923,65,132523
GPP,3924,65,132554
GPP,3925,65,132586
GPP,3926,65,132617
GPP,3927,65,132649
GPP,3928,65,132680
GPP,3929,65,132727
GPP,3930,65,132759
GPP,3931,65,132790
GPP,3932,65,132822
GPP,3933,65,132853
GPP,3934,65,132885
GPP,3935,65,132916
GPP,3936,65,132947
GPP,3937,65,132994
GPP,3938,65,133026
GPP,3939,65,133057
GPP,3940,65,133089
GPP,3941,65,133120
GPP,3942,65,133152
GPP,3943,65,133199
GPP,3944,65,133230
GPP,3945,65,133262
GPP,3946,65,133293
GPP,3947,65,133324
GPP,3948,65,133356
GPP,3949,65,133387
GPP,3950,65,133434
GPP,3951,65,133465
GPP,3952,65,133497
GPP,3953,65,133528
GPP,3954,65,133560
GPP,3955,65,133591
GPP,3956,65,133623
GPP,3957,65,133654
GPP,3958,65,133701
GPP,3959,65,133733
GPP,3960,65,133764
GPP,3961,65,133795
GPP,3962,65,133827
GPP,3963,65,133858
GPP,3964,65,133890
GPP,3965,65,133937
GPP,3966,65,133968
GPP,3967,65,134000
GPP,3968,65,134031
GPP,3969,65,134062
GPP,3970,65,134094
GPP,3971,65,134141
GPP,3972,65,134173
GPP,3973,65,134204
GPP,3974,65,134235
GPP,3975,65,134267
GPP,3976,65,134298
GPP,3977,65,134330
GPP,3978,65,134377
GPP,3979,65,134408
GPP,3980,65,134440
GPP,3981,65,134471
GPP,3982,65,134503
GPP,3983,65,134534
GPP,3984,65,134566
GPP,3985,65,134613
GPP,3986,65,134644
GPP,3987,65,134676
GPP,3988,65,134707
GPP,3989,65,134739
GPP,3990,65,134770
GPP,3991,65,134801
GPP,3992,65,134849
GPP,3993,65,134880
GPP,3994,65,134911
GPP,3995,65,134943
GPP,3996,65,134974
GPP,3997,65,135006
GPP,3998,65,135053
GPP,3999,65,135084
GPP,4000,65,135115
GPP,4001,65,135147
GPP,4002,65,135178
GPP,4003,65,135210
GPP,4004,65,135257
GPP,4005,65,135289
GPP,4006,65,135320
GPP,4007,65,135352
GPP,4008,65,135383
GPP,4009,65,135414
GPP,4010,65,135446
GPP,4011,65,135493
GPP,4012,65,135524
GPP,4013,65,135555
GPP,4014,65,135587
GPP,4015,65,135634
GPP,4016,65,135665
GPP,4017,65,135696
GPP,4018,65,135728
GPP,4019,65,135760
GPP,4020,65,135791
GPP,4021,65,135822
GPP,4022,65,135869
GPP,4023,65,135901
GPP,4024,65,135932
GPP,4025,65,135963
GPP,4026,65,135995
GPP,4027,65,136026
GPP,4028,65,136073
GPP,4029,65,136105
GPP,4030,65,136136
GPP,4031,65,136167
GPP,4032,65,136199
GPP,4033,65,136230
GPP,4034,65,136262
GPP,4035,65,136293
GPP,4036,65,136340
GPP,4037,65,136371
GPP,4038,65,136403
GPP,4039,65,136434
GPP,4040,65,136465
GPP,4041,65,136497
GPP,4042,65,136544
GPP,4043,65,136575
GPP,4044,65,136606
GPP,4045,65,136638
GPP,4046,65,136669
GPP,4047,65,136700
GPP,4048,65,136731
GPP,4049,65,136779
GPP,4050,65,136810
GPP,4051,65,136842
GPP,4052,65,136874
GPP,4053,65,136905
GPP,4054,65,136936
GPP,4055,65,136983
GPP,4056,65,137015
GPP,4057,65,137046
GPP,4058,65,137077
GPP,4059,65,137109
GPP,4060,65,137140
GPP,4061,65,137187
GPP,4062,65,137219
GPP,4063,65,137250
GPP,4064,65,137281
GPP,4065,65,137313
GPP,4066,65,137344
GPP,4067,65,137376
GPP,4068,65,137423
GPP,4069,65,137454
GPP,4070,65,137486
GPP,4071,65,137517
GPP,4072,65,137557
GPP,4073,65,137580
GPP,4074,65,137611
GPP,4075,65,137659
GPP,4076,65,137690
GPP,4077,65,137726
GPP,4078,65,137759
GPP,4079,65,137794
GPP,4080,65,137828
GPP,4081,65,137862
GPP,4082,65,137895
GPP,4083,65,137929
GPP,4084,65,137963
GPP,4085,65,137996
GPP,4086,65,138029
GPP,4087,65,138063
GPP,4088,65,138096
GPP,4089,65,138131
GPP,4090,65,138165
GPP,4091,65,138198
GPP,4092,65,138232
GPP,4093,65,138266
GPP,4094,65,138300
GPP,4095,65,138334
GPP,4096,65,138366
GPP,4097,65,138400
GPP,4098,65,138434
GPP,4099,65,138468
GPP,4100,65,138501
GPP,4101,65,138535
GPP,4102,65,138569
GPP,4103,65,138601
GPP,4104,65,138636
GPP,4105,65,138669
GPP,4106,65,138704
GPP,4107,65,138736
GPP,4108,65,138769
GPP,4109,65,138804
GPP,4110,65,138838
GPP,4111,65,138871
GPP,4112,65,138905
GPP,4113,65,138939
GPP,4114,65,138973
GPP,4115,65,139006
GPP,4116,65,139041
GPP,4117,65,139073
GPP,4118,65,139109
GPP,4119,65,139142
GPP,4120,65,139177
GPP,4121,65,139209
GPP,4122,65,139243
GPP,4123,65,139276
GPP,4124,65,139310
GPP,4125,65,139343
GPP,4126,65,139379
GPP,4127,65,139412
GPP,4128,65,139445
GPP,4129,65,139480
GPP,4130,65,139514
GPP,4131,65,139546
GPP,4132,65,139580
GPP,4133,65,139613
GPP,4134,65,139648
GPP,4135,65,139680
GPP,4136,65,139716
GPP,4137,65,139749
GPP,4138,65,139784
GPP,4139,65,139817
GPP,4140,65,139850
GPP,4141,65,139884
GPP,4142,65,139920
GPP,4143,65,139954
GPP,4144,65,139977
GPP,4145,65,140008
GPP,4146,65,140040
GPP,4147,65,140087
GPP,4148,65,140119
GPP,4149,65,140150
GPP,4150,65,140181
GPP,4151,65,140213
GPP,4152,65,140245
GPP,4153,65,140276
GPP,4154,65,140323
GPP,4155,65,140354
GPP,4156,65,140386
GPP,4157,65,140417
GPP,4158,65,140449
GPP,4159,65,140480
GPP,4160,65,140511
GPP,4161,65,140559
GPP,4162,65,140590
GPP,4163,65,140621
GPP,4164,65,140652
GPP,4165,65,140684
GPP,4166,65,140715
GPP,4167,65,140746
GPP,4168,65,140794
GPP,4169,65,140825
GPP,4170,65,140857
GPP,4171,65,140888
GPP,4172,65,140919
GPP,4173,65,140951
GPP,4174,65,140982
GPP,4175,65,141029
GPP,4176,65,141060
GPP,4177,65,141092
GPP,4178,65,141123
GPP,4179,65,141155
GPP,4180,65,141186
GPP,4181,65,141217
GPP,4182,65,141264
GPP,4183,65,141296
GPP,4184,65,141327
GPP,4185,65,141358
GPP,4186,65,141389
GPP,4187,65,141421
GPP,4188,65,141452
GPP,4189,65,141499
GPP,4190,65,141531
GPP,4191,65,141562
GPP,4192,65,141593
GPP,4193,65,141632
GPP,4194,65,141656
GPP,4195,65,141687
GPP,4196,65,141735
GPP,4197,65,141770
GPP,4198,65,141803
GPP,4199,65,141836
GPP,4200,65,141870
GPP,4201,65,141903
GPP,4202,65,141936
GPP,4203,65,141971
GPP,4204,65,142004
GPP,4205,65,142038
GPP,4206,65,142071
GPP,4207,65,142105
GPP,4208,65,142138
GPP,4209,65,142172
GPP,4210,65,142207
GPP,4211,65,142241
GPP,4212,65,142275
GPP,4213,65,142308
GPP,4214,65,142342
GPP,4215,65,142374
GPP,4216,65,142408
GPP,4217,65,142441
GPP,4218,65,142475
GPP,4219,65,142510
GPP,4220,65,142543
GPP,4221,65,142577
GPP,4222,65,142610
GPP,4223,65,142643
GPP,4224,65,142678
GPP,4225,65,142711
GPP,4226,65,142744
GPP,4227,65,142778
GPP,4228,65,142812
GPP,4229,65,142847
GPP,4230,65,142880
GPP,4231,65,142913
GPP,4232,65,142947
GPP,4233,65,142981
GPP,4234,65,143015
GPP,4235,65,143049
GPP,4236,65,143082
GPP,4237,65,143115
GPP,4238,65,143150
GPP,4239,65,143182
GPP,4240,65,143217
GPP,4241,65,143250
GPP,4242,65,143284
GPP,4243,65,143318
GPP,4244,65,143351
GPP,4245,65,143385
GPP,4246,65,143419
GPP,4247,65,143452
GPP,4248,65,143487
GPP,4249,65,143519
GPP,4250,65,143553
GPP,4251,65,143587
GPP,4252,65,143620
GPP,4253,65,143655
GPP,4254,65,143689
GPP,4255,65,143722
GPP,4256,65,143755
GPP,4257,65,143777
GPP,4258,65,143808
GPP,4259,65,143855
GPP,4260,65,143886
GPP,4261,65,143918
GPP,4262,65,143949
GPP,4263,65,143980
GPP,4264,65,144012
GPP,4265,65,144059
GPP,4266,65,144090
GPP,4267,65,144121
GPP,4268,65,144153
GPP,4269,65,144184
GPP,4270,65,144215
GPP,4271,65,144247
GPP,4272,65,144294
GPP,4273,65,144325
GPP,4274,65,144362
GPP,4275,65,144388
GPP,4276,65,144419
GPP,4277,65,144451
GPP,4278,65,144498
GPP,4279,65,144529
GPP,4280,65,144561
GPP,4281,65,144592
GPP,4282,65,144623
GPP,4283,65,144655
GPP,4284,65,144686
GPP,4285,65,144733
GPP,4286,65,144764
GPP,4287,65,144796
GPP,4288,65,144827
GPP,4289,65,144858
GPP,4290,65,144890
GPP,4291,65,144937
GPP,4292,65,144968
GPP,4293,65,145000
GPP,4294,65,145031
GPP,4295,65,145063
GPP,4296,65,145094
GPP,4297,65,145141
GPP,4298,65,145173
GPP,4299,65,145204
GPP,4300,65,145236
GPP,4301,65,145267
GPP,4302,65,145299
GPP,4303,65,145346
GPP,4304,65,145377
GPP,4305,65,145408
GPP,4306,65,145440
GPP,4307,65,145471
GPP,4308,65,145503
GPP,4309,65,145534
GPP,4310,65,145566
GPP,4311,65,145613
GPP,4312,65,145644
GPP,4313,65,145676
GPP,4314,65,145707
GPP,4315,65,145738
GPP,4316,65,145770
GPP,4317,65,145817
GPP,4318,65,145848
GPP,4319,65,145880
GPP,4320,65,145911
GPP,4321,65,145943
GPP,4322,65,145974
GPP,4323,65,146006
GPP,4324,65,146053
GPP,4325,65,146084
GPP,4326,65,146115
GPP,4327,65,146147
GPP,4328,65,146178
GPP,4329,65,146226
GPP,4330,65,146257
GPP,4331,65,146288
GPP,4332,65,146320
GPP,4333,65,146351
GPP,4334,65,146382
GPP,4335,65,146414
GPP,4336,65,146461
GPP,4337,65,146492
GPP,4338,65,146524
GPP,4339,65,146555
GPP,4340,65,146587
GPP,4341,65,146618
GPP,4342,65,146650
GPP,4343,65,146681
GPP,4344,65,146729
GPP,4345,65,146760
GPP,4346,65,146792
GPP,4347,65,146823
GPP,4348,65,146854
GPP,4349,65,146886
GPP,4350,65,146932
GPP,4351,65,146964
GPP,4352,65,146995
GPP,4353,65,147026
GPP,4354,65,147058
GPP,4355,65,147097
GPP,4356,65,147121
GPP,4357,65,147168
GPP,4358,65,147199
GPP,4359,65,147231
GPP,4360,65,147262
GPP,4361,65,147293
GPP,4362,65,147325
GPP,4363,65,147356
GPP,4364,65,147403
GPP,4365,65,147434
GPP,4366,65,147466
GPP,4367,65,147497
GPP,4368,65,147528
GPP,4369,65,147560
GPP,4370,65,147591
GPP,4371,65,147638
GPP,4372,65,147670
GPP,4373,65,147701
GPP,4374,65,147732
GPP,4375,65,147764
GPP,4376,65,147795
GPP,4377,65,147842
GPP,4378,65,147873
GPP,4379,65,147905
GPP,4380,65,147936
GPP,4381,65,147967
GPP,4382,65,147999
GPP,4383,65,148030
GPP,4384,65,148077
GPP,4385,65,148108
GPP,4386,65,148140
GPP,4387,65,148171
GPP,4388,65,148202
GPP,4389,65,148234
GPP,4390,65,148281
GPP,4391,65,148312
GPP,4392,65,148343
GPP,4393,65,148375
GPP,4394,65,148406
GPP,4395,65,148438
GPP,4396,65,148469
GPP,4397,65,148516
GPP,4398,65,148548
GPP,4399,65,148579
GPP,4400,65,148610
GPP,4401,65,148642
GPP,4402,65,148673
GPP,4403,65,148720
GPP,4404,65,148751
GPP,4405,65,148783
GPP,4406,65,148814
GPP,4407,65,148845
GPP,4408,65,148877
GPP,4409,65,148908
GPP,4410,65,148955
GPP,4411,65,148986
GPP,4412,65,149017
GPP,4413,65,149049
GPP,4414,65,149080
GPP,4415,65,149111
GPP,4416,65,149158
GPP,4417,65,149190
GPP,4418,65,149221
GPP,4419,65,149252
GPP,4420,65,149284
GPP,4421,65,149315
GPP,4422,65,149346
GPP,4423,65,149393
GPP,4424,65,149424
GPP,4425,65,149456
GPP,4426,65,149487
GPP,4427,65,149518
GPP,4428,65,149550
GPP,4429,65,149581
GPP,4430,65,149628
GPP,4431,65,149659
GPP,4432,65,149691
GPP,4433,65,149722
GPP,4434,65,149753
GPP,4435,65,149785
GPP,4436,65,149832
GPP,4437,65,149863
GPP,4438,65,149895
GPP,4439,65,149926
GPP,4440,65,149957
GPP,4441,65,149989
GPP,4442,65,150020
GPP,4443,65,150067
GPP,4444,65,150098
GPP,4445,65,150130
GPP,4446,65,150161
GPP,4447,65,150192
GPP,4448,65,150224
GPP,4449,65,150271
GPP,4450,65,150302
GPP,4451,65,150334
GPP,4452,65,150365
GPP,4453,65,150396
GPP,4454,65,150427
GPP,4455,65,150459
GPP,4456,65,150506
GPP,4457,65,150537
GPP,4458,65,150569
GPP,4459,65,150600
GPP,4460,65,150631
GPP,4461,65,150663
GPP,4462,65,150710
GPP,4463,65,150741
GPP,4464,65,150772
GPP,4465,65,150804
GPP,4466,65,150835
GPP,4467,65,150866
GPP,4468,65,150898
GPP,4469,65,150945
GPP,4470,65,150976
GPP,4471,65,151007
GPP,4472,65,151039
GPP,4473,65,151070
GPP,4474,65,151101
GPP,4475,65,151148
GPP,4476,65,151182
GPP,4477,65,151211
GPP,4478,65,151243
GPP,4479,65,151274
GPP,4480,65,151305
GPP,4481,65,151337
GPP,4482,65,151384
GPP,4483,65,151415
GPP,4484,65,151447
GPP,4485,65,151478
GPP,4486,65,151509
GPP,4487,65,151541
GPP,4488,65,151572
GPP,4489,65,151619
GPP,4490,65,151651
GPP,4491,65,151682
GPP,4492,65,151713
GPP,4493,65,151744
GPP,4494,65,151776
GPP,4495,65,151823
GPP,4496,65,151854
GPP,4497,65,151885
GPP,4498,65,151917
GPP,4499,65,151948
GPP,4500,65,151979
GPP,4501,65,152011
GPP,4502,65,152058
GPP,4503,65,152089
GPP,4504,65,152120
GPP,4505,65,152152
GPP,4506,65,152183
GPP,4507,65,152214
GPP,4508,65,152261
GPP,4509,65,152293
GPP,4510,65,152324
GPP,4511,65,152355
GPP,4512,65,152387
GPP,4513,65,152418
GPP,4514,65,152449
GPP,4515,65,152497
GPP,4516,65,152528
GPP,4517,65,152559
GPP,4518,65,152591
GPP,4519,65,152622
GPP,4520,65,152653
GPP,4521,65,152685
GPP,4522,65,152732
GPP,4523,65,152763
GPP,4524,65,152795
GPP,4525,65,152826
GPP,4526,65,152858
GPP,4527,65,152889
GPP,4528,65,152920
GPP,4529,65,152952
GPP,4530,65,152999
GPP,4531,65,153030
GPP,4532,65,153062
GPP,4533,65,153093
GPP,4534,65,153125
GPP,4535,65,153156
GPP,4536,65,153187
GPP,4537,65,153234
GPP,4538,65,153266
GPP,4539,65,153297
GPP,4540,65,153329
GPP,4541,65,153360
GPP,4542,65,153391
GPP,4543,65,153438
GPP,4544,65,153470
GPP,4545,65,153501
GPP,4546,65,153532
GPP,4547,65,153564
GPP,4548,65,153595
GPP,4549,65,153627
GPP,4550,65,153674
GPP,4551,65,153705
GPP,4552,65,153737
GPP,4553,65,153768
GPP,4554,65,153799
GPP,4555,65,153831
GPP,4556,65,153862
GPP,4557,65,153909
GPP,4558,65,153941
GPP,4559,65,153972
GPP,4560,65,154004
GPP,4561,65,154035
GPP,4562,65,154066
GPP,4563,65,154113
GPP,4564,65,154145
GPP,4565,65,154176
GPP,4566,65,154208
GPP,4567,65,154239
GPP,4568,65,154271
GPP,4569,65,154302
GPP,4570,65,154349
GPP,4571,65,154380
GPP,4572,65,154412
GPP,4573,65,154443
GPP,4574,65,154475
GPP,4575,65,154506
GPP,4576,65,154548
GPP,4577,65,154584
GPP,4578,65,154616
GPP,4579,65,154647
GPP,4580,65,154679
GPP,4581,65,154710
GPP,4582,65,154741
GPP,4583,65,154788
GPP,4584,65,154820
GPP,4585,65,154851
GPP,4586,65,154883
GPP,4587,65,154914
GPP,4588,65,154946
GPP,4589,65,154977
GPP,4590,65,155025
GPP,4591,65,155056
GPP,4592,65,155087
GPP,4593,65,155119
GPP,4594,65,155150
GPP,4595,65,155182
GPP,4596,65,155213
GPP,4597,65,155261
GPP,4598,65,155292
GPP,4599,65,155323
GPP,4600,65,155354
GPP,4601,65,155386
GPP,4602,65,155417
GPP,4603,65,155449
GPP,4604,65,155496
GPP,4605,65,155527
GPP,4606,65,155559
GPP,4607,65,155590
GPP,4608,65,155621
GPP,4609,65,155653
GPP,4610,65,155684
GPP,4611,65,155731
GPP,4612,65,155763
GPP,4613,65,155794
GPP,4614,65,155826
GPP,4615,65,155857
GPP,4616,65,155888
GPP,4617,65,155920
GPP,4618,65,155951
GPP,4619,65,155998
GPP,4620,65,156030
GPP,4621,65,156061
GPP,4622,65,156093
GPP,4623,65,156124
GPP,4624,65,156155
GPP,4625,65,156187
GPP,4626,65,156234
GPP,4627,65,156265
GPP,4628,65,156297
GPP,4629,65,156328
GPP,4630,65,156360
GPP,4631,65,156391
GPP,4632,65,156438
GPP,4633,65,156469
GPP,4634,65,156501
GPP,4635,65,156532
GPP,4636,65,156564
GPP,4637,65,156595
GPP,4638,65,156634
GPP,4639,65,156673
GPP,4640,65,156705
GPP,4641,65,156737
GPP,4642,65,156768
GPP,4643,65,156799
GPP,4644,65,156831
GPP,4645,65,156862
GPP,4646,65,156909
GPP,4647,65,156941
GPP,4648,65,156972
GPP,4649,65,157003
GPP,4650,65,157035
GPP,4651,65,157066
GPP,4652,65,157098
GPP,4653,65,157129
GPP,4654,65,157176
GPP,4655,65,157208
GPP,4656,65,157239
GPP,4657,65,157270
GPP,4658,65,157302
GPP,4659,65,157333
GPP,4660,65,157365
GPP,4661,65,157412
GPP,4662,65,157443
GPP,4663,65,157475
GPP,4664,65,157506
GPP,4665,65,157537
GPP,4666,65,157569
GPP,4667,65,157600
GPP,4668,65,157647
GPP,4669,65,157679
GPP,4670,65,157710
GPP,4671,65,157742
GPP,4672,65,157773
GPP,4673,65,157805
GPP,4674,65,157852
GPP,4675,65,157886
GPP,4676,65,157919
GPP,4677,65,157954
GPP,4678,65,157987
GPP,4679,65,158022
GPP,4680,65,158056
GPP,4681,65,158091
GPP,4682,65,158125
GPP,4683,65,158158
GPP,4684,65,158191
GPP,4685,65,158225
GPP,4686,65,158259
GPP,4687,65,158291
GPP,4688,65,158325
GPP,4689,65,158361
GPP,4690,65,158394
GPP,4691,65,158428
GPP,4692,65,158461
GPP,4693,65,158495
GPP,4694,65,158529
GPP,4695,65,158562
GPP,4696,65,158597
GPP,4697,65,158630
GPP,4698,65,158664
GPP,4699,65,158697
GPP,4700,65,158731
GPP,4701,65,158765
GPP,4702,65,158796
GPP,4703,65,158828
GPP,4704,65,158859
GPP,4705,65,158891
GPP,4706,65,158922
GPP,4707,65,158969
GPP,4708,65,159001
GPP,4709,65,159032
GPP,4710,65,159063
GPP,4711,65,159094
GPP,4712,65,159126
GPP,4713,65,159157
GPP,4714,65,159204
GPP,4715,65,159235
GPP,4716,65,159267
GPP,4717,65,159298
GPP,4718,65,159329
GPP,4719,65,159361
GPP,4720,65,159392
GPP,4721,65,159439
GPP,4722,65,159471
GPP,4723,65,159502
GPP,4724,65,159533
GPP,4725,65,159565
GPP,4726,65,159596
GPP,4727,65,159643
GPP,4728,65,159674
GPP,4729,65,159706
GPP,4730,65,159737
GPP,4731,65,159768
GPP,4732,65,159800
GPP,4733,65,159831
GPP,4734,65,159878
GPP,4735,65,159910
GPP,4736,65,159941
GPP,4737,65,159972
GPP,4738,65,160003
GPP,4739,65,160035
GPP,4740,65,160066
GPP,4741,65,160113
GPP,4742,65,160144
GPP,4743,65,160176
GPP,4744,65,160207
GPP,4745,65,160238
GPP,4746,65,160270
GPP,4747,65,160301
GPP,4748,65,160348
GPP,4749,65,160379
GPP,4750,65,160411
GPP,4751,65,160442
GPP,4752,65,160473
GPP,4753,65,160505
GPP,4754,65,160552
GPP,4755,65,160583
GPP,4756,65,160614
GPP,4757,65,160646
GPP,4758,65,160677
GPP,4759,65,160717
GPP,4760,65,160740
GPP,4761,65,160787
GPP,4762,65,160818
GPP,4763,65,160849
GPP,4764,65,160881
GPP,4765,65,160912
GPP,4766,65,160943
GPP,4767,65,160975
GPP,4768,65,161022
GPP,4769,65,161053
GPP,4770,65,161084
GPP,4771,65,161116
GPP,4772,65,161147
GPP,4773,65,161179
GPP,4774,65,161226
GPP,4775,65,161257
GPP,4776,65,161288
GPP,4777,65,161320
GPP,4778,65,161351
GPP,4779,65,161382
GPP,4780,65,161414
GPP,4781,65,161461
GPP,4782,65,161492
GPP,4783,65,161523
GPP,4784,65,161555
GPP,4785,65,161586
GPP,4786,65,161617
GPP,4787,65,161664
GPP,4788,65,161695
GPP,4789,65,161727
GPP,4790,65,161758
GPP,4791,65,161789
GPP,4792,65,161821
GPP,4793,65,161868
GPP,4794,65,161899
GPP,4795,65,161930
GPP,4796,65,161962
GPP,4797,65,161993
GPP,4798,65,162024
GPP,4799,65,162071
GPP,4800,65,162103
GPP,4801,65,162134
GPP,4802,65,162165
GPP,4803,65,162197
GPP,4804,65,162228
GPP,4805,65,162275
GPP,4806,65,162306
GPP,4807,65,162338
GPP,4808,65,162369
GPP,4809,65,162400
GPP,4810,65,162432
GPP,4811,65,162463
GPP,4812,65,162510
GPP,4813,65,162542
GPP,4814,65,162573
GPP,4815,65,162605
GPP,4816,65,162636
GPP,4817,65,162667
GPP,4818,65,162698
GPP,4819,65,162745
GPP,4820,65,162777
GPP,4821,65,162808
GPP,4822,65,162839
GPP,4823,65,162871
GPP,4824,65,162902
GPP,4825,65,162949
GPP,4826,65,162981
GPP,4827,65,163012
GPP,4828,65,163043
GPP,4829,65,163075
GPP,4830,65,163106
GPP,4831,65,163138
GPP,4832,65,163185
GPP,4833,65,163216
GPP,4834,65,163248
GPP,4835,65,163279
GPP,4836,65,163311
GPP,4837,65,163342
GPP,4838,65,163373
GPP,4839,65,163420
GPP,4840,65,163452
GPP,4841,65,163483
GPP,4842,65,163515
GPP,4843,65,163546
GPP,4844,65,163578
GPP,4845,65,163609
GPP,4846,65,163656
GPP,4847,65,163687
GPP,4848,65,163719
GPP,4849,65,163750
GPP,4850,65,163782
GPP,4851,65,163813
GPP,4852,65,163844
GPP,4853,65,163876
GPP,4854,65,163923
GPP,4855,65,163954
GPP,4856,65,163986
GPP,4857,65,164017
GPP,4858,65,164049
GPP,4859,65,164080
GPP,4860,65,164112
GPP,4861,65,164159
GPP,4862,65,164190
GPP,4863,65,164222
GPP,4864,65,164253
GPP,4865,65,164285
GPP,4866,65,164316
GPP,4867,65,164348
GPP,4868,65,164395
GPP,4869,65,164426
GPP,4870,65,164458
GPP,4871,65,164489
GPP,4872,65,164521
GPP,4873,65,164552
GPP,4874,65,164584
GPP,4875,65,164631
GPP,4876,65,164662
GPP,4877,65,164694
GPP,4878,65,164725
GPP,4879,65,164757
GPP,4880,65,164788
GPP,4881,65,164820
GPP,4882,65,164867
GPP,4883,65,164898
GPP,4884,65,164930
GPP,4885,65,164961
GPP,4886,65,164993
GPP,4887,65,165024
GPP,4888,65,165056
GPP,4889,65,165103
GPP,4890,65,165134
GPP,4891,65,165165
GPP,4892,65,165197
GPP,4893,65,165228
GPP,4894,65,165260
GPP,4895,65,165291
GPP,4896,65,165338
GPP,4897,65,165370
GPP,4898,65,165401
GPP,4899,65,165433
GPP,4900,65,165464
GPP,4901,65,165495
GPP,4902,65,165527
GPP,4903,65,165574
GPP,4904,65,165606
GPP,4905,65,165637
GPP,4906,65,165668
GPP,4907,65,165700
GPP,4908,65,165731
GPP,4909,65,165763
GPP,4910,65,165794
GPP,4911,65,165842
GPP,4912,65,165873
GPP,4913,65,165904
GPP,4914,65,165936
GPP,4915,65,165967
GPP,4916,65,165999
GPP,4917,65,166046
GPP,4918,65,166077
GPP,4919,65,166109
GPP,4920,65,166140
GPP,4921,65,166179
GPP,4922,65,166203
GPP,4923,65,166234
GPP,4924,65,166266
GPP,4925,65,166313
GPP,4926,65,166344
GPP,4927,65,166375
GPP,4928,65,166407
GPP,4929,65,166438
GPP,4930,65,166469
GPP,4931,65,166516
GPP,4932,65,166548
GPP,4933,65,166579
GPP,4934,65,166610
GPP,4935,65,166642
GPP,4936,65,166673
GPP,4937,65,166704
GPP,4938,65,166736
GPP,4939,65,166783
GPP,4940,65,166814
GPP,4941,65,166845
GPP,4942,65,166877
GPP,4943,65,166908
GPP,4944,65,166939
GPP,4945,65,166971
GPP,4946,65,167018
GPP,4947,65,167049
GPP,4948,65,167080
GPP,4949,65,167112
GPP,4950,65,167143
GPP,4951,65,167174
GPP,4952,65,167206
GPP,4953,65,167253
GPP,4954,65,167284
GPP,4955,65,167315
GPP,4956,65,167347
GPP,4957,65,167378
GPP,4958,65,167409
GPP,4959,65,167440
GPP,4960,65,167487
GPP,4961,65,167519
GPP,4962,65,167550
GPP,4963,65,167582
GPP,4964,65,167613
GPP,4965,65,167644
GPP,4966,65,167676
GPP,4967,65,167723
GPP,4968,65,167754
GPP,4969,65,167785
GPP,4970,65,167817
GPP,4971,65,167848
GPP,4972,65,167879
GPP,4973,65,167911
GPP,4974,65,167958
GPP,4975,65,167989
GPP,4976,65,168020
GPP,4977,65,168052
GPP,4978,65,168083
GPP,4979,65,168115
GPP,4980,65,168146
GPP,4981,65,168193
GPP,4982,65,168224
GPP,4983,65,168255
GPP,4984,65,168287
GPP,4985,65,168318
GPP,4986,65,168349
GPP,4987,65,168396
GPP,4988,65,168428
GPP,4989,65,168459
GPP,4990,65,168490
GPP,4991,65,168522
GPP,4992,65,168553
GPP,4993,65,168585
GPP,4994,65,168632
GPP,4995,65,168663
GPP,4996,65,168694
GPP,4997,65,168725
GPP,4998,65,168757
GPP,4999,65,168788
QAP,0,1180,0
QAP,1,1160,62
QAP,2,1156,125
QAP,3,1156,172
QAP,4,1148,235
QAP,5,1124,297
QAP,6,1124,360
QAP,7,1112,422
QAP,8,1112,485
QAP,9,1112,548
QAP,10,1112,611
QAP,11,1112,673
QAP,12,1112,736
QAP,13,1072,799
QAP,14,1072,845
QAP,15,1068,908
QAP,16,1068,971
QAP,17,1068,1033
QAP,18,1068,1096
QAP,19,1068,1159
QAP,20,1068,1221
QAP,21,1068,1284
QAP,22,1068,1347
QAP,23,1058,1409
QAP,24,1058,1472
QAP,25,1058,1535
QAP,26,1058,1582
QAP,27,1058,1644
QAP,28,1058,1707
QAP,29,1058,1770
QAP,30,1058,1832
QAP,31,1058,1895
QAP,32,1058,1958
QAP,33,1058,2021
QAP,34,1056,2083
QAP,35,1056,2146
QAP,36,1056,2209
QAP,37,1056,2256
QAP,38,1056,2319
QAP,39,1050,2382
QAP,40,1050,2444
QAP,41,1050,2507
QAP,42,1050,2570
QAP,43,1050,2633
QAP,44,1050,2696
QAP,45,1050,2759
QAP,46,1048,2806
QAP,47,1048,2869
QAP,48,1048,2932
QAP,49,1048,2995
QAP,50,1048,3057
QAP,51,1046,3120
QAP,52,1046,3183
QAP,53,1046,3246
QAP,54,1046,3309
QAP,55,1046,3371
QAP,56,1046,3419
QAP,57,1046,3482
QAP,58,1044,3544
QAP,59,1022,3607
QAP,60,1022,3670
QAP,61,1022,3733
QAP,62,1022,3796
QAP,63,1022,3859
QAP,64,1022,3921
QAP,65,1022,3968
QAP,66,1022,4031
QAP,67,1022,4094
QAP,68,1022,4157
QAP,69,1022,4220
QAP,70,1022,4283
QAP,71,1012,4346
QAP,72,1008,4409
QAP,73,1008,4471
QAP,74,1008,4534
QAP,75,1008,4581
QAP,76,1008,4644
QAP,77,1008,4707
QAP,78,998,4770
QAP,79,996,4833
QAP,80,986,4896
QAP,81,986,4959
QAP,82,986,5022
QAP,83,978,5084
QAP,84,974,5131
QAP,85,972,5194
QAP,86,972,5257
QAP,87,972,5320
QAP,88,972,5383
QAP,89,972,5446
QAP,90,964,5508
QAP,91,956,5571
QAP,92,956,5634
QAP,93,956,5697
QAP,94,956,5744
QAP,95,956,5806
QAP,96,956,5869
QAP,97,956,5932
QAP,98,956,5995
QAP,99,956,6058
QAP,100,956,6121
QAP,101,956,6184
QAP,102,956,6247
QAP,103,940,6294
QAP,104,940,6357
QAP,105,908,6419
QAP,106,908,6482
QAP,107,908,6545
QAP,108,908,6608
QAP,109,880,6671
QAP,110,880,6734
QAP,111,880,6797
QAP,112,880,6844
QAP,113,880,6907
QAP,114,880,6970
QAP,115,880,7033
QAP,116,880,7096
QAP,117,880,7158
QAP,118,880,7221
QAP,119,880,7284
QAP,120,880,7347
QAP,121,880,7394
QAP,122,880,7457
QAP,123,880,7520
QAP,124,880,7582
QAP,125,880,7645
QAP,126,880,7708
QAP,127,880,7771
QAP,128,880,7834
QAP,129,880,7897
QAP,130,874,7944
QAP,131,874,8006
QAP,132,874,8069
QAP,133,874,8132
QAP,134,874,8195
QAP,135,874,8258
QAP,136,860,8320
QAP,137,860,8385
QAP,138,860,8447
QAP,139,860,8509
QAP,140,860,8570
QAP,141,860,8632
QAP,142,860,8693
QAP,143,860,8754
QAP,144,846,8814
QAP,145,846,8877
QAP,146,846,8937
QAP,147,846,8999
QAP,148,846,9060
QAP,149,846,9121
QAP,150,846,9181
QAP,151,846,9231
QAP,152,846,9294
QAP,153,846,9357
QAP,154,846,9420
QAP,155,822,9483
QAP,156,812,9545
QAP,157,812,9608
QAP,158,812,9671
QAP,159,812,9734
QAP,160,812,9797
QAP,161,812,9844
QAP,162,804,9907
QAP,163,804,9969
QAP,164,804,10032
QAP,165,792,10095
QAP,166,792,10158
QAP,167,792,10221
QAP,168,792,10284
QAP,169,792,10346
QAP,170,792,10393
QAP,171,792,10456
QAP,172,778,10519
QAP,173,778,10582
QAP,174,778,10645
QAP,175,778,10708
QAP,176,778,10771
QAP,177,772,10834
QAP,178,772,10897
QAP,179,772,10959
QAP,180,772,11022
QAP,181,772,11069
QAP,182,772,11132
QAP,183,772,11195
QAP,184,772,11258
QAP,185,772,11321
QAP,186,772,11384
QAP,187,772,11446
QAP,188,772,11509
QAP,189,772,11572
QAP,190,768,11635
QAP,191,760,11698
QAP,192,760,11761
QAP,193,760,11808
QAP,194,760,11871
QAP,195,760,11933
QAP,196,760,11996
QAP,197,760,12059
QAP,198,760,12122
QAP,199,760,12185
QAP,200,760,12250
QAP,201,760,12310
QAP,202,752,12358
QAP,203,752,12421
QAP,204,752,12483
QAP,205,752,12546
QAP,206,752,12609
QAP,207,752,12672
QAP,208,752,12735
QAP,209,734,12797
QAP,210,734,12860
QAP,211,730,12923
QAP,212,730,12970
QAP,213,730,13033
QAP,214,730,13096
QAP,215,718,13159
QAP,216,718,13221
QAP,217,718,13284
QAP,218,714,13347
QAP,219,706,13410
QAP,220,700,13473
QAP,221,700,13520
QAP,222,700,13583
QAP,223,700,13646
QAP,224,700,13709
QAP,225,700,13771
QAP,226,698,13834
QAP,227,698,13897
QAP,228,698,13959
QAP,229,680,14022
QAP,230,680,14085
QAP,231,680,14132
QAP,232,680,14195
QAP,233,680,14258
QAP,234,680,14320
QAP,235,680,14383
QAP,236,680,14445
QAP,237,672,14508
QAP,238,672,14571
QAP,239,668,14634
QAP,240,668,14696
QAP,241,668,14744
QAP,242,668,14806
QAP,243,668,14869
QAP,244,668,14931
QAP,245,652,14994
QAP,246,652,15057
QAP,247,652,15120
QAP,248,652,15182
QAP,249,652,15245
QAP,250,652,15308
QAP,251,646,15355
QAP,252,646,15417
QAP,253,646,15480
QAP,254,646,15542
QAP,255,646,15605
QAP,256,646,15668
QAP,257,646,15731
QAP,258,646,15794
QAP,259,646,15856
QAP,260,646,15919
QAP,261,636,15982
QAP,262,634,16028
QAP,263,634,16091
QAP,264,634,16154
QAP,265,634,16217
QAP,266,634,16279
QAP,267,634,16349
QAP,268,634,16405
QAP,269,634,16467
QAP,270,634,16530
QAP,271,634,16593
QAP,272,634,16655
QAP,273,634,16702
QAP,274,634,16765
QAP,275,634,16828
QAP,276,634,16890
QAP,277,632,16953
QAP,278,632,17016
QAP,279,632,17079
QAP,280,632,17141
QAP,281,632,17204
QAP,282,632,17251
QAP,283,632,17314
QAP,284,632,17376
QAP,285,632,17439
QAP,286,632,17502
QAP,287,632,17565
QAP,288,632,17627
QAP,289,630,17690
QAP,290,630,17753
QAP,291,630,17816
QAP,292,630,17863
QAP,293,630,17925
QAP,294,628,17988
QAP,295,628,18050
QAP,296,626,18113
QAP,297,626,18176
QAP,298,626,18238
QAP,299,626,18301
QAP,300,624,18364
QAP,301,624,18426
QAP,302,610,18473
QAP,303,606,18536
QAP,304,596,18599
QAP,305,596,18661
QAP,306,596,18724
QAP,307,596,18787
QAP,308,596,18849
QAP,309,596,18912
QAP,310,596,18959
QAP,311,590,19021
QAP,312,590,19085
QAP,313,590,19147
QAP,314,590,19210
QAP,315,590,19272
QAP,316,590,19335
QAP,317,590,19398
QAP,318,590,19460
QAP,319,590,19507
QAP,320,590,19570
QAP,321,590,19633
QAP,322,590,19695
QAP,323,576,19758
QAP,324,576,19821
QAP,325,576,19883
QAP,326,576,19946
QAP,327,576,20008
QAP,328,576,20071
QAP,329,576,20118
QAP,330,576,20181
QAP,331,572,20244
QAP,332,572,20306
QAP,333,572,20369
QAP,334,572,20438
QAP,335,572,20494
QAP,336,572,20557
QAP,337,572,20620
QAP,338,572,20682
QAP,339,572,20729
QAP,340,572,20792
QAP,341,564,20855
QAP,342,564,20917
QAP,343,564,20980
QAP,344,554,21042
QAP,345,554,21105
QAP,346,554,21168
QAP,347,554,21231
QAP,348,554,21294
QAP,349,554,21341
QAP,350,554,21404
QAP,351,554,21466
QAP,352,554,21529
QAP,353,554,21591
QAP,354,554,21654
QAP,355,554,21717
QAP,356,554,21780
QAP,357,554,21843
QAP,358,554,21906
QAP,359,554,21953
QAP,360,552,22015
QAP,361,552,22078
QAP,362,552,22141
QAP,363,538,22203
QAP,364,538,22266
QAP,365,538,22329
QAP,366,532,22393
QAP,367,530,22454
QAP,368,530,22501
QAP,369,524,22564
QAP,370,524,22626
QAP,371,520,22689
QAP,372,516,22752
QAP,373,516,22815
QAP,374,516,22877
QAP,375,516,22940
QAP,376,516,22987
QAP,377,516,23050
QAP,378,492,23112
QAP,379,492,23175
QAP,380,492,23238
QAP,381,490,23300
QAP,382,480,23363
QAP,383,480,23425
QAP,384,480,23473
QAP,385,480,23535
QAP,386,480,23598
QAP,387,480,23660
QAP,388,480,23723
QAP,389,480,23786
QAP,390,480,23849
QAP,391,478,23911
QAP,392,464,23974
QAP,393,464,24021
QAP,394,464,24084
QAP,395,464,24146
QAP,396,464,24209
QAP,397,464,24272
QAP,398,464,24335
QAP,399,464,24397
QAP,400,464,24460
QAP,401,464,24525
QAP,402,464,24585
QAP,403,464,24648
QAP,404,464,24695
QAP,405,464,24758
QAP,406,464,24821
QAP,407,464,24883
QAP,408,464,24946
QAP,409,464,25009
QAP,410,464,25071
QAP,411,464,25134
QAP,412,464,25197
QAP,413,460,25244
QAP,414,460,25307
QAP,415,460,25369
QAP,416,460,25432
QAP,417,460,25495
QAP,418,456,25557
QAP,419,452,25620
QAP,420,452,25667
QAP,421,428,25730
QAP,422,428,25793
QAP,423,428,25855
QAP,424,424,25918
QAP,425,424,25981
QAP,426,424,26043
QAP,427,414,26091
QAP,428,414,26154
QAP,429,414,26216
QAP,430,414,26279
QAP,431,396,26341
QAP,432,396,26404
QAP,433,396,26467
QAP,434,392,26514
QAP,435,374,26576
QAP,436,374,26639
QAP,437,374,26702
QAP,438,374,26764
QAP,439,374,26827
QAP,440,374,26890
QAP,441,374,26937
QAP,442,374,27008
QAP,443,374,27063
QAP,444,374,27125
QAP,445,374,27188
QAP,446,374,27255
QAP,447,374,27313
QAP,448,374,27376
QAP,449,374,27423
QAP,450,374,27486
QAP,451,374,27548
QAP,452,374,27611
QAP,453,368,27674
QAP,454,368,27737
QAP,455,368,27799
QAP,456,368,27862
QAP,457,362,27924
QAP,458,362,27971
QAP,459,362,28034
QAP,460,362,28097
QAP,461,362,28159
QAP,462,360,28222
QAP,463,360,28285
QAP,464,360,28347
QAP,465,360,28410
QAP,466,354,28457
QAP,467,354,28520
QAP,468,354,28582
QAP,469,340,28645
QAP,470,340,28708
QAP,471,322,28770
QAP,472,322,28833
QAP,473,322,28896
QAP,474,322,28943
QAP,475,316,29005
QAP,476,316,29068
QAP,477,316,29131
QAP,478,316,29194
QAP,479,316,29256
QAP,480,316,29319
QAP,481,316,29366
QAP,482,316,29428
QAP,483,316,29491
QAP,484,316,29554
QAP,485,316,29616
QAP,486,316,29679
QAP,487,316,29742
QAP,488,316,29804
QAP,489,316,29851
QAP,490,316,29914
QAP,491,316,29985
QAP,492,316,30039
QAP,493,316,30102
QAP,494,316,30167
QAP,495,316,30228
QAP,496,316,30291
QAP,497,310,30338
QAP,498,310,30400
QAP,499,310,30463
QAP,500,310,30526
QAP,501,310,30589
QAP,502,310,30651
QAP,503,310,30714
QAP,504,310,30777
QAP,505,310,30840
QAP,506,310,30887
QAP,507,310,30950
QAP,508,310,31013
QAP,509,310,31076
QAP,510,310,31139
QAP,511,310,31201
QAP,512,310,31264
QAP,513,310,31325
QAP,514,308,31387
QAP,515,308,31447
QAP,516,304,31507
QAP,517,304,31568
QAP,518,298,31627
QAP,519,298,31690
QAP,520,298,31737
QAP,521,298,31800
QAP,522,298,31863
QAP,523,298,31926
QAP,524,296,31989
QAP,525,290,32052
QAP,526,282,32115
QAP,527,282,32162
QAP,528,282,32225
QAP,529,282,32288
QAP,530,280,32351
QAP,531,280,32414
QAP,532,280,32477
QAP,533,276,32524
QAP,534,276,32586
QAP,535,276,32649
QAP,536,276,32712
QAP,537,276,32775
QAP,538,276,32838
QAP,539,276,32885
QAP,540,276,32948
QAP,541,276,33011
QAP,542,270,33074
QAP,543,270,33136
QAP,544,270,33200
QAP,545,270,33262
QAP,546,270,33310
QAP,547,270,33372
QAP,548,270,33435
QAP,549,270,33498
QAP,550,270,33561
QAP,551,270,33624
QAP,552,270,33687
QAP,553,270,33734
QAP,554,270,33797
QAP,555,270,33859
QAP,556,270,33922
QAP,557,270,33985
QAP,558,270,34048
QAP,559,270,34115
QAP,560,270,34175
QAP,561,270,34236
QAP,562,270,34296
QAP,563,270,34358
QAP,564,270,34418
QAP,565,270,34478
QAP,566,270,34541
QAP,567,270,34599
QAP,568,270,34662
QAP,569,270,34709
QAP,570,270,34772
QAP,571,270,34835
QAP,572,270,34898
QAP,573,270,34960
QAP,574,270,35023
QAP,575,270,35086
QAP,576,270,35133
QAP,577,270,35196
QAP,578,270,35259
QAP,579,270,35321
QAP,580,266,35384
QAP,581,266,35447
QAP,582,266,35509
QAP,583,266,35572
QAP,584,266,35619
QAP,585,262,35682
QAP,586,262,35745
QAP,587,262,35808
QAP,588,262,35871
QAP,589,262,35934
QAP,590,262,35997
QAP,591,254,36044
QAP,592,250,36107
QAP,593,250,36170
QAP,594,250,36233
QAP,595,250,36296
QAP,596,250,36359
QAP,597,250,36406
QAP,598,250,36468
QAP,599,250,36531
QAP,600,250,36594
QAP,601,250,36657
QAP,602,250,36720
QAP,603,246,36767
QAP,604,246,36830
QAP,605,246,36893
QAP,606,246,36956
QAP,607,246,37018
QAP,608,246,37081
QAP,609,236,37144
QAP,610,236,37207
QAP,611,236,37254
QAP,612,234,37317
QAP,613,234,37380
QAP,614,232,37442
QAP,615,224,37505
QAP,616,224,37568
QAP,617,224,37615
QAP,618,224,37678
QAP,619,224,37741
QAP,620,224,37804
QAP,621,224,37867
QAP,622,224,37930
QAP,623,224,37993
QAP,624,224,38040
QAP,625,224,38103
QAP,626,224,38165
QAP,627,224,38228
QAP,628,224,38291
QAP,629,224,38354
QAP,630,224,38417
QAP,631,224,38480
QAP,632,224,38527
QAP,633,224,38590
QAP,634,224,38653
QAP,635,224,38716
QAP,636,224,38779
QAP,637,224,38841
QAP,638,224,38904
QAP,639,224,38967
QAP,640,224,39030
QAP,641,224,39077
QAP,642,224,39140
QAP,643,224,39203
QAP,644,224,39266
QAP,645,224,39329
QAP,646,224,39392
QAP,647,224,39454
QAP,648,224,39518
QAP,649,224,39565
QAP,650,224,39627
QAP,651,224,39690
QAP,652,224,39753
QAP,653,224,39816
QAP,654,224,39879
QAP,655,224,39942
QAP,656,224,40004
QAP,657,224,40051
QAP,658,224,40114
QAP,659,224,40177
QAP,660,224,40240
QAP,661,224,40302
QAP,662,224,40365
QAP,663,224,40428
QAP,664,224,40475
QAP,665,224,40538
QAP,666,224,40601
QAP,667,224,40664
QAP,668,224,40727
QAP,669,224,40790
QAP,670,224,40837
QAP,671,220,40900
QAP,672,220,40962
QAP,673,220,41025
QAP,674,220,41088
QAP,675,220,41151
QAP,676,216,41214
QAP,677,212,41261
QAP,678,208,41324
QAP,679,208,41387
QAP,680,208,41450
QAP,681,208,41512
QAP,682,208,41575
QAP,683,208,41622
QAP,684,208,41685
QAP,685,208,41748
QAP,686,208,41811
QAP,687,208,41874
QAP,688,208,41936
QAP,689,204,41984
QAP,690,204,42055
QAP,691,204,42109
QAP,692,204,42172
QAP,693,200,42235
QAP,694,200,42298
QAP,695,200,42361
QAP,696,198,42408
QAP,697,198,42471
QAP,698,198,42534
QAP,699,198,42597
QAP,700,198,42660
QAP,701,198,42723
QAP,702,198,42770
QAP,703,198,42832
QAP,704,198,42895
QAP,705,198,42958
QAP,706,198,43021
QAP,707,198,43084
QAP,708,198,43147
QAP,709,198,43210
QAP,710,198,43257
QAP,711,198,43319
QAP,712,198,43382
QAP,713,198,43445
QAP,714,198,43507
QAP,715,198,43570
QAP,716,198,43633
QAP,717,198,43696
QAP,718,198,43742
QAP,719,198,43805
QAP,720,198,43868
QAP,721,198,43930
QAP,722,198,43993
QAP,723,198,44056
QAP,724,198,44119
QAP,725,198,44182
QAP,726,198,44245
QAP,727,198,44307
QAP,728,198,44355
QAP,729,198,44417
QAP,730,198,44480
QAP,731,198,44543
QAP,732,198,44605
QAP,733,198,44668
QAP,734,198,44731
QAP,735,198,44793
QAP,736,198,44856
QAP,737,198,44903
QAP,738,198,44974
QAP,739,198,45029
QAP,740,198,45092
QAP,741,198,45154
QAP,742,198,45217
QAP,743,198,45280
QAP,744,198,45342
QAP,745,198,45405
QAP,746,198,45468
QAP,747,198,45532
QAP,748,198,45594
QAP,749,198,45656
QAP,750,198,45719
QAP,751,198,45767
QAP,752,198,45830
QAP,753,198,45893
QAP,754,198,45956
QAP,755,198,46019
QAP,756,198,46081
QAP,757,198,46144
QAP,758,198,46191
QAP,759,198,46254
QAP,760,198,46317
QAP,761,198,46380
QAP,762,198,46443
QAP,763,198,46505
QAP,764,196,46568
QAP,765,196,46616
QAP,766,196,46678
QAP,767,196,46741
QAP,768,196,46804
QAP,769,196,46867
QAP,770,194,46929
QAP,771,194,46976
QAP,772,194,47039
QAP,773,194,47102
QAP,774,194,47173
QAP,775,194,47234
QAP,776,194,47293
QAP,777,194,47354
QAP,778,192,47414
QAP,779,192,47475
QAP,780,192,47537
QAP,781,192,47595
QAP,782,192,47658
QAP,783,192,47717
QAP,784,192,47779
QAP,785,192,47839
QAP,786,192,47899
QAP,787,192,47961
QAP,788,192,48022
QAP,789,192,48082
QAP,790,192,48143
QAP,791,192,48204
QAP,792,192,48264
QAP,793,192,48324
QAP,794,190,48384
QAP,795,190,48446
QAP,796,190,48507
QAP,797,188,48568
QAP,798,188,48628
QAP,799,188,48678
QAP,800,188,48741
QAP,801,188,48804
QAP,802,188,48867
QAP,803,188,48930
QAP,804,188,48993
QAP,805,188,49040
QAP,806,188,49103
QAP,807,188,49166
QAP,808,188,49228
QAP,809,188,49291
QAP,810,188,49354
QAP,811,188,49417
QAP,812,188,49480
QAP,813,188,49542
QAP,814,188,49590
QAP,815,188,49652
QAP,816,188,49715
QAP,817,188,49778
QAP,818,188,49841
QAP,819,188,49904
QAP,820,188,49967
QAP,821,188,50030
QAP,822,188,50092
QAP,823,188,50139
QAP,824,188,50202
QAP,825,188,50265
QAP,826,188,50337
QAP,827,188,50399
QAP,828,188,50461
QAP,829,188,50522
QAP,830,188,50582
QAP,831,188,50630
QAP,832,188,50693
QAP,833,188,50755
QAP,834,188,50818
QAP,835,188,50881
QAP,836,188,50944
QAP,837,188,51006
QAP,838,188,51069
QAP,839,188,51116
QAP,840,188,51178
QAP,841,188,51241
QAP,842,188,51304
QAP,843,188,51367
QAP,844,188,51429
QAP,845,188,51492
QAP,846,188,51539
QAP,847,188,51601
QAP,848,188,51664
QAP,849,188,51727
QAP,850,188,51790
QAP,851,188,51852
QAP,852,188,51915
QAP,853,184,51962
QAP,854,184,52025
QAP,855,184,52096
QAP,856,184,52150
QAP,857,184,52213
QAP,858,184,52275
QAP,859,184,52338
QAP,860,184,52385
QAP,861,184,52447
QAP,862,184,52510
QAP,863,184,52573
QAP,864,184,52635
QAP,865,182,52698
QAP,866,182,52761
QAP,867,182,52808
QAP,868,182,52870
QAP,869,182,52933
QAP,870,180,52995
QAP,871,180,53058
QAP,872,180,53121
QAP,873,180,53184
QAP,874,180,53246
QAP,875,180,53293
QAP,876,180,53356
QAP,877,180,53419
QAP,878,176,53481
QAP,879,176,53544
QAP,880,176,53607
QAP,881,176,53670
QAP,882,176,53732
QAP,883,176,53795
QAP,884,176,53842
QAP,885,176,53905
QAP,886,176,53967
QAP,887,176,54030
QAP,888,176,54093
QAP,889,176,54155
QAP,890,176,54218
QAP,891,176,54280
QAP,892,176,54343
QAP,893,176,54406
QAP,894,176,54453
QAP,895,176,54516
QAP,896,176,54578
QAP,897,176,54641
QAP,898,176,54704
QAP,899,176,54767
QAP,900,176,54829
QAP,901,176,54892
QAP,902,176,54955
QAP,903,176,55017
QAP,904,176,55080
QAP,905,176,55127
QAP,906,176,55189
QAP,907,176,55252
QAP,908,176,55315
QAP,909,176,55378
QAP,910,176,55441
QAP,911,176,55504
QAP,912,176,55566
QAP,913,176,55629
QAP,914,176,55692
QAP,915,176,55755
QAP,916,176,55802
QAP,917,176,55865
QAP,918,176,55928
QAP,919,176,55991
QAP,920,176,56053
QAP,921,176,56116
QAP,922,176,56179
QAP,923,176,56242
QAP,924,176,56305
QAP,925,176,56352
QAP,926,176,56415
QAP,927,176,56478
QAP,928,176,56541
QAP,929,176,56604
QAP,930,176,56667
QAP,931,176,56729
QAP,932,176,56792
QAP,933,176,56840
QAP,934,176,56903
QAP,935,176,56965
QAP,936,176,57028
QAP,937,176,57090
QAP,938,176,57153
QAP,939,176,57216
QAP,940,176,57263
QAP,941,176,57326
QAP,942,176,57389
QAP,943,176,57451
QAP,944,176,57514
QAP,945,176,57577
QAP,946,176,57639
QAP,947,176,57702
QAP,948,176,57749
QAP,949,176,57812
QAP,950,176,57874
QAP,951,176,57937
QAP,952,176,58000
QAP,953,176,58062
QAP,954,176,58125
QAP,955,176,58188
QAP,956,176,58235
QAP,957,176,58297
QAP,958,176,58360
QAP,959,176,58422
QAP,960,176,58485
QAP,961,176,58548
QAP,962,176,58611
QAP,963,176,58673
QAP,964,176,58720
QAP,965,176,58783
QAP,966,176,58846
QAP,967,176,58908
QAP,968,176,58971
QAP,969,176,59034
QAP,970,176,59096
QAP,971,176,59143
QAP,972,176,59206
QAP,973,176,59269
QAP,974,176,59331
QAP,975,176,59394
QAP,976,176,59456
QAP,977,176,59519
QAP,978,176,59582
QAP,979,176,59629
QAP,980,174,59691
QAP,981,174,59754
QAP,982,174,59817
QAP,983,174,59879
QAP,984,174,59942
QAP,985,174,60005
QAP,986,172,60068
QAP,987,172,60116
QAP,988,172,60178
QAP,989,172,60241
QAP,990,172,60304
QAP,991,172,60367
QAP,992,172,60430
QAP,993,172,60492
QAP,994,172,60555
QAP,995,172,60618
QAP,996,172,60681
QAP,997,172,60728
QAP,998,172,60790
QAP,999,172,60853
QAP,1000,172,60915
QAP,1001,172,60978
QAP,1002,172,61041
QAP,1003,172,61104
QAP,1004,172,61169
QAP,1005,172,61230
QAP,1006,172,61292
QAP,1007,172,61353
QAP,1008,172,61412
QAP,1009,172,61475
QAP,1010,172,61536
QAP,1011,172,61600
QAP,1012,172,61660
QAP,1013,172,61721
QAP,1014,172,61783
QAP,1015,172,61842
QAP,1016,172,61904
QAP,1017,172,61966
QAP,1018,172,62027
QAP,1019,172,62089
QAP,1020,172,62150
QAP,1021,172,62211
QAP,1022,172,62273
QAP,1023,172,62334
QAP,1024,172,62395
QAP,1025,172,62456
QAP,1026,172,62517
QAP,1027,172,62578
QAP,1028,172,62638
QAP,1029,172,62699
QAP,1030,172,62760
QAP,1031,172,62821
QAP,1032,172,62882
QAP,1033,172,62943
QAP,1034,172,63004
QAP,1035,172,63064
QAP,1036,172,63125
QAP,1037,172,63186
QAP,1038,172,63247
QAP,1039,172,63307
QAP,1040,172,63366
QAP,1041,172,63428
QAP,1042,172,63488
QAP,1043,172,63549
QAP,1044,172,63611
QAP,1045,172,63671
QAP,1046,172,63731
QAP,1047,172,63792
QAP,1048,172,63851
QAP,1049,172,63911
QAP,1050,172,63973
QAP,1051,172,64032
QAP,1052,172,64093
QAP,1053,172,64153
QAP,1054,172,64213
QAP,1055,170,64273
QAP,1056,170,64332
QAP,1057,170,64392
QAP,1058,170,64452
QAP,1059,170,64512
QAP,1060,170,64572
QAP,1061,170,64632
QAP,1062,170,64692
QAP,1063,170,64753
QAP,1064,170,64811
QAP,1065,170,64864
QAP,1066,170,64927
QAP,1067,170,64990
QAP,1068,168,65053
QAP,1069,168,65100
QAP,1070,168,65163
QAP,1071,168,65226
QAP,1072,168,65289
QAP,1073,168,65351
QAP,1074,168,65399
QAP,1075,168,65462
QAP,1076,168,65524
QAP,1077,168,65587
QAP,1078,168,65650
QAP,1079,168,65713
QAP,1080,168,65760
QAP,1081,168,65823
QAP,1082,168,65886
QAP,1083,168,65949
QAP,1084,168,66011
QAP,1085,168,66074
QAP,1086,168,66137
QAP,1087,168,66184
QAP,1088,168,66247
QAP,1089,168,66310
QAP,1090,168,66372
QAP,1091,168,66436
QAP,1092,168,66499
QAP,1093,168,66562
QAP,1094,168,66625
QAP,1095,168,66672
QAP,1096,166,66734
QAP,1097,166,66797
QAP,1098,166,66860
QAP,1099,166,66923
QAP,1100,166,66986
QAP,1101,166,67048
QAP,1102,166,67111
QAP,1103,166,67160
QAP,1104,166,67221
QAP,1105,166,67284
QAP,1106,166,67347
QAP,1107,166,67410
QAP,1108,166,67473
QAP,1109,166,67536
QAP,1110,166,67599
QAP,1111,166,67661
QAP,1112,166,67709
QAP,1113,166,67771
QAP,1114,166,67834
QAP,1115,166,67897
QAP,1116,166,67960
QAP,1117,166,68023
QAP,1118,166,68086
QAP,1119,166,68148
QAP,1120,166,68211
QAP,1121,166,68274
QAP,1122,166,68321
QAP,1123,166,68384
QAP,1124,166,68447
QAP,1125,166,68510
QAP,1126,166,68573
QAP,1127,166,68636
QAP,1128,166,68698
QAP,1129,166,68761
QAP,1130,166,68824
QAP,1131,166,68886
QAP,1132,166,68933
QAP,1133,166,68996
QAP,1134,166,69059
QAP,1135,166,69122
QAP,1136,166,69185
QAP,1137,166,69248
QAP,1138,166,69311
QAP,1139,166,69373
QAP,1140,166,69436
QAP,1141,166,69500
QAP,1142,166,69546
QAP,1143,166,69609
QAP,1144,166,69683
QAP,1145,166,69735
QAP,1146,166,69798
QAP,1147,166,69860
QAP,1148,166,69923
QAP,1149,166,69986
QAP,1150,166,70049
QAP,1151,166,70112
QAP,1152,166,70159
QAP,1153,166,70222
QAP,1154,166,70285
QAP,1155,166,70348
QAP,1156,166,70411
QAP,1157,166,70474
QAP,1158,166,70537
QAP,1159,166,70600
QAP,1160,166,70662
QAP,1161,166,70725
QAP,1162,166,70772
QAP,1163,166,70835
QAP,1164,166,70898
QAP,1165,166,70961
QAP,1166,166,71024
QAP,1167,166,71087
QAP,1168,166,71150
QAP,1169,166,71212
QAP,1170,166,71275
QAP,1171,166,71322
QAP,1172,166,71385
QAP,1173,166,71448
QAP,1174,166,71510
QAP,1175,166,71573
QAP,1176,166,71636
QAP,1177,166,71699
QAP,1178,166,71746
QAP,1179,166,71809
QAP,1180,166,71872
QAP,1181,166,71935
QAP,1182,166,71998
QAP,1183,166,72060
QAP,1184,166,72108
QAP,1185,166,72170
QAP,1186,166,72233
QAP,1187,166,72296
QAP,1188,166,72359
QAP,1189,166,72423
QAP,1190,166,72483
QAP,1191,166,72543
QAP,1192,166,72603
QAP,1193,166,72663
QAP,1194,166,72722
QAP,1195,166,72784
QAP,1196,166,72844
QAP,1197,166,72903
QAP,1198,166,72963
QAP,1199,166,73023
QAP,1200,166,73083
QAP,1201,166,73143
QAP,1202,162,73202
QAP,1203,162,73262
QAP,1204,162,73322
QAP,1205,162,73383
QAP,1206,162,73443
QAP,1207,162,73501
QAP,1208,162,73563
QAP,1209,162,73622
QAP,1210,162,73681
QAP,1211,162,73741
QAP,1212,162,73802
QAP,1213,162,73862
QAP,1214,162,73923
QAP,1215,162,73982
QAP,1216,162,74042
QAP,1217,160,74101
QAP,1218,160,74161
QAP,1219,160,74221
QAP,1220,160,74283
QAP,1221,160,74343
QAP,1222,160,74403
QAP,1223,160,74463
QAP,1224,160,74523
QAP,1225,160,74585
QAP,1226,160,74645
QAP,1227,160,74705
QAP,1228,160,74765
QAP,1229,160,74826
QAP,1230,160,74886
QAP,1231,160,74947
QAP,1232,160,75007
QAP,1233,160,75066
QAP,1234,160,75129
QAP,1235,160,75176
QAP,1236,160,75239
QAP,1237,160,75302
QAP,1238,160,75365
QAP,1239,160,75427
QAP,1240,160,75490
QAP,1241,160,75553
QAP,1242,160,75600
QAP,1243,160,75663
QAP,1244,160,75726
QAP,1245,158,75788
QAP,1246,158,75851
QAP,1247,158,75914
QAP,1248,158,75976
QAP,1249,158,76039
QAP,1250,158,76102
QAP,1251,158,76165
QAP,1252,158,76228
QAP,1253,158,76275
QAP,1254,158,76338
QAP,1255,158,76400
QAP,1256,158,76463
QAP,1257,158,76526
QAP,1258,158,76589
QAP,1259,158,76652
QAP,1260,158,76714
QAP,1261,158,76777
QAP,1262,158,76824
QAP,1263,158,76887
QAP,1264,158,76950
QAP,1265,158,77013
QAP,1266,158,77076
QAP,1267,156,77138
QAP,1268,156,77201
QAP,1269,156,77264
QAP,1270,156,77327
QAP,1271,156,77374
QAP,1272,156,77437
QAP,1273,156,77500
QAP,1274,156,77563
QAP,1275,156,77626
QAP,1276,156,77688
QAP,1277,156,77751
QAP,1278,156,77814
QAP,1279,156,77877
QAP,1280,156,77940
QAP,1281,156,77987
QAP,1282,156,78050
QAP,1283,156,78113
QAP,1284,156,78175
QAP,1285,156,78238
QAP,1286,156,78301
QAP,1287,156,78364
QAP,1288,156,78427
QAP,1289,156,78490
QAP,1290,156,78537
QAP,1291,156,78599
QAP,1292,156,78662
QAP,1293,156,78725
QAP,1294,156,78788
QAP,1295,156,78851
QAP,1296,156,78913
QAP,1297,156,78976
QAP,1298,156,79040
QAP,1299,156,79102
QAP,1300,156,79149
QAP,1301,156,79211
QAP,1302,156,79274
QAP,1303,156,79337
QAP,1304,156,79400
QAP,1305,156,79463
QAP,1306,156,79526
QAP,1307,156,79589
QAP,1308,156,79651
QAP,1309,156,79714
QAP,1310,156,79777
QAP,1311,156,79840
QAP,1312,156,79887
QAP,1313,156,79950
QAP,1314,156,80013
QAP,1315,156,80076
QAP,1316,156,80138
QAP,1317,156,80201
QAP,1318,156,80264
QAP,1319,156,80327
QAP,1320,156,80390
QAP,1321,156,80453
QAP,1322,156,80500
QAP,1323,156,80562
QAP,1324,156,80625
QAP,1325,156,80688
QAP,1326,156,80751
QAP,1327,156,80814
QAP,1328,156,80877
QAP,1329,156,80924
QAP,1330,156,80986
QAP,1331,156,81049
QAP,1332,156,81112
QAP,1333,156,81175
QAP,1334,156,81238
QAP,1335,156,81301
QAP,1336,156,81348
QAP,1337,156,81411
QAP,1338,156,81474
QAP,1339,156,81537
QAP,1340,156,81599
QAP,1341,156,81662
QAP,1342,156,81709
QAP,1343,156,81781
QAP,1344,156,81835
QAP,1345,156,81898
QAP,1346,156,81961
QAP,1347,156,82008
QAP,1348,156,82071
QAP,1349,156,82134
QAP,1350,156,82197
QAP,1351,156,82259
QAP,1352,156,82322
QAP,1353,156,82370
QAP,1354,156,82433
QAP,1355,156,82495
QAP,1356,156,82558
QAP,1357,156,82621
QAP,1358,156,82668
QAP,1359,156,82731
QAP,1360,156,82794
QAP,1361,156,82857
QAP,1362,156,82919
QAP,1363,156,82967
QAP,1364,156,83030
QAP,1365,156,83092
QAP,1366,156,83156
QAP,1367,156,83218
QAP,1368,156,83266
QAP,1369,154,83328
QAP,1370,154,83391
QAP,1371,154,83454
QAP,1372,154,83517
QAP,1373,154,83580
QAP,1374,154,83627
QAP,1375,154,83690
QAP,1376,154,83752
QAP,1377,154,83815
QAP,1378,154,83878
QAP,1379,154,83941
QAP,1380,154,83988
QAP,1381,154,84051
QAP,1382,154,84114
QAP,1383,154,84177
QAP,1384,154,84240
QAP,1385,154,84302
QAP,1386,154,84365
QAP,1387,154,84412
QAP,1388,154,84475
QAP,1389,154,84538
QAP,1390,154,84601
QAP,1391,154,84664
QAP,1392,154,84727
QAP,1393,154,84789
QAP,1394,154,84836
QAP,1395,154,84899
QAP,1396,154,84962
QAP,1397,154,85025
QAP,1398,154,85088
QAP,1399,154,85151
QAP,1400,154,85214
QAP,1401,154,85261
QAP,1402,154,85324
QAP,1403,154,85387
QAP,1404,154,85449
QAP,1405,154,85512
QAP,1406,154,85575
QAP,1407,154,85638
QAP,1408,154,85701
QAP,1409,154,85764
QAP,1410,154,85826
QAP,1411,154,85874
QAP,1412,154,85936
QAP,1413,154,85999
QAP,1414,154,86062
QAP,1415,154,86125
QAP,1416,154,86188
QAP,1417,154,86251
QAP,1418,154,86313
QAP,1419,154,86376
QAP,1420,154,86439
QAP,1421,154,86486
QAP,1422,154,86549
QAP,1423,154,86612
QAP,1424,154,86675
QAP,1425,154,86738
QAP,1426,154,86800
QAP,1427,154,86863
QAP,1428,154,86926
QAP,1429,154,86989
QAP,1430,154,87052
QAP,1431,154,87099
QAP,1432,154,87162
QAP,1433,154,87225
QAP,1434,154,87288
QAP,1435,154,87351
QAP,1436,154,87414
QAP,1437,154,87476
QAP,1438,154,87539
QAP,1439,154,87602
QAP,1440,154,87649
QAP,1441,154,87712
QAP,1442,154,87775
QAP,1443,154,87837
QAP,1444,154,87900
QAP,1445,154,87963
QAP,1446,154,88026
QAP,1447,154,88089
QAP,1448,154,88152
QAP,1449,154,88214
QAP,1450,154,88262
QAP,1451,154,88324
QAP,1452,154,88387
QAP,1453,154,88450
QAP,1454,154,88513
QAP,1455,154,88576
QAP,1456,154,88638
QAP,1457,154,88701
QAP,1458,154,88764
QAP,1459,154,88827
QAP,1460,154,88874
QAP,1461,154,88937
QAP,1462,154,89000
QAP,1463,154,89063
QAP,1464,154,89125
QAP,1465,154,89188
QAP,1466,154,89251
QAP,1467,154,89314
QAP,1468,154,89377
QAP,1469,154,89440
QAP,1470,154,89487
QAP,1471,154,89550
QAP,1472,154,89613
QAP,1473,154,89675
QAP,1474,154,89738
QAP,1475,154,89801
QAP,1476,154,89864
QAP,1477,154,89927
QAP,1478,154,89990
QAP,1479,154,90052
QAP,1480,154,90115
QAP,1481,154,90178
QAP,1482,154,90225
QAP,1483,154,90288
QAP,1484,154,90351
QAP,1485,154,90414
QAP,1486,154,90477
QAP,1487,154,90540
QAP,1488,154,90602
QAP,1489,154,90650
QAP,1490,154,90713
QAP,1491,154,90775
QAP,1492,154,90838
QAP,1493,154,90901
QAP,1494,154,90964
QAP,1495,154,91011
QAP,1496,154,91074
QAP,1497,154,91137
QAP,1498,154,91199
QAP,1499,154,91262
QAP,1500,154,91317
QAP,1501,154,91372
QAP,1502,154,91435
QAP,1503,154,91498
QAP,1504,154,91561
QAP,1505,154,91608
QAP,1506,154,91671
QAP,1507,154,91734
QAP,1508,154,91797
QAP,1509,154,91860
QAP,1510,154,91923
QAP,1511,154,91970
QAP,1512,154,92033
QAP,1513,154,92096
QAP,1514,154,92158
QAP,1515,154,92221
QAP,1516,154,92268
QAP,1517,154,92331
QAP,1518,154,92394
QAP,1519,154,92456
QAP,1520,154,92519
QAP,1521,154,92581
QAP,1522,154,92644
QAP,1523,154,92691
QAP,1524,154,92754
QAP,1525,154,92817
QAP,1526,154,92880
QAP,1527,154,92942
QAP,1528,154,92990
QAP,1529,154,93052
QAP,1530,154,93115
QAP,1531,154,93178
QAP,1532,154,93240
QAP,1533,154,93303
QAP,1534,154,93350
QAP,1535,154,93413
QAP,1536,154,93476
QAP,1537,154,93538
QAP,1538,154,93601
QAP,1539,154,93664
QAP,1540,154,93711
QAP,1541,154,93774
QAP,1542,154,93837
QAP,1543,154,93900
QAP,1544,154,93963
QAP,1545,154,94026
QAP,1546,154,94089
QAP,1547,154,94136
QAP,1548,154,94199
QAP,1549,154,94261
QAP,1550,154,94324
QAP,1551,154,94387
QAP,1552,154,94450
QAP,1553,154,94513
QAP,1554,154,94576
QAP,1555,154,94623
QAP,1556,154,94686
QAP,1557,154,94749
QAP,1558,154,94812
QAP,1559,154,94874
QAP,1560,154,94937
QAP,1561,154,95000
QAP,1562,154,95063
QAP,1563,154,95126
QAP,1564,154,95173
QAP,1565,154,95236
QAP,1566,154,95299
QAP,1567,154,95362
QAP,1568,154,95425
QAP,1569,154,95487
QAP,1570,154,95550
QAP,1571,154,95613
QAP,1572,154,95676
QAP,1573,154,95739
QAP,1574,154,95786
QAP,1575,154,95849
QAP,1576,154,95912
QAP,1577,154,95974
QAP,1578,154,96037
QAP,1579,154,96100
QAP,1580,154,96163
QAP,1581,154,96226
QAP,1582,154,96288
QAP,1583,154,96351
QAP,1584,154,96414
QAP,1585,154,96462
QAP,1586,154,96524
QAP,1587,154,96587
QAP,1588,154,96650
QAP,1589,154,96713
QAP,1590,154,96776
QAP,1591,154,96839
QAP,1592,154,96902
QAP,1593,154,96965
QAP,1594,154,97027
QAP,1595,154,97090
QAP,1596,154,97137
QAP,1597,154,97217
QAP,1598,154,97279
QAP,1599,154,97326
QAP,1600,154,97389
QAP,1601,154,97452
QAP,1602,154,97515
QAP,1603,154,97578
QAP,1604,154,97640
QAP,1605,154,97703
QAP,1606,154,97766
QAP,1607,154,97829
QAP,1608,154,97892
QAP,1609,154,97954
QAP,1610,154,98017
QAP,1611,154,98080
QAP,1612,154,98135
QAP,1613,154,98190
QAP,1614,154,98253
QAP,1615,154,98315
QAP,1616,154,98390
QAP,1617,154,98450
QAP,1618,154,98512
QAP,1619,154,98574
QAP,1620,154,98635
QAP,1621,154,98697
QAP,1622,154,98757
QAP,1623,154,98818
QAP,1624,154,98881
QAP,1625,154,98942
QAP,1626,154,99004
QAP,1627,154,99066
QAP,1628,154,99126
QAP,1629,154,99187
QAP,1630,154,99249
QAP,1631,154,99310
QAP,1632,154,99368
QAP,1633,154,99431
QAP,1634,154,99493
QAP,1635,154,99540
QAP,1636,154,99603
QAP,1637,154,99666
QAP,1638,154,99729
QAP,1639,154,99791
QAP,1640,154,99854
QAP,1641,154,99917
QAP,1642,154,99980
QAP,1643,154,100043
QAP,1644,154,100090
QAP,1645,154,100153
QAP,1646,154,100216
QAP,1647,154,100279
QAP,1648,154,100342
QAP,1649,154,100404
QAP,1650,154,100467
QAP,1651,154,100530
QAP,1652,154,100577
QAP,1653,154,100640
QAP,1654,154,100703
QAP,1655,154,100766
QAP,1656,154,100828
QAP,1657,154,100891
QAP,1658,154,100954
QAP,1659,154,101002
QAP,1660,154,101064
QAP,1661,154,101127
QAP,1662,154,101190
QAP,1663,154,101253
QAP,1664,154,101315
QAP,1665,154,101378
QAP,1666,154,101441
QAP,1667,154,101488
QAP,1668,154,101551
QAP,1669,154,101614
QAP,1670,154,101677
QAP,1671,154,101739
QAP,1672,154,101802
QAP,1673,154,101865
QAP,1674,154,101912
QAP,1675,154,101975
QAP,1676,154,102038
QAP,1677,154,102101
QAP,1678,154,102164
QAP,1679,154,102227
QAP,1680,154,102290
QAP,1681,154,102337
QAP,1682,154,102400
QAP,1683,154,102462
QAP,1684,154,102525
QAP,1685,154,102588
QAP,1686,154,102651
QAP,1687,154,102714
QAP,1688,154,102776
QAP,1689,154,102824
QAP,1690,154,102886
QAP,1691,154,102949
QAP,1692,154,103012
QAP,1693,154,103075
QAP,1694,154,103138
QAP,1695,154,103201
QAP,1696,154,103248
QAP,1697,154,103311
QAP,1698,154,103374
QAP,1699,154,103437
QAP,1700,154,103500
QAP,1701,154,103563
QAP,1702,154,103626
QAP,1703,154,103688
QAP,1704,154,103735
QAP,1705,154,103798
QAP,1706,154,103861
QAP,1707,154,103924
QAP,1708,154,103987
QAP,1709,154,104050
QAP,1710,154,104113
QAP,1711,154,104160
QAP,1712,154,104222
QAP,1713,154,104285
QAP,1714,154,104348
QAP,1715,154,104411
QAP,1716,154,104474
QAP,1717,154,104536
QAP,1718,154,104599
QAP,1719,154,104646
QAP,1720,154,104709
QAP,1721,154,104772
QAP,1722,154,104835
QAP,1723,154,104898
QAP,1724,154,104961
QAP,1725,154,105024
QAP,1726,154,105071
QAP,1727,154,105134
QAP,1728,154,105196
QAP,1729,154,105259
QAP,1730,154,105322
QAP,1731,154,105385
QAP,1732,154,105448
QAP,1733,154,105495
QAP,1734,154,105558
QAP,1735,154,105620
QAP,1736,154,105683
QAP,1737,154,105746
QAP,1738,154,105809
QAP,1739,154,105872
QAP,1740,154,105919
QAP,1741,154,105981
QAP,1742,154,106044
QAP,1743,154,106107
QAP,1744,154,106170
QAP,1745,154,106233
QAP,1746,154,106296
QAP,1747,154,106343
QAP,1748,154,106406
QAP,1749,154,106469
QAP,1750,154,106531
QAP,1751,154,106594
QAP,1752,154,106657
QAP,1753,154,106720
QAP,1754,154,106767
QAP,1755,154,106830
QAP,1756,154,106893
QAP,1757,154,106956
QAP,1758,154,107019
QAP,1759,154,107081
QAP,1760,154,107144
QAP,1761,154,107207
QAP,1762,154,107254
QAP,1763,154,107317
QAP,1764,154,107380
QAP,1765,154,107443
QAP,1766,154,107506
QAP,1767,154,107568
QAP,1768,154,107631
QAP,1769,154,107694
QAP,1770,154,107741
QAP,1771,154,107804
QAP,1772,154,107867
QAP,1773,154,107930
QAP,1774,154,107993
QAP,1775,154,108056
QAP,1776,154,108118
QAP,1777,154,108166
QAP,1778,154,108228
QAP,1779,154,108291
QAP,1780,154,108354
QAP,1781,154,108417
QAP,1782,154,108480
QAP,1783,154,108543
QAP,1784,154,108590
QAP,1785,154,108653
QAP,1786,154,108716
QAP,1787,154,108779
QAP,1788,154,108842
QAP,1789,154,108904
QAP,1790,154,108967
QAP,1791,154,109030
QAP,1792,154,109077
QAP,1793,154,109140
QAP,1794,154,109203
QAP,1795,154,109266
QAP,1796,154,109328
QAP,1797,154,109391
QAP,1798,154,109454
QAP,1799,154,109517
QAP,1800,154,109564
QAP,1801,154,109627
QAP,1802,154,109690
QAP,1803,154,109752
QAP,1804,154,109815
QAP,1805,154,109878
QAP,1806,154,109941
QAP,1807,154,109988
QAP,1808,154,110051
QAP,1809,154,110114
QAP,1810,154,110177
QAP,1811,154,110240
QAP,1812,154,110303
QAP,1813,154,110365
QAP,1814,154,110428
QAP,1815,154,110475
QAP,1816,154,110538
QAP,1817,154,110601
QAP,1818,154,110663
QAP,1819,154,110726
QAP,1820,154,110789
QAP,1821,154,110836
QAP,1822,154,110899
QAP,1823,154,110962
QAP,1824,154,111025
QAP,1825,154,111087
QAP,1826,154,111150
QAP,1827,154,111213
QAP,1828,154,111276
QAP,1829,154,111339
QAP,1830,154,111401
QAP,1831,154,111464
QAP,1832,154,111511
QAP,1833,154,111574
QAP,1834,154,111637
QAP,1835,154,111700
QAP,1836,154,111769
QAP,1837,154,111825
QAP,1838,154,111888
QAP,1839,154,111951
QAP,1840,154,111998
QAP,1841,154,112061
QAP,1842,154,112124
QAP,1843,154,112187
QAP,1844,154,112255
QAP,1845,154,112312
QAP,1846,154,112375
QAP,1847,154,112438
QAP,1848,154,112485
QAP,1849,154,112548
QAP,1850,154,112611
QAP,1851,154,112674
QAP,1852,154,112736
QAP,1853,154,112799
QAP,1854,154,112862
QAP,1855,154,112925
QAP,1856,154,112972
QAP,1857,154,113035
QAP,1858,154,113098
QAP,1859,154,113161
QAP,1860,154,113223
QAP,1861,154,113286
QAP,1862,154,113349
QAP,1863,154,113412
QAP,1864,154,113459
QAP,1865,154,113522
QAP,1866,154,113585
QAP,1867,154,113647
QAP,1868,154,113710
QAP,1869,154,113773
QAP,1870,154,113836
QAP,1871,154,113899
QAP,1872,154,113946
QAP,1873,154,114009
QAP,1874,154,114071
QAP,1875,154,114134
QAP,1876,154,114197
QAP,1877,154,114260
QAP,1878,154,114323
QAP,1879,154,114386
QAP,1880,154,114433
QAP,1881,154,114496
QAP,1882,154,114559
QAP,1883,154,114621
QAP,1884,154,114684
QAP,1885,154,114747
QAP,1886,154,114810
QAP,1887,154,114873
QAP,1888,154,114936
QAP,1889,154,114983
QAP,1890,154,115046
QAP,1891,154,115108
QAP,1892,154,115172
QAP,1893,154,115234
QAP,1894,154,115297
QAP,1895,154,115360
QAP,1896,154,115407
QAP,1897,154,115470
QAP,1898,154,115533
QAP,1899,154,115596
QAP,1900,154,115659
QAP,1901,154,115722
QAP,1902,154,115785
QAP,1903,154,115848
QAP,1904,154,115895
QAP,1905,154,115958
QAP,1906,154,116021
QAP,1907,154,116084
QAP,1908,154,116146
QAP,1909,154,116209
QAP,1910,154,116272
QAP,1911,154,116319
QAP,1912,154,116382
QAP,1913,154,116444
QAP,1914,154,116507
QAP,1915,154,116570
QAP,1916,154,116633
QAP,1917,154,116696
QAP,1918,154,116743
QAP,1919,154,116806
QAP,1920,154,116869
QAP,1921,154,116932
QAP,1922,154,116994
QAP,1923,154,117057
QAP,1924,154,117120
QAP,1925,154,117167
QAP,1926,154,117230
QAP,1927,154,117293
QAP,1928,154,117356
QAP,1929,154,117419
QAP,1930,154,117485
QAP,1931,154,117546
QAP,1932,154,117607
QAP,1933,154,117667
QAP,1934,154,117727
QAP,1935,154,117789
QAP,1936,154,117850
QAP,1937,154,117910
QAP,1938,154,117972
QAP,1939,154,118033
QAP,1940,154,118094
QAP,1941,154,118155
QAP,1942,154,118215
QAP,1943,154,118276
QAP,1944,154,118337
QAP,1945,154,118398
QAP,1946,154,118458
QAP,1947,154,118519
QAP,1948,154,118580
QAP,1949,154,118641
QAP,1950,154,118702
QAP,1951,154,118761
QAP,1952,154,118822
QAP,1953,154,118883
QAP,1954,154,118944
QAP,1955,154,119005
QAP,1956,154,119066
QAP,1957,154,119126
QAP,1958,154,119187
QAP,1959,154,119248
QAP,1960,154,119309
QAP,1961,154,119370
QAP,1962,154,119431
QAP,1963,154,119490
QAP,1964,154,119551
QAP,1965,154,119614
QAP,1966,154,119673
QAP,1967,154,119734
QAP,1968,154,119794
QAP,1969,154,119857
QAP,1970,154,119919
QAP,1971,154,119967
QAP,1972,154,120029
QAP,1973,154,120092
QAP,1974,154,120157
QAP,1975,154,120218
QAP,1976,154,120281
QAP,1977,154,120343
QAP,1978,154,120406
QAP,1979,154,120453
QAP,1980,154,120516
QAP,1981,154,120579
QAP,1982,154,120642
QAP,1983,154,120704
QAP,1984,154,120767
QAP,1985,154,120830
QAP,1986,154,120893
QAP,1987,154,120956
QAP,1988,154,121003
QAP,1989,154,121066
QAP,1990,154,121128
QAP,1991,154,121191
QAP,1992,154,121254
QAP,1993,154,121317
QAP,1994,154,121380
QAP,1995,154,121442
QAP,1996,154,121505
QAP,1997,154,121552
QAP,1998,154,121615
QAP,1999,154,121678
QAP,2000,154,121741
QAP,2001,154,121804
QAP,2002,154,121867
QAP,2003,154,121930
QAP,2004,154,121993
QAP,2005,154,122040
QAP,2006,154,122102
QAP,2007,154,122165
QAP,2008,154,122228
QAP,2009,154,122291
QAP,2010,154,122354
QAP,2011,154,122417
QAP,2012,154,122479
QAP,2013,154,122526
QAP,2014,154,122589
QAP,2015,154,122652
QAP,2016,154,122715
QAP,2017,154,122778
QAP,2018,154,122841
QAP,2019,154,122904
QAP,2020,154,122967
QAP,2021,154,123030
QAP,2022,154,123077
QAP,2023,154,123140
QAP,2024,154,123203
QAP,2025,154,123266
QAP,2026,154,123329
QAP,2027,154,123391
QAP,2028,154,123454
QAP,2029,154,123501
QAP,2030,154,123564
QAP,2031,154,123627
QAP,2032,154,123690
QAP,2033,154,123753
QAP,2034,154,123816
QAP,2035,154,123879
QAP,2036,154,123942
QAP,2037,154,123989
QAP,2038,154,124051
QAP,2039,154,124114
QAP,2040,154,124177
QAP,2041,154,124240
QAP,2042,154,124303
QAP,2043,154,124366
QAP,2044,154,124428
QAP,2045,154,124476
QAP,2046,154,124539
QAP,2047,154,124601
QAP,2048,154,124664
QAP,2049,154,124727
QAP,2050,154,124790
QAP,2051,154,124853
QAP,2052,154,124900
QAP,2053,154,124963
QAP,2054,154,125025
QAP,2055,154,125088
QAP,2056,154,125153
QAP,2057,154,125214
QAP,2058,154,125277
QAP,2059,154,125339
QAP,2060,154,125402
QAP,2061,154,125450
QAP,2062,154,125513
QAP,2063,154,125575
QAP,2064,154,125638
QAP,2065,154,125701
QAP,2066,154,125764
QAP,2067,154,125827
QAP,2068,154,125889
QAP,2069,154,125936
QAP,2070,154,125999
QAP,2071,154,126062
QAP,2072,154,126125
QAP,2073,154,126188
QAP,2074,154,126250
QAP,2075,154,126313
QAP,2076,154,126376
QAP,2077,154,126439
QAP,2078,154,126486
QAP,2079,154,126549
QAP,2080,154,126611
QAP,2081,154,126674
QAP,2082,154,126737
QAP,2083,154,126800
QAP,2084,154,126863
QAP,2085,154,126910
QAP,2086,154,126973
QAP,2087,154,127036
QAP,2088,154,127098
QAP,2089,154,127161
QAP,2090,154,127224
QAP,2091,154,127287
QAP,2092,154,127350
QAP,2093,154,127397
QAP,2094,154,127460
QAP,2095,154,127522
QAP,2096,154,127585
QAP,2097,154,127648
QAP,2098,154,127711
QAP,2099,154,127774
QAP,2100,154,127835
QAP,2101,154,127896
QAP,2102,154,127957
QAP,2103,154,128018
QAP,2104,154,128080
QAP,2105,154,128140
QAP,2106,154,128201
QAP,2107,154,128262
QAP,2108,154,128322
QAP,2109,154,128382
QAP,2110,154,128444
QAP,2111,154,128507
QAP,2112,154,128568
QAP,2113,154,128628
QAP,2114,154,128689
QAP,2115,154,128750
QAP,2116,154,128810
QAP,2117,154,128872
QAP,2118,154,128931
QAP,2119,154,128993
QAP,2120,154,129054
QAP,2121,154,129115
QAP,2122,154,129177
QAP,2123,154,129238
QAP,2124,154,129298
QAP,2125,154,129358
QAP,2126,154,129421
QAP,2127,154,129481
QAP,2128,154,129541
QAP,2129,154,129603
QAP,2130,154,129663
QAP,2131,154,129726
QAP,2132,154,129786
QAP,2133,154,129847
QAP,2134,154,129907
QAP,2135,154,129970
QAP,2136,154,130029
QAP,2137,154,130091
QAP,2138,154,130151
QAP,2139,154,130212
QAP,2140,154,130273
QAP,2141,154,130335
QAP,2142,154,130395
QAP,2143,154,130456
QAP,2144,154,130517
QAP,2145,154,130578
QAP,2146,154,130638
QAP,2147,154,130698
QAP,2148,154,130760
QAP,2149,154,130823
QAP,2150,154,130886
QAP,2151,154,130933
QAP,2152,154,130996
QAP,2153,154,131058
QAP,2154,154,131121
QAP,2155,154,131184
QAP,2156,154,131246
QAP,2157,154,131309
QAP,2158,154,131371
QAP,2159,154,131434
QAP,2160,154,131497
QAP,2161,154,131559
QAP,2162,154,131606
QAP,2163,154,131669
QAP,2164,154,131732
QAP,2165,154,131794
QAP,2166,154,131857
QAP,2167,154,131920
QAP,2168,154,131982
QAP,2169,154,132045
QAP,2170,154,132107
QAP,2171,154,132154
QAP,2172,154,132218
QAP,2173,154,132280
QAP,2174,154,132343
QAP,2175,154,132406
QAP,2176,154,132468
QAP,2177,154,132531
QAP,2178,154,132594
QAP,2179,154,132656
QAP,2180,154,132703
QAP,2181,154,132766
QAP,2182,154,132829
QAP,2183,154,132891
QAP,2184,154,132954
QAP,2185,154,133016
QAP,2186,154,133079
QAP,2187,154,133142
QAP,2188,154,133189
QAP,2189,154,133252
QAP,2190,154,133314
QAP,2191,154,133377
QAP,2192,154,133440
QAP,2193,154,133502
QAP,2194,154,133567
QAP,2195,154,133628
QAP,2196,154,133675
QAP,2197,154,133737
QAP,2198,154,133800
QAP,2199,154,133863
QAP,2200,154,133925
QAP,2201,154,133988
QAP,2202,154,134051
QAP,2203,154,134113
QAP,2204,154,134160
QAP,2205,154,134223
QAP,2206,154,134286
QAP,2207,154,134349
QAP,2208,154,134412
QAP,2209,154,134474
QAP,2210,154,134537
QAP,2211,154,134600
QAP,2212,154,134662
QAP,2213,154,134709
QAP,2214,154,134772
QAP,2215,154,134835
QAP,2216,154,134897
QAP,2217,154,134960
QAP,2218,154,135023
QAP,2219,154,135086
QAP,2220,154,135148
QAP,2221,154,135195
QAP,2222,154,135258
QAP,2223,154,135321
QAP,2224,154,135383
QAP,2225,154,135446
QAP,2226,154,135509
QAP,2227,154,135571
QAP,2228,154,135634
QAP,2229,154,135697
QAP,2230,154,135744
QAP,2231,154,135806
QAP,2232,154,135869
QAP,2233,154,135932
QAP,2234,154,135994
QAP,2235,154,136057
QAP,2236,154,136120
QAP,2237,154,136182
QAP,2238,154,136245
QAP,2239,154,136300
QAP,2240,154,136355
QAP,2241,154,136418
QAP,2242,154,136480
QAP,2243,154,136543
QAP,2244,154,136606
QAP,2245,154,136668
QAP,2246,154,136715
QAP,2247,154,136778
QAP,2248,154,136841
QAP,2249,154,136903
QAP,2250,154,136966
QAP,2251,154,137029
QAP,2252,154,137091
QAP,2253,154,137154
QAP,2254,154,137217
QAP,2255,154,137279
QAP,2256,154,137327
QAP,2257,154,137389
QAP,2258,154,137452
QAP,2259,154,137515
QAP,2260,154,137577
QAP,2261,154,137640
QAP,2262,154,137703
QAP,2263,154,137766
QAP,2264,154,137812
QAP,2265,154,137875
QAP,2266,154,137938
QAP,2267,154,138000
QAP,2268,154,138063
QAP,2269,154,138126
QAP,2270,154,138188
QAP,2271,154,138251
QAP,2272,154,138298
QAP,2273,154,138361
QAP,2274,154,138423
QAP,2275,154,138486
QAP,2276,154,138548
QAP,2277,154,138611
QAP,2278,154,138674
QAP,2279,154,138736
QAP,2280,154,138799
QAP,2281,154,138846
QAP,2282,154,138909
QAP,2283,154,138971
QAP,2284,154,139034
QAP,2285,154,139097
QAP,2286,154,139159
QAP,2287,154,139222
QAP,2288,154,139285
QAP,2289,154,139347
QAP,2290,154,139394
QAP,2291,154,139457
QAP,2292,154,139520
QAP,2293,154,139582
QAP,2294,154,139645
QAP,2295,154,139708
QAP,2296,154,139771
QAP,2297,154,139834
QAP,2298,154,139881
QAP,2299,154,139943
QAP,2300,154,140006
QAP,2301,154,140069
QAP,2302,154,140131
QAP,2303,154,140194
QAP,2304,154,140257
QAP,2305,154,140320
QAP,2306,154,140382
QAP,2307,154,140430
QAP,2308,154,140492
QAP,2309,154,140555
QAP,2310,154,140617
QAP,2311,154,140680
QAP,2312,154,140743
QAP,2313,154,140805
QAP,2314,154,140868
QAP,2315,154,140915
QAP,2316,154,140978
QAP,2317,154,141040
QAP,2318,154,141103
QAP,2319,154,141166
QAP,2320,154,141229
QAP,2321,154,141291
QAP,2322,154,141354
QAP,2323,154,141417
QAP,2324,154,141464
QAP,2325,154,141526
QAP,2326,154,141589
QAP,2327,154,141652
QAP,2328,154,141714
QAP,2329,154,141777
QAP,2330,154,141840
QAP,2331,154,141903
QAP,2332,154,141965
QAP,2333,154,142012
QAP,2334,154,142075
QAP,2335,154,142138
QAP,2336,154,142201
QAP,2337,154,142263
QAP,2338,154,142332
QAP,2339,154,142389
QAP,2340,154,142451
QAP,2341,154,142514
QAP,2342,154,142561
QAP,2343,154,142624
QAP,2344,154,142686
QAP,2345,154,142749
QAP,2346,154,142812
QAP,2347,154,142875
QAP,2348,154,142937
QAP,2349,154,143000
QAP,2350,154,143063
QAP,2351,154,143118
QAP,2352,154,143172
QAP,2353,154,143235
QAP,2354,154,143298
QAP,2355,154,143361
QAP,2356,154,143423
QAP,2357,154,143486
QAP,2358,154,143549
QAP,2359,154,143612
QAP,2360,154,143659
QAP,2361,154,143722
QAP,2362,154,143784
QAP,2363,154,143847
QAP,2364,154,143909
QAP,2365,154,143972
QAP,2366,154,144035
QAP,2367,154,144097
QAP,2368,154,144160
QAP,2369,154,144207
QAP,2370,154,144270
QAP,2371,154,144333
QAP,2372,154,144395
QAP,2373,154,144458
QAP,2374,154,144521
QAP,2375,154,144584
QAP,2376,154,144646
QAP,2377,154,144709
QAP,2378,154,144756
QAP,2379,154,144819
QAP,2380,154,144882
QAP,2381,154,144944
QAP,2382,154,145007
QAP,2383,154,145070
QAP,2384,154,145132
QAP,2385,154,145195
QAP,2386,154,145257
QAP,2387,154,145304
QAP,2388,154,145367
QAP,2389,154,145430
QAP,2390,154,145492
QAP,2391,154,145555
QAP,2392,154,145618
QAP,2393,154,145680
QAP,2394,154,145743
QAP,2395,154,145790
QAP,2396,154,145853
QAP,2397,154,145915
QAP,2398,154,145978
QAP,2399,154,146041
QAP,2400,154,146103
QAP,2401,154,146174
QAP,2402,154,146233
QAP,2403,154,146295
QAP,2404,154,146356
QAP,2405,154,146417
QAP,2406,154,146479
QAP,2407,154,146539
QAP,2408,154,146600
QAP,2409,154,146661
QAP,2410,154,146722
QAP,2411,154,146783
QAP,2412,154,146843
QAP,2413,154,146905
QAP,2414,154,146967
QAP,2415,154,147028
QAP,2416,154,147090
QAP,2417,154,147150
QAP,2418,154,147211
QAP,2419,154,147272
QAP,2420,154,147334
QAP,2421,154,147395
QAP,2422,154,147456
QAP,2423,154,147518
QAP,2424,154,147577
QAP,2425,154,147639
QAP,2426,154,147699
QAP,2427,154,147761
QAP,2428,154,147823
QAP,2429,154,147883
QAP,2430,154,147944
QAP,2431,154,148004
QAP,2432,154,148067
QAP,2433,154,148128
QAP,2434,154,148191
QAP,2435,154,148251
QAP,2436,154,148313
QAP,2437,154,148372
QAP,2438,154,148434
QAP,2439,154,148495
QAP,2440,154,148557
QAP,2441,154,148617
QAP,2442,154,148678
QAP,2443,154,148739
QAP,2444,154,148800
QAP,2445,154,148861
QAP,2446,154,148922
QAP,2447,154,148982
QAP,2448,154,149043
QAP,2449,154,149104
QAP,2450,154,149163
QAP,2451,154,149224
QAP,2452,154,149287
QAP,2453,154,149334
QAP,2454,154,149397
QAP,2455,154,149459
QAP,2456,154,149522
QAP,2457,154,149585
QAP,2458,154,149648
QAP,2459,154,149711
QAP,2460,154,149774
QAP,2461,154,149821
QAP,2462,154,149884
QAP,2463,154,149947
QAP,2464,154,150010
QAP,2465,154,150072
QAP,2466,154,150135
QAP,2467,154,150198
QAP,2468,154,150261
QAP,2469,154,150324
QAP,2470,154,150371
QAP,2471,154,150434
QAP,2472,154,150496
QAP,2473,154,150559
QAP,2474,154,150622
QAP,2475,154,150685
QAP,2476,154,150748
QAP,2477,154,150795
QAP,2478,154,150858
QAP,2479,154,150921
QAP,2480,154,150983
QAP,2481,154,151046
QAP,2482,154,151109
QAP,2483,154,151172
QAP,2484,154,151219
QAP,2485,154,151290
QAP,2486,154,151345
QAP,2487,154,151408
QAP,2488,154,151470
QAP,2489,154,151533
QAP,2490,154,151596
QAP,2491,154,151659
QAP,2492,154,151706
QAP,2493,154,151769
QAP,2494,154,151832
QAP,2495,154,151895
QAP,2496,154,151958
QAP,2497,154,152020
QAP,2498,154,152083
QAP,2499,154,152146
QAP,2500,154,152209
QAP,2501,154,152256
QAP,2502,154,152319
QAP,2503,154,152382
QAP,2504,154,152445
QAP,2505,154,152508
QAP,2506,154,152571
QAP,2507,154,152633
QAP,2508,154,152681
QAP,2509,154,152743
QAP,2510,154,152806
QAP,2511,154,152869
QAP,2512,154,152932
QAP,2513,154,152995
QAP,2514,154,153058
QAP,2515,154,153121
QAP,2516,154,153168
QAP,2517,154,153231
QAP,2518,154,153293
QAP,2519,154,153356
QAP,2520,154,153419
QAP,2521,154,153481
QAP,2522,154,153544
QAP,2523,154,153591
QAP,2524,154,153654
QAP,2525,154,153717
QAP,2526,154,153780
QAP,2527,154,153843
QAP,2528,154,153906
QAP,2529,154,153968
QAP,2530,154,154031
QAP,2531,154,154094
QAP,2532,154,154141
QAP,2533,154,154204
QAP,2534,154,154267
QAP,2535,154,154330
QAP,2536,154,154393
QAP,2537,154,154456
QAP,2538,154,154519
QAP,2539,154,154566
QAP,2540,154,154629
QAP,2541,154,154692
QAP,2542,154,154754
QAP,2543,154,154817
QAP,2544,154,154880
QAP,2545,154,154943
QAP,2546,154,155005
QAP,2547,154,155052
QAP,2548,154,155115
QAP,2549,154,155178
QAP,2550,154,155241
QAP,2551,154,155304
QAP,2552,154,155367
QAP,2553,154,155429
QAP,2554,154,155492
QAP,2555,154,155555
QAP,2556,154,155602
QAP,2557,154,155665
QAP,2558,154,155728
QAP,2559,154,155791
QAP,2560,154,155853
QAP,2561,154,155916
QAP,2562,154,155979
QAP,2563,154,156042
QAP,2564,154,156089
QAP,2565,154,156152
QAP,2566,154,156215
QAP,2567,154,156278
QAP,2568,154,156348
QAP,2569,154,156408
QAP,2570,154,156470
QAP,2571,154,156530
QAP,2572,154,156591
QAP,2573,154,156652
QAP,2574,154,156712
QAP,2575,154,156768
QAP,2576,154,156831
QAP,2577,154,156894
QAP,2578,154,156941
QAP,2579,154,157004
QAP,2580,154,157066
QAP,2581,154,157129
QAP,2582,154,157192
QAP,2583,154,157254
QAP,2584,154,157317
QAP,2585,154,157380
QAP,2586,154,157443
QAP,2587,154,157506
QAP,2588,154,157553
QAP,2589,154,157616
QAP,2590,154,157679
QAP,2591,154,157742
QAP,2592,154,157805
QAP,2593,154,157867
QAP,2594,154,157930
QAP,2595,154,157978
QAP,2596,154,158040
QAP,2597,154,158111
QAP,2598,154,158166
QAP,2599,154,158229
QAP,2600,154,158292
QAP,2601,154,158355
QAP,2602,154,158418
QAP,2603,154,158465
QAP,2604,154,158528
QAP,2605,154,158591
QAP,2606,154,158663
QAP,2607,154,158723
QAP,2608,154,158785
QAP,2609,154,158847
QAP,2610,154,158909
QAP,2611,154,158968
QAP,2612,154,159030
QAP,2613,154,159091
QAP,2614,154,159150
QAP,2615,154,159211
QAP,2616,154,159273
QAP,2617,154,159334
QAP,2618,154,159394
QAP,2619,154,159454
QAP,2620,154,159515
QAP,2621,154,159577
QAP,2622,154,159637
QAP,2623,154,159698
QAP,2624,154,159759
QAP,2625,154,159820
QAP,2626,154,159881
QAP,2627,154,159941
QAP,2628,154,160003
QAP,2629,154,160059
QAP,2630,154,160121
QAP,2631,154,160184
QAP,2632,154,160247
QAP,2633,154,160294
QAP,2634,154,160357
QAP,2635,154,160420
QAP,2636,154,160483
QAP,2637,154,160546
QAP,2638,154,160609
QAP,2639,154,160671
QAP,2640,154,160734
QAP,2641,154,160781
QAP,2642,154,160844
QAP,2643,154,160907
QAP,2644,154,160969
QAP,2645,154,161032
QAP,2646,154,161095
QAP,2647,154,161158
QAP,2648,154,161221
QAP,2649,154,161268
QAP,2650,154,161330
QAP,2651,154,161393
QAP,2652,154,161456
QAP,2653,154,161518
QAP,2654,154,161582
QAP,2655,154,161644
QAP,2656,154,161707
QAP,2657,154,161754
QAP,2658,154,161817
QAP,2659,154,161880
QAP,2660,154,161943
QAP,2661,154,162006
QAP,2662,154,162069
QAP,2663,154,162132
QAP,2664,154,162194
QAP,2665,154,162242
QAP,2666,154,162305
QAP,2667,154,162367
QAP,2668,154,162430
QAP,2669,154,162493
QAP,2670,154,162556
QAP,2671,154,162619
QAP,2672,154,162682
QAP,2673,154,162729
QAP,2674,154,162792
QAP,2675,154,162854
QAP,2676,154,162917
QAP,2677,154,162980
QAP,2678,154,163043
QAP,2679,154,163106
QAP,2680,154,163169
QAP,2681,154,163232
QAP,2682,154,163279
QAP,2683,154,163342
QAP,2684,154,163405
QAP,2685,154,163468
QAP,2686,154,163531
QAP,2687,154,163593
QAP,2688,154,163656
QAP,2689,154,163703
QAP,2690,154,163766
QAP,2691,154,163829
QAP,2692,154,163892
QAP,2693,154,163955
QAP,2694,154,164018
QAP,2695,154,164080
QAP,2696,154,164143
QAP,2697,154,164190
QAP,2698,154,164253
QAP,2699,154,164316
QAP,2700,154,164379
QAP,2701,154,164442
QAP,2702,154,164505
QAP,2703,154,164567
QAP,2704,154,164630
QAP,2705,154,164693
QAP,2706,154,164740
QAP,2707,154,164803
QAP,2708,154,164866
QAP,2709,154,164936
QAP,2710,154,164991
QAP,2711,154,165054
QAP,2712,154,165117
QAP,2713,154,165180
QAP,2714,154,165227
QAP,2715,154,165290
QAP,2716,154,165353
QAP,2717,154,165415
QAP,2718,154,165478
QAP,2719,154,165541
QAP,2720,154,165604
QAP,2721,154,165667
QAP,2722,154,165714
QAP,2723,154,165776
QAP,2724,154,165839
QAP,2725,154,165902
QAP,2726,154,165965
QAP,2727,154,166027
QAP,2728,154,166090
QAP,2729,154,166137
QAP,2730,154,166200
QAP,2731,154,166263
QAP,2732,154,166326
QAP,2733,154,166389
QAP,2734,154,166452
QAP,2735,154,166515
QAP,2736,154,166577
QAP,2737,154,166625
QAP,2738,154,166687
QAP,2739,154,166750
QAP,2740,154,166813
QAP,2741,154,166876
QAP,2742,154,166939
QAP,2743,154,167002
QAP,2744,154,167065
QAP,2745,154,167112
QAP,2746,154,167175
QAP,2747,154,167237
QAP,2748,154,167300
QAP,2749,154,167363
QAP,2750,154,167426
QAP,2751,154,167489
QAP,2752,154,167552
QAP,2753,154,167599
QAP,2754,154,167662
QAP,2755,154,167725
QAP,2756,154,167787
QAP,2757,154,167850
QAP,2758,154,167913
QAP,2759,154,167976
QAP,2760,154,168023
QAP,2761,154,168086
QAP,2762,154,168149
QAP,2763,154,168212
QAP,2764,154,168275
QAP,2765,154,168338
QAP,2766,154,168400
QAP,2767,154,168463
QAP,2768,154,168510
QAP,2769,154,168573
QAP,2770,154,168636
QAP,2771,154,168699
QAP,2772,154,168761
QAP,2773,154,168824
QAP,2774,154,168887
QAP,2775,154,168950
QAP,2776,154,168997
QAP,2777,154,169060
QAP,2778,154,169123
QAP,2779,154,169186
QAP,2780,154,169248
QAP,2781,154,169311
QAP,2782,154,169374
QAP,2783,154,169437
QAP,2784,154,169484
QAP,2785,154,169547
QAP,2786,154,169610
QAP,2787,154,169673
QAP,2788,154,169735
QAP,2789,154,169798
QAP,2790,154,169861
QAP,2791,154,169924
QAP,2792,154,169971
QAP,2793,154,170033
QAP,2794,154,170096
QAP,2795,154,170159
QAP,2796,154,170222
QAP,2797,154,170285
QAP,2798,154,170347
QAP,2799,154,170410
QAP,2800,154,170473
QAP,2801,154,170520
QAP,2802,154,170583
QAP,2803,154,170646
QAP,2804,154,170708
QAP,2805,154,170771
QAP,2806,154,170834
QAP,2807,154,170897
QAP,2808,154,170960
QAP,2809,154,171007
QAP,2810,154,171070
QAP,2811,154,171133
QAP,2812,154,171196
QAP,2813,154,171258
QAP,2814,154,171321
QAP,2815,154,171384
QAP,2816,154,171447
QAP,2817,154,171494
QAP,2818,154,171557
QAP,2819,154,171620
QAP,2820,154,171682
QAP,2821,154,171745
QAP,2822,154,171808
QAP,2823,154,171871
QAP,2824,154,171918
QAP,2825,154,171981
QAP,2826,154,172044
QAP,2827,154,172107
QAP,2828,154,172170
QAP,2829,154,172233
QAP,2830,154,172295
QAP,2831,154,172343
QAP,2832,154,172414
QAP,2833,154,172468
QAP,2834,154,172531
QAP,2835,154,172594
QAP,2836,154,172657
QAP,2837,154,172719
QAP,2838,154,172767
QAP,2839,154,172830
QAP,2840,154,172893
QAP,2841,154,172955
QAP,2842,154,173018
QAP,2843,154,173081
QAP,2844,154,173144
QAP,2845,154,173191
QAP,2846,154,173254
QAP,2847,154,173317
QAP,2848,154,173379
QAP,2849,154,173442
QAP,2850,154,173505
QAP,2851,154,173552
QAP,2852,154,173615
QAP,2853,154,173678
QAP,2854,154,173741
QAP,2855,154,173804
QAP,2856,154,173867
QAP,2857,154,173930
QAP,2858,154,173977
QAP,2859,154,174040
QAP,2860,154,174102
QAP,2861,154,174165
QAP,2862,154,174228
QAP,2863,154,174291
QAP,2864,154,174338
QAP,2865,154,174401
QAP,2866,154,174472
QAP,2867,154,174526
QAP,2868,154,174589
QAP,2869,154,174652
QAP,2870,154,174715
QAP,2871,154,174762
QAP,2872,154,174825
QAP,2873,154,174888
QAP,2874,154,174951
QAP,2875,154,175014
QAP,2876,154,175076
QAP,2877,154,175139
QAP,2878,154,175202
QAP,2879,154,175249
QAP,2880,154,175312
QAP,2881,154,175375
QAP,2882,154,175438
QAP,2883,154,175500
QAP,2884,154,175563
QAP,2885,154,175611
QAP,2886,154,175673
QAP,2887,154,175736
QAP,2888,154,175799
QAP,2889,154,175861
QAP,2890,154,175924
QAP,2891,154,175987
QAP,2892,154,176050
QAP,2893,154,176113
QAP,2894,154,176176
QAP,2895,154,176223
QAP,2896,154,176286
QAP,2897,154,176349
QAP,2898,154,176412
QAP,2899,154,176475
QAP,2900,154,176537
QAP,2901,154,176600
QAP,2902,154,176647
QAP,2903,154,176710
QAP,2904,154,176773
QAP,2905,154,176836
QAP,2906,154,176899
QAP,2907,154,176961
QAP,2908,154,177024
QAP,2909,154,177087
QAP,2910,154,177149
QAP,2911,154,177205
QAP,2912,154,177259
QAP,2913,154,177322
QAP,2914,154,177385
QAP,2915,154,177448
QAP,2916,154,177511
QAP,2917,154,177574
QAP,2918,154,177636
QAP,2919,154,177699
QAP,2920,154,177746
QAP,2921,154,177809
QAP,2922,154,177872
QAP,2923,154,177935
QAP,2924,154,177998
QAP,2925,154,178061
QAP,2926,154,178124
QAP,2927,154,178187
QAP,2928,154,178234
QAP,2929,154,178297
QAP,2930,154,178370
QAP,2931,154,178432
QAP,2932,154,178493
QAP,2933,154,178555
QAP,2934,154,178616
QAP,2935,154,178676
QAP,2936,154,178739
QAP,2937,154,178800
QAP,2938,154,178861
QAP,2939,154,178922
QAP,2940,154,178983
QAP,2941,154,179044
QAP,2942,154,179106
QAP,2943,154,179167
QAP,2944,154,179228
QAP,2945,154,179289
QAP,2946,154,179350
QAP,2947,154,179411
QAP,2948,154,179472
QAP,2949,154,179531
QAP,2950,154,179593
QAP,2951,154,179656
QAP,2952,154,179718
QAP,2953,154,179779
QAP,2954,154,179838
QAP,2955,154,179900
QAP,2956,154,179961
QAP,2957,154,180022
QAP,2958,154,180083
QAP,2959,154,180144
QAP,2960,154,180205
QAP,2961,154,180265
QAP,2962,154,180326
QAP,2963,154,180387
QAP,2964,154,180449
QAP,2965,154,180510
QAP,2966,154,180571
QAP,2967,154,180631
QAP,2968,154,180693
QAP,2969,154,180754
QAP,2970,154,180815
QAP,2971,154,180874
QAP,2972,154,180935
QAP,2973,154,180998
QAP,2974,154,181061
QAP,2975,154,181123
QAP,2976,154,181170
QAP,2977,154,181234
QAP,2978,154,181296
QAP,2979,154,181359
QAP,2980,154,181422
QAP,2981,154,181485
QAP,2982,154,181548
QAP,2983,154,181595
QAP,2984,154,181658
QAP,2985,154,181721
QAP,2986,154,181783
QAP,2987,154,181846
QAP,2988,154,181909
QAP,2989,154,181972
QAP,2990,154,182019
QAP,2991,154,182082
QAP,2992,154,182145
QAP,2993,154,182208
QAP,2994,154,182271
QAP,2995,154,182333
QAP,2996,154,182396
QAP,2997,154,182459
QAP,2998,154,182506
QAP,2999,154,182569
QAP,3000,154,182632
QAP,3001,154,182695
QAP,3002,154,182758
QAP,3003,154,182821
QAP,3004,154,182883
QAP,3005,154,182931
QAP,3006,154,182993
QAP,3007,154,183056
QAP,3008,154,183119
QAP,3009,154,183182
QAP,3010,154,183245
QAP,3011,154,183308
QAP,3012,154,183368
QAP,3013,154,183429
QAP,3014,154,183489
QAP,3015,154,183551
QAP,3016,154,183611
QAP,3017,154,183671
QAP,3018,154,183733
QAP,3019,154,183792
QAP,3020,154,183853
QAP,3021,154,183915
QAP,3022,154,183975
QAP,3023,154,184036
QAP,3024,154,184097
QAP,3025,154,184157
QAP,3026,154,184218
QAP,3027,154,184280
QAP,3028,154,184339
QAP,3029,154,184400
QAP,3030,154,184460
QAP,3031,154,184523
QAP,3032,154,184582
QAP,3033,154,184643
QAP,3034,154,184704
QAP,3035,154,184765
QAP,3036,154,184826
QAP,3037,154,184885
QAP,3038,154,184947
QAP,3039,154,185007
QAP,3040,154,185068
QAP,3041,154,185129
QAP,3042,154,185190
QAP,3043,154,185252
QAP,3044,154,185312
QAP,3045,154,185374
QAP,3046,154,185434
QAP,3047,154,185495
QAP,3048,154,185556
QAP,3049,154,185617
QAP,3050,154,185678
QAP,3051,154,185731
QAP,3052,154,185794
QAP,3053,154,185856
QAP,3054,154,185922
QAP,3055,154,185982
QAP,3056,154,186043
QAP,3057,154,186104
QAP,3058,154,186165
QAP,3059,154,186226
QAP,3060,154,186288
QAP,3061,154,186348
QAP,3062,154,186409
QAP,3063,154,186470
QAP,3064,154,186533
QAP,3065,154,186595
QAP,3066,154,186655
QAP,3067,154,186717
QAP,3068,154,186777
QAP,3069,154,186839
QAP,3070,154,186899
QAP,3071,154,186960
QAP,3072,154,187020
QAP,3073,154,187083
QAP,3074,154,187146
QAP,3075,154,187193
QAP,3076,154,187255
QAP,3077,154,187318
QAP,3078,154,187381
QAP,3079,154,187443
QAP,3080,154,187506
QAP,3081,154,187568
QAP,3082,154,187631
QAP,3083,154,187694
QAP,3084,154,187741
QAP,3085,154,187803
QAP,3086,154,187866
QAP,3087,154,187929
QAP,3088,154,187991
QAP,3089,154,188054
QAP,3090,154,188117
QAP,3091,154,188180
QAP,3092,154,188242
QAP,3093,154,188289
QAP,3094,154,188352
QAP,3095,154,188415
QAP,3096,154,188477
QAP,3097,154,188540
QAP,3098,154,188603
QAP,3099,154,188665
QAP,3100,154,188713
QAP,3101,154,188791
QAP,3102,154,188838
QAP,3103,154,188900
QAP,3104,154,188963
QAP,3105,154,189026
QAP,3106,154,189088
QAP,3107,154,189151
QAP,3108,154,189214
QAP,3109,154,189261
QAP,3110,154,189324
QAP,3111,154,189387
QAP,3112,154,189450
QAP,3113,154,189513
QAP,3114,154,189576
QAP,3115,154,189638
QAP,3116,154,189701
QAP,3117,154,189748
QAP,3118,154,189810
QAP,3119,154,189873
QAP,3120,154,189936
QAP,3121,154,189999
QAP,3122,154,190062
QAP,3123,154,190124
QAP,3124,154,190171
QAP,3125,154,190234
QAP,3126,154,190297
QAP,3127,154,190359
QAP,3128,154,190422
QAP,3129,154,190484
QAP,3130,154,190547
QAP,3131,154,190610
QAP,3132,154,190673
QAP,3133,154,190720
QAP,3134,154,190782
QAP,3135,154,190845
QAP,3136,154,190908
QAP,3137,154,190971
QAP,3138,154,191034
QAP,3139,154,191096
QAP,3140,154,191160
QAP,3141,154,191222
QAP,3142,154,191270
QAP,3143,154,191332
QAP,3144,154,191395
QAP,3145,154,191458
QAP,3146,154,191521
QAP,3147,154,191584
QAP,3148,154,191647
QAP,3149,154,191694
QAP,3150,154,191757
QAP,3151,154,191819
QAP,3152,154,191882
QAP,3153,154,191945
QAP,3154,154,192008
QAP,3155,154,192071
QAP,3156,154,192133
QAP,3157,154,192188
QAP,3158,154,192244
QAP,3159,154,192307
QAP,3160,154,192369
QAP,3161,154,192432
QAP,3162,154,192495
QAP,3163,154,192558
QAP,3164,154,192621
QAP,3165,154,192668
QAP,3166,154,192731
QAP,3167,154,192793
QAP,3168,154,192856
QAP,3169,154,192919
QAP,3170,154,192982
QAP,3171,154,193044
QAP,3172,154,193107
QAP,3173,154,193154
QAP,3174,154,193217
QAP,3175,154,193280
QAP,3176,154,193343
QAP,3177,154,193406
QAP,3178,154,193469
QAP,3179,154,193532
QAP,3180,154,193595
QAP,3181,154,193642
QAP,3182,154,193704
QAP,3183,154,193767
QAP,3184,154,193830
QAP,3185,154,193892
QAP,3186,154,193955
QAP,3187,154,194018
QAP,3188,154,194065
QAP,3189,154,194128
QAP,3190,154,194191
QAP,3191,154,194254
QAP,3192,154,194317
QAP,3193,154,194379
QAP,3194,154,194442
QAP,3195,154,194505
QAP,3196,154,194568
QAP,3197,154,194615
QAP,3198,154,194678
QAP,3199,154,194741
QAP,3200,154,194804
QAP,3201,154,194867
QAP,3202,154,194929
QAP,3203,154,194992
QAP,3204,154,195055
QAP,3205,154,195102
QAP,3206,154,195165
QAP,3207,154,195228
QAP,3208,154,195291
QAP,3209,154,195354
QAP,3210,154,195417
QAP,3211,154,195480
QAP,3212,154,195542
QAP,3213,154,195589
QAP,3214,154,195652
QAP,3215,154,195715
QAP,3216,154,195778
QAP,3217,154,195841
QAP,3218,154,195904
QAP,3219,154,195966
QAP,3220,154,196013
QAP,3221,154,196076
QAP,3222,154,196139
QAP,3223,154,196202
QAP,3224,154,196265
QAP,3225,154,196328
QAP,3226,154,196390
QAP,3227,154,196453
QAP,3228,154,196500
QAP,3229,154,196563
QAP,3230,154,196626
QAP,3231,154,196688
QAP,3232,154,196751
QAP,3233,154,196814
QAP,3234,154,196877
QAP,3235,154,196940
QAP,3236,154,196987
QAP,3237,154,197050
QAP,3238,154,197113
QAP,3239,154,197175
QAP,3240,154,197238
QAP,3241,154,197301
QAP,3242,154,197364
QAP,3243,154,197426
QAP,3244,154,197473
QAP,3245,154,197536
QAP,3246,154,197599
QAP,3247,154,197662
QAP,3248,154,197725
QAP,3249,154,197788
QAP,3250,154,197850
QAP,3251,154,197913
QAP,3252,154,197960
QAP,3253,154,198023
QAP,3254,154,198086
QAP,3255,154,198149
QAP,3256,154,198212
QAP,3257,154,198274
QAP,3258,154,198338
QAP,3259,154,198400
QAP,3260,154,198463
QAP,3261,154,198510
QAP,3262,154,198573
QAP,3263,154,198636
QAP,3264,154,198699
QAP,3265,154,198762
QAP,3266,154,198824
QAP,3267,154,198887
QAP,3268,154,198950
QAP,3269,154,199005
QAP,3270,154,199060
QAP,3271,154,199123
QAP,3272,154,199186
QAP,3273,154,199249
QAP,3274,154,199312
QAP,3275,154,199375
QAP,3276,154,199438
QAP,3277,154,199485
QAP,3278,154,199548
QAP,3279,154,199611
QAP,3280,154,199674
QAP,3281,154,199736
QAP,3282,154,199799
QAP,3283,154,199862
QAP,3284,154,199909
QAP,3285,154,199972
QAP,3286,154,200035
QAP,3287,154,200098
QAP,3288,154,200161
QAP,3289,154,200224
QAP,3290,154,200287
QAP,3291,154,200334
QAP,3292,154,200397
QAP,3293,154,200460
QAP,3294,154,200522
QAP,3295,154,200585
QAP,3296,154,200648
QAP,3297,154,200711
QAP,3298,154,200774
QAP,3299,154,200821
QAP,3300,154,200884
QAP,3301,154,200947
QAP,3302,154,201009
QAP,3303,154,201072
QAP,3304,154,201135
QAP,3305,154,201198
QAP,3306,154,201261
QAP,3307,154,201308
QAP,3308,154,201371
QAP,3309,154,201433
QAP,3310,154,201496
QAP,3311,154,201559
QAP,3312,154,201622
QAP,3313,154,201685
QAP,3314,154,201740
QAP,3315,154,201795
QAP,3316,154,201857
QAP,3317,154,201920
QAP,3318,154,201983
QAP,3319,154,202046
QAP,3320,154,202109
QAP,3321,154,202172
QAP,3322,154,202219
QAP,3323,154,202282
QAP,3324,154,202345
QAP,3325,154,202407
QAP,3326,154,202470
QAP,3327,154,202533
QAP,3328,154,202596
QAP,3329,154,202659
QAP,3330,154,202706
QAP,3331,154,202768
QAP,3332,154,202831
QAP,3333,154,202894
QAP,3334,154,202957
QAP,3335,154,203020
QAP,3336,154,203085
QAP,3337,154,203146
QAP,3338,154,203193
QAP,3339,154,203256
QAP,3340,154,203319
QAP,3341,154,203381
QAP,3342,154,203444
QAP,3343,154,203507
QAP,3344,154,203570
QAP,3345,154,203617
QAP,3346,154,203680
QAP,3347,154,203743
QAP,3348,154,203806
QAP,3349,154,203869
QAP,3350,154,203932
QAP,3351,154,203994
QAP,3352,154,204057
QAP,3353,154,204120
QAP,3354,154,204167
QAP,3355,154,204230
QAP,3356,154,204293
QAP,3357,154,204356
QAP,3358,154,204419
QAP,3359,154,204482
QAP,3360,154,204545
QAP,3361,154,204592
QAP,3362,154,204655
QAP,3363,154,204718
QAP,3364,154,204781
QAP,3365,154,204844
QAP,3366,154,204906
QAP,3367,154,204969
QAP,3368,154,205030
QAP,3369,154,205079
QAP,3370,154,205143
QAP,3371,154,205205
QAP,3372,154,205268
QAP,3373,154,205331
QAP,3374,154,205394
QAP,3375,154,205441
QAP,3376,154,205504
QAP,3377,154,205567
QAP,3378,154,205630
QAP,3379,154,205692
QAP,3380,154,205755
QAP,3381,154,205820
QAP,3382,154,205881
QAP,3383,154,205928
QAP,3384,154,205991
QAP,3385,154,206054
QAP,3386,154,206117
QAP,3387,154,206180
QAP,3388,154,206243
QAP,3389,154,206305
QAP,3390,154,206368
QAP,3391,154,206415
QAP,3392,154,206478
QAP,3393,154,206541
QAP,3394,154,206603
QAP,3395,154,206666
QAP,3396,154,206729
QAP,3397,154,206791
QAP,3398,154,206839
QAP,3399,154,206901
QAP,3400,154,206964
QAP,3401,154,207027
QAP,3402,154,207090
QAP,3403,154,207153
QAP,3404,154,207216
QAP,3405,154,207279
QAP,3406,154,207326
QAP,3407,154,207389
QAP,3408,154,207452
QAP,3409,154,207515
QAP,3410,154,207578
QAP,3411,154,207641
QAP,3412,154,207704
QAP,3413,154,207767
QAP,3414,154,207814
QAP,3415,154,207877
QAP,3416,154,207939
QAP,3417,154,208002
QAP,3418,154,208065
QAP,3419,154,208128
QAP,3420,154,208191
QAP,3421,154,208254
QAP,3422,154,208301
QAP,3423,154,208364
QAP,3424,154,208426
QAP,3425,154,208489
QAP,3426,154,208552
QAP,3427,154,208615
QAP,3428,154,208678
QAP,3429,154,208741
QAP,3430,154,208788
QAP,3431,154,208850
QAP,3432,154,208913
QAP,3433,154,208976
QAP,3434,154,209039
QAP,3435,154,209102
QAP,3436,154,209164
QAP,3437,154,209220
QAP,3438,154,209274
QAP,3439,154,209337
QAP,3440,154,209400
QAP,3441,154,209463
QAP,3442,154,209526
QAP,3443,154,209589
QAP,3444,154,209636
QAP,3445,154,209699
QAP,3446,154,209762
QAP,3447,154,209824
QAP,3448,154,209887
QAP,3449,154,209950
QAP,3450,154,210013
QAP,3451,154,210076
QAP,3452,154,210137
QAP,3453,154,210187
QAP,3454,154,210250
QAP,3455,154,210312
QAP,3456,154,210375
QAP,3457,154,210438
QAP,3458,154,210501
QAP,3459,154,210564
QAP,3460,154,210626
QAP,3461,154,210674
QAP,3462,154,210736
QAP,3463,154,210799
QAP,3464,154,210862
QAP,3465,154,210925
QAP,3466,154,210988
QAP,3467,154,211051
QAP,3468,154,211114
QAP,3469,154,211161
QAP,3470,154,211224
QAP,3471,154,211287
QAP,3472,154,211350
QAP,3473,154,211412
QAP,3474,154,211475
QAP,3475,154,211538
QAP,3476,154,211601
QAP,3477,154,211648
QAP,3478,154,211711
QAP,3479,154,211773
QAP,3480,154,211836
QAP,3481,154,211899
QAP,3482,154,211962
QAP,3483,154,212025
QAP,3484,154,212072
QAP,3485,154,212135
QAP,3486,154,212197
QAP,3487,154,212260
QAP,3488,154,212323
QAP,3489,154,212386
QAP,3490,154,212449
QAP,3491,154,212496
QAP,3492,154,212559
QAP,3493,154,212622
QAP,3494,154,212685
QAP,3495,154,212747
QAP,3496,154,212810
QAP,3497,154,212873
QAP,3498,154,212936
QAP,3499,154,212983
QAP,3500,154,213046
QAP,3501,154,213109
QAP,3502,154,213171
QAP,3503,154,213234
QAP,3504,154,213297
QAP,3505,154,213360
QAP,3506,154,213407
QAP,3507,154,213470
QAP,3508,154,213532
QAP,3509,154,213595
QAP,3510,154,213658
QAP,3511,154,213721
QAP,3512,154,213784
QAP,3513,154,213831
QAP,3514,154,213894
QAP,3515,154,213957
QAP,3516,154,214019
QAP,3517,154,214082
QAP,3518,154,214145
QAP,3519,154,214208
QAP,3520,154,214271
QAP,3521,154,214318
QAP,3522,154,214381
QAP,3523,154,214444
QAP,3524,154,214507
QAP,3525,154,214570
QAP,3526,154,214633
QAP,3527,154,214696
QAP,3528,154,214743
QAP,3529,154,214806
QAP,3530,154,214869
QAP,3531,154,214932
QAP,3532,154,214995
QAP,3533,154,215057
QAP,3534,154,215120
QAP,3535,154,215183
QAP,3536,154,215230
QAP,3537,154,215293
QAP,3538,154,215364
QAP,3539,154,215419
QAP,3540,154,215482
QAP,3541,154,215545
QAP,3542,154,215608
QAP,3543,154,215655
QAP,3544,154,215718
QAP,3545,154,215781
QAP,3546,154,215843
QAP,3547,154,215906
QAP,3548,154,215969
QAP,3549,154,216032
QAP,3550,154,216094
QAP,3551,154,216157
QAP,3552,154,216220
QAP,3553,154,216267
QAP,3554,154,216330
QAP,3555,154,216393
QAP,3556,154,216456
QAP,3557,154,216519
QAP,3558,154,216582
QAP,3559,154,216644
QAP,3560,154,216691
QAP,3561,154,216754
QAP,3562,154,216817
QAP,3563,154,216880
QAP,3564,154,216943
QAP,3565,154,217005
QAP,3566,154,217068
QAP,3567,154,217131
QAP,3568,154,217178
QAP,3569,154,217241
QAP,3570,154,217304
QAP,3571,154,217366
QAP,3572,154,217429
QAP,3573,154,217492
QAP,3574,154,217555
QAP,3575,154,217618
QAP,3576,154,217681
QAP,3577,154,217728
QAP,3578,154,217791
QAP,3579,154,217853
QAP,3580,154,217916
QAP,3581,154,217979
QAP,3582,154,218042
QAP,3583,154,218105
QAP,3584,154,218152
QAP,3585,154,218214
QAP,3586,154,218277
QAP,3587,154,218340
QAP,3588,154,218403
QAP,3589,154,218466
QAP,3590,154,218529
QAP,3591,154,218592
QAP,3592,154,218639
QAP,3593,154,218702
QAP,3594,154,218765
QAP,3595,154,218828
QAP,3596,154,218890
QAP,3597,154,218953
QAP,3598,154,219016
QAP,3599,154,219063
QAP,3600,154,219126
QAP,3601,154,219189
QAP,3602,154,219252
QAP,3603,154,219315
QAP,3604,154,219378
QAP,3605,154,219440
QAP,3606,154,219497
QAP,3607,154,219550
QAP,3608,154,219613
QAP,3609,154,219676
QAP,3610,154,219739
QAP,3611,154,219802
QAP,3612,154,219865
QAP,3613,154,219928
QAP,3614,154,219975
QAP,3615,154,220038
QAP,3616,154,220101
QAP,3617,154,220164
QAP,3618,154,220226
QAP,3619,154,220289
QAP,3620,154,220352
QAP,3621,154,220415
QAP,3622,154,220462
QAP,3623,154,220525
QAP,3624,154,220587
QAP,3625,154,220650
QAP,3626,154,220713
QAP,3627,154,220776
QAP,3628,154,220839
QAP,3629,154,220886
QAP,3630,154,220949
QAP,3631,154,221012
QAP,3632,154,221075
QAP,3633,154,221138
QAP,3634,154,221200
QAP,3635,154,221263
QAP,3636,154,221310
QAP,3637,154,221373
QAP,3638,154,221436
QAP,3639,154,221499
QAP,3640,154,221562
QAP,3641,154,221625
QAP,3642,154,221687
QAP,3643,154,221750
QAP,3644,154,221797
QAP,3645,154,221860
QAP,3646,154,221923
QAP,3647,154,221986
QAP,3648,154,222049
QAP,3649,154,222112
QAP,3650,154,222176
QAP,3651,154,222222
QAP,3652,154,222285
QAP,3653,154,222347
QAP,3654,154,222410
QAP,3655,154,222473
QAP,3656,154,222536
QAP,3657,154,222599
QAP,3658,154,222662
QAP,3659,154,222709
QAP,3660,154,222772
QAP,3661,154,222835
QAP,3662,154,222898
QAP,3663,154,222961
QAP,3664,154,223023
QAP,3665,154,223086
QAP,3666,154,223149
QAP,3667,154,223212
QAP,3668,154,223259
QAP,3669,154,223322
QAP,3670,154,223385
QAP,3671,154,223448
QAP,3672,154,223511
QAP,3673,154,223574
QAP,3674,154,223636
QAP,3675,154,223683
QAP,3676,154,223746
QAP,3677,154,223809
QAP,3678,154,223872
QAP,3679,154,223935
QAP,3680,154,223998
QAP,3681,154,224061
QAP,3682,154,224108
QAP,3683,154,224171
QAP,3684,154,224234
QAP,3685,154,224296
QAP,3686,154,224359
QAP,3687,154,224422
QAP,3688,154,224485
QAP,3689,154,224548
QAP,3690,154,224611
QAP,3691,154,224658
QAP,3692,154,224720
QAP,3693,154,224783
QAP,3694,154,224846
QAP,3695,154,224909
QAP,3696,154,224972
QAP,3697,154,225035
QAP,3698,154,225082
QAP,3699,154,225144
QAP,3700,154,225207
QAP,3701,154,225270
QAP,3702,154,225333
QAP,3703,154,225396
QAP,3704,154,225458
QAP,3705,154,225506
QAP,3706,154,225568
QAP,3707,154,225631
QAP,3708,154,225694
QAP,3709,154,225757
QAP,3710,154,225820
QAP,3711,154,225883
QAP,3712,154,225946
QAP,3713,154,225993
QAP,3714,154,226055
QAP,3715,154,226118
QAP,3716,154,226181
QAP,3717,154,226244
QAP,3718,154,226307
QAP,3719,154,226370
QAP,3720,154,226432
QAP,3721,154,226480
QAP,3722,154,226543
QAP,3723,154,226605
QAP,3724,154,226668
QAP,3725,154,226731
QAP,3726,154,226794
QAP,3727,154,226857
QAP,3728,154,226920
QAP,3729,154,226967
QAP,3730,154,227030
QAP,3731,154,227092
QAP,3732,154,227155
QAP,3733,154,227218
QAP,3734,154,227281
QAP,3735,154,227343
QAP,3736,154,227406
QAP,3737,154,227453
QAP,3738,154,227516
QAP,3739,154,227579
QAP,3740,154,227642
QAP,3741,154,227705
QAP,3742,154,227767
QAP,3743,154,227830
QAP,3744,154,227893
QAP,3745,154,227956
QAP,3746,154,228003
QAP,3747,154,228066
QAP,3748,154,228128
QAP,3749,154,228191
QAP,3750,154,228254
QAP,3751,154,228317
QAP,3752,154,228379
QAP,3753,154,228442
QAP,3754,154,228490
QAP,3755,154,228552
QAP,3756,154,228615
QAP,3757,154,228678
QAP,3758,154,228741
QAP,3759,154,228804
QAP,3760,154,228867
QAP,3761,154,228930
QAP,3762,154,228993
QAP,3763,154,229040
QAP,3764,154,229102
QAP,3765,154,229165
QAP,3766,154,229228
QAP,3767,154,229291
QAP,3768,154,229354
QAP,3769,154,229417
QAP,3770,154,229480
QAP,3771,154,229543
QAP,3772,154,229590
QAP,3773,154,229653
QAP,3774,154,229715
QAP,3775,154,229778
QAP,3776,154,229841
QAP,3777,154,229904
QAP,3778,154,229966
QAP,3779,154,230029
QAP,3780,154,230076
QAP,3781,154,230139
QAP,3782,154,230202
QAP,3783,154,230265
QAP,3784,154,230328
QAP,3785,154,230390
QAP,3786,154,230453
QAP,3787,154,230516
QAP,3788,154,230563
QAP,3789,154,230626
QAP,3790,154,230689
QAP,3791,154,230752
QAP,3792,154,230820
QAP,3793,154,230878
QAP,3794,154,230941
QAP,3795,154,231004
QAP,3796,154,231051
QAP,3797,154,231114
QAP,3798,154,231177
QAP,3799,154,231239
QAP,3800,154,231302
QAP,3801,154,231365
QAP,3802,154,231428
QAP,3803,154,231475
QAP,3804,154,231538
QAP,3805,154,231601
QAP,3806,154,231664
QAP,3807,154,231727
QAP,3808,154,231790
QAP,3809,154,231852
QAP,3810,154,231915
QAP,3811,154,231962
QAP,3812,154,232025
QAP,3813,154,232088
QAP,3814,154,232151
QAP,3815,154,232214
QAP,3816,154,232277
QAP,3817,154,232340
QAP,3818,154,232402
QAP,3819,154,232449
QAP,3820,154,232512
QAP,3821,154,232575
QAP,3822,154,232638
QAP,3823,154,232701
QAP,3824,154,232764
QAP,3825,154,232827
QAP,3826,154,232874
QAP,3827,154,232937
QAP,3828,154,233000
QAP,3829,154,233063
QAP,3830,154,233126
QAP,3831,154,233189
QAP,3832,154,233252
QAP,3833,154,233314
QAP,3834,154,233377
QAP,3835,154,233425
QAP,3836,154,233487
QAP,3837,154,233550
QAP,3838,154,233613
QAP,3839,154,233676
QAP,3840,154,233739
QAP,3841,154,233801
QAP,3842,154,233864
QAP,3843,154,233911
QAP,3844,154,233974
QAP,3845,154,234037
QAP,3846,154,234100
QAP,3847,154,234163
QAP,3848,154,234226
QAP,3849,154,234289
QAP,3850,154,234336
QAP,3851,154,234398
QAP,3852,154,234461
QAP,3853,154,234524
QAP,3854,154,234587
QAP,3855,154,234650
QAP,3856,154,234713
QAP,3857,154,234775
QAP,3858,154,234822
QAP,3859,154,234885
QAP,3860,154,234948
QAP,3861,154,235011
QAP,3862,154,235074
QAP,3863,154,235136
QAP,3864,154,235199
QAP,3865,154,235262
QAP,3866,154,235325
QAP,3867,154,235372
QAP,3868,154,235435
QAP,3869,154,235498
QAP,3870,154,235561
QAP,3871,154,235623
QAP,3872,154,235691
QAP,3873,154,235753
QAP,3874,154,235813
QAP,3875,154,235875
QAP,3876,154,235937
QAP,3877,154,235997
QAP,3878,154,236059
QAP,3879,154,236119
QAP,3880,154,236180
QAP,3881,154,236241
QAP,3882,154,236302
QAP,3883,154,236363
QAP,3884,154,236425
QAP,3885,154,236485
QAP,3886,154,236547
QAP,3887,154,236608
QAP,3888,154,236670
QAP,3889,154,236731
QAP,3890,154,236792
QAP,3891,154,236852
QAP,3892,154,236915
QAP,3893,154,236974
QAP,3894,154,237037
QAP,3895,154,237099
QAP,3896,154,237160
QAP,3897,154,237220
QAP,3898,154,237282
QAP,3899,154,237343
QAP,3900,154,237403
QAP,3901,154,237464
QAP,3902,154,237525
QAP,3903,154,237587
QAP,3904,154,237646
QAP,3905,154,237710
QAP,3906,154,237769
QAP,3907,154,237831
QAP,3908,154,237893
QAP,3909,154,237953
QAP,3910,154,238015
QAP,3911,154,238076
QAP,3912,154,238135
QAP,3913,154,238197
QAP,3914,154,238258
QAP,3915,154,238318
QAP,3916,154,238379
QAP,3917,154,238441
QAP,3918,154,238501
QAP,3919,154,238561
QAP,3920,154,238623
QAP,3921,154,238685
QAP,3922,154,238748
QAP,3923,154,238809
QAP,3924,154,238864
QAP,3925,154,238927
QAP,3926,154,238990
QAP,3927,154,239052
QAP,3928,154,239115
QAP,3929,154,239178
QAP,3930,154,239225
QAP,3931,154,239297
QAP,3932,154,239351
QAP,3933,154,239413
QAP,3934,154,239476
QAP,3935,154,239539
QAP,3936,154,239602
QAP,3937,154,239649
QAP,3938,154,239712
QAP,3939,154,239775
QAP,3940,154,239838
QAP,3941,154,239907
QAP,3942,154,239963
QAP,3943,154,240026
QAP,3944,154,240089
QAP,3945,154,240136
QAP,3946,154,240199
QAP,3947,154,240262
QAP,3948,154,240324
QAP,3949,154,240387
QAP,3950,154,240450
QAP,3951,154,240513
QAP,3952,154,240560
QAP,3953,154,240623
QAP,3954,154,240686
QAP,3955,154,240748
QAP,3956,154,240811
QAP,3957,154,240874
QAP,3958,154,240937
QAP,3959,154,241000
QAP,3960,154,241047
QAP,3961,154,241110
QAP,3962,154,241173
QAP,3963,154,241235
QAP,3964,154,241298
QAP,3965,154,241361
QAP,3966,154,241424
QAP,3967,154,241487
QAP,3968,154,241549
QAP,3969,154,241612
QAP,3970,154,241659
QAP,3971,154,241722
QAP,3972,154,241793
QAP,3973,154,241847
QAP,3974,154,241910
QAP,3975,154,241973
QAP,3976,154,242036
QAP,3977,154,242099
QAP,3978,154,242162
QAP,3979,154,242209
QAP,3980,154,242272
QAP,3981,154,242335
QAP,3982,154,242398
QAP,3983,154,242461
QAP,3984,154,242523
QAP,3985,154,242586
QAP,3986,154,242649
QAP,3987,154,242696
QAP,3988,154,242759
QAP,3989,154,242822
QAP,3990,154,242884
QAP,3991,154,242947
QAP,3992,154,243010
QAP,3993,154,243073
QAP,3994,154,243136
QAP,3995,154,243183
QAP,3996,154,243246
QAP,3997,154,243309
QAP,3998,154,243372
QAP,3999,154,243435
QAP,4000,154,243498
QAP,4001,154,243561
QAP,4002,154,243624
QAP,4003,154,243671
QAP,4004,154,243734
QAP,4005,154,243796
QAP,4006,154,243859
QAP,4007,154,243922
QAP,4008,154,243989
QAP,4009,154,244048
QAP,4010,154,244111
QAP,4011,154,244158
QAP,4012,154,244221
QAP,4013,154,244284
QAP,4014,154,244346
QAP,4015,154,244409
QAP,4016,154,244472
QAP,4017,154,244535
QAP,4018,154,244598
QAP,4019,154,244661
QAP,4020,154,244708
QAP,4021,154,244770
QAP,4022,154,244833
QAP,4023,154,244896
QAP,4024,154,244959
QAP,4025,154,245022
QAP,4026,154,245085
QAP,4027,154,245148
QAP,4028,154,245211
QAP,4029,154,245258
QAP,4030,154,245321
QAP,4031,154,245384
QAP,4032,154,245447
QAP,4033,154,245510
QAP,4034,154,245573
QAP,4035,154,245636
QAP,4036,154,245698
QAP,4037,154,245745
QAP,4038,154,245808
QAP,4039,154,245871
QAP,4040,154,245934
QAP,4041,154,245997
QAP,4042,154,246060
QAP,4043,154,246122
QAP,4044,154,246185
QAP,4045,154,246232
QAP,4046,154,246295
QAP,4047,154,246358
QAP,4048,154,246421
QAP,4049,154,246484
QAP,4050,154,246547
QAP,4051,154,246610
QAP,4052,154,246657
QAP,4053,154,246720
QAP,4054,154,246782
QAP,4055,154,246845
QAP,4056,154,246908
QAP,4057,154,246971
QAP,4058,154,247033
QAP,4059,154,247096
QAP,4060,154,247143
QAP,4061,154,247206
QAP,4062,154,247269
QAP,4063,154,247332
QAP,4064,154,247395
QAP,4065,154,247458
QAP,4066,154,247520
QAP,4067,154,247583
QAP,4068,154,247630
QAP,4069,154,247693
QAP,4070,154,247756
QAP,4071,154,247819
QAP,4072,154,247881
QAP,4073,154,247944
QAP,4074,154,248007
QAP,4075,154,248054
QAP,4076,154,248117
QAP,4077,154,248180
QAP,4078,154,248243
QAP,4079,154,248306
QAP,4080,154,248368
QAP,4081,154,248431
QAP,4082,154,248494
QAP,4083,154,248542
QAP,4084,154,248604
QAP,4085,154,248667
QAP,4086,154,248730
QAP,4087,154,248792
QAP,4088,154,248855
QAP,4089,154,248918
QAP,4090,154,248980
QAP,4091,154,249043
QAP,4092,154,249090
QAP,4093,154,249153
QAP,4094,154,249216
QAP,4095,154,249278
QAP,4096,154,249341
QAP,4097,154,249404
QAP,4098,154,249466
QAP,4099,154,249529
QAP,4100,154,249576
QAP,4101,154,249639
QAP,4102,154,249701
QAP,4103,154,249773
QAP,4104,154,249835
QAP,4105,154,249895
QAP,4106,154,249955
QAP,4107,154,250016
QAP,4108,154,250077
QAP,4109,154,250138
QAP,4110,154,250200
QAP,4111,154,250262
QAP,4112,154,250315
QAP,4113,154,250377
QAP,4114,154,250440
QAP,4115,154,250503
QAP,4116,154,250565
QAP,4117,154,250628
QAP,4118,154,250675
QAP,4119,154,250737
QAP,4120,154,250808
QAP,4121,154,250863
QAP,4122,154,250926
QAP,4123,154,250988
QAP,4124,154,251051
QAP,4125,154,251114
QAP,4126,154,251177
QAP,4127,154,251239
QAP,4128,154,251302
QAP,4129,154,251349
QAP,4130,154,251412
QAP,4131,154,251474
QAP,4132,154,251537
QAP,4133,154,251600
QAP,4134,154,251662
QAP,4135,154,251725
QAP,4136,154,251787
QAP,4137,154,251834
QAP,4138,154,251897
QAP,4139,154,251960
QAP,4140,154,252022
QAP,4141,154,252085
QAP,4142,154,252148
QAP,4143,154,252210
QAP,4144,154,252273
QAP,4145,154,252336
QAP,4146,154,252398
QAP,4147,154,252445
QAP,4148,154,252508
QAP,4149,154,252571
QAP,4150,154,252633
QAP,4151,154,252696
QAP,4152,154,252759
QAP,4153,154,252822
QAP,4154,154,252885
QAP,4155,154,252947
QAP,4156,154,252994
QAP,4157,154,253057
QAP,4158,154,253119
QAP,4159,154,253182
QAP,4160,154,253245
QAP,4161,154,253308
QAP,4162,154,253371
QAP,4163,154,253434
QAP,4164,154,253481
QAP,4165,154,253543
QAP,4166,154,253606
QAP,4167,154,253669
QAP,4168,154,253731
QAP,4169,154,253794
QAP,4170,154,253857
QAP,4171,154,253920
QAP,4172,154,253982
QAP,4173,154,254029
QAP,4174,154,254092
QAP,4175,154,254154
QAP,4176,154,254217
QAP,4177,154,254280
QAP,4178,154,254343
QAP,4179,154,254405
QAP,4180,154,254468
QAP,4181,154,254531
QAP,4182,154,254578
QAP,4183,154,254641
QAP,4184,154,254704
QAP,4185,154,254767
QAP,4186,154,254830
QAP,4187,154,254897
QAP,4188,154,254955
QAP,4189,154,255018
QAP,4190,154,255065
QAP,4191,154,255128
QAP,4192,154,255191
QAP,4193,154,255253
QAP,4194,154,255316
QAP,4195,154,255379
QAP,4196,154,255442
QAP,4197,154,255505
QAP,4198,154,255552
QAP,4199,154,255615
QAP,4200,154,255678
QAP,4201,154,255740
QAP,4202,154,255803
QAP,4203,154,255866
QAP,4204,154,255929
QAP,4205,154,255992
QAP,4206,154,256039
QAP,4207,154,256102
QAP,4208,154,256164
QAP,4209,154,256227
QAP,4210,154,256290
QAP,4211,154,256353
QAP,4212,154,256416
QAP,4213,154,256463
QAP,4214,154,256526
QAP,4215,154,256588
QAP,4216,154,256651
QAP,4217,154,256714
QAP,4218,154,256777
QAP,4219,154,256840
QAP,4220,154,256887
QAP,4221,154,256950
QAP,4222,154,257012
QAP,4223,154,257075
QAP,4224,154,257138
QAP,4225,154,257201
QAP,4226,154,257264
QAP,4227,154,257327
QAP,4228,154,257389
QAP,4229,154,257452
QAP,4230,154,257499
QAP,4231,154,257562
QAP,4232,154,257625
QAP,4233,154,257687
QAP,4234,154,257750
QAP,4235,154,257813
QAP,4236,154,257876
QAP,4237,154,257938
QAP,4238,154,258001
QAP,4239,154,258048
QAP,4240,154,258110
QAP,4241,154,258173
QAP,4242,154,258236
QAP,4243,154,258299
QAP,4244,154,258362
QAP,4245,154,258425
QAP,4246,154,258488
QAP,4247,154,258535
QAP,4248,154,258598
QAP,4249,154,258660
QAP,4250,154,258723
QAP,4251,154,258786
QAP,4252,154,258849
QAP,4253,154,258912
QAP,4254,154,258974
QAP,4255,154,259021
QAP,4256,154,259084
QAP,4257,154,259147
QAP,4258,154,259210
QAP,4259,154,259273
QAP,4260,154,259335
QAP,4261,154,259398
QAP,4262,154,259461
QAP,4263,154,259524
QAP,4264,154,259587
QAP,4265,154,259634
QAP,4266,154,259697
QAP,4267,154,259760
QAP,4268,154,259823
QAP,4269,154,259886
QAP,4270,154,259949
QAP,4271,154,260012
QAP,4272,154,260059
QAP,4273,154,260122
QAP,4274,154,260184
QAP,4275,154,260247
QAP,4276,154,260310
QAP,4277,154,260373
QAP,4278,154,260436
QAP,4279,154,260483
QAP,4280,154,260546
QAP,4281,154,260609
QAP,4282,154,260672
QAP,4283,154,260735
QAP,4284,154,260798
QAP,4285,154,260860
QAP,4286,154,260907
QAP,4287,154,260970
QAP,4288,154,261033
QAP,4289,154,261096
QAP,4290,154,261159
QAP,4291,154,261222
QAP,4292,154,261284
QAP,4293,154,261347
QAP,4294,154,261394
QAP,4295,154,261457
QAP,4296,154,261520
QAP,4297,154,261583
QAP,4298,154,261645
QAP,4299,154,261711
QAP,4300,154,261771
QAP,4301,154,261818
QAP,4302,154,261881
QAP,4303,154,261944
QAP,4304,154,262007
QAP,4305,154,262070
QAP,4306,154,262132
QAP,4307,154,262195
QAP,4308,154,262243
QAP,4309,154,262306
QAP,4310,154,262368
QAP,4311,154,262431
QAP,4312,154,262494
QAP,4313,154,262557
QAP,4314,154,262620
QAP,4315,154,262667
QAP,4316,154,262730
QAP,4317,154,262792
QAP,4318,154,262855
QAP,4319,154,262918
QAP,4320,154,262981
QAP,4321,154,263044
QAP,4322,154,263091
QAP,4323,154,263154
QAP,4324,154,263217
QAP,4325,154,263280
QAP,4326,154,263343
QAP,4327,154,263406
QAP,4328,154,263469
QAP,4329,154,263532
QAP,4330,154,263579
QAP,4331,154,263641
QAP,4332,154,263704
QAP,4333,154,263767
QAP,4334,154,263830
QAP,4335,154,263893
QAP,4336,154,263956
QAP,4337,154,264003
QAP,4338,154,264066
QAP,4339,154,264128
QAP,4340,154,264191
QAP,4341,154,264254
QAP,4342,154,264317
QAP,4343,154,264380
QAP,4344,154,264442
QAP,4345,154,264489
QAP,4346,154,264552
QAP,4347,154,264615
QAP,4348,154,264678
QAP,4349,154,264741
QAP,4350,154,264803
QAP,4351,154,264866
QAP,4352,154,264913
QAP,4353,154,264976
QAP,4354,154,265039
QAP,4355,154,265102
QAP,4356,154,265165
QAP,4357,154,265228
QAP,4358,154,265291
QAP,4359,154,265338
QAP,4360,154,265401
QAP,4361,154,265464
QAP,4362,154,265527
QAP,4363,154,265590
QAP,4364,154,265652
QAP,4365,154,265715
QAP,4366,154,265778
QAP,4367,154,265825
QAP,4368,154,265888
QAP,4369,154,265951
QAP,4370,154,266014
QAP,4371,154,266077
QAP,4372,154,266139
QAP,4373,154,266202
QAP,4374,154,266265
QAP,4375,154,266312
QAP,4376,154,266375
QAP,4377,154,266438
QAP,4378,154,266501
QAP,4379,154,266563
QAP,4380,154,266626
QAP,4381,154,266688
QAP,4382,154,266751
QAP,4383,154,266798
QAP,4384,154,266861
QAP,4385,154,266924
QAP,4386,154,266987
QAP,4387,154,267049
QAP,4388,154,267112
QAP,4389,154,267175
QAP,4390,154,267238
QAP,4391,154,267285
QAP,4392,154,267347
QAP,4393,154,267410
QAP,4394,154,267473
QAP,4395,154,267535
QAP,4396,154,267598
QAP,4397,154,267661
QAP,4398,154,267723
QAP,4399,154,267786
QAP,4400,154,267849
QAP,4401,154,267896
QAP,4402,154,267958
QAP,4403,154,268021
QAP,4404,154,268084
QAP,4405,154,268146
QAP,4406,154,268216
QAP,4407,154,268277
QAP,4408,154,268337
QAP,4409,154,268398
QAP,4410,154,268459
QAP,4411,154,268519
QAP,4412,154,268582
QAP,4413,154,268641
QAP,4414,154,268703
QAP,4415,154,268764
QAP,4416,154,268823
QAP,4417,154,268886
QAP,4418,154,268946
QAP,4419,154,269007
QAP,4420,154,269067
QAP,4421,154,269129
QAP,4422,154,269188
QAP,4423,154,269251
QAP,4424,154,269312
QAP,4425,154,269372
QAP,4426,154,269432
QAP,4427,154,269494
QAP,4428,154,269554
QAP,4429,154,269614
QAP,4430,154,269675
QAP,4431,154,269737
QAP,4432,154,269796
QAP,4433,154,269859
QAP,4434,154,269920
QAP,4435,154,269981
QAP,4436,154,270041
QAP,4437,154,270102
QAP,4438,154,270164
QAP,4439,154,270225
QAP,4440,154,270285
QAP,4441,154,270346
QAP,4442,154,270407
QAP,4443,154,270468
QAP,4444,154,270528
QAP,4445,154,270589
QAP,4446,154,270650
QAP,4447,154,270711
QAP,4448,154,270771
QAP,4449,154,270832
QAP,4450,154,270892
QAP,4451,154,270952
QAP,4452,154,271014
QAP,4453,154,271075
QAP,4454,154,271135
QAP,4455,154,271190
QAP,4456,154,271261
QAP,4457,154,271316
QAP,4458,154,271379
QAP,4459,154,271441
QAP,4460,154,271504
QAP,4461,154,271551
QAP,4462,154,271614
QAP,4463,154,271677
QAP,4464,154,271740
QAP,4465,154,271803
QAP,4466,154,271865
QAP,4467,154,271928
QAP,4468,154,271991
QAP,4469,154,272038
QAP,4470,154,272100
QAP,4471,154,272163
QAP,4472,154,272226
QAP,4473,154,272288
QAP,4474,154,272351
QAP,4475,154,272414
QAP,4476,154,272476
QAP,4477,154,272539
QAP,4478,154,272602
QAP,4479,154,272649
QAP,4480,154,272711
QAP,4481,154,272774
QAP,4482,154,272837
QAP,4483,154,272899
QAP,4484,154,272962
QAP,4485,154,273025
QAP,4486,154,273087
QAP,4487,154,273150
QAP,4488,154,273197
QAP,4489,154,273260
QAP,4490,154,273323
QAP,4491,154,273385
QAP,4492,154,273448
QAP,4493,154,273511
QAP,4494,154,273574
QAP,4495,154,273637
QAP,4496,154,273699
QAP,4497,154,273746
QAP,4498,154,273810
QAP,4499,154,273873
QAP,4500,154,273936
QAP,4501,154,273998
QAP,4502,154,274061
QAP,4503,154,274124
QAP,4504,154,274187
QAP,4505,154,274250
QAP,4506,154,274297
QAP,4507,154,274360
QAP,4508,154,274423
QAP,4509,154,274486
QAP,4510,154,274548
QAP,4511,154,274611
QAP,4512,154,274674
QAP,4513,154,274737
QAP,4514,154,274784
QAP,4515,154,274847
QAP,4516,154,274910
QAP,4517,154,274973
QAP,4518,154,275035
QAP,4519,154,275098
QAP,4520,154,275161
QAP,4521,154,275224
QAP,4522,154,275287
QAP,4523,154,275342
QAP,4524,154,275397
QAP,4525,154,275460
QAP,4526,154,275523
QAP,4527,154,275586
QAP,4528,154,275648
QAP,4529,154,275711
QAP,4530,154,275774
QAP,4531,154,275821
QAP,4532,154,275884
QAP,4533,154,275947
QAP,4534,154,276010
QAP,4535,154,276073
QAP,4536,154,276136
QAP,4537,154,276199
QAP,4538,154,276246
QAP,4539,154,276309
QAP,4540,154,276372
QAP,4541,154,276434
QAP,4542,154,276497
QAP,4543,154,276560
QAP,4544,154,276623
QAP,4545,154,276670
QAP,4546,154,276733
QAP,4547,154,276796
QAP,4548,154,276859
QAP,4549,154,276922
QAP,4550,154,276984
QAP,4551,154,277047
QAP,4552,154,277110
QAP,4553,154,277173
QAP,4554,154,277220
QAP,4555,154,277283
QAP,4556,154,277346
QAP,4557,154,277409
QAP,4558,154,277472
QAP,4559,154,277534
QAP,4560,154,277597
QAP,4561,154,277660
QAP,4562,154,277707
QAP,4563,154,277770
QAP,4564,154,277832
QAP,4565,154,277895
QAP,4566,154,277958
QAP,4567,154,278021
QAP,4568,154,278084
QAP,4569,154,278147
QAP,4570,154,278194
QAP,4571,154,278257
QAP,4572,154,278320
QAP,4573,154,278383
QAP,4574,154,278445
QAP,4575,154,278508
QAP,4576,154,278571
QAP,4577,154,278634
QAP,4578,154,278681
QAP,4579,154,278744
QAP,4580,154,278807
QAP,4581,154,278870
QAP,4582,154,278932
QAP,4583,154,278995
QAP,4584,154,279058
QAP,4585,154,279121
QAP,4586,154,279168
QAP,4587,154,279231
QAP,4588,154,279294
QAP,4589,154,279357
QAP,4590,154,279420
QAP,4591,154,279483
QAP,4592,154,279546
QAP,4593,154,279608
QAP,4594,154,279656
QAP,4595,154,279719
QAP,4596,154,279782
QAP,4597,154,279844
QAP,4598,154,279907
QAP,4599,154,279970
QAP,4600,154,280033
QAP,4601,154,280096
QAP,4602,154,280159
QAP,4603,154,280222
QAP,4604,154,280269
QAP,4605,154,280332
QAP,4606,154,280395
QAP,4607,154,280457
QAP,4608,154,280520
QAP,4609,154,280583
QAP,4610,154,280646
QAP,4611,154,280709
QAP,4612,154,280756
QAP,4613,154,280818
QAP,4614,154,280881
QAP,4615,154,280944
QAP,4616,154,281007
QAP,4617,154,281070
QAP,4618,154,281133
QAP,4619,154,281196
QAP,4620,154,281259
QAP,4621,154,281322
QAP,4622,154,281369
QAP,4623,154,281431
QAP,4624,154,281494
QAP,4625,154,281557
QAP,4626,154,281620
QAP,4627,154,281683
QAP,4628,154,281745
QAP,4629,154,281808
QAP,4630,154,281871
QAP,4631,154,281918
QAP,4632,154,281981
QAP,4633,154,282044
QAP,4634,154,282107
QAP,4635,154,282170
QAP,4636,154,282233
QAP,4637,154,282296
QAP,4638,154,282359
QAP,4639,154,282406
QAP,4640,154,282469
QAP,4641,154,282532
QAP,4642,154,282594
QAP,4643,154,282657
QAP,4644,154,282720
QAP,4645,154,282783
QAP,4646,154,282846
QAP,4647,154,282909
QAP,4648,154,282956
QAP,4649,154,283019
QAP,4650,154,283082
QAP,4651,154,283144
QAP,4652,154,283207
QAP,4653,154,283270
QAP,4654,154,283333
QAP,4655,154,283395
QAP,4656,154,283458
QAP,4657,154,283505
QAP,4658,154,283568
QAP,4659,154,283631
QAP,4660,154,283693
QAP,4661,154,283756
QAP,4662,154,283818
QAP,4663,154,283881
QAP,4664,154,283944
QAP,4665,154,283991
QAP,4666,154,284053
QAP,4667,154,284116
QAP,4668,154,284179
QAP,4669,154,284241
QAP,4670,154,284304
QAP,4671,154,284367
QAP,4672,154,284430
QAP,4673,154,284492
QAP,4674,154,284555
QAP,4675,154,284602
QAP,4676,154,284665
QAP,4677,154,284727
QAP,4678,154,284790
QAP,4679,154,284853
QAP,4680,154,284916
QAP,4681,154,284978
QAP,4682,154,285025
QAP,4683,154,285088
QAP,4684,154,285151
QAP,4685,154,285214
QAP,4686,154,285277
QAP,4687,154,285339
QAP,4688,154,285402
QAP,4689,154,285464
QAP,4690,154,285512
QAP,4691,154,285574
QAP,4692,154,285637
QAP,4693,154,285699
QAP,4694,154,285762
QAP,4695,154,285825
QAP,4696,154,285887
QAP,4697,154,285950
QAP,4698,154,285997
QAP,4699,154,286060
QAP,4700,154,286122
QAP,4701,154,286185
QAP,4702,154,286255
QAP,4703,154,286311
QAP,4704,154,286373
QAP,4705,154,286436
QAP,4706,154,286483
QAP,4707,154,286546
QAP,4708,154,286608
QAP,4709,154,286671
QAP,4710,154,286734
QAP,4711,154,286796
QAP,4712,154,286859
QAP,4713,154,286922
QAP,4714,154,286984
QAP,4715,154,287031
QAP,4716,154,287094
QAP,4717,154,287157
QAP,4718,154,287220
QAP,4719,154,287283
QAP,4720,154,287346
QAP,4721,154,287409
QAP,4722,154,287472
QAP,4723,154,287519
QAP,4724,154,287582
QAP,4725,154,287655
QAP,4726,154,287717
QAP,4727,154,287779
QAP,4728,154,287840
QAP,4729,154,287901
QAP,4730,154,287962
QAP,4731,154,288023
QAP,4732,154,288084
QAP,4733,154,288144
QAP,4734,154,288210
QAP,4735,154,288271
QAP,4736,154,288332
QAP,4737,154,288393
QAP,4738,154,288454
QAP,4739,154,288514
QAP,4740,154,288575
QAP,4741,154,288637
QAP,4742,154,288697
QAP,4743,154,288757
QAP,4744,154,288818
QAP,4745,154,288869
QAP,4746,154,288932
QAP,4747,154,288994
QAP,4748,154,289057
QAP,4749,154,289120
QAP,4750,154,289167
QAP,4751,154,289230
QAP,4752,154,289292
QAP,4753,154,289355
QAP,4754,154,289418
QAP,4755,154,289481
QAP,4756,154,289544
QAP,4757,154,289606
QAP,4758,154,289653
QAP,4759,154,289716
QAP,4760,154,289778
QAP,4761,154,289841
QAP,4762,154,289904
QAP,4763,154,289966
QAP,4764,154,290029
QAP,4765,154,290092
QAP,4766,154,290139
QAP,4767,154,290202
QAP,4768,154,290264
QAP,4769,154,290335
QAP,4770,154,290390
QAP,4771,154,290453
QAP,4772,154,290515
QAP,4773,154,290578
QAP,4774,154,290625
QAP,4775,154,290688
QAP,4776,154,290750
QAP,4777,154,290813
QAP,4778,154,290876
QAP,4779,154,290938
QAP,4780,154,291001
QAP,4781,154,291064
QAP,4782,154,291111
QAP,4783,154,291173
QAP,4784,154,291236
QAP,4785,154,291299
QAP,4786,154,291361
QAP,4787,154,291424
QAP,4788,154,291487
QAP,4789,154,291549
QAP,4790,154,291612
QAP,4791,154,291659
QAP,4792,154,291722
QAP,4793,154,291785
QAP,4794,154,291847
QAP,4795,154,291910
QAP,4796,154,291973
QAP,4797,154,292036
QAP,4798,154,292098
QAP,4799,154,292145
QAP,4800,154,292208
QAP,4801,154,292271
QAP,4802,154,292333
QAP,4803,154,292396
QAP,4804,154,292459
QAP,4805,154,292521
QAP,4806,154,292584
QAP,4807,154,292647
QAP,4808,154,292694
QAP,4809,154,292756
QAP,4810,154,292819
QAP,4811,154,292882
QAP,4812,154,292944
QAP,4813,154,293007
QAP,4814,154,293070
QAP,4815,154,293133
QAP,4816,154,293195
QAP,4817,154,293242
QAP,4818,154,293305
QAP,4819,154,293368
QAP,4820,154,293430
QAP,4821,154,293493
QAP,4822,154,293556
QAP,4823,154,293618
QAP,4824,154,293681
QAP,4825,154,293728
QAP,4826,154,293790
QAP,4827,154,293853
QAP,4828,154,293916
QAP,4829,154,293978
QAP,4830,154,294041
QAP,4831,154,294104
QAP,4832,154,294166
QAP,4833,154,294213
QAP,4834,154,294276
QAP,4835,154,294338
QAP,4836,154,294401
QAP,4837,154,294464
QAP,4838,154,294527
QAP,4839,154,294589
QAP,4840,154,294652
QAP,4841,154,294699
QAP,4842,154,294762
QAP,4843,154,294824
QAP,4844,154,294887
QAP,4845,154,294950
QAP,4846,154,295012
QAP,4847,154,295075
QAP,4848,154,295122
QAP,4849,154,295185
QAP,4850,154,295248
QAP,4851,154,295310
QAP,4852,154,295373
QAP,4853,154,295436
QAP,4854,154,295498
QAP,4855,154,295561
QAP,4856,154,295624
QAP,4857,154,295671
QAP,4858,154,295733
QAP,4859,154,295796
QAP,4860,154,295859
QAP,4861,154,295922
QAP,4862,154,295984
QAP,4863,154,296047
QAP,4864,154,296109
QAP,4865,154,296156
QAP,4866,154,296219
QAP,4867,154,296282
QAP,4868,154,296344
QAP,4869,154,296407
QAP,4870,154,296470
QAP,4871,154,296532
QAP,4872,154,296595
QAP,4873,154,296658
QAP,4874,154,296720
QAP,4875,154,296768
QAP,4876,154,296830
QAP,4877,154,296893
QAP,4878,154,296955
QAP,4879,154,297018
QAP,4880,154,297085
QAP,4881,154,297147
QAP,4882,154,297207
QAP,4883,154,297268
QAP,4884,154,297329
QAP,4885,154,297389
QAP,4886,154,297450
QAP,4887,154,297510
QAP,4888,154,297572
QAP,4889,154,297633
QAP,4890,154,297693
QAP,4891,154,297753
QAP,4892,154,297814
QAP,4893,154,297874
QAP,4894,154,297937
QAP,4895,154,297998
QAP,4896,154,298057
QAP,4897,154,298118
QAP,4898,154,298179
QAP,4899,154,298240
QAP,4900,154,298301
QAP,4901,154,298361
QAP,4902,154,298422
QAP,4903,154,298482
QAP,4904,154,298545
QAP,4905,154,298608
QAP,4906,154,298669
QAP,4907,154,298731
QAP,4908,154,298795
QAP,4909,154,298855
QAP,4910,154,298917
QAP,4911,154,298976
QAP,4912,154,299038
QAP,4913,154,299099
QAP,4914,154,299159
QAP,4915,154,299220
QAP,4916,154,299281
QAP,4917,154,299343
QAP,4918,154,299403
QAP,4919,154,299465
QAP,4920,154,299526
QAP,4921,154,299587
QAP,4922,154,299647
QAP,4923,154,299709
QAP,4924,154,299769
QAP,4925,154,299820
QAP,4926,154,299883
QAP,4927,154,299946
QAP,4928,154,300009
QAP,4929,154,300072
QAP,4930,154,300134
QAP,4931,154,300182
QAP,4932,154,300244
QAP,4933,154,300307
QAP,4934,154,300370
QAP,4935,154,300433
QAP,4936,154,300496
QAP,4937,154,300559
QAP,4938,154,300622
QAP,4939,154,300669
QAP,4940,154,300732
QAP,4941,154,300795
QAP,4942,154,300857
QAP,4943,154,300920
QAP,4944,154,300983
QAP,4945,154,301046
QAP,4946,154,301109
QAP,4947,154,301172
QAP,4948,154,301219
QAP,4949,154,301282
QAP,4950,154,301345
QAP,4951,154,301407
QAP,4952,154,301470
QAP,4953,154,301533
QAP,4954,154,301596
QAP,4955,154,301659
QAP,4956,154,301706
QAP,4957,154,301769
QAP,4958,154,301832
QAP,4959,154,301895
QAP,4960,154,301957
QAP,4961,154,302020
QAP,4962,154,302083
QAP,4963,154,302146
QAP,4964,154,302193
QAP,4965,154,302256
QAP,4966,154,302319
QAP,4967,154,302382
QAP,4968,154,302445
QAP,4969,154,302507
QAP,4970,154,302570
QAP,4971,154,302618
QAP,4972,154,302680
QAP,4973,154,302743
QAP,4974,154,302806
QAP,4975,154,302869
QAP,4976,154,302932
QAP,4977,154,302994
QAP,4978,154,303057
QAP,4979,154,303120
QAP,4980,154,303167
QAP,4981,154,303230
QAP,4982,154,303293
QAP,4983,154,303356
QAP,4984,154,303419
QAP,4985,154,303481
QAP,4986,154,303544
QAP,4987,154,303592
QAP,4988,154,303654
QAP,4989,154,303717
QAP,4990,154,303780
QAP,4991,154,303843
QAP,4992,154,303906
QAP,4993,154,303968
QAP,4994,154,304016
QAP,4995,154,304079
QAP,4996,154,304141
QAP,4997,154,304204
QAP,4998,154,304267
QAP,4999,154,304330
