Problem,Generation,BestCost,TimeMS
GPP,0,1102,0
GPP,1,1102,64
GPP,2,1092,114
GPP,3,1092,179
GPP,4,1092,236
GPP,5,1086,286
GPP,6,1084,354
GPP,7,1084,411
GPP,8,1084,464
GPP,9,1084,515
GPP,10,1084,584
GPP,11,1084,641
GPP,12,1082,699
GPP,13,1082,756
GPP,14,1082,813
GPP,15,1082,864
GPP,16,1082,929
GPP,17,1081,979
GPP,18,1079,1042
GPP,19,1079,1089
GPP,20,1079,1152
GPP,21,1079,1214
GPP,22,1079,1261
GPP,23,1079,1324
GPP,24,1079,1387
GPP,25,1079,1434
GPP,26,1076,1497
GPP,27,1076,1560
GPP,28,1076,1607
GPP,29,1076,1670
GPP,30,1076,1717
GPP,31,1076,1780
GPP,32,1076,1843
GPP,33,1076,1890
GPP,34,1076,1953
GPP,35,1076,2016
GPP,36,1069,2063
GPP,37,1069,2128
GPP,38,1069,2189
GPP,39,1069,2236
GPP,40,1069,2299
GPP,41,1069,2346
GPP,42,1066,2409
GPP,43,1066,2472
GPP,44,1066,2519
GPP,45,1065,2582
GPP,46,1065,2645
GPP,47,1042,2692
GPP,48,1042,2755
GPP,49,1042,2818
GPP,50,1042,2867
GPP,51,1042,2928
GPP,52,1042,2975
GPP,53,1042,3038
GPP,54,1042,3101
GPP,55,1042,3148
GPP,56,1041,3211
GPP,57,1041,3274
GPP,58,1041,3321
GPP,59,1041,3388
GPP,60,1041,3455
GPP,61,1036,3513
GPP,62,1036,3556
GPP,63,1036,3619
GPP,64,1036,3682
GPP,65,1036,3729
GPP,66,1036,3792
GPP,67,1036,3854
GPP,68,1036,3901
GPP,69,1032,3964
GPP,70,1032,4027
GPP,71,1032,4074
GPP,72,1032,4137
GPP,73,1032,4184
GPP,74,1032,4255
GPP,75,1032,4313
GPP,76,1032,4370
GPP,77,1032,4427
GPP,78,1032,4485
GPP,79,1032,4543
GPP,80,1032,4598
GPP,81,1032,4656
GPP,82,1029,4713
GPP,83,1029,4770
GPP,84,1029,4828
GPP,85,1029,4884
GPP,86,1029,4941
GPP,87,1029,5000
GPP,88,1029,5056
GPP,89,1029,5112
GPP,90,1029,5160
GPP,91,1029,5223
GPP,92,1029,5285
GPP,93,1029,5332
GPP,94,1029,5395
GPP,95,1029,5442
GPP,96,1029,5505
GPP,97,1029,5568
GPP,98,1029,5615
GPP,99,1029,5677
GPP,100,1029,5740
GPP,101,1029,5787
GPP,102,1029,5850
GPP,103,1029,5913
GPP,104,1023,5975
GPP,105,1023,6022
GPP,106,1023,6085
GPP,107,1023,6132
GPP,108,1019,6195
GPP,109,1019,6257
GPP,110,1019,6304
GPP,111,1015,6367
GPP,112,1015,6430
GPP,113,1015,6477
GPP,114,1015,6539
GPP,115,1015,6602
GPP,116,1014,6649
GPP,117,1014,6712
GPP,118,1014,6774
GPP,119,1014,6821
GPP,120,1014,6884
GPP,121,1014,6931
GPP,122,1014,6994
GPP,123,1014,7056
GPP,124,1014,7103
GPP,125,1014,7166
GPP,126,1014,7229
GPP,127,1002,7276
GPP,128,1002,7339
GPP,129,1002,7401
GPP,130,1002,7448
GPP,131,1002,7511
GPP,132,1002,7558
GPP,133,1002,7621
GPP,134,1002,7684
GPP,135,1002,7731
GPP,136,1002,7793
GPP,137,1002,7856
GPP,138,998,7903
GPP,139,998,7965
GPP,140,994,8012
GPP,141,993,8075
GPP,142,988,8138
GPP,143,988,8185
GPP,144,977,8248
GPP,145,977,8310
GPP,146,977,8358
GPP,147,964,8420
GPP,148,964,8483
GPP,149,964,8530
GPP,150,961,8593
GPP,151,961,8640
GPP,152,957,8703
GPP,153,957,8766
GPP,154,957,8829
GPP,155,957,8876
GPP,156,957,8939
GPP,157,946,8986
GPP,158,946,9049
GPP,159,946,9112
GPP,160,946,9159
GPP,161,946,9221
GPP,162,946,9284
GPP,163,946,9332
GPP,164,946,9394
GPP,165,946,9441
GPP,166,946,9504
GPP,167,946,9567
GPP,168,946,9614
GPP,169,946,9677
GPP,170,946,9740
GPP,171,945,9787
GPP,172,945,9850
GPP,173,945,9897
GPP,174,945,9960
GPP,175,945,10023
GPP,176,945,10070
GPP,177,944,10133
GPP,178,933,10196
GPP,179,933,10243
GPP,180,933,10306
GPP,181,933,10353
GPP,182,933,10415
GPP,183,930,10478
GPP,184,930,10526
GPP,185,930,10589
GPP,186,930,10651
GPP,187,930,10699
GPP,188,930,10761
GPP,189,930,10809
GPP,190,930,10872
GPP,191,930,10934
GPP,192,930,10982
GPP,193,930,11045
GPP,194,930,11107
GPP,195,930,11154
GPP,196,930,11217
GPP,197,924,11264
GPP,198,924,11327
GPP,199,924,11390
GPP,200,924,11437
GPP,201,923,11500
GPP,202,923,11563
GPP,203,922,11610
GPP,204,918,11672
GPP,205,918,11735
GPP,206,918,11783
GPP,207,918,11846
GPP,208,918,11893
GPP,209,918,11956
GPP,210,918,12018
GPP,211,918,12065
GPP,212,918,12128
GPP,213,918,12191
GPP,214,918,12238
GPP,215,918,12301
GPP,216,918,12348
GPP,217,915,12411
GPP,218,915,12474
GPP,219,915,12521
GPP,220,915,12584
GPP,221,905,12647
GPP,222,905,12694
GPP,223,905,12757
GPP,224,901,12804
GPP,225,901,12867
GPP,226,901,12929
GPP,227,901,12976
GPP,228,901,13039
GPP,229,898,13102
GPP,230,898,13149
GPP,231,898,13212
GPP,232,898,13275
GPP,233,896,13322
GPP,234,896,13385
GPP,235,896,13432
GPP,236,896,13495
GPP,237,896,13557
GPP,238,896,13604
GPP,239,896,13675
GPP,240,896,13733
GPP,241,896,13783
GPP,242,896,13848
GPP,243,896,13916
GPP,244,896,13989
GPP,245,896,14036
GPP,246,896,14099
GPP,247,896,14163
GPP,248,896,14213
GPP,249,896,14265
GPP,250,896,14332
GPP,251,896,14381
GPP,252,896,14453
GPP,253,896,14500
GPP,254,896,14564
GPP,255,896,14611
GPP,256,896,14673
GPP,257,896,14736
GPP,258,896,14782
GPP,259,896,14844
GPP,260,896,14898
GPP,261,896,14968
GPP,262,896,15013
GPP,263,896,15075
GPP,264,896,15138
GPP,265,890,15186
GPP,266,890,15253
GPP,267,890,15296
GPP,268,890,15365
GPP,269,888,15421
GPP,270,888,15479
GPP,271,888,15532
GPP,272,888,15595
GPP,273,888,15642
GPP,274,888,15705
GPP,275,888,15752
GPP,276,881,15817
GPP,277,881,15878
GPP,278,881,15926
GPP,279,881,15988
GPP,280,881,16051
GPP,281,881,16098
GPP,282,877,16161
GPP,283,877,16208
GPP,284,877,16271
GPP,285,874,16318
GPP,286,861,16381
GPP,287,861,16444
GPP,288,861,16491
GPP,289,861,16554
GPP,290,861,16617
GPP,291,861,16664
GPP,292,861,16726
GPP,293,861,16774
GPP,294,861,16837
GPP,295,861,16899
GPP,296,861,16947
GPP,297,861,17009
GPP,298,861,17056
GPP,299,861,17119
GPP,300,861,17184
GPP,301,861,17229
GPP,302,861,17292
GPP,303,861,17355
GPP,304,857,17402
GPP,305,857,17465
GPP,306,857,17512
GPP,307,857,17574
GPP,308,857,17637
GPP,309,857,17684
GPP,310,857,17747
GPP,311,857,17810
GPP,312,857,17857
GPP,313,857,17920
GPP,314,857,17967
GPP,315,857,18030
GPP,316,857,18093
GPP,317,857,18140
GPP,318,857,18202
GPP,319,855,18265
GPP,320,855,18313
GPP,321,855,18375
GPP,322,855,18422
GPP,323,855,18485
GPP,324,855,18551
GPP,325,855,18596
GPP,326,855,18658
GPP,327,855,18721
GPP,328,855,18768
GPP,329,855,18831
GPP,330,855,18893
GPP,331,855,18940
GPP,332,855,19003
GPP,333,855,19050
GPP,334,855,19113
GPP,335,855,19176
GPP,336,855,19223
GPP,337,855,19286
GPP,338,855,19333
GPP,339,855,19396
GPP,340,855,19459
GPP,341,855,19506
GPP,342,855,19569
GPP,343,855,19617
GPP,344,855,19679
GPP,345,855,19742
GPP,346,855,19790
GPP,347,854,19852
GPP,348,849,19908
GPP,349,849,19963
GPP,350,849,20025
GPP,351,849,20073
GPP,352,844,20135
GPP,353,844,20183
GPP,354,844,20245
GPP,355,841,20308
GPP,356,841,20355
GPP,357,841,20418
GPP,358,841,20465
GPP,359,838,20532
GPP,360,838,20575
GPP,361,835,20638
GPP,362,834,20686
GPP,363,834,20748
GPP,364,834,20812
GPP,365,832,20859
GPP,366,830,20922
GPP,367,830,20969
GPP,368,830,21031
GPP,369,824,21079
GPP,370,824,21141
GPP,371,824,21204
GPP,372,819,21251
GPP,373,819,21314
GPP,374,819,21361
GPP,375,819,21424
GPP,376,815,21487
GPP,377,815,21534
GPP,378,815,21597
GPP,379,815,21644
GPP,380,815,21707
GPP,381,815,21770
GPP,382,815,21817
GPP,383,815,21880
GPP,384,815,21927
GPP,385,815,21990
GPP,386,815,22053
GPP,387,815,22110
GPP,388,813,22167
GPP,389,813,22223
GPP,390,813,22280
GPP,391,813,22337
GPP,392,813,22385
GPP,393,813,22447
GPP,394,813,22510
GPP,395,810,22557
GPP,396,810,22620
GPP,397,810,22667
GPP,398,810,22730
GPP,399,810,22793
GPP,400,810,22840
GPP,401,810,22903
GPP,402,810,22950
GPP,403,806,23013
GPP,404,806,23076
GPP,405,806,23123
GPP,406,806,23186
GPP,407,806,23233
GPP,408,805,23296
GPP,409,800,23359
GPP,410,800,23406
GPP,411,800,23469
GPP,412,800,23516
GPP,413,800,23578
GPP,414,800,23641
GPP,415,800,23688
GPP,416,800,23751
GPP,417,800,23799
GPP,418,800,23861
GPP,419,799,23924
GPP,420,799,23971
GPP,421,799,24034
GPP,422,799,24081
GPP,423,799,24144
GPP,424,798,24191
GPP,425,798,24254
GPP,426,798,24317
GPP,427,798,24364
GPP,428,798,24426
GPP,429,798,24474
GPP,430,798,24537
GPP,431,794,24584
GPP,432,794,24647
GPP,433,794,24709
GPP,434,794,24756
GPP,435,794,24819
GPP,436,792,24866
GPP,437,792,24929
GPP,438,792,24977
GPP,439,790,25039
GPP,440,790,25102
GPP,441,790,25149
GPP,442,787,25212
GPP,443,787,25259
GPP,444,786,25322
GPP,445,786,25385
GPP,446,784,25432
GPP,447,784,25495
GPP,448,781,25543
GPP,449,781,25605
GPP,450,781,25652
GPP,451,778,25715
GPP,452,778,25778
GPP,453,778,25825
GPP,454,778,25888
GPP,455,778,25951
GPP,456,776,25998
GPP,457,776,26061
GPP,458,776,26108
GPP,459,776,26171
GPP,460,776,26234
GPP,461,776,26281
GPP,462,776,26344
GPP,463,776,26392
GPP,464,776,26455
GPP,465,776,26502
GPP,466,776,26565
GPP,467,776,26627
GPP,468,776,26674
GPP,469,776,26737
GPP,470,776,26784
GPP,471,776,26847
GPP,472,776,26910
GPP,473,776,26957
GPP,474,776,27020
GPP,475,776,27067
GPP,476,776,27130
GPP,477,776,27193
GPP,478,776,27240
GPP,479,776,27303
GPP,480,775,27350
GPP,481,775,27413
GPP,482,775,27476
GPP,483,775,27523
GPP,484,774,27586
GPP,485,774,27633
GPP,486,774,27696
GPP,487,774,27743
GPP,488,774,27806
GPP,489,772,27868
GPP,490,772,27916
GPP,491,772,27978
GPP,492,772,28025
GPP,493,771,28094
GPP,494,771,28137
GPP,495,771,28198
GPP,496,771,28261
GPP,497,771,28308
GPP,498,771,28371
GPP,499,771,28418
GPP,500,768,28481
GPP,501,768,28528
GPP,502,768,28591
GPP,503,768,28654
GPP,504,768,28712
GPP,505,768,28769
GPP,506,768,28825
GPP,507,768,28881
GPP,508,768,28937
GPP,509,768,28992
GPP,510,768,29050
GPP,511,768,29107
GPP,512,768,29163
GPP,513,768,29218
GPP,514,768,29274
GPP,515,766,29330
GPP,516,766,29387
GPP,517,766,29444
GPP,518,766,29500
GPP,519,766,29556
GPP,520,766,29611
GPP,521,766,29669
GPP,522,766,29724
GPP,523,766,29781
GPP,524,766,29837
GPP,525,766,29893
GPP,526,766,29949
GPP,527,766,30006
GPP,528,766,30060
GPP,529,766,30107
GPP,530,766,30169
GPP,531,766,30217
GPP,532,765,30280
GPP,533,762,30343
GPP,534,761,30390
GPP,535,761,30453
GPP,536,761,30500
GPP,537,761,30563
GPP,538,761,30626
GPP,539,761,30673
GPP,540,761,30736
GPP,541,761,30783
GPP,542,761,30846
GPP,543,761,30893
GPP,544,761,30956
GPP,545,761,31019
GPP,546,761,31066
GPP,547,761,31128
GPP,548,761,31176
GPP,549,761,31238
GPP,550,761,31301
GPP,551,761,31348
GPP,552,761,31411
GPP,553,761,31458
GPP,554,761,31521
GPP,555,761,31584
GPP,556,761,31631
GPP,557,761,31694
GPP,558,761,31741
GPP,559,761,31803
GPP,560,761,31866
GPP,561,761,31913
GPP,562,761,31976
GPP,563,761,32023
GPP,564,761,32086
GPP,565,761,32133
GPP,566,761,32196
GPP,567,761,32259
GPP,568,761,32306
GPP,569,761,32369
GPP,570,761,32416
GPP,571,761,32479
GPP,572,761,32541
GPP,573,761,32588
GPP,574,761,32651
GPP,575,758,32699
GPP,576,758,32761
GPP,577,758,32824
GPP,578,758,32871
GPP,579,758,32934
GPP,580,758,32982
GPP,581,758,33044
GPP,582,758,33092
GPP,583,758,33154
GPP,584,758,33217
GPP,585,758,33265
GPP,586,758,33327
GPP,587,758,33374
GPP,588,756,33437
GPP,589,756,33484
GPP,590,756,33547
GPP,591,756,33610
GPP,592,756,33657
GPP,593,756,33720
GPP,594,756,33767
GPP,595,756,33830
GPP,596,756,33877
GPP,597,756,33940
GPP,598,756,34003
GPP,599,756,34050
GPP,600,756,34113
GPP,601,756,34160
GPP,602,756,34223
GPP,603,756,34286
GPP,604,756,34333
GPP,605,756,34396
GPP,606,756,34443
GPP,607,756,34506
GPP,608,756,34568
GPP,609,756,34615
GPP,610,756,34678
GPP,611,756,34725
GPP,612,756,34788
GPP,613,756,34851
GPP,614,756,34906
GPP,615,756,34961
GPP,616,756,35008
GPP,617,756,35071
GPP,618,756,35134
GPP,619,756,35181
GPP,620,756,35244
GPP,621,756,35291
GPP,622,756,35354
GPP,623,756,35417
GPP,624,756,35464
GPP,625,756,35527
GPP,626,756,35574
GPP,627,756,35637
GPP,628,756,35700
GPP,629,756,35747
GPP,630,756,35810
GPP,631,756,35857
GPP,632,755,35920
GPP,633,755,35983
GPP,634,755,36030
GPP,635,755,36093
GPP,636,755,36140
GPP,637,753,36203
GPP,638,753,36266
GPP,639,753,36313
GPP,640,753,36376
GPP,641,753,36423
GPP,642,753,36485
GPP,643,753,36533
GPP,644,753,36596
GPP,645,753,36658
GPP,646,753,36706
GPP,647,753,36768
GPP,648,753,36815
GPP,649,752,36878
GPP,650,752,36941
GPP,651,752,36988
GPP,652,752,37051
GPP,653,752,37098
GPP,654,752,37161
GPP,655,752,37223
GPP,656,752,37271
GPP,657,752,37333
GPP,658,752,37396
GPP,659,752,37443
GPP,660,752,37506
GPP,661,752,37553
GPP,662,752,37616
GPP,663,752,37679
GPP,664,752,37726
GPP,665,752,37788
GPP,666,752,37836
GPP,667,752,37898
GPP,668,752,37961
GPP,669,752,38008
GPP,670,752,38071
GPP,671,752,38118
GPP,672,752,38181
GPP,673,752,38244
GPP,674,752,38291
GPP,675,752,38354
GPP,676,752,38401
GPP,677,752,38464
GPP,678,752,38527
GPP,679,752,38574
GPP,680,752,38637
GPP,681,752,38700
GPP,682,748,38747
GPP,683,748,38810
GPP,684,748,38857
GPP,685,748,38920
GPP,686,748,38967
GPP,687,748,39030
GPP,688,748,39092
GPP,689,748,39140
GPP,690,748,39203
GPP,691,748,39265
GPP,692,748,39312
GPP,693,748,39375
GPP,694,748,39422
GPP,695,748,39485
GPP,696,748,39547
GPP,697,748,39595
GPP,698,748,39658
GPP,699,748,39705
GPP,700,748,39767
GPP,701,748,39814
GPP,702,748,39877
GPP,703,748,39940
GPP,704,748,39987
GPP,705,748,40050
GPP,706,748,40097
GPP,707,739,40160
GPP,708,739,40207
GPP,709,739,40270
GPP,710,739,40332
GPP,711,739,40380
GPP,712,739,40442
GPP,713,739,40490
GPP,714,737,40552
GPP,715,737,40599
GPP,716,737,40662
GPP,717,737,40709
GPP,718,737,40772
GPP,719,737,40835
GPP,720,737,40882
GPP,721,737,40945
GPP,722,737,40992
GPP,723,737,41055
GPP,724,737,41102
GPP,725,737,41165
GPP,726,737,41228
GPP,727,730,41276
GPP,728,730,41338
GPP,729,730,41386
GPP,730,730,41448
GPP,731,730,41496
GPP,732,730,41558
GPP,733,730,41621
GPP,734,730,41668
GPP,735,730,41731
GPP,736,730,41778
GPP,737,730,41841
GPP,738,730,41904
GPP,739,730,41951
GPP,740,730,42014
GPP,741,730,42061
GPP,742,730,42124
GPP,743,730,42187
GPP,744,730,42234
GPP,745,730,42297
GPP,746,730,42344
GPP,747,730,42407
GPP,748,730,42469
GPP,749,730,42517
GPP,750,730,42579
GPP,751,730,42642
GPP,752,730,42689
GPP,753,730,42752
GPP,754,730,42799
GPP,755,730,42862
GPP,756,730,42925
GPP,757,729,42972
GPP,758,729,43035
GPP,759,729,43090
GPP,760,729,43145
GPP,761,729,43208
GPP,762,729,43255
GPP,763,729,43318
GPP,764,729,43365
GPP,765,729,43428
GPP,766,729,43491
GPP,767,729,43538
GPP,768,729,43601
GPP,769,729,43648
GPP,770,729,43711
GPP,771,729,43774
GPP,772,729,43821
GPP,773,729,43883
GPP,774,729,43931
GPP,775,729,43994
GPP,776,729,44041
GPP,777,729,44104
GPP,778,729,44167
GPP,779,729,44214
GPP,780,729,44277
GPP,781,729,44324
GPP,782,729,44387
GPP,783,729,44451
GPP,784,729,44497
GPP,785,729,44560
GPP,786,729,44607
GPP,787,729,44670
GPP,788,729,44717
GPP,789,729,44780
GPP,790,729,44842
GPP,791,729,44889
GPP,792,729,44953
GPP,793,729,45000
GPP,794,729,45063
GPP,795,729,45110
GPP,796,729,45173
GPP,797,729,45236
GPP,798,729,45283
GPP,799,729,45346
GPP,800,729,45393
GPP,801,729,45456
GPP,802,729,45503
GPP,803,729,45566
GPP,804,729,45613
GPP,805,728,45675
GPP,806,725,45738
GPP,807,725,45785
GPP,808,725,45848
GPP,809,725,45895
GPP,810,725,45958
GPP,811,725,46005
GPP,812,725,46068
GPP,813,725,46131
GPP,814,725,46178
GPP,815,725,46241
GPP,816,722,46289
GPP,817,722,46351
GPP,818,722,46399
GPP,819,722,46462
GPP,820,722,46524
GPP,821,722,46571
GPP,822,722,46634
GPP,823,722,46681
GPP,824,722,46744
GPP,825,722,46807
GPP,826,722,46854
GPP,827,722,46917
GPP,828,720,46964
GPP,829,720,47027
GPP,830,720,47090
GPP,831,720,47137
GPP,832,720,47200
GPP,833,720,47247
GPP,834,720,47309
GPP,835,720,47372
GPP,836,720,47419
GPP,837,720,47482
GPP,838,720,47529
GPP,839,720,47592
GPP,840,720,47655
GPP,841,720,47702
GPP,842,720,47765
GPP,843,720,47812
GPP,844,720,47875
GPP,845,720,47938
GPP,846,720,47985
GPP,847,720,48048
GPP,848,720,48111
GPP,849,720,48158
GPP,850,720,48221
GPP,851,720,48268
GPP,852,720,48330
GPP,853,720,48393
GPP,854,720,48441
GPP,855,720,48509
GPP,856,720,48568
GPP,857,720,48626
GPP,858,720,48683
GPP,859,720,48740
GPP,860,720,48796
GPP,861,720,48854
GPP,862,720,48910
GPP,863,720,48967
GPP,864,720,49024
GPP,865,720,49071
GPP,866,720,49134
GPP,867,720,49181
GPP,868,720,49244
GPP,869,720,49307
GPP,870,720,49355
GPP,871,720,49417
GPP,872,720,49480
GPP,873,720,49527
GPP,874,720,49590
GPP,875,720,49637
GPP,876,720,49700
GPP,877,720,49763
GPP,878,720,49810
GPP,879,720,49873
GPP,880,720,49936
GPP,881,720,49983
GPP,882,720,50045
GPP,883,720,50092
GPP,884,720,50155
GPP,885,720,50218
GPP,886,720,50265
GPP,887,720,50328
GPP,888,720,50390
GPP,889,720,50438
GPP,890,720,50500
GPP,891,720,50547
GPP,892,720,50610
GPP,893,720,50673
GPP,894,720,50720
GPP,895,720,50783
GPP,896,720,50845
GPP,897,720,50892
GPP,898,720,50955
GPP,899,720,51002
GPP,900,720,51065
GPP,901,720,51127
GPP,902,720,51174
GPP,903,720,51237
GPP,904,720,51300
GPP,905,720,51347
GPP,906,720,51410
GPP,907,720,51457
GPP,908,720,51520
GPP,909,720,51582
GPP,910,720,51629
GPP,911,720,51692
GPP,912,720,51740
GPP,913,720,51802
GPP,914,720,51865
GPP,915,720,51912
GPP,916,720,51975
GPP,917,720,52022
GPP,918,720,52084
GPP,919,720,52147
GPP,920,720,52194
GPP,921,720,52257
GPP,922,720,52304
GPP,923,720,52366
GPP,924,720,52414
GPP,925,720,52476
GPP,926,720,52539
GPP,927,720,52586
GPP,928,720,52649
GPP,929,719,52696
GPP,930,719,52759
GPP,931,719,52806
GPP,932,719,52869
GPP,933,719,52915
GPP,934,719,52979
GPP,935,718,53041
GPP,936,718,53088
GPP,937,717,53151
GPP,938,717,53198
GPP,939,717,53261
GPP,940,717,53308
GPP,941,717,53371
GPP,942,717,53433
GPP,943,717,53480
GPP,944,717,53543
GPP,945,717,53590
GPP,946,717,53653
GPP,947,717,53700
GPP,948,717,53763
GPP,949,717,53810
GPP,950,717,53872
GPP,951,717,53935
GPP,952,716,53990
GPP,953,716,54045
GPP,954,716,54092
GPP,955,716,54155
GPP,956,716,54218
GPP,957,716,54265
GPP,958,715,54327
GPP,959,715,54374
GPP,960,715,54437
GPP,961,715,54500
GPP,962,715,54547
GPP,963,715,54609
GPP,964,714,54656
GPP,965,714,54719
GPP,966,714,54782
GPP,967,714,54829
GPP,968,714,54891
GPP,969,714,54954
GPP,970,714,55001
GPP,971,714,55064
GPP,972,714,55126
GPP,973,714,55173
GPP,974,714,55237
GPP,975,714,55284
GPP,976,714,55354
GPP,977,714,55410
GPP,978,714,55457
GPP,979,714,55520
GPP,980,714,55583
GPP,981,714,55630
GPP,982,714,55693
GPP,983,714,55755
GPP,984,714,55803
GPP,985,714,55866
GPP,986,714,55928
GPP,987,714,55975
GPP,988,714,56038
GPP,989,714,56085
GPP,990,714,56148
GPP,991,714,56211
GPP,992,714,56258
GPP,993,714,56321
GPP,994,714,56384
GPP,995,714,56431
GPP,996,714,56494
GPP,997,714,56541
GPP,998,714,56604
GPP,999,714,56667
GPP,1000,714,56723
GPP,1001,714,56777
GPP,1002,714,56839
GPP,1003,714,56886
GPP,1004,714,56949
GPP,1005,714,56996
GPP,1006,714,57059
GPP,1007,714,57122
GPP,1008,714,57169
GPP,1009,714,57232
GPP,1010,714,57295
GPP,1011,714,57342
GPP,1012,714,57405
GPP,1013,714,57468
GPP,1014,714,57515
GPP,1015,714,57578
GPP,1016,714,57641
GPP,1017,714,57688
GPP,1018,714,57751
GPP,1019,714,57798
GPP,1020,714,57861
GPP,1021,714,57924
GPP,1022,714,57971
GPP,1023,714,58034
GPP,1024,714,58089
GPP,1025,714,58144
GPP,1026,714,58207
GPP,1027,714,58254
GPP,1028,714,58316
GPP,1029,714,58364
GPP,1030,714,58427
GPP,1031,714,58474
GPP,1032,714,58537
GPP,1033,714,58600
GPP,1034,714,58647
GPP,1035,714,58710
GPP,1036,714,58757
GPP,1037,714,58820
GPP,1038,714,58867
GPP,1039,714,58930
GPP,1040,714,58977
GPP,1041,714,59040
GPP,1042,714,59102
GPP,1043,714,59149
GPP,1044,714,59212
GPP,1045,714,59259
GPP,1046,714,59322
GPP,1047,714,59369
GPP,1048,713,59440
GPP,1049,713,59495
GPP,1050,713,59542
GPP,1051,713,59605
GPP,1052,713,59652
GPP,1053,713,59715
GPP,1054,712,59762
GPP,1055,712,59825
GPP,1056,712,59872
GPP,1057,712,59935
GPP,1058,711,59998
GPP,1059,711,60045
GPP,1060,711,60108
GPP,1061,710,60155
GPP,1062,710,60218
GPP,1063,710,60265
GPP,1064,710,60328
GPP,1065,710,60384
GPP,1066,709,60438
GPP,1067,709,60501
GPP,1068,709,60548
GPP,1069,709,60611
GPP,1070,709,60658
GPP,1071,709,60721
GPP,1072,709,60784
GPP,1073,709,60831
GPP,1074,709,60894
GPP,1075,709,60941
GPP,1076,709,61004
GPP,1077,709,61051
GPP,1078,709,61114
GPP,1079,709,61177
GPP,1080,709,61224
GPP,1081,709,61287
GPP,1082,709,61334
GPP,1083,709,61397
GPP,1084,709,61460
GPP,1085,709,61507
GPP,1086,709,61570
GPP,1087,709,61617
GPP,1088,709,61680
GPP,1089,709,61743
GPP,1090,709,61790
GPP,1091,709,61853
GPP,1092,709,61916
GPP,1093,709,61963
GPP,1094,709,62026
GPP,1095,709,62073
GPP,1096,709,62136
GPP,1097,709,62199
GPP,1098,709,62246
GPP,1099,709,62309
GPP,1100,709,62372
GPP,1101,709,62419
GPP,1102,709,62481
GPP,1103,709,62529
GPP,1104,709,62591
GPP,1105,709,62654
GPP,1106,709,62717
GPP,1107,709,62764
GPP,1108,709,62827
GPP,1109,709,62890
GPP,1110,709,62937
GPP,1111,709,63000
GPP,1112,709,63047
GPP,1113,709,63110
GPP,1114,709,63172
GPP,1115,709,63220
GPP,1116,709,63290
GPP,1117,709,63346
GPP,1118,709,63404
GPP,1119,709,63460
GPP,1120,709,63519
GPP,1121,709,63575
GPP,1122,709,63633
GPP,1123,709,63690
GPP,1124,709,63747
GPP,1125,709,63804
GPP,1126,709,63862
GPP,1127,709,63918
GPP,1128,709,63974
GPP,1129,709,64033
GPP,1130,709,64090
GPP,1131,709,64138
GPP,1132,709,64200
GPP,1133,709,64247
GPP,1134,709,64310
GPP,1135,709,64373
GPP,1136,709,64420
GPP,1137,709,64483
GPP,1138,709,64546
GPP,1139,709,64593
GPP,1140,709,64656
GPP,1141,709,64703
GPP,1142,709,64766
GPP,1143,709,64829
GPP,1144,709,64876
GPP,1145,709,64939
GPP,1146,709,65001
GPP,1147,709,65049
GPP,1148,709,65112
GPP,1149,709,65175
GPP,1150,709,65222
GPP,1151,709,65288
GPP,1152,709,65332
GPP,1153,709,65394
GPP,1154,709,65457
GPP,1155,709,65504
GPP,1156,709,65567
GPP,1157,709,65630
GPP,1158,709,65677
GPP,1159,709,65739
GPP,1160,709,65787
GPP,1161,709,65849
GPP,1162,709,65912
GPP,1163,709,65959
GPP,1164,709,66022
GPP,1165,709,66069
GPP,1166,709,66134
GPP,1167,709,66195
GPP,1168,709,66242
GPP,1169,709,66305
GPP,1170,709,66352
GPP,1171,709,66415
GPP,1172,709,66462
GPP,1173,709,66525
GPP,1174,709,66588
GPP,1175,709,66645
GPP,1176,709,66701
GPP,1177,709,66756
GPP,1178,709,66809
GPP,1179,709,66856
GPP,1180,709,66919
GPP,1181,709,66966
GPP,1182,709,67028
GPP,1183,709,67091
GPP,1184,709,67138
GPP,1185,708,67201
GPP,1186,708,67261
GPP,1187,708,67312
GPP,1188,708,67359
GPP,1189,708,67422
GPP,1190,708,67469
GPP,1191,708,67532
GPP,1192,708,67595
GPP,1193,707,67642
GPP,1194,707,67705
GPP,1195,707,67752
GPP,1196,707,67815
GPP,1197,707,67862
GPP,1198,707,67925
GPP,1199,707,67972
GPP,1200,707,68035
GPP,1201,707,68082
GPP,1202,707,68145
GPP,1203,707,68208
GPP,1204,706,68255
GPP,1205,706,68318
GPP,1206,706,68365
GPP,1207,706,68427
GPP,1208,706,68474
GPP,1209,706,68537
GPP,1210,706,68600
GPP,1211,705,68647
GPP,1212,705,68710
GPP,1213,705,68757
GPP,1214,705,68820
GPP,1215,705,68867
GPP,1216,705,68930
GPP,1217,705,68993
GPP,1218,705,69040
GPP,1219,705,69103
GPP,1220,705,69150
GPP,1221,705,69213
GPP,1222,705,69276
GPP,1223,705,69332
GPP,1224,705,69389
GPP,1225,705,69444
GPP,1226,705,69501
GPP,1227,705,69544
GPP,1228,705,69607
GPP,1229,704,69669
GPP,1230,704,69716
GPP,1231,704,69779
GPP,1232,704,69842
GPP,1233,704,69889
GPP,1234,704,69952
GPP,1235,704,69999
GPP,1236,704,70062
GPP,1237,704,70125
GPP,1238,704,70172
GPP,1239,704,70235
GPP,1240,703,70297
GPP,1241,703,70353
GPP,1242,703,70407
GPP,1243,703,70455
GPP,1244,703,70518
GPP,1245,703,70581
GPP,1246,703,70628
GPP,1247,703,70690
GPP,1248,703,70753
GPP,1249,703,70800
GPP,1250,703,70863
GPP,1251,703,70911
GPP,1252,703,70974
GPP,1253,703,71036
GPP,1254,703,71083
GPP,1255,703,71146
GPP,1256,703,71209
GPP,1257,703,71257
GPP,1258,703,71320
GPP,1259,703,71383
GPP,1260,703,71430
GPP,1261,703,71492
GPP,1262,703,71555
GPP,1263,703,71602
GPP,1264,703,71665
GPP,1265,703,71720
GPP,1266,703,71775
GPP,1267,703,71838
GPP,1268,703,71885
GPP,1269,703,71948
GPP,1270,703,72011
GPP,1271,703,72058
GPP,1272,703,72121
GPP,1273,703,72184
GPP,1274,703,72231
GPP,1275,703,72298
GPP,1276,703,72357
GPP,1277,703,72404
GPP,1278,703,72467
GPP,1279,703,72530
GPP,1280,703,72577
GPP,1281,703,72640
GPP,1282,703,72687
GPP,1283,703,72750
GPP,1284,703,72813
GPP,1285,703,72860
GPP,1286,703,72923
GPP,1287,703,72986
GPP,1288,703,73033
GPP,1289,703,73096
GPP,1290,703,73143
GPP,1291,703,73206
GPP,1292,703,73269
GPP,1293,703,73316
GPP,1294,703,73378
GPP,1295,703,73441
GPP,1296,703,73488
GPP,1297,703,73552
GPP,1298,703,73614
GPP,1299,703,73661
GPP,1300,703,73724
GPP,1301,703,73787
GPP,1302,703,73834
GPP,1303,703,73897
GPP,1304,703,73960
GPP,1305,703,74007
GPP,1306,703,74070
GPP,1307,703,74117
GPP,1308,703,74180
GPP,1309,703,74242
GPP,1310,703,74290
GPP,1311,703,74352
GPP,1312,703,74400
GPP,1313,703,74462
GPP,1314,703,74525
GPP,1315,703,74572
GPP,1316,703,74635
GPP,1317,703,74682
GPP,1318,703,74745
GPP,1319,703,74808
GPP,1320,703,74855
GPP,1321,703,74918
GPP,1322,703,74965
GPP,1323,703,75028
GPP,1324,703,75075
GPP,1325,703,75138
GPP,1326,703,75185
GPP,1327,703,75248
GPP,1328,703,75295
GPP,1329,703,75358
GPP,1330,703,75421
GPP,1331,703,75468
GPP,1332,703,75531
GPP,1333,703,75578
GPP,1334,703,75641
GPP,1335,703,75688
GPP,1336,703,75750
GPP,1337,703,75805
GPP,1338,703,75860
GPP,1339,703,75907
GPP,1340,703,75970
GPP,1341,702,76033
GPP,1342,702,76080
GPP,1343,702,76143
GPP,1344,702,76190
GPP,1345,702,76253
GPP,1346,702,76300
GPP,1347,702,76363
GPP,1348,702,76410
GPP,1349,702,76472
GPP,1350,702,76535
GPP,1351,702,76582
GPP,1352,702,76645
GPP,1353,702,76692
GPP,1354,702,76754
GPP,1355,702,76801
GPP,1356,702,76865
GPP,1357,702,76911
GPP,1358,702,76974
GPP,1359,702,77037
GPP,1360,702,77084
GPP,1361,702,77146
GPP,1362,702,77194
GPP,1363,702,77256
GPP,1364,702,77303
GPP,1365,702,77366
GPP,1366,702,77429
GPP,1367,702,77476
GPP,1368,702,77539
GPP,1369,702,77586
GPP,1370,702,77648
GPP,1371,702,77711
GPP,1372,702,77758
GPP,1373,702,77821
GPP,1374,702,77884
GPP,1375,702,77931
GPP,1376,702,77993
GPP,1377,702,78040
GPP,1378,702,78103
GPP,1379,702,78166
GPP,1380,702,78213
GPP,1381,702,78275
GPP,1382,702,78338
GPP,1383,702,78385
GPP,1384,702,78448
GPP,1385,702,78495
GPP,1386,702,78558
GPP,1387,702,78621
GPP,1388,702,78668
GPP,1389,702,78730
GPP,1390,702,78793
GPP,1391,702,78840
GPP,1392,702,78903
GPP,1393,702,78950
GPP,1394,702,79013
GPP,1395,702,79075
GPP,1396,702,79122
GPP,1397,702,79185
GPP,1398,702,79248
GPP,1399,702,79308
GPP,1400,702,79359
GPP,1401,702,79422
GPP,1402,702,79469
GPP,1403,702,79532
GPP,1404,702,79579
GPP,1405,702,79641
GPP,1406,702,79704
GPP,1407,702,79751
GPP,1408,702,79814
GPP,1409,702,79878
GPP,1410,702,79924
GPP,1411,702,79987
GPP,1412,702,80050
GPP,1413,702,80097
GPP,1414,702,80159
GPP,1415,702,80206
GPP,1416,702,80269
GPP,1417,702,80332
GPP,1418,702,80379
GPP,1419,702,80449
GPP,1420,702,80505
GPP,1421,702,80552
GPP,1422,702,80615
GPP,1423,702,80678
GPP,1424,702,80725
GPP,1425,702,80788
GPP,1426,702,80850
GPP,1427,702,80897
GPP,1428,702,80960
GPP,1429,702,81023
GPP,1430,702,81070
GPP,1431,702,81133
GPP,1432,702,81180
GPP,1433,702,81251
GPP,1434,702,81306
GPP,1435,702,81353
GPP,1436,702,81416
GPP,1437,702,81479
GPP,1438,702,81526
GPP,1439,702,81589
GPP,1440,702,81652
GPP,1441,702,81699
GPP,1442,702,81761
GPP,1443,702,81809
GPP,1444,702,81872
GPP,1445,702,81935
GPP,1446,702,81982
GPP,1447,702,82045
GPP,1448,702,82092
GPP,1449,702,82155
GPP,1450,702,82217
GPP,1451,702,82264
GPP,1452,702,82327
GPP,1453,702,82390
GPP,1454,702,82437
GPP,1455,702,82500
GPP,1456,702,82547
GPP,1457,702,82619
GPP,1458,702,82673
GPP,1459,702,82720
GPP,1460,702,82783
GPP,1461,702,82830
GPP,1462,702,82893
GPP,1463,702,82940
GPP,1464,702,83003
GPP,1465,702,83065
GPP,1466,702,83112
GPP,1467,702,83175
GPP,1468,702,83222
GPP,1469,702,83285
GPP,1470,702,83332
GPP,1471,702,83395
GPP,1472,702,83442
GPP,1473,702,83505
GPP,1474,702,83568
GPP,1475,702,83615
GPP,1476,702,83678
GPP,1477,702,83725
GPP,1478,702,83788
GPP,1479,702,83835
GPP,1480,702,83898
GPP,1481,702,83945
GPP,1482,702,84008
GPP,1483,702,84055
GPP,1484,702,84118
GPP,1485,702,84165
GPP,1486,702,84228
GPP,1487,702,84291
GPP,1488,702,84338
GPP,1489,702,84401
GPP,1490,702,84448
GPP,1491,702,84511
GPP,1492,702,84558
GPP,1493,702,84621
GPP,1494,702,84668
GPP,1495,702,84731
GPP,1496,702,84778
GPP,1497,702,84841
GPP,1498,702,84904
GPP,1499,702,84951
GPP,1500,702,85014
GPP,1501,702,85061
GPP,1502,702,85124
GPP,1503,702,85171
GPP,1504,702,85234
GPP,1505,702,85297
GPP,1506,702,85352
GPP,1507,702,85407
GPP,1508,702,85454
GPP,1509,702,85517
GPP,1510,702,85564
GPP,1511,702,85627
GPP,1512,702,85690
GPP,1513,702,85737
GPP,1514,702,85799
GPP,1515,702,85862
GPP,1516,702,85910
GPP,1517,702,85972
GPP,1518,702,86020
GPP,1519,702,86083
GPP,1520,702,86145
GPP,1521,702,86193
GPP,1522,702,86256
GPP,1523,702,86319
GPP,1524,702,86366
GPP,1525,702,86428
GPP,1526,702,86475
GPP,1527,702,86538
GPP,1528,702,86601
GPP,1529,702,86648
GPP,1530,702,86711
GPP,1531,702,86774
GPP,1532,702,86821
GPP,1533,702,86884
GPP,1534,702,86947
GPP,1535,702,86994
GPP,1536,702,87057
GPP,1537,702,87104
GPP,1538,702,87167
GPP,1539,702,87230
GPP,1540,702,87277
GPP,1541,702,87340
GPP,1542,702,87403
GPP,1543,702,87450
GPP,1544,702,87513
GPP,1545,702,87576
GPP,1546,702,87623
GPP,1547,702,87686
GPP,1548,702,87748
GPP,1549,702,87795
GPP,1550,702,87858
GPP,1551,702,87921
GPP,1552,702,87968
GPP,1553,702,88031
GPP,1554,702,88078
GPP,1555,702,88141
GPP,1556,702,88204
GPP,1557,702,88267
GPP,1558,702,88314
GPP,1559,702,88376
GPP,1560,702,88440
GPP,1561,702,88487
GPP,1562,702,88550
GPP,1563,702,88612
GPP,1564,702,88660
GPP,1565,702,88723
GPP,1566,702,88770
GPP,1567,702,88832
GPP,1568,702,88896
GPP,1569,702,88943
GPP,1570,702,89006
GPP,1571,702,89068
GPP,1572,702,89116
GPP,1573,702,89178
GPP,1574,702,89241
GPP,1575,702,89288
GPP,1576,702,89351
GPP,1577,702,89414
GPP,1578,702,89461
GPP,1579,702,89524
GPP,1580,702,89587
GPP,1581,702,89634
GPP,1582,702,89697
GPP,1583,702,89760
GPP,1584,702,89807
GPP,1585,702,89870
GPP,1586,702,89917
GPP,1587,702,89980
GPP,1588,702,90043
GPP,1589,702,90090
GPP,1590,702,90152
GPP,1591,702,90215
GPP,1592,702,90262
GPP,1593,702,90325
GPP,1594,702,90388
GPP,1595,702,90435
GPP,1596,702,90498
GPP,1597,702,90545
GPP,1598,702,90608
GPP,1599,702,90671
GPP,1600,702,90718
GPP,1601,702,90781
GPP,1602,702,90844
GPP,1603,702,90891
GPP,1604,702,90954
GPP,1605,702,91017
GPP,1606,702,91064
GPP,1607,702,91127
GPP,1608,702,91174
GPP,1609,702,91237
GPP,1610,702,91300
GPP,1611,702,91347
GPP,1612,702,91410
GPP,1613,702,91473
GPP,1614,702,91520
GPP,1615,702,91583
GPP,1616,702,91645
GPP,1617,702,91692
GPP,1618,702,91755
GPP,1619,702,91803
GPP,1620,702,91865
GPP,1621,702,91928
GPP,1622,702,91975
GPP,1623,702,92038
GPP,1624,702,92101
GPP,1625,702,92156
GPP,1626,702,92211
GPP,1627,702,92258
GPP,1628,702,92320
GPP,1629,702,92383
GPP,1630,702,92430
GPP,1631,702,92493
GPP,1632,702,92555
GPP,1633,702,92602
GPP,1634,702,92665
GPP,1635,702,92728
GPP,1636,702,92775
GPP,1637,702,92837
GPP,1638,702,92884
GPP,1639,702,92947
GPP,1640,702,93010
GPP,1641,702,93057
GPP,1642,702,93119
GPP,1643,702,93167
GPP,1644,702,93229
GPP,1645,702,93292
GPP,1646,702,93339
GPP,1647,702,93402
GPP,1648,702,93464
GPP,1649,702,93519
GPP,1650,702,93575
GPP,1651,702,93622
GPP,1652,702,93684
GPP,1653,702,93747
GPP,1654,702,93794
GPP,1655,702,93856
GPP,1656,702,93903
GPP,1657,702,93966
GPP,1658,702,94029
GPP,1659,702,94076
GPP,1660,702,94138
GPP,1661,702,94185
GPP,1662,702,94248
GPP,1663,702,94311
GPP,1664,702,94358
GPP,1665,702,94420
GPP,1666,702,94483
GPP,1667,702,94530
GPP,1668,702,94593
GPP,1669,702,94640
GPP,1670,702,94703
GPP,1671,702,94765
GPP,1672,702,94812
GPP,1673,702,94880
GPP,1674,702,94922
GPP,1675,702,94985
GPP,1676,702,95047
GPP,1677,702,95094
GPP,1678,702,95157
GPP,1679,702,95220
GPP,1680,702,95267
GPP,1681,702,95329
GPP,1682,702,95376
GPP,1683,702,95439
GPP,1684,702,95502
GPP,1685,702,95549
GPP,1686,702,95612
GPP,1687,702,95674
GPP,1688,702,95721
GPP,1689,702,95784
GPP,1690,702,95831
GPP,1691,702,95894
GPP,1692,702,95956
GPP,1693,702,96003
GPP,1694,702,96066
GPP,1695,702,96113
GPP,1696,702,96176
GPP,1697,702,96241
GPP,1698,702,96286
GPP,1699,702,96348
GPP,1700,702,96411
GPP,1701,702,96458
GPP,1702,702,96521
GPP,1703,702,96584
GPP,1704,702,96631
GPP,1705,702,96693
GPP,1706,702,96740
GPP,1707,702,96803
GPP,1708,702,96866
GPP,1709,702,96913
GPP,1710,702,96975
GPP,1711,702,97038
GPP,1712,702,97085
GPP,1713,702,97148
GPP,1714,702,97210
GPP,1715,702,97257
GPP,1716,702,97320
GPP,1717,702,97367
GPP,1718,702,97429
GPP,1719,702,97492
GPP,1720,702,97539
GPP,1721,702,97609
GPP,1722,702,97665
GPP,1723,702,97712
GPP,1724,702,97775
GPP,1725,702,97821
GPP,1726,702,97884
GPP,1727,702,97947
GPP,1728,702,97994
GPP,1729,702,98056
GPP,1730,702,98119
GPP,1731,702,98166
GPP,1732,702,98229
GPP,1733,702,98276
GPP,1734,702,98339
GPP,1735,702,98402
GPP,1736,702,98448
GPP,1737,702,98511
GPP,1738,702,98558
GPP,1739,702,98622
GPP,1740,702,98684
GPP,1741,702,98731
GPP,1742,702,98794
GPP,1743,702,98841
GPP,1744,702,98904
GPP,1745,702,98968
GPP,1746,702,99014
GPP,1747,702,99076
GPP,1748,702,99123
GPP,1749,702,99186
GPP,1750,702,99249
GPP,1751,702,99296
GPP,1752,702,99358
GPP,1753,702,99421
GPP,1754,702,99468
GPP,1755,702,99531
GPP,1756,702,99578
GPP,1757,702,99641
GPP,1758,702,99703
GPP,1759,702,99750
GPP,1760,702,99813
GPP,1761,702,99860
GPP,1762,702,99923
GPP,1763,702,99985
GPP,1764,702,100032
GPP,1765,702,100095
GPP,1766,702,100158
GPP,1767,702,100205
GPP,1768,702,100268
GPP,1769,702,100315
GPP,1770,702,100378
GPP,1771,702,100425
GPP,1772,702,100487
GPP,1773,702,100550
GPP,1774,702,100597
GPP,1775,702,100660
GPP,1776,702,100723
GPP,1777,702,100770
GPP,1778,702,100832
GPP,1779,702,100879
GPP,1780,702,100942
GPP,1781,702,101005
GPP,1782,702,101051
GPP,1783,702,101114
GPP,1784,702,101177
GPP,1785,702,101224
GPP,1786,702,101286
GPP,1787,702,101333
GPP,1788,702,101396
GPP,1789,702,101459
GPP,1790,702,101506
GPP,1791,702,101569
GPP,1792,702,101616
GPP,1793,702,101678
GPP,1794,702,101741
GPP,1795,702,101788
GPP,1796,702,101851
GPP,1797,702,101898
GPP,1798,702,101960
GPP,1799,702,102023
GPP,1800,702,102070
GPP,1801,702,102133
GPP,1802,702,102195
GPP,1803,702,102242
GPP,1804,702,102305
GPP,1805,702,102352
GPP,1806,702,102415
GPP,1807,702,102477
GPP,1808,702,102524
GPP,1809,702,102587
GPP,1810,702,102650
GPP,1811,702,102697
GPP,1812,702,102760
GPP,1813,702,102807
GPP,1814,702,102869
GPP,1815,702,102932
GPP,1816,702,102979
GPP,1817,702,103041
GPP,1818,702,103089
GPP,1819,702,103151
GPP,1820,702,103214
GPP,1821,702,103261
GPP,1822,702,103324
GPP,1823,702,103387
GPP,1824,702,103434
GPP,1825,702,103496
GPP,1826,702,103543
GPP,1827,702,103606
GPP,1828,702,103669
GPP,1829,702,103716
GPP,1830,702,103779
GPP,1831,702,103826
GPP,1832,702,103889
GPP,1833,702,103952
GPP,1834,702,103999
GPP,1835,702,104062
GPP,1836,702,104109
GPP,1837,702,104172
GPP,1838,702,104235
GPP,1839,702,104282
GPP,1840,702,104345
GPP,1841,702,104392
GPP,1842,702,104455
GPP,1843,702,104518
GPP,1844,702,104565
GPP,1845,702,104628
GPP,1846,702,104691
GPP,1847,702,104738
GPP,1848,702,104801
GPP,1849,702,104848
GPP,1850,702,104911
GPP,1851,702,104974
GPP,1852,702,105021
GPP,1853,702,105084
GPP,1854,702,105147
GPP,1855,702,105194
GPP,1856,702,105257
GPP,1857,702,105304
GPP,1858,702,105367
GPP,1859,702,105429
GPP,1860,702,105477
GPP,1861,702,105539
GPP,1862,702,105586
GPP,1863,702,105649
GPP,1864,702,105712
GPP,1865,702,105759
GPP,1866,702,105822
GPP,1867,702,105885
GPP,1868,702,105932
GPP,1869,702,105995
GPP,1870,702,106042
GPP,1871,702,106105
GPP,1872,702,106168
GPP,1873,702,106215
GPP,1874,702,106278
GPP,1875,702,106325
GPP,1876,702,106388
GPP,1877,702,106451
GPP,1878,702,106498
GPP,1879,702,106561
GPP,1880,702,106608
GPP,1881,702,106671
GPP,1882,702,106734
GPP,1883,702,106781
GPP,1884,702,106844
GPP,1885,702,106891
GPP,1886,702,106954
GPP,1887,702,107017
GPP,1888,702,107064
GPP,1889,702,107126
GPP,1890,702,107189
GPP,1891,702,107236
GPP,1892,702,107299
GPP,1893,702,107346
GPP,1894,702,107409
GPP,1895,702,107456
GPP,1896,702,107519
GPP,1897,702,107582
GPP,1898,702,107629
GPP,1899,702,107692
GPP,1900,702,107739
GPP,1901,702,107802
GPP,1902,702,107865
GPP,1903,702,107912
GPP,1904,702,107975
GPP,1905,702,108038
GPP,1906,702,108085
GPP,1907,702,108148
GPP,1908,702,108195
GPP,1909,702,108257
GPP,1910,702,108320
GPP,1911,702,108368
GPP,1912,702,108431
GPP,1913,702,108478
GPP,1914,702,108540
GPP,1915,702,108603
GPP,1916,702,108650
GPP,1917,702,108713
GPP,1918,702,108760
GPP,1919,702,108823
GPP,1920,702,108886
GPP,1921,702,108933
GPP,1922,702,109002
GPP,1923,702,109058
GPP,1924,702,109114
GPP,1925,702,109170
GPP,1926,702,109227
GPP,1927,702,109285
GPP,1928,702,109341
GPP,1929,702,109398
GPP,1930,702,109455
GPP,1931,702,109511
GPP,1932,702,109568
GPP,1933,702,109625
GPP,1934,702,109681
GPP,1935,702,109737
GPP,1936,702,109795
GPP,1937,702,109850
GPP,1938,702,109907
GPP,1939,702,109963
GPP,1940,702,110020
GPP,1941,702,110077
GPP,1942,702,110133
GPP,1943,702,110190
GPP,1944,702,110246
GPP,1945,702,110302
GPP,1946,702,110360
GPP,1947,702,110416
GPP,1948,702,110471
GPP,1949,702,110530
GPP,1950,702,110587
GPP,1951,702,110644
GPP,1952,702,110700
GPP,1953,702,110757
GPP,1954,702,110814
GPP,1955,702,110870
GPP,1956,702,110927
GPP,1957,702,110984
GPP,1958,702,111042
GPP,1959,702,111098
GPP,1960,702,111153
GPP,1961,702,111199
GPP,1962,702,111261
GPP,1963,702,111324
GPP,1964,702,111372
GPP,1965,702,111435
GPP,1966,702,111482
GPP,1967,702,111544
GPP,1968,702,111607
GPP,1969,702,111654
GPP,1970,702,111717
GPP,1971,702,111764
GPP,1972,702,111827
GPP,1973,702,111890
GPP,1974,702,111937
GPP,1975,702,112000
GPP,1976,702,112063
GPP,1977,702,112110
GPP,1978,702,112173
GPP,1979,702,112220
GPP,1980,702,112283
GPP,1981,702,112346
GPP,1982,702,112393
GPP,1983,702,112456
GPP,1984,702,112503
GPP,1985,702,112566
GPP,1986,702,112629
GPP,1987,702,112676
GPP,1988,702,112739
GPP,1989,702,112786
GPP,1990,702,112849
GPP,1991,702,112911
GPP,1992,702,112959
GPP,1993,702,113022
GPP,1994,702,113084
GPP,1995,702,113132
GPP,1996,702,113194
GPP,1997,702,113241
GPP,1998,702,113304
GPP,1999,702,113367
GPP,2000,702,113414
GPP,2001,702,113477
GPP,2002,702,113540
GPP,2003,702,113587
GPP,2004,702,113650
GPP,2005,702,113697
GPP,2006,702,113759
GPP,2007,702,113822
GPP,2008,702,113869
GPP,2009,702,113932
GPP,2010,702,113995
GPP,2011,702,114042
GPP,2012,702,114105
GPP,2013,702,114152
GPP,2014,702,114214
GPP,2015,702,114277
GPP,2016,702,114324
GPP,2017,702,114387
GPP,2018,702,114434
GPP,2019,702,114497
GPP,2020,702,114560
GPP,2021,702,114607
GPP,2022,702,114670
GPP,2023,702,114717
GPP,2024,702,114780
GPP,2025,702,114843
GPP,2026,702,114890
GPP,2027,702,114953
GPP,2028,702,115000
GPP,2029,702,115063
GPP,2030,702,115126
GPP,2031,702,115173
GPP,2032,702,115235
GPP,2033,702,115283
GPP,2034,702,115345
GPP,2035,702,115408
GPP,2036,702,115455
GPP,2037,702,115518
GPP,2038,702,115565
GPP,2039,702,115628
GPP,2040,702,115691
GPP,2041,702,115738
GPP,2042,702,115801
GPP,2043,702,115848
GPP,2044,702,115911
GPP,2045,702,115974
GPP,2046,702,116021
GPP,2047,702,116083
GPP,2048,702,116146
GPP,2049,702,116193
GPP,2050,702,116256
GPP,2051,702,116303
GPP,2052,702,116366
GPP,2053,702,116428
GPP,2054,702,116475
GPP,2055,702,116538
GPP,2056,702,116585
GPP,2057,702,116648
GPP,2058,702,116711
GPP,2059,702,116758
GPP,2060,702,116821
GPP,2061,702,116868
GPP,2062,702,116931
GPP,2063,702,116978
GPP,2064,702,117041
GPP,2065,702,117104
GPP,2066,702,117151
GPP,2067,702,117214
GPP,2068,702,117261
GPP,2069,702,117323
GPP,2070,702,117386
GPP,2071,702,117433
GPP,2072,702,117496
GPP,2073,702,117543
GPP,2074,702,117607
GPP,2075,702,117670
GPP,2076,702,117717
GPP,2077,702,117780
GPP,2078,702,117827
GPP,2079,702,117890
GPP,2080,702,117937
GPP,2081,702,118000
GPP,2082,702,118063
GPP,2083,702,118110
GPP,2084,702,118172
GPP,2085,702,118235
GPP,2086,702,118282
GPP,2087,702,118345
GPP,2088,702,118392
GPP,2089,702,118455
GPP,2090,702,118518
GPP,2091,702,118565
GPP,2092,702,118628
GPP,2093,702,118675
GPP,2094,702,118738
GPP,2095,702,118800
GPP,2096,702,118848
GPP,2097,702,118911
GPP,2098,702,118958
GPP,2099,702,119021
GPP,2100,702,119084
GPP,2101,702,119131
GPP,2102,702,119197
GPP,2103,702,119254
GPP,2104,702,119311
GPP,2105,702,119366
GPP,2106,702,119424
GPP,2107,702,119479
GPP,2108,702,119536
GPP,2109,702,119593
GPP,2110,702,119650
GPP,2111,702,119706
GPP,2112,702,119763
GPP,2113,702,119819
GPP,2114,702,119877
GPP,2115,702,119933
GPP,2116,702,119988
GPP,2117,702,120046
GPP,2118,702,120103
GPP,2119,702,120159
GPP,2120,702,120216
GPP,2121,702,120273
GPP,2122,702,120325
GPP,2123,702,120388
GPP,2124,702,120435
GPP,2125,702,120498
GPP,2126,702,120554
GPP,2127,702,120608
GPP,2128,702,120671
GPP,2129,702,120718
GPP,2130,702,120786
GPP,2131,702,120828
GPP,2132,702,120890
GPP,2133,702,120953
GPP,2134,702,121000
GPP,2135,702,121063
GPP,2136,702,121110
GPP,2137,702,121173
GPP,2138,702,121236
GPP,2139,702,121283
GPP,2140,702,121345
GPP,2141,702,121393
GPP,2142,702,121456
GPP,2143,702,121518
GPP,2144,702,121565
GPP,2145,702,121628
GPP,2146,702,121691
GPP,2147,702,121738
GPP,2148,702,121801
GPP,2149,702,121848
GPP,2150,702,121911
GPP,2151,702,121974
GPP,2152,702,122021
GPP,2153,702,122084
GPP,2154,702,122131
GPP,2155,702,122194
GPP,2156,702,122257
GPP,2157,702,122304
GPP,2158,702,122367
GPP,2159,702,122414
GPP,2160,702,122476
GPP,2161,702,122539
GPP,2162,702,122586
GPP,2163,702,122649
GPP,2164,702,122696
GPP,2165,702,122759
GPP,2166,702,122822
GPP,2167,702,122869
GPP,2168,702,122932
GPP,2169,702,122995
GPP,2170,702,123042
GPP,2171,702,123105
GPP,2172,702,123152
GPP,2173,702,123215
GPP,2174,702,123278
GPP,2175,702,123325
GPP,2176,702,123388
GPP,2177,702,123435
GPP,2178,702,123505
GPP,2179,702,123560
GPP,2180,702,123607
GPP,2181,702,123670
GPP,2182,702,123717
GPP,2183,702,123780
GPP,2184,702,123843
GPP,2185,702,123890
GPP,2186,702,123953
GPP,2187,702,124000
GPP,2188,702,124063
GPP,2189,702,124126
GPP,2190,702,124173
GPP,2191,702,124236
GPP,2192,702,124283
GPP,2193,702,124345
GPP,2194,702,124408
GPP,2195,702,124471
GPP,2196,702,124518
GPP,2197,702,124581
GPP,2198,702,124628
GPP,2199,702,124691
GPP,2200,702,124754
GPP,2201,702,124801
GPP,2202,702,124868
GPP,2203,702,124911
GPP,2204,702,124974
GPP,2205,702,125036
GPP,2206,702,125084
GPP,2207,702,125146
GPP,2208,702,125209
GPP,2209,702,125256
GPP,2210,702,125319
GPP,2211,702,125366
GPP,2212,702,125429
GPP,2213,702,125492
GPP,2214,702,125539
GPP,2215,702,125602
GPP,2216,702,125649
GPP,2217,702,125712
GPP,2218,702,125775
GPP,2219,702,125822
GPP,2220,702,125885
GPP,2221,702,125932
GPP,2222,702,125995
GPP,2223,702,126057
GPP,2224,702,126105
GPP,2225,702,126168
GPP,2226,702,126215
GPP,2227,702,126278
GPP,2228,702,126341
GPP,2229,702,126388
GPP,2230,702,126450
GPP,2231,702,126498
GPP,2232,702,126561
GPP,2233,702,126624
GPP,2234,702,126671
GPP,2235,702,126733
GPP,2236,702,126780
GPP,2237,702,126843
GPP,2238,702,126906
GPP,2239,702,126953
GPP,2240,702,127016
GPP,2241,702,127079
GPP,2242,702,127126
GPP,2243,702,127189
GPP,2244,702,127236
GPP,2245,702,127299
GPP,2246,702,127362
GPP,2247,702,127409
GPP,2248,702,127471
GPP,2249,702,127534
GPP,2250,702,127581
GPP,2251,702,127644
GPP,2252,702,127691
GPP,2253,702,127754
GPP,2254,702,127817
GPP,2255,702,127864
GPP,2256,702,127927
GPP,2257,702,127974
GPP,2258,702,128037
GPP,2259,702,128100
GPP,2260,702,128147
GPP,2261,702,128210
GPP,2262,702,128257
GPP,2263,702,128320
GPP,2264,702,128383
GPP,2265,702,128430
GPP,2266,702,128493
GPP,2267,702,128556
GPP,2268,702,128603
GPP,2269,702,128666
GPP,2270,702,128713
GPP,2271,702,128776
GPP,2272,702,128838
GPP,2273,702,128886
GPP,2274,702,128948
GPP,2275,702,128996
GPP,2276,702,129059
GPP,2277,702,129121
GPP,2278,702,129169
GPP,2279,702,129231
GPP,2280,702,129279
GPP,2281,702,129341
GPP,2282,702,129404
GPP,2283,702,129451
GPP,2284,702,129514
GPP,2285,702,129561
GPP,2286,702,129624
GPP,2287,702,129687
GPP,2288,702,129734
GPP,2289,702,129797
GPP,2290,702,129845
GPP,2291,702,129907
GPP,2292,702,129970
GPP,2293,702,130017
GPP,2294,702,130080
GPP,2295,702,130143
GPP,2296,702,130190
GPP,2297,702,130253
GPP,2298,702,130300
GPP,2299,702,130363
GPP,2300,702,130426
GPP,2301,702,130473
GPP,2302,702,130536
GPP,2303,702,130583
GPP,2304,702,130646
GPP,2305,702,130709
GPP,2306,702,130756
GPP,2307,702,130819
GPP,2308,702,130881
GPP,2309,702,130929
GPP,2310,702,130992
GPP,2311,702,131039
GPP,2312,702,131102
GPP,2313,702,131164
GPP,2314,702,131211
GPP,2315,702,131274
GPP,2316,702,131337
GPP,2317,702,131384
GPP,2318,702,131447
GPP,2319,702,131494
GPP,2320,702,131557
GPP,2321,702,131620
GPP,2322,702,131667
GPP,2323,702,131730
GPP,2324,702,131778
GPP,2325,702,131840
GPP,2326,702,131888
GPP,2327,702,131959
GPP,2328,702,132015
GPP,2329,702,132071
GPP,2330,702,132127
GPP,2331,702,132184
GPP,2332,702,132236
GPP,2333,702,132298
GPP,2334,702,132345
GPP,2335,702,132408
GPP,2336,702,132455
GPP,2337,702,132518
GPP,2338,702,132581
GPP,2339,702,132628
GPP,2340,702,132691
GPP,2341,702,132754
GPP,2342,702,132801
GPP,2343,702,132864
GPP,2344,702,132911
GPP,2345,702,132974
GPP,2346,702,133037
GPP,2347,702,133084
GPP,2348,702,133147
GPP,2349,702,133194
GPP,2350,702,133257
GPP,2351,702,133320
GPP,2352,702,133367
GPP,2353,702,133430
GPP,2354,702,133477
GPP,2355,702,133540
GPP,2356,702,133602
GPP,2357,702,133650
GPP,2358,702,133712
GPP,2359,702,133759
GPP,2360,702,133822
GPP,2361,702,133885
GPP,2362,702,133932
GPP,2363,702,133995
GPP,2364,702,134042
GPP,2365,702,134105
GPP,2366,702,134168
GPP,2367,702,134215
GPP,2368,702,134278
GPP,2369,702,134325
GPP,2370,702,134388
GPP,2371,702,134451
GPP,2372,702,134498
GPP,2373,702,134560
GPP,2374,702,134623
GPP,2375,702,134670
GPP,2376,702,134735
GPP,2377,702,134793
GPP,2378,702,134850
GPP,2379,702,134905
GPP,2380,702,134956
GPP,2381,702,135018
GPP,2382,702,135065
GPP,2383,702,135128
GPP,2384,702,135191
GPP,2385,702,135238
GPP,2386,702,135300
GPP,2387,702,135360
GPP,2388,702,135416
GPP,2389,702,135474
GPP,2390,702,135530
GPP,2391,702,135590
GPP,2392,702,135647
GPP,2393,702,135695
GPP,2394,702,135757
GPP,2395,702,135805
GPP,2396,702,135867
GPP,2397,702,135930
GPP,2398,702,135977
GPP,2399,702,136040
GPP,2400,702,136087
GPP,2401,702,136150
GPP,2402,702,136213
GPP,2403,702,136260
GPP,2404,702,136323
GPP,2405,702,136386
GPP,2406,702,136433
GPP,2407,702,136496
GPP,2408,702,136543
GPP,2409,702,136606
GPP,2410,702,136668
GPP,2411,702,136716
GPP,2412,702,136778
GPP,2413,702,136826
GPP,2414,702,136888
GPP,2415,702,136951
GPP,2416,702,136998
GPP,2417,702,137061
GPP,2418,702,137108
GPP,2419,702,137171
GPP,2420,702,137234
GPP,2421,702,137281
GPP,2422,702,137344
GPP,2423,702,137391
GPP,2424,702,137454
GPP,2425,702,137517
GPP,2426,702,137565
GPP,2427,702,137627
GPP,2428,702,137674
GPP,2429,702,137738
GPP,2430,702,137800
GPP,2431,702,137847
GPP,2432,702,137910
GPP,2433,702,137973
GPP,2434,702,138020
GPP,2435,702,138087
GPP,2436,702,138144
GPP,2437,702,138201
GPP,2438,702,138257
GPP,2439,702,138313
GPP,2440,702,138370
GPP,2441,702,138427
GPP,2442,702,138482
GPP,2443,702,138540
GPP,2444,702,138595
GPP,2445,702,138653
GPP,2446,702,138708
GPP,2447,702,138766
GPP,2448,702,138823
GPP,2449,702,138878
GPP,2450,702,138935
GPP,2451,702,138990
GPP,2452,702,139047
GPP,2453,702,139102
GPP,2454,702,139160
GPP,2455,702,139218
GPP,2456,702,139274
GPP,2457,702,139330
GPP,2458,702,139387
GPP,2459,702,139443
GPP,2460,702,139489
GPP,2461,702,139551
GPP,2462,702,139614
GPP,2463,702,139661
GPP,2464,702,139724
GPP,2465,702,139771
GPP,2466,702,139834
GPP,2467,702,139897
GPP,2468,702,139944
GPP,2469,702,140007
GPP,2470,702,140054
GPP,2471,702,140117
GPP,2472,702,140180
GPP,2473,702,140227
GPP,2474,702,140290
GPP,2475,702,140353
GPP,2476,702,140400
GPP,2477,702,140463
GPP,2478,702,140510
GPP,2479,702,140573
GPP,2480,702,140636
GPP,2481,702,140683
GPP,2482,702,140746
GPP,2483,702,140793
GPP,2484,702,140856
GPP,2485,702,140918
GPP,2486,702,140965
GPP,2487,702,141028
GPP,2488,702,141076
GPP,2489,702,141139
GPP,2490,702,141201
GPP,2491,702,141249
GPP,2492,702,141311
GPP,2493,702,141358
GPP,2494,702,141421
GPP,2495,702,141484
GPP,2496,702,141531
GPP,2497,702,141594
GPP,2498,702,141641
GPP,2499,702,141704
GPP,2500,702,141767
GPP,2501,702,141815
GPP,2502,702,141877
GPP,2503,702,141924
GPP,2504,702,141987
GPP,2505,702,142050
GPP,2506,702,142097
GPP,2507,702,142160
GPP,2508,702,142207
GPP,2509,702,142270
GPP,2510,702,142333
GPP,2511,702,142380
GPP,2512,702,142443
GPP,2513,702,142506
GPP,2514,702,142553
GPP,2515,702,142616
GPP,2516,702,142663
GPP,2517,702,142726
GPP,2518,702,142788
GPP,2519,702,142835
GPP,2520,702,142898
GPP,2521,702,142945
GPP,2522,702,143008
GPP,2523,702,143071
GPP,2524,702,143118
GPP,2525,702,143181
GPP,2526,702,143228
GPP,2527,702,143291
GPP,2528,702,143354
GPP,2529,702,143401
GPP,2530,702,143463
GPP,2531,702,143526
GPP,2532,702,143574
GPP,2533,702,143636
GPP,2534,702,143683
GPP,2535,702,143746
GPP,2536,702,143809
GPP,2537,702,143856
GPP,2538,702,143920
GPP,2539,702,143967
GPP,2540,702,144030
GPP,2541,702,144092
GPP,2542,702,144139
GPP,2543,702,144202
GPP,2544,702,144249
GPP,2545,702,144312
GPP,2546,702,144375
GPP,2547,702,144422
GPP,2548,702,144485
GPP,2549,702,144532
GPP,2550,702,144595
GPP,2551,702,144658
GPP,2552,702,144705
GPP,2553,702,144767
GPP,2554,702,144814
GPP,2555,702,144877
GPP,2556,702,144940
GPP,2557,702,144987
GPP,2558,702,145050
GPP,2559,702,145113
GPP,2560,702,145160
GPP,2561,702,145222
GPP,2562,702,145269
GPP,2563,702,145332
GPP,2564,702,145395
GPP,2565,702,145442
GPP,2566,702,145505
GPP,2567,702,145552
GPP,2568,702,145622
GPP,2569,702,145677
GPP,2570,702,145724
GPP,2571,702,145787
GPP,2572,702,145850
GPP,2573,702,145897
GPP,2574,702,145959
GPP,2575,702,146006
GPP,2576,702,146069
GPP,2577,702,146132
GPP,2578,702,146179
GPP,2579,702,146241
GPP,2580,702,146288
GPP,2581,702,146351
GPP,2582,702,146414
GPP,2583,702,146461
GPP,2584,702,146523
GPP,2585,702,146586
GPP,2586,702,146633
GPP,2587,702,146696
GPP,2588,702,146743
GPP,2589,702,146806
GPP,2590,702,146868
GPP,2591,702,146915
GPP,2592,702,146978
GPP,2593,702,147025
GPP,2594,702,147088
GPP,2595,702,147150
GPP,2596,702,147197
GPP,2597,702,147260
GPP,2598,702,147323
GPP,2599,702,147370
GPP,2600,702,147432
GPP,2601,702,147479
GPP,2602,702,147542
GPP,2603,702,147605
GPP,2604,702,147653
GPP,2605,702,147715
GPP,2606,702,147778
GPP,2607,702,147825
GPP,2608,702,147887
GPP,2609,702,147934
GPP,2610,702,147997
GPP,2611,702,148060
GPP,2612,702,148107
GPP,2613,702,148170
GPP,2614,702,148233
GPP,2615,702,148280
GPP,2616,702,148343
GPP,2617,702,148389
GPP,2618,702,148452
GPP,2619,702,148515
GPP,2620,702,148562
GPP,2621,702,148624
GPP,2622,702,148687
GPP,2623,702,148735
GPP,2624,702,148797
GPP,2625,702,148844
GPP,2626,702,148907
GPP,2627,702,148970
GPP,2628,702,149017
GPP,2629,702,149079
GPP,2630,702,149130
GPP,2631,702,149190
GPP,2632,702,149252
GPP,2633,702,149299
GPP,2634,702,149362
GPP,2635,702,149418
GPP,2636,702,149472
GPP,2637,702,149535
GPP,2638,702,149582
GPP,2639,702,149647
GPP,2640,702,149692
GPP,2641,702,149763
GPP,2642,702,149818
GPP,2643,702,149865
GPP,2644,702,149928
GPP,2645,702,149975
GPP,2646,702,150038
GPP,2647,702,150101
GPP,2648,702,150148
GPP,2649,702,150211
GPP,2650,702,150258
GPP,2651,702,150321
GPP,2652,702,150384
GPP,2653,702,150431
GPP,2654,702,150494
GPP,2655,702,150556
GPP,2656,702,150604
GPP,2657,702,150666
GPP,2658,702,150730
GPP,2659,702,150777
GPP,2660,702,150840
GPP,2661,702,150887
GPP,2662,702,150950
GPP,2663,702,151013
GPP,2664,702,151060
GPP,2665,702,151122
GPP,2666,702,151169
GPP,2667,702,151232
GPP,2668,702,151295
GPP,2669,702,151342
GPP,2670,702,151405
GPP,2671,702,151452
GPP,2672,702,151515
GPP,2673,702,151577
GPP,2674,702,151624
GPP,2675,702,151687
GPP,2676,702,151734
GPP,2677,702,151797
GPP,2678,702,151860
GPP,2679,702,151907
GPP,2680,702,151969
GPP,2681,702,152017
GPP,2682,702,152079
GPP,2683,702,152142
GPP,2684,702,152189
GPP,2685,702,152252
GPP,2686,702,152299
GPP,2687,702,152362
GPP,2688,702,152425
GPP,2689,702,152472
GPP,2690,702,152535
GPP,2691,702,152582
GPP,2692,702,152645
GPP,2693,702,152707
GPP,2694,702,152763
GPP,2695,702,152817
GPP,2696,702,152865
GPP,2697,702,152927
GPP,2698,702,152990
GPP,2699,702,153037
GPP,2700,702,153100
GPP,2701,702,153163
GPP,2702,702,153210
GPP,2703,702,153273
GPP,2704,702,153321
GPP,2705,702,153384
GPP,2706,702,153447
GPP,2707,702,153502
GPP,2708,702,153557
GPP,2709,702,153604
GPP,2710,702,153667
GPP,2711,702,153730
GPP,2712,702,153777
GPP,2713,702,153840
GPP,2714,702,153888
GPP,2715,702,153951
GPP,2716,702,153998
GPP,2717,702,154061
GPP,2718,702,154124
GPP,2719,702,154180
GPP,2720,702,154233
GPP,2721,702,154296
GPP,2722,702,154343
GPP,2723,702,154406
GPP,2724,702,154453
GPP,2725,702,154516
GPP,2726,702,154579
GPP,2727,702,154626
GPP,2728,702,154689
GPP,2729,702,154736
GPP,2730,702,154799
GPP,2731,702,154863
GPP,2732,702,154909
GPP,2733,702,154972
GPP,2734,702,155019
GPP,2735,702,155082
GPP,2736,702,155144
GPP,2737,702,155191
GPP,2738,702,155254
GPP,2739,702,155301
GPP,2740,702,155364
GPP,2741,702,155427
GPP,2742,702,155474
GPP,2743,702,155537
GPP,2744,702,155584
GPP,2745,702,155656
GPP,2746,702,155710
GPP,2747,702,155757
GPP,2748,702,155820
GPP,2749,702,155883
GPP,2750,702,155930
GPP,2751,702,155993
GPP,2752,702,156040
GPP,2753,702,156102
GPP,2754,702,156165
GPP,2755,702,156212
GPP,2756,702,156274
GPP,2757,702,156322
GPP,2758,702,156385
GPP,2759,702,156447
GPP,2760,702,156495
GPP,2761,702,156557
GPP,2762,702,156604
GPP,2763,702,156667
GPP,2764,702,156730
GPP,2765,702,156777
GPP,2766,702,156840
GPP,2767,702,156887
GPP,2768,702,156950
GPP,2769,702,157013
GPP,2770,702,157060
GPP,2771,702,157127
GPP,2772,702,157170
GPP,2773,702,157233
GPP,2774,702,157296
GPP,2775,702,157343
GPP,2776,702,157406
GPP,2777,702,157453
GPP,2778,702,157516
GPP,2779,702,157580
GPP,2780,702,157626
GPP,2781,702,157688
GPP,2782,702,157736
GPP,2783,702,157799
GPP,2784,702,157861
GPP,2785,702,157909
GPP,2786,702,157971
GPP,2787,702,158018
GPP,2788,702,158081
GPP,2789,702,158144
GPP,2790,702,158191
GPP,2791,702,158254
GPP,2792,702,158317
GPP,2793,702,158364
GPP,2794,702,158427
GPP,2795,702,158474
GPP,2796,702,158537
GPP,2797,702,158600
GPP,2798,702,158647
GPP,2799,702,158710
GPP,2800,702,158757
GPP,2801,702,158820
GPP,2802,702,158867
GPP,2803,702,158930
GPP,2804,702,158993
GPP,2805,702,159040
GPP,2806,702,159103
GPP,2807,702,159166
GPP,2808,702,159213
GPP,2809,702,159276
GPP,2810,702,159323
GPP,2811,702,159386
GPP,2812,702,159449
GPP,2813,702,159496
GPP,2814,702,159559
GPP,2815,702,159606
GPP,2816,702,159668
GPP,2817,702,159731
GPP,2818,702,159778
GPP,2819,702,159841
GPP,2820,702,159888
GPP,2821,702,159951
GPP,2822,702,160014
GPP,2823,702,160061
GPP,2824,702,160125
GPP,2825,702,160186
GPP,2826,702,160235
GPP,2827,702,160296
GPP,2828,702,160343
GPP,2829,702,160406
GPP,2830,702,160469
GPP,2831,702,160516
GPP,2832,702,160579
GPP,2833,702,160626
GPP,2834,702,160689
GPP,2835,702,160752
GPP,2836,702,160799
GPP,2837,702,160862
GPP,2838,702,160909
GPP,2839,702,160972
GPP,2840,702,161035
GPP,2841,702,161082
GPP,2842,702,161145
GPP,2843,702,161192
GPP,2844,702,161254
GPP,2845,702,161317
GPP,2846,702,161364
GPP,2847,702,161427
GPP,2848,702,161474
GPP,2849,702,161537
GPP,2850,702,161600
GPP,2851,702,161646
GPP,2852,702,161709
GPP,2853,702,161756
GPP,2854,702,161819
GPP,2855,702,161882
GPP,2856,702,161929
GPP,2857,702,161992
GPP,2858,702,162039
GPP,2859,702,162102
GPP,2860,702,162165
GPP,2861,702,162212
GPP,2862,702,162275
GPP,2863,702,162322
GPP,2864,702,162385
GPP,2865,702,162448
GPP,2866,702,162495
GPP,2867,702,162558
GPP,2868,702,162605
GPP,2869,702,162668
GPP,2870,702,162730
GPP,2871,702,162793
GPP,2872,702,162840
GPP,2873,702,162903
GPP,2874,702,162950
GPP,2875,702,163013
GPP,2876,702,163076
GPP,2877,702,163123
GPP,2878,702,163186
GPP,2879,702,163233
GPP,2880,702,163296
GPP,2881,702,163359
GPP,2882,702,163406
GPP,2883,702,163469
GPP,2884,702,163516
GPP,2885,702,163579
GPP,2886,702,163642
GPP,2887,702,163689
GPP,2888,702,163751
GPP,2889,702,163814
GPP,2890,702,163862
GPP,2891,702,163925
GPP,2892,702,163971
GPP,2893,702,164034
GPP,2894,702,164097
GPP,2895,702,164144
GPP,2896,702,164207
GPP,2897,702,164254
GPP,2898,702,164317
GPP,2899,702,164384
GPP,2900,702,164443
GPP,2901,702,164490
GPP,2902,702,164553
GPP,2903,702,164600
GPP,2904,702,164663
GPP,2905,702,164726
GPP,2906,702,164773
GPP,2907,702,164836
GPP,2908,702,164883
GPP,2909,702,164946
GPP,2910,702,165009
GPP,2911,702,165056
GPP,2912,702,165119
GPP,2913,702,165166
GPP,2914,702,165229
GPP,2915,702,165291
GPP,2916,702,165339
GPP,2917,702,165401
GPP,2918,702,165464
GPP,2919,702,165511
GPP,2920,702,165574
GPP,2921,702,165621
GPP,2922,702,165684
GPP,2923,702,165747
GPP,2924,702,165794
GPP,2925,702,165857
GPP,2926,702,165920
GPP,2927,702,165967
GPP,2928,702,166030
GPP,2929,702,166093
GPP,2930,702,166140
GPP,2931,702,166203
GPP,2932,702,166250
GPP,2933,702,166313
GPP,2934,702,166375
GPP,2935,702,166422
GPP,2936,702,166486
GPP,2937,702,166533
GPP,2938,702,166595
GPP,2939,702,166658
GPP,2940,702,166705
GPP,2941,702,166768
GPP,2942,702,166831
GPP,2943,702,166878
GPP,2944,702,166941
GPP,2945,702,166988
GPP,2946,702,167051
GPP,2947,702,167114
GPP,2948,702,167161
GPP,2949,702,167224
GPP,2950,702,167271
GPP,2951,702,167334
GPP,2952,702,167397
GPP,2953,702,167444
GPP,2954,702,167507
GPP,2955,702,167554
GPP,2956,702,167616
GPP,2957,702,167679
GPP,2958,702,167727
GPP,2959,702,167790
GPP,2960,702,167837
GPP,2961,702,167900
GPP,2962,702,167962
GPP,2963,702,168010
GPP,2964,702,168072
GPP,2965,702,168119
GPP,2966,702,168182
GPP,2967,702,168245
GPP,2968,702,168292
GPP,2969,702,168355
GPP,2970,702,168418
GPP,2971,702,168465
GPP,2972,702,168528
GPP,2973,702,168575
GPP,2974,702,168638
GPP,2975,702,168701
GPP,2976,702,168748
GPP,2977,702,168811
GPP,2978,702,168858
GPP,2979,702,168921
GPP,2980,702,168984
GPP,2981,702,169031
GPP,2982,702,169093
GPP,2983,702,169141
GPP,2984,702,169203
GPP,2985,702,169266
GPP,2986,702,169313
GPP,2987,702,169376
GPP,2988,702,169423
GPP,2989,702,169486
GPP,2990,702,169549
GPP,2991,702,169596
GPP,2992,702,169659
GPP,2993,702,169706
GPP,2994,702,169769
GPP,2995,702,169832
GPP,2996,702,169890
GPP,2997,702,169947
GPP,2998,702,170003
GPP,2999,702,170060
GPP,3000,702,170117
GPP,3001,702,170173
GPP,3002,702,170229
GPP,3003,702,170287
GPP,3004,702,170343
GPP,3005,702,170400
GPP,3006,702,170457
GPP,3007,702,170513
GPP,3008,702,170570
GPP,3009,702,170626
GPP,3010,702,170684
GPP,3011,702,170739
GPP,3012,702,170796
GPP,3013,702,170853
GPP,3014,702,170909
GPP,3015,702,170965
GPP,3016,702,171022
GPP,3017,702,171079
GPP,3018,702,171135
GPP,3019,702,171177
GPP,3020,702,171240
GPP,3021,702,171303
GPP,3022,702,171350
GPP,3023,702,171413
GPP,3024,702,171460
GPP,3025,702,171523
GPP,3026,702,171586
GPP,3027,702,171633
GPP,3028,702,171696
GPP,3029,702,171743
GPP,3030,702,171806
GPP,3031,702,171869
GPP,3032,702,171916
GPP,3033,702,171979
GPP,3034,702,172042
GPP,3035,702,172089
GPP,3036,702,172152
GPP,3037,702,172199
GPP,3038,702,172261
GPP,3039,702,172324
GPP,3040,702,172371
GPP,3041,702,172434
GPP,3042,702,172482
GPP,3043,702,172544
GPP,3044,702,172607
GPP,3045,702,172654
GPP,3046,702,172717
GPP,3047,702,172780
GPP,3048,702,172827
GPP,3049,702,172890
GPP,3050,702,172937
GPP,3051,702,173000
GPP,3052,702,173063
GPP,3053,702,173110
GPP,3054,702,173173
GPP,3055,702,173220
GPP,3056,702,173283
GPP,3057,702,173346
GPP,3058,702,173393
GPP,3059,702,173456
GPP,3060,702,173503
GPP,3061,702,173566
GPP,3062,702,173629
GPP,3063,702,173676
GPP,3064,702,173738
GPP,3065,702,173786
GPP,3066,702,173848
GPP,3067,702,173911
GPP,3068,702,173958
GPP,3069,702,174021
GPP,3070,702,174068
GPP,3071,702,174131
GPP,3072,702,174194
GPP,3073,702,174241
GPP,3074,702,174304
GPP,3075,702,174351
GPP,3076,702,174414
GPP,3077,702,174477
GPP,3078,702,174524
GPP,3079,702,174587
GPP,3080,702,174650
GPP,3081,702,174697
GPP,3082,702,174760
GPP,3083,702,174807
GPP,3084,702,174870
GPP,3085,702,174933
GPP,3086,702,174980
GPP,3087,702,175043
GPP,3088,702,175090
GPP,3089,702,175153
GPP,3090,702,175216
GPP,3091,702,175263
GPP,3092,702,175325
GPP,3093,702,175388
GPP,3094,702,175435
GPP,3095,702,175498
GPP,3096,702,175546
GPP,3097,702,175609
GPP,3098,702,175671
GPP,3099,702,175718
GPP,3100,702,175781
GPP,3101,702,175828
GPP,3102,702,175891
GPP,3103,702,175954
GPP,3104,702,176001
GPP,3105,702,176064
GPP,3106,702,176111
GPP,3107,702,176174
GPP,3108,702,176237
GPP,3109,702,176284
GPP,3110,702,176347
GPP,3111,702,176394
GPP,3112,702,176457
GPP,3113,702,176520
GPP,3114,702,176567
GPP,3115,702,176630
GPP,3116,702,176693
GPP,3117,702,176740
GPP,3118,702,176803
GPP,3119,702,176850
GPP,3120,702,176913
GPP,3121,702,176976
GPP,3122,702,177023
GPP,3123,702,177086
GPP,3124,702,177133
GPP,3125,702,177196
GPP,3126,702,177258
GPP,3127,702,177305
GPP,3128,702,177368
GPP,3129,702,177416
GPP,3130,702,177478
GPP,3131,702,177525
GPP,3132,702,177588
GPP,3133,702,177651
GPP,3134,702,177698
GPP,3135,702,177761
GPP,3136,702,177824
GPP,3137,702,177870
GPP,3138,702,177933
GPP,3139,702,177980
GPP,3140,702,178043
GPP,3141,702,178106
GPP,3142,702,178153
GPP,3143,702,178216
GPP,3144,702,178263
GPP,3145,702,178326
GPP,3146,702,178389
GPP,3147,702,178436
GPP,3148,702,178499
GPP,3149,702,178546
GPP,3150,702,178608
GPP,3151,702,178671
GPP,3152,702,178719
GPP,3153,702,178781
GPP,3154,702,178828
GPP,3155,702,178891
GPP,3156,702,178954
GPP,3157,702,179001
GPP,3158,702,179064
GPP,3159,702,179111
GPP,3160,702,179174
GPP,3161,702,179221
GPP,3162,702,179283
GPP,3163,702,179346
GPP,3164,702,179405
GPP,3165,702,179461
GPP,3166,702,179518
GPP,3167,702,179575
GPP,3168,702,179631
GPP,3169,702,179688
GPP,3170,702,179743
GPP,3171,702,179800
GPP,3172,702,179857
GPP,3173,702,179914
GPP,3174,702,179969
GPP,3175,702,180026
GPP,3176,702,180083
GPP,3177,702,180141
GPP,3178,702,180197
GPP,3179,702,180253
GPP,3180,702,180311
GPP,3181,702,180367
GPP,3182,702,180423
GPP,3183,702,180480
GPP,3184,702,180537
GPP,3185,702,180594
GPP,3186,702,180651
GPP,3187,702,180701
GPP,3188,702,180764
GPP,3189,702,180811
GPP,3190,702,180874
GPP,3191,702,180921
GPP,3192,702,180984
GPP,3193,702,181047
GPP,3194,702,181094
GPP,3195,702,181157
GPP,3196,702,181204
GPP,3197,702,181267
GPP,3198,702,181330
GPP,3199,702,181377
GPP,3200,702,181439
GPP,3201,702,181502
GPP,3202,702,181550
GPP,3203,702,181612
GPP,3204,702,181659
GPP,3205,702,181722
GPP,3206,702,181785
GPP,3207,702,181832
GPP,3208,702,181895
GPP,3209,702,181943
GPP,3210,702,182005
GPP,3211,702,182068
GPP,3212,702,182123
GPP,3213,702,182178
GPP,3214,702,182225
GPP,3215,702,182288
GPP,3216,702,182351
GPP,3217,702,182398
GPP,3218,702,182461
GPP,3219,702,182524
GPP,3220,702,182571
GPP,3221,702,182633
GPP,3222,702,182680
GPP,3223,702,182743
GPP,3224,702,182806
GPP,3225,702,182853
GPP,3226,702,182916
GPP,3227,702,182963
GPP,3228,702,183026
GPP,3229,702,183089
GPP,3230,702,183136
GPP,3231,702,183199
GPP,3232,702,183246
GPP,3233,702,183309
GPP,3234,702,183372
GPP,3235,702,183419
GPP,3236,702,183489
GPP,3237,702,183545
GPP,3238,702,183592
GPP,3239,702,183654
GPP,3240,702,183702
GPP,3241,702,183764
GPP,3242,702,183827
GPP,3243,702,183874
GPP,3244,702,183937
GPP,3245,702,183984
GPP,3246,702,184047
GPP,3247,702,184110
GPP,3248,702,184157
GPP,3249,702,184220
GPP,3250,702,184283
GPP,3251,702,184330
GPP,3252,702,184393
GPP,3253,702,184455
GPP,3254,702,184502
GPP,3255,702,184565
GPP,3256,702,184628
GPP,3257,702,184675
GPP,3258,702,184738
GPP,3259,702,184785
GPP,3260,702,184856
GPP,3261,702,184911
GPP,3262,702,184958
GPP,3263,702,185021
GPP,3264,702,185084
GPP,3265,702,185133
GPP,3266,702,185194
GPP,3267,702,185241
GPP,3268,702,185304
GPP,3269,702,185367
GPP,3270,702,185414
GPP,3271,702,185477
GPP,3272,702,185524
GPP,3273,702,185586
GPP,3274,702,185649
GPP,3275,702,185696
GPP,3276,702,185759
GPP,3277,702,185807
GPP,3278,702,185869
GPP,3279,702,185932
GPP,3280,702,185979
GPP,3281,702,186042
GPP,3282,702,186096
GPP,3283,702,186152
GPP,3284,702,186217
GPP,3285,702,186262
GPP,3286,702,186325
GPP,3287,702,186388
GPP,3288,702,186435
GPP,3289,702,186497
GPP,3290,702,186544
GPP,3291,702,186607
GPP,3292,702,186670
GPP,3293,702,186717
GPP,3294,702,186780
GPP,3295,702,186827
GPP,3296,702,186890
GPP,3297,702,186953
GPP,3298,702,187000
GPP,3299,702,187063
GPP,3300,702,187110
GPP,3301,702,187173
GPP,3302,702,187235
GPP,3303,702,187283
GPP,3304,702,187346
GPP,3305,702,187393
GPP,3306,702,187462
GPP,3307,702,187519
GPP,3308,702,187574
GPP,3309,702,187629
GPP,3310,702,187676
GPP,3311,702,187739
GPP,3312,702,187802
GPP,3313,702,187849
GPP,3314,702,187912
GPP,3315,702,187959
GPP,3316,702,188022
GPP,3317,702,188085
GPP,3318,702,188134
GPP,3319,702,188195
GPP,3320,702,188242
GPP,3321,702,188305
GPP,3322,702,188367
GPP,3323,702,188414
GPP,3324,702,188477
GPP,3325,702,188524
GPP,3326,702,188587
GPP,3327,702,188650
GPP,3328,702,188697
GPP,3329,702,188760
GPP,3330,702,188812
GPP,3331,702,188870
GPP,3332,702,188933
GPP,3333,702,188980
GPP,3334,702,189043
GPP,3335,702,189090
GPP,3336,702,189153
GPP,3337,702,189216
GPP,3338,702,189263
GPP,3339,702,189326
GPP,3340,702,189373
GPP,3341,702,189436
GPP,3342,702,189499
GPP,3343,702,189546
GPP,3344,702,189609
GPP,3345,702,189656
GPP,3346,702,189719
GPP,3347,702,189782
GPP,3348,702,189829
GPP,3349,702,189892
GPP,3350,702,189939
GPP,3351,702,190002
GPP,3352,702,190065
GPP,3353,702,190112
GPP,3354,702,190175
GPP,3355,702,190222
GPP,3356,702,190285
GPP,3357,702,190348
GPP,3358,702,190395
GPP,3359,702,190457
GPP,3360,702,190520
GPP,3361,702,190567
GPP,3362,702,190630
GPP,3363,702,190677
GPP,3364,702,190747
GPP,3365,702,190803
GPP,3366,702,190850
GPP,3367,702,190913
GPP,3368,702,190960
GPP,3369,702,191023
GPP,3370,702,191086
GPP,3371,702,191133
GPP,3372,702,191195
GPP,3373,702,191243
GPP,3374,702,191305
GPP,3375,702,191368
GPP,3376,702,191415
GPP,3377,702,191478
GPP,3378,702,191541
GPP,3379,702,191588
GPP,3380,702,191651
GPP,3381,702,191698
GPP,3382,702,191761
GPP,3383,702,191824
GPP,3384,702,191871
GPP,3385,702,191934
GPP,3386,702,191997
GPP,3387,702,192044
GPP,3388,702,192107
GPP,3389,702,192154
GPP,3390,702,192217
GPP,3391,702,192280
GPP,3392,702,192327
GPP,3393,702,192390
GPP,3394,702,192437
GPP,3395,702,192500
GPP,3396,702,192547
GPP,3397,702,192610
GPP,3398,702,192673
GPP,3399,702,192720
GPP,3400,702,192783
GPP,3401,702,192830
GPP,3402,702,192893
GPP,3403,702,192956
GPP,3404,702,193003
GPP,3405,702,193065
GPP,3406,702,193113
GPP,3407,702,193175
GPP,3408,702,193238
GPP,3409,702,193285
GPP,3410,702,193348
GPP,3411,702,193395
GPP,3412,702,193458
GPP,3413,702,193521
GPP,3414,702,193568
GPP,3415,702,193631
GPP,3416,702,193678
GPP,3417,702,193740
GPP,3418,702,193803
GPP,3419,702,193850
GPP,3420,702,193913
GPP,3421,702,193960
GPP,3422,702,194023
GPP,3423,702,194086
GPP,3424,702,194133
GPP,3425,702,194196
GPP,3426,702,194246
GPP,3427,702,194307
GPP,3428,702,194369
GPP,3429,702,194416
GPP,3430,702,194479
GPP,3431,702,194526
GPP,3432,702,194589
GPP,3433,702,194651
GPP,3434,702,194698
GPP,3435,702,194761
GPP,3436,702,194824
GPP,3437,702,194871
GPP,3438,702,194933
GPP,3439,702,194980
GPP,3440,702,195043
GPP,3441,702,195106
GPP,3442,702,195153
GPP,3443,702,195215
GPP,3444,702,195278
GPP,3445,702,195325
GPP,3446,702,195388
GPP,3447,702,195450
GPP,3448,702,195497
GPP,3449,702,195560
GPP,3450,702,195612
GPP,3451,702,195670
GPP,3452,702,195733
GPP,3453,702,195780
GPP,3454,702,195843
GPP,3455,702,195890
GPP,3456,702,195953
GPP,3457,702,196016
GPP,3458,702,196063
GPP,3459,702,196126
GPP,3460,702,196173
GPP,3461,702,196235
GPP,3462,702,196298
GPP,3463,702,196345
GPP,3464,702,196408
GPP,3465,702,196455
GPP,3466,702,196517
GPP,3467,702,196580
GPP,3468,702,196627
GPP,3469,702,196690
GPP,3470,702,196737
GPP,3471,702,196800
GPP,3472,702,196862
GPP,3473,702,196909
GPP,3474,702,196972
GPP,3475,702,197035
GPP,3476,702,197082
GPP,3477,702,197145
GPP,3478,702,197192
GPP,3479,702,197255
GPP,3480,702,197317
GPP,3481,702,197364
GPP,3482,702,197427
GPP,3483,702,197474
GPP,3484,702,197537
GPP,3485,702,197599
GPP,3486,702,197646
GPP,3487,702,197709
GPP,3488,702,197772
GPP,3489,702,197819
GPP,3490,702,197882
GPP,3491,702,197929
GPP,3492,702,197992
GPP,3493,702,198054
GPP,3494,702,198102
GPP,3495,702,198164
GPP,3496,702,198211
GPP,3497,702,198274
GPP,3498,702,198337
GPP,3499,702,198384
GPP,3500,702,198446
GPP,3501,702,198494
GPP,3502,702,198556
GPP,3503,702,198619
GPP,3504,702,198666
GPP,3505,702,198729
GPP,3506,702,198776
GPP,3507,702,198838
GPP,3508,702,198901
GPP,3509,702,198948
GPP,3510,702,199011
GPP,3511,702,199058
GPP,3512,702,199120
GPP,3513,702,199183
GPP,3514,702,199230
GPP,3515,702,199293
GPP,3516,702,199355
GPP,3517,702,199402
GPP,3518,702,199465
GPP,3519,702,199512
GPP,3520,702,199575
GPP,3521,702,199637
GPP,3522,702,199684
GPP,3523,702,199747
GPP,3524,702,199810
GPP,3525,702,199857
GPP,3526,702,199920
GPP,3527,702,199967
GPP,3528,702,200029
GPP,3529,702,200092
GPP,3530,702,200139
GPP,3531,702,200202
GPP,3532,702,200265
GPP,3533,702,200312
GPP,3534,702,200374
GPP,3535,702,200437
GPP,3536,702,200484
GPP,3537,702,200547
GPP,3538,702,200594
GPP,3539,702,200656
GPP,3540,702,200719
GPP,3541,702,200766
GPP,3542,702,200829
GPP,3543,702,200891
GPP,3544,702,200938
GPP,3545,702,201001
GPP,3546,702,201048
GPP,3547,702,201111
GPP,3548,702,201174
GPP,3549,702,201221
GPP,3550,702,201284
GPP,3551,702,201347
GPP,3552,702,201394
GPP,3553,702,201457
GPP,3554,702,201519
GPP,3555,702,201567
GPP,3556,702,201629
GPP,3557,702,201677
GPP,3558,702,201740
GPP,3559,702,201802
GPP,3560,702,201849
GPP,3561,702,201912
GPP,3562,702,201959
GPP,3563,702,202022
GPP,3564,702,202085
GPP,3565,702,202132
GPP,3566,702,202195
GPP,3567,702,202258
GPP,3568,702,202305
GPP,3569,702,202368
GPP,3570,702,202415
GPP,3571,702,202478
GPP,3572,702,202541
GPP,3573,702,202588
GPP,3574,702,202651
GPP,3575,702,202698
GPP,3576,702,202761
GPP,3577,702,202823
GPP,3578,702,202871
GPP,3579,702,202933
GPP,3580,702,202981
GPP,3581,702,203044
GPP,3582,702,203106
GPP,3583,702,203153
GPP,3584,702,203216
GPP,3585,702,203263
GPP,3586,702,203326
GPP,3587,702,203389
GPP,3588,702,203436
GPP,3589,702,203499
GPP,3590,702,203561
GPP,3591,702,203609
GPP,3592,702,203671
GPP,3593,702,203734
GPP,3594,702,203781
GPP,3595,702,203846
GPP,3596,702,203891
GPP,3597,702,203954
GPP,3598,702,204017
GPP,3599,702,204064
GPP,3600,702,204126
GPP,3601,702,204174
GPP,3602,702,204237
GPP,3603,702,204299
GPP,3604,702,204347
GPP,3605,702,204410
GPP,3606,702,204457
GPP,3607,702,204520
GPP,3608,702,204583
GPP,3609,702,204630
GPP,3610,702,204693
GPP,3611,702,204740
GPP,3612,702,204803
GPP,3613,702,204865
GPP,3614,702,204912
GPP,3615,702,204975
GPP,3616,702,205038
GPP,3617,702,205085
GPP,3618,702,205148
GPP,3619,702,205195
GPP,3620,702,205258
GPP,3621,702,205321
GPP,3622,702,205384
GPP,3623,702,205431
GPP,3624,702,205493
GPP,3625,702,205541
GPP,3626,702,205604
GPP,3627,702,205666
GPP,3628,702,205713
GPP,3629,702,205776
GPP,3630,702,205823
GPP,3631,702,205886
GPP,3632,702,205948
GPP,3633,702,205995
GPP,3634,702,206058
GPP,3635,702,206105
GPP,3636,702,206168
GPP,3637,702,206231
GPP,3638,702,206278
GPP,3639,702,206340
GPP,3640,702,206388
GPP,3641,702,206450
GPP,3642,702,206513
GPP,3643,702,206560
GPP,3644,702,206623
GPP,3645,702,206670
GPP,3646,702,206733
GPP,3647,702,206796
GPP,3648,702,206843
GPP,3649,702,206905
GPP,3650,702,206952
GPP,3651,702,207015
GPP,3652,702,207078
GPP,3653,702,207125
GPP,3654,702,207188
GPP,3655,702,207235
GPP,3656,702,207298
GPP,3657,702,207361
GPP,3658,702,207408
GPP,3659,702,207471
GPP,3660,702,207518
GPP,3661,702,207581
GPP,3662,702,207644
GPP,3663,702,207691
GPP,3664,702,207754
GPP,3665,702,207801
GPP,3666,702,207864
GPP,3667,702,207926
GPP,3668,702,207986
GPP,3669,702,208043
GPP,3670,702,208100
GPP,3671,702,208157
GPP,3672,702,208213
GPP,3673,702,208270
GPP,3674,702,208326
GPP,3675,702,208382
GPP,3676,702,208440
GPP,3677,702,208496
GPP,3678,702,208555
GPP,3679,702,208612
GPP,3680,702,208666
GPP,3681,702,208726
GPP,3682,702,208782
GPP,3683,702,208838
GPP,3684,702,208895
GPP,3685,702,208953
GPP,3686,702,209009
GPP,3687,702,209066
GPP,3688,702,209122
GPP,3689,702,209179
GPP,3690,702,209236
GPP,3691,702,209292
GPP,3692,702,209349
GPP,3693,702,209406
GPP,3694,702,209463
GPP,3695,702,209519
GPP,3696,702,209576
GPP,3697,702,209633
GPP,3698,702,209688
GPP,3699,702,209744
GPP,3700,702,209801
GPP,3701,702,209859
GPP,3702,702,209914
GPP,3703,702,209971
GPP,3704,702,210028
GPP,3705,702,210085
GPP,3706,702,210141
GPP,3707,702,210197
GPP,3708,702,210253
GPP,3709,702,210311
GPP,3710,702,210368
GPP,3711,702,210423
GPP,3712,702,210470
GPP,3713,702,210533
GPP,3714,702,210580
GPP,3715,702,210643
GPP,3716,702,210707
GPP,3717,702,210765
GPP,3718,702,210820
GPP,3719,702,210878
GPP,3720,702,210933
GPP,3721,702,210991
GPP,3722,702,211047
GPP,3723,702,211104
GPP,3724,702,211161
GPP,3725,702,211218
GPP,3726,702,211274
GPP,3727,702,211330
GPP,3728,702,211387
GPP,3729,702,211445
GPP,3730,702,211500
GPP,3731,702,211558
GPP,3732,702,211613
GPP,3733,702,211671
GPP,3734,702,211727
GPP,3735,702,211783
GPP,3736,702,211840
GPP,3737,702,211897
GPP,3738,702,211953
GPP,3739,702,212000
GPP,3740,702,212067
GPP,3741,702,212124
GPP,3742,702,212181
GPP,3743,702,212237
GPP,3744,702,212284
GPP,3745,702,212347
GPP,3746,702,212410
GPP,3747,702,212457
GPP,3748,702,212519
GPP,3749,702,212566
GPP,3750,702,212629
GPP,3751,702,212692
GPP,3752,702,212739
GPP,3753,702,212801
GPP,3754,702,212848
GPP,3755,702,212911
GPP,3756,702,212974
GPP,3757,702,213021
GPP,3758,702,213084
GPP,3759,702,213131
GPP,3760,702,213193
GPP,3761,702,213256
GPP,3762,702,213303
GPP,3763,702,213365
GPP,3764,702,213428
GPP,3765,702,213483
GPP,3766,702,213538
GPP,3767,702,213585
GPP,3768,702,213648
GPP,3769,702,213711
GPP,3770,702,213758
GPP,3771,702,213821
GPP,3772,702,213868
GPP,3773,702,213931
GPP,3774,702,213978
GPP,3775,702,214041
GPP,3776,702,214104
GPP,3777,702,214151
GPP,3778,702,214214
GPP,3779,702,214276
GPP,3780,702,214323
GPP,3781,702,214386
GPP,3782,702,214433
GPP,3783,702,214496
GPP,3784,702,214558
GPP,3785,702,214605
GPP,3786,702,214668
GPP,3787,702,214715
GPP,3788,702,214777
GPP,3789,702,214843
GPP,3790,702,214887
GPP,3791,702,214950
GPP,3792,702,214997
GPP,3793,702,215060
GPP,3794,702,215123
GPP,3795,702,215170
GPP,3796,702,215233
GPP,3797,702,215296
GPP,3798,702,215343
GPP,3799,702,215405
GPP,3800,702,215452
GPP,3801,702,215515
GPP,3802,702,215578
GPP,3803,702,215625
GPP,3804,702,215688
GPP,3805,702,215735
GPP,3806,702,215798
GPP,3807,702,215861
GPP,3808,702,215908
GPP,3809,702,215971
GPP,3810,702,216018
GPP,3811,702,216081
GPP,3812,702,216144
GPP,3813,702,216191
GPP,3814,702,216253
GPP,3815,702,216300
GPP,3816,702,216363
GPP,3817,702,216426
GPP,3818,702,216473
GPP,3819,702,216536
GPP,3820,702,216583
GPP,3821,702,216646
GPP,3822,702,216709
GPP,3823,702,216756
GPP,3824,702,216819
GPP,3825,702,216866
GPP,3826,702,216929
GPP,3827,702,216992
GPP,3828,702,217039
GPP,3829,702,217102
GPP,3830,702,217149
GPP,3831,702,217212
GPP,3832,702,217275
GPP,3833,702,217322
GPP,3834,702,217384
GPP,3835,702,217447
GPP,3836,702,217495
GPP,3837,702,217561
GPP,3838,702,217605
GPP,3839,702,217667
GPP,3840,702,217730
GPP,3841,702,217777
GPP,3842,702,217840
GPP,3843,702,217887
GPP,3844,702,217950
GPP,3845,702,218013
GPP,3846,702,218060
GPP,3847,702,218127
GPP,3848,702,218170
GPP,3849,702,218233
GPP,3850,702,218296
GPP,3851,702,218343
GPP,3852,702,218406
GPP,3853,702,218453
GPP,3854,702,218516
GPP,3855,702,218579
GPP,3856,702,218626
GPP,3857,702,218689
GPP,3858,702,218736
GPP,3859,702,218799
GPP,3860,702,218861
GPP,3861,702,218909
GPP,3862,702,218971
GPP,3863,702,219019
GPP,3864,702,219081
GPP,3865,702,219144
GPP,3866,702,219191
GPP,3867,702,219254
GPP,3868,702,219316
GPP,3869,702,219364
GPP,3870,702,219426
GPP,3871,702,219489
GPP,3872,702,219536
GPP,3873,702,219599
GPP,3874,702,219646
GPP,3875,702,219709
GPP,3876,702,219772
GPP,3877,702,219819
GPP,3878,702,219882
GPP,3879,702,219929
GPP,3880,702,219992
GPP,3881,702,220055
GPP,3882,702,220102
GPP,3883,702,220165
GPP,3884,702,220213
GPP,3885,702,220278
GPP,3886,702,220339
GPP,3887,702,220386
GPP,3888,702,220448
GPP,3889,702,220511
GPP,3890,702,220558
GPP,3891,702,220621
GPP,3892,702,220684
GPP,3893,702,220731
GPP,3894,702,220794
GPP,3895,702,220841
GPP,3896,702,220904
GPP,3897,702,220967
GPP,3898,702,221014
GPP,3899,702,221077
GPP,3900,702,221124
GPP,3901,702,221187
GPP,3902,702,221250
GPP,3903,702,221297
GPP,3904,702,221359
GPP,3905,702,221414
GPP,3906,702,221470
GPP,3907,702,221532
GPP,3908,702,221579
GPP,3909,702,221642
GPP,3910,702,221705
GPP,3911,702,221752
GPP,3912,702,221815
GPP,3913,702,221862
GPP,3914,702,221925
GPP,3915,702,221988
GPP,3916,702,222035
GPP,3917,702,222098
GPP,3918,702,222146
GPP,3919,702,222209
GPP,3920,702,222271
GPP,3921,702,222318
GPP,3922,702,222387
GPP,3923,702,222446
GPP,3924,702,222501
GPP,3925,702,222559
GPP,3926,702,222616
GPP,3927,702,222673
GPP,3928,702,222728
GPP,3929,702,222785
GPP,3930,702,222842
GPP,3931,702,222900
GPP,3932,702,222956
GPP,3933,702,223014
GPP,3934,702,223071
GPP,3935,702,223128
GPP,3936,702,223185
GPP,3937,702,223241
GPP,3938,702,223299
GPP,3939,702,223355
GPP,3940,702,223412
GPP,3941,702,223468
GPP,3942,702,223525
GPP,3943,702,223582
GPP,3944,702,223638
GPP,3945,702,223695
GPP,3946,702,223752
GPP,3947,702,223808
GPP,3948,702,223866
GPP,3949,702,223923
GPP,3950,702,223979
GPP,3951,702,224036
GPP,3952,702,224083
GPP,3953,702,224146
GPP,3954,702,224193
GPP,3955,702,224256
GPP,3956,702,224318
GPP,3957,702,224365
GPP,3958,702,224428
GPP,3959,702,224491
GPP,3960,702,224538
GPP,3961,702,224601
GPP,3962,702,224648
GPP,3963,702,224711
GPP,3964,702,224774
GPP,3965,702,224821
GPP,3966,702,224884
GPP,3967,702,224931
GPP,3968,702,224994
GPP,3969,702,225057
GPP,3970,702,225104
GPP,3971,702,225167
GPP,3972,702,225214
GPP,3973,702,225277
GPP,3974,702,225340
GPP,3975,702,225387
GPP,3976,702,225450
GPP,3977,702,225512
GPP,3978,702,225560
GPP,3979,702,225622
GPP,3980,702,225669
GPP,3981,702,225732
GPP,3982,702,225795
GPP,3983,702,225842
GPP,3984,702,225905
GPP,3985,702,225952
GPP,3986,702,226015
GPP,3987,702,226078
GPP,3988,702,226125
GPP,3989,702,226188
GPP,3990,702,226251
GPP,3991,702,226298
GPP,3992,702,226360
GPP,3993,702,226408
GPP,3994,702,226470
GPP,3995,702,226533
GPP,3996,702,226580
GPP,3997,702,226643
GPP,3998,702,226706
GPP,3999,702,226752
GPP,4000,702,226815
GPP,4001,702,226862
GPP,4002,702,226925
GPP,4003,702,226988
GPP,4004,702,227035
GPP,4005,702,227098
GPP,4006,702,227145
GPP,4007,702,227208
GPP,4008,702,227271
GPP,4009,702,227318
GPP,4010,702,227381
GPP,4011,702,227428
GPP,4012,702,227491
GPP,4013,702,227553
GPP,4014,702,227600
GPP,4015,702,227663
GPP,4016,702,227726
GPP,4017,702,227773
GPP,4018,702,227836
GPP,4019,702,227883
GPP,4020,702,227946
GPP,4021,702,228009
GPP,4022,702,228056
GPP,4023,702,228119
GPP,4024,702,228166
GPP,4025,702,228229
GPP,4026,702,228292
GPP,4027,702,228339
GPP,4028,702,228402
GPP,4029,702,228449
GPP,4030,702,228512
GPP,4031,702,228575
GPP,4032,702,228622
GPP,4033,702,228685
GPP,4034,702,228748
GPP,4035,702,228795
GPP,4036,702,228858
GPP,4037,702,228905
GPP,4038,702,228967
GPP,4039,702,229030
GPP,4040,702,229085
GPP,4041,702,229143
GPP,4042,702,229200
GPP,4043,702,229256
GPP,4044,702,229312
GPP,4045,702,229369
GPP,4046,702,229427
GPP,4047,702,229483
GPP,4048,702,229539
GPP,4049,702,229595
GPP,4050,702,229652
GPP,4051,702,229709
GPP,4052,702,229765
GPP,4053,702,229820
GPP,4054,702,229875
GPP,4055,702,229932
GPP,4056,702,229980
GPP,4057,702,230042
GPP,4058,702,230105
GPP,4059,702,230152
GPP,4060,702,230215
GPP,4061,702,230262
GPP,4062,702,230325
GPP,4063,702,230372
GPP,4064,702,230435
GPP,4065,702,230498
GPP,4066,702,230545
GPP,4067,702,230608
GPP,4068,702,230655
GPP,4069,702,230718
GPP,4070,702,230781
GPP,4071,702,230828
GPP,4072,702,230890
GPP,4073,702,230938
GPP,4074,702,231000
GPP,4075,702,231063
GPP,4076,702,231110
GPP,4077,702,231173
GPP,4078,702,231220
GPP,4079,702,231283
GPP,4080,702,231346
GPP,4081,702,231393
GPP,4082,702,231459
GPP,4083,702,231517
GPP,4084,702,231573
GPP,4085,702,231629
GPP,4086,702,231685
GPP,4087,702,231742
GPP,4088,702,231799
GPP,4089,702,231855
GPP,4090,702,231913
GPP,4091,702,231969
GPP,4092,702,232024
GPP,4093,702,232083
GPP,4094,702,232139
GPP,4095,702,232195
GPP,4096,702,232252
GPP,4097,702,232308
GPP,4098,702,232365
GPP,4099,702,232419
GPP,4100,702,232482
GPP,4101,702,232529
GPP,4102,702,232592
GPP,4103,702,232655
GPP,4104,702,232702
GPP,4105,702,232765
GPP,4106,702,232812
GPP,4107,702,232875
GPP,4108,702,232938
GPP,4109,702,232985
GPP,4110,702,233048
GPP,4111,702,233095
GPP,4112,702,233158
GPP,4113,702,233221
GPP,4114,702,233268
GPP,4115,702,233330
GPP,4116,702,233393
GPP,4117,702,233440
GPP,4118,702,233503
GPP,4119,702,233550
GPP,4120,702,233614
GPP,4121,702,233676
GPP,4122,702,233724
GPP,4123,702,233787
GPP,4124,702,233834
GPP,4125,702,233897
GPP,4126,702,233959
GPP,4127,702,234006
GPP,4128,702,234069
GPP,4129,702,234132
GPP,4130,702,234179
GPP,4131,702,234242
GPP,4132,702,234289
GPP,4133,702,234352
GPP,4134,702,234415
GPP,4135,702,234462
GPP,4136,702,234525
GPP,4137,702,234572
GPP,4138,702,234635
GPP,4139,702,234698
GPP,4140,702,234745
GPP,4141,702,234808
GPP,4142,702,234855
GPP,4143,702,234918
GPP,4144,702,234981
GPP,4145,702,235028
GPP,4146,702,235091
GPP,4147,702,235138
GPP,4148,702,235201
GPP,4149,702,235264
GPP,4150,702,235311
GPP,4151,702,235374
GPP,4152,702,235421
GPP,4153,702,235484
GPP,4154,702,235546
GPP,4155,702,235603
GPP,4156,702,235661
GPP,4157,702,235717
GPP,4158,702,235774
GPP,4159,702,235830
GPP,4160,702,235887
GPP,4161,702,235943
GPP,4162,702,235999
GPP,4163,702,236055
GPP,4164,702,236111
GPP,4165,702,236169
GPP,4166,702,236225
GPP,4167,702,236282
GPP,4168,702,236340
GPP,4169,702,236395
GPP,4170,702,236452
GPP,4171,702,236509
GPP,4172,702,236565
GPP,4173,702,236621
GPP,4174,702,236677
GPP,4175,702,236735
GPP,4176,702,236782
GPP,4177,702,236845
GPP,4178,702,236893
GPP,4179,702,236955
GPP,4180,702,237018
GPP,4181,702,237065
GPP,4182,702,237128
GPP,4183,702,237175
GPP,4184,702,237238
GPP,4185,702,237301
GPP,4186,702,237348
GPP,4187,702,237411
GPP,4188,702,237458
GPP,4189,702,237521
GPP,4190,702,237584
GPP,4191,702,237631
GPP,4192,702,237694
GPP,4193,702,237741
GPP,4194,702,237804
GPP,4195,702,237867
GPP,4196,702,237914
GPP,4197,702,237977
GPP,4198,702,238024
GPP,4199,702,238087
GPP,4200,702,238149
GPP,4201,702,238197
GPP,4202,702,238259
GPP,4203,702,238306
GPP,4204,702,238369
GPP,4205,702,238432
GPP,4206,702,238479
GPP,4207,702,238542
GPP,4208,702,238589
GPP,4209,702,238652
GPP,4210,702,238715
GPP,4211,702,238762
GPP,4212,702,238825
GPP,4213,702,238872
GPP,4214,702,238935
GPP,4215,702,238998
GPP,4216,702,239044
GPP,4217,702,239107
GPP,4218,702,239155
GPP,4219,702,239217
GPP,4220,702,239280
GPP,4221,702,239327
GPP,4222,702,239390
GPP,4223,702,239453
GPP,4224,702,239500
GPP,4225,702,239563
GPP,4226,702,239610
GPP,4227,702,239673
GPP,4228,702,239736
GPP,4229,702,239783
GPP,4230,702,239846
GPP,4231,702,239893
GPP,4232,702,239956
GPP,4233,702,240004
GPP,4234,702,240066
GPP,4235,702,240129
GPP,4236,702,240176
GPP,4237,702,240239
GPP,4238,702,240302
GPP,4239,702,240349
GPP,4240,702,240412
GPP,4241,702,240459
GPP,4242,702,240522
GPP,4243,702,240585
GPP,4244,702,240632
GPP,4245,702,240695
GPP,4246,702,240750
GPP,4247,702,240804
GPP,4248,702,240867
GPP,4249,702,240914
GPP,4250,702,240977
GPP,4251,702,241024
GPP,4252,702,241087
GPP,4253,702,241150
GPP,4254,702,241197
GPP,4255,702,241260
GPP,4256,702,241307
GPP,4257,702,241370
GPP,4258,702,241433
GPP,4259,702,241480
GPP,4260,702,241542
GPP,4261,702,241590
GPP,4262,702,241652
GPP,4263,702,241715
GPP,4264,702,241762
GPP,4265,702,241825
GPP,4266,702,241872
GPP,4267,702,241935
GPP,4268,702,241997
GPP,4269,702,242044
GPP,4270,702,242107
GPP,4271,702,242155
GPP,4272,702,242217
GPP,4273,702,242280
GPP,4274,702,242327
GPP,4275,702,242390
GPP,4276,702,242438
GPP,4277,702,242500
GPP,4278,702,242563
GPP,4279,702,242611
GPP,4280,702,242673
GPP,4281,702,242721
GPP,4282,702,242783
GPP,4283,702,242846
GPP,4284,702,242893
GPP,4285,702,242956
GPP,4286,702,243003
GPP,4287,702,243066
GPP,4288,702,243129
GPP,4289,702,243176
GPP,4290,702,243239
GPP,4291,702,243286
GPP,4292,702,243349
GPP,4293,702,243412
GPP,4294,702,243467
GPP,4295,702,243522
GPP,4296,702,243569
GPP,4297,702,243632
GPP,4298,702,243680
GPP,4299,702,243742
GPP,4300,702,243805
GPP,4301,702,243852
GPP,4302,702,243915
GPP,4303,702,243962
GPP,4304,702,244025
GPP,4305,702,244087
GPP,4306,702,244134
GPP,4307,702,244197
GPP,4308,702,244245
GPP,4309,702,244307
GPP,4310,702,244370
GPP,4311,702,244417
GPP,4312,702,244480
GPP,4313,702,244527
GPP,4314,702,244589
GPP,4315,702,244652
GPP,4316,702,244699
GPP,4317,702,244762
GPP,4318,702,244825
GPP,4319,702,244872
GPP,4320,702,244935
GPP,4321,702,244982
GPP,4322,702,245045
GPP,4323,702,245108
GPP,4324,702,245155
GPP,4325,702,245217
GPP,4326,702,245280
GPP,4327,702,245327
GPP,4328,702,245390
GPP,4329,702,245437
GPP,4330,702,245500
GPP,4331,702,245562
GPP,4332,702,245610
GPP,4333,702,245672
GPP,4334,702,245720
GPP,4335,702,245782
GPP,4336,702,245845
GPP,4337,702,245892
GPP,4338,702,245955
GPP,4339,702,246002
GPP,4340,702,246065
GPP,4341,702,246128
GPP,4342,702,246175
GPP,4343,702,246237
GPP,4344,702,246285
GPP,4345,702,246348
GPP,4346,702,246413
GPP,4347,702,246469
GPP,4348,702,246525
GPP,4349,702,246581
GPP,4350,702,246639
GPP,4351,702,246695
GPP,4352,702,246752
GPP,4353,702,246808
GPP,4354,702,246865
GPP,4355,702,246923
GPP,4356,702,246979
GPP,4357,702,247036
GPP,4358,702,247092
GPP,4359,702,247149
GPP,4360,702,247207
GPP,4361,702,247263
GPP,4362,702,247312
GPP,4363,702,247374
GPP,4364,702,247438
GPP,4365,702,247494
GPP,4366,702,247551
GPP,4367,702,247607
GPP,4368,702,247664
GPP,4369,702,247713
GPP,4370,702,247770
GPP,4371,702,247833
GPP,4372,702,247881
GPP,4373,702,247944
GPP,4374,702,247991
GPP,4375,702,248054
GPP,4376,702,248117
GPP,4377,702,248164
GPP,4378,702,248227
GPP,4379,702,248274
GPP,4380,702,248337
GPP,4381,702,248400
GPP,4382,702,248447
GPP,4383,702,248509
GPP,4384,702,248572
GPP,4385,702,248619
GPP,4386,702,248682
GPP,4387,702,248729
GPP,4388,702,248792
GPP,4389,702,248855
GPP,4390,702,248902
GPP,4391,702,248965
GPP,4392,702,249012
GPP,4393,702,249074
GPP,4394,702,249137
GPP,4395,702,249185
GPP,4396,702,249247
GPP,4397,702,249310
GPP,4398,702,249357
GPP,4399,702,249420
GPP,4400,702,249467
GPP,4401,702,249530
GPP,4402,702,249593
GPP,4403,702,249640
GPP,4404,702,249703
GPP,4405,702,249750
GPP,4406,702,249813
GPP,4407,702,249876
GPP,4408,702,249923
GPP,4409,702,249986
GPP,4410,702,250033
GPP,4411,702,250096
GPP,4412,702,250159
GPP,4413,702,250206
GPP,4414,702,250269
GPP,4415,702,250316
GPP,4416,702,250379
GPP,4417,702,250441
GPP,4418,702,250488
GPP,4419,702,250551
GPP,4420,702,250598
GPP,4421,702,250661
GPP,4422,702,250724
GPP,4423,702,250771
GPP,4424,702,250834
GPP,4425,702,250881
GPP,4426,702,250944
GPP,4427,702,251007
GPP,4428,702,251054
GPP,4429,702,251117
GPP,4430,702,251180
GPP,4431,702,251227
GPP,4432,702,251290
GPP,4433,702,251337
GPP,4434,702,251399
GPP,4435,702,251462
GPP,4436,702,251509
GPP,4437,702,251572
GPP,4438,702,251635
GPP,4439,702,251682
GPP,4440,702,251744
GPP,4441,702,251791
GPP,4442,702,251854
GPP,4443,702,251917
GPP,4444,702,251965
GPP,4445,702,252027
GPP,4446,702,252074
GPP,4447,702,252137
GPP,4448,702,252200
GPP,4449,702,252247
GPP,4450,702,252310
GPP,4451,702,252357
GPP,4452,702,252420
GPP,4453,702,252483
GPP,4454,702,252530
GPP,4455,702,252593
GPP,4456,702,252657
GPP,4457,702,252713
GPP,4458,702,252770
GPP,4459,702,252826
GPP,4460,702,252882
GPP,4461,702,252940
GPP,4462,702,252996
GPP,4463,702,253052
GPP,4464,702,253110
GPP,4465,702,253166
GPP,4466,702,253208
GPP,4467,702,253271
GPP,4468,702,253334
GPP,4469,702,253381
GPP,4470,702,253444
GPP,4471,702,253491
GPP,4472,702,253554
GPP,4473,702,253617
GPP,4474,702,253664
GPP,4475,702,253727
GPP,4476,702,253774
GPP,4477,702,253837
GPP,4478,702,253900
GPP,4479,702,253947
GPP,4480,702,254010
GPP,4481,702,254057
GPP,4482,702,254120
GPP,4483,702,254183
GPP,4484,702,254230
GPP,4485,702,254293
GPP,4486,702,254356
GPP,4487,702,254403
GPP,4488,702,254466
GPP,4489,702,254513
GPP,4490,702,254576
GPP,4491,702,254638
GPP,4492,702,254686
GPP,4493,702,254749
GPP,4494,702,254796
GPP,4495,702,254859
GPP,4496,702,254921
GPP,4497,702,254969
GPP,4498,702,255031
GPP,4499,702,255079
GPP,4500,702,255142
GPP,4501,702,255204
GPP,4502,702,255265
GPP,4503,702,255319
GPP,4504,702,255376
GPP,4505,702,255434
GPP,4506,702,255490
GPP,4507,702,255546
GPP,4508,702,255602
GPP,4509,702,255660
GPP,4510,702,255719
GPP,4511,702,255776
GPP,4512,702,255833
GPP,4513,702,255890
GPP,4514,702,255939
GPP,4515,702,255995
GPP,4516,702,256058
GPP,4517,702,256105
GPP,4518,702,256168
GPP,4519,702,256230
GPP,4520,702,256278
GPP,4521,702,256340
GPP,4522,702,256388
GPP,4523,702,256451
GPP,4524,702,256515
GPP,4525,702,256561
GPP,4526,702,256624
GPP,4527,702,256671
GPP,4528,702,256734
GPP,4529,702,256797
GPP,4530,702,256844
GPP,4531,702,256907
GPP,4532,702,256954
GPP,4533,702,257016
GPP,4534,702,257079
GPP,4535,702,257126
GPP,4536,702,257189
GPP,4537,702,257237
GPP,4538,702,257299
GPP,4539,702,257362
GPP,4540,702,257409
GPP,4541,702,257472
GPP,4542,702,257535
GPP,4543,702,257582
GPP,4544,702,257645
GPP,4545,702,257708
GPP,4546,702,257755
GPP,4547,702,257817
GPP,4548,702,257864
GPP,4549,702,257927
GPP,4550,702,257990
GPP,4551,702,258037
GPP,4552,702,258099
GPP,4553,702,258162
GPP,4554,702,258209
GPP,4555,702,258271
GPP,4556,702,258319
GPP,4557,702,258381
GPP,4558,702,258444
GPP,4559,702,258491
GPP,4560,702,258554
GPP,4561,702,258601
GPP,4562,702,258664
GPP,4563,702,258727
GPP,4564,702,258774
GPP,4565,702,258837
GPP,4566,702,258884
GPP,4567,702,258947
GPP,4568,702,259010
GPP,4569,702,259057
GPP,4570,702,259120
GPP,4571,702,259167
GPP,4572,702,259230
GPP,4573,702,259293
GPP,4574,702,259351
GPP,4575,702,259406
GPP,4576,702,259463
GPP,4577,702,259519
GPP,4578,702,259576
GPP,4579,702,259632
GPP,4580,702,259688
GPP,4581,702,259744
GPP,4582,702,259801
GPP,4583,702,259843
GPP,4584,702,259913
GPP,4585,702,259969
GPP,4586,702,260026
GPP,4587,702,260080
GPP,4588,702,260127
GPP,4589,702,260190
GPP,4590,702,260237
GPP,4591,702,260300
GPP,4592,702,260363
GPP,4593,702,260410
GPP,4594,702,260473
GPP,4595,702,260520
GPP,4596,702,260583
GPP,4597,702,260646
GPP,4598,702,260693
GPP,4599,702,260756
GPP,4600,702,260803
GPP,4601,702,260866
GPP,4602,702,260929
GPP,4603,702,260976
GPP,4604,702,261039
GPP,4605,702,261086
GPP,4606,702,261149
GPP,4607,702,261212
GPP,4608,702,261259
GPP,4609,702,261322
GPP,4610,702,261369
GPP,4611,702,261431
GPP,4612,702,261494
GPP,4613,702,261541
GPP,4614,702,261604
GPP,4615,702,261651
GPP,4616,702,261714
GPP,4617,702,261777
GPP,4618,702,261824
GPP,4619,702,261886
GPP,4620,702,261934
GPP,4621,702,261996
GPP,4622,702,262059
GPP,4623,702,262106
GPP,4624,702,262169
GPP,4625,702,262216
GPP,4626,702,262279
GPP,4627,702,262342
GPP,4628,702,262390
GPP,4629,702,262453
GPP,4630,702,262500
GPP,4631,702,262562
GPP,4632,702,262625
GPP,4633,702,262672
GPP,4634,702,262735
GPP,4635,702,262782
GPP,4636,702,262845
GPP,4637,702,262908
GPP,4638,702,262955
GPP,4639,702,263018
GPP,4640,702,263081
GPP,4641,702,263128
GPP,4642,702,263191
GPP,4643,702,263238
GPP,4644,702,263300
GPP,4645,702,263364
GPP,4646,702,263411
GPP,4647,702,263474
GPP,4648,702,263521
GPP,4649,702,263584
GPP,4650,702,263647
GPP,4651,702,263694
GPP,4652,702,263757
GPP,4653,702,263804
GPP,4654,702,263866
GPP,4655,702,263929
GPP,4656,702,263976
GPP,4657,702,264039
GPP,4658,702,264102
GPP,4659,702,264149
GPP,4660,702,264212
GPP,4661,702,264259
GPP,4662,702,264322
GPP,4663,702,264385
GPP,4664,702,264432
GPP,4665,702,264495
GPP,4666,702,264542
GPP,4667,702,264605
GPP,4668,702,264668
GPP,4669,702,264715
GPP,4670,702,264778
GPP,4671,702,264825
GPP,4672,702,264888
GPP,4673,702,264952
GPP,4674,702,265016
GPP,4675,702,265079
GPP,4676,702,265127
GPP,4677,702,265194
GPP,4678,702,265256
GPP,4679,702,265316
GPP,4680,702,265378
GPP,4681,702,265433
GPP,4682,702,265490
GPP,4683,702,265537
GPP,4684,702,265607
GPP,4685,702,265664
GPP,4686,702,265709
GPP,4687,702,265772
GPP,4688,702,265835
GPP,4689,702,265882
GPP,4690,702,265945
GPP,4691,702,265992
GPP,4692,702,266055
GPP,4693,702,266118
GPP,4694,702,266165
GPP,4695,702,266228
GPP,4696,702,266275
GPP,4697,702,266338
GPP,4698,702,266400
GPP,4699,702,266448
GPP,4700,702,266510
GPP,4701,702,266573
GPP,4702,702,266621
GPP,4703,702,266683
GPP,4704,702,266746
GPP,4705,702,266803
GPP,4706,702,266858
GPP,4707,702,266903
GPP,4708,702,266966
GPP,4709,702,267029
GPP,4710,702,267076
GPP,4711,702,267139
GPP,4712,702,267186
GPP,4713,702,267249
GPP,4714,702,267312
GPP,4715,702,267359
GPP,4716,702,267422
GPP,4717,702,267469
GPP,4718,702,267532
GPP,4719,702,267595
GPP,4720,702,267642
GPP,4721,702,267705
GPP,4722,702,267752
GPP,4723,702,267815
GPP,4724,702,267878
GPP,4725,702,267925
GPP,4726,702,267988
GPP,4727,702,268035
GPP,4728,702,268098
GPP,4729,702,268160
GPP,4730,702,268208
GPP,4731,702,268270
GPP,4732,702,268318
GPP,4733,702,268381
GPP,4734,702,268444
GPP,4735,702,268491
GPP,4736,702,268554
GPP,4737,702,268601
GPP,4738,702,268664
GPP,4739,702,268727
GPP,4740,702,268774
GPP,4741,702,268837
GPP,4742,702,268884
GPP,4743,702,268947
GPP,4744,702,269010
GPP,4745,702,269057
GPP,4746,702,269120
GPP,4747,702,269167
GPP,4748,702,269230
GPP,4749,702,269293
GPP,4750,702,269340
GPP,4751,702,269403
GPP,4752,702,269450
GPP,4753,702,269512
GPP,4754,702,269575
GPP,4755,702,269622
GPP,4756,702,269685
GPP,4757,702,269732
GPP,4758,702,269795
GPP,4759,702,269858
GPP,4760,702,269905
GPP,4761,702,269968
GPP,4762,702,270015
GPP,4763,702,270078
GPP,4764,702,270141
GPP,4765,702,270188
GPP,4766,702,270251
GPP,4767,702,270298
GPP,4768,702,270361
GPP,4769,702,270424
GPP,4770,702,270471
GPP,4771,702,270534
GPP,4772,702,270581
GPP,4773,702,270644
GPP,4774,702,270707
GPP,4775,702,270754
GPP,4776,702,270817
GPP,4777,702,270864
GPP,4778,702,270927
GPP,4779,702,270990
GPP,4780,702,271037
GPP,4781,702,271100
GPP,4782,702,271148
GPP,4783,702,271210
GPP,4784,702,271273
GPP,4785,702,271320
GPP,4786,702,271383
GPP,4787,702,271431
GPP,4788,702,271493
GPP,4789,702,271557
GPP,4790,702,271603
GPP,4791,702,271666
GPP,4792,702,271713
GPP,4793,702,271776
GPP,4794,702,271839
GPP,4795,702,271886
GPP,4796,702,271949
GPP,4797,702,271996
GPP,4798,702,272059
GPP,4799,702,272122
GPP,4800,702,272169
GPP,4801,702,272232
GPP,4802,702,272279
GPP,4803,702,272342
GPP,4804,702,272405
GPP,4805,702,272452
GPP,4806,702,272515
GPP,4807,702,272562
GPP,4808,702,272625
GPP,4809,702,272688
GPP,4810,702,272735
GPP,4811,702,272798
GPP,4812,702,272845
GPP,4813,702,272908
GPP,4814,702,272971
GPP,4815,702,273018
GPP,4816,702,273081
GPP,4817,702,273144
GPP,4818,702,273191
GPP,4819,702,273254
GPP,4820,702,273301
GPP,4821,702,273364
GPP,4822,702,273427
GPP,4823,702,273474
GPP,4824,702,273537
GPP,4825,702,273584
GPP,4826,702,273647
GPP,4827,702,273710
GPP,4828,702,273757
GPP,4829,702,273820
GPP,4830,702,273867
GPP,4831,702,273930
GPP,4832,702,273993
GPP,4833,702,274040
GPP,4834,702,274103
GPP,4835,702,274166
GPP,4836,702,274213
GPP,4837,702,274275
GPP,4838,702,274322
GPP,4839,702,274385
GPP,4840,702,274448
GPP,4841,702,274496
GPP,4842,702,274558
GPP,4843,702,274606
GPP,4844,702,274668
GPP,4845,702,274731
GPP,4846,702,274778
GPP,4847,702,274841
GPP,4848,702,274904
GPP,4849,702,274951
GPP,4850,702,275014
GPP,4851,702,275076
GPP,4852,702,275124
GPP,4853,702,275186
GPP,4854,702,275233
GPP,4855,702,275304
GPP,4856,702,275359
GPP,4857,702,275406
GPP,4858,702,275469
GPP,4859,702,275532
GPP,4860,702,275579
GPP,4861,702,275642
GPP,4862,702,275689
GPP,4863,702,275752
GPP,4864,702,275815
GPP,4865,702,275862
GPP,4866,702,275925
GPP,4867,702,275972
GPP,4868,702,276035
GPP,4869,702,276098
GPP,4870,702,276145
GPP,4871,702,276208
GPP,4872,702,276271
GPP,4873,702,276318
GPP,4874,702,276381
GPP,4875,702,276428
GPP,4876,702,276491
GPP,4877,702,276554
GPP,4878,702,276601
GPP,4879,702,276664
GPP,4880,702,276711
GPP,4881,702,276774
GPP,4882,702,276837
GPP,4883,702,276884
GPP,4884,702,276947
GPP,4885,702,276994
GPP,4886,702,277057
GPP,4887,702,277120
GPP,4888,702,277167
GPP,4889,702,277230
GPP,4890,702,277277
GPP,4891,702,277340
GPP,4892,702,277402
GPP,4893,702,277449
GPP,4894,702,277512
GPP,4895,702,277559
GPP,4896,702,277622
GPP,4897,702,277685
GPP,4898,702,277732
GPP,4899,702,277795
GPP,4900,702,277842
GPP,4901,702,277905
GPP,4902,702,277968
GPP,4903,702,278015
GPP,4904,702,278078
GPP,4905,702,278140
GPP,4906,702,278188
GPP,4907,702,278251
GPP,4908,702,278298
GPP,4909,702,278361
GPP,4910,702,278424
GPP,4911,702,278471
GPP,4912,702,278534
GPP,4913,702,278596
GPP,4914,702,278644
GPP,4915,702,278707
GPP,4916,702,278754
GPP,4917,702,278817
GPP,4918,702,278880
GPP,4919,702,278927
GPP,4920,702,278990
GPP,4921,702,279037
GPP,4922,702,279099
GPP,4923,702,279162
GPP,4924,702,279209
GPP,4925,702,279272
GPP,4926,702,279319
GPP,4927,702,279382
GPP,4928,702,279445
GPP,4929,702,279492
GPP,4930,702,279555
GPP,4931,702,279618
GPP,4932,702,279665
GPP,4933,702,279728
GPP,4934,702,279775
GPP,4935,702,279838
GPP,4936,702,279900
GPP,4937,702,279947
GPP,4938,702,280010
GPP,4939,702,280057
GPP,4940,702,280120
GPP,4941,702,280183
GPP,4942,702,280230
GPP,4943,702,280293
GPP,4944,702,280340
GPP,4945,702,280403
GPP,4946,702,280466
GPP,4947,702,280513
GPP,4948,702,280576
GPP,4949,702,280623
GPP,4950,702,280686
GPP,4951,702,280749
GPP,4952,702,280796
GPP,4953,702,280858
GPP,4954,702,280921
GPP,4955,702,280968
GPP,4956,702,281031
GPP,4957,702,281078
GPP,4958,702,281141
GPP,4959,702,281204
GPP,4960,702,281251
GPP,4961,702,281314
GPP,4962,702,281377
GPP,4963,702,281424
GPP,4964,702,281487
GPP,4965,702,281534
GPP,4966,702,281597
GPP,4967,702,281660
GPP,4968,702,281707
GPP,4969,702,281770
GPP,4970,702,281833
GPP,4971,702,281880
GPP,4972,702,281943
GPP,4973,702,281990
GPP,4974,702,282053
GPP,4975,702,282116
GPP,4976,702,282164
GPP,4977,702,282227
GPP,4978,702,282274
GPP,4979,702,282337
GPP,4980,702,282400
GPP,4981,702,282447
GPP,4982,702,282510
GPP,4983,702,282557
GPP,4984,702,282620
GPP,4985,702,282683
GPP,4986,702,282730
GPP,4987,702,282793
GPP,4988,702,282840
GPP,4989,702,282904
GPP,4990,702,282966
GPP,4991,702,283013
GPP,4992,702,283076
GPP,4993,702,283139
GPP,4994,702,283186
GPP,4995,702,283249
GPP,4996,702,283312
GPP,4997,702,283359
GPP,4998,702,283422
GPP,4999,702,283485
QAP,0,2162,0
QAP,1,2162,110
QAP,2,2162,219
QAP,3,2162,329
QAP,4,2162,439
QAP,5,2162,549
QAP,6,2162,658
QAP,7,2162,752
QAP,8,2162,862
QAP,9,2162,972
QAP,10,2162,1082
QAP,11,2162,1192
QAP,12,2162,1302
QAP,13,2162,1396
QAP,14,2162,1506
QAP,15,2162,1616
QAP,16,2162,1726
QAP,17,2162,1836
QAP,18,2142,1930
QAP,19,2142,2040
QAP,20,2142,2149
QAP,21,2142,2259
QAP,22,2134,2369
QAP,23,2134,2464
QAP,24,2134,2574
QAP,25,2134,2683
QAP,26,2130,2793
QAP,27,2130,2903
QAP,28,2130,2997
QAP,29,2130,3107
QAP,30,2130,3217
QAP,31,2130,3327
QAP,32,2130,3437
QAP,33,2130,3531
QAP,34,2126,3641
QAP,35,2126,3751
QAP,36,2126,3861
QAP,37,2126,3971
QAP,38,2126,4081
QAP,39,2126,4175
QAP,40,2126,4285
QAP,41,2126,4395
QAP,42,2126,4505
QAP,43,2126,4616
QAP,44,2126,4710
QAP,45,2126,4819
QAP,46,2126,4929
QAP,47,2126,5039
QAP,48,2120,5149
QAP,49,2120,5259
QAP,50,2120,5354
QAP,51,2120,5463
QAP,52,2120,5573
QAP,53,2120,5683
QAP,54,2120,5793
QAP,55,2120,5887
QAP,56,2120,5997
QAP,57,2120,6107
QAP,58,2120,6226
QAP,59,2118,6334
QAP,60,2118,6440
QAP,61,2118,6550
QAP,62,2118,6655
QAP,63,2118,6762
QAP,64,2118,6870
QAP,65,2118,6978
QAP,66,2114,7085
QAP,67,2114,7193
QAP,68,2114,7298
QAP,69,2114,7404
QAP,70,2114,7513
QAP,71,2114,7619
QAP,72,2112,7726
QAP,73,2112,7833
QAP,74,2112,7940
QAP,75,2086,8048
QAP,76,2086,8155
QAP,77,2086,8261
QAP,78,2086,8368
QAP,79,2086,8467
QAP,80,2086,8577
QAP,81,2086,8687
QAP,82,2086,8797
QAP,83,2086,8891
QAP,84,2070,9001
QAP,85,2070,9111
QAP,86,2070,9221
QAP,87,2070,9331
QAP,88,2070,9435
QAP,89,2070,9535
QAP,90,2066,9645
QAP,91,2066,9755
QAP,92,2066,9865
QAP,93,2066,9960
QAP,94,2062,10070
QAP,95,2062,10180
QAP,96,2062,10290
QAP,97,2062,10400
QAP,98,2062,10494
QAP,99,2062,10604
QAP,100,2062,10714
QAP,101,2062,10824
QAP,102,2062,10934
QAP,103,2052,11028
QAP,104,2050,11137
QAP,105,2050,11247
QAP,106,2050,11357
QAP,107,2050,11468
QAP,108,2050,11578
QAP,109,2050,11672
QAP,110,2050,11782
QAP,111,2050,11892
QAP,112,2050,12002
QAP,113,2050,12114
QAP,114,2050,12222
QAP,115,2050,12332
QAP,116,2050,12426
QAP,117,2050,12536
QAP,118,2050,12646
QAP,119,2030,12756
QAP,120,2030,12866
QAP,121,2030,12968
QAP,122,2030,13070
QAP,123,2030,13180
QAP,124,2030,13290
QAP,125,2020,13399
QAP,126,2020,13494
QAP,127,2020,13604
QAP,128,2020,13714
QAP,129,2020,13824
QAP,130,2020,13934
QAP,131,2020,14028
QAP,132,2014,14138
QAP,133,2014,14248
QAP,134,2014,14358
QAP,135,2014,14468
QAP,136,2014,14563
QAP,137,2014,14673
QAP,138,2006,14783
QAP,139,2006,14893
QAP,140,2006,15003
QAP,141,2006,15097
QAP,142,2006,15207
QAP,143,2006,15317
QAP,144,2006,15427
QAP,145,2006,15537
QAP,146,2006,15632
QAP,147,2006,15741
QAP,148,2006,15851
QAP,149,2006,15961
QAP,150,2000,16071
QAP,151,2000,16178
QAP,152,1996,16276
QAP,153,1996,16386
QAP,154,1988,16496
QAP,155,1988,16590
QAP,156,1988,16700
QAP,157,1986,16810
QAP,158,1986,16920
QAP,159,1978,17030
QAP,160,1978,17124
QAP,161,1978,17234
QAP,162,1978,17345
QAP,163,1978,17455
QAP,164,1978,17565
QAP,165,1978,17659
QAP,166,1978,17769
QAP,167,1978,17879
QAP,168,1978,17989
QAP,169,1978,18099
QAP,170,1976,18202
QAP,171,1976,18303
QAP,172,1970,18419
QAP,173,1970,18526
QAP,174,1968,18634
QAP,175,1968,18728
QAP,176,1968,18838
QAP,177,1968,18948
QAP,178,1966,19058
QAP,179,1952,19153
QAP,180,1952,19268
QAP,181,1952,19373
QAP,182,1952,19482
QAP,183,1952,19592
QAP,184,1952,19686
QAP,185,1952,19796
QAP,186,1952,19907
QAP,187,1952,20016
QAP,188,1952,20126
QAP,189,1952,20236
QAP,190,1952,20331
QAP,191,1952,20441
QAP,192,1944,20550
QAP,193,1944,20661
QAP,194,1944,20770
QAP,195,1938,20865
QAP,196,1938,20975
QAP,197,1938,21085
QAP,198,1938,21195
QAP,199,1938,21304
QAP,200,1932,21399
QAP,201,1932,21509
QAP,202,1932,21619
QAP,203,1932,21729
QAP,204,1932,21839
QAP,205,1932,21933
QAP,206,1932,22043
QAP,207,1932,22152
QAP,208,1932,22262
QAP,209,1932,22372
QAP,210,1932,22466
QAP,211,1932,22576
QAP,212,1932,22686
QAP,213,1932,22797
QAP,214,1932,22907
QAP,215,1932,23001
QAP,216,1932,23111
QAP,217,1932,23221
QAP,218,1932,23331
QAP,219,1928,23441
QAP,220,1928,23535
QAP,221,1928,23645
QAP,222,1926,23755
QAP,223,1920,23868
QAP,224,1920,23975
QAP,225,1920,24069
QAP,226,1920,24179
QAP,227,1920,24289
QAP,228,1918,24399
QAP,229,1918,24494
QAP,230,1918,24604
QAP,231,1904,24714
QAP,232,1904,24824
QAP,233,1904,24918
QAP,234,1904,25028
QAP,235,1904,25138
QAP,236,1904,25253
QAP,237,1868,25360
QAP,238,1868,25454
QAP,239,1868,25573
QAP,240,1868,25680
QAP,241,1868,25787
QAP,242,1868,25893
QAP,243,1868,25999
QAP,244,1864,26105
QAP,245,1862,26212
QAP,246,1862,26318
QAP,247,1862,26425
QAP,248,1862,26532
QAP,249,1862,26639
QAP,250,1862,26733
QAP,251,1860,26843
QAP,252,1860,26953
QAP,253,1860,27063
QAP,254,1856,27157
QAP,255,1856,27267
QAP,256,1856,27377
QAP,257,1856,27487
QAP,258,1856,27597
QAP,259,1856,27691
QAP,260,1856,27801
QAP,261,1848,27911
QAP,262,1848,28021
QAP,263,1848,28116
QAP,264,1848,28226
QAP,265,1848,28336
QAP,266,1830,28446
QAP,267,1830,28556
QAP,268,1830,28650
QAP,269,1830,28760
QAP,270,1830,28870
QAP,271,1830,28980
QAP,272,1830,29090
QAP,273,1830,29184
QAP,274,1830,29294
QAP,275,1830,29404
QAP,276,1830,29514
QAP,277,1820,29623
QAP,278,1820,29718
QAP,279,1820,29828
QAP,280,1812,29938
QAP,281,1812,30047
QAP,282,1812,30142
QAP,283,1812,30252
QAP,284,1812,30362
QAP,285,1812,30472
QAP,286,1808,30582
QAP,287,1804,30676
QAP,288,1804,30786
QAP,289,1804,30896
QAP,290,1804,31006
QAP,291,1804,31101
QAP,292,1804,31210
QAP,293,1790,31321
QAP,294,1790,31431
QAP,295,1790,31525
QAP,296,1790,31635
QAP,297,1784,31745
QAP,298,1784,31855
QAP,299,1776,31949
QAP,300,1776,32059
QAP,301,1776,32169
QAP,302,1776,32279
QAP,303,1776,32389
QAP,304,1776,32483
QAP,305,1776,32593
QAP,306,1776,32703
QAP,307,1774,32813
QAP,308,1774,32918
QAP,309,1774,33018
QAP,310,1774,33128
QAP,311,1774,33238
QAP,312,1772,33348
QAP,313,1772,33442
QAP,314,1772,33552
QAP,315,1772,33662
QAP,316,1772,33772
QAP,317,1772,33866
QAP,318,1772,33976
QAP,319,1772,34086
QAP,320,1756,34196
QAP,321,1756,34306
QAP,322,1756,34400
QAP,323,1750,34510
QAP,324,1750,34620
QAP,325,1750,34729
QAP,326,1750,34840
QAP,327,1750,34934
QAP,328,1744,35044
QAP,329,1744,35154
QAP,330,1744,35264
QAP,331,1744,35358
QAP,332,1744,35468
QAP,333,1744,35578
QAP,334,1744,35688
QAP,335,1730,35798
QAP,336,1730,35892
QAP,337,1730,36002
QAP,338,1730,36112
QAP,339,1730,36222
QAP,340,1730,36316
QAP,341,1730,36426
QAP,342,1722,36536
QAP,343,1722,36646
QAP,344,1722,36756
QAP,345,1722,36850
QAP,346,1722,36959
QAP,347,1720,37069
QAP,348,1720,37179
QAP,349,1720,37289
QAP,350,1720,37383
QAP,351,1720,37493
QAP,352,1720,37604
QAP,353,1720,37714
QAP,354,1720,37808
QAP,355,1716,37918
QAP,356,1716,38028
QAP,357,1716,38138
QAP,358,1716,38232
QAP,359,1716,38342
QAP,360,1716,38452
QAP,361,1716,38562
QAP,362,1706,38657
QAP,363,1706,38766
QAP,364,1702,38877
QAP,365,1702,38987
QAP,366,1702,39081
QAP,367,1702,39191
QAP,368,1702,39301
QAP,369,1702,39412
QAP,370,1702,39518
QAP,371,1702,39625
QAP,372,1702,39726
QAP,373,1694,39836
QAP,374,1694,39930
QAP,375,1694,40040
QAP,376,1694,40150
QAP,377,1694,40260
QAP,378,1694,40354
QAP,379,1694,40464
QAP,380,1694,40574
QAP,381,1694,40684
QAP,382,1694,40778
QAP,383,1692,40888
QAP,384,1692,40998
QAP,385,1692,41108
QAP,386,1692,41218
QAP,387,1692,41312
QAP,388,1692,41422
QAP,389,1692,41532
QAP,390,1692,41642
QAP,391,1692,41736
QAP,392,1690,41846
QAP,393,1690,41956
QAP,394,1690,42066
QAP,395,1690,42160
QAP,396,1690,42271
QAP,397,1684,42380
QAP,398,1684,42490
QAP,399,1682,42585
QAP,400,1682,42695
QAP,401,1682,42805
QAP,402,1682,42921
QAP,403,1682,43028
QAP,404,1682,43135
QAP,405,1682,43240
QAP,406,1682,43347
QAP,407,1682,43454
QAP,408,1682,43561
QAP,409,1682,43668
QAP,410,1682,43773
QAP,411,1682,43877
QAP,412,1682,43971
QAP,413,1682,44082
QAP,414,1682,44192
QAP,415,1682,44301
QAP,416,1682,44411
QAP,417,1682,44506
QAP,418,1682,44616
QAP,419,1682,44725
QAP,420,1682,44835
QAP,421,1682,44944
QAP,422,1682,45050
QAP,423,1682,45157
QAP,424,1682,45265
QAP,425,1682,45371
QAP,426,1682,45476
QAP,427,1682,45582
QAP,428,1682,45689
QAP,429,1682,45794
QAP,430,1678,45900
QAP,431,1678,46006
QAP,432,1678,46111
QAP,433,1672,46208
QAP,434,1658,46318
QAP,435,1658,46428
QAP,436,1658,46538
QAP,437,1658,46632
QAP,438,1658,46742
QAP,439,1658,46852
QAP,440,1658,46946
QAP,441,1658,47056
QAP,442,1646,47166
QAP,443,1646,47276
QAP,444,1646,47371
QAP,445,1646,47480
QAP,446,1646,47590
QAP,447,1646,47700
QAP,448,1646,47795
QAP,449,1644,47905
QAP,450,1632,48014
QAP,451,1632,48124
QAP,452,1632,48219
QAP,453,1632,48329
QAP,454,1632,48439
QAP,455,1630,48548
QAP,456,1630,48643
QAP,457,1630,48753
QAP,458,1630,48863
QAP,459,1630,48973
QAP,460,1630,49067
QAP,461,1630,49177
QAP,462,1630,49287
QAP,463,1628,49397
QAP,464,1628,49491
QAP,465,1628,49602
QAP,466,1628,49712
QAP,467,1628,49822
QAP,468,1628,49916
QAP,469,1628,50026
QAP,470,1628,50136
QAP,471,1628,50246
QAP,472,1626,50340
QAP,473,1626,50451
QAP,474,1626,50568
QAP,475,1626,50671
QAP,476,1626,50780
QAP,477,1626,50874
QAP,478,1626,50984
QAP,479,1626,51094
QAP,480,1626,51204
QAP,481,1626,51314
QAP,482,1626,51408
QAP,483,1626,51518
QAP,484,1626,51628
QAP,485,1626,51738
QAP,486,1626,51848
QAP,487,1626,51942
QAP,488,1626,52052
QAP,489,1626,52162
QAP,490,1626,52272
QAP,491,1626,52366
QAP,492,1626,52476
QAP,493,1626,52586
QAP,494,1626,52696
QAP,495,1626,52806
QAP,496,1626,52900
QAP,497,1626,53011
QAP,498,1626,53120
QAP,499,1626,53215
QAP,500,1626,53325
QAP,501,1626,53435
QAP,502,1626,53545
QAP,503,1626,53654
QAP,504,1624,53749
QAP,505,1624,53858
QAP,506,1624,53968
QAP,507,1620,54078
QAP,508,1620,54172
QAP,509,1620,54281
QAP,510,1618,54391
QAP,511,1618,54501
QAP,512,1618,54595
QAP,513,1610,54705
QAP,514,1610,54815
QAP,515,1610,54924
QAP,516,1610,55018
QAP,517,1606,55128
QAP,518,1606,55238
QAP,519,1604,55347
QAP,520,1604,55441
QAP,521,1604,55551
QAP,522,1604,55661
QAP,523,1602,55770
QAP,524,1602,55880
QAP,525,1600,55974
QAP,526,1600,56083
QAP,527,1588,56193
QAP,528,1588,56303
QAP,529,1588,56397
QAP,530,1588,56506
QAP,531,1588,56616
QAP,532,1588,56726
QAP,533,1588,56820
QAP,534,1588,56930
QAP,535,1588,57039
QAP,536,1588,57149
QAP,537,1588,57259
QAP,538,1588,57353
QAP,539,1588,57463
QAP,540,1588,57573
QAP,541,1588,57683
QAP,542,1588,57777
QAP,543,1588,57887
QAP,544,1588,57996
QAP,545,1588,58106
QAP,546,1588,58216
QAP,547,1588,58310
QAP,548,1588,58419
QAP,549,1588,58529
QAP,550,1588,58639
QAP,551,1588,58748
QAP,552,1588,58842
QAP,553,1588,58952
QAP,554,1588,59062
QAP,555,1588,59171
QAP,556,1588,59281
QAP,557,1588,59375
QAP,558,1588,59485
QAP,559,1588,59595
QAP,560,1588,59705
QAP,561,1588,59814
QAP,562,1588,59908
QAP,563,1588,60018
QAP,564,1588,60128
QAP,565,1582,60238
QAP,566,1582,60347
QAP,567,1582,60441
QAP,568,1582,60551
QAP,569,1582,60661
QAP,570,1582,60770
QAP,571,1582,60880
QAP,572,1582,60974
QAP,573,1582,61084
QAP,574,1582,61194
QAP,575,1582,61304
QAP,576,1582,61398
QAP,577,1582,61507
QAP,578,1582,61617
QAP,579,1582,61727
QAP,580,1582,61821
QAP,581,1582,61930
QAP,582,1580,62047
QAP,583,1580,62150
QAP,584,1580,62260
QAP,585,1578,62354
QAP,586,1578,62463
QAP,587,1570,62573
QAP,588,1570,62683
QAP,589,1570,62777
QAP,590,1570,62886
QAP,591,1570,62996
QAP,592,1570,63106
QAP,593,1570,63200
QAP,594,1570,63310
QAP,595,1564,63420
QAP,596,1564,63529
QAP,597,1564,63623
QAP,598,1560,63733
QAP,599,1560,63843
QAP,600,1560,63953
QAP,601,1560,64062
QAP,602,1560,64156
QAP,603,1560,64266
QAP,604,1560,64375
QAP,605,1560,64485
QAP,606,1554,64580
QAP,607,1554,64689
QAP,608,1554,64799
QAP,609,1554,64909
QAP,610,1554,65018
QAP,611,1554,65113
QAP,612,1554,65223
QAP,613,1554,65333
QAP,614,1554,65442
QAP,615,1554,65537
QAP,616,1554,65646
QAP,617,1554,65756
QAP,618,1554,65865
QAP,619,1554,65975
QAP,620,1554,66069
QAP,621,1554,66179
QAP,622,1554,66289
QAP,623,1554,66398
QAP,624,1554,66508
QAP,625,1554,66602
QAP,626,1554,66712
QAP,627,1554,66822
QAP,628,1554,66931
QAP,629,1554,67041
QAP,630,1554,67135
QAP,631,1554,67245
QAP,632,1554,67355
QAP,633,1554,67465
QAP,634,1554,67559
QAP,635,1554,67668
QAP,636,1554,67778
QAP,637,1554,67888
QAP,638,1554,67997
QAP,639,1554,68091
QAP,640,1554,68201
QAP,641,1554,68311
QAP,642,1554,68421
QAP,643,1554,68515
QAP,644,1554,68625
QAP,645,1554,68735
QAP,646,1554,68845
QAP,647,1554,68939
QAP,648,1554,69050
QAP,649,1550,69166
QAP,650,1550,69272
QAP,651,1550,69379
QAP,652,1550,69484
QAP,653,1550,69590
QAP,654,1548,69697
QAP,655,1548,69804
QAP,656,1548,69909
QAP,657,1548,70015
QAP,658,1548,70121
QAP,659,1548,70227
QAP,660,1548,70335
QAP,661,1542,70441
QAP,662,1542,70546
QAP,663,1522,70653
QAP,664,1522,70759
QAP,665,1522,70866
QAP,666,1522,70971
QAP,667,1522,71077
QAP,668,1522,71182
QAP,669,1522,71290
QAP,670,1522,71395
QAP,671,1522,71502
QAP,672,1522,71608
QAP,673,1522,71714
QAP,674,1522,71820
QAP,675,1522,71927
QAP,676,1522,72033
QAP,677,1522,72140
QAP,678,1522,72242
QAP,679,1522,72352
QAP,680,1522,72446
QAP,681,1522,72556
QAP,682,1522,72666
QAP,683,1522,72776
QAP,684,1522,72871
QAP,685,1522,72981
QAP,686,1522,73091
QAP,687,1522,73200
QAP,688,1522,73294
QAP,689,1522,73405
QAP,690,1522,73514
QAP,691,1522,73624
QAP,692,1522,73734
QAP,693,1522,73828
QAP,694,1522,73938
QAP,695,1522,74048
QAP,696,1522,74158
QAP,697,1522,74252
QAP,698,1522,74362
QAP,699,1522,74472
QAP,700,1522,74582
QAP,701,1522,74676
QAP,702,1522,74786
QAP,703,1522,74896
QAP,704,1522,75006
QAP,705,1522,75100
QAP,706,1522,75210
QAP,707,1516,75320
QAP,708,1516,75429
QAP,709,1516,75524
QAP,710,1514,75634
QAP,711,1514,75744
QAP,712,1514,75854
QAP,713,1514,75948
QAP,714,1514,76058
QAP,715,1510,76168
QAP,716,1502,76262
QAP,717,1500,76372
QAP,718,1500,76482
QAP,719,1500,76592
QAP,720,1500,76686
QAP,721,1500,76796
QAP,722,1500,76906
QAP,723,1500,77001
QAP,724,1500,77111
QAP,725,1492,77220
QAP,726,1492,77330
QAP,727,1492,77424
QAP,728,1492,77534
QAP,729,1492,77644
QAP,730,1492,77754
QAP,731,1492,77849
QAP,732,1492,77959
QAP,733,1492,78068
QAP,734,1492,78178
QAP,735,1492,78273
QAP,736,1490,78383
QAP,737,1490,78493
QAP,738,1490,78603
QAP,739,1490,78697
QAP,740,1490,78807
QAP,741,1490,78917
QAP,742,1490,79027
QAP,743,1490,79137
QAP,744,1490,79231
QAP,745,1490,79341
QAP,746,1490,79451
QAP,747,1490,79561
QAP,748,1490,79656
QAP,749,1488,79774
QAP,750,1488,79875
QAP,751,1488,79986
QAP,752,1488,80080
QAP,753,1488,80190
QAP,754,1488,80300
QAP,755,1488,80410
QAP,756,1488,80520
QAP,757,1488,80614
QAP,758,1488,80724
QAP,759,1488,80834
QAP,760,1488,80944
QAP,761,1488,81038
QAP,762,1488,81148
QAP,763,1488,81258
QAP,764,1488,81368
QAP,765,1488,81478
QAP,766,1488,81572
QAP,767,1488,81693
QAP,768,1488,81800
QAP,769,1488,81907
QAP,770,1488,82012
QAP,771,1488,82120
QAP,772,1488,82225
QAP,773,1488,82331
QAP,774,1488,82438
QAP,775,1488,82545
QAP,776,1484,82651
QAP,777,1484,82758
QAP,778,1484,82863
QAP,779,1484,82969
QAP,780,1484,83076
QAP,781,1484,83181
QAP,782,1484,83287
QAP,783,1480,83394
QAP,784,1480,83501
QAP,785,1480,83606
QAP,786,1480,83704
QAP,787,1480,83814
QAP,788,1480,83924
QAP,789,1476,84018
QAP,790,1476,84128
QAP,791,1476,84238
QAP,792,1476,84348
QAP,793,1472,84442
QAP,794,1472,84552
QAP,795,1472,84662
QAP,796,1472,84772
QAP,797,1472,84877
QAP,798,1472,84982
QAP,799,1472,85088
QAP,800,1472,85194
QAP,801,1472,85294
QAP,802,1472,85404
QAP,803,1472,85498
QAP,804,1472,85608
QAP,805,1472,85717
QAP,806,1472,85827
QAP,807,1472,85922
QAP,808,1472,86031
QAP,809,1472,86141
QAP,810,1472,86251
QAP,811,1472,86346
QAP,812,1472,86456
QAP,813,1472,86566
QAP,814,1472,86676
QAP,815,1472,86771
QAP,816,1472,86881
QAP,817,1472,86990
QAP,818,1472,87100
QAP,819,1472,87194
QAP,820,1472,87304
QAP,821,1472,87414
QAP,822,1472,87524
QAP,823,1472,87618
QAP,824,1472,87728
QAP,825,1472,87838
QAP,826,1468,87948
QAP,827,1468,88058
QAP,828,1468,88152
QAP,829,1468,88262
QAP,830,1468,88372
QAP,831,1468,88482
QAP,832,1468,88576
QAP,833,1468,88686
QAP,834,1468,88796
QAP,835,1468,88906
QAP,836,1468,89016
QAP,837,1468,89111
QAP,838,1468,89221
QAP,839,1468,89331
QAP,840,1468,89441
QAP,841,1468,89535
QAP,842,1468,89645
QAP,843,1468,89755
QAP,844,1468,89865
QAP,845,1468,89959
QAP,846,1468,90069
QAP,847,1468,90180
QAP,848,1468,90290
QAP,849,1468,90401
QAP,850,1468,90509
QAP,851,1468,90616
QAP,852,1466,90720
QAP,853,1466,90827
QAP,854,1466,90933
QAP,855,1466,91040
QAP,856,1466,91146
QAP,857,1466,91251
QAP,858,1466,91357
QAP,859,1466,91463
QAP,860,1466,91570
QAP,861,1466,91677
QAP,862,1466,91782
QAP,863,1466,91888
QAP,864,1466,91995
QAP,865,1466,92101
QAP,866,1466,92206
QAP,867,1466,92313
QAP,868,1466,92418
QAP,869,1466,92525
QAP,870,1466,92630
QAP,871,1466,92737
QAP,872,1464,92841
QAP,873,1464,92947
QAP,874,1464,93053
QAP,875,1464,93160
QAP,876,1464,93266
QAP,877,1464,93372
QAP,878,1464,93478
QAP,879,1458,93584
QAP,880,1458,93690
QAP,881,1458,93798
QAP,882,1458,93903
QAP,883,1458,94009
QAP,884,1458,94116
QAP,885,1458,94221
QAP,886,1458,94326
QAP,887,1458,94433
QAP,888,1458,94539
QAP,889,1458,94646
QAP,890,1458,94751
QAP,891,1458,94857
QAP,892,1458,94963
QAP,893,1458,95063
QAP,894,1458,95177
QAP,895,1458,95284
QAP,896,1458,95390
QAP,897,1458,95496
QAP,898,1458,95601
QAP,899,1458,95695
QAP,900,1458,95805
QAP,901,1458,95915
QAP,902,1458,96025
QAP,903,1458,96128
QAP,904,1458,96229
QAP,905,1458,96339
QAP,906,1458,96449
QAP,907,1458,96559
QAP,908,1458,96669
QAP,909,1458,96763
QAP,910,1458,96873
QAP,911,1458,96983
QAP,912,1458,97093
QAP,913,1458,97187
QAP,914,1458,97297
QAP,915,1458,97407
QAP,916,1458,97517
QAP,917,1458,97627
QAP,918,1458,97721
QAP,919,1458,97831
QAP,920,1458,97941
QAP,921,1458,98051
QAP,922,1458,98161
QAP,923,1458,98255
QAP,924,1458,98366
QAP,925,1458,98475
QAP,926,1458,98586
QAP,927,1458,98696
QAP,928,1458,98790
QAP,929,1458,98900
QAP,930,1458,99010
QAP,931,1458,99120
QAP,932,1458,99214
QAP,933,1458,99324
QAP,934,1458,99434
QAP,935,1458,99544
QAP,936,1458,99653
QAP,937,1458,99747
QAP,938,1458,99857
QAP,939,1458,99967
QAP,940,1458,100077
QAP,941,1458,100187
QAP,942,1458,100281
QAP,943,1458,100391
QAP,944,1458,100501
QAP,945,1458,100611
QAP,946,1458,100721
QAP,947,1458,100815
QAP,948,1458,100926
QAP,949,1458,101035
QAP,950,1458,101145
QAP,951,1458,101255
QAP,952,1458,101349
QAP,953,1458,101459
QAP,954,1458,101574
QAP,955,1458,101680
QAP,956,1458,101774
QAP,957,1458,101884
QAP,958,1458,101994
QAP,959,1458,102104
QAP,960,1458,102198
QAP,961,1458,102308
QAP,962,1458,102418
QAP,963,1458,102528
QAP,964,1458,102623
QAP,965,1458,102733
QAP,966,1458,102843
QAP,967,1458,102953
QAP,968,1458,103047
QAP,969,1458,103157
QAP,970,1458,103267
QAP,971,1458,103377
QAP,972,1458,103471
QAP,973,1458,103581
QAP,974,1458,103690
QAP,975,1458,103800
QAP,976,1458,103895
QAP,977,1458,104005
QAP,978,1458,104114
QAP,979,1458,104224
QAP,980,1458,104318
QAP,981,1458,104428
QAP,982,1458,104538
QAP,983,1458,104648
QAP,984,1458,104743
QAP,985,1458,104853
QAP,986,1458,104963
QAP,987,1458,105057
QAP,988,1458,105167
QAP,989,1456,105277
QAP,990,1456,105387
QAP,991,1456,105481
QAP,992,1456,105591
QAP,993,1456,105701
QAP,994,1456,105796
QAP,995,1456,105905
QAP,996,1452,106015
QAP,997,1452,106125
QAP,998,1452,106219
QAP,999,1452,106329
QAP,1000,1452,106439
QAP,1001,1450,106534
QAP,1002,1450,106644
QAP,1003,1450,106754
QAP,1004,1450,106864
QAP,1005,1450,106958
QAP,1006,1450,107068
QAP,1007,1450,107178
QAP,1008,1448,107272
QAP,1009,1448,107381
QAP,1010,1448,107492
QAP,1011,1448,107601
QAP,1012,1446,107695
QAP,1013,1444,107805
QAP,1014,1444,107915
QAP,1015,1444,108025
QAP,1016,1444,108119
QAP,1017,1444,108229
QAP,1018,1444,108339
QAP,1019,1444,108449
QAP,1020,1444,108544
QAP,1021,1442,108653
QAP,1022,1442,108763
QAP,1023,1442,108875
QAP,1024,1442,108983
QAP,1025,1442,109089
QAP,1026,1440,109194
QAP,1027,1440,109300
QAP,1028,1440,109399
QAP,1029,1440,109506
QAP,1030,1440,109616
QAP,1031,1440,109725
QAP,1032,1440,109836
QAP,1033,1440,109930
QAP,1034,1440,110039
QAP,1035,1440,110149
QAP,1036,1438,110259
QAP,1037,1438,110368
QAP,1038,1438,110462
QAP,1039,1438,110572
QAP,1040,1438,110682
QAP,1041,1438,110791
QAP,1042,1438,110901
QAP,1043,1438,111011
QAP,1044,1438,111105
QAP,1045,1438,111215
QAP,1046,1438,111325
QAP,1047,1438,111435
QAP,1048,1438,111545
QAP,1049,1438,111655
QAP,1050,1438,111749
QAP,1051,1438,111859
QAP,1052,1438,111969
QAP,1053,1438,112079
QAP,1054,1438,112189
QAP,1055,1438,112284
QAP,1056,1438,112394
QAP,1057,1438,112503
QAP,1058,1438,112613
QAP,1059,1438,112723
QAP,1060,1438,112818
QAP,1061,1438,112927
QAP,1062,1438,113037
QAP,1063,1438,113147
QAP,1064,1438,113257
QAP,1065,1438,113351
QAP,1066,1438,113461
QAP,1067,1438,113571
QAP,1068,1438,113681
QAP,1069,1438,113791
QAP,1070,1438,113885
QAP,1071,1438,113995
QAP,1072,1438,114105
QAP,1073,1438,114215
QAP,1074,1438,114325
QAP,1075,1438,114419
QAP,1076,1438,114529
QAP,1077,1438,114639
QAP,1078,1438,114749
QAP,1079,1438,114859
QAP,1080,1438,114969
QAP,1081,1438,115063
QAP,1082,1438,115173
QAP,1083,1438,115283
QAP,1084,1438,115393
QAP,1085,1438,115503
QAP,1086,1438,115597
QAP,1087,1438,115708
QAP,1088,1438,115817
QAP,1089,1438,115927
QAP,1090,1438,116037
QAP,1091,1438,116147
QAP,1092,1438,116241
QAP,1093,1438,116351
QAP,1094,1438,116461
QAP,1095,1438,116574
QAP,1096,1438,116681
QAP,1097,1438,116775
QAP,1098,1438,116885
QAP,1099,1438,116994
QAP,1100,1438,117104
QAP,1101,1438,117214
QAP,1102,1438,117308
QAP,1103,1438,117417
QAP,1104,1438,117528
QAP,1105,1438,117637
QAP,1106,1438,117731
QAP,1107,1438,117841
QAP,1108,1438,117951
QAP,1109,1438,118060
QAP,1110,1438,118154
QAP,1111,1438,118264
QAP,1112,1438,118373
QAP,1113,1438,118483
QAP,1114,1438,118578
QAP,1115,1438,118687
QAP,1116,1438,118797
QAP,1117,1438,118907
QAP,1118,1436,119001
QAP,1119,1436,119111
QAP,1120,1436,119220
QAP,1121,1436,119331
QAP,1122,1436,119424
QAP,1123,1436,119535
QAP,1124,1436,119644
QAP,1125,1436,119754
QAP,1126,1436,119864
QAP,1127,1436,119958
QAP,1128,1434,120067
QAP,1129,1434,120177
QAP,1130,1434,120271
QAP,1131,1434,120381
QAP,1132,1434,120491
QAP,1133,1434,120601
QAP,1134,1434,120695
QAP,1135,1434,120805
QAP,1136,1434,120915
QAP,1137,1434,121024
QAP,1138,1432,121118
QAP,1139,1432,121228
QAP,1140,1432,121338
QAP,1141,1432,121447
QAP,1142,1430,121541
QAP,1143,1430,121651
QAP,1144,1430,121761
QAP,1145,1430,121871
QAP,1146,1430,121965
QAP,1147,1430,122075
QAP,1148,1430,122184
QAP,1149,1430,122294
QAP,1150,1430,122388
QAP,1151,1430,122498
QAP,1152,1430,122608
QAP,1153,1430,122718
QAP,1154,1430,122827
QAP,1155,1430,122921
QAP,1156,1430,123031
QAP,1157,1430,123141
QAP,1158,1430,123250
QAP,1159,1430,123344
QAP,1160,1430,123454
QAP,1161,1430,123564
QAP,1162,1430,123674
QAP,1163,1430,123784
QAP,1164,1430,123886
QAP,1165,1430,123988
QAP,1166,1430,124097
QAP,1167,1428,124207
QAP,1168,1428,124317
QAP,1169,1428,124411
QAP,1170,1428,124520
QAP,1171,1428,124630
QAP,1172,1428,124746
QAP,1173,1428,124850
QAP,1174,1428,124944
QAP,1175,1428,125054
QAP,1176,1428,125164
QAP,1177,1428,125274
QAP,1178,1428,125384
QAP,1179,1428,125479
QAP,1180,1428,125589
QAP,1181,1428,125699
QAP,1182,1428,125809
QAP,1183,1428,125919
QAP,1184,1428,126013
QAP,1185,1428,126123
QAP,1186,1428,126233
QAP,1187,1428,126343
QAP,1188,1428,126453
QAP,1189,1428,126547
QAP,1190,1428,126657
QAP,1191,1428,126767
QAP,1192,1428,126876
QAP,1193,1428,126986
QAP,1194,1428,127081
QAP,1195,1428,127191
QAP,1196,1428,127301
QAP,1197,1428,127411
QAP,1198,1428,127521
QAP,1199,1428,127615
QAP,1200,1428,127725
QAP,1201,1428,127835
QAP,1202,1428,127945
QAP,1203,1428,128055
QAP,1204,1428,128149
QAP,1205,1428,128259
QAP,1206,1428,128369
QAP,1207,1428,128479
QAP,1208,1428,128589
QAP,1209,1428,128683
QAP,1210,1428,128793
QAP,1211,1428,128903
QAP,1212,1428,129013
QAP,1213,1428,129123
QAP,1214,1428,129217
QAP,1215,1428,129328
QAP,1216,1428,129437
QAP,1217,1428,129549
QAP,1218,1428,129657
QAP,1219,1428,129763
QAP,1220,1426,129870
QAP,1221,1426,129978
QAP,1222,1426,130084
QAP,1223,1426,130191
QAP,1224,1426,130297
QAP,1225,1426,130403
QAP,1226,1426,130510
QAP,1227,1426,130616
QAP,1228,1426,130722
QAP,1229,1426,130827
QAP,1230,1426,130934
QAP,1231,1426,131040
QAP,1232,1426,131138
QAP,1233,1426,131248
QAP,1234,1426,131358
QAP,1235,1426,131452
QAP,1236,1426,131571
QAP,1237,1426,131673
QAP,1238,1426,131782
QAP,1239,1426,131877
QAP,1240,1426,131987
QAP,1241,1426,132097
QAP,1242,1426,132191
QAP,1243,1426,132301
QAP,1244,1426,132411
QAP,1245,1426,132505
QAP,1246,1426,132615
QAP,1247,1424,132725
QAP,1248,1424,132835
QAP,1249,1424,132938
QAP,1250,1424,133039
QAP,1251,1424,133148
QAP,1252,1424,133258
QAP,1253,1424,133353
QAP,1254,1424,133462
QAP,1255,1424,133573
QAP,1256,1424,133667
QAP,1257,1424,133777
QAP,1258,1424,133887
QAP,1259,1424,133997
QAP,1260,1424,134091
QAP,1261,1424,134201
QAP,1262,1424,134311
QAP,1263,1424,134421
QAP,1264,1424,134515
QAP,1265,1424,134625
QAP,1266,1424,134735
QAP,1267,1424,134829
QAP,1268,1424,134948
QAP,1269,1424,135054
QAP,1270,1424,135159
QAP,1271,1424,135264
QAP,1272,1424,135373
QAP,1273,1424,135475
QAP,1274,1424,135585
QAP,1275,1424,135679
QAP,1276,1424,135789
QAP,1277,1424,135898
QAP,1278,1424,136009
QAP,1279,1424,136103
QAP,1280,1424,136213
QAP,1281,1424,136323
QAP,1282,1424,136433
QAP,1283,1424,136528
QAP,1284,1424,136638
QAP,1285,1424,136748
QAP,1286,1424,136858
QAP,1287,1424,136952
QAP,1288,1424,137062
QAP,1289,1424,137172
QAP,1290,1424,137282
QAP,1291,1424,137376
QAP,1292,1424,137486
QAP,1293,1424,137597
QAP,1294,1424,137707
QAP,1295,1424,137801
QAP,1296,1424,137911
QAP,1297,1424,138021
QAP,1298,1424,138131
QAP,1299,1424,138241
QAP,1300,1424,138335
QAP,1301,1424,138446
QAP,1302,1424,138556
QAP,1303,1424,138666
QAP,1304,1424,138760
QAP,1305,1424,138870
QAP,1306,1424,138980
QAP,1307,1424,139090
QAP,1308,1424,139200
QAP,1309,1424,139295
QAP,1310,1424,139405
QAP,1311,1424,139514
QAP,1312,1424,139625
QAP,1313,1424,139735
QAP,1314,1424,139829
QAP,1315,1424,139939
QAP,1316,1424,140050
QAP,1317,1424,140159
QAP,1318,1424,140269
QAP,1319,1424,140364
QAP,1320,1424,140474
QAP,1321,1424,140584
QAP,1322,1424,140694
QAP,1323,1424,140788
QAP,1324,1424,140898
QAP,1325,1424,141008
QAP,1326,1424,141118
QAP,1327,1424,141227
QAP,1328,1424,141321
QAP,1329,1424,141431
QAP,1330,1424,141541
QAP,1331,1424,141651
QAP,1332,1424,141761
QAP,1333,1424,141855
QAP,1334,1424,141964
QAP,1335,1424,142074
QAP,1336,1424,142183
QAP,1337,1424,142293
QAP,1338,1424,142403
QAP,1339,1424,142513
QAP,1340,1424,142608
QAP,1341,1424,142718
QAP,1342,1424,142832
QAP,1343,1424,142938
QAP,1344,1424,143048
QAP,1345,1424,143142
QAP,1346,1424,143252
QAP,1347,1424,143362
QAP,1348,1424,143472
QAP,1349,1424,143582
QAP,1350,1424,143688
QAP,1351,1424,143795
QAP,1352,1424,143902
QAP,1353,1424,144009
QAP,1354,1424,144115
QAP,1355,1424,144220
QAP,1356,1424,144329
QAP,1357,1424,144434
QAP,1358,1424,144542
QAP,1359,1424,144640
QAP,1360,1424,144750
QAP,1361,1424,144859
QAP,1362,1424,144954
QAP,1363,1424,145064
QAP,1364,1424,145174
QAP,1365,1424,145284
QAP,1366,1424,145378
QAP,1367,1424,145489
QAP,1368,1424,145598
QAP,1369,1424,145708
QAP,1370,1424,145818
QAP,1371,1424,145912
QAP,1372,1424,146022
QAP,1373,1424,146132
QAP,1374,1424,146226
QAP,1375,1424,146337
QAP,1376,1424,146446
QAP,1377,1424,146559
QAP,1378,1424,146651
QAP,1379,1424,146760
QAP,1380,1424,146871
QAP,1381,1424,146981
QAP,1382,1424,147075
QAP,1383,1424,147185
QAP,1384,1424,147295
QAP,1385,1424,147405
QAP,1386,1424,147499
QAP,1387,1424,147609
QAP,1388,1424,147719
QAP,1389,1424,147829
QAP,1390,1424,147932
QAP,1391,1424,148034
QAP,1392,1424,148143
QAP,1393,1424,148238
QAP,1394,1424,148348
QAP,1395,1424,148458
QAP,1396,1424,148568
QAP,1397,1424,148662
QAP,1398,1424,148772
QAP,1399,1424,148882
QAP,1400,1424,148976
QAP,1401,1424,149086
QAP,1402,1424,149196
QAP,1403,1424,149306
QAP,1404,1424,149416
QAP,1405,1424,149511
QAP,1406,1424,149621
QAP,1407,1424,149731
QAP,1408,1424,149825
QAP,1409,1424,149935
QAP,1410,1424,150045
QAP,1411,1424,150155
QAP,1412,1424,150249
QAP,1413,1424,150359
QAP,1414,1424,150471
QAP,1415,1424,150579
QAP,1416,1424,150673
QAP,1417,1424,150783
QAP,1418,1424,150893
QAP,1419,1424,151003
QAP,1420,1424,151097
QAP,1421,1424,151207
QAP,1422,1424,151317
QAP,1423,1424,151427
QAP,1424,1424,151537
QAP,1425,1424,151631
QAP,1426,1424,151753
QAP,1427,1424,151860
QAP,1428,1424,151962
QAP,1429,1424,152072
QAP,1430,1424,152166
QAP,1431,1424,152277
QAP,1432,1424,152386
QAP,1433,1424,152496
QAP,1434,1424,152606
QAP,1435,1424,152700
QAP,1436,1424,152810
QAP,1437,1424,152920
QAP,1438,1424,153030
QAP,1439,1424,153140
QAP,1440,1424,153234
QAP,1441,1424,153344
QAP,1442,1424,153454
QAP,1443,1424,153564
QAP,1444,1424,153674
QAP,1445,1424,153768
QAP,1446,1424,153878
QAP,1447,1424,153988
QAP,1448,1424,154098
QAP,1449,1424,154208
QAP,1450,1424,154318
QAP,1451,1424,154412
QAP,1452,1424,154522
QAP,1453,1424,154632
QAP,1454,1424,154747
QAP,1455,1424,154852
QAP,1456,1424,154946
QAP,1457,1424,155056
QAP,1458,1424,155166
QAP,1459,1424,155276
QAP,1460,1424,155386
QAP,1461,1424,155480
QAP,1462,1424,155590
QAP,1463,1424,155701
QAP,1464,1424,155811
QAP,1465,1424,155921
QAP,1466,1424,156031
QAP,1467,1424,156141
QAP,1468,1424,156235
QAP,1469,1424,156345
QAP,1470,1424,156455
QAP,1471,1424,156565
QAP,1472,1424,156675
QAP,1473,1424,156769
QAP,1474,1424,156879
QAP,1475,1424,156989
QAP,1476,1424,157099
QAP,1477,1424,157209
QAP,1478,1424,157303
QAP,1479,1424,157414
QAP,1480,1424,157524
QAP,1481,1424,157634
QAP,1482,1424,157744
QAP,1483,1424,157854
QAP,1484,1424,157948
QAP,1485,1424,158058
QAP,1486,1424,158168
QAP,1487,1424,158278
QAP,1488,1424,158392
QAP,1489,1424,158496
QAP,1490,1424,158606
QAP,1491,1424,158700
QAP,1492,1424,158810
QAP,1493,1424,158920
QAP,1494,1424,159032
QAP,1495,1424,159140
QAP,1496,1424,159235
QAP,1497,1424,159344
QAP,1498,1424,159454
QAP,1499,1424,159566
QAP,1500,1424,159674
QAP,1501,1424,159784
QAP,1502,1424,159878
QAP,1503,1424,159988
QAP,1504,1424,160098
QAP,1505,1424,160208
QAP,1506,1424,160318
QAP,1507,1424,160413
QAP,1508,1424,160523
QAP,1509,1424,160633
QAP,1510,1424,160743
QAP,1511,1424,160853
QAP,1512,1424,160948
QAP,1513,1424,161057
QAP,1514,1424,161167
QAP,1515,1424,161278
QAP,1516,1424,161388
QAP,1517,1424,161482
QAP,1518,1424,161592
QAP,1519,1424,161702
QAP,1520,1424,161812
QAP,1521,1424,161923
QAP,1522,1424,162018
QAP,1523,1424,162127
QAP,1524,1424,162237
QAP,1525,1424,162348
QAP,1526,1424,162457
QAP,1527,1424,162552
QAP,1528,1424,162666
QAP,1529,1424,162772
QAP,1530,1424,162882
QAP,1531,1424,162977
QAP,1532,1424,163087
QAP,1533,1424,163197
QAP,1534,1424,163307
QAP,1535,1424,163417
QAP,1536,1424,163511
QAP,1537,1424,163621
QAP,1538,1424,163731
QAP,1539,1424,163841
QAP,1540,1424,163951
QAP,1541,1424,164045
QAP,1542,1424,164155
QAP,1543,1424,164264
QAP,1544,1424,164374
QAP,1545,1424,164484
QAP,1546,1424,164579
QAP,1547,1424,164689
QAP,1548,1424,164798
QAP,1549,1424,164908
QAP,1550,1424,165018
QAP,1551,1424,165112
QAP,1552,1424,165221
QAP,1553,1424,165331
QAP,1554,1424,165441
QAP,1555,1424,165551
QAP,1556,1424,165653
QAP,1557,1424,165755
QAP,1558,1424,165865
QAP,1559,1424,165975
QAP,1560,1424,166070
QAP,1561,1424,166190
QAP,1562,1424,166296
QAP,1563,1424,166399
QAP,1564,1424,166509
QAP,1565,1424,166604
QAP,1566,1424,166714
QAP,1567,1424,166824
QAP,1568,1424,166934
QAP,1569,1424,167028
QAP,1570,1424,167138
QAP,1571,1424,167248
QAP,1572,1424,167357
QAP,1573,1424,167468
QAP,1574,1424,167562
QAP,1575,1424,167672
QAP,1576,1424,167782
QAP,1577,1424,167892
QAP,1578,1424,167986
QAP,1579,1424,168097
QAP,1580,1424,168207
QAP,1581,1424,168317
QAP,1582,1424,168427
QAP,1583,1424,168521
QAP,1584,1424,168631
QAP,1585,1424,168741
QAP,1586,1424,168851
QAP,1587,1424,168945
QAP,1588,1424,169056
QAP,1589,1424,169166
QAP,1590,1424,169276
QAP,1591,1424,169385
QAP,1592,1424,169480
QAP,1593,1424,169590
QAP,1594,1424,169700
QAP,1595,1424,169810
QAP,1596,1424,169905
QAP,1597,1424,170014
QAP,1598,1424,170124
QAP,1599,1424,170234
QAP,1600,1424,170344
QAP,1601,1424,170438
QAP,1602,1424,170549
QAP,1603,1424,170659
QAP,1604,1424,170768
QAP,1605,1424,170878
QAP,1606,1424,170988
QAP,1607,1424,171102
QAP,1608,1424,171208
QAP,1609,1424,171303
QAP,1610,1424,171415
QAP,1611,1424,171522
QAP,1612,1424,171632
QAP,1613,1424,171732
QAP,1614,1424,171836
QAP,1615,1424,171946
QAP,1616,1424,172056
QAP,1617,1424,172167
QAP,1618,1424,172261
QAP,1619,1424,172370
QAP,1620,1424,172480
QAP,1621,1424,172590
QAP,1622,1424,172699
QAP,1623,1424,172793
QAP,1624,1424,172903
QAP,1625,1424,173013
QAP,1626,1424,173122
QAP,1627,1424,173232
QAP,1628,1424,173326
QAP,1629,1424,173435
QAP,1630,1424,173545
QAP,1631,1424,173655
QAP,1632,1424,173764
QAP,1633,1424,173859
QAP,1634,1424,173969
QAP,1635,1424,174078
QAP,1636,1424,174188
QAP,1637,1424,174298
QAP,1638,1424,174408
QAP,1639,1424,174502
QAP,1640,1424,174612
QAP,1641,1424,174721
QAP,1642,1424,174831
QAP,1643,1424,174941
QAP,1644,1424,175035
QAP,1645,1424,175145
QAP,1646,1424,175256
QAP,1647,1424,175366
QAP,1648,1424,175476
QAP,1649,1424,175570
QAP,1650,1424,175680
QAP,1651,1424,175790
QAP,1652,1424,175900
QAP,1653,1424,176010
QAP,1654,1424,176104
QAP,1655,1424,176214
QAP,1656,1424,176324
QAP,1657,1424,176434
QAP,1658,1424,176545
QAP,1659,1424,176638
QAP,1660,1424,176748
QAP,1661,1424,176858
QAP,1662,1424,176968
QAP,1663,1424,177078
QAP,1664,1424,177173
QAP,1665,1424,177283
QAP,1666,1424,177393
QAP,1667,1424,177503
QAP,1668,1424,177612
QAP,1669,1424,177707
QAP,1670,1424,177817
QAP,1671,1424,177926
QAP,1672,1424,178036
QAP,1673,1424,178130
QAP,1674,1424,178240
QAP,1675,1424,178350
QAP,1676,1424,178460
QAP,1677,1424,178570
QAP,1678,1424,178665
QAP,1679,1424,178775
QAP,1680,1424,178885
QAP,1681,1424,178995
QAP,1682,1424,179089
QAP,1683,1424,179199
QAP,1684,1424,179309
QAP,1685,1424,179419
QAP,1686,1424,179529
QAP,1687,1424,179623
QAP,1688,1424,179733
QAP,1689,1424,179843
QAP,1690,1424,179953
QAP,1691,1424,180047
QAP,1692,1424,180157
QAP,1693,1424,180266
QAP,1694,1424,180376
QAP,1695,1424,180471
QAP,1696,1424,180580
QAP,1697,1424,180691
QAP,1698,1424,180800
QAP,1699,1424,180910
QAP,1700,1424,181005
QAP,1701,1424,181115
QAP,1702,1424,181225
QAP,1703,1424,181335
QAP,1704,1424,181429
QAP,1705,1424,181539
QAP,1706,1424,181649
QAP,1707,1424,181759
QAP,1708,1424,181869
QAP,1709,1424,181963
QAP,1710,1424,182073
QAP,1711,1424,182183
QAP,1712,1424,182293
QAP,1713,1424,182388
QAP,1714,1424,182498
QAP,1715,1424,182607
QAP,1716,1424,182717
QAP,1717,1424,182812
QAP,1718,1424,182922
QAP,1719,1424,183032
QAP,1720,1424,183142
QAP,1721,1424,183236
QAP,1722,1424,183346
QAP,1723,1424,183456
QAP,1724,1424,183566
QAP,1725,1424,183675
QAP,1726,1424,183770
QAP,1727,1424,183880
QAP,1728,1424,183990
QAP,1729,1424,184100
QAP,1730,1424,184194
QAP,1731,1424,184304
QAP,1732,1424,184414
QAP,1733,1424,184524
QAP,1734,1424,184618
QAP,1735,1424,184736
QAP,1736,1424,184838
QAP,1737,1424,184948
QAP,1738,1424,185043
QAP,1739,1424,185153
QAP,1740,1424,185262
QAP,1741,1424,185372
QAP,1742,1424,185467
QAP,1743,1424,185577
QAP,1744,1424,185687
QAP,1745,1424,185797
QAP,1746,1424,185891
QAP,1747,1424,186001
QAP,1748,1424,186111
QAP,1749,1424,186221
QAP,1750,1424,186331
QAP,1751,1424,186425
QAP,1752,1424,186535
QAP,1753,1424,186645
QAP,1754,1424,186755
QAP,1755,1424,186849
QAP,1756,1424,186959
QAP,1757,1424,187069
QAP,1758,1424,187179
QAP,1759,1424,187274
QAP,1760,1424,187384
QAP,1761,1424,187493
QAP,1762,1424,187603
QAP,1763,1424,187713
QAP,1764,1424,187823
QAP,1765,1424,187917
QAP,1766,1424,188027
QAP,1767,1424,188137
QAP,1768,1424,188247
QAP,1769,1424,188341
QAP,1770,1424,188451
QAP,1771,1424,188561
QAP,1772,1424,188671
QAP,1773,1424,188765
QAP,1774,1424,188875
QAP,1775,1424,188984
QAP,1776,1424,189094
QAP,1777,1424,189204
QAP,1778,1424,189298
QAP,1779,1424,189409
QAP,1780,1424,189518
QAP,1781,1424,189629
QAP,1782,1424,189723
QAP,1783,1424,189833
QAP,1784,1424,189943
QAP,1785,1424,190053
QAP,1786,1424,190163
QAP,1787,1424,190257
QAP,1788,1424,190367
QAP,1789,1424,190477
QAP,1790,1424,190587
QAP,1791,1424,190681
QAP,1792,1424,190791
QAP,1793,1424,190901
QAP,1794,1424,191011
QAP,1795,1424,191121
QAP,1796,1424,191216
QAP,1797,1424,191325
QAP,1798,1424,191435
QAP,1799,1424,191548
QAP,1800,1424,191639
QAP,1801,1424,191749
QAP,1802,1424,191859
QAP,1803,1424,191969
QAP,1804,1424,192079
QAP,1805,1424,192173
QAP,1806,1424,192283
QAP,1807,1424,192393
QAP,1808,1424,192503
QAP,1809,1424,192598
QAP,1810,1424,192708
QAP,1811,1424,192818
QAP,1812,1424,192928
QAP,1813,1424,193022
QAP,1814,1424,193132
QAP,1815,1424,193242
QAP,1816,1424,193352
QAP,1817,1424,193461
QAP,1818,1424,193556
QAP,1819,1424,193666
QAP,1820,1424,193776
QAP,1821,1424,193886
QAP,1822,1424,193980
QAP,1823,1424,194090
QAP,1824,1424,194200
QAP,1825,1424,194310
QAP,1826,1424,194420
QAP,1827,1424,194514
QAP,1828,1424,194624
QAP,1829,1424,194734
QAP,1830,1424,194843
QAP,1831,1424,194938
QAP,1832,1424,195048
QAP,1833,1424,195157
QAP,1834,1424,195267
QAP,1835,1424,195361
QAP,1836,1424,195471
QAP,1837,1424,195581
QAP,1838,1424,195691
QAP,1839,1424,195801
QAP,1840,1424,195895
QAP,1841,1424,196005
QAP,1842,1424,196115
QAP,1843,1424,196225
QAP,1844,1424,196319
QAP,1845,1424,196438
QAP,1846,1424,196545
QAP,1847,1424,196652
QAP,1848,1424,196760
QAP,1849,1424,196867
QAP,1850,1424,196974
QAP,1851,1424,197081
QAP,1852,1424,197187
QAP,1853,1424,197292
QAP,1854,1424,197399
QAP,1855,1424,197504
QAP,1856,1424,197612
QAP,1857,1424,197718
QAP,1858,1424,197825
QAP,1859,1424,197934
QAP,1860,1424,198028
QAP,1861,1424,198137
QAP,1862,1424,198247
QAP,1863,1424,198359
QAP,1864,1424,198451
QAP,1865,1424,198561
QAP,1866,1424,198672
QAP,1867,1424,198782
QAP,1868,1424,198876
QAP,1869,1424,198986
QAP,1870,1424,199096
QAP,1871,1424,199206
QAP,1872,1424,199300
QAP,1873,1424,199410
QAP,1874,1424,199520
QAP,1875,1424,199630
QAP,1876,1424,199733
QAP,1877,1424,199835
QAP,1878,1424,199945
QAP,1879,1424,200055
QAP,1880,1424,200165
QAP,1881,1424,200259
QAP,1882,1424,200369
QAP,1883,1424,200479
QAP,1884,1424,200589
QAP,1885,1424,200683
QAP,1886,1424,200793
QAP,1887,1424,200903
QAP,1888,1424,201013
QAP,1889,1424,201123
QAP,1890,1424,201218
QAP,1891,1424,201327
QAP,1892,1424,201437
QAP,1893,1424,201548
QAP,1894,1424,201657
QAP,1895,1424,201765
QAP,1896,1424,201871
QAP,1897,1424,201977
QAP,1898,1424,202083
QAP,1899,1424,202191
QAP,1900,1424,202298
QAP,1901,1424,202404
QAP,1902,1424,202511
QAP,1903,1424,202617
QAP,1904,1424,202723
QAP,1905,1424,202830
QAP,1906,1424,202936
QAP,1907,1424,203043
QAP,1908,1424,203142
QAP,1909,1424,203252
QAP,1910,1424,203361
QAP,1911,1424,203455
QAP,1912,1424,203565
QAP,1913,1424,203675
QAP,1914,1424,203784
QAP,1915,1424,203894
QAP,1916,1424,203988
QAP,1917,1424,204099
QAP,1918,1424,204209
QAP,1919,1424,204319
QAP,1920,1424,204413
QAP,1921,1424,204523
QAP,1922,1424,204633
QAP,1923,1424,204743
QAP,1924,1424,204853
QAP,1925,1424,204947
QAP,1926,1424,205057
QAP,1927,1424,205173
QAP,1928,1424,205277
QAP,1929,1424,205371
QAP,1930,1424,205481
QAP,1931,1424,205591
QAP,1932,1424,205701
QAP,1933,1424,205811
QAP,1934,1424,205920
QAP,1935,1424,206015
QAP,1936,1424,206125
QAP,1937,1424,206234
QAP,1938,1424,206344
QAP,1939,1424,206454
QAP,1940,1424,206564
QAP,1941,1424,206658
QAP,1942,1424,206783
QAP,1943,1424,206877
QAP,1944,1424,206987
QAP,1945,1424,207096
QAP,1946,1424,207206
QAP,1947,1424,207316
QAP,1948,1424,207410
QAP,1949,1424,207519
QAP,1950,1424,207629
QAP,1951,1424,207739
QAP,1952,1424,207849
QAP,1953,1424,207943
QAP,1954,1424,208053
QAP,1955,1424,208163
QAP,1956,1424,208273
QAP,1957,1424,208382
QAP,1958,1424,208476
QAP,1959,1424,208586
QAP,1960,1424,208696
QAP,1961,1424,208806
QAP,1962,1424,208915
QAP,1963,1424,209009
QAP,1964,1424,209119
QAP,1965,1424,209229
QAP,1966,1424,209338
QAP,1967,1424,209432
QAP,1968,1424,209542
QAP,1969,1424,209652
QAP,1970,1424,209762
QAP,1971,1424,209872
QAP,1972,1424,209982
QAP,1973,1424,210076
QAP,1974,1424,210185
QAP,1975,1424,210295
QAP,1976,1424,210405
QAP,1977,1424,210514
QAP,1978,1424,210608
QAP,1979,1424,210718
QAP,1980,1424,210828
QAP,1981,1424,210937
QAP,1982,1424,211047
QAP,1983,1424,211141
QAP,1984,1424,211251
QAP,1985,1424,211361
QAP,1986,1424,211471
QAP,1987,1424,211581
QAP,1988,1424,211676
QAP,1989,1424,211786
QAP,1990,1424,211895
QAP,1991,1424,212006
QAP,1992,1424,212100
QAP,1993,1424,212209
QAP,1994,1424,212320
QAP,1995,1424,212430
QAP,1996,1424,212539
QAP,1997,1424,212634
QAP,1998,1424,212744
QAP,1999,1424,212854
QAP,2000,1424,212964
QAP,2001,1424,213058
QAP,2002,1424,213168
QAP,2003,1424,213278
QAP,2004,1424,213388
QAP,2005,1424,213498
QAP,2006,1424,213592
QAP,2007,1424,213702
QAP,2008,1424,213812
QAP,2009,1424,213922
QAP,2010,1424,214032
QAP,2011,1424,214135
QAP,2012,1424,214237
QAP,2013,1424,214347
QAP,2014,1424,214457
QAP,2015,1424,214551
QAP,2016,1424,214661
QAP,2017,1424,214771
QAP,2018,1424,214881
QAP,2019,1424,214991
QAP,2020,1424,215086
QAP,2021,1424,215196
QAP,2022,1424,215306
QAP,2023,1424,215416
QAP,2024,1424,215510
QAP,2025,1424,215620
QAP,2026,1424,215730
QAP,2027,1424,215840
QAP,2028,1424,215934
QAP,2029,1424,216044
QAP,2030,1424,216154
QAP,2031,1424,216264
QAP,2032,1424,216374
QAP,2033,1424,216468
QAP,2034,1424,216578
QAP,2035,1424,216688
QAP,2036,1424,216798
QAP,2037,1424,216892
QAP,2038,1424,217002
QAP,2039,1424,217112
QAP,2040,1424,217222
QAP,2041,1424,217332
QAP,2042,1424,217426
QAP,2043,1424,217536
QAP,2044,1424,217646
QAP,2045,1424,217756
QAP,2046,1424,217850
QAP,2047,1424,217960
QAP,2048,1424,218070
QAP,2049,1424,218180
QAP,2050,1424,218274
QAP,2051,1424,218384
QAP,2052,1424,218494
QAP,2053,1424,218604
QAP,2054,1424,218714
QAP,2055,1424,218816
QAP,2056,1424,218918
QAP,2057,1424,219028
QAP,2058,1424,219140
QAP,2059,1424,219232
QAP,2060,1424,219342
QAP,2061,1424,219452
QAP,2062,1424,219562
QAP,2063,1424,219672
QAP,2064,1424,219766
QAP,2065,1424,219876
QAP,2066,1424,219986
QAP,2067,1424,220096
QAP,2068,1424,220190
QAP,2069,1424,220300
QAP,2070,1424,220410
QAP,2071,1424,220519
QAP,2072,1424,220629
QAP,2073,1424,220723
QAP,2074,1424,220833
QAP,2075,1424,220943
QAP,2076,1424,221052
QAP,2077,1424,221162
QAP,2078,1424,221272
QAP,2079,1424,221366
QAP,2080,1424,221476
QAP,2081,1424,221586
QAP,2082,1424,221696
QAP,2083,1424,221790
QAP,2084,1424,221900
QAP,2085,1424,222010
QAP,2086,1424,222120
QAP,2087,1424,222230
QAP,2088,1424,222325
QAP,2089,1424,222435
QAP,2090,1424,222545
QAP,2091,1424,222655
QAP,2092,1424,222749
QAP,2093,1424,222859
QAP,2094,1424,222968
QAP,2095,1424,223078
QAP,2096,1424,223173
QAP,2097,1424,223283
QAP,2098,1424,223393
QAP,2099,1424,223503
QAP,2100,1424,223613
QAP,2101,1424,223707
QAP,2102,1424,223817
QAP,2103,1424,223927
QAP,2104,1424,224036
QAP,2105,1424,224131
QAP,2106,1424,224241
QAP,2107,1424,224351
QAP,2108,1424,224461
QAP,2109,1424,224571
QAP,2110,1424,224665
QAP,2111,1424,224774
QAP,2112,1424,224884
QAP,2113,1424,224994
QAP,2114,1424,225104
QAP,2115,1424,225198
QAP,2116,1424,225308
QAP,2117,1424,225417
QAP,2118,1424,225527
QAP,2119,1424,225638
QAP,2120,1424,225732
QAP,2121,1424,225842
QAP,2122,1424,225951
QAP,2123,1424,226061
QAP,2124,1424,226155
QAP,2125,1424,226265
QAP,2126,1424,226375
QAP,2127,1424,226484
QAP,2128,1424,226594
QAP,2129,1424,226688
QAP,2130,1424,226798
QAP,2131,1424,226908
QAP,2132,1424,227018
QAP,2133,1424,227128
QAP,2134,1424,227222
QAP,2135,1424,227332
QAP,2136,1424,227441
QAP,2137,1424,227551
QAP,2138,1424,227661
QAP,2139,1424,227755
QAP,2140,1424,227865
QAP,2141,1424,227975
QAP,2142,1424,228084
QAP,2143,1424,228194
QAP,2144,1424,228288
QAP,2145,1424,228398
QAP,2146,1424,228507
QAP,2147,1424,228617
QAP,2148,1424,228727
QAP,2149,1424,228821
QAP,2150,1424,228931
QAP,2151,1424,229040
QAP,2152,1424,229150
QAP,2153,1424,229261
QAP,2154,1424,229355
QAP,2155,1424,229464
QAP,2156,1424,229574
QAP,2157,1424,229684
QAP,2158,1424,229794
QAP,2159,1424,229888
QAP,2160,1424,229997
QAP,2161,1424,230107
QAP,2162,1424,230217
QAP,2163,1424,230311
QAP,2164,1424,230421
QAP,2165,1424,230531
QAP,2166,1424,230640
QAP,2167,1424,230750
QAP,2168,1424,230844
QAP,2169,1424,230954
QAP,2170,1424,231064
QAP,2171,1424,231173
QAP,2172,1424,231283
QAP,2173,1424,231377
QAP,2174,1424,231486
QAP,2175,1424,231596
QAP,2176,1424,231706
QAP,2177,1424,231816
QAP,2178,1424,231910
QAP,2179,1424,232019
QAP,2180,1424,232130
QAP,2181,1424,232239
QAP,2182,1424,232349
QAP,2183,1424,232443
QAP,2184,1424,232553
QAP,2185,1424,232663
QAP,2186,1424,232773
QAP,2187,1424,232883
QAP,2188,1424,232977
QAP,2189,1424,233087
QAP,2190,1424,233198
QAP,2191,1424,233308
QAP,2192,1424,233417
QAP,2193,1424,233512
QAP,2194,1424,233622
QAP,2195,1424,233732
QAP,2196,1424,233841
QAP,2197,1424,233936
QAP,2198,1424,234046
QAP,2199,1424,234156
QAP,2200,1424,234266
QAP,2201,1424,234360
QAP,2202,1424,234470
QAP,2203,1424,234580
QAP,2204,1424,234690
QAP,2205,1424,234799
QAP,2206,1424,234893
QAP,2207,1424,235003
QAP,2208,1424,235113
QAP,2209,1424,235223
QAP,2210,1424,235332
QAP,2211,1424,235427
QAP,2212,1424,235537
QAP,2213,1424,235647
QAP,2214,1424,235756
QAP,2215,1424,235866
QAP,2216,1424,235960
QAP,2217,1424,236070
QAP,2218,1424,236180
QAP,2219,1424,236290
QAP,2220,1424,236400
QAP,2221,1424,236509
QAP,2222,1424,236604
QAP,2223,1424,236713
QAP,2224,1424,236823
QAP,2225,1424,236933
QAP,2226,1424,237042
QAP,2227,1424,237136
QAP,2228,1424,237246
QAP,2229,1424,237356
QAP,2230,1424,237465
QAP,2231,1424,237560
QAP,2232,1424,237669
QAP,2233,1424,237779
QAP,2234,1424,237893
QAP,2235,1424,237998
QAP,2236,1424,238109
QAP,2237,1424,238215
QAP,2238,1424,238320
QAP,2239,1424,238427
QAP,2240,1424,238537
QAP,2241,1424,238629
QAP,2242,1424,238739
QAP,2243,1424,238850
QAP,2244,1424,238960
QAP,2245,1424,239070
QAP,2246,1424,239164
QAP,2247,1424,239274
QAP,2248,1424,239384
QAP,2249,1424,239494
QAP,2250,1424,239588
QAP,2251,1424,239698
QAP,2252,1424,239808
QAP,2253,1424,239918
QAP,2254,1424,240027
QAP,2255,1424,240122
QAP,2256,1424,240231
QAP,2257,1424,240342
QAP,2258,1424,240452
QAP,2259,1424,240562
QAP,2260,1424,240656
QAP,2261,1424,240766
QAP,2262,1424,240876
QAP,2263,1424,240986
QAP,2264,1424,241095
QAP,2265,1424,241203
QAP,2266,1424,241309
QAP,2267,1424,241414
QAP,2268,1424,241522
QAP,2269,1424,241628
QAP,2270,1424,241735
QAP,2271,1424,241841
QAP,2272,1424,241948
QAP,2273,1424,242054
QAP,2274,1424,242159
QAP,2275,1424,242266
QAP,2276,1424,242372
QAP,2277,1424,242480
QAP,2278,1424,242586
QAP,2279,1424,242692
QAP,2280,1424,242798
QAP,2281,1424,242905
QAP,2282,1424,243012
QAP,2283,1424,243117
QAP,2284,1424,243211
QAP,2285,1424,243320
QAP,2286,1424,243430
QAP,2287,1424,243540
QAP,2288,1424,243650
QAP,2289,1424,243744
QAP,2290,1424,243853
QAP,2291,1424,243963
QAP,2292,1424,244073
QAP,2293,1424,244183
QAP,2294,1424,244277
QAP,2295,1424,244387
QAP,2296,1424,244497
QAP,2297,1424,244606
QAP,2298,1424,244708
QAP,2299,1424,244810
QAP,2300,1424,244920
QAP,2301,1424,245030
QAP,2302,1424,245139
QAP,2303,1424,245233
QAP,2304,1424,245343
QAP,2305,1424,245452
QAP,2306,1424,245563
QAP,2307,1424,245672
QAP,2308,1424,245766
QAP,2309,1424,245876
QAP,2310,1424,245986
QAP,2311,1424,246095
QAP,2312,1424,246205
QAP,2313,1424,246299
QAP,2314,1424,246409
QAP,2315,1424,246519
QAP,2316,1424,246628
QAP,2317,1424,246738
QAP,2318,1424,246832
QAP,2319,1424,246942
QAP,2320,1424,247051
QAP,2321,1424,247161
QAP,2322,1424,247271
QAP,2323,1424,247364
QAP,2324,1424,247474
QAP,2325,1424,247584
QAP,2326,1424,247694
QAP,2327,1424,247804
QAP,2328,1424,247898
QAP,2329,1424,248007
QAP,2330,1424,248117
QAP,2331,1424,248226
QAP,2332,1424,248336
QAP,2333,1424,248446
QAP,2334,1424,248540
QAP,2335,1424,248650
QAP,2336,1424,248760
QAP,2337,1424,248870
QAP,2338,1424,248979
QAP,2339,1424,249089
QAP,2340,1424,249183
QAP,2341,1424,249293
QAP,2342,1424,249403
QAP,2343,1424,249513
QAP,2344,1424,249607
QAP,2345,1424,249717
QAP,2346,1424,249826
QAP,2347,1424,249936
QAP,2348,1424,250046
QAP,2349,1424,250140
QAP,2350,1424,250250
QAP,2351,1424,250360
QAP,2352,1424,250470
QAP,2353,1424,250580
QAP,2354,1424,250674
QAP,2355,1424,250783
QAP,2356,1424,250893
QAP,2357,1424,251003
QAP,2358,1424,251112
QAP,2359,1424,251206
QAP,2360,1424,251316
QAP,2361,1424,251426
QAP,2362,1424,251536
QAP,2363,1424,251645
QAP,2364,1424,251739
QAP,2365,1424,251849
QAP,2366,1424,251958
QAP,2367,1424,252068
QAP,2368,1424,252178
QAP,2369,1424,252272
QAP,2370,1424,252382
QAP,2371,1424,252491
QAP,2372,1424,252601
QAP,2373,1424,252711
QAP,2374,1424,252804
QAP,2375,1424,252915
QAP,2376,1424,253024
QAP,2377,1424,253134
QAP,2378,1424,253244
QAP,2379,1424,253337
QAP,2380,1424,253447
QAP,2381,1424,253557
QAP,2382,1424,253666
QAP,2383,1424,253760
QAP,2384,1424,253870
QAP,2385,1424,253979
QAP,2386,1424,254089
QAP,2387,1424,254199
QAP,2388,1424,254293
QAP,2389,1424,254403
QAP,2390,1424,254512
QAP,2391,1424,254622
QAP,2392,1424,254732
QAP,2393,1424,254826
QAP,2394,1424,254935
QAP,2395,1424,255045
QAP,2396,1424,255155
QAP,2397,1424,255264
QAP,2398,1424,255374
QAP,2399,1424,255468
QAP,2400,1424,255577
QAP,2401,1424,255687
QAP,2402,1424,255797
QAP,2403,1424,255907
QAP,2404,1424,256001
QAP,2405,1424,256110
QAP,2406,1424,256220
QAP,2407,1424,256330
QAP,2408,1424,256424
QAP,2409,1424,256534
QAP,2410,1424,256643
QAP,2411,1424,256753
QAP,2412,1424,256863
QAP,2413,1424,256957
QAP,2414,1424,257067
QAP,2415,1424,257176
QAP,2416,1424,257286
QAP,2417,1424,257396
QAP,2418,1424,257490
QAP,2419,1424,257600
QAP,2420,1424,257710
QAP,2421,1424,257819
QAP,2422,1424,257913
QAP,2423,1424,258023
QAP,2424,1424,258132
QAP,2425,1424,258242
QAP,2426,1424,258352
QAP,2427,1424,258446
QAP,2428,1424,258556
QAP,2429,1424,258665
QAP,2430,1424,258775
QAP,2431,1424,258885
QAP,2432,1424,258979
QAP,2433,1424,259088
QAP,2434,1424,259198
QAP,2435,1424,259308
QAP,2436,1424,259418
QAP,2437,1424,259512
QAP,2438,1424,259622
QAP,2439,1424,259732
QAP,2440,1424,259842
QAP,2441,1424,259937
QAP,2442,1424,260047
QAP,2443,1424,260157
QAP,2444,1424,260267
QAP,2445,1424,260361
QAP,2446,1424,260473
QAP,2447,1424,260581
QAP,2448,1424,260691
QAP,2449,1424,260786
QAP,2450,1424,260896
QAP,2451,1424,261006
QAP,2452,1424,261115
QAP,2453,1424,261210
QAP,2454,1424,261319
QAP,2455,1424,261429
QAP,2456,1424,261539
QAP,2457,1424,261651
QAP,2458,1424,261758
QAP,2459,1424,261855
QAP,2460,1424,261965
QAP,2461,1424,262075
QAP,2462,1424,262169
QAP,2463,1424,262279
QAP,2464,1424,262390
QAP,2465,1424,262500
QAP,2466,1424,262594
QAP,2467,1424,262704
QAP,2468,1424,262814
QAP,2469,1424,262924
QAP,2470,1424,263034
QAP,2471,1424,263128
QAP,2472,1424,263238
QAP,2473,1424,263348
QAP,2474,1424,263458
QAP,2475,1424,263552
QAP,2476,1424,263663
QAP,2477,1424,263773
QAP,2478,1424,263883
QAP,2479,1424,263977
QAP,2480,1424,264087
QAP,2481,1424,264197
QAP,2482,1424,264307
QAP,2483,1424,264417
QAP,2484,1424,264512
QAP,2485,1424,264622
QAP,2486,1424,264732
QAP,2487,1424,264842
QAP,2488,1424,264936
QAP,2489,1424,265046
QAP,2490,1424,265164
QAP,2491,1424,265266
QAP,2492,1424,265376
QAP,2493,1424,265470
QAP,2494,1424,265580
QAP,2495,1424,265690
QAP,2496,1424,265800
QAP,2497,1424,265910
QAP,2498,1424,266004
QAP,2499,1424,266114
QAP,2500,1424,266225
QAP,2501,1424,266335
QAP,2502,1424,266429
QAP,2503,1424,266539
QAP,2504,1424,266649
QAP,2505,1424,266759
QAP,2506,1424,266853
QAP,2507,1424,266963
QAP,2508,1424,267073
QAP,2509,1424,267183
QAP,2510,1424,267277
QAP,2511,1424,267388
QAP,2512,1424,267498
QAP,2513,1424,267608
QAP,2514,1424,267718
QAP,2515,1424,267812
QAP,2516,1424,267922
QAP,2517,1424,268032
QAP,2518,1424,268142
QAP,2519,1424,268236
QAP,2520,1424,268346
QAP,2521,1424,268456
QAP,2522,1424,268566
QAP,2523,1424,268660
QAP,2524,1424,268770
QAP,2525,1424,268880
QAP,2526,1424,268990
QAP,2527,1424,269085
QAP,2528,1424,269195
QAP,2529,1424,269305
QAP,2530,1424,269415
QAP,2531,1424,269525
QAP,2532,1424,269619
QAP,2533,1424,269729
QAP,2534,1424,269839
QAP,2535,1424,269949
QAP,2536,1424,270043
QAP,2537,1424,270154
QAP,2538,1424,270263
QAP,2539,1424,270373
QAP,2540,1424,270483
QAP,2541,1424,270577
QAP,2542,1424,270687
QAP,2543,1424,270797
QAP,2544,1424,270907
QAP,2545,1424,271001
QAP,2546,1424,271111
QAP,2547,1424,271221
QAP,2548,1424,271331
QAP,2549,1424,271426
QAP,2550,1424,271536
QAP,2551,1424,271646
QAP,2552,1424,271756
QAP,2553,1424,271866
QAP,2554,1424,271968
QAP,2555,1424,272070
QAP,2556,1424,272180
QAP,2557,1424,272290
QAP,2558,1424,272384
QAP,2559,1424,272494
QAP,2560,1424,272604
QAP,2561,1424,272714
QAP,2562,1424,272809
QAP,2563,1424,272919
QAP,2564,1424,273029
QAP,2565,1424,273138
QAP,2566,1424,273233
QAP,2567,1424,273343
QAP,2568,1424,273453
QAP,2569,1424,273563
QAP,2570,1424,273673
QAP,2571,1424,273783
QAP,2572,1424,273877
QAP,2573,1424,273987
QAP,2574,1424,274097
QAP,2575,1424,274207
QAP,2576,1424,274301
QAP,2577,1424,274411
QAP,2578,1424,274522
QAP,2579,1424,274633
QAP,2580,1424,274740
QAP,2581,1424,274846
QAP,2582,1424,274954
QAP,2583,1424,275059
QAP,2584,1424,275165
QAP,2585,1424,275272
QAP,2586,1424,275379
QAP,2587,1424,275484
QAP,2588,1424,275592
QAP,2589,1424,275698
QAP,2590,1424,275804
QAP,2591,1424,275912
QAP,2592,1424,276018
QAP,2593,1424,276124
QAP,2594,1424,276225
QAP,2595,1424,276335
QAP,2596,1424,276430
QAP,2597,1424,276540
QAP,2598,1424,276649
QAP,2599,1424,276759
QAP,2600,1424,276869
QAP,2601,1424,276963
QAP,2602,1424,277073
QAP,2603,1424,277182
QAP,2604,1424,277292
QAP,2605,1424,277402
QAP,2606,1424,277496
QAP,2607,1424,277606
QAP,2608,1424,277715
QAP,2609,1424,277825
QAP,2610,1424,277935
QAP,2611,1424,278029
QAP,2612,1424,278139
QAP,2613,1424,278248
QAP,2614,1424,278359
QAP,2615,1424,278468
QAP,2616,1424,278563
QAP,2617,1424,278672
QAP,2618,1424,278788
QAP,2619,1424,278892
QAP,2620,1424,278986
QAP,2621,1424,279095
QAP,2622,1424,279205
QAP,2623,1424,279315
QAP,2624,1424,279425
QAP,2625,1424,279519
QAP,2626,1424,279628
QAP,2627,1424,279738
QAP,2628,1424,279848
QAP,2629,1424,279957
QAP,2630,1424,280051
QAP,2631,1424,280161
QAP,2632,1424,280271
QAP,2633,1424,280380
QAP,2634,1424,280490
QAP,2635,1424,280584
QAP,2636,1424,280694
QAP,2637,1424,280804
QAP,2638,1424,280914
QAP,2639,1424,281008
QAP,2640,1424,281117
QAP,2641,1424,281227
QAP,2642,1424,281337
QAP,2643,1424,281447
QAP,2644,1424,281541
QAP,2645,1424,281651
QAP,2646,1424,281761
QAP,2647,1424,281870
QAP,2648,1424,281980
QAP,2649,1424,282075
QAP,2650,1424,282184
QAP,2651,1424,282295
QAP,2652,1424,282404
QAP,2653,1424,282514
QAP,2654,1424,282624
QAP,2655,1424,282718
QAP,2656,1424,282827
QAP,2657,1424,282937
QAP,2658,1424,283047
QAP,2659,1424,283173
QAP,2660,1424,283267
QAP,2661,1424,283377
QAP,2662,1424,283487
QAP,2663,1424,283597
QAP,2664,1424,283706
QAP,2665,1424,283816
QAP,2666,1424,283910
QAP,2667,1424,284020
QAP,2668,1424,284130
QAP,2669,1424,284248
QAP,2670,1424,284351
QAP,2671,1424,284461
QAP,2672,1424,284555
QAP,2673,1424,284665
QAP,2674,1424,284775
QAP,2675,1424,284884
QAP,2676,1424,284994
QAP,2677,1424,285088
QAP,2678,1424,285198
QAP,2679,1424,285308
QAP,2680,1424,285417
QAP,2681,1424,285527
QAP,2682,1424,285621
QAP,2683,1424,285731
QAP,2684,1424,285841
QAP,2685,1424,285950
QAP,2686,1424,286060
QAP,2687,1424,286154
QAP,2688,1424,286264
QAP,2689,1424,286374
QAP,2690,1424,286484
QAP,2691,1424,286593
QAP,2692,1424,286688
QAP,2693,1424,286798
QAP,2694,1424,286907
QAP,2695,1424,287017
QAP,2696,1424,287127
QAP,2697,1424,287221
QAP,2698,1424,287330
QAP,2699,1424,287440
QAP,2700,1424,287550
QAP,2701,1424,287660
QAP,2702,1424,287754
QAP,2703,1424,287863
QAP,2704,1424,287973
QAP,2705,1424,288083
QAP,2706,1424,288192
QAP,2707,1424,288286
QAP,2708,1424,288396
QAP,2709,1424,288506
QAP,2710,1424,288616
QAP,2711,1424,288710
QAP,2712,1424,288820
QAP,2713,1424,288929
QAP,2714,1424,289039
QAP,2715,1424,289149
QAP,2716,1424,289243
QAP,2717,1424,289360
QAP,2718,1424,289462
QAP,2719,1424,289572
QAP,2720,1424,289683
QAP,2721,1424,289776
QAP,2722,1424,289886
QAP,2723,1424,289995
QAP,2724,1424,290105
QAP,2725,1424,290215
QAP,2726,1424,290309
QAP,2727,1424,290418
QAP,2728,1424,290528
QAP,2729,1424,290638
QAP,2730,1424,290748
QAP,2731,1424,290841
QAP,2732,1424,290951
QAP,2733,1424,291061
QAP,2734,1424,291171
QAP,2735,1424,291281
QAP,2736,1424,291375
QAP,2737,1424,291484
QAP,2738,1424,291594
QAP,2739,1424,291704
QAP,2740,1424,291813
QAP,2741,1424,291907
QAP,2742,1424,292017
QAP,2743,1424,292127
QAP,2744,1424,292236
QAP,2745,1424,292346
QAP,2746,1424,292456
QAP,2747,1424,292550
QAP,2748,1424,292659
QAP,2749,1424,292769
QAP,2750,1424,292879
QAP,2751,1424,292989
QAP,2752,1424,293083
QAP,2753,1424,293193
QAP,2754,1424,293303
QAP,2755,1424,293414
QAP,2756,1424,293508
QAP,2757,1424,293618
QAP,2758,1424,293728
QAP,2759,1424,293838
QAP,2760,1424,293948
QAP,2761,1424,294042
QAP,2762,1424,294152
QAP,2763,1424,294261
QAP,2764,1424,294371
QAP,2765,1424,294482
QAP,2766,1424,294576
QAP,2767,1424,294686
QAP,2768,1424,294796
QAP,2769,1424,294905
QAP,2770,1424,295000
QAP,2771,1424,295110
QAP,2772,1424,295220
QAP,2773,1424,295330
QAP,2774,1424,295440
QAP,2775,1424,295547
QAP,2776,1424,295645
QAP,2777,1424,295754
QAP,2778,1424,295864
QAP,2779,1424,295958
QAP,2780,1424,296068
QAP,2781,1424,296178
QAP,2782,1424,296288
QAP,2783,1424,296398
QAP,2784,1424,296492
QAP,2785,1424,296603
QAP,2786,1424,296712
QAP,2787,1424,296822
QAP,2788,1424,296932
QAP,2789,1424,297026
QAP,2790,1424,297136
QAP,2791,1424,297246
QAP,2792,1424,297356
QAP,2793,1424,297450
QAP,2794,1424,297560
QAP,2795,1424,297670
QAP,2796,1424,297780
QAP,2797,1424,297874
QAP,2798,1424,297984
QAP,2799,1424,298094
QAP,2800,1424,298204
QAP,2801,1424,298314
QAP,2802,1424,298408
QAP,2803,1424,298518
QAP,2804,1424,298628
QAP,2805,1424,298738
QAP,2806,1424,298841
QAP,2807,1424,298943
QAP,2808,1424,299052
QAP,2809,1424,299162
QAP,2810,1424,299257
QAP,2811,1424,299367
QAP,2812,1424,299477
QAP,2813,1424,299587
QAP,2814,1424,299697
QAP,2815,1424,299804
QAP,2816,1424,299909
QAP,2817,1424,300016
QAP,2818,1424,300123
QAP,2819,1424,300229
QAP,2820,1424,300336
QAP,2821,1424,300442
QAP,2822,1424,300549
QAP,2823,1424,300656
QAP,2824,1424,300761
QAP,2825,1424,300868
QAP,2826,1424,300974
QAP,2827,1424,301081
QAP,2828,1424,301187
QAP,2829,1424,301293
QAP,2830,1424,301388
QAP,2831,1424,301498
QAP,2832,1424,301608
QAP,2833,1424,301717
QAP,2834,1424,301811
QAP,2835,1424,301921
QAP,2836,1424,302031
QAP,2837,1424,302140
QAP,2838,1424,302250
QAP,2839,1424,302344
QAP,2840,1424,302455
QAP,2841,1424,302565
QAP,2842,1424,302675
QAP,2843,1424,302784
QAP,2844,1424,302878
QAP,2845,1424,302988
QAP,2846,1424,303097
QAP,2847,1424,303207
QAP,2848,1424,303301
QAP,2849,1424,303411
QAP,2850,1424,303521
QAP,2851,1424,303630
QAP,2852,1424,303740
QAP,2853,1424,303834
QAP,2854,1424,303944
QAP,2855,1424,304054
QAP,2856,1424,304163
QAP,2857,1424,304257
QAP,2858,1424,304367
QAP,2859,1424,304477
QAP,2860,1424,304587
QAP,2861,1424,304697
QAP,2862,1424,304791
QAP,2863,1424,304900
QAP,2864,1424,305010
QAP,2865,1424,305119
QAP,2866,1424,305229
QAP,2867,1424,305323
QAP,2868,1424,305433
QAP,2869,1424,305543
QAP,2870,1424,305653
QAP,2871,1424,305763
QAP,2872,1424,305857
QAP,2873,1424,305966
QAP,2874,1424,306076
QAP,2875,1424,306186
QAP,2876,1424,306280
QAP,2877,1424,306390
QAP,2878,1424,306500
QAP,2879,1424,306609
QAP,2880,1424,306719
QAP,2881,1424,306829
QAP,2882,1424,306923
QAP,2883,1424,307032
QAP,2884,1424,307142
QAP,2885,1424,307252
QAP,2886,1424,307362
QAP,2887,1424,307457
QAP,2888,1424,307566
QAP,2889,1424,307676
QAP,2890,1424,307786
QAP,2891,1424,307896
QAP,2892,1424,307990
QAP,2893,1424,308100
QAP,2894,1424,308210
QAP,2895,1424,308319
QAP,2896,1424,308430
QAP,2897,1424,308524
QAP,2898,1424,308633
QAP,2899,1424,308743
QAP,2900,1424,308853
QAP,2901,1424,308962
QAP,2902,1424,309056
QAP,2903,1424,309166
QAP,2904,1424,309276
QAP,2905,1424,309386
QAP,2906,1424,309496
QAP,2907,1424,309590
QAP,2908,1424,309700
QAP,2909,1424,309809
QAP,2910,1424,309919
QAP,2911,1424,310029
QAP,2912,1424,310123
QAP,2913,1424,310233
QAP,2914,1424,310342
QAP,2915,1424,310453
QAP,2916,1424,310563
QAP,2917,1424,310657
QAP,2918,1424,310766
QAP,2919,1424,310876
QAP,2920,1424,310986
QAP,2921,1424,311080
QAP,2922,1424,311189
QAP,2923,1424,311299
QAP,2924,1424,311409
QAP,2925,1424,311519
QAP,2926,1424,311613
QAP,2927,1424,311723
QAP,2928,1424,311832
QAP,2929,1424,311942
QAP,2930,1424,312052
QAP,2931,1424,312146
QAP,2932,1424,312255
QAP,2933,1424,312365
QAP,2934,1424,312475
QAP,2935,1424,312569
QAP,2936,1424,312678
QAP,2937,1424,312789
QAP,2938,1424,312899
QAP,2939,1424,313008
QAP,2940,1424,313102
QAP,2941,1424,313212
QAP,2942,1424,313321
QAP,2943,1424,313431
QAP,2944,1424,313541
QAP,2945,1424,313635
QAP,2946,1424,313745
QAP,2947,1424,313854
QAP,2948,1424,313964
QAP,2949,1424,314074
QAP,2950,1424,314168
QAP,2951,1424,314278
QAP,2952,1424,314387
QAP,2953,1424,314497
QAP,2954,1424,314591
QAP,2955,1424,314701
QAP,2956,1424,314810
QAP,2957,1424,314920
QAP,2958,1424,315030
QAP,2959,1424,315124
QAP,2960,1424,315234
QAP,2961,1424,315343
QAP,2962,1424,315453
QAP,2963,1424,315548
QAP,2964,1424,315657
QAP,2965,1424,315767
QAP,2966,1424,315877
QAP,2967,1424,315987
QAP,2968,1424,316082
QAP,2969,1424,316192
QAP,2970,1424,316302
QAP,2971,1424,316412
QAP,2972,1424,316506
QAP,2973,1424,316616
QAP,2974,1424,316726
QAP,2975,1424,316836
QAP,2976,1424,316930
QAP,2977,1424,317040
QAP,2978,1424,317150
QAP,2979,1424,317260
QAP,2980,1424,317370
QAP,2981,1424,317464
QAP,2982,1424,317574
QAP,2983,1424,317684
QAP,2984,1424,317794
QAP,2985,1424,317889
QAP,2986,1424,317999
QAP,2987,1424,318109
QAP,2988,1424,318218
QAP,2989,1424,318321
QAP,2990,1424,318422
QAP,2991,1424,318532
QAP,2992,1424,318642
QAP,2993,1424,318752
QAP,2994,1424,318846
QAP,2995,1424,318956
QAP,2996,1424,319066
QAP,2997,1424,319176
QAP,2998,1424,319270
QAP,2999,1424,319380
QAP,3000,1424,319490
QAP,3001,1424,319600
QAP,3002,1424,319694
QAP,3003,1424,319804
QAP,3004,1424,319914
QAP,3005,1424,320024
QAP,3006,1424,320119
QAP,3007,1424,320228
QAP,3008,1424,320338
QAP,3009,1424,320448
QAP,3010,1424,320558
QAP,3011,1424,320653
QAP,3012,1424,320763
QAP,3013,1424,320873
QAP,3014,1424,320983
QAP,3015,1424,321077
QAP,3016,1424,321187
QAP,3017,1424,321297
QAP,3018,1424,321408
QAP,3019,1424,321502
QAP,3020,1424,321612
QAP,3021,1424,321722
QAP,3022,1424,321832
QAP,3023,1424,321942
QAP,3024,1424,322036
QAP,3025,1424,322146
QAP,3026,1424,322256
QAP,3027,1424,322366
QAP,3028,1424,322460
QAP,3029,1424,322571
QAP,3030,1424,322680
QAP,3031,1424,322790
QAP,3032,1424,322901
QAP,3033,1424,322995
QAP,3034,1424,323105
QAP,3035,1424,323215
QAP,3036,1424,323325
QAP,3037,1424,323434
QAP,3038,1424,323529
QAP,3039,1424,323639
QAP,3040,1424,323749
QAP,3041,1424,323858
QAP,3042,1424,323968
QAP,3043,1424,324078
QAP,3044,1424,324173
QAP,3045,1424,324283
QAP,3046,1424,324393
QAP,3047,1424,324503
QAP,3048,1424,324597
QAP,3049,1424,324707
QAP,3050,1424,324817
QAP,3051,1424,324927
QAP,3052,1424,325037
QAP,3053,1424,325139
QAP,3054,1424,325241
QAP,3055,1424,325351
QAP,3056,1424,325461
QAP,3057,1424,325571
QAP,3058,1424,325665
QAP,3059,1424,325775
QAP,3060,1424,325885
QAP,3061,1424,325995
QAP,3062,1424,326104
QAP,3063,1424,326214
QAP,3064,1424,326309
QAP,3065,1424,326419
QAP,3066,1424,326529
QAP,3067,1424,326639
QAP,3068,1424,326749
QAP,3069,1424,326843
QAP,3070,1424,326953
QAP,3071,1424,327062
QAP,3072,1424,327173
QAP,3073,1424,327267
QAP,3074,1424,327377
QAP,3075,1424,327487
QAP,3076,1424,327597
QAP,3077,1424,327691
QAP,3078,1424,327802
QAP,3079,1424,327912
QAP,3080,1424,328022
QAP,3081,1424,328132
QAP,3082,1424,328239
QAP,3083,1424,328346
QAP,3084,1424,328445
QAP,3085,1424,328556
QAP,3086,1424,328666
QAP,3087,1424,328760
QAP,3088,1424,328869
QAP,3089,1424,328979
QAP,3090,1424,329088
QAP,3091,1424,329198
QAP,3092,1424,329293
QAP,3093,1424,329402
QAP,3094,1424,329512
QAP,3095,1424,329622
QAP,3096,1424,329732
QAP,3097,1424,329826
QAP,3098,1424,329935
QAP,3099,1424,330045
QAP,3100,1424,330155
QAP,3101,1424,330264
QAP,3102,1424,330358
QAP,3103,1424,330468
QAP,3104,1424,330578
QAP,3105,1424,330687
QAP,3106,1424,330797
QAP,3107,1424,330891
QAP,3108,1424,331001
QAP,3109,1424,331111
QAP,3110,1424,331220
QAP,3111,1424,331330
QAP,3112,1424,331425
QAP,3113,1424,331535
QAP,3114,1424,331645
QAP,3115,1424,331755
QAP,3116,1424,331849
QAP,3117,1424,331959
QAP,3118,1424,332069
QAP,3119,1424,332179
QAP,3120,1424,332273
QAP,3121,1424,332383
QAP,3122,1424,332493
QAP,3123,1424,332603
QAP,3124,1424,332697
QAP,3125,1424,332807
QAP,3126,1424,332917
QAP,3127,1424,333027
QAP,3128,1424,333137
QAP,3129,1424,333231
QAP,3130,1424,333341
QAP,3131,1424,333451
QAP,3132,1424,333561
QAP,3133,1424,333656
QAP,3134,1424,333766
QAP,3135,1424,333876
QAP,3136,1424,333985
QAP,3137,1424,334080
QAP,3138,1424,334190
QAP,3139,1424,334300
QAP,3140,1424,334410
QAP,3141,1424,334519
QAP,3142,1424,334614
QAP,3143,1424,334724
QAP,3144,1424,334834
QAP,3145,1424,334943
QAP,3146,1424,335038
QAP,3147,1424,335148
QAP,3148,1424,335258
QAP,3149,1424,335368
QAP,3150,1424,335462
QAP,3151,1424,335584
QAP,3152,1424,335690
QAP,3153,1424,335798
QAP,3154,1424,335903
QAP,3155,1424,336011
QAP,3156,1424,336118
QAP,3157,1424,336227
QAP,3158,1424,336333
QAP,3159,1424,336439
QAP,3160,1424,336545
QAP,3161,1424,336651
QAP,3162,1424,336758
QAP,3163,1424,336865
QAP,3164,1424,336976
QAP,3165,1424,337083
QAP,3166,1424,337189
QAP,3167,1424,337295
QAP,3168,1424,337403
QAP,3169,1424,337497
QAP,3170,1424,337607
QAP,3171,1424,337717
QAP,3172,1424,337827
QAP,3173,1424,337937
QAP,3174,1424,338031
QAP,3175,1424,338141
QAP,3176,1424,338255
QAP,3177,1424,338361
QAP,3178,1424,338469
QAP,3179,1424,338575
QAP,3180,1424,338682
QAP,3181,1424,338788
QAP,3182,1424,338894
QAP,3183,1424,339001
QAP,3184,1424,339106
QAP,3185,1424,339213
QAP,3186,1424,339320
QAP,3187,1424,339420
QAP,3188,1424,339530
QAP,3189,1424,339624
QAP,3190,1424,339733
QAP,3191,1424,339843
QAP,3192,1424,339953
QAP,3193,1424,340063
QAP,3194,1424,340173
QAP,3195,1424,340267
QAP,3196,1424,340377
QAP,3197,1424,340487
QAP,3198,1424,340597
QAP,3199,1424,340707
QAP,3200,1424,340801
QAP,3201,1424,340911
QAP,3202,1424,341021
QAP,3203,1424,341131
QAP,3204,1424,341226
QAP,3205,1424,341336
QAP,3206,1424,341446
QAP,3207,1424,341556
QAP,3208,1424,341650
QAP,3209,1424,341760
QAP,3210,1424,341870
QAP,3211,1424,341980
QAP,3212,1424,342090
QAP,3213,1424,342184
QAP,3214,1424,342294
QAP,3215,1424,342404
QAP,3216,1424,342514
QAP,3217,1424,342624
QAP,3218,1424,342719
QAP,3219,1424,342829
QAP,3220,1424,342939
QAP,3221,1424,343049
QAP,3222,1424,343158
QAP,3223,1424,343267
QAP,3224,1424,343374
QAP,3225,1424,343480
QAP,3226,1424,343587
QAP,3227,1424,343694
QAP,3228,1424,343800
QAP,3229,1424,343905
QAP,3230,1424,344013
QAP,3231,1424,344110
QAP,3232,1424,344225
QAP,3233,1424,344329
QAP,3234,1424,344423
QAP,3235,1424,344533
QAP,3236,1424,344643
QAP,3237,1424,344753
QAP,3238,1424,344863
QAP,3239,1424,344957
QAP,3240,1424,345068
QAP,3241,1424,345178
QAP,3242,1424,345287
QAP,3243,1424,345397
QAP,3244,1424,345492
QAP,3245,1424,345601
QAP,3246,1424,345721
QAP,3247,1424,345827
QAP,3248,1424,345934
QAP,3249,1424,346041
QAP,3250,1424,346147
QAP,3251,1424,346255
QAP,3252,1424,346361
QAP,3253,1424,346468
QAP,3254,1424,346574
QAP,3255,1424,346676
QAP,3256,1424,346786
QAP,3257,1424,346880
QAP,3258,1424,346990
QAP,3259,1424,347099
QAP,3260,1424,347209
QAP,3261,1424,347303
QAP,3262,1424,347413
QAP,3263,1424,347522
QAP,3264,1424,347632
QAP,3265,1424,347742
QAP,3266,1424,347836
QAP,3267,1424,347946
QAP,3268,1424,348055
QAP,3269,1424,348165
QAP,3270,1424,348259
QAP,3271,1424,348369
QAP,3272,1424,348480
QAP,3273,1424,348590
QAP,3274,1424,348699
QAP,3275,1424,348805
QAP,3276,1424,348911
QAP,3277,1424,349017
QAP,3278,1424,349124
QAP,3279,1424,349229
QAP,3280,1424,349336
QAP,3281,1424,349443
QAP,3282,1424,349549
QAP,3283,1424,349656
QAP,3284,1424,349762
QAP,3285,1424,349867
QAP,3286,1424,349974
QAP,3287,1424,350080
QAP,3288,1424,350187
QAP,3289,1424,350294
QAP,3290,1424,350399
QAP,3291,1424,350505
QAP,3292,1424,350613
QAP,3293,1424,350718
QAP,3294,1424,350825
QAP,3295,1424,350930
QAP,3296,1424,351037
QAP,3297,1424,351143
QAP,3298,1424,351250
QAP,3299,1424,351358
QAP,3300,1424,351453
QAP,3301,1424,351563
QAP,3302,1424,351673
QAP,3303,1424,351783
QAP,3304,1424,351877
QAP,3305,1424,351987
QAP,3306,1424,352097
QAP,3307,1424,352207
QAP,3308,1424,352301
QAP,3309,1424,352411
QAP,3310,1424,352521
QAP,3311,1424,352631
QAP,3312,1424,352741
QAP,3313,1424,352835
QAP,3314,1424,352945
QAP,3315,1424,353055
QAP,3316,1424,353165
QAP,3317,1424,353259
QAP,3318,1424,353369
QAP,3319,1424,353480
QAP,3320,1424,353590
QAP,3321,1424,353684
QAP,3322,1424,353794
QAP,3323,1424,353904
QAP,3324,1424,354014
QAP,3325,1424,354108
QAP,3326,1424,354217
QAP,3327,1424,354327
QAP,3328,1424,354437
QAP,3329,1424,354547
QAP,3330,1424,354641
QAP,3331,1424,354751
QAP,3332,1424,354861
QAP,3333,1424,354971
QAP,3334,1424,355081
QAP,3335,1424,355175
QAP,3336,1424,355285
QAP,3337,1424,355395
QAP,3338,1424,355505
QAP,3339,1424,355599
QAP,3340,1424,355709
QAP,3341,1424,355819
QAP,3342,1424,355929
QAP,3343,1424,356023
QAP,3344,1424,356133
QAP,3345,1424,356243
QAP,3346,1424,356353
QAP,3347,1424,356447
QAP,3348,1424,356558
QAP,3349,1424,356668
QAP,3350,1424,356777
QAP,3351,1424,356872
QAP,3352,1424,356982
QAP,3353,1424,357092
QAP,3354,1424,357202
QAP,3355,1424,357297
QAP,3356,1424,357406
QAP,3357,1424,357516
QAP,3358,1424,357627
QAP,3359,1424,357721
QAP,3360,1424,357831
QAP,3361,1424,357941
QAP,3362,1424,358051
QAP,3363,1424,358161
QAP,3364,1424,358255
QAP,3365,1424,358365
QAP,3366,1424,358475
QAP,3367,1424,358585
QAP,3368,1424,358695
QAP,3369,1424,358789
QAP,3370,1424,358898
QAP,3371,1424,359008
QAP,3372,1424,359118
QAP,3373,1424,359219
QAP,3374,1424,359321
QAP,3375,1424,359431
QAP,3376,1424,359549
QAP,3377,1424,359651
QAP,3378,1424,359761
QAP,3379,1424,359855
QAP,3380,1424,359964
QAP,3381,1424,360074
QAP,3382,1424,360184
QAP,3383,1424,360293
QAP,3384,1424,360387
QAP,3385,1424,360498
QAP,3386,1424,360607
QAP,3387,1424,360717
QAP,3388,1424,360812
QAP,3389,1424,360922
QAP,3390,1424,361031
QAP,3391,1424,361142
QAP,3392,1424,361251
QAP,3393,1424,361346
QAP,3394,1424,361456
QAP,3395,1424,361566
QAP,3396,1424,361676
QAP,3397,1424,361771
QAP,3398,1424,361880
QAP,3399,1424,361990
QAP,3400,1424,362100
QAP,3401,1424,362210
QAP,3402,1424,362304
QAP,3403,1424,362414
QAP,3404,1424,362524
QAP,3405,1424,362634
QAP,3406,1424,362743
QAP,3407,1424,362849
QAP,3408,1424,362955
QAP,3409,1424,363061
QAP,3410,1424,363156
QAP,3411,1424,363266
QAP,3412,1424,363376
QAP,3413,1424,363486
QAP,3414,1424,363580
QAP,3415,1424,363690
QAP,3416,1424,363800
QAP,3417,1424,363910
QAP,3418,1424,364020
QAP,3419,1424,364113
QAP,3420,1424,364223
QAP,3421,1424,364333
QAP,3422,1424,364443
QAP,3423,1424,364553
QAP,3424,1424,364647
QAP,3425,1424,364757
QAP,3426,1424,364867
QAP,3427,1424,364976
QAP,3428,1424,365070
QAP,3429,1424,365180
QAP,3430,1424,365290
QAP,3431,1424,365399
QAP,3432,1424,365509
QAP,3433,1424,365603
QAP,3434,1424,365713
QAP,3435,1424,365823
QAP,3436,1424,365932
QAP,3437,1424,366042
QAP,3438,1424,366136
QAP,3439,1424,366246
QAP,3440,1424,366356
QAP,3441,1424,366466
QAP,3442,1424,366560
QAP,3443,1424,366670
QAP,3444,1424,366780
QAP,3445,1424,366890
QAP,3446,1424,367000
QAP,3447,1424,367094
QAP,3448,1424,367204
QAP,3449,1424,367314
QAP,3450,1424,367424
QAP,3451,1424,367519
QAP,3452,1424,367629
QAP,3453,1424,367738
QAP,3454,1424,367848
QAP,3455,1424,367943
QAP,3456,1424,368052
QAP,3457,1424,368162
QAP,3458,1424,368272
QAP,3459,1424,368367
QAP,3460,1424,368476
QAP,3461,1424,368587
QAP,3462,1424,368697
QAP,3463,1424,368807
QAP,3464,1424,368901
QAP,3465,1424,369012
QAP,3466,1424,369121
QAP,3467,1424,369231
QAP,3468,1424,369325
QAP,3469,1424,369435
QAP,3470,1424,369545
QAP,3471,1424,369655
QAP,3472,1424,369749
QAP,3473,1424,369859
QAP,3474,1424,369969
QAP,3475,1424,370079
QAP,3476,1424,370173
QAP,3477,1424,370284
QAP,3478,1424,370393
QAP,3479,1424,370503
QAP,3480,1424,370598
QAP,3481,1424,370708
QAP,3482,1424,370818
QAP,3483,1424,370928
QAP,3484,1424,371022
QAP,3485,1424,371133
QAP,3486,1424,371242
QAP,3487,1424,371352
QAP,3488,1424,371447
QAP,3489,1424,371557
QAP,3490,1424,371666
QAP,3491,1424,371776
QAP,3492,1424,371870
QAP,3493,1424,371980
QAP,3494,1424,372091
QAP,3495,1424,372201
QAP,3496,1424,372295
QAP,3497,1424,372405
QAP,3498,1424,372515
QAP,3499,1424,372625
QAP,3500,1424,372719
QAP,3501,1424,372829
QAP,3502,1424,372939
QAP,3503,1424,373049
QAP,3504,1424,373159
QAP,3505,1424,373253
QAP,3506,1424,373363
QAP,3507,1424,373473
QAP,3508,1424,373583
QAP,3509,1424,373677
QAP,3510,1424,373787
QAP,3511,1424,373897
QAP,3512,1424,374007
QAP,3513,1424,374101
QAP,3514,1424,374211
QAP,3515,1424,374321
QAP,3516,1424,374432
QAP,3517,1424,374541
QAP,3518,1424,374636
QAP,3519,1424,374745
QAP,3520,1424,374856
QAP,3521,1424,374966
QAP,3522,1424,375076
QAP,3523,1424,375170
QAP,3524,1424,375280
QAP,3525,1424,375390
QAP,3526,1424,375500
QAP,3527,1424,375594
QAP,3528,1424,375704
QAP,3529,1424,375814
QAP,3530,1424,375924
QAP,3531,1424,376019
QAP,3532,1424,376128
QAP,3533,1424,376238
QAP,3534,1424,376348
QAP,3535,1424,376458
QAP,3536,1424,376552
QAP,3537,1424,376662
QAP,3538,1424,376772
QAP,3539,1424,376882
QAP,3540,1424,376992
QAP,3541,1424,377086
QAP,3542,1424,377196
QAP,3543,1424,377307
QAP,3544,1424,377417
QAP,3545,1424,377511
QAP,3546,1424,377621
QAP,3547,1424,377731
QAP,3548,1424,377841
QAP,3549,1424,377951
QAP,3550,1424,378045
QAP,3551,1424,378155
QAP,3552,1424,378265
QAP,3553,1424,378375
QAP,3554,1424,378485
QAP,3555,1424,378580
QAP,3556,1424,378690
QAP,3557,1424,378800
QAP,3558,1424,378910
QAP,3559,1424,379004
QAP,3560,1424,379114
QAP,3561,1424,379224
QAP,3562,1424,379334
QAP,3563,1424,379428
QAP,3564,1424,379538
QAP,3565,1424,379648
QAP,3566,1424,379758
QAP,3567,1424,379868
QAP,3568,1424,379962
QAP,3569,1424,380072
QAP,3570,1424,380181
QAP,3571,1424,380291
QAP,3572,1424,380401
QAP,3573,1424,380510
QAP,3574,1424,380604
QAP,3575,1424,380714
QAP,3576,1424,380824
QAP,3577,1424,380934
QAP,3578,1424,381029
QAP,3579,1424,381139
QAP,3580,1424,381249
QAP,3581,1424,381359
QAP,3582,1424,381468
QAP,3583,1424,381563
QAP,3584,1424,381673
QAP,3585,1424,381782
QAP,3586,1424,381892
QAP,3587,1424,382002
QAP,3588,1424,382097
QAP,3589,1424,382207
QAP,3590,1424,382316
QAP,3591,1424,382426
QAP,3592,1424,382536
QAP,3593,1424,382644
QAP,3594,1424,382749
QAP,3595,1424,382855
QAP,3596,1424,382963
QAP,3597,1424,383059
QAP,3598,1424,383169
QAP,3599,1424,383279
QAP,3600,1424,383388
QAP,3601,1424,383482
QAP,3602,1424,383592
QAP,3603,1424,383702
QAP,3604,1424,383812
QAP,3605,1424,383907
QAP,3606,1424,384016
QAP,3607,1424,384126
QAP,3608,1424,384236
QAP,3609,1424,384346
QAP,3610,1424,384456
QAP,3611,1424,384550
QAP,3612,1424,384660
QAP,3613,1424,384770
QAP,3614,1424,384879
QAP,3615,1424,384974
QAP,3616,1424,385084
QAP,3617,1424,385194
QAP,3618,1424,385304
QAP,3619,1424,385398
QAP,3620,1424,385508
QAP,3621,1424,385618
QAP,3622,1424,385727
QAP,3623,1424,385838
QAP,3624,1424,385932
QAP,3625,1424,386042
QAP,3626,1424,386152
QAP,3627,1424,386262
QAP,3628,1424,386372
QAP,3629,1424,386474
QAP,3630,1424,386576
QAP,3631,1424,386686
QAP,3632,1424,386796
QAP,3633,1424,386890
QAP,3634,1424,387000
QAP,3635,1424,387110
QAP,3636,1424,387220
QAP,3637,1424,387314
QAP,3638,1424,387424
QAP,3639,1424,387534
QAP,3640,1424,387644
QAP,3641,1424,387754
QAP,3642,1424,387848
QAP,3643,1424,387958
QAP,3644,1424,388068
QAP,3645,1424,388178
QAP,3646,1424,388272
QAP,3647,1424,388382
QAP,3648,1424,388492
QAP,3649,1424,388602
QAP,3650,1424,388712
QAP,3651,1424,388806
QAP,3652,1424,388916
QAP,3653,1424,389026
QAP,3654,1424,389136
QAP,3655,1424,389230
QAP,3656,1424,389340
QAP,3657,1424,389450
QAP,3658,1424,389560
QAP,3659,1424,389670
QAP,3660,1424,389764
QAP,3661,1424,389874
QAP,3662,1424,389984
QAP,3663,1424,390094
QAP,3664,1424,390188
QAP,3665,1424,390309
QAP,3666,1424,390416
QAP,3667,1424,390522
QAP,3668,1424,390629
QAP,3669,1424,390734
QAP,3670,1424,390842
QAP,3671,1424,390947
QAP,3672,1424,391053
QAP,3673,1424,391161
QAP,3674,1424,391266
QAP,3675,1424,391372
QAP,3676,1424,391480
QAP,3677,1424,391586
QAP,3678,1424,391692
QAP,3679,1424,391799
QAP,3680,1424,391904
QAP,3681,1424,392012
QAP,3682,1424,392118
QAP,3683,1424,392224
QAP,3684,1424,392316
QAP,3685,1424,392427
QAP,3686,1424,392536
QAP,3687,1424,392646
QAP,3688,1424,392741
QAP,3689,1424,392851
QAP,3690,1424,392961
QAP,3691,1424,393070
QAP,3692,1424,393180
QAP,3693,1424,393274
QAP,3694,1424,393384
QAP,3695,1424,393494
QAP,3696,1424,393604
QAP,3697,1424,393714
QAP,3698,1424,393809
QAP,3699,1424,393919
QAP,3700,1424,394029
QAP,3701,1424,394139
QAP,3702,1424,394233
QAP,3703,1424,394343
QAP,3704,1424,394453
QAP,3705,1424,394563
QAP,3706,1424,394673
QAP,3707,1424,394767
QAP,3708,1424,394877
QAP,3709,1424,394987
QAP,3710,1424,395097
QAP,3711,1424,395192
QAP,3712,1424,395301
QAP,3713,1424,395411
QAP,3714,1424,395521
QAP,3715,1424,395616
QAP,3716,1424,395725
QAP,3717,1424,395835
QAP,3718,1424,395945
QAP,3719,1424,396039
QAP,3720,1424,396149
QAP,3721,1424,396260
QAP,3722,1424,396370
QAP,3723,1424,396480
QAP,3724,1424,396574
QAP,3725,1424,396684
QAP,3726,1424,396794
QAP,3727,1424,396904
QAP,3728,1424,396998
QAP,3729,1424,397108
QAP,3730,1424,397218
QAP,3731,1424,397328
QAP,3732,1424,397439
QAP,3733,1424,397549
QAP,3734,1424,397643
QAP,3735,1424,397753
QAP,3736,1424,397863
QAP,3737,1424,397973
QAP,3738,1424,398067
QAP,3739,1424,398177
QAP,3740,1424,398287
QAP,3741,1424,398397
QAP,3742,1424,398507
QAP,3743,1424,398617
QAP,3744,1424,398712
QAP,3745,1424,398822
QAP,3746,1424,398932
QAP,3747,1424,399041
QAP,3748,1424,399136
QAP,3749,1424,399246
QAP,3750,1424,399356
QAP,3751,1424,399466
QAP,3752,1424,399576
QAP,3753,1424,399685
QAP,3754,1424,399779
QAP,3755,1424,399889
QAP,3756,1424,399999
QAP,3757,1424,400110
QAP,3758,1424,400204
QAP,3759,1424,400314
QAP,3760,1424,400424
QAP,3761,1424,400534
QAP,3762,1424,400644
QAP,3763,1424,400754
QAP,3764,1424,400848
QAP,3765,1424,400958
QAP,3766,1424,401068
QAP,3767,1424,401178
QAP,3768,1424,401287
QAP,3769,1424,401382
QAP,3770,1424,401491
QAP,3771,1424,401602
QAP,3772,1424,401712
QAP,3773,1424,401806
QAP,3774,1424,401916
QAP,3775,1424,402026
QAP,3776,1424,402136
QAP,3777,1424,402246
QAP,3778,1424,402341
QAP,3779,1424,402451
QAP,3780,1424,402561
QAP,3781,1424,402671
QAP,3782,1424,402781
QAP,3783,1424,402875
QAP,3784,1424,402985
QAP,3785,1424,403095
QAP,3786,1424,403205
QAP,3787,1424,403315
QAP,3788,1424,403409
QAP,3789,1424,403519
QAP,3790,1424,403629
QAP,3791,1424,403740
QAP,3792,1424,403849
QAP,3793,1424,403943
QAP,3794,1424,404053
QAP,3795,1424,404163
QAP,3796,1424,404273
QAP,3797,1424,404367
QAP,3798,1424,404477
QAP,3799,1424,404587
QAP,3800,1424,404697
QAP,3801,1424,404807
QAP,3802,1424,404901
QAP,3803,1424,405011
QAP,3804,1424,405121
QAP,3805,1424,405231
QAP,3806,1424,405341
QAP,3807,1424,405435
QAP,3808,1424,405545
QAP,3809,1424,405655
QAP,3810,1424,405765
QAP,3811,1424,405875
QAP,3812,1424,405969
QAP,3813,1424,406079
QAP,3814,1424,406189
QAP,3815,1424,406299
QAP,3816,1424,406409
QAP,3817,1424,406503
QAP,3818,1424,406613
QAP,3819,1424,406723
QAP,3820,1424,406833
QAP,3821,1424,406943
QAP,3822,1424,407037
QAP,3823,1424,407147
QAP,3824,1424,407257
QAP,3825,1424,407367
QAP,3826,1424,407477
QAP,3827,1424,407571
QAP,3828,1424,407681
QAP,3829,1424,407791
QAP,3830,1424,407901
QAP,3831,1424,407996
QAP,3832,1424,408106
QAP,3833,1424,408215
QAP,3834,1424,408325
QAP,3835,1424,408420
QAP,3836,1424,408530
QAP,3837,1424,408640
QAP,3838,1424,408749
QAP,3839,1424,408859
QAP,3840,1424,408969
QAP,3841,1424,409063
QAP,3842,1424,409173
QAP,3843,1424,409283
QAP,3844,1424,409393
QAP,3845,1424,409504
QAP,3846,1424,409598
QAP,3847,1424,409708
QAP,3848,1424,409818
QAP,3849,1424,409928
QAP,3850,1424,410022
QAP,3851,1424,410132
QAP,3852,1424,410243
QAP,3853,1424,410353
QAP,3854,1424,410447
QAP,3855,1424,410557
QAP,3856,1424,410667
QAP,3857,1424,410777
QAP,3858,1424,410871
QAP,3859,1424,410981
QAP,3860,1424,411091
QAP,3861,1424,411201
QAP,3862,1424,411295
QAP,3863,1424,411405
QAP,3864,1424,411515
QAP,3865,1424,411625
QAP,3866,1424,411735
QAP,3867,1424,411829
QAP,3868,1424,411940
QAP,3869,1424,412049
QAP,3870,1424,412160
QAP,3871,1424,412254
QAP,3872,1424,412372
QAP,3873,1424,412474
QAP,3874,1424,412584
QAP,3875,1424,412679
QAP,3876,1424,412789
QAP,3877,1424,412899
QAP,3878,1424,413009
QAP,3879,1424,413103
QAP,3880,1424,413213
QAP,3881,1424,413323
QAP,3882,1424,413433
QAP,3883,1424,413543
QAP,3884,1424,413637
QAP,3885,1424,413747
QAP,3886,1424,413857
QAP,3887,1424,413967
QAP,3888,1424,414062
QAP,3889,1424,414171
QAP,3890,1424,414281
QAP,3891,1424,414391
QAP,3892,1424,414501
QAP,3893,1424,414595
QAP,3894,1424,414705
QAP,3895,1424,414815
QAP,3896,1424,414925
QAP,3897,1424,415035
QAP,3898,1424,415129
QAP,3899,1424,415239
QAP,3900,1424,415355
QAP,3901,1424,415461
QAP,3902,1424,415569
QAP,3903,1424,415665
QAP,3904,1424,415775
QAP,3905,1424,415885
QAP,3906,1424,415995
QAP,3907,1424,416089
QAP,3908,1424,416199
QAP,3909,1424,416309
QAP,3910,1424,416419
QAP,3911,1424,416513
QAP,3912,1424,416623
QAP,3913,1424,416733
QAP,3914,1424,416843
QAP,3915,1424,416937
QAP,3916,1424,417047
QAP,3917,1424,417157
QAP,3918,1424,417268
QAP,3919,1424,417377
QAP,3920,1424,417472
QAP,3921,1424,417582
QAP,3922,1424,417692
QAP,3923,1424,417802
QAP,3924,1424,417896
QAP,3925,1424,418006
QAP,3926,1424,418116
QAP,3927,1424,418225
QAP,3928,1424,418335
QAP,3929,1424,418429
QAP,3930,1424,418540
QAP,3931,1424,418650
QAP,3932,1424,418759
QAP,3933,1424,418869
QAP,3934,1424,418963
QAP,3935,1424,419073
QAP,3936,1424,419189
QAP,3937,1424,419293
QAP,3938,1424,419387
QAP,3939,1424,419497
QAP,3940,1424,419606
QAP,3941,1424,419717
QAP,3942,1424,419826
QAP,3943,1424,419936
QAP,3944,1424,420030
QAP,3945,1424,420139
QAP,3946,1424,420249
QAP,3947,1424,420359
QAP,3948,1424,420469
QAP,3949,1424,420563
QAP,3950,1424,420673
QAP,3951,1424,420782
QAP,3952,1424,420892
QAP,3953,1424,421002
QAP,3954,1424,421096
QAP,3955,1424,421206
QAP,3956,1424,421315
QAP,3957,1424,421425
QAP,3958,1424,421535
QAP,3959,1424,421630
QAP,3960,1424,421739
QAP,3961,1424,421849
QAP,3962,1424,421959
QAP,3963,1424,422054
QAP,3964,1424,422163
QAP,3965,1424,422273
QAP,3966,1424,422383
QAP,3967,1424,422478
QAP,3968,1424,422588
QAP,3969,1424,422698
QAP,3970,1424,422808
QAP,3971,1424,422902
QAP,3972,1424,423012
QAP,3973,1424,423122
QAP,3974,1424,423232
QAP,3975,1424,423326
QAP,3976,1424,423436
QAP,3977,1424,423546
QAP,3978,1424,423657
QAP,3979,1424,423751
QAP,3980,1424,423861
QAP,3981,1424,423971
QAP,3982,1424,424081
QAP,3983,1424,424175
QAP,3984,1424,424284
QAP,3985,1424,424395
QAP,3986,1424,424505
QAP,3987,1424,424615
QAP,3988,1424,424725
QAP,3989,1424,424819
QAP,3990,1424,424929
QAP,3991,1424,425039
QAP,3992,1424,425149
QAP,3993,1424,425243
QAP,3994,1424,425354
QAP,3995,1424,425464
QAP,3996,1424,425574
QAP,3997,1424,425684
QAP,3998,1424,425794
QAP,3999,1424,425889
QAP,4000,1424,426006
QAP,4001,1424,426108
QAP,4002,1424,426218
QAP,4003,1424,426312
QAP,4004,1424,426422
QAP,4005,1424,426531
QAP,4006,1424,426641
QAP,4007,1424,426735
QAP,4008,1424,426845
QAP,4009,1424,426955
QAP,4010,1424,427064
QAP,4011,1424,427158
QAP,4012,1424,427268
QAP,4013,1424,427378
QAP,4014,1424,427488
QAP,4015,1424,427598
QAP,4016,1424,427692
QAP,4017,1424,427801
QAP,4018,1424,427911
QAP,4019,1424,428021
QAP,4020,1424,428130
QAP,4021,1424,428224
QAP,4022,1424,428334
QAP,4023,1424,428444
QAP,4024,1424,428554
QAP,4025,1424,428663
QAP,4026,1424,428757
QAP,4027,1424,428867
QAP,4028,1424,428977
QAP,4029,1424,429087
QAP,4030,1424,429196
QAP,4031,1424,429290
QAP,4032,1424,429400
QAP,4033,1424,429510
QAP,4034,1424,429620
QAP,4035,1424,429714
QAP,4036,1424,429823
QAP,4037,1424,429933
QAP,4038,1424,430043
QAP,4039,1424,430153
QAP,4040,1424,430247
QAP,4041,1424,430357
QAP,4042,1424,430467
QAP,4043,1424,430576
QAP,4044,1424,430671
QAP,4045,1424,430780
QAP,4046,1424,430890
QAP,4047,1424,431000
QAP,4048,1424,431110
QAP,4049,1424,431204
QAP,4050,1424,431313
QAP,4051,1424,431424
QAP,4052,1424,431534
QAP,4053,1424,431628
QAP,4054,1424,431738
QAP,4055,1424,431847
QAP,4056,1424,431957
QAP,4057,1424,432066
QAP,4058,1424,432176
QAP,4059,1424,432270
QAP,4060,1424,432380
QAP,4061,1424,432489
QAP,4062,1424,432599
QAP,4063,1424,432712
QAP,4064,1424,432817
QAP,4065,1424,432924
QAP,4066,1424,433031
QAP,4067,1424,433137
QAP,4068,1424,433231
QAP,4069,1424,433341
QAP,4070,1424,433451
QAP,4071,1424,433561
QAP,4072,1424,433655
QAP,4073,1424,433765
QAP,4074,1424,433875
QAP,4075,1424,433985
QAP,4076,1424,434079
QAP,4077,1424,434189
QAP,4078,1424,434299
QAP,4079,1424,434408
QAP,4080,1424,434518
QAP,4081,1424,434613
QAP,4082,1424,434722
QAP,4083,1424,434833
QAP,4084,1424,434943
QAP,4085,1424,435037
QAP,4086,1424,435147
QAP,4087,1424,435257
QAP,4088,1424,435366
QAP,4089,1424,435476
QAP,4090,1424,435570
QAP,4091,1424,435681
QAP,4092,1424,435790
QAP,4093,1424,435900
QAP,4094,1424,435995
QAP,4095,1424,436105
QAP,4096,1424,436215
QAP,4097,1424,436325
QAP,4098,1424,436419
QAP,4099,1424,436529
QAP,4100,1424,436639
QAP,4101,1424,436749
QAP,4102,1424,436859
QAP,4103,1424,436953
QAP,4104,1424,437063
QAP,4105,1424,437173
QAP,4106,1424,437283
QAP,4107,1424,437377
QAP,4108,1424,437487
QAP,4109,1424,437597
QAP,4110,1424,437707
QAP,4111,1424,437801
QAP,4112,1424,437911
QAP,4113,1424,438021
QAP,4114,1424,438131
QAP,4115,1424,438241
QAP,4116,1424,438335
QAP,4117,1424,438445
QAP,4118,1424,438554
QAP,4119,1424,438664
QAP,4120,1424,438774
QAP,4121,1424,438868
QAP,4122,1424,438978
QAP,4123,1424,439088
QAP,4124,1424,439198
QAP,4125,1424,439292
QAP,4126,1424,439402
QAP,4127,1424,439512
QAP,4128,1424,439622
QAP,4129,1424,439732
QAP,4130,1424,439826
QAP,4131,1424,439936
QAP,4132,1424,440046
QAP,4133,1424,440156
QAP,4134,1424,440250
QAP,4135,1424,440360
QAP,4136,1424,440470
QAP,4137,1424,440580
QAP,4138,1424,440675
QAP,4139,1424,440785
QAP,4140,1424,440895
QAP,4141,1424,441005
QAP,4142,1424,441115
QAP,4143,1424,441209
QAP,4144,1424,441319
QAP,4145,1424,441429
QAP,4146,1424,441539
QAP,4147,1424,441649
QAP,4148,1424,441743
QAP,4149,1424,441853
QAP,4150,1424,441963
QAP,4151,1424,442073
QAP,4152,1424,442168
QAP,4153,1424,442278
QAP,4154,1424,442388
QAP,4155,1424,442498
QAP,4156,1424,442608
QAP,4157,1424,442702
QAP,4158,1424,442812
QAP,4159,1424,442922
QAP,4160,1424,443032
QAP,4161,1424,443142
QAP,4162,1424,443236
QAP,4163,1424,443345
QAP,4164,1424,443455
QAP,4165,1424,443565
QAP,4166,1424,443675
QAP,4167,1424,443769
QAP,4168,1424,443879
QAP,4169,1424,443988
QAP,4170,1424,444098
QAP,4171,1424,444208
QAP,4172,1424,444302
QAP,4173,1424,444411
QAP,4174,1424,444521
QAP,4175,1424,444631
QAP,4176,1424,444725
QAP,4177,1424,444835
QAP,4178,1424,444945
QAP,4179,1424,445055
QAP,4180,1424,445149
QAP,4181,1424,445259
QAP,4182,1424,445369
QAP,4183,1424,445479
QAP,4184,1424,445588
QAP,4185,1424,445683
QAP,4186,1424,445793
QAP,4187,1424,445903
QAP,4188,1424,446013
QAP,4189,1424,446123
QAP,4190,1424,446217
QAP,4191,1424,446327
QAP,4192,1424,446437
QAP,4193,1424,446547
QAP,4194,1424,446657
QAP,4195,1424,446751
QAP,4196,1424,446861
QAP,4197,1424,446971
QAP,4198,1424,447081
QAP,4199,1424,447176
QAP,4200,1424,447286
QAP,4201,1424,447396
QAP,4202,1424,447506
QAP,4203,1424,447616
QAP,4204,1424,447726
QAP,4205,1424,447820
QAP,4206,1424,447930
QAP,4207,1424,448040
QAP,4208,1424,448150
QAP,4209,1424,448244
QAP,4210,1424,448354
QAP,4211,1424,448463
QAP,4212,1424,448573
QAP,4213,1424,448683
QAP,4214,1424,448777
QAP,4215,1424,448887
QAP,4216,1424,448996
QAP,4217,1424,449106
QAP,4218,1424,449216
QAP,4219,1424,449310
QAP,4220,1424,449420
QAP,4221,1424,449530
QAP,4222,1424,449639
QAP,4223,1424,449749
QAP,4224,1424,449843
QAP,4225,1424,449952
QAP,4226,1424,450062
QAP,4227,1424,450172
QAP,4228,1424,450281
QAP,4229,1424,450391
QAP,4230,1424,450501
QAP,4231,1424,450595
QAP,4232,1424,450705
QAP,4233,1424,450814
QAP,4234,1424,450924
QAP,4235,1424,451034
QAP,4236,1424,451128
QAP,4237,1424,451238
QAP,4238,1424,451348
QAP,4239,1424,451457
QAP,4240,1424,451567
QAP,4241,1424,451677
QAP,4242,1424,451771
QAP,4243,1424,451880
QAP,4244,1424,451990
QAP,4245,1424,452100
QAP,4246,1424,452194
QAP,4247,1424,452304
QAP,4248,1424,452413
QAP,4249,1424,452523
QAP,4250,1424,452632
QAP,4251,1424,452742
QAP,4252,1424,452836
QAP,4253,1424,452955
QAP,4254,1424,453062
QAP,4255,1424,453168
QAP,4256,1424,453274
QAP,4257,1424,453381
QAP,4258,1424,453484
QAP,4259,1424,453594
QAP,4260,1424,453688
QAP,4261,1424,453798
QAP,4262,1424,453908
QAP,4263,1424,454018
QAP,4264,1424,454112
QAP,4265,1424,454222
QAP,4266,1424,454332
QAP,4267,1424,454442
QAP,4268,1424,454552
QAP,4269,1424,454662
QAP,4270,1424,454756
QAP,4271,1424,454866
QAP,4272,1424,454976
QAP,4273,1424,455086
QAP,4274,1424,455196
QAP,4275,1424,455290
QAP,4276,1424,455401
QAP,4277,1424,455511
QAP,4278,1424,455621
QAP,4279,1424,455715
QAP,4280,1424,455825
QAP,4281,1424,455934
QAP,4282,1424,456044
QAP,4283,1424,456154
QAP,4284,1424,456249
QAP,4285,1424,456358
QAP,4286,1424,456469
QAP,4287,1424,456578
QAP,4288,1424,456688
QAP,4289,1424,456783
QAP,4290,1424,456892
QAP,4291,1424,457003
QAP,4292,1424,457113
QAP,4293,1424,457207
QAP,4294,1424,457317
QAP,4295,1424,457427
QAP,4296,1424,457537
QAP,4297,1424,457647
QAP,4298,1424,457741
QAP,4299,1424,457852
QAP,4300,1424,457961
QAP,4301,1424,458071
QAP,4302,1424,458166
QAP,4303,1424,458275
QAP,4304,1424,458385
QAP,4305,1424,458495
QAP,4306,1424,458605
QAP,4307,1424,458699
QAP,4308,1424,458809
QAP,4309,1424,458919
QAP,4310,1424,459029
QAP,4311,1424,459123
QAP,4312,1424,459233
QAP,4313,1424,459344
QAP,4314,1424,459454
QAP,4315,1424,459548
QAP,4316,1424,459658
QAP,4317,1424,459768
QAP,4318,1424,459878
QAP,4319,1424,459988
QAP,4320,1424,460098
QAP,4321,1424,460192
QAP,4322,1424,460302
QAP,4323,1424,460412
QAP,4324,1424,460522
QAP,4325,1424,460616
QAP,4326,1424,460726
QAP,4327,1424,460835
QAP,4328,1424,460945
QAP,4329,1424,461055
QAP,4330,1424,461150
QAP,4331,1424,461260
QAP,4332,1424,461369
QAP,4333,1424,461479
QAP,4334,1424,461574
QAP,4335,1424,461684
QAP,4336,1424,461794
QAP,4337,1424,461904
QAP,4338,1424,461998
QAP,4339,1424,462108
QAP,4340,1424,462218
QAP,4341,1424,462328
QAP,4342,1424,462437
QAP,4343,1424,462532
QAP,4344,1424,462641
QAP,4345,1424,462751
QAP,4346,1424,462862
QAP,4347,1424,462971
QAP,4348,1424,463065
QAP,4349,1424,463175
QAP,4350,1424,463285
QAP,4351,1424,463398
QAP,4352,1424,463490
QAP,4353,1424,463600
QAP,4354,1424,463710
QAP,4355,1424,463820
QAP,4356,1424,463915
QAP,4357,1424,464025
QAP,4358,1424,464135
QAP,4359,1424,464244
QAP,4360,1424,464354
QAP,4361,1424,464449
QAP,4362,1424,464559
QAP,4363,1424,464669
QAP,4364,1424,464779
QAP,4365,1424,464873
QAP,4366,1424,464983
QAP,4367,1424,465093
QAP,4368,1424,465203
QAP,4369,1424,465316
QAP,4370,1424,465422
QAP,4371,1424,465516
QAP,4372,1424,465626
QAP,4373,1424,465736
QAP,4374,1424,465847
QAP,4375,1424,465941
QAP,4376,1424,466051
QAP,4377,1424,466161
QAP,4378,1424,466271
QAP,4379,1424,466381
QAP,4380,1424,466476
QAP,4381,1424,466586
QAP,4382,1424,466696
QAP,4383,1424,466806
QAP,4384,1424,466909
QAP,4385,1424,467011
QAP,4386,1424,467121
QAP,4387,1424,467230
QAP,4388,1424,467324
QAP,4389,1424,467435
QAP,4390,1424,467545
QAP,4391,1424,467654
QAP,4392,1424,467764
QAP,4393,1424,467859
QAP,4394,1424,467969
QAP,4395,1424,468079
QAP,4396,1424,468189
QAP,4397,1424,468283
QAP,4398,1424,468394
QAP,4399,1424,468504
QAP,4400,1424,468614
QAP,4401,1424,468708
QAP,4402,1424,468826
QAP,4403,1424,468928
QAP,4404,1424,469038
QAP,4405,1424,469148
QAP,4406,1424,469242
QAP,4407,1424,469352
QAP,4408,1424,469462
QAP,4409,1424,469572
QAP,4410,1424,469666
QAP,4411,1424,469776
QAP,4412,1424,469886
QAP,4413,1424,469996
QAP,4414,1424,470090
QAP,4415,1424,470209
QAP,4416,1424,470310
QAP,4417,1424,470420
QAP,4418,1424,470530
QAP,4419,1424,470625
QAP,4420,1424,470734
QAP,4421,1424,470845
QAP,4422,1424,470954
QAP,4423,1424,471064
QAP,4424,1424,471159
QAP,4425,1424,471269
QAP,4426,1424,471379
QAP,4427,1424,471489
QAP,4428,1424,471593
QAP,4429,1424,471693
QAP,4430,1424,471803
QAP,4431,1424,471913
QAP,4432,1424,472023
QAP,4433,1424,472117
QAP,4434,1424,472227
QAP,4435,1424,472337
QAP,4436,1424,472447
QAP,4437,1424,472542
QAP,4438,1424,472651
QAP,4439,1424,472762
QAP,4440,1424,472872
QAP,4441,1424,472982
QAP,4442,1424,473076
QAP,4443,1424,473186
QAP,4444,1424,473296
QAP,4445,1424,473406
QAP,4446,1424,473501
QAP,4447,1424,473611
QAP,4448,1424,473720
QAP,4449,1424,473830
QAP,4450,1424,473925
QAP,4451,1424,474035
QAP,4452,1424,474145
QAP,4453,1424,474255
QAP,4454,1424,474365
QAP,4455,1424,474459
QAP,4456,1424,474569
QAP,4457,1424,474679
QAP,4458,1424,474789
QAP,4459,1424,474883
QAP,4460,1424,475009
QAP,4461,1424,475103
QAP,4462,1424,475213
QAP,4463,1424,475323
QAP,4464,1424,475433
QAP,4465,1424,475543
QAP,4466,1424,475653
QAP,4467,1424,475747
QAP,4468,1424,475857
QAP,4469,1424,475967
QAP,4470,1424,476076
QAP,4471,1424,476171
QAP,4472,1424,476280
QAP,4473,1424,476390
QAP,4474,1424,476500
QAP,4475,1424,476610
QAP,4476,1424,476717
QAP,4477,1424,476815
QAP,4478,1424,476925
QAP,4479,1424,477035
QAP,4480,1424,477129
QAP,4481,1424,477239
QAP,4482,1424,477349
QAP,4483,1424,477461
QAP,4484,1424,477568
QAP,4485,1424,477673
QAP,4486,1424,477781
QAP,4487,1424,477887
QAP,4488,1424,477993
QAP,4489,1424,478099
QAP,4490,1424,478204
QAP,4491,1424,478313
QAP,4492,1424,478418
QAP,4493,1424,478524
QAP,4494,1424,478631
QAP,4495,1424,478738
QAP,4496,1424,478845
QAP,4497,1424,478951
QAP,4498,1424,479057
QAP,4499,1424,479163
QAP,4500,1424,479270
QAP,4501,1424,479377
QAP,4502,1424,479485
QAP,4503,1424,479590
QAP,4504,1424,479693
QAP,4505,1424,479803
QAP,4506,1424,479897
QAP,4507,1424,480007
QAP,4508,1424,480117
QAP,4509,1424,480227
QAP,4510,1424,480321
QAP,4511,1424,480432
QAP,4512,1424,480542
QAP,4513,1424,480651
QAP,4514,1424,480761
QAP,4515,1424,480856
QAP,4516,1424,480966
QAP,4517,1424,481076
QAP,4518,1424,481186
QAP,4519,1424,481280
QAP,4520,1424,481390
QAP,4521,1424,481500
QAP,4522,1424,481609
QAP,4523,1424,481719
QAP,4524,1424,481814
QAP,4525,1424,481923
QAP,4526,1424,482033
QAP,4527,1424,482143
QAP,4528,1424,482237
QAP,4529,1424,482358
QAP,4530,1424,482466
QAP,4531,1424,482571
QAP,4532,1424,482678
QAP,4533,1424,482785
QAP,4534,1424,482891
QAP,4535,1424,482996
QAP,4536,1424,483103
QAP,4537,1424,483211
QAP,4538,1424,483316
QAP,4539,1424,483424
QAP,4540,1424,483529
QAP,4541,1424,483636
QAP,4542,1424,483743
QAP,4543,1424,483850
QAP,4544,1424,483956
QAP,4545,1424,484062
QAP,4546,1424,484168
QAP,4547,1424,484275
QAP,4548,1424,484382
QAP,4549,1424,484488
QAP,4550,1424,484587
QAP,4551,1424,484697
QAP,4552,1424,484807
QAP,4553,1424,484917
QAP,4554,1424,485012
QAP,4555,1424,485122
QAP,4556,1424,485232
QAP,4557,1424,485342
QAP,4558,1424,485436
QAP,4559,1424,485546
QAP,4560,1424,485656
QAP,4561,1424,485766
QAP,4562,1424,485876
QAP,4563,1424,485970
QAP,4564,1424,486080
QAP,4565,1424,486190
QAP,4566,1424,486300
QAP,4567,1424,486395
QAP,4568,1424,486504
QAP,4569,1424,486614
QAP,4570,1424,486724
QAP,4571,1424,486818
QAP,4572,1424,486928
QAP,4573,1424,487038
QAP,4574,1424,487148
QAP,4575,1424,487243
QAP,4576,1424,487353
QAP,4577,1424,487463
QAP,4578,1424,487573
QAP,4579,1424,487683
QAP,4580,1424,487777
QAP,4581,1424,487887
QAP,4582,1424,487997
QAP,4583,1424,488108
QAP,4584,1424,488202
QAP,4585,1424,488312
QAP,4586,1424,488422
QAP,4587,1424,488532
QAP,4588,1424,488641
QAP,4589,1424,488736
QAP,4590,1424,488845
QAP,4591,1424,488955
QAP,4592,1424,489065
QAP,4593,1424,489175
QAP,4594,1424,489269
QAP,4595,1424,489379
QAP,4596,1424,489489
QAP,4597,1424,489599
QAP,4598,1424,489693
QAP,4599,1424,489803
QAP,4600,1424,489913
QAP,4601,1424,490023
QAP,4602,1424,490117
QAP,4603,1424,490227
QAP,4604,1424,490337
QAP,4605,1424,490447
QAP,4606,1424,490557
QAP,4607,1424,490651
QAP,4608,1424,490761
QAP,4609,1424,490871
QAP,4610,1424,490981
QAP,4611,1424,491075
QAP,4612,1424,491185
QAP,4613,1424,491295
QAP,4614,1424,491405
QAP,4615,1424,491499
QAP,4616,1424,491609
QAP,4617,1424,491719
QAP,4618,1424,491829
QAP,4619,1424,491939
QAP,4620,1424,492033
QAP,4621,1424,492143
QAP,4622,1424,492253
QAP,4623,1424,492363
QAP,4624,1424,492458
QAP,4625,1424,492568
QAP,4626,1424,492678
QAP,4627,1424,492788
QAP,4628,1424,492882
QAP,4629,1424,492992
QAP,4630,1424,493102
QAP,4631,1424,493212
QAP,4632,1424,493321
QAP,4633,1424,493416
QAP,4634,1424,493526
QAP,4635,1424,493635
QAP,4636,1424,493745
QAP,4637,1424,493855
QAP,4638,1424,493949
QAP,4639,1424,494058
QAP,4640,1424,494168
QAP,4641,1424,494278
QAP,4642,1424,494388
QAP,4643,1424,494498
QAP,4644,1424,494592
QAP,4645,1424,494701
QAP,4646,1424,494811
QAP,4647,1424,494924
QAP,4648,1424,495030
QAP,4649,1424,495124
QAP,4650,1424,495234
QAP,4651,1424,495344
QAP,4652,1424,495454
QAP,4653,1424,495563
QAP,4654,1424,495657
QAP,4655,1424,495767
QAP,4656,1424,495877
QAP,4657,1424,495987
QAP,4658,1424,496096
QAP,4659,1424,496190
QAP,4660,1424,496300
QAP,4661,1424,496409
QAP,4662,1424,496519
QAP,4663,1424,496629
QAP,4664,1424,496723
QAP,4665,1424,496832
QAP,4666,1424,496942
QAP,4667,1424,497052
QAP,4668,1424,497162
QAP,4669,1424,497256
QAP,4670,1424,497366
QAP,4671,1424,497476
QAP,4672,1424,497586
QAP,4673,1424,497680
QAP,4674,1424,497789
QAP,4675,1424,497899
QAP,4676,1424,498009
QAP,4677,1424,498118
QAP,4678,1424,498228
QAP,4679,1424,498322
QAP,4680,1424,498432
QAP,4681,1424,498542
QAP,4682,1424,498651
QAP,4683,1424,498745
QAP,4684,1424,498855
QAP,4685,1424,498964
QAP,4686,1424,499074
QAP,4687,1424,499184
QAP,4688,1424,499277
QAP,4689,1424,499387
QAP,4690,1424,499497
QAP,4691,1424,499607
QAP,4692,1424,499716
QAP,4693,1424,499810
QAP,4694,1424,499920
QAP,4695,1424,500030
QAP,4696,1424,500139
QAP,4697,1424,500249
QAP,4698,1424,500343
QAP,4699,1424,500453
QAP,4700,1424,500563
QAP,4701,1424,500673
QAP,4702,1424,500783
QAP,4703,1424,500877
QAP,4704,1424,500987
QAP,4705,1424,501097
QAP,4706,1424,501207
QAP,4707,1424,501301
QAP,4708,1424,501411
QAP,4709,1424,501521
QAP,4710,1424,501631
QAP,4711,1424,501741
QAP,4712,1424,501836
QAP,4713,1424,501946
QAP,4714,1424,502056
QAP,4715,1424,502166
QAP,4716,1424,502276
QAP,4717,1424,502370
QAP,4718,1424,502480
QAP,4719,1424,502590
QAP,4720,1424,502700
QAP,4721,1424,502794
QAP,4722,1424,502904
QAP,4723,1424,503014
QAP,4724,1424,503124
QAP,4725,1424,503234
QAP,4726,1424,503328
QAP,4727,1424,503438
QAP,4728,1424,503549
QAP,4729,1424,503658
QAP,4730,1424,503752
QAP,4731,1424,503862
QAP,4732,1424,503972
QAP,4733,1424,504082
QAP,4734,1424,504192
QAP,4735,1424,504286
QAP,4736,1424,504396
QAP,4737,1424,504506
QAP,4738,1424,504616
QAP,4739,1424,504710
QAP,4740,1424,504820
QAP,4741,1424,504930
QAP,4742,1424,505040
QAP,4743,1424,505150
QAP,4744,1424,505244
QAP,4745,1424,505354
QAP,4746,1424,505464
QAP,4747,1424,505574
QAP,4748,1424,505668
QAP,4749,1424,505778
QAP,4750,1424,505888
QAP,4751,1424,505998
QAP,4752,1424,506108
QAP,4753,1424,506202
QAP,4754,1424,506312
QAP,4755,1424,506429
QAP,4756,1424,506532
QAP,4757,1424,506626
QAP,4758,1424,506736
QAP,4759,1424,506846
QAP,4760,1424,506956
QAP,4761,1424,507066
QAP,4762,1424,507160
QAP,4763,1424,507270
QAP,4764,1424,507380
QAP,4765,1424,507490
QAP,4766,1424,507599
QAP,4767,1424,507694
QAP,4768,1424,507804
QAP,4769,1424,507914
QAP,4770,1424,508024
QAP,4771,1424,508133
QAP,4772,1424,508227
QAP,4773,1424,508337
QAP,4774,1424,508447
QAP,4775,1424,508557
QAP,4776,1424,508651
QAP,4777,1424,508761
QAP,4778,1424,508871
QAP,4779,1424,508981
QAP,4780,1424,509075
QAP,4781,1424,509197
QAP,4782,1424,509303
QAP,4783,1424,509410
QAP,4784,1424,509516
QAP,4785,1424,509622
QAP,4786,1424,509729
QAP,4787,1424,509834
QAP,4788,1424,509942
QAP,4789,1424,510047
QAP,4790,1424,510155
QAP,4791,1424,510261
QAP,4792,1424,510366
QAP,4793,1424,510472
QAP,4794,1424,510579
QAP,4795,1424,510685
QAP,4796,1424,510791
QAP,4797,1424,510899
QAP,4798,1424,511004
QAP,4799,1424,511110
QAP,4800,1424,511218
QAP,4801,1424,511327
QAP,4802,1424,511434
QAP,4803,1424,511529
QAP,4804,1424,511639
QAP,4805,1424,511750
QAP,4806,1424,511860
QAP,4807,1424,511971
QAP,4808,1424,512077
QAP,4809,1424,512184
QAP,4810,1424,512292
QAP,4811,1424,512399
QAP,4812,1424,512506
QAP,4813,1424,512601
QAP,4814,1424,512711
QAP,4815,1424,512820
QAP,4816,1424,512930
QAP,4817,1424,513024
QAP,4818,1424,513134
QAP,4819,1424,513251
QAP,4820,1424,513353
QAP,4821,1424,513463
QAP,4822,1424,513557
QAP,4823,1424,513667
QAP,4824,1424,513777
QAP,4825,1424,513886
QAP,4826,1424,513996
QAP,4827,1424,514090
QAP,4828,1424,514200
QAP,4829,1424,514309
QAP,4830,1424,514419
QAP,4831,1424,514529
QAP,4832,1424,514623
QAP,4833,1424,514733
QAP,4834,1424,514843
QAP,4835,1424,514953
QAP,4836,1424,515062
QAP,4837,1424,515172
QAP,4838,1424,515266
QAP,4839,1424,515376
QAP,4840,1424,515486
QAP,4841,1424,515595
QAP,4842,1424,515705
QAP,4843,1424,515799
QAP,4844,1424,515909
QAP,4845,1424,516019
QAP,4846,1424,516128
QAP,4847,1424,516238
QAP,4848,1424,516332
QAP,4849,1424,516442
QAP,4850,1424,516551
QAP,4851,1424,516661
QAP,4852,1424,516771
QAP,4853,1424,516865
QAP,4854,1424,516974
QAP,4855,1424,517084
QAP,4856,1424,517194
QAP,4857,1424,517303
QAP,4858,1424,517398
QAP,4859,1424,517507
QAP,4860,1424,517617
QAP,4861,1424,517727
QAP,4862,1424,517836
QAP,4863,1424,517931
QAP,4864,1424,518040
QAP,4865,1424,518150
QAP,4866,1424,518260
QAP,4867,1424,518369
QAP,4868,1424,518463
QAP,4869,1424,518573
QAP,4870,1424,518683
QAP,4871,1424,518793
QAP,4872,1424,518887
QAP,4873,1424,518997
QAP,4874,1424,519107
QAP,4875,1424,519216
QAP,4876,1424,519326
QAP,4877,1424,519435
QAP,4878,1424,519530
QAP,4879,1424,519640
QAP,4880,1424,519750
QAP,4881,1424,519859
QAP,4882,1424,519954
QAP,4883,1424,520064
QAP,4884,1424,520173
QAP,4885,1424,520283
QAP,4886,1424,520377
QAP,4887,1424,520487
QAP,4888,1424,520596
QAP,4889,1424,520706
QAP,4890,1424,520816
QAP,4891,1424,520910
QAP,4892,1424,521020
QAP,4893,1424,521130
QAP,4894,1424,521239
QAP,4895,1424,521349
QAP,4896,1424,521443
QAP,4897,1424,521553
QAP,4898,1424,521663
QAP,4899,1424,521772
QAP,4900,1424,521882
QAP,4901,1424,521976
QAP,4902,1424,522086
QAP,4903,1424,522195
QAP,4904,1424,522305
QAP,4905,1424,522399
QAP,4906,1424,522509
QAP,4907,1424,522618
QAP,4908,1424,522728
QAP,4909,1424,522838
QAP,4910,1424,522932
QAP,4911,1424,523042
QAP,4912,1424,523152
QAP,4913,1424,523262
QAP,4914,1424,523372
QAP,4915,1424,523466
QAP,4916,1424,523575
QAP,4917,1424,523685
QAP,4918,1424,523794
QAP,4919,1424,523904
QAP,4920,1424,523998
QAP,4921,1424,524108
QAP,4922,1424,524218
QAP,4923,1424,524327
QAP,4924,1424,524437
QAP,4925,1424,524531
QAP,4926,1424,524641
QAP,4927,1424,524750
QAP,4928,1424,524861
QAP,4929,1424,524955
QAP,4930,1424,525065
QAP,4931,1424,525182
QAP,4932,1424,525284
QAP,4933,1424,525395
QAP,4934,1424,525489
QAP,4935,1424,525599
QAP,4936,1424,525709
QAP,4937,1424,525819
QAP,4938,1424,525929
QAP,4939,1424,526023
QAP,4940,1424,526133
QAP,4941,1424,526243
QAP,4942,1424,526353
QAP,4943,1424,526448
QAP,4944,1424,526558
QAP,4945,1424,526668
QAP,4946,1424,526778
QAP,4947,1424,526880
QAP,4948,1424,526982
QAP,4949,1424,527092
QAP,4950,1424,527202
QAP,4951,1424,527312
QAP,4952,1424,527406
QAP,4953,1424,527516
QAP,4954,1424,527625
QAP,4955,1424,527736
QAP,4956,1424,527830
QAP,4957,1424,527939
QAP,4958,1424,528049
QAP,4959,1424,528159
QAP,4960,1424,528269
QAP,4961,1424,528363
QAP,4962,1424,528473
QAP,4963,1424,528583
QAP,4964,1424,528692
QAP,4965,1424,528802
QAP,4966,1424,528896
QAP,4967,1424,529006
QAP,4968,1424,529116
QAP,4969,1424,529226
QAP,4970,1424,529335
QAP,4971,1424,529429
QAP,4972,1424,529539
QAP,4973,1424,529649
QAP,4974,1424,529759
QAP,4975,1424,529868
QAP,4976,1424,529962
QAP,4977,1424,530072
QAP,4978,1424,530182
QAP,4979,1424,530291
QAP,4980,1424,530401
QAP,4981,1424,530495
QAP,4982,1424,530605
QAP,4983,1424,530714
QAP,4984,1424,530824
QAP,4985,1424,530918
QAP,4986,1424,531028
QAP,4987,1424,531138
QAP,4988,1424,531247
QAP,4989,1424,531357
QAP,4990,1424,531451
QAP,4991,1424,531561
QAP,4992,1424,531670
QAP,4993,1424,531780
QAP,4994,1424,531890
QAP,4995,1424,531984
QAP,4996,1424,532094
QAP,4997,1424,532203
QAP,4998,1424,532313
QAP,4999,1424,532407
