Problem,Generation,BestCost,TimeMS
GPP,0,1087,0
GPP,1,1087,47
GPP,2,1082,107
GPP,3,1082,173
GPP,4,1082,233
GPP,5,1068,291
GPP,6,1068,349
GPP,7,1068,407
GPP,8,1058,464
GPP,9,1058,512
GPP,10,1047,575
GPP,11,1047,624
GPP,12,1047,694
GPP,13,1044,751
GPP,14,1044,809
GPP,15,1044,866
GPP,16,1044,923
GPP,17,1044,971
GPP,18,1044,1037
GPP,19,1044,1081
GPP,20,1044,1144
GPP,21,1044,1207
GPP,22,1044,1254
GPP,23,1044,1316
GPP,24,1024,1379
GPP,25,1024,1427
GPP,26,1024,1489
GPP,27,1024,1552
GPP,28,1021,1599
GPP,29,1021,1662
GPP,30,1021,1725
GPP,31,1021,1772
GPP,32,1021,1835
GPP,33,1021,1882
GPP,34,1021,1945
GPP,35,1021,2008
GPP,36,1021,2055
GPP,37,1013,2118
GPP,38,1013,2180
GPP,39,1010,2228
GPP,40,1010,2291
GPP,41,1010,2338
GPP,42,1010,2401
GPP,43,1010,2463
GPP,44,1006,2511
GPP,45,1006,2574
GPP,46,1006,2636
GPP,47,1006,2684
GPP,48,1006,2747
GPP,49,1006,2810
GPP,50,1006,2857
GPP,51,1006,2920
GPP,52,1006,2967
GPP,53,1006,3030
GPP,54,998,3093
GPP,55,998,3140
GPP,56,998,3203
GPP,57,998,3266
GPP,58,998,3313
GPP,59,998,3376
GPP,60,998,3424
GPP,61,998,3502
GPP,62,998,3549
GPP,63,963,3612
GPP,64,963,3675
GPP,65,963,3722
GPP,66,963,3785
GPP,67,963,3832
GPP,68,963,3904
GPP,69,963,3962
GPP,70,963,4019
GPP,71,963,4075
GPP,72,963,4133
GPP,73,963,4189
GPP,74,963,4247
GPP,75,963,4305
GPP,76,957,4361
GPP,77,957,4418
GPP,78,957,4475
GPP,79,957,4533
GPP,80,957,4590
GPP,81,957,4645
GPP,82,957,4704
GPP,83,957,4760
GPP,84,957,4818
GPP,85,956,4874
GPP,86,953,4932
GPP,87,953,4989
GPP,88,953,5047
GPP,89,953,5104
GPP,90,952,5162
GPP,91,952,5218
GPP,92,952,5275
GPP,93,952,5332
GPP,94,952,5389
GPP,95,952,5447
GPP,96,943,5503
GPP,97,938,5561
GPP,98,938,5618
GPP,99,938,5676
GPP,100,938,5732
GPP,101,938,5789
GPP,102,937,5846
GPP,103,927,5906
GPP,104,927,5963
GPP,105,927,6019
GPP,106,927,6076
GPP,107,927,6133
GPP,108,919,6190
GPP,109,919,6247
GPP,110,909,6304
GPP,111,909,6361
GPP,112,909,6419
GPP,113,909,6477
GPP,114,908,6534
GPP,115,905,6592
GPP,116,905,6648
GPP,117,905,6706
GPP,118,905,6763
GPP,119,905,6820
GPP,120,896,6876
GPP,121,896,6934
GPP,122,896,6991
GPP,123,896,7048
GPP,124,896,7106
GPP,125,896,7164
GPP,126,896,7220
GPP,127,896,7278
GPP,128,896,7334
GPP,129,896,7391
GPP,130,896,7448
GPP,131,896,7505
GPP,132,896,7562
GPP,133,896,7620
GPP,134,892,7677
GPP,135,892,7732
GPP,136,892,7790
GPP,137,892,7847
GPP,138,892,7904
GPP,139,874,7963
GPP,140,874,8019
GPP,141,874,8077
GPP,142,874,8133
GPP,143,874,8190
GPP,144,874,8246
GPP,145,859,8303
GPP,146,859,8362
GPP,147,859,8418
GPP,148,859,8475
GPP,149,859,8532
GPP,150,859,8589
GPP,151,859,8647
GPP,152,859,8704
GPP,153,852,8761
GPP,154,852,8818
GPP,155,852,8876
GPP,156,852,8932
GPP,157,852,8990
GPP,158,851,9047
GPP,159,850,9103
GPP,160,850,9160
GPP,161,850,9218
GPP,162,850,9275
GPP,163,850,9332
GPP,164,850,9389
GPP,165,850,9445
GPP,166,850,9502
GPP,167,850,9560
GPP,168,841,9616
GPP,169,841,9674
GPP,170,841,9731
GPP,171,834,9790
GPP,172,834,9847
GPP,173,834,9903
GPP,174,834,9960
GPP,175,834,10017
GPP,176,834,10074
GPP,177,834,10132
GPP,178,834,10188
GPP,179,834,10245
GPP,180,834,10303
GPP,181,834,10360
GPP,182,834,10417
GPP,183,834,10474
GPP,184,834,10530
GPP,185,834,10588
GPP,186,834,10645
GPP,187,834,10701
GPP,188,834,10759
GPP,189,820,10816
GPP,190,816,10873
GPP,191,816,10930
GPP,192,816,10987
GPP,193,816,11045
GPP,194,816,11101
GPP,195,816,11159
GPP,196,816,11216
GPP,197,816,11274
GPP,198,816,11331
GPP,199,815,11386
GPP,200,815,11446
GPP,201,815,11501
GPP,202,801,11560
GPP,203,801,11616
GPP,204,801,11674
GPP,205,801,11730
GPP,206,801,11788
GPP,207,801,11845
GPP,208,801,11901
GPP,209,801,11959
GPP,210,793,12015
GPP,211,793,12073
GPP,212,793,12129
GPP,213,793,12188
GPP,214,793,12245
GPP,215,793,12300
GPP,216,775,12357
GPP,217,775,12413
GPP,218,775,12471
GPP,219,775,12529
GPP,220,768,12585
GPP,221,768,12642
GPP,222,768,12699
GPP,223,768,12757
GPP,224,766,12813
GPP,225,766,12871
GPP,226,766,12928
GPP,227,766,12984
GPP,228,766,13042
GPP,229,766,13099
GPP,230,766,13156
GPP,231,766,13214
GPP,232,766,13270
GPP,233,766,13328
GPP,234,766,13384
GPP,235,766,13442
GPP,236,766,13498
GPP,237,753,13556
GPP,238,753,13612
GPP,239,753,13670
GPP,240,753,13726
GPP,241,753,13784
GPP,242,746,13839
GPP,243,736,13898
GPP,244,730,13954
GPP,245,730,14012
GPP,246,730,14068
GPP,247,730,14125
GPP,248,730,14183
GPP,249,730,14239
GPP,250,730,14298
GPP,251,730,14354
GPP,252,730,14406
GPP,253,730,14469
GPP,254,701,14532
GPP,255,701,14579
GPP,256,701,14642
GPP,257,701,14704
GPP,258,701,14751
GPP,259,701,14814
GPP,260,701,14877
GPP,261,701,14924
GPP,262,701,14987
GPP,263,701,15034
GPP,264,701,15097
GPP,265,701,15160
GPP,266,701,15207
GPP,267,701,15270
GPP,268,701,15333
GPP,269,701,15380
GPP,270,701,15443
GPP,271,701,15505
GPP,272,701,15553
GPP,273,701,15615
GPP,274,701,15662
GPP,275,701,15725
GPP,276,693,15788
GPP,277,693,15835
GPP,278,693,15898
GPP,279,693,15961
GPP,280,693,16008
GPP,281,693,16071
GPP,282,693,16118
GPP,283,679,16180
GPP,284,679,16243
GPP,285,679,16290
GPP,286,674,16353
GPP,287,674,16416
GPP,288,674,16463
GPP,289,674,16526
GPP,290,674,16589
GPP,291,674,16636
GPP,292,674,16699
GPP,293,674,16746
GPP,294,674,16809
GPP,295,674,16872
GPP,296,674,16919
GPP,297,674,16982
GPP,298,674,17029
GPP,299,674,17092
GPP,300,674,17154
GPP,301,674,17202
GPP,302,671,17264
GPP,303,671,17327
GPP,304,671,17374
GPP,305,671,17437
GPP,306,658,17500
GPP,307,648,17547
GPP,308,648,17609
GPP,309,648,17656
GPP,310,648,17719
GPP,311,648,17782
GPP,312,646,17829
GPP,313,634,17891
GPP,314,601,17954
GPP,315,601,18001
GPP,316,601,18064
GPP,317,601,18111
GPP,318,601,18174
GPP,319,601,18237
GPP,320,601,18284
GPP,321,601,18347
GPP,322,601,18410
GPP,323,601,18457
GPP,324,601,18520
GPP,325,601,18583
GPP,326,601,18630
GPP,327,601,18694
GPP,328,601,18741
GPP,329,601,18803
GPP,330,601,18866
GPP,331,600,18913
GPP,332,560,18976
GPP,333,560,19023
GPP,334,560,19086
GPP,335,560,19149
GPP,336,556,19196
GPP,337,556,19259
GPP,338,556,19322
GPP,339,556,19369
GPP,340,554,19431
GPP,341,554,19479
GPP,342,549,19541
GPP,343,549,19604
GPP,344,549,19651
GPP,345,536,19714
GPP,346,536,19761
GPP,347,536,19824
GPP,348,536,19886
GPP,349,536,19934
GPP,350,536,19996
GPP,351,528,20059
GPP,352,509,20106
GPP,353,509,20169
GPP,354,509,20216
GPP,355,509,20279
GPP,356,509,20341
GPP,357,509,20388
GPP,358,504,20451
GPP,359,504,20513
GPP,360,504,20561
GPP,361,504,20624
GPP,362,504,20687
GPP,363,504,20734
GPP,364,504,20797
GPP,365,504,20844
GPP,366,504,20906
GPP,367,504,20969
GPP,368,504,21016
GPP,369,504,21079
GPP,370,504,21141
GPP,371,502,21188
GPP,372,499,21251
GPP,373,499,21298
GPP,374,499,21361
GPP,375,499,21424
GPP,376,488,21471
GPP,377,488,21534
GPP,378,488,21581
GPP,379,488,21644
GPP,380,488,21708
GPP,381,473,21755
GPP,382,473,21818
GPP,383,473,21865
GPP,384,473,21928
GPP,385,473,21975
GPP,386,464,22047
GPP,387,464,22103
GPP,388,464,22159
GPP,389,464,22216
GPP,390,464,22272
GPP,391,464,22328
GPP,392,464,22385
GPP,393,462,22440
GPP,394,462,22496
GPP,395,462,22552
GPP,396,452,22606
GPP,397,452,22653
GPP,398,449,22716
GPP,399,449,22779
GPP,400,449,22826
GPP,401,449,22889
GPP,402,449,22936
GPP,403,445,22998
GPP,404,445,23061
GPP,405,445,23108
GPP,406,445,23171
GPP,407,445,23218
GPP,408,445,23281
GPP,409,432,23343
GPP,410,432,23390
GPP,411,432,23453
GPP,412,432,23500
GPP,413,432,23562
GPP,414,432,23625
GPP,415,432,23672
GPP,416,432,23735
GPP,417,423,23797
GPP,418,423,23844
GPP,419,423,23907
GPP,420,423,23954
GPP,421,423,24017
GPP,422,423,24080
GPP,423,423,24127
GPP,424,423,24189
GPP,425,423,24252
GPP,426,423,24299
GPP,427,423,24362
GPP,428,423,24409
GPP,429,423,24471
GPP,430,423,24534
GPP,431,423,24581
GPP,432,423,24644
GPP,433,423,24707
GPP,434,421,24754
GPP,435,421,24817
GPP,436,401,24879
GPP,437,401,24926
GPP,438,401,24989
GPP,439,401,25036
GPP,440,401,25099
GPP,441,401,25161
GPP,442,398,25208
GPP,443,398,25271
GPP,444,398,25318
GPP,445,398,25381
GPP,446,398,25444
GPP,447,396,25491
GPP,448,385,25554
GPP,449,382,25601
GPP,450,382,25664
GPP,451,382,25726
GPP,452,382,25773
GPP,453,382,25836
GPP,454,382,25883
GPP,455,379,25946
GPP,456,379,26008
GPP,457,379,26055
GPP,458,379,26118
GPP,459,372,26181
GPP,460,372,26228
GPP,461,372,26290
GPP,462,372,26337
GPP,463,372,26400
GPP,464,372,26447
GPP,465,372,26510
GPP,466,372,26572
GPP,467,372,26619
GPP,468,372,26682
GPP,469,372,26737
GPP,470,355,26792
GPP,471,355,26855
GPP,472,355,26902
GPP,473,355,26964
GPP,474,355,27011
GPP,475,355,27074
GPP,476,355,27137
GPP,477,355,27184
GPP,478,355,27247
GPP,479,355,27294
GPP,480,355,27356
GPP,481,355,27419
GPP,482,355,27466
GPP,483,355,27529
GPP,484,355,27576
GPP,485,355,27638
GPP,486,355,27701
GPP,487,355,27748
GPP,488,355,27811
GPP,489,355,27858
GPP,490,355,27921
GPP,491,355,27984
GPP,492,355,28031
GPP,493,355,28094
GPP,494,355,28141
GPP,495,355,28204
GPP,496,355,28267
GPP,497,355,28314
GPP,498,355,28377
GPP,499,355,28424
GPP,500,355,28487
GPP,501,355,28549
GPP,502,355,28596
GPP,503,355,28659
GPP,504,354,28707
GPP,505,354,28770
GPP,506,354,28832
GPP,507,342,28879
GPP,508,342,28942
GPP,509,342,28989
GPP,510,342,29051
GPP,511,342,29098
GPP,512,342,29161
GPP,513,342,29224
GPP,514,334,29271
GPP,515,334,29334
GPP,516,334,29381
GPP,517,330,29450
GPP,518,330,29506
GPP,519,330,29553
GPP,520,323,29616
GPP,521,323,29663
GPP,522,323,29726
GPP,523,315,29773
GPP,524,312,29835
GPP,525,312,29898
GPP,526,309,29945
GPP,527,309,30007
GPP,528,309,30055
GPP,529,309,30118
GPP,530,309,30165
GPP,531,309,30227
GPP,532,309,30290
GPP,533,309,30337
GPP,534,309,30400
GPP,535,309,30447
GPP,536,308,30509
GPP,537,304,30572
GPP,538,304,30619
GPP,539,304,30682
GPP,540,304,30729
GPP,541,304,30792
GPP,542,304,30855
GPP,543,304,30902
GPP,544,304,30964
GPP,545,304,31027
GPP,546,304,31074
GPP,547,304,31137
GPP,548,304,31184
GPP,549,304,31246
GPP,550,304,31309
GPP,551,304,31356
GPP,552,304,31419
GPP,553,304,31466
GPP,554,304,31528
GPP,555,304,31591
GPP,556,304,31638
GPP,557,304,31701
GPP,558,304,31748
GPP,559,304,31811
GPP,560,304,31873
GPP,561,304,31920
GPP,562,304,31983
GPP,563,304,32030
GPP,564,304,32093
GPP,565,304,32155
GPP,566,304,32203
GPP,567,304,32265
GPP,568,304,32313
GPP,569,304,32375
GPP,570,301,32438
GPP,571,301,32485
GPP,572,301,32547
GPP,573,301,32594
GPP,574,301,32657
GPP,575,301,32720
GPP,576,300,32767
GPP,577,300,32830
GPP,578,300,32877
GPP,579,300,32939
GPP,580,296,32986
GPP,581,296,33049
GPP,582,292,33112
GPP,583,292,33159
GPP,584,288,33221
GPP,585,285,33269
GPP,586,285,33331
GPP,587,285,33378
GPP,588,285,33441
GPP,589,276,33504
GPP,590,276,33551
GPP,591,276,33613
GPP,592,276,33660
GPP,593,276,33723
GPP,594,272,33770
GPP,595,272,33833
GPP,596,272,33896
GPP,597,272,33943
GPP,598,268,34006
GPP,599,268,34053
GPP,600,268,34115
GPP,601,268,34162
GPP,602,263,34225
GPP,603,263,34288
GPP,604,261,34335
GPP,605,261,34397
GPP,606,261,34444
GPP,607,261,34507
GPP,608,261,34570
GPP,609,261,34617
GPP,610,261,34679
GPP,611,261,34726
GPP,612,255,34789
GPP,613,255,34852
GPP,614,255,34907
GPP,615,255,34962
GPP,616,255,35009
GPP,617,255,35071
GPP,618,255,35134
GPP,619,255,35181
GPP,620,255,35244
GPP,621,255,35291
GPP,622,255,35353
GPP,623,255,35400
GPP,624,255,35463
GPP,625,255,35526
GPP,626,255,35573
GPP,627,255,35636
GPP,628,255,35683
GPP,629,255,35746
GPP,630,255,35809
GPP,631,255,35856
GPP,632,255,35918
GPP,633,243,35981
GPP,634,243,36028
GPP,635,243,36091
GPP,636,243,36138
GPP,637,243,36200
GPP,638,243,36264
GPP,639,243,36310
GPP,640,243,36373
GPP,641,243,36420
GPP,642,243,36483
GPP,643,243,36546
GPP,644,243,36593
GPP,645,243,36655
GPP,646,243,36703
GPP,647,243,36765
GPP,648,243,36828
GPP,649,243,36875
GPP,650,243,36938
GPP,651,243,36985
GPP,652,243,37047
GPP,653,243,37110
GPP,654,243,37157
GPP,655,243,37219
GPP,656,243,37266
GPP,657,238,37329
GPP,658,238,37392
GPP,659,236,37439
GPP,660,236,37501
GPP,661,230,37548
GPP,662,230,37611
GPP,663,230,37674
GPP,664,230,37721
GPP,665,230,37784
GPP,666,212,37831
GPP,667,212,37893
GPP,668,212,37940
GPP,669,212,38003
GPP,670,206,38066
GPP,671,206,38113
GPP,672,206,38175
GPP,673,206,38222
GPP,674,206,38285
GPP,675,206,38332
GPP,676,206,38395
GPP,677,206,38457
GPP,678,206,38504
GPP,679,206,38567
GPP,680,206,38614
GPP,681,206,38677
GPP,682,206,38745
GPP,683,206,38803
GPP,684,206,38858
GPP,685,206,38914
GPP,686,206,38971
GPP,687,206,39028
GPP,688,206,39085
GPP,689,205,39141
GPP,690,205,39198
GPP,691,205,39254
GPP,692,205,39310
GPP,693,205,39367
GPP,694,205,39422
GPP,695,205,39479
GPP,696,203,39536
GPP,697,202,39594
GPP,698,202,39650
GPP,699,202,39707
GPP,700,202,39762
GPP,701,199,39820
GPP,702,199,39875
GPP,703,199,39933
GPP,704,199,39988
GPP,705,199,40046
GPP,706,199,40102
GPP,707,199,40158
GPP,708,199,40206
GPP,709,199,40269
GPP,710,199,40331
GPP,711,199,40379
GPP,712,199,40442
GPP,713,199,40489
GPP,714,199,40552
GPP,715,199,40599
GPP,716,199,40662
GPP,717,199,40725
GPP,718,199,40772
GPP,719,199,40835
GPP,720,199,40897
GPP,721,199,40944
GPP,722,194,41007
GPP,723,194,41054
GPP,724,194,41117
GPP,725,194,41180
GPP,726,194,41227
GPP,727,194,41290
GPP,728,194,41337
GPP,729,194,41399
GPP,730,194,41462
GPP,731,194,41509
GPP,732,194,41572
GPP,733,194,41619
GPP,734,192,41682
GPP,735,192,41745
GPP,736,192,41792
GPP,737,192,41855
GPP,738,192,41918
GPP,739,192,41965
GPP,740,192,42028
GPP,741,192,42075
GPP,742,192,42138
GPP,743,192,42201
GPP,744,192,42248
GPP,745,192,42311
GPP,746,192,42374
GPP,747,192,42421
GPP,748,192,42484
GPP,749,192,42547
GPP,750,192,42594
GPP,751,192,42656
GPP,752,192,42704
GPP,753,192,42767
GPP,754,192,42829
GPP,755,192,42876
GPP,756,192,42939
GPP,757,192,43002
GPP,758,192,43049
GPP,759,192,43112
GPP,760,192,43159
GPP,761,192,43222
GPP,762,192,43284
GPP,763,192,43332
GPP,764,192,43394
GPP,765,192,43441
GPP,766,192,43504
GPP,767,192,43567
GPP,768,192,43614
GPP,769,192,43677
GPP,770,192,43724
GPP,771,191,43787
GPP,772,191,43834
GPP,773,191,43897
GPP,774,181,43959
GPP,775,181,44007
GPP,776,180,44069
GPP,777,180,44117
GPP,778,180,44180
GPP,779,180,44227
GPP,780,180,44290
GPP,781,179,44353
GPP,782,179,44400
GPP,783,178,44463
GPP,784,178,44510
GPP,785,178,44572
GPP,786,178,44635
GPP,787,178,44682
GPP,788,177,44745
GPP,789,176,44792
GPP,790,176,44855
GPP,791,176,44918
GPP,792,172,44965
GPP,793,172,45027
GPP,794,170,45075
GPP,795,170,45137
GPP,796,170,45200
GPP,797,170,45247
GPP,798,170,45310
GPP,799,170,45357
GPP,800,170,45419
GPP,801,170,45482
GPP,802,170,45529
GPP,803,170,45592
GPP,804,170,45654
GPP,805,170,45701
GPP,806,170,45764
GPP,807,170,45827
GPP,808,170,45874
GPP,809,170,45937
GPP,810,170,45984
GPP,811,170,46046
GPP,812,170,46109
GPP,813,170,46156
GPP,814,170,46219
GPP,815,170,46281
GPP,816,170,46328
GPP,817,170,46391
GPP,818,170,46454
GPP,819,170,46501
GPP,820,170,46563
GPP,821,169,46626
GPP,822,169,46673
GPP,823,169,46736
GPP,824,169,46799
GPP,825,169,46846
GPP,826,169,46909
GPP,827,169,46971
GPP,828,169,47018
GPP,829,169,47081
GPP,830,169,47128
GPP,831,169,47191
GPP,832,169,47254
GPP,833,169,47301
GPP,834,169,47363
GPP,835,169,47426
GPP,836,169,47473
GPP,837,169,47536
GPP,838,169,47599
GPP,839,169,47645
GPP,840,169,47708
GPP,841,169,47771
GPP,842,169,47818
GPP,843,169,47881
GPP,844,169,47927
GPP,845,169,47990
GPP,846,169,48053
GPP,847,169,48100
GPP,848,169,48162
GPP,849,169,48209
GPP,850,169,48272
GPP,851,169,48335
GPP,852,169,48382
GPP,853,169,48444
GPP,854,169,48507
GPP,855,169,48554
GPP,856,169,48617
GPP,857,169,48664
GPP,858,169,48726
GPP,859,169,48774
GPP,860,169,48836
GPP,861,169,48899
GPP,862,169,48946
GPP,863,169,49009
GPP,864,166,49056
GPP,865,166,49119
GPP,866,166,49181
GPP,867,162,49228
GPP,868,162,49291
GPP,869,162,49338
GPP,870,162,49400
GPP,871,162,49447
GPP,872,162,49510
GPP,873,162,49573
GPP,874,162,49620
GPP,875,162,49682
GPP,876,162,49729
GPP,877,157,49792
GPP,878,157,49855
GPP,879,157,49909
GPP,880,157,49964
GPP,881,157,50011
GPP,882,157,50074
GPP,883,152,50137
GPP,884,152,50184
GPP,885,152,50247
GPP,886,152,50294
GPP,887,152,50357
GPP,888,152,50419
GPP,889,152,50466
GPP,890,152,50529
GPP,891,152,50591
GPP,892,152,50638
GPP,893,152,50701
GPP,894,152,50748
GPP,895,152,50811
GPP,896,152,50874
GPP,897,151,50921
GPP,898,151,50983
GPP,899,151,51046
GPP,900,151,51093
GPP,901,151,51155
GPP,902,151,51202
GPP,903,151,51273
GPP,904,151,51328
GPP,905,151,51375
GPP,906,151,51438
GPP,907,151,51500
GPP,908,151,51547
GPP,909,151,51610
GPP,910,151,51673
GPP,911,151,51720
GPP,912,151,51782
GPP,913,151,51845
GPP,914,151,51892
GPP,915,151,51954
GPP,916,151,52001
GPP,917,151,52064
GPP,918,151,52127
GPP,919,151,52189
GPP,920,151,52236
GPP,921,151,52299
GPP,922,151,52346
GPP,923,151,52409
GPP,924,151,52471
GPP,925,151,52518
GPP,926,151,52581
GPP,927,151,52644
GPP,928,151,52691
GPP,929,151,52753
GPP,930,151,52816
GPP,931,151,52863
GPP,932,151,52926
GPP,933,151,52988
GPP,934,151,53035
GPP,935,151,53098
GPP,936,151,53145
GPP,937,151,53208
GPP,938,151,53270
GPP,939,151,53317
GPP,940,151,53390
GPP,941,151,53449
GPP,942,151,53507
GPP,943,151,53564
GPP,944,151,53620
GPP,945,151,53678
GPP,946,151,53734
GPP,947,151,53791
GPP,948,151,53846
GPP,949,151,53904
GPP,950,151,53961
GPP,951,151,54009
GPP,952,151,54072
GPP,953,151,54119
GPP,954,151,54182
GPP,955,151,54229
GPP,956,151,54292
GPP,957,151,54357
GPP,958,151,54414
GPP,959,151,54471
GPP,960,151,54528
GPP,961,151,54584
GPP,962,151,54640
GPP,963,151,54687
GPP,964,151,54750
GPP,965,151,54797
GPP,966,151,54860
GPP,967,151,54923
GPP,968,151,54970
GPP,969,151,55033
GPP,970,151,55088
GPP,971,151,55143
GPP,972,151,55190
GPP,973,151,55253
GPP,974,151,55316
GPP,975,151,55363
GPP,976,151,55426
GPP,977,151,55473
GPP,978,151,55536
GPP,979,151,55583
GPP,980,151,55648
GPP,981,151,55709
GPP,982,151,55756
GPP,983,151,55819
GPP,984,148,55866
GPP,985,148,55929
GPP,986,148,55976
GPP,987,148,56039
GPP,988,147,56102
GPP,989,147,56149
GPP,990,147,56212
GPP,991,147,56259
GPP,992,147,56322
GPP,993,147,56369
GPP,994,147,56432
GPP,995,147,56479
GPP,996,146,56542
GPP,997,146,56605
GPP,998,146,56652
GPP,999,146,56720
GPP,1000,143,56777
GPP,1001,143,56840
GPP,1002,143,56888
GPP,1003,143,56950
GPP,1004,142,56997
GPP,1005,142,57060
GPP,1006,142,57123
GPP,1007,142,57170
GPP,1008,140,57233
GPP,1009,139,57280
GPP,1010,139,57343
GPP,1011,139,57406
GPP,1012,139,57453
GPP,1013,139,57516
GPP,1014,139,57563
GPP,1015,139,57626
GPP,1016,139,57689
GPP,1017,139,57736
GPP,1018,139,57799
GPP,1019,139,57846
GPP,1020,139,57909
GPP,1021,139,57971
GPP,1022,139,58019
GPP,1023,137,58088
GPP,1024,137,58144
GPP,1025,137,58192
GPP,1026,137,58255
GPP,1027,137,58302
GPP,1028,137,58364
GPP,1029,137,58427
GPP,1030,137,58474
GPP,1031,137,58537
GPP,1032,137,58600
GPP,1033,137,58647
GPP,1034,137,58710
GPP,1035,137,58773
GPP,1036,137,58820
GPP,1037,137,58883
GPP,1038,137,58930
GPP,1039,137,58993
GPP,1040,137,59056
GPP,1041,137,59103
GPP,1042,137,59165
GPP,1043,137,59228
GPP,1044,137,59275
GPP,1045,137,59338
GPP,1046,137,59386
GPP,1047,137,59449
GPP,1048,137,59511
GPP,1049,137,59559
GPP,1050,137,59621
GPP,1051,137,59669
GPP,1052,137,59731
GPP,1053,137,59794
GPP,1054,137,59842
GPP,1055,137,59904
GPP,1056,137,59967
GPP,1057,137,60014
GPP,1058,137,60077
GPP,1059,137,60140
GPP,1060,137,60187
GPP,1061,137,60250
GPP,1062,137,60297
GPP,1063,137,60360
GPP,1064,137,60423
GPP,1065,137,60470
GPP,1066,137,60533
GPP,1067,137,60595
GPP,1068,137,60643
GPP,1069,137,60705
GPP,1070,137,60752
GPP,1071,137,60823
GPP,1072,137,60880
GPP,1073,137,60939
GPP,1074,137,60994
GPP,1075,137,61051
GPP,1076,137,61110
GPP,1077,137,61166
GPP,1078,137,61223
GPP,1079,137,61280
GPP,1080,137,61336
GPP,1081,137,61384
GPP,1082,137,61446
GPP,1083,137,61494
GPP,1084,137,61556
GPP,1085,137,61619
GPP,1086,137,61666
GPP,1087,137,61729
GPP,1088,137,61776
GPP,1089,137,61839
GPP,1090,137,61886
GPP,1091,137,61949
GPP,1092,137,62012
GPP,1093,137,62059
GPP,1094,137,62122
GPP,1095,137,62177
GPP,1096,137,62232
GPP,1097,137,62279
GPP,1098,137,62342
GPP,1099,137,62389
GPP,1100,137,62452
GPP,1101,137,62499
GPP,1102,137,62562
GPP,1103,137,62609
GPP,1104,137,62672
GPP,1105,136,62735
GPP,1106,136,62782
GPP,1107,136,62845
GPP,1108,136,62892
GPP,1109,136,62955
GPP,1110,136,63002
GPP,1111,136,63065
GPP,1112,136,63112
GPP,1113,134,63175
GPP,1114,134,63237
GPP,1115,134,63285
GPP,1116,134,63347
GPP,1117,134,63394
GPP,1118,134,63457
GPP,1119,134,63504
GPP,1120,134,63567
GPP,1121,134,63615
GPP,1122,134,63678
GPP,1123,134,63725
GPP,1124,134,63788
GPP,1125,133,63851
GPP,1126,133,63898
GPP,1127,132,63961
GPP,1128,132,64008
GPP,1129,132,64070
GPP,1130,131,64118
GPP,1131,131,64181
GPP,1132,131,64244
GPP,1133,131,64291
GPP,1134,131,64353
GPP,1135,131,64400
GPP,1136,131,64463
GPP,1137,131,64525
GPP,1138,131,64572
GPP,1139,131,64635
GPP,1140,131,64695
GPP,1141,131,64751
GPP,1142,131,64809
GPP,1143,131,64857
GPP,1144,131,64919
GPP,1145,131,64966
GPP,1146,131,65029
GPP,1147,131,65076
GPP,1148,131,65139
GPP,1149,131,65202
GPP,1150,131,65249
GPP,1151,131,65312
GPP,1152,131,65375
GPP,1153,131,65422
GPP,1154,131,65485
GPP,1155,131,65532
GPP,1156,131,65595
GPP,1157,131,65658
GPP,1158,131,65705
GPP,1159,131,65768
GPP,1160,131,65831
GPP,1161,131,65878
GPP,1162,131,65941
GPP,1163,131,66004
GPP,1164,131,66051
GPP,1165,131,66114
GPP,1166,131,66161
GPP,1167,131,66223
GPP,1168,131,66286
GPP,1169,131,66333
GPP,1170,131,66396
GPP,1171,131,66459
GPP,1172,131,66506
GPP,1173,131,66568
GPP,1174,131,66631
GPP,1175,131,66679
GPP,1176,131,66742
GPP,1177,131,66789
GPP,1178,131,66852
GPP,1179,131,66915
GPP,1180,131,66962
GPP,1181,131,67025
GPP,1182,131,67088
GPP,1183,131,67135
GPP,1184,131,67197
GPP,1185,131,67260
GPP,1186,131,67307
GPP,1187,131,67370
GPP,1188,131,67433
GPP,1189,131,67480
GPP,1190,131,67543
GPP,1191,131,67590
GPP,1192,131,67652
GPP,1193,131,67715
GPP,1194,131,67762
GPP,1195,131,67825
GPP,1196,131,67888
GPP,1197,131,67935
GPP,1198,131,67998
GPP,1199,131,68045
GPP,1200,131,68108
GPP,1201,131,68170
GPP,1202,131,68217
GPP,1203,131,68280
GPP,1204,131,68343
GPP,1205,131,68390
GPP,1206,131,68453
GPP,1207,131,68500
GPP,1208,131,68563
GPP,1209,131,68626
GPP,1210,131,68673
GPP,1211,131,68736
GPP,1212,131,68799
GPP,1213,131,68846
GPP,1214,131,68909
GPP,1215,131,68956
GPP,1216,131,69019
GPP,1217,131,69082
GPP,1218,131,69129
GPP,1219,131,69192
GPP,1220,131,69239
GPP,1221,131,69301
GPP,1222,131,69349
GPP,1223,131,69412
GPP,1224,131,69474
GPP,1225,131,69522
GPP,1226,131,69584
GPP,1227,131,69632
GPP,1228,131,69695
GPP,1229,131,69742
GPP,1230,131,69804
GPP,1231,130,69851
GPP,1232,130,69914
GPP,1233,128,69977
GPP,1234,128,70024
GPP,1235,128,70087
GPP,1236,125,70134
GPP,1237,125,70197
GPP,1238,125,70244
GPP,1239,125,70307
GPP,1240,125,70354
GPP,1241,125,70417
GPP,1242,125,70479
GPP,1243,125,70526
GPP,1244,125,70589
GPP,1245,125,70636
GPP,1246,125,70699
GPP,1247,125,70746
GPP,1248,125,70809
GPP,1249,125,70857
GPP,1250,125,70920
GPP,1251,125,70967
GPP,1252,125,71030
GPP,1253,125,71092
GPP,1254,125,71139
GPP,1255,125,71202
GPP,1256,125,71249
GPP,1257,125,71312
GPP,1258,125,71360
GPP,1259,124,71422
GPP,1260,124,71485
GPP,1261,124,71532
GPP,1262,124,71595
GPP,1263,124,71642
GPP,1264,124,71711
GPP,1265,124,71752
GPP,1266,124,71815
GPP,1267,124,71878
GPP,1268,124,71925
GPP,1269,124,71988
GPP,1270,124,72035
GPP,1271,124,72098
GPP,1272,124,72161
GPP,1273,124,72208
GPP,1274,124,72270
GPP,1275,124,72333
GPP,1276,124,72380
GPP,1277,124,72442
GPP,1278,124,72505
GPP,1279,124,72552
GPP,1280,124,72615
GPP,1281,124,72662
GPP,1282,124,72724
GPP,1283,124,72787
GPP,1284,124,72834
GPP,1285,124,72897
GPP,1286,124,72959
GPP,1287,124,73006
GPP,1288,124,73075
GPP,1289,124,73132
GPP,1290,124,73179
GPP,1291,124,73242
GPP,1292,124,73304
GPP,1293,124,73351
GPP,1294,124,73414
GPP,1295,124,73477
GPP,1296,124,73524
GPP,1297,124,73586
GPP,1298,124,73633
GPP,1299,124,73696
GPP,1300,124,73759
GPP,1301,124,73805
GPP,1302,124,73868
GPP,1303,124,73931
GPP,1304,124,73978
GPP,1305,124,74041
GPP,1306,124,74103
GPP,1307,124,74150
GPP,1308,124,74213
GPP,1309,124,74276
GPP,1310,124,74323
GPP,1311,124,74385
GPP,1312,124,74448
GPP,1313,124,74495
GPP,1314,124,74558
GPP,1315,124,74605
GPP,1316,124,74668
GPP,1317,124,74731
GPP,1318,124,74777
GPP,1319,124,74840
GPP,1320,124,74903
GPP,1321,124,74950
GPP,1322,124,75013
GPP,1323,124,75075
GPP,1324,124,75122
GPP,1325,124,75186
GPP,1326,124,75248
GPP,1327,124,75295
GPP,1328,124,75358
GPP,1329,124,75405
GPP,1330,124,75468
GPP,1331,124,75530
GPP,1332,124,75577
GPP,1333,124,75640
GPP,1334,124,75703
GPP,1335,124,75750
GPP,1336,124,75813
GPP,1337,124,75875
GPP,1338,124,75923
GPP,1339,124,75985
GPP,1340,124,76048
GPP,1341,124,76095
GPP,1342,124,76157
GPP,1343,124,76220
GPP,1344,124,76267
GPP,1345,124,76330
GPP,1346,124,76392
GPP,1347,124,76439
GPP,1348,124,76502
GPP,1349,124,76565
GPP,1350,124,76612
GPP,1351,124,76675
GPP,1352,124,76737
GPP,1353,124,76784
GPP,1354,124,76847
GPP,1355,124,76894
GPP,1356,124,76956
GPP,1357,124,77020
GPP,1358,124,77067
GPP,1359,124,77129
GPP,1360,124,77192
GPP,1361,124,77239
GPP,1362,124,77302
GPP,1363,124,77349
GPP,1364,124,77411
GPP,1365,124,77474
GPP,1366,124,77521
GPP,1367,124,77584
GPP,1368,124,77631
GPP,1369,124,77693
GPP,1370,124,77756
GPP,1371,124,77803
GPP,1372,124,77866
GPP,1373,124,77913
GPP,1374,124,77975
GPP,1375,124,78038
GPP,1376,124,78085
GPP,1377,124,78148
GPP,1378,124,78195
GPP,1379,124,78257
GPP,1380,124,78305
GPP,1381,124,78367
GPP,1382,124,78414
GPP,1383,124,78477
GPP,1384,124,78540
GPP,1385,124,78587
GPP,1386,124,78650
GPP,1387,124,78696
GPP,1388,124,78759
GPP,1389,124,78806
GPP,1390,124,78869
GPP,1391,124,78916
GPP,1392,124,78979
GPP,1393,123,79041
GPP,1394,123,79088
GPP,1395,123,79151
GPP,1396,123,79198
GPP,1397,123,79261
GPP,1398,123,79308
GPP,1399,123,79370
GPP,1400,123,79417
GPP,1401,123,79480
GPP,1402,123,79543
GPP,1403,123,79590
GPP,1404,123,79652
GPP,1405,123,79699
GPP,1406,123,79762
GPP,1407,123,79809
GPP,1408,123,79871
GPP,1409,123,79934
GPP,1410,123,79981
GPP,1411,123,80044
GPP,1412,123,80091
GPP,1413,122,80160
GPP,1414,122,80216
GPP,1415,122,80263
GPP,1416,122,80326
GPP,1417,122,80373
GPP,1418,122,80435
GPP,1419,122,80498
GPP,1420,122,80545
GPP,1421,122,80608
GPP,1422,122,80655
GPP,1423,122,80717
GPP,1424,122,80780
GPP,1425,122,80827
GPP,1426,122,80890
GPP,1427,122,80937
GPP,1428,122,81000
GPP,1429,122,81062
GPP,1430,122,81110
GPP,1431,122,81172
GPP,1432,122,81219
GPP,1433,122,81282
GPP,1434,122,81345
GPP,1435,122,81392
GPP,1436,122,81455
GPP,1437,122,81517
GPP,1438,122,81564
GPP,1439,122,81627
GPP,1440,122,81674
GPP,1441,122,81737
GPP,1442,122,81799
GPP,1443,122,81846
GPP,1444,122,81909
GPP,1445,122,81972
GPP,1446,122,82019
GPP,1447,122,82081
GPP,1448,122,82144
GPP,1449,122,82191
GPP,1450,122,82254
GPP,1451,122,82316
GPP,1452,122,82363
GPP,1453,122,82426
GPP,1454,122,82488
GPP,1455,122,82535
GPP,1456,122,82598
GPP,1457,122,82645
GPP,1458,122,82708
GPP,1459,122,82771
GPP,1460,122,82818
GPP,1461,122,82880
GPP,1462,122,82943
GPP,1463,122,82990
GPP,1464,122,83053
GPP,1465,122,83116
GPP,1466,122,83163
GPP,1467,122,83225
GPP,1468,122,83288
GPP,1469,122,83335
GPP,1470,122,83397
GPP,1471,122,83444
GPP,1472,122,83507
GPP,1473,122,83570
GPP,1474,122,83617
GPP,1475,122,83679
GPP,1476,122,83742
GPP,1477,122,83789
GPP,1478,122,83851
GPP,1479,122,83914
GPP,1480,122,83961
GPP,1481,122,84025
GPP,1482,122,84087
GPP,1483,122,84134
GPP,1484,122,84197
GPP,1485,122,84259
GPP,1486,122,84306
GPP,1487,122,84369
GPP,1488,122,84416
GPP,1489,122,84479
GPP,1490,122,84541
GPP,1491,122,84588
GPP,1492,122,84651
GPP,1493,122,84714
GPP,1494,122,84761
GPP,1495,122,84823
GPP,1496,122,84886
GPP,1497,122,84933
GPP,1498,122,84996
GPP,1499,122,85058
GPP,1500,122,85105
GPP,1501,122,85175
GPP,1502,122,85231
GPP,1503,122,85278
GPP,1504,122,85341
GPP,1505,122,85403
GPP,1506,122,85450
GPP,1507,122,85513
GPP,1508,122,85576
GPP,1509,122,85623
GPP,1510,122,85686
GPP,1511,122,85733
GPP,1512,122,85796
GPP,1513,122,85858
GPP,1514,122,85905
GPP,1515,122,85968
GPP,1516,122,86031
GPP,1517,122,86078
GPP,1518,122,86140
GPP,1519,122,86203
GPP,1520,122,86250
GPP,1521,122,86313
GPP,1522,122,86375
GPP,1523,122,86422
GPP,1524,122,86485
GPP,1525,122,86532
GPP,1526,122,86595
GPP,1527,122,86657
GPP,1528,122,86712
GPP,1529,122,86767
GPP,1530,122,86830
GPP,1531,122,86877
GPP,1532,122,86940
GPP,1533,122,87002
GPP,1534,122,87050
GPP,1535,122,87112
GPP,1536,122,87159
GPP,1537,122,87222
GPP,1538,122,87269
GPP,1539,122,87332
GPP,1540,122,87394
GPP,1541,122,87441
GPP,1542,122,87504
GPP,1543,122,87551
GPP,1544,122,87614
GPP,1545,122,87661
GPP,1546,122,87723
GPP,1547,122,87786
GPP,1548,122,87833
GPP,1549,122,87895
GPP,1550,122,87942
GPP,1551,122,88006
GPP,1552,122,88053
GPP,1553,122,88116
GPP,1554,122,88163
GPP,1555,122,88226
GPP,1556,122,88273
GPP,1557,121,88336
GPP,1558,121,88399
GPP,1559,121,88446
GPP,1560,121,88508
GPP,1561,121,88555
GPP,1562,121,88618
GPP,1563,121,88681
GPP,1564,121,88728
GPP,1565,121,88791
GPP,1566,121,88838
GPP,1567,121,88901
GPP,1568,121,88948
GPP,1569,121,89011
GPP,1570,121,89058
GPP,1571,118,89121
GPP,1572,118,89184
GPP,1573,118,89231
GPP,1574,118,89294
GPP,1575,118,89341
GPP,1576,118,89404
GPP,1577,118,89451
GPP,1578,118,89514
GPP,1579,118,89561
GPP,1580,118,89624
GPP,1581,118,89687
GPP,1582,118,89734
GPP,1583,118,89797
GPP,1584,117,89844
GPP,1585,117,89907
GPP,1586,117,89954
GPP,1587,117,90017
GPP,1588,117,90064
GPP,1589,117,90126
GPP,1590,117,90189
GPP,1591,117,90236
GPP,1592,117,90299
GPP,1593,117,90346
GPP,1594,117,90409
GPP,1595,117,90471
GPP,1596,117,90518
GPP,1597,117,90581
GPP,1598,117,90628
GPP,1599,117,90691
GPP,1600,117,90738
GPP,1601,117,90801
GPP,1602,117,90864
GPP,1603,117,90911
GPP,1604,117,90974
GPP,1605,117,91037
GPP,1606,117,91084
GPP,1607,117,91147
GPP,1608,117,91194
GPP,1609,117,91257
GPP,1610,117,91320
GPP,1611,117,91367
GPP,1612,117,91429
GPP,1613,117,91492
GPP,1614,117,91539
GPP,1615,117,91602
GPP,1616,117,91649
GPP,1617,112,91712
GPP,1618,112,91775
GPP,1619,112,91822
GPP,1620,112,91885
GPP,1621,112,91948
GPP,1622,112,91995
GPP,1623,112,92058
GPP,1624,112,92120
GPP,1625,112,92168
GPP,1626,112,92230
GPP,1627,112,92278
GPP,1628,112,92340
GPP,1629,112,92403
GPP,1630,112,92450
GPP,1631,112,92513
GPP,1632,112,92576
GPP,1633,112,92623
GPP,1634,112,92686
GPP,1635,112,92749
GPP,1636,112,92796
GPP,1637,112,92859
GPP,1638,112,92906
GPP,1639,112,92968
GPP,1640,112,93031
GPP,1641,112,93078
GPP,1642,112,93141
GPP,1643,112,93204
GPP,1644,112,93251
GPP,1645,112,93314
GPP,1646,112,93377
GPP,1647,112,93424
GPP,1648,112,93487
GPP,1649,112,93535
GPP,1650,112,93597
GPP,1651,112,93660
GPP,1652,112,93723
GPP,1653,112,93770
GPP,1654,112,93833
GPP,1655,112,93880
GPP,1656,112,93943
GPP,1657,112,94006
GPP,1658,112,94053
GPP,1659,112,94116
GPP,1660,112,94179
GPP,1661,112,94226
GPP,1662,112,94289
GPP,1663,112,94336
GPP,1664,112,94399
GPP,1665,112,94462
GPP,1666,112,94509
GPP,1667,112,94572
GPP,1668,112,94619
GPP,1669,112,94682
GPP,1670,112,94745
GPP,1671,112,94792
GPP,1672,112,94855
GPP,1673,112,94902
GPP,1674,112,94965
GPP,1675,112,95012
GPP,1676,112,95075
GPP,1677,112,95138
GPP,1678,112,95185
GPP,1679,112,95248
GPP,1680,112,95295
GPP,1681,112,95358
GPP,1682,112,95405
GPP,1683,112,95468
GPP,1684,112,95531
GPP,1685,112,95579
GPP,1686,112,95641
GPP,1687,112,95689
GPP,1688,112,95751
GPP,1689,112,95799
GPP,1690,112,95861
GPP,1691,112,95908
GPP,1692,112,95971
GPP,1693,112,96018
GPP,1694,112,96081
GPP,1695,112,96128
GPP,1696,112,96191
GPP,1697,112,96254
GPP,1698,112,96301
GPP,1699,112,96364
GPP,1700,112,96411
GPP,1701,112,96474
GPP,1702,112,96521
GPP,1703,112,96584
GPP,1704,112,96631
GPP,1705,112,96694
GPP,1706,112,96741
GPP,1707,112,96804
GPP,1708,112,96867
GPP,1709,112,96914
GPP,1710,112,96977
GPP,1711,112,97024
GPP,1712,112,97087
GPP,1713,112,97150
GPP,1714,112,97197
GPP,1715,112,97260
GPP,1716,112,97307
GPP,1717,112,97370
GPP,1718,112,97417
GPP,1719,112,97479
GPP,1720,112,97542
GPP,1721,112,97589
GPP,1722,112,97654
GPP,1723,112,97699
GPP,1724,112,97762
GPP,1725,112,97825
GPP,1726,112,97872
GPP,1727,112,97935
GPP,1728,112,97982
GPP,1729,111,98045
GPP,1730,111,98108
GPP,1731,111,98155
GPP,1732,111,98218
GPP,1733,111,98265
GPP,1734,111,98328
GPP,1735,111,98391
GPP,1736,111,98440
GPP,1737,111,98501
GPP,1738,111,98564
GPP,1739,111,98611
GPP,1740,111,98674
GPP,1741,111,98721
GPP,1742,111,98784
GPP,1743,111,98847
GPP,1744,111,98894
GPP,1745,111,98957
GPP,1746,111,99019
GPP,1747,111,99067
GPP,1748,111,99130
GPP,1749,111,99177
GPP,1750,111,99240
GPP,1751,111,99302
GPP,1752,111,99349
GPP,1753,111,99412
GPP,1754,110,99475
GPP,1755,110,99522
GPP,1756,110,99585
GPP,1757,110,99632
GPP,1758,110,99695
GPP,1759,110,99758
GPP,1760,110,99805
GPP,1761,110,99867
GPP,1762,110,99930
GPP,1763,110,99977
GPP,1764,110,100040
GPP,1765,110,100103
GPP,1766,110,100150
GPP,1767,110,100217
GPP,1768,110,100260
GPP,1769,110,100323
GPP,1770,110,100386
GPP,1771,110,100432
GPP,1772,110,100495
GPP,1773,110,100558
GPP,1774,110,100605
GPP,1775,110,100668
GPP,1776,110,100731
GPP,1777,110,100778
GPP,1778,110,100840
GPP,1779,110,100903
GPP,1780,110,100950
GPP,1781,110,101013
GPP,1782,110,101075
GPP,1783,110,101123
GPP,1784,110,101185
GPP,1785,110,101232
GPP,1786,110,101295
GPP,1787,110,101358
GPP,1788,110,101405
GPP,1789,110,101467
GPP,1790,110,101530
GPP,1791,110,101577
GPP,1792,110,101640
GPP,1793,110,101705
GPP,1794,110,101750
GPP,1795,110,101812
GPP,1796,110,101875
GPP,1797,110,101922
GPP,1798,110,101985
GPP,1799,110,102048
GPP,1800,110,102095
GPP,1801,110,102157
GPP,1802,110,102204
GPP,1803,110,102267
GPP,1804,110,102329
GPP,1805,110,102376
GPP,1806,110,102439
GPP,1807,110,102502
GPP,1808,110,102549
GPP,1809,110,102612
GPP,1810,110,102659
GPP,1811,110,102721
GPP,1812,110,102784
GPP,1813,110,102831
GPP,1814,110,102893
GPP,1815,110,102956
GPP,1816,110,103003
GPP,1817,110,103069
GPP,1818,110,103113
GPP,1819,110,103176
GPP,1820,110,103223
GPP,1821,110,103286
GPP,1822,110,103348
GPP,1823,110,103395
GPP,1824,110,103458
GPP,1825,110,103505
GPP,1826,110,103568
GPP,1827,110,103614
GPP,1828,110,103677
GPP,1829,110,103740
GPP,1830,110,103787
GPP,1831,110,103850
GPP,1832,110,103897
GPP,1833,110,103960
GPP,1834,110,104006
GPP,1835,110,104069
GPP,1836,110,104116
GPP,1837,110,104179
GPP,1838,110,104241
GPP,1839,110,104288
GPP,1840,110,104351
GPP,1841,110,104398
GPP,1842,110,104461
GPP,1843,110,104508
GPP,1844,110,104570
GPP,1845,110,104617
GPP,1846,110,104680
GPP,1847,110,104743
GPP,1848,110,104790
GPP,1849,110,104852
GPP,1850,110,104899
GPP,1851,110,104962
GPP,1852,110,105009
GPP,1853,110,105072
GPP,1854,110,105119
GPP,1855,110,105182
GPP,1856,110,105245
GPP,1857,110,105292
GPP,1858,110,105354
GPP,1859,110,105401
GPP,1860,110,105464
GPP,1861,110,105511
GPP,1862,110,105573
GPP,1863,110,105636
GPP,1864,110,105683
GPP,1865,110,105746
GPP,1866,110,105794
GPP,1867,110,105857
GPP,1868,110,105919
GPP,1869,110,105966
GPP,1870,110,106029
GPP,1871,110,106076
GPP,1872,110,106139
GPP,1873,110,106201
GPP,1874,110,106248
GPP,1875,110,106311
GPP,1876,110,106358
GPP,1877,110,106421
GPP,1878,110,106483
GPP,1879,110,106530
GPP,1880,109,106593
GPP,1881,109,106656
GPP,1882,109,106703
GPP,1883,109,106765
GPP,1884,109,106812
GPP,1885,109,106875
GPP,1886,109,106938
GPP,1887,109,106985
GPP,1888,109,107047
GPP,1889,109,107110
GPP,1890,109,107157
GPP,1891,108,107220
GPP,1892,108,107283
GPP,1893,108,107330
GPP,1894,108,107392
GPP,1895,108,107455
GPP,1896,108,107502
GPP,1897,108,107564
GPP,1898,108,107627
GPP,1899,108,107674
GPP,1900,108,107737
GPP,1901,108,107784
GPP,1902,108,107846
GPP,1903,108,107909
GPP,1904,108,107956
GPP,1905,108,108019
GPP,1906,108,108081
GPP,1907,108,108128
GPP,1908,108,108191
GPP,1909,108,108254
GPP,1910,108,108301
GPP,1911,108,108363
GPP,1912,108,108426
GPP,1913,108,108473
GPP,1914,108,108536
GPP,1915,108,108599
GPP,1916,108,108646
GPP,1917,108,108708
GPP,1918,108,108771
GPP,1919,108,108818
GPP,1920,108,108881
GPP,1921,108,108928
GPP,1922,108,108991
GPP,1923,108,109053
GPP,1924,108,109100
GPP,1925,108,109163
GPP,1926,108,109226
GPP,1927,108,109273
GPP,1928,108,109335
GPP,1929,108,109398
GPP,1930,108,109445
GPP,1931,108,109508
GPP,1932,108,109570
GPP,1933,108,109617
GPP,1934,108,109680
GPP,1935,108,109743
GPP,1936,108,109790
GPP,1937,108,109852
GPP,1938,108,109915
GPP,1939,108,109962
GPP,1940,108,110025
GPP,1941,108,110087
GPP,1942,108,110134
GPP,1943,108,110197
GPP,1944,108,110252
GPP,1945,108,110307
GPP,1946,108,110370
GPP,1947,108,110417
GPP,1948,108,110479
GPP,1949,108,110542
GPP,1950,108,110589
GPP,1951,108,110652
GPP,1952,108,110715
GPP,1953,108,110762
GPP,1954,108,110824
GPP,1955,108,110887
GPP,1956,108,110934
GPP,1957,108,110997
GPP,1958,108,111044
GPP,1959,108,111107
GPP,1960,108,111170
GPP,1961,108,111216
GPP,1962,108,111280
GPP,1963,108,111326
GPP,1964,108,111389
GPP,1965,108,111452
GPP,1966,108,111499
GPP,1967,108,111561
GPP,1968,108,111608
GPP,1969,108,111671
GPP,1970,108,111734
GPP,1971,108,111781
GPP,1972,108,111843
GPP,1973,108,111890
GPP,1974,108,111953
GPP,1975,108,112015
GPP,1976,108,112072
GPP,1977,108,112126
GPP,1978,108,112183
GPP,1979,106,112239
GPP,1980,106,112294
GPP,1981,106,112348
GPP,1982,106,112407
GPP,1983,106,112461
GPP,1984,106,112516
GPP,1985,106,112572
GPP,1986,106,112616
GPP,1987,106,112679
GPP,1988,106,112726
GPP,1989,106,112788
GPP,1990,106,112851
GPP,1991,106,112906
GPP,1992,106,112961
GPP,1993,106,113008
GPP,1994,106,113071
GPP,1995,106,113118
GPP,1996,106,113181
GPP,1997,106,113228
GPP,1998,106,113291
GPP,1999,106,113338
GPP,2000,106,113400
GPP,2001,106,113463
GPP,2002,106,113510
GPP,2003,106,113573
GPP,2004,106,113620
GPP,2005,106,113683
GPP,2006,106,113730
GPP,2007,106,113793
GPP,2008,106,113856
GPP,2009,106,113903
GPP,2010,106,113969
GPP,2011,106,114013
GPP,2012,105,114075
GPP,2013,105,114138
GPP,2014,105,114185
GPP,2015,105,114248
GPP,2016,105,114295
GPP,2017,105,114358
GPP,2018,105,114421
GPP,2019,105,114468
GPP,2020,105,114531
GPP,2021,105,114578
GPP,2022,105,114641
GPP,2023,105,114704
GPP,2024,105,114751
GPP,2025,105,114814
GPP,2026,105,114861
GPP,2027,105,114924
GPP,2028,105,114987
GPP,2029,105,115034
GPP,2030,105,115097
GPP,2031,105,115144
GPP,2032,105,115207
GPP,2033,105,115270
GPP,2034,105,115317
GPP,2035,105,115380
GPP,2036,105,115427
GPP,2037,105,115490
GPP,2038,105,115553
GPP,2039,105,115600
GPP,2040,105,115663
GPP,2041,105,115726
GPP,2042,105,115773
GPP,2043,105,115835
GPP,2044,105,115898
GPP,2045,105,115945
GPP,2046,105,116008
GPP,2047,105,116055
GPP,2048,105,116117
GPP,2049,105,116180
GPP,2050,105,116227
GPP,2051,105,116290
GPP,2052,105,116352
GPP,2053,105,116399
GPP,2054,105,116462
GPP,2055,105,116525
GPP,2056,105,116572
GPP,2057,105,116634
GPP,2058,105,116697
GPP,2059,105,116744
GPP,2060,105,116807
GPP,2061,105,116854
GPP,2062,105,116917
GPP,2063,105,116979
GPP,2064,105,117026
GPP,2065,105,117089
GPP,2066,105,117152
GPP,2067,105,117199
GPP,2068,105,117261
GPP,2069,105,117324
GPP,2070,105,117371
GPP,2071,105,117434
GPP,2072,105,117496
GPP,2073,105,117544
GPP,2074,105,117606
GPP,2075,105,117669
GPP,2076,105,117716
GPP,2077,105,117779
GPP,2078,105,117826
GPP,2079,105,117889
GPP,2080,105,117952
GPP,2081,105,117999
GPP,2082,105,118062
GPP,2083,105,118125
GPP,2084,105,118172
GPP,2085,105,118235
GPP,2086,105,118298
GPP,2087,105,118345
GPP,2088,105,118408
GPP,2089,105,118455
GPP,2090,105,118518
GPP,2091,105,118581
GPP,2092,105,118628
GPP,2093,105,118691
GPP,2094,105,118753
GPP,2095,105,118801
GPP,2096,105,118863
GPP,2097,105,118911
GPP,2098,105,118974
GPP,2099,105,119037
GPP,2100,105,119084
GPP,2101,105,119147
GPP,2102,105,119210
GPP,2103,105,119257
GPP,2104,105,119320
GPP,2105,105,119367
GPP,2106,105,119430
GPP,2107,105,119492
GPP,2108,105,119540
GPP,2109,105,119602
GPP,2110,105,119665
GPP,2111,105,119712
GPP,2112,105,119775
GPP,2113,105,119822
GPP,2114,105,119885
GPP,2115,105,119932
GPP,2116,105,119995
GPP,2117,105,120057
GPP,2118,105,120105
GPP,2119,105,120167
GPP,2120,105,120214
GPP,2121,105,120283
GPP,2122,105,120324
GPP,2123,105,120387
GPP,2124,105,120450
GPP,2125,105,120497
GPP,2126,105,120560
GPP,2127,105,120607
GPP,2128,105,120670
GPP,2129,105,120717
GPP,2130,105,120784
GPP,2131,105,120827
GPP,2132,105,120890
GPP,2133,105,120937
GPP,2134,105,121000
GPP,2135,105,121047
GPP,2136,105,121110
GPP,2137,105,121173
GPP,2138,105,121220
GPP,2139,105,121283
GPP,2140,105,121330
GPP,2141,105,121393
GPP,2142,105,121440
GPP,2143,105,121503
GPP,2144,105,121550
GPP,2145,105,121612
GPP,2146,105,121675
GPP,2147,105,121723
GPP,2148,105,121785
GPP,2149,105,121832
GPP,2150,105,121895
GPP,2151,105,121942
GPP,2152,105,122005
GPP,2153,105,122068
GPP,2154,105,122115
GPP,2155,105,122178
GPP,2156,105,122225
GPP,2157,105,122287
GPP,2158,105,122335
GPP,2159,105,122397
GPP,2160,105,122445
GPP,2161,105,122507
GPP,2162,105,122570
GPP,2163,105,122617
GPP,2164,105,122680
GPP,2165,105,122728
GPP,2166,105,122791
GPP,2167,105,122838
GPP,2168,105,122900
GPP,2169,105,122963
GPP,2170,105,123010
GPP,2171,105,123073
GPP,2172,105,123121
GPP,2173,105,123184
GPP,2174,105,123246
GPP,2175,105,123294
GPP,2176,105,123356
GPP,2177,105,123403
GPP,2178,105,123466
GPP,2179,105,123529
GPP,2180,105,123576
GPP,2181,105,123639
GPP,2182,105,123702
GPP,2183,105,123749
GPP,2184,105,123812
GPP,2185,105,123874
GPP,2186,105,123921
GPP,2187,105,123984
GPP,2188,105,124031
GPP,2189,105,124094
GPP,2190,105,124157
GPP,2191,105,124204
GPP,2192,105,124267
GPP,2193,105,124330
GPP,2194,105,124377
GPP,2195,105,124440
GPP,2196,105,124503
GPP,2197,105,124550
GPP,2198,105,124613
GPP,2199,105,124660
GPP,2200,105,124723
GPP,2201,105,124786
GPP,2202,105,124833
GPP,2203,105,124896
GPP,2204,105,124959
GPP,2205,105,125006
GPP,2206,105,125069
GPP,2207,105,125116
GPP,2208,105,125179
GPP,2209,105,125242
GPP,2210,105,125298
GPP,2211,105,125352
GPP,2212,105,125415
GPP,2213,105,125462
GPP,2214,105,125524
GPP,2215,105,125587
GPP,2216,105,125635
GPP,2217,105,125698
GPP,2218,105,125760
GPP,2219,105,125808
GPP,2220,105,125870
GPP,2221,105,125933
GPP,2222,105,125980
GPP,2223,105,126043
GPP,2224,105,126106
GPP,2225,105,126153
GPP,2226,105,126216
GPP,2227,105,126279
GPP,2228,105,126326
GPP,2229,105,126389
GPP,2230,105,126452
GPP,2231,105,126499
GPP,2232,105,126562
GPP,2233,105,126609
GPP,2234,105,126672
GPP,2235,105,126735
GPP,2236,105,126782
GPP,2237,105,126845
GPP,2238,105,126908
GPP,2239,105,126955
GPP,2240,105,127018
GPP,2241,105,127080
GPP,2242,105,127128
GPP,2243,105,127191
GPP,2244,105,127254
GPP,2245,105,127301
GPP,2246,105,127363
GPP,2247,105,127426
GPP,2248,105,127489
GPP,2249,105,127536
GPP,2250,105,127604
GPP,2251,105,127662
GPP,2252,105,127709
GPP,2253,105,127772
GPP,2254,105,127819
GPP,2255,105,127882
GPP,2256,105,127945
GPP,2257,105,127992
GPP,2258,105,128055
GPP,2259,105,128118
GPP,2260,105,128165
GPP,2261,105,128228
GPP,2262,105,128291
GPP,2263,105,128338
GPP,2264,105,128401
GPP,2265,105,128464
GPP,2266,105,128511
GPP,2267,105,128574
GPP,2268,105,128637
GPP,2269,105,128684
GPP,2270,105,128747
GPP,2271,105,128794
GPP,2272,105,128857
GPP,2273,105,128920
GPP,2274,105,128967
GPP,2275,105,129030
GPP,2276,105,129092
GPP,2277,105,129140
GPP,2278,105,129202
GPP,2279,105,129265
GPP,2280,105,129312
GPP,2281,105,129375
GPP,2282,105,129422
GPP,2283,105,129485
GPP,2284,105,129548
GPP,2285,105,129595
GPP,2286,105,129658
GPP,2287,105,129721
GPP,2288,105,129768
GPP,2289,105,129831
GPP,2290,105,129878
GPP,2291,105,129941
GPP,2292,105,130004
GPP,2293,105,130051
GPP,2294,105,130114
GPP,2295,105,130177
GPP,2296,105,130224
GPP,2297,105,130289
GPP,2298,105,130334
GPP,2299,105,130397
GPP,2300,105,130459
GPP,2301,105,130507
GPP,2302,105,130569
GPP,2303,105,130617
GPP,2304,105,130679
GPP,2305,105,130742
GPP,2306,105,130789
GPP,2307,105,130852
GPP,2308,105,130906
GPP,2309,105,130962
GPP,2310,105,131025
GPP,2311,105,131072
GPP,2312,105,131135
GPP,2313,105,131182
GPP,2314,105,131245
GPP,2315,105,131308
GPP,2316,105,131355
GPP,2317,105,131418
GPP,2318,105,131481
GPP,2319,105,131528
GPP,2320,105,131591
GPP,2321,105,131638
GPP,2322,105,131701
GPP,2323,105,131764
GPP,2324,105,131811
GPP,2325,105,131874
GPP,2326,105,131921
GPP,2327,105,131983
GPP,2328,105,132046
GPP,2329,105,132093
GPP,2330,105,132157
GPP,2331,105,132204
GPP,2332,105,132272
GPP,2333,105,132330
GPP,2334,105,132377
GPP,2335,105,132439
GPP,2336,105,132487
GPP,2337,105,132549
GPP,2338,105,132612
GPP,2339,105,132659
GPP,2340,105,132721
GPP,2341,105,132769
GPP,2342,105,132832
GPP,2343,105,132894
GPP,2344,105,132942
GPP,2345,105,133004
GPP,2346,105,133059
GPP,2347,105,133114
GPP,2348,105,133177
GPP,2349,105,133224
GPP,2350,105,133287
GPP,2351,105,133334
GPP,2352,105,133397
GPP,2353,105,133460
GPP,2354,105,133507
GPP,2355,105,133570
GPP,2356,105,133617
GPP,2357,105,133680
GPP,2358,105,133743
GPP,2359,105,133790
GPP,2360,105,133853
GPP,2361,105,133916
GPP,2362,105,133963
GPP,2363,105,134026
GPP,2364,105,134073
GPP,2365,105,134136
GPP,2366,105,134199
GPP,2367,105,134246
GPP,2368,105,134309
GPP,2369,105,134369
GPP,2370,105,134427
GPP,2371,105,134481
GPP,2372,105,134528
GPP,2373,105,134591
GPP,2374,105,134640
GPP,2375,105,134701
GPP,2376,105,134764
GPP,2377,105,134811
GPP,2378,105,134874
GPP,2379,105,134936
GPP,2380,105,134983
GPP,2381,105,135046
GPP,2382,105,135094
GPP,2383,105,135156
GPP,2384,105,135219
GPP,2385,105,135266
GPP,2386,105,135329
GPP,2387,105,135376
GPP,2388,105,135439
GPP,2389,105,135502
GPP,2390,105,135549
GPP,2391,105,135612
GPP,2392,105,135659
GPP,2393,105,135722
GPP,2394,105,135784
GPP,2395,105,135832
GPP,2396,105,135894
GPP,2397,105,135957
GPP,2398,105,136005
GPP,2399,105,136068
GPP,2400,105,136115
GPP,2401,105,136177
GPP,2402,105,136240
GPP,2403,105,136288
GPP,2404,105,136350
GPP,2405,105,136397
GPP,2406,105,136460
GPP,2407,105,136523
GPP,2408,105,136570
GPP,2409,105,136633
GPP,2410,105,136696
GPP,2411,105,136743
GPP,2412,105,136806
GPP,2413,105,136853
GPP,2414,105,136916
GPP,2415,105,136978
GPP,2416,105,137026
GPP,2417,105,137089
GPP,2418,105,137144
GPP,2419,105,137199
GPP,2420,105,137262
GPP,2421,105,137309
GPP,2422,105,137372
GPP,2423,105,137419
GPP,2424,105,137482
GPP,2425,105,137545
GPP,2426,105,137592
GPP,2427,105,137655
GPP,2428,105,137702
GPP,2429,105,137765
GPP,2430,105,137828
GPP,2431,105,137875
GPP,2432,105,137938
GPP,2433,105,137985
GPP,2434,105,138048
GPP,2435,105,138111
GPP,2436,105,138158
GPP,2437,105,138220
GPP,2438,105,138268
GPP,2439,105,138330
GPP,2440,105,138393
GPP,2441,105,138441
GPP,2442,105,138509
GPP,2443,105,138551
GPP,2444,105,138614
GPP,2445,105,138677
GPP,2446,105,138724
GPP,2447,105,138787
GPP,2448,105,138849
GPP,2449,105,138897
GPP,2450,105,138960
GPP,2451,105,139007
GPP,2452,105,139069
GPP,2453,105,139132
GPP,2454,105,139179
GPP,2455,105,139242
GPP,2456,105,139289
GPP,2457,105,139352
GPP,2458,105,139415
GPP,2459,105,139472
GPP,2460,105,139525
GPP,2461,105,139588
GPP,2462,105,139635
GPP,2463,105,139698
GPP,2464,105,139745
GPP,2465,105,139808
GPP,2466,105,139871
GPP,2467,105,139918
GPP,2468,105,139980
GPP,2469,105,140043
GPP,2470,105,140090
GPP,2471,105,140153
GPP,2472,105,140201
GPP,2473,105,140263
GPP,2474,105,140327
GPP,2475,105,140373
GPP,2476,105,140436
GPP,2477,105,140483
GPP,2478,105,140546
GPP,2479,105,140609
GPP,2480,105,140656
GPP,2481,105,140722
GPP,2482,105,140782
GPP,2483,105,140829
GPP,2484,105,140892
GPP,2485,105,140939
GPP,2486,105,141002
GPP,2487,105,141064
GPP,2488,105,141112
GPP,2489,105,141174
GPP,2490,105,141229
GPP,2491,105,141284
GPP,2492,105,141347
GPP,2493,105,141395
GPP,2494,105,141457
GPP,2495,105,141520
GPP,2496,105,141567
GPP,2497,105,141630
GPP,2498,105,141677
GPP,2499,105,141740
GPP,2500,105,141803
GPP,2501,105,141850
GPP,2502,105,141913
GPP,2503,105,141960
GPP,2504,105,142023
GPP,2505,105,142085
GPP,2506,105,142133
GPP,2507,105,142196
GPP,2508,105,142243
GPP,2509,105,142306
GPP,2510,105,142368
GPP,2511,105,142415
GPP,2512,105,142478
GPP,2513,105,142541
GPP,2514,105,142596
GPP,2515,105,142651
GPP,2516,105,142698
GPP,2517,105,142761
GPP,2518,105,142822
GPP,2519,105,142871
GPP,2520,105,142934
GPP,2521,105,142981
GPP,2522,105,143044
GPP,2523,105,143107
GPP,2524,105,143154
GPP,2525,105,143220
GPP,2526,105,143277
GPP,2527,105,143334
GPP,2528,105,143391
GPP,2529,105,143438
GPP,2530,105,143501
GPP,2531,105,143548
GPP,2532,105,143611
GPP,2533,105,143658
GPP,2534,105,143721
GPP,2535,105,143783
GPP,2536,105,143830
GPP,2537,105,143893
GPP,2538,105,143956
GPP,2539,105,144003
GPP,2540,105,144066
GPP,2541,105,144113
GPP,2542,105,144176
GPP,2543,105,144239
GPP,2544,105,144286
GPP,2545,105,144349
GPP,2546,105,144396
GPP,2547,105,144459
GPP,2548,105,144521
GPP,2549,105,144569
GPP,2550,105,144631
GPP,2551,105,144678
GPP,2552,105,144741
GPP,2553,105,144804
GPP,2554,105,144852
GPP,2555,105,144914
GPP,2556,105,144961
GPP,2557,105,145024
GPP,2558,105,145087
GPP,2559,105,145134
GPP,2560,105,145197
GPP,2561,105,145245
GPP,2562,105,145308
GPP,2563,105,145370
GPP,2564,105,145417
GPP,2565,105,145480
GPP,2566,105,145543
GPP,2567,105,145590
GPP,2568,105,145653
GPP,2569,105,145700
GPP,2570,105,145763
GPP,2571,105,145826
GPP,2572,105,145873
GPP,2573,105,145936
GPP,2574,105,145998
GPP,2575,105,146046
GPP,2576,105,146109
GPP,2577,105,146156
GPP,2578,105,146219
GPP,2579,105,146282
GPP,2580,105,146329
GPP,2581,105,146392
GPP,2582,105,146439
GPP,2583,105,146502
GPP,2584,105,146564
GPP,2585,105,146611
GPP,2586,105,146679
GPP,2587,105,146721
GPP,2588,105,146784
GPP,2589,105,146847
GPP,2590,105,146894
GPP,2591,105,146957
GPP,2592,105,147004
GPP,2593,105,147066
GPP,2594,105,147129
GPP,2595,105,147176
GPP,2596,105,147239
GPP,2597,105,147286
GPP,2598,105,147349
GPP,2599,105,147396
GPP,2600,105,147459
GPP,2601,105,147522
GPP,2602,105,147569
GPP,2603,105,147632
GPP,2604,105,147679
GPP,2605,105,147742
GPP,2606,105,147805
GPP,2607,105,147852
GPP,2608,105,147914
GPP,2609,105,147961
GPP,2610,105,148024
GPP,2611,105,148087
GPP,2612,105,148134
GPP,2613,105,148197
GPP,2614,105,148244
GPP,2615,105,148307
GPP,2616,105,148354
GPP,2617,105,148417
GPP,2618,105,148480
GPP,2619,105,148527
GPP,2620,105,148590
GPP,2621,105,148653
GPP,2622,105,148700
GPP,2623,105,148763
GPP,2624,105,148810
GPP,2625,105,148873
GPP,2626,105,148936
GPP,2627,105,148983
GPP,2628,105,149046
GPP,2629,105,149109
GPP,2630,105,149156
GPP,2631,105,149218
GPP,2632,105,149265
GPP,2633,105,149329
GPP,2634,105,149391
GPP,2635,105,149438
GPP,2636,105,149501
GPP,2637,105,149548
GPP,2638,105,149611
GPP,2639,105,149674
GPP,2640,105,149721
GPP,2641,105,149784
GPP,2642,105,149847
GPP,2643,105,149894
GPP,2644,105,149957
GPP,2645,105,150012
GPP,2646,105,150067
GPP,2647,105,150130
GPP,2648,105,150177
GPP,2649,105,150240
GPP,2650,105,150287
GPP,2651,105,150358
GPP,2652,105,150413
GPP,2653,105,150461
GPP,2654,105,150523
GPP,2655,105,150586
GPP,2656,105,150633
GPP,2657,105,150696
GPP,2658,105,150759
GPP,2659,105,150806
GPP,2660,105,150869
GPP,2661,105,150916
GPP,2662,105,150979
GPP,2663,105,151042
GPP,2664,105,151089
GPP,2665,105,151152
GPP,2666,105,151199
GPP,2667,105,151262
GPP,2668,105,151325
GPP,2669,105,151372
GPP,2670,105,151435
GPP,2671,105,151498
GPP,2672,105,151545
GPP,2673,105,151608
GPP,2674,105,151655
GPP,2675,105,151718
GPP,2676,105,151780
GPP,2677,105,151828
GPP,2678,105,151890
GPP,2679,105,151937
GPP,2680,105,152000
GPP,2681,105,152063
GPP,2682,105,152110
GPP,2683,105,152173
GPP,2684,105,152235
GPP,2685,105,152282
GPP,2686,105,152345
GPP,2687,105,152392
GPP,2688,105,152455
GPP,2689,105,152518
GPP,2690,105,152565
GPP,2691,105,152628
GPP,2692,105,152675
GPP,2693,105,152738
GPP,2694,105,152801
GPP,2695,105,152848
GPP,2696,105,152911
GPP,2697,105,152958
GPP,2698,105,153021
GPP,2699,105,153084
GPP,2700,105,153131
GPP,2701,105,153194
GPP,2702,105,153257
GPP,2703,105,153304
GPP,2704,105,153367
GPP,2705,105,153414
GPP,2706,105,153477
GPP,2707,105,153540
GPP,2708,105,153587
GPP,2709,105,153650
GPP,2710,105,153713
GPP,2711,105,153760
GPP,2712,105,153823
GPP,2713,105,153870
GPP,2714,105,153932
GPP,2715,105,153995
GPP,2716,105,154042
GPP,2717,105,154105
GPP,2718,105,154152
GPP,2719,105,154215
GPP,2720,105,154278
GPP,2721,105,154326
GPP,2722,105,154388
GPP,2723,105,154435
GPP,2724,105,154498
GPP,2725,105,154561
GPP,2726,105,154608
GPP,2727,105,154671
GPP,2728,105,154718
GPP,2729,105,154781
GPP,2730,105,154844
GPP,2731,105,154891
GPP,2732,105,154954
GPP,2733,105,155017
GPP,2734,105,155064
GPP,2735,105,155127
GPP,2736,105,155174
GPP,2737,105,155237
GPP,2738,105,155284
GPP,2739,105,155346
GPP,2740,105,155409
GPP,2741,105,155456
GPP,2742,105,155519
GPP,2743,105,155566
GPP,2744,105,155629
GPP,2745,105,155692
GPP,2746,105,155739
GPP,2747,105,155802
GPP,2748,105,155849
GPP,2749,105,155912
GPP,2750,105,155975
GPP,2751,105,156022
GPP,2752,105,156085
GPP,2753,105,156132
GPP,2754,105,156195
GPP,2755,105,156258
GPP,2756,105,156305
GPP,2757,105,156368
GPP,2758,105,156415
GPP,2759,105,156478
GPP,2760,105,156541
GPP,2761,105,156588
GPP,2762,105,156651
GPP,2763,105,156698
GPP,2764,105,156761
GPP,2765,105,156824
GPP,2766,105,156871
GPP,2767,105,156934
GPP,2768,105,156981
GPP,2769,105,157044
GPP,2770,105,157107
GPP,2771,105,157154
GPP,2772,105,157217
GPP,2773,105,157264
GPP,2774,105,157327
GPP,2775,105,157389
GPP,2776,105,157437
GPP,2777,105,157500
GPP,2778,105,157547
GPP,2779,105,157610
GPP,2780,105,157673
GPP,2781,105,157720
GPP,2782,105,157783
GPP,2783,105,157830
GPP,2784,105,157893
GPP,2785,105,157955
GPP,2786,105,158002
GPP,2787,105,158065
GPP,2788,105,158112
GPP,2789,105,158175
GPP,2790,105,158238
GPP,2791,105,158285
GPP,2792,105,158348
GPP,2793,105,158395
GPP,2794,105,158458
GPP,2795,105,158521
GPP,2796,105,158568
GPP,2797,105,158631
GPP,2798,105,158678
GPP,2799,105,158741
GPP,2800,105,158804
GPP,2801,105,158851
GPP,2802,105,158914
GPP,2803,105,158961
GPP,2804,105,159024
GPP,2805,105,159086
GPP,2806,105,159134
GPP,2807,105,159196
GPP,2808,105,159243
GPP,2809,105,159306
GPP,2810,105,159369
GPP,2811,105,159416
GPP,2812,105,159479
GPP,2813,105,159526
GPP,2814,105,159589
GPP,2815,105,159652
GPP,2816,105,159699
GPP,2817,105,159762
GPP,2818,105,159825
GPP,2819,105,159872
GPP,2820,105,159934
GPP,2821,105,159982
GPP,2822,105,160045
GPP,2823,105,160107
GPP,2824,105,160155
GPP,2825,105,160218
GPP,2826,105,160265
GPP,2827,105,160328
GPP,2828,105,160391
GPP,2829,105,160438
GPP,2830,105,160501
GPP,2831,105,160548
GPP,2832,105,160611
GPP,2833,105,160674
GPP,2834,105,160721
GPP,2835,105,160784
GPP,2836,105,160846
GPP,2837,105,160894
GPP,2838,105,160956
GPP,2839,105,161003
GPP,2840,105,161066
GPP,2841,105,161129
GPP,2842,105,161176
GPP,2843,105,161239
GPP,2844,105,161286
GPP,2845,105,161349
GPP,2846,105,161412
GPP,2847,105,161459
GPP,2848,105,161522
GPP,2849,105,161569
GPP,2850,105,161632
GPP,2851,105,161695
GPP,2852,105,161742
GPP,2853,105,161805
GPP,2854,105,161852
GPP,2855,105,161915
GPP,2856,105,161978
GPP,2857,105,162025
GPP,2858,105,162088
GPP,2859,105,162134
GPP,2860,105,162197
GPP,2861,105,162260
GPP,2862,105,162307
GPP,2863,105,162370
GPP,2864,105,162417
GPP,2865,105,162480
GPP,2866,105,162543
GPP,2867,105,162590
GPP,2868,105,162653
GPP,2869,105,162700
GPP,2870,105,162762
GPP,2871,105,162825
GPP,2872,105,162872
GPP,2873,105,162935
GPP,2874,105,162982
GPP,2875,105,163053
GPP,2876,105,163108
GPP,2877,105,163155
GPP,2878,105,163222
GPP,2879,105,163280
GPP,2880,105,163327
GPP,2881,105,163390
GPP,2882,105,163437
GPP,2883,105,163500
GPP,2884,105,163563
GPP,2885,105,163610
GPP,2886,105,163673
GPP,2887,105,163720
GPP,2888,105,163783
GPP,2889,105,163846
GPP,2890,105,163893
GPP,2891,105,163956
GPP,2892,105,164003
GPP,2893,105,164066
GPP,2894,105,164129
GPP,2895,105,164176
GPP,2896,105,164239
GPP,2897,105,164286
GPP,2898,105,164348
GPP,2899,105,164411
GPP,2900,105,164458
GPP,2901,105,164521
GPP,2902,105,164568
GPP,2903,105,164631
GPP,2904,105,164694
GPP,2905,105,164741
GPP,2906,105,164804
GPP,2907,105,164851
GPP,2908,105,164914
GPP,2909,105,164976
GPP,2910,105,165024
GPP,2911,105,165086
GPP,2912,105,165133
GPP,2913,105,165196
GPP,2914,105,165259
GPP,2915,105,165306
GPP,2916,105,165369
GPP,2917,105,165416
GPP,2918,105,165479
GPP,2919,105,165542
GPP,2920,105,165589
GPP,2921,105,165652
GPP,2922,105,165699
GPP,2923,105,165767
GPP,2924,105,165809
GPP,2925,105,165872
GPP,2926,105,165934
GPP,2927,105,165981
GPP,2928,105,166044
GPP,2929,105,166091
GPP,2930,105,166154
GPP,2931,105,166217
GPP,2932,105,166264
GPP,2933,105,166327
GPP,2934,105,166374
GPP,2935,105,166436
GPP,2936,105,166499
GPP,2937,105,166546
GPP,2938,105,166609
GPP,2939,105,166656
GPP,2940,105,166719
GPP,2941,105,166782
GPP,2942,105,166829
GPP,2943,105,166892
GPP,2944,105,166939
GPP,2945,105,167002
GPP,2946,105,167065
GPP,2947,105,167112
GPP,2948,105,167175
GPP,2949,105,167222
GPP,2950,105,167285
GPP,2951,105,167332
GPP,2952,105,167395
GPP,2953,105,167458
GPP,2954,105,167505
GPP,2955,105,167568
GPP,2956,105,167615
GPP,2957,105,167678
GPP,2958,105,167741
GPP,2959,105,167788
GPP,2960,105,167851
GPP,2961,105,167898
GPP,2962,105,167961
GPP,2963,105,168024
GPP,2964,105,168071
GPP,2965,105,168133
GPP,2966,105,168181
GPP,2967,105,168243
GPP,2968,105,168306
GPP,2969,105,168353
GPP,2970,105,168416
GPP,2971,105,168464
GPP,2972,105,168526
GPP,2973,105,168589
GPP,2974,105,168636
GPP,2975,105,168699
GPP,2976,105,168746
GPP,2977,105,168809
GPP,2978,105,168872
GPP,2979,105,168919
GPP,2980,105,168982
GPP,2981,105,169029
GPP,2982,105,169092
GPP,2983,105,169155
GPP,2984,105,169202
GPP,2985,105,169265
GPP,2986,105,169312
GPP,2987,105,169375
GPP,2988,105,169438
GPP,2989,105,169485
GPP,2990,105,169548
GPP,2991,105,169595
GPP,2992,105,169658
GPP,2993,105,169721
GPP,2994,105,169768
GPP,2995,105,169831
GPP,2996,105,169878
GPP,2997,105,169941
GPP,2998,105,170004
GPP,2999,105,170051
GPP,3000,105,170113
GPP,3001,105,170160
GPP,3002,105,170223
GPP,3003,105,170286
GPP,3004,105,170333
GPP,3005,105,170401
GPP,3006,105,170443
GPP,3007,105,170506
GPP,3008,105,170569
GPP,3009,105,170616
GPP,3010,105,170679
GPP,3011,105,170726
GPP,3012,105,170789
GPP,3013,105,170851
GPP,3014,105,170898
GPP,3015,105,170961
GPP,3016,105,171008
GPP,3017,105,171071
GPP,3018,105,171134
GPP,3019,105,171181
GPP,3020,105,171244
GPP,3021,105,171291
GPP,3022,105,171354
GPP,3023,105,171417
GPP,3024,105,171464
GPP,3025,105,171526
GPP,3026,105,171589
GPP,3027,105,171637
GPP,3028,105,171699
GPP,3029,105,171747
GPP,3030,105,171809
GPP,3031,105,171872
GPP,3032,105,171920
GPP,3033,105,171982
GPP,3034,105,172029
GPP,3035,105,172092
GPP,3036,105,172155
GPP,3037,105,172202
GPP,3038,105,172265
GPP,3039,105,172312
GPP,3040,105,172375
GPP,3041,105,172438
GPP,3042,105,172485
GPP,3043,105,172548
GPP,3044,105,172611
GPP,3045,105,172658
GPP,3046,105,172721
GPP,3047,105,172768
GPP,3048,105,172831
GPP,3049,105,172894
GPP,3050,105,172941
GPP,3051,105,173004
GPP,3052,105,173067
GPP,3053,105,173114
GPP,3054,105,173177
GPP,3055,105,173224
GPP,3056,105,173287
GPP,3057,105,173350
GPP,3058,105,173397
GPP,3059,105,173460
GPP,3060,105,173507
GPP,3061,105,173570
GPP,3062,105,173633
GPP,3063,105,173680
GPP,3064,105,173743
GPP,3065,105,173790
GPP,3066,105,173853
GPP,3067,105,173916
GPP,3068,105,173963
GPP,3069,105,174025
GPP,3070,105,174088
GPP,3071,105,174135
GPP,3072,105,174198
GPP,3073,105,174245
GPP,3074,105,174308
GPP,3075,105,174371
GPP,3076,105,174418
GPP,3077,105,174480
GPP,3078,105,174527
GPP,3079,105,174590
GPP,3080,105,174653
GPP,3081,105,174701
GPP,3082,105,174763
GPP,3083,105,174810
GPP,3084,105,174873
GPP,3085,105,174936
GPP,3086,105,174983
GPP,3087,105,175045
GPP,3088,105,175092
GPP,3089,105,175155
GPP,3090,105,175218
GPP,3091,105,175265
GPP,3092,105,175327
GPP,3093,105,175374
GPP,3094,105,175437
GPP,3095,105,175500
GPP,3096,105,175547
GPP,3097,105,175610
GPP,3098,105,175657
GPP,3099,105,175720
GPP,3100,105,175783
GPP,3101,105,175830
GPP,3102,105,175893
GPP,3103,105,175940
GPP,3104,105,176003
GPP,3105,105,176050
GPP,3106,105,176113
GPP,3107,105,176176
GPP,3108,105,176223
GPP,3109,105,176285
GPP,3110,105,176348
GPP,3111,105,176395
GPP,3112,105,176458
GPP,3113,105,176505
GPP,3114,105,176568
GPP,3115,105,176630
GPP,3116,105,176677
GPP,3117,105,176740
GPP,3118,105,176803
GPP,3119,105,176850
GPP,3120,105,176913
GPP,3121,105,176960
GPP,3122,105,177023
GPP,3123,105,177086
GPP,3124,105,177133
GPP,3125,105,177196
GPP,3126,105,177259
GPP,3127,105,177306
GPP,3128,105,177368
GPP,3129,105,177416
GPP,3130,105,177478
GPP,3131,105,177541
GPP,3132,105,177588
GPP,3133,105,177651
GPP,3134,105,177698
GPP,3135,105,177761
GPP,3136,105,177823
GPP,3137,105,177871
GPP,3138,105,177933
GPP,3139,105,177980
GPP,3140,105,178043
GPP,3141,105,178106
GPP,3142,105,178153
GPP,3143,105,178216
GPP,3144,105,178263
GPP,3145,105,178326
GPP,3146,105,178389
GPP,3147,105,178437
GPP,3148,105,178500
GPP,3149,105,178547
GPP,3150,105,178610
GPP,3151,105,178673
GPP,3152,105,178720
GPP,3153,105,178783
GPP,3154,105,178830
GPP,3155,105,178893
GPP,3156,105,178956
GPP,3157,105,179003
GPP,3158,105,179066
GPP,3159,105,179113
GPP,3160,105,179176
GPP,3161,105,179239
GPP,3162,105,179286
GPP,3163,105,179349
GPP,3164,105,179404
GPP,3165,105,179459
GPP,3166,105,179521
GPP,3167,105,179569
GPP,3168,105,179631
GPP,3169,105,179678
GPP,3170,105,179741
GPP,3171,105,179804
GPP,3172,105,179863
GPP,3173,105,179918
GPP,3174,105,179975
GPP,3175,105,180032
GPP,3176,105,180089
GPP,3177,105,180146
GPP,3178,105,180202
GPP,3179,105,180259
GPP,3180,105,180315
GPP,3181,105,180371
GPP,3182,105,180429
GPP,3183,105,180485
GPP,3184,105,180543
GPP,3185,105,180598
GPP,3186,105,180657
GPP,3187,105,180713
GPP,3188,105,180770
GPP,3189,105,180826
GPP,3190,105,180884
GPP,3191,105,180939
GPP,3192,105,180997
GPP,3193,105,181053
GPP,3194,105,181112
GPP,3195,105,181168
GPP,3196,105,181225
GPP,3197,105,181282
GPP,3198,105,181339
GPP,3199,105,181395
GPP,3200,105,181452
GPP,3201,105,181509
GPP,3202,105,181565
GPP,3203,105,181622
GPP,3204,105,181678
GPP,3205,105,181736
GPP,3206,105,181792
GPP,3207,105,181847
GPP,3208,105,181904
GPP,3209,105,181961
GPP,3210,105,182018
GPP,3211,105,182074
GPP,3212,105,182131
GPP,3213,105,182187
GPP,3214,105,182244
GPP,3215,105,182300
GPP,3216,105,182356
GPP,3217,105,182413
GPP,3218,105,182469
GPP,3219,105,182526
GPP,3220,105,182574
GPP,3221,105,182637
GPP,3222,105,182684
GPP,3223,105,182747
GPP,3224,105,182794
GPP,3225,105,182857
GPP,3226,105,182919
GPP,3227,105,182966
GPP,3228,105,183029
GPP,3229,105,183091
GPP,3230,105,183138
GPP,3231,105,183201
GPP,3232,105,183248
GPP,3233,105,183311
GPP,3234,105,183374
GPP,3235,105,183421
GPP,3236,105,183487
GPP,3237,105,183531
GPP,3238,105,183593
GPP,3239,105,183656
GPP,3240,105,183703
GPP,3241,105,183766
GPP,3242,105,183828
GPP,3243,105,183875
GPP,3244,105,183938
GPP,3245,105,183985
GPP,3246,105,184048
GPP,3247,105,184111
GPP,3248,105,184158
GPP,3249,105,184220
GPP,3250,105,184267
GPP,3251,105,184330
GPP,3252,105,184393
GPP,3253,105,184440
GPP,3254,105,184502
GPP,3255,105,184565
GPP,3256,105,184612
GPP,3257,105,184675
GPP,3258,105,184722
GPP,3259,105,184785
GPP,3260,105,184850
GPP,3261,105,184894
GPP,3262,105,184957
GPP,3263,105,185020
GPP,3264,105,185067
GPP,3265,105,185129
GPP,3266,105,185192
GPP,3267,105,185239
GPP,3268,105,185301
GPP,3269,105,185348
GPP,3270,105,185411
GPP,3271,105,185474
GPP,3272,105,185521
GPP,3273,105,185584
GPP,3274,105,185631
GPP,3275,105,185693
GPP,3276,105,185756
GPP,3277,105,185803
GPP,3278,105,185866
GPP,3279,105,185929
GPP,3280,105,185976
GPP,3281,105,186039
GPP,3282,105,186086
GPP,3283,105,186148
GPP,3284,105,186216
GPP,3285,105,186258
GPP,3286,105,186321
GPP,3287,105,186384
GPP,3288,105,186431
GPP,3289,105,186493
GPP,3290,105,186556
GPP,3291,105,186603
GPP,3292,105,186666
GPP,3293,105,186713
GPP,3294,105,186776
GPP,3295,105,186839
GPP,3296,105,186886
GPP,3297,105,186949
GPP,3298,105,186996
GPP,3299,105,187059
GPP,3300,105,187122
GPP,3301,105,187169
GPP,3302,105,187232
GPP,3303,105,187279
GPP,3304,105,187342
GPP,3305,105,187405
GPP,3306,105,187452
GPP,3307,105,187515
GPP,3308,105,187562
GPP,3309,105,187625
GPP,3310,105,187687
GPP,3311,105,187735
GPP,3312,105,187797
GPP,3313,105,187845
GPP,3314,105,187916
GPP,3315,105,187970
GPP,3316,105,188017
GPP,3317,105,188080
GPP,3318,105,188127
GPP,3319,105,188190
GPP,3320,105,188253
GPP,3321,105,188300
GPP,3322,105,188363
GPP,3323,105,188410
GPP,3324,105,188473
GPP,3325,105,188535
GPP,3326,105,188583
GPP,3327,105,188645
GPP,3328,105,188693
GPP,3329,105,188755
GPP,3330,105,188818
GPP,3331,105,188866
GPP,3332,105,188928
GPP,3333,105,188976
GPP,3334,105,189039
GPP,3335,105,189101
GPP,3336,105,189148
GPP,3337,105,189211
GPP,3338,105,189259
GPP,3339,105,189322
GPP,3340,105,189384
GPP,3341,105,189431
GPP,3342,105,189494
GPP,3343,105,189541
GPP,3344,105,189604
GPP,3345,105,189667
GPP,3346,105,189714
GPP,3347,105,189777
GPP,3348,105,189824
GPP,3349,105,189887
GPP,3350,105,189950
GPP,3351,105,189997
GPP,3352,105,190060
GPP,3353,105,190107
GPP,3354,105,190170
GPP,3355,105,190233
GPP,3356,105,190280
GPP,3357,105,190342
GPP,3358,105,190390
GPP,3359,105,190452
GPP,3360,105,190515
GPP,3361,105,190563
GPP,3362,105,190625
GPP,3363,105,190673
GPP,3364,105,190735
GPP,3365,105,190798
GPP,3366,105,190845
GPP,3367,105,190908
GPP,3368,105,190955
GPP,3369,105,191018
GPP,3370,105,191081
GPP,3371,105,191128
GPP,3372,105,191191
GPP,3373,105,191238
GPP,3374,105,191300
GPP,3375,105,191363
GPP,3376,105,191411
GPP,3377,105,191473
GPP,3378,105,191521
GPP,3379,105,191583
GPP,3380,105,191646
GPP,3381,105,191693
GPP,3382,105,191756
GPP,3383,105,191803
GPP,3384,105,191866
GPP,3385,105,191929
GPP,3386,105,191976
GPP,3387,105,192039
GPP,3388,105,192102
GPP,3389,105,192149
GPP,3390,105,192212
GPP,3391,105,192259
GPP,3392,105,192322
GPP,3393,105,192369
GPP,3394,105,192432
GPP,3395,105,192495
GPP,3396,105,192542
GPP,3397,105,192605
GPP,3398,105,192667
GPP,3399,105,192714
GPP,3400,105,192777
GPP,3401,105,192824
GPP,3402,105,192887
GPP,3403,105,192934
GPP,3404,105,192997
GPP,3405,105,193060
GPP,3406,105,193107
GPP,3407,105,193170
GPP,3408,105,193217
GPP,3409,105,193280
GPP,3410,105,193343
GPP,3411,105,193390
GPP,3412,105,193453
GPP,3413,105,193500
GPP,3414,105,193563
GPP,3415,105,193626
GPP,3416,105,193673
GPP,3417,105,193736
GPP,3418,105,193783
GPP,3419,105,193846
GPP,3420,105,193908
GPP,3421,105,193955
GPP,3422,105,194018
GPP,3423,105,194065
GPP,3424,105,194128
GPP,3425,105,194191
GPP,3426,105,194238
GPP,3427,105,194301
GPP,3428,105,194348
GPP,3429,105,194411
GPP,3430,105,194474
GPP,3431,105,194521
GPP,3432,105,194584
GPP,3433,105,194646
GPP,3434,105,194694
GPP,3435,105,194756
GPP,3436,105,194804
GPP,3437,105,194866
GPP,3438,105,194929
GPP,3439,105,194976
GPP,3440,105,195039
GPP,3441,105,195086
GPP,3442,105,195149
GPP,3443,105,195212
GPP,3444,105,195259
GPP,3445,105,195322
GPP,3446,105,195369
GPP,3447,105,195432
GPP,3448,105,195495
GPP,3449,105,195542
GPP,3450,105,195605
GPP,3451,105,195652
GPP,3452,105,195715
GPP,3453,105,195779
GPP,3454,105,195826
GPP,3455,105,195888
GPP,3456,105,195935
GPP,3457,105,195998
GPP,3458,105,196061
GPP,3459,105,196108
GPP,3460,105,196171
GPP,3461,105,196218
GPP,3462,105,196281
GPP,3463,105,196343
GPP,3464,105,196390
GPP,3465,105,196453
GPP,3466,105,196500
GPP,3467,105,196563
GPP,3468,105,196626
GPP,3469,105,196673
GPP,3470,105,196736
GPP,3471,105,196799
GPP,3472,105,196846
GPP,3473,105,196909
GPP,3474,105,196956
GPP,3475,105,197019
GPP,3476,105,197082
GPP,3477,105,197138
GPP,3478,105,197192
GPP,3479,105,197239
GPP,3480,105,197302
GPP,3481,105,197365
GPP,3482,105,197412
GPP,3483,105,197475
GPP,3484,105,197522
GPP,3485,105,197585
GPP,3486,105,197632
GPP,3487,105,197695
GPP,3488,105,197758
GPP,3489,105,197805
GPP,3490,105,197868
GPP,3491,105,197915
GPP,3492,105,197978
GPP,3493,105,198041
GPP,3494,105,198088
GPP,3495,105,198151
GPP,3496,105,198198
GPP,3497,105,198261
GPP,3498,105,198323
GPP,3499,105,198371
GPP,3500,105,198433
GPP,3501,105,198489
GPP,3502,105,198544
GPP,3503,105,198606
GPP,3504,105,198653
GPP,3505,105,198716
GPP,3506,105,198763
GPP,3507,105,198826
GPP,3508,105,198889
GPP,3509,105,198936
GPP,3510,105,198999
GPP,3511,105,199062
GPP,3512,105,199109
GPP,3513,105,199172
GPP,3514,105,199219
GPP,3515,105,199282
GPP,3516,105,199345
GPP,3517,105,199392
GPP,3518,105,199455
GPP,3519,105,199502
GPP,3520,105,199565
GPP,3521,105,199627
GPP,3522,105,199674
GPP,3523,105,199737
GPP,3524,105,199785
GPP,3525,105,199856
GPP,3526,105,199910
GPP,3527,105,199958
GPP,3528,105,200020
GPP,3529,105,200067
GPP,3530,105,200130
GPP,3531,105,200193
GPP,3532,105,200240
GPP,3533,105,200303
GPP,3534,105,200350
GPP,3535,105,200413
GPP,3536,105,200477
GPP,3537,105,200523
GPP,3538,105,200586
GPP,3539,105,200649
GPP,3540,105,200696
GPP,3541,105,200759
GPP,3542,105,200806
GPP,3543,105,200869
GPP,3544,105,200931
GPP,3545,105,200979
GPP,3546,105,201041
GPP,3547,105,201089
GPP,3548,105,201151
GPP,3549,105,201214
GPP,3550,105,201261
GPP,3551,105,201324
GPP,3552,105,201371
GPP,3553,105,201434
GPP,3554,105,201497
GPP,3555,105,201554
GPP,3556,105,201610
GPP,3557,105,201669
GPP,3558,105,201724
GPP,3559,105,201781
GPP,3560,105,201837
GPP,3561,105,201895
GPP,3562,105,201950
GPP,3563,105,202003
GPP,3564,105,202066
GPP,3565,105,202113
GPP,3566,105,202176
GPP,3567,105,202224
GPP,3568,105,202286
GPP,3569,105,202349
GPP,3570,105,202396
GPP,3571,105,202459
GPP,3572,105,202507
GPP,3573,105,202574
GPP,3574,105,202617
GPP,3575,105,202679
GPP,3576,105,202742
GPP,3577,105,202789
GPP,3578,105,202852
GPP,3579,105,202915
GPP,3580,105,202962
GPP,3581,105,203025
GPP,3582,105,203072
GPP,3583,105,203134
GPP,3584,105,203197
GPP,3585,105,203244
GPP,3586,105,203307
GPP,3587,105,203354
GPP,3588,105,203417
GPP,3589,105,203480
GPP,3590,105,203527
GPP,3591,105,203590
GPP,3592,105,203637
GPP,3593,105,203700
GPP,3594,105,203763
GPP,3595,105,203811
GPP,3596,105,203873
GPP,3597,105,203921
GPP,3598,105,203983
GPP,3599,105,204046
GPP,3600,105,204093
GPP,3601,105,204156
GPP,3602,105,204203
GPP,3603,105,204266
GPP,3604,105,204329
GPP,3605,105,204376
GPP,3606,105,204439
GPP,3607,105,204486
GPP,3608,105,204549
GPP,3609,105,204613
GPP,3610,105,204671
GPP,3611,105,204727
GPP,3612,105,204783
GPP,3613,105,204840
GPP,3614,105,204897
GPP,3615,105,204953
GPP,3616,105,205010
GPP,3617,105,205067
GPP,3618,105,205122
GPP,3619,105,205180
GPP,3620,105,205236
GPP,3621,105,205294
GPP,3622,105,205350
GPP,3623,105,205408
GPP,3624,105,205464
GPP,3625,105,205520
GPP,3626,105,205577
GPP,3627,105,205634
GPP,3628,105,205692
GPP,3629,105,205748
GPP,3630,105,205806
GPP,3631,105,205862
GPP,3632,105,205919
GPP,3633,105,205976
GPP,3634,105,206032
GPP,3635,105,206090
GPP,3636,105,206148
GPP,3637,105,206205
GPP,3638,105,206262
GPP,3639,105,206317
GPP,3640,105,206374
GPP,3641,105,206431
GPP,3642,105,206488
GPP,3643,105,206544
GPP,3644,105,206601
GPP,3645,105,206657
GPP,3646,105,206713
GPP,3647,105,206770
GPP,3648,105,206822
GPP,3649,105,206870
GPP,3650,105,206932
GPP,3651,105,206995
GPP,3652,105,207042
GPP,3653,105,207105
GPP,3654,105,207152
GPP,3655,105,207215
GPP,3656,105,207278
GPP,3657,105,207325
GPP,3658,105,207388
GPP,3659,105,207451
GPP,3660,105,207498
GPP,3661,105,207561
GPP,3662,105,207608
GPP,3663,105,207671
GPP,3664,105,207734
GPP,3665,105,207781
GPP,3666,105,207844
GPP,3667,105,207891
GPP,3668,105,207954
GPP,3669,105,208019
GPP,3670,105,208064
GPP,3671,105,208126
GPP,3672,105,208174
GPP,3673,105,208236
GPP,3674,105,208299
GPP,3675,105,208347
GPP,3676,105,208409
GPP,3677,105,208457
GPP,3678,105,208520
GPP,3679,105,208582
GPP,3680,105,208629
GPP,3681,105,208692
GPP,3682,105,208739
GPP,3683,105,208802
GPP,3684,105,208866
GPP,3685,105,208912
GPP,3686,105,208975
GPP,3687,105,209022
GPP,3688,105,209085
GPP,3689,105,209147
GPP,3690,105,209195
GPP,3691,105,209257
GPP,3692,105,209305
GPP,3693,105,209367
GPP,3694,105,209430
GPP,3695,105,209478
GPP,3696,105,209540
GPP,3697,105,209587
GPP,3698,105,209650
GPP,3699,105,209713
GPP,3700,105,209760
GPP,3701,105,209829
GPP,3702,105,209886
GPP,3703,105,209941
GPP,3704,105,209998
GPP,3705,105,210055
GPP,3706,105,210111
GPP,3707,105,210169
GPP,3708,105,210223
GPP,3709,105,210281
GPP,3710,105,210340
GPP,3711,105,210397
GPP,3712,105,210438
GPP,3713,105,210510
GPP,3714,105,210564
GPP,3715,105,210611
GPP,3716,105,210674
GPP,3717,105,210721
GPP,3718,105,210784
GPP,3719,105,210847
GPP,3720,105,210894
GPP,3721,105,210956
GPP,3722,105,211004
GPP,3723,105,211067
GPP,3724,105,211130
GPP,3725,105,211177
GPP,3726,105,211239
GPP,3727,105,211286
GPP,3728,105,211349
GPP,3729,105,211412
GPP,3730,105,211460
GPP,3731,105,211522
GPP,3732,105,211570
GPP,3733,105,211633
GPP,3734,105,211696
GPP,3735,105,211743
GPP,3736,105,211806
GPP,3737,105,211869
GPP,3738,105,211916
GPP,3739,105,211978
GPP,3740,105,212026
GPP,3741,105,212088
GPP,3742,105,212151
GPP,3743,105,212198
GPP,3744,105,212261
GPP,3745,105,212308
GPP,3746,105,212371
GPP,3747,105,212434
GPP,3748,105,212481
GPP,3749,105,212544
GPP,3750,105,212591
GPP,3751,105,212654
GPP,3752,105,212717
GPP,3753,105,212764
GPP,3754,105,212827
GPP,3755,105,212890
GPP,3756,105,212937
GPP,3757,105,213000
GPP,3758,105,213047
GPP,3759,105,213109
GPP,3760,105,213172
GPP,3761,105,213219
GPP,3762,105,213282
GPP,3763,105,213329
GPP,3764,105,213392
GPP,3765,105,213455
GPP,3766,105,213501
GPP,3767,105,213564
GPP,3768,105,213612
GPP,3769,105,213674
GPP,3770,105,213721
GPP,3771,105,213784
GPP,3772,105,213847
GPP,3773,105,213895
GPP,3774,105,213957
GPP,3775,105,214005
GPP,3776,105,214067
GPP,3777,105,214130
GPP,3778,105,214187
GPP,3779,105,214244
GPP,3780,105,214300
GPP,3781,105,214356
GPP,3782,105,214413
GPP,3783,105,214470
GPP,3784,105,214526
GPP,3785,105,214584
GPP,3786,105,214640
GPP,3787,105,214696
GPP,3788,105,214745
GPP,3789,105,214808
GPP,3790,105,214855
GPP,3791,105,214918
GPP,3792,105,214981
GPP,3793,105,215028
GPP,3794,105,215091
GPP,3795,105,215138
GPP,3796,105,215201
GPP,3797,105,215264
GPP,3798,105,215311
GPP,3799,105,215374
GPP,3800,105,215421
GPP,3801,105,215483
GPP,3802,105,215531
GPP,3803,105,215593
GPP,3804,105,215656
GPP,3805,105,215704
GPP,3806,105,215766
GPP,3807,105,215813
GPP,3808,105,215876
GPP,3809,105,215939
GPP,3810,105,215986
GPP,3811,105,216049
GPP,3812,105,216096
GPP,3813,105,216159
GPP,3814,105,216222
GPP,3815,105,216269
GPP,3816,105,216332
GPP,3817,105,216379
GPP,3818,105,216442
GPP,3819,105,216505
GPP,3820,105,216552
GPP,3821,105,216615
GPP,3822,105,216662
GPP,3823,105,216725
GPP,3824,105,216788
GPP,3825,105,216835
GPP,3826,105,216898
GPP,3827,105,216945
GPP,3828,105,217008
GPP,3829,105,217071
GPP,3830,105,217118
GPP,3831,105,217181
GPP,3832,105,217228
GPP,3833,105,217291
GPP,3834,105,217354
GPP,3835,105,217401
GPP,3836,105,217464
GPP,3837,105,217511
GPP,3838,105,217574
GPP,3839,105,217637
GPP,3840,105,217684
GPP,3841,105,217747
GPP,3842,105,217794
GPP,3843,105,217856
GPP,3844,105,217919
GPP,3845,105,217966
GPP,3846,105,218029
GPP,3847,105,218076
GPP,3848,105,218139
GPP,3849,105,218202
GPP,3850,105,218249
GPP,3851,105,218312
GPP,3852,105,218359
GPP,3853,105,218422
GPP,3854,105,218485
GPP,3855,105,218532
GPP,3856,105,218595
GPP,3857,105,218642
GPP,3858,105,218705
GPP,3859,105,218767
GPP,3860,105,218815
GPP,3861,105,218878
GPP,3862,105,218933
GPP,3863,105,218988
GPP,3864,105,219050
GPP,3865,105,219098
GPP,3866,105,219161
GPP,3867,105,219208
GPP,3868,105,219271
GPP,3869,105,219333
GPP,3870,105,219381
GPP,3871,105,219443
GPP,3872,105,219506
GPP,3873,105,219554
GPP,3874,105,219616
GPP,3875,105,219664
GPP,3876,105,219726
GPP,3877,105,219773
GPP,3878,105,219836
GPP,3879,105,219899
GPP,3880,105,219946
GPP,3881,105,220009
GPP,3882,105,220056
GPP,3883,105,220119
GPP,3884,105,220181
GPP,3885,105,220229
GPP,3886,105,220294
GPP,3887,105,220339
GPP,3888,105,220401
GPP,3889,105,220464
GPP,3890,105,220511
GPP,3891,105,220574
GPP,3892,105,220621
GPP,3893,105,220684
GPP,3894,105,220731
GPP,3895,105,220794
GPP,3896,105,220857
GPP,3897,105,220904
GPP,3898,105,220967
GPP,3899,105,221014
GPP,3900,105,221077
GPP,3901,105,221140
GPP,3902,105,221187
GPP,3903,105,221250
GPP,3904,105,221312
GPP,3905,105,221360
GPP,3906,105,221423
GPP,3907,105,221485
GPP,3908,105,221533
GPP,3909,105,221595
GPP,3910,105,221643
GPP,3911,105,221705
GPP,3912,105,221769
GPP,3913,105,221816
GPP,3914,105,221881
GPP,3915,105,221926
GPP,3916,105,221989
GPP,3917,105,222052
GPP,3918,105,222099
GPP,3919,105,222161
GPP,3920,105,222208
GPP,3921,105,222271
GPP,3922,105,222334
GPP,3923,105,222381
GPP,3924,105,222444
GPP,3925,105,222492
GPP,3926,105,222554
GPP,3927,105,222617
GPP,3928,105,222664
GPP,3929,105,222727
GPP,3930,105,222774
GPP,3931,105,222837
GPP,3932,105,222900
GPP,3933,105,222958
GPP,3934,105,223020
GPP,3935,105,223078
GPP,3936,105,223134
GPP,3937,105,223191
GPP,3938,105,223248
GPP,3939,105,223305
GPP,3940,105,223360
GPP,3941,105,223418
GPP,3942,105,223476
GPP,3943,105,223532
GPP,3944,105,223589
GPP,3945,105,223643
GPP,3946,105,223690
GPP,3947,105,223753
GPP,3948,105,223816
GPP,3949,105,223863
GPP,3950,105,223926
GPP,3951,105,223973
GPP,3952,105,224035
GPP,3953,105,224098
GPP,3954,105,224145
GPP,3955,105,224208
GPP,3956,105,224271
GPP,3957,105,224318
GPP,3958,105,224384
GPP,3959,105,224428
GPP,3960,105,224491
GPP,3961,105,224554
GPP,3962,105,224601
GPP,3963,105,224664
GPP,3964,105,224711
GPP,3965,105,224774
GPP,3966,105,224836
GPP,3967,105,224884
GPP,3968,105,224946
GPP,3969,105,224994
GPP,3970,105,225056
GPP,3971,105,225120
GPP,3972,105,225167
GPP,3973,105,225229
GPP,3974,105,225276
GPP,3975,105,225339
GPP,3976,105,225402
GPP,3977,105,225449
GPP,3978,105,225512
GPP,3979,105,225575
GPP,3980,105,225622
GPP,3981,105,225685
GPP,3982,105,225732
GPP,3983,105,225794
GPP,3984,105,225857
GPP,3985,105,225904
GPP,3986,105,225967
GPP,3987,105,226029
GPP,3988,105,226076
GPP,3989,105,226139
GPP,3990,105,226202
GPP,3991,105,226249
GPP,3992,105,226312
GPP,3993,105,226375
GPP,3994,105,226422
GPP,3995,105,226485
GPP,3996,105,226532
GPP,3997,105,226595
GPP,3998,105,226658
GPP,3999,105,226705
GPP,4000,105,226767
GPP,4001,105,226814
GPP,4002,105,226877
GPP,4003,105,226940
GPP,4004,105,226988
GPP,4005,105,227051
GPP,4006,105,227098
GPP,4007,105,227161
GPP,4008,105,227223
GPP,4009,105,227286
GPP,4010,105,227333
GPP,4011,105,227396
GPP,4012,105,227443
GPP,4013,105,227506
GPP,4014,105,227569
GPP,4015,105,227616
GPP,4016,105,227679
GPP,4017,105,227726
GPP,4018,105,227789
GPP,4019,105,227852
GPP,4020,105,227899
GPP,4021,105,227962
GPP,4022,105,228009
GPP,4023,105,228072
GPP,4024,105,228135
GPP,4025,105,228182
GPP,4026,105,228245
GPP,4027,105,228292
GPP,4028,105,228355
GPP,4029,105,228402
GPP,4030,105,228473
GPP,4031,105,228528
GPP,4032,105,228575
GPP,4033,105,228637
GPP,4034,105,228685
GPP,4035,105,228748
GPP,4036,105,228811
GPP,4037,105,228858
GPP,4038,105,228921
GPP,4039,105,228968
GPP,4040,105,229031
GPP,4041,105,229078
GPP,4042,105,229141
GPP,4043,105,229204
GPP,4044,105,229251
GPP,4045,105,229314
GPP,4046,105,229361
GPP,4047,105,229424
GPP,4048,105,229487
GPP,4049,105,229534
GPP,4050,105,229596
GPP,4051,105,229643
GPP,4052,105,229706
GPP,4053,105,229769
GPP,4054,105,229816
GPP,4055,105,229879
GPP,4056,105,229926
GPP,4057,105,229989
GPP,4058,105,230052
GPP,4059,105,230099
GPP,4060,105,230162
GPP,4061,105,230209
GPP,4062,105,230272
GPP,4063,105,230335
GPP,4064,105,230382
GPP,4065,105,230445
GPP,4066,105,230492
GPP,4067,105,230561
GPP,4068,105,230617
GPP,4069,105,230665
GPP,4070,105,230728
GPP,4071,105,230790
GPP,4072,105,230838
GPP,4073,105,230901
GPP,4074,105,230948
GPP,4075,105,231011
GPP,4076,105,231073
GPP,4077,105,231121
GPP,4078,105,231183
GPP,4079,105,231246
GPP,4080,105,231294
GPP,4081,105,231356
GPP,4082,105,231403
GPP,4083,105,231466
GPP,4084,105,231529
GPP,4085,105,231576
GPP,4086,105,231639
GPP,4087,105,231686
GPP,4088,105,231749
GPP,4089,105,231812
GPP,4090,105,231859
GPP,4091,105,231922
GPP,4092,105,231985
GPP,4093,105,232032
GPP,4094,105,232095
GPP,4095,105,232142
GPP,4096,105,232205
GPP,4097,105,232267
GPP,4098,105,232315
GPP,4099,105,232378
GPP,4100,105,232425
GPP,4101,105,232488
GPP,4102,105,232552
GPP,4103,105,232598
GPP,4104,105,232661
GPP,4105,105,232708
GPP,4106,105,232771
GPP,4107,105,232834
GPP,4108,105,232881
GPP,4109,105,232944
GPP,4110,105,232991
GPP,4111,105,233054
GPP,4112,105,233116
GPP,4113,105,233163
GPP,4114,105,233226
GPP,4115,105,233273
GPP,4116,105,233336
GPP,4117,105,233399
GPP,4118,105,233446
GPP,4119,105,233509
GPP,4120,105,233556
GPP,4121,105,233619
GPP,4122,105,233682
GPP,4123,105,233729
GPP,4124,105,233792
GPP,4125,105,233839
GPP,4126,105,233902
GPP,4127,105,233965
GPP,4128,105,234012
GPP,4129,105,234074
GPP,4130,105,234121
GPP,4131,105,234184
GPP,4132,105,234247
GPP,4133,105,234294
GPP,4134,105,234357
GPP,4135,105,234404
GPP,4136,105,234467
GPP,4137,105,234530
GPP,4138,105,234577
GPP,4139,105,234640
GPP,4140,105,234702
GPP,4141,105,234749
GPP,4142,105,234812
GPP,4143,105,234859
GPP,4144,105,234922
GPP,4145,105,234984
GPP,4146,105,235031
GPP,4147,105,235094
GPP,4148,105,235141
GPP,4149,105,235204
GPP,4150,105,235266
GPP,4151,105,235313
GPP,4152,105,235376
GPP,4153,105,235438
GPP,4154,105,235486
GPP,4155,105,235548
GPP,4156,105,235596
GPP,4157,105,235658
GPP,4158,105,235721
GPP,4159,105,235768
GPP,4160,105,235831
GPP,4161,105,235878
GPP,4162,105,235948
GPP,4163,105,236003
GPP,4164,105,236051
GPP,4165,105,236114
GPP,4166,105,236161
GPP,4167,105,236224
GPP,4168,105,236287
GPP,4169,105,236334
GPP,4170,105,236397
GPP,4171,105,236444
GPP,4172,105,236507
GPP,4173,105,236570
GPP,4174,105,236617
GPP,4175,105,236679
GPP,4176,105,236727
GPP,4177,105,236789
GPP,4178,105,236852
GPP,4179,105,236900
GPP,4180,105,236962
GPP,4181,105,237010
GPP,4182,105,237073
GPP,4183,105,237135
GPP,4184,105,237183
GPP,4185,105,237246
GPP,4186,105,237293
GPP,4187,105,237355
GPP,4188,105,237418
GPP,4189,105,237466
GPP,4190,105,237533
GPP,4191,105,237589
GPP,4192,105,237647
GPP,4193,105,237702
GPP,4194,105,237760
GPP,4195,105,237817
GPP,4196,105,237872
GPP,4197,105,237930
GPP,4198,105,237987
GPP,4199,105,238044
GPP,4200,105,238100
GPP,4201,105,238160
GPP,4202,105,238217
GPP,4203,105,238273
GPP,4204,105,238327
GPP,4205,105,238382
GPP,4206,105,238445
GPP,4207,105,238492
GPP,4208,105,238554
GPP,4209,105,238617
GPP,4210,105,238664
GPP,4211,105,238727
GPP,4212,105,238774
GPP,4213,105,238836
GPP,4214,105,238899
GPP,4215,105,238946
GPP,4216,105,239008
GPP,4217,105,239056
GPP,4218,105,239118
GPP,4219,105,239181
GPP,4220,105,239228
GPP,4221,105,239291
GPP,4222,105,239354
GPP,4223,105,239401
GPP,4224,105,239463
GPP,4225,105,239510
GPP,4226,105,239573
GPP,4227,105,239636
GPP,4228,105,239683
GPP,4229,105,239745
GPP,4230,105,239808
GPP,4231,105,239855
GPP,4232,105,239918
GPP,4233,105,239965
GPP,4234,105,240027
GPP,4235,105,240090
GPP,4236,105,240137
GPP,4237,105,240200
GPP,4238,105,240246
GPP,4239,105,240309
GPP,4240,105,240372
GPP,4241,105,240419
GPP,4242,105,240481
GPP,4243,105,240544
GPP,4244,105,240591
GPP,4245,105,240654
GPP,4246,105,240717
GPP,4247,105,240763
GPP,4248,105,240826
GPP,4249,105,240873
GPP,4250,105,240936
GPP,4251,105,240999
GPP,4252,105,241046
GPP,4253,105,241108
GPP,4254,105,241171
GPP,4255,105,241218
GPP,4256,105,241280
GPP,4257,105,241327
GPP,4258,105,241390
GPP,4259,105,241453
GPP,4260,105,241500
GPP,4261,105,241562
GPP,4262,105,241625
GPP,4263,105,241672
GPP,4264,105,241735
GPP,4265,105,241782
GPP,4266,105,241845
GPP,4267,105,241908
GPP,4268,105,241954
GPP,4269,105,242017
GPP,4270,105,242064
GPP,4271,105,242127
GPP,4272,105,242190
GPP,4273,105,242237
GPP,4274,105,242299
GPP,4275,105,242346
GPP,4276,105,242409
GPP,4277,105,242472
GPP,4278,105,242519
GPP,4279,105,242581
GPP,4280,105,242644
GPP,4281,105,242691
GPP,4282,105,242754
GPP,4283,105,242801
GPP,4284,105,242864
GPP,4285,105,242926
GPP,4286,105,242973
GPP,4287,105,243036
GPP,4288,105,243083
GPP,4289,105,243145
GPP,4290,105,243208
GPP,4291,105,243255
GPP,4292,105,243318
GPP,4293,105,243365
GPP,4294,105,243427
GPP,4295,105,243490
GPP,4296,105,243537
GPP,4297,105,243600
GPP,4298,105,243647
GPP,4299,105,243710
GPP,4300,105,243773
GPP,4301,105,243820
GPP,4302,105,243883
GPP,4303,105,243930
GPP,4304,105,243992
GPP,4305,105,244055
GPP,4306,105,244102
GPP,4307,105,244164
GPP,4308,105,244211
GPP,4309,105,244274
GPP,4310,105,244337
GPP,4311,105,244384
GPP,4312,105,244446
GPP,4313,105,244493
GPP,4314,105,244556
GPP,4315,105,244619
GPP,4316,105,244666
GPP,4317,105,244729
GPP,4318,105,244776
GPP,4319,105,244839
GPP,4320,105,244902
GPP,4321,105,244949
GPP,4322,105,245011
GPP,4323,105,245058
GPP,4324,105,245121
GPP,4325,105,245184
GPP,4326,105,245231
GPP,4327,105,245293
GPP,4328,105,245356
GPP,4329,105,245403
GPP,4330,105,245465
GPP,4331,105,245512
GPP,4332,105,245575
GPP,4333,105,245638
GPP,4334,105,245685
GPP,4335,105,245748
GPP,4336,105,245795
GPP,4337,105,245857
GPP,4338,105,245920
GPP,4339,105,245967
GPP,4340,105,246030
GPP,4341,105,246077
GPP,4342,105,246140
GPP,4343,105,246202
GPP,4344,105,246249
GPP,4345,105,246312
GPP,4346,105,246375
GPP,4347,105,246422
GPP,4348,105,246485
GPP,4349,105,246532
GPP,4350,105,246595
GPP,4351,105,246642
GPP,4352,105,246705
GPP,4353,105,246767
GPP,4354,105,246815
GPP,4355,105,246877
GPP,4356,105,246924
GPP,4357,105,246987
GPP,4358,105,247050
GPP,4359,105,247098
GPP,4360,105,247160
GPP,4361,105,247208
GPP,4362,105,247271
GPP,4363,105,247333
GPP,4364,105,247380
GPP,4365,105,247443
GPP,4366,105,247490
GPP,4367,105,247559
GPP,4368,105,247616
GPP,4369,105,247663
GPP,4370,105,247726
GPP,4371,105,247773
GPP,4372,105,247836
GPP,4373,105,247883
GPP,4374,105,247946
GPP,4375,105,248009
GPP,4376,105,248056
GPP,4377,105,248119
GPP,4378,105,248166
GPP,4379,105,248229
GPP,4380,105,248292
GPP,4381,105,248339
GPP,4382,105,248401
GPP,4383,105,248464
GPP,4384,105,248511
GPP,4385,105,248574
GPP,4386,105,248621
GPP,4387,105,248684
GPP,4388,105,248747
GPP,4389,105,248794
GPP,4390,105,248857
GPP,4391,105,248904
GPP,4392,105,248968
GPP,4393,105,249030
GPP,4394,105,249077
GPP,4395,105,249140
GPP,4396,105,249188
GPP,4397,105,249250
GPP,4398,105,249313
GPP,4399,105,249360
GPP,4400,105,249423
GPP,4401,105,249471
GPP,4402,105,249534
GPP,4403,105,249581
GPP,4404,105,249643
GPP,4405,105,249706
GPP,4406,105,249753
GPP,4407,105,249816
GPP,4408,105,249879
GPP,4409,105,249926
GPP,4410,105,249989
GPP,4411,105,250036
GPP,4412,105,250099
GPP,4413,105,250146
GPP,4414,105,250209
GPP,4415,105,250275
GPP,4416,105,250319
GPP,4417,105,250382
GPP,4418,105,250445
GPP,4419,105,250492
GPP,4420,105,250555
GPP,4421,105,250610
GPP,4422,105,250665
GPP,4423,105,250728
GPP,4424,105,250775
GPP,4425,105,250837
GPP,4426,105,250884
GPP,4427,105,250947
GPP,4428,105,251010
GPP,4429,105,251057
GPP,4430,105,251119
GPP,4431,105,251182
GPP,4432,105,251229
GPP,4433,105,251292
GPP,4434,105,251339
GPP,4435,105,251401
GPP,4436,105,251464
GPP,4437,105,251511
GPP,4438,105,251574
GPP,4439,105,251621
GPP,4440,105,251684
GPP,4441,105,251746
GPP,4442,105,251793
GPP,4443,105,251856
GPP,4444,105,251903
GPP,4445,105,251966
GPP,4446,105,252028
GPP,4447,105,252075
GPP,4448,105,252138
GPP,4449,105,252185
GPP,4450,105,252248
GPP,4451,105,252310
GPP,4452,105,252357
GPP,4453,105,252420
GPP,4454,105,252483
GPP,4455,105,252529
GPP,4456,105,252592
GPP,4457,105,252639
GPP,4458,105,252702
GPP,4459,105,252764
GPP,4460,105,252811
GPP,4461,105,252874
GPP,4462,105,252921
GPP,4463,105,252984
GPP,4464,105,253047
GPP,4465,105,253094
GPP,4466,105,253157
GPP,4467,105,253203
GPP,4468,105,253266
GPP,4469,105,253329
GPP,4470,105,253376
GPP,4471,105,253438
GPP,4472,105,253485
GPP,4473,105,253548
GPP,4474,105,253611
GPP,4475,105,253658
GPP,4476,105,253720
GPP,4477,105,253783
GPP,4478,105,253830
GPP,4479,105,253893
GPP,4480,105,253940
GPP,4481,105,254002
GPP,4482,105,254065
GPP,4483,105,254112
GPP,4484,105,254175
GPP,4485,105,254222
GPP,4486,105,254285
GPP,4487,105,254347
GPP,4488,105,254395
GPP,4489,105,254457
GPP,4490,105,254504
GPP,4491,105,254567
GPP,4492,105,254629
GPP,4493,105,254676
GPP,4494,105,254739
GPP,4495,105,254786
GPP,4496,105,254849
GPP,4497,105,254911
GPP,4498,105,254958
GPP,4499,105,255021
GPP,4500,105,255068
GPP,4501,105,255131
GPP,4502,105,255193
GPP,4503,105,255240
GPP,4504,105,255303
GPP,4505,105,255365
GPP,4506,105,255413
GPP,4507,105,255475
GPP,4508,105,255538
GPP,4509,105,255585
GPP,4510,105,255648
GPP,4511,105,255695
GPP,4512,105,255758
GPP,4513,105,255820
GPP,4514,105,255868
GPP,4515,105,255930
GPP,4516,105,255993
GPP,4517,105,256040
GPP,4518,105,256103
GPP,4519,105,256150
GPP,4520,105,256212
GPP,4521,105,256275
GPP,4522,105,256322
GPP,4523,105,256385
GPP,4524,105,256432
GPP,4525,105,256494
GPP,4526,105,256557
GPP,4527,105,256604
GPP,4528,105,256667
GPP,4529,105,256729
GPP,4530,105,256776
GPP,4531,105,256839
GPP,4532,105,256902
GPP,4533,105,256949
GPP,4534,105,257011
GPP,4535,105,257058
GPP,4536,105,257121
GPP,4537,105,257183
GPP,4538,105,257230
GPP,4539,105,257293
GPP,4540,105,257340
GPP,4541,105,257403
GPP,4542,105,257465
GPP,4543,105,257512
GPP,4544,105,257575
GPP,4545,105,257637
GPP,4546,105,257684
GPP,4547,105,257747
GPP,4548,105,257794
GPP,4549,105,257857
GPP,4550,105,257920
GPP,4551,105,257967
GPP,4552,105,258030
GPP,4553,105,258092
GPP,4554,105,258139
GPP,4555,105,258202
GPP,4556,105,258249
GPP,4557,105,258312
GPP,4558,105,258374
GPP,4559,105,258422
GPP,4560,105,258484
GPP,4561,105,258531
GPP,4562,105,258594
GPP,4563,105,258657
GPP,4564,105,258704
GPP,4565,105,258767
GPP,4566,105,258814
GPP,4567,105,258876
GPP,4568,105,258939
GPP,4569,105,258987
GPP,4570,105,259050
GPP,4571,105,259097
GPP,4572,105,259160
GPP,4573,105,259222
GPP,4574,105,259269
GPP,4575,105,259332
GPP,4576,105,259380
GPP,4577,105,259442
GPP,4578,105,259505
GPP,4579,105,259552
GPP,4580,105,259615
GPP,4581,105,259662
GPP,4582,105,259725
GPP,4583,105,259788
GPP,4584,105,259835
GPP,4585,105,259898
GPP,4586,105,259945
GPP,4587,105,260008
GPP,4588,105,260071
GPP,4589,105,260118
GPP,4590,105,260181
GPP,4591,105,260228
GPP,4592,105,260291
GPP,4593,105,260353
GPP,4594,105,260401
GPP,4595,105,260464
GPP,4596,105,260511
GPP,4597,105,260573
GPP,4598,105,260638
GPP,4599,105,260683
GPP,4600,105,260746
GPP,4601,105,260793
GPP,4602,105,260856
GPP,4603,105,260919
GPP,4604,105,260965
GPP,4605,105,261028
GPP,4606,105,261075
GPP,4607,105,261138
GPP,4608,105,261201
GPP,4609,105,261248
GPP,4610,105,261310
GPP,4611,105,261373
GPP,4612,105,261420
GPP,4613,105,261483
GPP,4614,105,261530
GPP,4615,105,261592
GPP,4616,105,261655
GPP,4617,105,261702
GPP,4618,105,261765
GPP,4619,105,261812
GPP,4620,105,261874
GPP,4621,105,261938
GPP,4622,105,261985
GPP,4623,105,262047
GPP,4624,105,262094
GPP,4625,105,262157
GPP,4626,105,262219
GPP,4627,105,262267
GPP,4628,105,262329
GPP,4629,105,262376
GPP,4630,105,262439
GPP,4631,105,262501
GPP,4632,105,262556
GPP,4633,105,262611
GPP,4634,105,262658
GPP,4635,105,262721
GPP,4636,105,262784
GPP,4637,105,262831
GPP,4638,105,262893
GPP,4639,105,262956
GPP,4640,105,263003
GPP,4641,105,263066
GPP,4642,105,263113
GPP,4643,105,263175
GPP,4644,105,263238
GPP,4645,105,263285
GPP,4646,105,263347
GPP,4647,105,263394
GPP,4648,105,263457
GPP,4649,105,263520
GPP,4650,105,263567
GPP,4651,105,263629
GPP,4652,105,263692
GPP,4653,105,263739
GPP,4654,105,263802
GPP,4655,105,263865
GPP,4656,105,263921
GPP,4657,105,263975
GPP,4658,105,264022
GPP,4659,105,264084
GPP,4660,105,264147
GPP,4661,105,264194
GPP,4662,105,264257
GPP,4663,105,264304
GPP,4664,105,264366
GPP,4665,105,264429
GPP,4666,105,264476
GPP,4667,105,264539
GPP,4668,105,264585
GPP,4669,105,264653
GPP,4670,105,264711
GPP,4671,105,264758
GPP,4672,105,264821
GPP,4673,105,264883
GPP,4674,105,264930
GPP,4675,105,264993
GPP,4676,105,265040
GPP,4677,105,265103
GPP,4678,105,265165
GPP,4679,105,265212
GPP,4680,105,265280
GPP,4681,105,265322
GPP,4682,105,265385
GPP,4683,105,265448
GPP,4684,105,265495
GPP,4685,105,265557
GPP,4686,105,265604
GPP,4687,105,265667
GPP,4688,105,265730
GPP,4689,105,265777
GPP,4690,105,265840
GPP,4691,105,265887
GPP,4692,105,265950
GPP,4693,105,266012
GPP,4694,105,266059
GPP,4695,105,266122
GPP,4696,105,266185
GPP,4697,105,266232
GPP,4698,105,266294
GPP,4699,105,266341
GPP,4700,105,266404
GPP,4701,105,266467
GPP,4702,105,266513
GPP,4703,105,266576
GPP,4704,105,266623
GPP,4705,105,266686
GPP,4706,105,266749
GPP,4707,105,266796
GPP,4708,105,266859
GPP,4709,105,266906
GPP,4710,105,266968
GPP,4711,105,267031
GPP,4712,105,267078
GPP,4713,105,267141
GPP,4714,105,267188
GPP,4715,105,267250
GPP,4716,105,267313
GPP,4717,105,267360
GPP,4718,105,267423
GPP,4719,105,267485
GPP,4720,105,267532
GPP,4721,105,267595
GPP,4722,105,267642
GPP,4723,105,267705
GPP,4724,105,267768
GPP,4725,105,267815
GPP,4726,105,267878
GPP,4727,105,267925
GPP,4728,105,267988
GPP,4729,105,268050
GPP,4730,105,268098
GPP,4731,105,268160
GPP,4732,105,268208
GPP,4733,105,268271
GPP,4734,105,268333
GPP,4735,105,268380
GPP,4736,105,268443
GPP,4737,105,268490
GPP,4738,105,268553
GPP,4739,105,268615
GPP,4740,105,268663
GPP,4741,105,268725
GPP,4742,105,268772
GPP,4743,105,268835
GPP,4744,105,268898
GPP,4745,105,268945
GPP,4746,105,269007
GPP,4747,105,269070
GPP,4748,105,269117
GPP,4749,105,269179
GPP,4750,105,269226
GPP,4751,105,269289
GPP,4752,105,269352
GPP,4753,105,269399
GPP,4754,105,269462
GPP,4755,105,269524
GPP,4756,105,269571
GPP,4757,105,269634
GPP,4758,105,269697
GPP,4759,105,269744
GPP,4760,105,269807
GPP,4761,105,269854
GPP,4762,105,269917
GPP,4763,105,269979
GPP,4764,105,270026
GPP,4765,105,270089
GPP,4766,105,270136
GPP,4767,105,270199
GPP,4768,105,270262
GPP,4769,105,270309
GPP,4770,105,270372
GPP,4771,105,270435
GPP,4772,105,270482
GPP,4773,105,270545
GPP,4774,105,270592
GPP,4775,105,270655
GPP,4776,105,270718
GPP,4777,105,270765
GPP,4778,105,270828
GPP,4779,105,270875
GPP,4780,105,270938
GPP,4781,105,271001
GPP,4782,105,271048
GPP,4783,105,271111
GPP,4784,105,271158
GPP,4785,105,271221
GPP,4786,105,271268
GPP,4787,105,271331
GPP,4788,105,271394
GPP,4789,105,271441
GPP,4790,105,271504
GPP,4791,105,271551
GPP,4792,105,271613
GPP,4793,105,271676
GPP,4794,105,271723
GPP,4795,105,271786
GPP,4796,105,271833
GPP,4797,105,271896
GPP,4798,105,271959
GPP,4799,105,272006
GPP,4800,105,272069
GPP,4801,105,272116
GPP,4802,105,272179
GPP,4803,105,272242
GPP,4804,105,272289
GPP,4805,105,272352
GPP,4806,105,272399
GPP,4807,105,272462
GPP,4808,105,272525
GPP,4809,105,272572
GPP,4810,105,272635
GPP,4811,105,272682
GPP,4812,105,272745
GPP,4813,105,272808
GPP,4814,105,272855
GPP,4815,105,272918
GPP,4816,105,272965
GPP,4817,105,273028
GPP,4818,105,273091
GPP,4819,105,273138
GPP,4820,105,273201
GPP,4821,105,273248
GPP,4822,105,273310
GPP,4823,105,273373
GPP,4824,105,273420
GPP,4825,105,273484
GPP,4826,105,273546
GPP,4827,105,273593
GPP,4828,105,273656
GPP,4829,105,273703
GPP,4830,105,273766
GPP,4831,105,273828
GPP,4832,105,273875
GPP,4833,105,273938
GPP,4834,105,273985
GPP,4835,105,274048
GPP,4836,105,274110
GPP,4837,105,274157
GPP,4838,105,274220
GPP,4839,105,274283
GPP,4840,105,274330
GPP,4841,105,274392
GPP,4842,105,274439
GPP,4843,105,274502
GPP,4844,105,274565
GPP,4845,105,274611
GPP,4846,105,274674
GPP,4847,105,274721
GPP,4848,105,274784
GPP,4849,105,274847
GPP,4850,105,274894
GPP,4851,105,274957
GPP,4852,105,275020
GPP,4853,105,275067
GPP,4854,105,275129
GPP,4855,105,275177
GPP,4856,105,275239
GPP,4857,105,275302
GPP,4858,105,275350
GPP,4859,105,275412
GPP,4860,105,275475
GPP,4861,105,275522
GPP,4862,105,275585
GPP,4863,105,275632
GPP,4864,105,275695
GPP,4865,105,275758
GPP,4866,105,275805
GPP,4867,105,275868
GPP,4868,105,275915
GPP,4869,105,275978
GPP,4870,105,276042
GPP,4871,105,276099
GPP,4872,105,276156
GPP,4873,105,276216
GPP,4874,105,276272
GPP,4875,105,276329
GPP,4876,105,276384
GPP,4877,105,276442
GPP,4878,105,276498
GPP,4879,105,276554
GPP,4880,105,276611
GPP,4881,105,276667
GPP,4882,105,276724
GPP,4883,105,276781
GPP,4884,105,276837
GPP,4885,105,276893
GPP,4886,105,276950
GPP,4887,105,277005
GPP,4888,105,277062
GPP,4889,105,277119
GPP,4890,105,277174
GPP,4891,105,277234
GPP,4892,105,277290
GPP,4893,105,277347
GPP,4894,105,277404
GPP,4895,105,277460
GPP,4896,105,277517
GPP,4897,105,277573
GPP,4898,105,277630
GPP,4899,105,277687
GPP,4900,105,277745
GPP,4901,105,277803
GPP,4902,105,277859
GPP,4903,105,277916
GPP,4904,105,277971
GPP,4905,105,278028
GPP,4906,105,278086
GPP,4907,105,278141
GPP,4908,105,278199
GPP,4909,105,278254
GPP,4910,105,278311
GPP,4911,105,278368
GPP,4912,105,278424
GPP,4913,105,278481
GPP,4914,105,278537
GPP,4915,105,278594
GPP,4916,105,278651
GPP,4917,105,278709
GPP,4918,105,278766
GPP,4919,105,278821
GPP,4920,105,278879
GPP,4921,105,278934
GPP,4922,105,278991
GPP,4923,105,279049
GPP,4924,105,279104
GPP,4925,105,279161
GPP,4926,105,279218
GPP,4927,105,279275
GPP,4928,105,279331
GPP,4929,105,279388
GPP,4930,105,279444
GPP,4931,105,279488
GPP,4932,105,279551
GPP,4933,105,279613
GPP,4934,105,279660
GPP,4935,105,279723
GPP,4936,105,279786
GPP,4937,105,279833
GPP,4938,105,279896
GPP,4939,105,279943
GPP,4940,105,280006
GPP,4941,105,280068
GPP,4942,105,280115
GPP,4943,105,280178
GPP,4944,105,280240
GPP,4945,105,280288
GPP,4946,105,280350
GPP,4947,105,280398
GPP,4948,105,280460
GPP,4949,105,280523
GPP,4950,105,280570
GPP,4951,105,280633
GPP,4952,105,280695
GPP,4953,105,280742
GPP,4954,105,280805
GPP,4955,105,280852
GPP,4956,105,280915
GPP,4957,105,280977
GPP,4958,105,281024
GPP,4959,105,281087
GPP,4960,105,281134
GPP,4961,105,281197
GPP,4962,105,281260
GPP,4963,105,281306
GPP,4964,105,281369
GPP,4965,105,281432
GPP,4966,105,281479
GPP,4967,105,281541
GPP,4968,105,281588
GPP,4969,105,281652
GPP,4970,105,281714
GPP,4971,105,281761
GPP,4972,105,281824
GPP,4973,105,281871
GPP,4974,105,281934
GPP,4975,105,281996
GPP,4976,105,282043
GPP,4977,105,282106
GPP,4978,105,282169
GPP,4979,105,282216
GPP,4980,105,282279
GPP,4981,105,282326
GPP,4982,105,282389
GPP,4983,105,282452
GPP,4984,105,282499
GPP,4985,105,282561
GPP,4986,105,282608
GPP,4987,105,282671
GPP,4988,105,282734
GPP,4989,105,282781
GPP,4990,105,282843
GPP,4991,105,282890
GPP,4992,105,282953
GPP,4993,105,283016
GPP,4994,105,283063
GPP,4995,105,283125
GPP,4996,105,283172
GPP,4997,105,283235
GPP,4998,105,283298
GPP,4999,105,283345
QAP,0,2204,0
QAP,1,2178,109
QAP,2,2174,219
QAP,3,2138,328
QAP,4,2112,438
QAP,5,2112,548
QAP,6,2112,642
QAP,7,2112,751
QAP,8,2102,861
QAP,9,2102,971
QAP,10,2102,1081
QAP,11,2102,1176
QAP,12,2102,1286
QAP,13,2092,1396
QAP,14,2076,1506
QAP,15,2076,1616
QAP,16,2076,1710
QAP,17,2076,1820
QAP,18,2076,1930
QAP,19,2076,2040
QAP,20,2076,2150
QAP,21,2076,2244
QAP,22,2054,2355
QAP,23,2054,2465
QAP,24,2054,2575
QAP,25,2054,2684
QAP,26,2054,2778
QAP,27,2054,2888
QAP,28,2054,2998
QAP,29,2054,3108
QAP,30,2054,3218
QAP,31,2054,3312
QAP,32,2054,3422
QAP,33,2044,3532
QAP,34,2040,3642
QAP,35,2040,3752
QAP,36,2040,3846
QAP,37,2040,3957
QAP,38,2028,4067
QAP,39,2016,4176
QAP,40,2016,4287
QAP,41,2006,4381
QAP,42,2006,4491
QAP,43,2006,4601
QAP,44,2006,4711
QAP,45,1998,4821
QAP,46,1998,4931
QAP,47,1998,5025
QAP,48,1998,5135
QAP,49,1998,5245
QAP,50,1998,5355
QAP,51,1998,5465
QAP,52,1996,5559
QAP,53,1996,5669
QAP,54,1996,5779
QAP,55,1996,5889
QAP,56,1978,5999
QAP,57,1978,6093
QAP,58,1978,6203
QAP,59,1978,6313
QAP,60,1978,6423
QAP,61,1978,6533
QAP,62,1970,6628
QAP,63,1970,6738
QAP,64,1970,6848
QAP,65,1970,6958
QAP,66,1970,7068
QAP,67,1970,7178
QAP,68,1968,7272
QAP,69,1968,7381
QAP,70,1960,7491
QAP,71,1960,7601
QAP,72,1938,7711
QAP,73,1896,7805
QAP,74,1896,7915
QAP,75,1896,8025
QAP,76,1896,8135
QAP,77,1896,8245
QAP,78,1896,8340
QAP,79,1896,8450
QAP,80,1896,8560
QAP,81,1872,8669
QAP,82,1872,8780
QAP,83,1872,8874
QAP,84,1872,8984
QAP,85,1872,9093
QAP,86,1872,9203
QAP,87,1872,9313
QAP,88,1872,9407
QAP,89,1872,9518
QAP,90,1872,9628
QAP,91,1872,9738
QAP,92,1872,9848
QAP,93,1828,9942
QAP,94,1828,10052
QAP,95,1802,10162
QAP,96,1794,10272
QAP,97,1794,10383
QAP,98,1794,10477
QAP,99,1794,10587
QAP,100,1794,10697
QAP,101,1794,10807
QAP,102,1794,10916
QAP,103,1778,11011
QAP,104,1772,11120
QAP,105,1764,11231
QAP,106,1764,11341
QAP,107,1764,11450
QAP,108,1764,11545
QAP,109,1752,11655
QAP,110,1752,11765
QAP,111,1752,11875
QAP,112,1742,11969
QAP,113,1742,12079
QAP,114,1738,12189
QAP,115,1738,12299
QAP,116,1738,12409
QAP,117,1738,12503
QAP,118,1738,12614
QAP,119,1738,12724
QAP,120,1738,12834
QAP,121,1738,12944
QAP,122,1738,13038
QAP,123,1738,13148
QAP,124,1734,13258
QAP,125,1734,13368
QAP,126,1734,13462
QAP,127,1732,13572
QAP,128,1732,13682
QAP,129,1694,13792
QAP,130,1694,13902
QAP,131,1694,13997
QAP,132,1694,14107
QAP,133,1694,14217
QAP,134,1688,14327
QAP,135,1684,14421
QAP,136,1684,14531
QAP,137,1684,14641
QAP,138,1684,14752
QAP,139,1684,14862
QAP,140,1684,14956
QAP,141,1684,15066
QAP,142,1644,15176
QAP,143,1644,15286
QAP,144,1644,15380
QAP,145,1644,15490
QAP,146,1628,15600
QAP,147,1628,15710
QAP,148,1628,15822
QAP,149,1628,15914
QAP,150,1628,16024
QAP,151,1628,16134
QAP,152,1628,16244
QAP,153,1628,16354
QAP,154,1628,16448
QAP,155,1616,16558
QAP,156,1616,16668
QAP,157,1616,16778
QAP,158,1616,16872
QAP,159,1616,16982
QAP,160,1616,17092
QAP,161,1616,17202
QAP,162,1612,17312
QAP,163,1576,17406
QAP,164,1576,17516
QAP,165,1576,17626
QAP,166,1576,17736
QAP,167,1576,17846
QAP,168,1566,17940
QAP,169,1566,18050
QAP,170,1558,18160
QAP,171,1558,18270
QAP,172,1540,18380
QAP,173,1524,18490
QAP,174,1524,18584
QAP,175,1524,18695
QAP,176,1516,18805
QAP,177,1512,18915
QAP,178,1512,19025
QAP,179,1512,19119
QAP,180,1512,19229
QAP,181,1512,19339
QAP,182,1512,19449
QAP,183,1512,19558
QAP,184,1512,19668
QAP,185,1512,19778
QAP,186,1512,19872
QAP,187,1512,19981
QAP,188,1512,20091
QAP,189,1512,20201
QAP,190,1512,20311
QAP,191,1512,20421
QAP,192,1512,20515
QAP,193,1512,20625
QAP,194,1512,20735
QAP,195,1512,20845
QAP,196,1512,20955
QAP,197,1512,21049
QAP,198,1512,21159
QAP,199,1512,21275
QAP,200,1512,21379
QAP,201,1512,21489
QAP,202,1512,21599
QAP,203,1508,21694
QAP,204,1508,21803
QAP,205,1508,21913
QAP,206,1508,22023
QAP,207,1508,22118
QAP,208,1468,22228
QAP,209,1468,22338
QAP,210,1468,22448
QAP,211,1468,22558
QAP,212,1468,22652
QAP,213,1468,22762
QAP,214,1464,22872
QAP,215,1464,22982
QAP,216,1464,23076
QAP,217,1464,23186
QAP,218,1426,23297
QAP,219,1426,23407
QAP,220,1408,23501
QAP,221,1398,23611
QAP,222,1398,23721
QAP,223,1398,23831
QAP,224,1398,23926
QAP,225,1398,24036
QAP,226,1356,24146
QAP,227,1356,24255
QAP,228,1350,24365
QAP,229,1350,24460
QAP,230,1350,24570
QAP,231,1350,24680
QAP,232,1344,24790
QAP,233,1344,24900
QAP,234,1336,24994
QAP,235,1336,25104
QAP,236,1336,25214
QAP,237,1336,25324
QAP,238,1336,25418
QAP,239,1336,25528
QAP,240,1336,25638
QAP,241,1336,25748
QAP,242,1336,25858
QAP,243,1302,25952
QAP,244,1302,26062
QAP,245,1302,26172
QAP,246,1302,26282
QAP,247,1302,26377
QAP,248,1202,26487
QAP,249,1202,26596
QAP,250,1202,26706
QAP,251,1202,26816
QAP,252,1202,26926
QAP,253,1202,27020
QAP,254,1202,27130
QAP,255,1202,27240
QAP,256,1202,27350
QAP,257,1202,27444
QAP,258,1202,27554
QAP,259,1202,27664
QAP,260,1200,27774
QAP,261,1200,27884
QAP,262,1198,27978
QAP,263,1198,28096
QAP,264,1190,28199
QAP,265,1190,28308
QAP,266,1190,28418
QAP,267,1190,28512
QAP,268,1190,28622
QAP,269,1190,28732
QAP,270,1190,28842
QAP,271,1190,28952
QAP,272,1190,29046
QAP,273,1190,29156
QAP,274,1190,29266
QAP,275,1190,29377
QAP,276,1190,29487
QAP,277,1190,29581
QAP,278,1104,29691
QAP,279,1104,29801
QAP,280,1094,29911
QAP,281,1094,30021
QAP,282,1094,30116
QAP,283,1094,30226
QAP,284,1094,30335
QAP,285,1094,30445
QAP,286,1092,30556
QAP,287,1086,30650
QAP,288,1086,30760
QAP,289,1086,30870
QAP,290,1086,30980
QAP,291,1086,31090
QAP,292,1086,31184
QAP,293,1086,31294
QAP,294,1070,31404
QAP,295,1070,31514
QAP,296,1070,31608
QAP,297,1056,31718
QAP,298,1050,31828
QAP,299,1050,31939
QAP,300,1050,32033
QAP,301,1050,32143
QAP,302,1050,32253
QAP,303,1004,32362
QAP,304,1004,32456
QAP,305,1004,32566
QAP,306,1004,32677
QAP,307,992,32786
QAP,308,992,32896
QAP,309,992,32991
QAP,310,982,33101
QAP,311,982,33211
QAP,312,982,33321
QAP,313,982,33415
QAP,314,982,33525
QAP,315,982,33642
QAP,316,982,33749
QAP,317,976,33858
QAP,318,976,33965
QAP,319,976,34073
QAP,320,976,34178
QAP,321,976,34284
QAP,322,976,34392
QAP,323,976,34498
QAP,324,976,34599
QAP,325,976,34709
QAP,326,976,34804
QAP,327,976,34914
QAP,328,976,35024
QAP,329,976,35134
QAP,330,976,35228
QAP,331,976,35338
QAP,332,976,35448
QAP,333,976,35557
QAP,334,976,35667
QAP,335,976,35761
QAP,336,976,35870
QAP,337,976,35980
QAP,338,976,36090
QAP,339,976,36199
QAP,340,976,36293
QAP,341,960,36403
QAP,342,960,36513
QAP,343,960,36623
QAP,344,960,36717
QAP,345,960,36827
QAP,346,960,36936
QAP,347,960,37046
QAP,348,960,37156
QAP,349,944,37249
QAP,350,944,37359
QAP,351,944,37469
QAP,352,944,37579
QAP,353,944,37673
QAP,354,928,37782
QAP,355,928,37892
QAP,356,928,38002
QAP,357,928,38112
QAP,358,902,38206
QAP,359,902,38316
QAP,360,902,38425
QAP,361,902,38535
QAP,362,902,38629
QAP,363,902,38739
QAP,364,902,38849
QAP,365,902,38958
QAP,366,902,39068
QAP,367,902,39162
QAP,368,902,39272
QAP,369,902,39381
QAP,370,902,39491
QAP,371,902,39601
QAP,372,896,39695
QAP,373,896,39805
QAP,374,896,39914
QAP,375,896,40024
QAP,376,896,40134
QAP,377,896,40228
QAP,378,896,40337
QAP,379,896,40447
QAP,380,896,40557
QAP,381,896,40667
QAP,382,896,40761
QAP,383,896,40870
QAP,384,896,40980
QAP,385,896,41090
QAP,386,894,41199
QAP,387,880,41293
QAP,388,880,41403
QAP,389,880,41512
QAP,390,880,41622
QAP,391,880,41732
QAP,392,880,41826
QAP,393,874,41935
QAP,394,874,42045
QAP,395,874,42155
QAP,396,874,42264
QAP,397,874,42358
QAP,398,866,42468
QAP,399,866,42578
QAP,400,866,42688
QAP,401,866,42798
QAP,402,866,42900
QAP,403,866,43001
QAP,404,866,43111
QAP,405,866,43221
QAP,406,866,43331
QAP,407,866,43425
QAP,408,862,43534
QAP,409,862,43644
QAP,410,858,43754
QAP,411,812,43848
QAP,412,812,43958
QAP,413,812,44068
QAP,414,812,44178
QAP,415,812,44287
QAP,416,812,44381
QAP,417,812,44491
QAP,418,798,44600
QAP,419,780,44711
QAP,420,780,44805
QAP,421,780,44915
QAP,422,780,45024
QAP,423,758,45134
QAP,424,758,45243
QAP,425,758,45337
QAP,426,756,45447
QAP,427,742,45557
QAP,428,742,45666
QAP,429,742,45760
QAP,430,742,45871
QAP,431,742,45980
QAP,432,742,46090
QAP,433,742,46199
QAP,434,742,46293
QAP,435,742,46403
QAP,436,742,46513
QAP,437,742,46622
QAP,438,742,46732
QAP,439,742,46826
QAP,440,742,46936
QAP,441,742,47045
QAP,442,742,47155
QAP,443,742,47265
QAP,444,742,47359
QAP,445,742,47469
QAP,446,742,47578
QAP,447,742,47688
QAP,448,742,47798
QAP,449,742,47908
QAP,450,708,48001
QAP,451,708,48111
QAP,452,698,48221
QAP,453,698,48330
QAP,454,698,48440
QAP,455,698,48542
QAP,456,698,48644
QAP,457,698,48754
QAP,458,698,48864
QAP,459,694,48973
QAP,460,694,49067
QAP,461,694,49177
QAP,462,694,49286
QAP,463,694,49396
QAP,464,694,49506
QAP,465,694,49600
QAP,466,694,49709
QAP,467,694,49819
QAP,468,694,49929
QAP,469,694,50038
QAP,470,694,50132
QAP,471,694,50242
QAP,472,688,50352
QAP,473,688,50461
QAP,474,688,50555
QAP,475,688,50665
QAP,476,688,50775
QAP,477,688,50885
QAP,478,688,50979
QAP,479,674,51088
QAP,480,670,51198
QAP,481,670,51308
QAP,482,670,51418
QAP,483,670,51512
QAP,484,664,51621
QAP,485,664,51731
QAP,486,664,51840
QAP,487,664,51935
QAP,488,664,52044
QAP,489,660,52154
QAP,490,660,52264
QAP,491,646,52358
QAP,492,646,52467
QAP,493,646,52577
QAP,494,646,52687
QAP,495,646,52781
QAP,496,646,52891
QAP,497,646,53001
QAP,498,646,53111
QAP,499,646,53220
QAP,500,646,53314
QAP,501,646,53424
QAP,502,646,53534
QAP,503,646,53643
QAP,504,646,53753
QAP,505,602,53863
QAP,506,602,53957
QAP,507,602,54067
QAP,508,602,54176
QAP,509,602,54286
QAP,510,602,54380
QAP,511,602,54489
QAP,512,602,54599
QAP,513,602,54709
QAP,514,602,54819
QAP,515,602,54913
QAP,516,602,55022
QAP,517,602,55132
QAP,518,602,55242
QAP,519,602,55353
QAP,520,602,55446
QAP,521,602,55555
QAP,522,602,55665
QAP,523,602,55775
QAP,524,602,55885
QAP,525,602,55979
QAP,526,602,56089
QAP,527,602,56199
QAP,528,602,56309
QAP,529,602,56404
QAP,530,602,56514
QAP,531,602,56624
QAP,532,602,56734
QAP,533,602,56844
QAP,534,602,56938
QAP,535,602,57048
QAP,536,602,57158
QAP,537,602,57268
QAP,538,602,57377
QAP,539,602,57471
QAP,540,602,57581
QAP,541,602,57690
QAP,542,602,57800
QAP,543,602,57894
QAP,544,602,58004
QAP,545,602,58114
QAP,546,602,58223
QAP,547,602,58317
QAP,548,602,58427
QAP,549,602,58536
QAP,550,602,58646
QAP,551,602,58756
QAP,552,602,58851
QAP,553,602,58961
QAP,554,602,59071
QAP,555,588,59181
QAP,556,588,59275
QAP,557,582,59385
QAP,558,554,59495
QAP,559,554,59589
QAP,560,554,59699
QAP,561,554,59809
QAP,562,554,59919
QAP,563,550,60013
QAP,564,550,60123
QAP,565,550,60233
QAP,566,538,60343
QAP,567,538,60436
QAP,568,538,60547
QAP,569,538,60656
QAP,570,536,60766
QAP,571,526,60861
QAP,572,526,60971
QAP,573,526,61080
QAP,574,526,61190
QAP,575,526,61285
QAP,576,526,61395
QAP,577,526,61505
QAP,578,522,61615
QAP,579,522,61709
QAP,580,518,61819
QAP,581,518,61929
QAP,582,508,62039
QAP,583,508,62133
QAP,584,508,62243
QAP,585,508,62353
QAP,586,508,62464
QAP,587,508,62558
QAP,588,508,62668
QAP,589,508,62778
QAP,590,508,62888
QAP,591,508,62998
QAP,592,508,63092
QAP,593,508,63202
QAP,594,508,63312
QAP,595,508,63423
QAP,596,508,63530
QAP,597,508,63625
QAP,598,508,63735
QAP,599,508,63845
QAP,600,508,63955
QAP,601,508,64049
QAP,602,508,64159
QAP,603,496,64269
QAP,604,496,64379
QAP,605,496,64489
QAP,606,496,64599
QAP,607,496,64693
QAP,608,496,64803
QAP,609,496,64913
QAP,610,496,65023
QAP,611,496,65117
QAP,612,488,65227
QAP,613,488,65337
QAP,614,488,65447
QAP,615,488,65541
QAP,616,488,65651
QAP,617,488,65761
QAP,618,488,65871
QAP,619,488,65965
QAP,620,488,66075
QAP,621,488,66185
QAP,622,488,66295
QAP,623,488,66390
QAP,624,488,66500
QAP,625,488,66610
QAP,626,488,66719
QAP,627,488,66814
QAP,628,488,66924
QAP,629,488,67034
QAP,630,488,67144
QAP,631,478,67250
QAP,632,478,67356
QAP,633,478,67461
QAP,634,478,67568
QAP,635,478,67673
QAP,636,478,67780
QAP,637,478,67885
QAP,638,478,67991
QAP,639,478,68097
QAP,640,478,68204
QAP,641,474,68310
QAP,642,474,68416
QAP,643,462,68522
QAP,644,462,68627
QAP,645,462,68734
QAP,646,458,68830
QAP,647,446,68940
QAP,648,446,69050
QAP,649,446,69160
QAP,650,446,69254
QAP,651,446,69364
QAP,652,446,69473
QAP,653,446,69583
QAP,654,446,69677
QAP,655,446,69787
QAP,656,446,69897
QAP,657,446,70007
QAP,658,446,70101
QAP,659,446,70211
QAP,660,446,70322
QAP,661,446,70431
QAP,662,446,70526
QAP,663,446,70635
QAP,664,444,70745
QAP,665,444,70856
QAP,666,444,70966
QAP,667,444,71060
QAP,668,444,71170
QAP,669,444,71280
QAP,670,444,71390
QAP,671,444,71500
QAP,672,444,71594
QAP,673,444,71712
QAP,674,444,71814
QAP,675,444,71924
QAP,676,444,72018
QAP,677,444,72128
QAP,678,444,72238
QAP,679,444,72348
QAP,680,444,72458
QAP,681,444,72552
QAP,682,444,72662
QAP,683,444,72772
QAP,684,444,72882
QAP,685,444,72985
QAP,686,444,73086
QAP,687,444,73196
QAP,688,444,73306
QAP,689,444,73400
QAP,690,444,73510
QAP,691,444,73620
QAP,692,444,73730
QAP,693,444,73839
QAP,694,444,73934
QAP,695,444,74043
QAP,696,444,74153
QAP,697,444,74262
QAP,698,444,74372
QAP,699,444,74466
QAP,700,444,74576
QAP,701,444,74685
QAP,702,444,74795
QAP,703,444,74889
QAP,704,444,74999
QAP,705,444,75108
QAP,706,444,75218
QAP,707,444,75312
QAP,708,444,75421
QAP,709,444,75531
QAP,710,444,75641
QAP,711,444,75750
QAP,712,426,75845
QAP,713,426,75955
QAP,714,426,76064
QAP,715,426,76159
QAP,716,426,76268
QAP,717,426,76378
QAP,718,426,76488
QAP,719,426,76581
QAP,720,426,76692
QAP,721,408,76801
QAP,722,408,76911
QAP,723,408,77020
QAP,724,404,77114
QAP,725,404,77224
QAP,726,404,77334
QAP,727,404,77443
QAP,728,404,77538
QAP,729,404,77647
QAP,730,372,77757
QAP,731,372,77867
QAP,732,372,77961
QAP,733,372,78070
QAP,734,372,78181
QAP,735,372,78291
QAP,736,372,78385
QAP,737,372,78495
QAP,738,372,78605
QAP,739,372,78715
QAP,740,372,78809
QAP,741,372,78919
QAP,742,372,79029
QAP,743,372,79139
QAP,744,372,79233
QAP,745,372,79343
QAP,746,372,79453
QAP,747,372,79563
QAP,748,372,79657
QAP,749,372,79767
QAP,750,372,79877
QAP,751,372,79987
QAP,752,372,80097
QAP,753,372,80192
QAP,754,372,80302
QAP,755,372,80412
QAP,756,372,80522
QAP,757,372,80616
QAP,758,372,80726
QAP,759,372,80836
QAP,760,372,80947
QAP,761,372,81041
QAP,762,372,81151
QAP,763,372,81261
QAP,764,372,81371
QAP,765,372,81465
QAP,766,372,81575
QAP,767,372,81685
QAP,768,372,81795
QAP,769,372,81890
QAP,770,372,82000
QAP,771,372,82110
QAP,772,372,82220
QAP,773,372,82314
QAP,774,358,82424
QAP,775,358,82534
QAP,776,358,82644
QAP,777,356,82738
QAP,778,356,82848
QAP,779,356,82958
QAP,780,356,83068
QAP,781,356,83177
QAP,782,356,83272
QAP,783,356,83382
QAP,784,356,83492
QAP,785,356,83602
QAP,786,356,83696
QAP,787,356,83806
QAP,788,356,83916
QAP,789,356,84026
QAP,790,356,84121
QAP,791,356,84231
QAP,792,356,84340
QAP,793,356,84450
QAP,794,356,84544
QAP,795,356,84655
QAP,796,356,84765
QAP,797,356,84875
QAP,798,356,84985
QAP,799,356,85079
QAP,800,356,85189
QAP,801,356,85298
QAP,802,356,85409
QAP,803,356,85503
QAP,804,356,85613
QAP,805,356,85723
QAP,806,356,85833
QAP,807,356,85943
QAP,808,356,86037
QAP,809,356,86147
QAP,810,350,86257
QAP,811,350,86368
QAP,812,350,86478
QAP,813,350,86572
QAP,814,350,86682
QAP,815,350,86792
QAP,816,350,86902
QAP,817,350,86996
QAP,818,350,87106
QAP,819,350,87216
QAP,820,350,87327
QAP,821,350,87437
QAP,822,350,87531
QAP,823,350,87641
QAP,824,350,87751
QAP,825,350,87861
QAP,826,350,87956
QAP,827,350,88066
QAP,828,350,88176
QAP,829,350,88285
QAP,830,350,88395
QAP,831,350,88489
QAP,832,350,88599
QAP,833,350,88710
QAP,834,350,88820
QAP,835,350,88930
QAP,836,350,89024
QAP,837,350,89134
QAP,838,350,89244
QAP,839,350,89353
QAP,840,350,89464
QAP,841,350,89571
QAP,842,350,89678
QAP,843,350,89785
QAP,844,350,89893
QAP,845,350,90000
QAP,846,350,90106
QAP,847,350,90214
QAP,848,350,90320
QAP,849,350,90426
QAP,850,350,90533
QAP,851,344,90640
QAP,852,344,90747
QAP,853,344,90854
QAP,854,344,90961
QAP,855,344,91067
QAP,856,344,91174
QAP,857,344,91279
QAP,858,344,91387
QAP,859,344,91494
QAP,860,344,91599
QAP,861,344,91707
QAP,862,344,91812
QAP,863,344,91922
QAP,864,344,92030
QAP,865,344,92136
QAP,866,344,92243
QAP,867,344,92349
QAP,868,344,92455
QAP,869,344,92551
QAP,870,344,92660
QAP,871,344,92770
QAP,872,344,92879
QAP,873,344,92989
QAP,874,344,93084
QAP,875,344,93194
QAP,876,344,93304
QAP,877,344,93414
QAP,878,344,93508
QAP,879,344,93619
QAP,880,344,93728
QAP,881,344,93838
QAP,882,344,93948
QAP,883,344,94043
QAP,884,344,94153
QAP,885,344,94262
QAP,886,344,94372
QAP,887,344,94482
QAP,888,344,94576
QAP,889,344,94686
QAP,890,344,94796
QAP,891,344,94906
QAP,892,344,95000
QAP,893,344,95110
QAP,894,344,95220
QAP,895,344,95330
QAP,896,344,95424
QAP,897,344,95534
QAP,898,344,95644
QAP,899,344,95754
QAP,900,344,95848
QAP,901,344,95958
QAP,902,344,96067
QAP,903,344,96177
QAP,904,336,96287
QAP,905,336,96381
QAP,906,336,96491
QAP,907,336,96601
QAP,908,336,96712
QAP,909,336,96806
QAP,910,336,96916
QAP,911,336,97026
QAP,912,336,97136
QAP,913,336,97230
QAP,914,336,97340
QAP,915,336,97450
QAP,916,336,97560
QAP,917,336,97655
QAP,918,336,97765
QAP,919,336,97875
QAP,920,336,97985
QAP,921,336,98094
QAP,922,324,98188
QAP,923,324,98298
QAP,924,324,98408
QAP,925,324,98517
QAP,926,324,98627
QAP,927,324,98737
QAP,928,324,98831
QAP,929,324,98940
QAP,930,324,99051
QAP,931,324,99161
QAP,932,322,99270
QAP,933,322,99364
QAP,934,322,99474
QAP,935,322,99584
QAP,936,322,99693
QAP,937,322,99803
QAP,938,322,99913
QAP,939,322,100022
QAP,940,322,100132
QAP,941,322,100226
QAP,942,322,100343
QAP,943,322,100445
QAP,944,322,100555
QAP,945,322,100665
QAP,946,322,100774
QAP,947,322,100884
QAP,948,322,100978
QAP,949,322,101087
QAP,950,322,101197
QAP,951,322,101306
QAP,952,322,101416
QAP,953,322,101510
QAP,954,322,101620
QAP,955,322,101730
QAP,956,322,101839
QAP,957,322,101949
QAP,958,322,102058
QAP,959,322,102152
QAP,960,322,102262
QAP,961,322,102372
QAP,962,322,102482
QAP,963,322,102591
QAP,964,322,102701
QAP,965,322,102795
QAP,966,322,102904
QAP,967,322,103014
QAP,968,322,103124
QAP,969,322,103234
QAP,970,322,103328
QAP,971,322,103438
QAP,972,322,103547
QAP,973,322,103657
QAP,974,322,103767
QAP,975,322,103861
QAP,976,322,103981
QAP,977,322,104088
QAP,978,322,104194
QAP,979,322,104299
QAP,980,322,104405
QAP,981,322,104512
QAP,982,322,104618
QAP,983,322,104724
QAP,984,322,104823
QAP,985,322,104933
QAP,986,322,105027
QAP,987,322,105137
QAP,988,322,105248
QAP,989,322,105358
QAP,990,322,105452
QAP,991,322,105562
QAP,992,322,105672
QAP,993,322,105782
QAP,994,322,105876
QAP,995,316,105986
QAP,996,316,106096
QAP,997,316,106206
QAP,998,316,106300
QAP,999,316,106410
QAP,1000,316,106521
QAP,1001,316,106631
QAP,1002,316,106725
QAP,1003,316,106835
QAP,1004,316,106945
QAP,1005,316,107055
QAP,1006,316,107157
QAP,1007,314,107259
QAP,1008,308,107369
QAP,1009,308,107479
QAP,1010,308,107574
QAP,1011,308,107684
QAP,1012,308,107794
QAP,1013,308,107904
QAP,1014,308,107998
QAP,1015,308,108108
QAP,1016,306,108218
QAP,1017,306,108328
QAP,1018,306,108438
QAP,1019,306,108532
QAP,1020,306,108642
QAP,1021,306,108752
QAP,1022,302,108862
QAP,1023,296,108972
QAP,1024,296,109066
QAP,1025,296,109176
QAP,1026,296,109286
QAP,1027,296,109396
QAP,1028,296,109490
QAP,1029,296,109600
QAP,1030,296,109710
QAP,1031,296,109820
QAP,1032,296,109930
QAP,1033,296,110024
QAP,1034,296,110134
QAP,1035,296,110244
QAP,1036,296,110354
QAP,1037,296,110464
QAP,1038,296,110558
QAP,1039,296,110668
QAP,1040,296,110778
QAP,1041,296,110888
QAP,1042,296,110998
QAP,1043,296,111092
QAP,1044,296,111202
QAP,1045,296,111312
QAP,1046,296,111422
QAP,1047,296,111532
QAP,1048,296,111626
QAP,1049,296,111736
QAP,1050,296,111846
QAP,1051,296,111956
QAP,1052,296,112066
QAP,1053,296,112160
QAP,1054,296,112270
QAP,1055,296,112381
QAP,1056,296,112491
QAP,1057,296,112600
QAP,1058,296,112695
QAP,1059,296,112805
QAP,1060,296,112915
QAP,1061,296,113025
QAP,1062,296,113135
QAP,1063,296,113229
QAP,1064,296,113339
QAP,1065,296,113449
QAP,1066,296,113559
QAP,1067,296,113653
QAP,1068,296,113763
QAP,1069,296,113873
QAP,1070,296,113983
QAP,1071,296,114093
QAP,1072,296,114187
QAP,1073,296,114297
QAP,1074,296,114406
QAP,1075,296,114516
QAP,1076,296,114626
QAP,1077,296,114735
QAP,1078,296,114829
QAP,1079,296,114939
QAP,1080,296,115049
QAP,1081,296,115158
QAP,1082,296,115268
QAP,1083,296,115362
QAP,1084,296,115471
QAP,1085,296,115581
QAP,1086,296,115691
QAP,1087,296,115800
QAP,1088,296,115894
QAP,1089,296,116004
QAP,1090,296,116114
QAP,1091,296,116223
QAP,1092,296,116333
QAP,1093,296,116427
QAP,1094,296,116536
QAP,1095,296,116646
QAP,1096,296,116757
QAP,1097,296,116851
QAP,1098,296,116960
QAP,1099,296,117070
QAP,1100,296,117180
QAP,1101,296,117274
QAP,1102,296,117384
QAP,1103,296,117493
QAP,1104,296,117603
QAP,1105,296,117697
QAP,1106,296,117807
QAP,1107,296,117916
QAP,1108,296,118026
QAP,1109,292,118120
QAP,1110,290,118230
QAP,1111,290,118340
QAP,1112,286,118449
QAP,1113,286,118543
QAP,1114,286,118653
QAP,1115,286,118763
QAP,1116,286,118872
QAP,1117,282,118966
QAP,1118,282,119076
QAP,1119,282,119186
QAP,1120,282,119296
QAP,1121,282,119390
QAP,1122,282,119500
QAP,1123,282,119609
QAP,1124,282,119719
QAP,1125,282,119829
QAP,1126,282,119938
QAP,1127,282,120047
QAP,1128,282,120153
QAP,1129,282,120258
QAP,1130,282,120364
QAP,1131,282,120470
QAP,1132,282,120576
QAP,1133,282,120682
QAP,1134,280,120790
QAP,1135,280,120895
QAP,1136,280,121002
QAP,1137,280,121109
QAP,1138,280,121215
QAP,1139,280,121322
QAP,1140,280,121429
QAP,1141,280,121533
QAP,1142,280,121643
QAP,1143,280,121737
QAP,1144,280,121847
QAP,1145,280,121957
QAP,1146,280,122067
QAP,1147,280,122177
QAP,1148,280,122272
QAP,1149,280,122381
QAP,1150,280,122491
QAP,1151,280,122601
QAP,1152,280,122711
QAP,1153,280,122805
QAP,1154,280,122915
QAP,1155,280,123024
QAP,1156,280,123135
QAP,1157,280,123244
QAP,1158,280,123354
QAP,1159,280,123448
QAP,1160,280,123558
QAP,1161,280,123667
QAP,1162,278,123777
QAP,1163,278,123887
QAP,1164,278,123997
QAP,1165,278,124091
QAP,1166,278,124200
QAP,1167,278,124310
QAP,1168,278,124419
QAP,1169,278,124529
QAP,1170,278,124623
QAP,1171,278,124732
QAP,1172,278,124842
QAP,1173,278,124952
QAP,1174,278,125062
QAP,1175,278,125172
QAP,1176,278,125266
QAP,1177,278,125375
QAP,1178,278,125485
QAP,1179,278,125594
QAP,1180,278,125704
QAP,1181,278,125798
QAP,1182,278,125908
QAP,1183,278,126018
QAP,1184,278,126128
QAP,1185,278,126243
QAP,1186,278,126347
QAP,1187,278,126457
QAP,1188,278,126567
QAP,1189,278,126661
QAP,1190,278,126770
QAP,1191,278,126880
QAP,1192,278,126989
QAP,1193,278,127099
QAP,1194,278,127209
QAP,1195,278,127303
QAP,1196,278,127413
QAP,1197,278,127522
QAP,1198,278,127633
QAP,1199,278,127742
QAP,1200,278,127836
QAP,1201,278,127946
QAP,1202,278,128056
QAP,1203,278,128166
QAP,1204,278,128275
QAP,1205,278,128385
QAP,1206,278,128494
QAP,1207,278,128588
QAP,1208,278,128698
QAP,1209,278,128808
QAP,1210,278,128917
QAP,1211,278,129028
QAP,1212,278,129138
QAP,1213,278,129232
QAP,1214,278,129341
QAP,1215,278,129451
QAP,1216,278,129560
QAP,1217,278,129670
QAP,1218,278,129779
QAP,1219,278,129873
QAP,1220,278,129983
QAP,1221,278,130093
QAP,1222,278,130202
QAP,1223,278,130312
QAP,1224,278,130406
QAP,1225,278,130516
QAP,1226,278,130626
QAP,1227,278,130735
QAP,1228,278,130829
QAP,1229,278,130939
QAP,1230,278,131048
QAP,1231,278,131158
QAP,1232,278,131268
QAP,1233,278,131362
QAP,1234,278,131472
QAP,1235,278,131581
QAP,1236,278,131694
QAP,1237,278,131799
QAP,1238,278,131904
QAP,1239,278,132010
QAP,1240,278,132116
QAP,1241,278,132221
QAP,1242,278,132327
QAP,1243,278,132432
QAP,1244,276,132537
QAP,1245,276,132645
QAP,1246,276,132749
QAP,1247,276,132855
QAP,1248,276,132961
QAP,1249,276,133065
QAP,1250,276,133172
QAP,1251,276,133277
QAP,1252,276,133382
QAP,1253,276,133488
QAP,1254,276,133594
QAP,1255,276,133699
QAP,1256,276,133804
QAP,1257,276,133910
QAP,1258,270,134016
QAP,1259,270,134122
QAP,1260,270,134228
QAP,1261,270,134334
QAP,1262,270,134438
QAP,1263,270,134544
QAP,1264,270,134652
QAP,1265,270,134756
QAP,1266,270,134862
QAP,1267,270,134968
QAP,1268,268,135073
QAP,1269,268,135179
QAP,1270,268,135285
QAP,1271,268,135390
QAP,1272,268,135498
QAP,1273,268,135604
QAP,1274,268,135710
QAP,1275,268,135816
QAP,1276,268,135922
QAP,1277,268,136028
QAP,1278,268,136134
QAP,1279,268,136240
QAP,1280,268,136347
QAP,1281,268,136453
QAP,1282,268,136559
QAP,1283,268,136664
QAP,1284,268,136771
QAP,1285,268,136878
QAP,1286,268,136984
QAP,1287,268,137089
QAP,1288,266,137199
QAP,1289,266,137293
QAP,1290,266,137403
QAP,1291,266,137513
QAP,1292,266,137623
QAP,1293,266,137732
QAP,1294,266,137827
QAP,1295,266,137936
QAP,1296,264,138046
QAP,1297,264,138159
QAP,1298,264,138267
QAP,1299,264,138361
QAP,1300,264,138471
QAP,1301,262,138580
QAP,1302,262,138690
QAP,1303,262,138800
QAP,1304,262,138895
QAP,1305,262,139005
QAP,1306,262,139115
QAP,1307,262,139225
QAP,1308,262,139335
QAP,1309,262,139445
QAP,1310,262,139539
QAP,1311,262,139649
QAP,1312,262,139758
QAP,1313,262,139872
QAP,1314,262,139978
QAP,1315,258,140072
QAP,1316,258,140182
QAP,1317,258,140292
QAP,1318,258,140402
QAP,1319,258,140512
QAP,1320,258,140621
QAP,1321,258,140716
QAP,1322,258,140826
QAP,1323,258,140936
QAP,1324,258,141045
QAP,1325,258,141155
QAP,1326,258,141250
QAP,1327,258,141360
QAP,1328,258,141470
QAP,1329,258,141579
QAP,1330,258,141690
QAP,1331,258,141800
QAP,1332,258,141894
QAP,1333,258,142005
QAP,1334,258,142115
QAP,1335,258,142225
QAP,1336,258,142319
QAP,1337,258,142429
QAP,1338,258,142538
QAP,1339,258,142648
QAP,1340,258,142758
QAP,1341,258,142852
QAP,1342,258,142962
QAP,1343,258,143073
QAP,1344,258,143183
QAP,1345,258,143293
QAP,1346,258,143387
QAP,1347,258,143497
QAP,1348,258,143607
QAP,1349,258,143717
QAP,1350,258,143827
QAP,1351,258,143922
QAP,1352,258,144031
QAP,1353,258,144141
QAP,1354,258,144251
QAP,1355,258,144361
QAP,1356,258,144455
QAP,1357,258,144566
QAP,1358,258,144675
QAP,1359,258,144785
QAP,1360,258,144895
QAP,1361,258,144989
QAP,1362,258,145099
QAP,1363,258,145209
QAP,1364,258,145322
QAP,1365,258,145428
QAP,1366,258,145522
QAP,1367,258,145632
QAP,1368,258,145742
QAP,1369,258,145852
QAP,1370,258,145962
QAP,1371,258,146071
QAP,1372,258,146181
QAP,1373,258,146275
QAP,1374,258,146385
QAP,1375,258,146494
QAP,1376,258,146604
QAP,1377,258,146698
QAP,1378,258,146808
QAP,1379,258,146917
QAP,1380,258,147027
QAP,1381,258,147136
QAP,1382,258,147231
QAP,1383,258,147340
QAP,1384,258,147450
QAP,1385,258,147559
QAP,1386,258,147653
QAP,1387,258,147763
QAP,1388,258,147873
QAP,1389,258,147982
QAP,1390,258,148076
QAP,1391,258,148195
QAP,1392,258,148296
QAP,1393,258,148406
QAP,1394,258,148500
QAP,1395,258,148609
QAP,1396,258,148719
QAP,1397,258,148828
QAP,1398,258,148922
QAP,1399,258,149032
QAP,1400,258,149142
QAP,1401,258,149251
QAP,1402,258,149345
QAP,1403,258,149455
QAP,1404,258,149565
QAP,1405,258,149674
QAP,1406,258,149768
QAP,1407,258,149878
QAP,1408,258,149987
QAP,1409,258,150097
QAP,1410,258,150191
QAP,1411,258,150301
QAP,1412,258,150410
QAP,1413,258,150520
QAP,1414,258,150614
QAP,1415,258,150724
QAP,1416,258,150833
QAP,1417,258,150943
QAP,1418,258,151037
QAP,1419,258,151147
QAP,1420,258,151257
QAP,1421,258,151366
QAP,1422,258,151460
QAP,1423,258,151570
QAP,1424,258,151679
QAP,1425,258,151789
QAP,1426,258,151899
QAP,1427,258,151993
QAP,1428,258,152102
QAP,1429,258,152212
QAP,1430,258,152322
QAP,1431,258,152431
QAP,1432,258,152525
QAP,1433,258,152635
QAP,1434,258,152745
QAP,1435,258,152855
QAP,1436,258,152964
QAP,1437,258,153074
QAP,1438,258,153168
QAP,1439,258,153278
QAP,1440,258,153388
QAP,1441,258,153498
QAP,1442,256,153607
QAP,1443,256,153701
QAP,1444,256,153811
QAP,1445,256,153920
QAP,1446,256,154030
QAP,1447,256,154140
QAP,1448,256,154249
QAP,1449,256,154343
QAP,1450,256,154453
QAP,1451,252,154563
QAP,1452,252,154672
QAP,1453,252,154782
QAP,1454,252,154892
QAP,1455,252,154986
QAP,1456,252,155096
QAP,1457,252,155206
QAP,1458,252,155316
QAP,1459,252,155425
QAP,1460,252,155535
QAP,1461,252,155630
QAP,1462,252,155740
QAP,1463,252,155850
QAP,1464,252,155960
QAP,1465,252,156070
QAP,1466,252,156165
QAP,1467,252,156275
QAP,1468,252,156385
QAP,1469,252,156495
QAP,1470,252,156605
QAP,1471,252,156699
QAP,1472,252,156809
QAP,1473,252,156919
QAP,1474,252,157029
QAP,1475,252,157139
QAP,1476,252,157233
QAP,1477,252,157343
QAP,1478,252,157453
QAP,1479,252,157563
QAP,1480,252,157673
QAP,1481,252,157783
QAP,1482,252,157877
QAP,1483,252,157987
QAP,1484,252,158097
QAP,1485,252,158207
QAP,1486,252,158302
QAP,1487,252,158412
QAP,1488,252,158522
QAP,1489,252,158632
QAP,1490,252,158741
QAP,1491,252,158851
QAP,1492,252,158953
QAP,1493,252,159055
QAP,1494,252,159166
QAP,1495,252,159275
QAP,1496,252,159385
QAP,1497,252,159495
QAP,1498,252,159589
QAP,1499,252,159699
QAP,1500,252,159808
QAP,1501,252,159918
QAP,1502,252,160028
QAP,1503,252,160122
QAP,1504,252,160231
QAP,1505,252,160341
QAP,1506,252,160451
QAP,1507,252,160561
QAP,1508,252,160670
QAP,1509,252,160764
QAP,1510,252,160874
QAP,1511,252,160983
QAP,1512,252,161093
QAP,1513,252,161203
QAP,1514,252,161297
QAP,1515,252,161407
QAP,1516,252,161516
QAP,1517,252,161626
QAP,1518,252,161720
QAP,1519,252,161830
QAP,1520,252,161939
QAP,1521,252,162049
QAP,1522,252,162143
QAP,1523,252,162253
QAP,1524,252,162363
QAP,1525,252,162472
QAP,1526,252,162566
QAP,1527,252,162676
QAP,1528,252,162786
QAP,1529,252,162895
QAP,1530,248,162989
QAP,1531,248,163099
QAP,1532,248,163209
QAP,1533,248,163319
QAP,1534,248,163413
QAP,1535,248,163523
QAP,1536,248,163632
QAP,1537,248,163742
QAP,1538,248,163836
QAP,1539,248,163946
QAP,1540,248,164056
QAP,1541,248,164165
QAP,1542,248,164259
QAP,1543,248,164369
QAP,1544,248,164479
QAP,1545,246,164574
QAP,1546,246,164684
QAP,1547,246,164794
QAP,1548,246,164904
QAP,1549,246,164998
QAP,1550,246,165108
QAP,1551,246,165218
QAP,1552,246,165328
QAP,1553,246,165422
QAP,1554,246,165532
QAP,1555,246,165642
QAP,1556,246,165752
QAP,1557,246,165846
QAP,1558,246,165956
QAP,1559,246,166066
QAP,1560,246,166176
QAP,1561,246,166270
QAP,1562,246,166380
QAP,1563,246,166490
QAP,1564,246,166585
QAP,1565,246,166695
QAP,1566,246,166805
QAP,1567,246,166915
QAP,1568,246,167025
QAP,1569,246,167119
QAP,1570,246,167229
QAP,1571,246,167339
QAP,1572,246,167449
QAP,1573,246,167559
QAP,1574,246,167653
QAP,1575,246,167763
QAP,1576,246,167873
QAP,1577,246,167983
QAP,1578,246,168094
QAP,1579,246,168203
QAP,1580,246,168298
QAP,1581,246,168407
QAP,1582,246,168518
QAP,1583,246,168627
QAP,1584,246,168722
QAP,1585,246,168832
QAP,1586,246,168942
QAP,1587,246,169052
QAP,1588,246,169162
QAP,1589,246,169256
QAP,1590,246,169366
QAP,1591,246,169476
QAP,1592,246,169586
QAP,1593,244,169696
QAP,1594,242,169790
QAP,1595,242,169900
QAP,1596,242,170010
QAP,1597,242,170120
QAP,1598,242,170230
QAP,1599,242,170324
QAP,1600,242,170434
QAP,1601,242,170544
QAP,1602,242,170654
QAP,1603,242,170764
QAP,1604,242,170858
QAP,1605,242,170968
QAP,1606,242,171078
QAP,1607,242,171188
QAP,1608,242,171298
QAP,1609,242,171408
QAP,1610,242,171502
QAP,1611,242,171612
QAP,1612,242,171722
QAP,1613,242,171832
QAP,1614,242,171942
QAP,1615,242,172036
QAP,1616,242,172146
QAP,1617,242,172265
QAP,1618,242,172373
QAP,1619,242,172480
QAP,1620,242,172586
QAP,1621,242,172693
QAP,1622,242,172800
QAP,1623,242,172905
QAP,1624,242,173014
QAP,1625,242,173121
QAP,1626,242,173228
QAP,1627,242,173334
QAP,1628,242,173442
QAP,1629,242,173547
QAP,1630,242,173654
QAP,1631,242,173761
QAP,1632,242,173867
QAP,1633,242,173978
QAP,1634,242,174084
QAP,1635,242,174191
QAP,1636,242,174298
QAP,1637,242,174405
QAP,1638,242,174512
QAP,1639,242,174618
QAP,1640,242,174718
QAP,1641,242,174828
QAP,1642,242,174938
QAP,1643,242,175033
QAP,1644,242,175143
QAP,1645,242,175253
QAP,1646,242,175363
QAP,1647,242,175473
QAP,1648,242,175567
QAP,1649,242,175677
QAP,1650,242,175788
QAP,1651,242,175897
QAP,1652,242,176007
QAP,1653,242,176102
QAP,1654,242,176212
QAP,1655,242,176322
QAP,1656,242,176431
QAP,1657,242,176541
QAP,1658,242,176636
QAP,1659,242,176746
QAP,1660,242,176856
QAP,1661,242,176966
QAP,1662,242,177076
QAP,1663,242,177170
QAP,1664,242,177280
QAP,1665,242,177391
QAP,1666,242,177500
QAP,1667,242,177594
QAP,1668,242,177704
QAP,1669,242,177814
QAP,1670,242,177924
QAP,1671,242,178034
QAP,1672,242,178128
QAP,1673,242,178239
QAP,1674,242,178348
QAP,1675,242,178458
QAP,1676,242,178552
QAP,1677,242,178662
QAP,1678,242,178772
QAP,1679,242,178883
QAP,1680,242,178988
QAP,1681,242,179096
QAP,1682,242,179201
QAP,1683,242,179307
QAP,1684,242,179413
QAP,1685,242,179515
QAP,1686,242,179609
QAP,1687,242,179719
QAP,1688,242,179830
QAP,1689,242,179940
QAP,1690,242,180034
QAP,1691,242,180144
QAP,1692,242,180254
QAP,1693,242,180348
QAP,1694,242,180458
QAP,1695,242,180568
QAP,1696,242,180663
QAP,1697,242,180773
QAP,1698,242,180882
QAP,1699,242,180992
QAP,1700,242,181087
QAP,1701,242,181197
QAP,1702,242,181306
QAP,1703,240,181401
QAP,1704,240,181511
QAP,1705,240,181621
QAP,1706,240,181731
QAP,1707,240,181825
QAP,1708,240,181935
QAP,1709,240,182045
QAP,1710,240,182155
QAP,1711,240,182249
QAP,1712,240,182359
QAP,1713,240,182469
QAP,1714,240,182563
QAP,1715,240,182672
QAP,1716,240,182782
QAP,1717,240,182892
QAP,1718,240,182986
QAP,1719,240,183096
QAP,1720,240,183206
QAP,1721,240,183316
QAP,1722,240,183411
QAP,1723,240,183521
QAP,1724,240,183631
QAP,1725,240,183725
QAP,1726,240,183836
QAP,1727,240,183946
QAP,1728,240,184056
QAP,1729,240,184150
QAP,1730,240,184260
QAP,1731,240,184370
QAP,1732,240,184480
QAP,1733,240,184574
QAP,1734,240,184684
QAP,1735,240,184794
QAP,1736,240,184904
QAP,1737,240,185014
QAP,1738,240,185108
QAP,1739,240,185218
QAP,1740,240,185328
QAP,1741,238,185438
QAP,1742,238,185532
QAP,1743,238,185642
QAP,1744,238,185751
QAP,1745,238,185861
QAP,1746,238,185971
QAP,1747,238,186080
QAP,1748,238,186174
QAP,1749,238,186284
QAP,1750,238,186394
QAP,1751,238,186503
QAP,1752,238,186613
QAP,1753,238,186707
QAP,1754,238,186816
QAP,1755,238,186926
QAP,1756,238,187035
QAP,1757,238,187145
QAP,1758,238,187255
QAP,1759,238,187349
QAP,1760,238,187459
QAP,1761,238,187568
QAP,1762,238,187679
QAP,1763,238,187788
QAP,1764,238,187882
QAP,1765,238,187992
QAP,1766,238,188102
QAP,1767,238,188211
QAP,1768,238,188323
QAP,1769,238,188415
QAP,1770,238,188525
QAP,1771,238,188635
QAP,1772,238,188744
QAP,1773,238,188854
QAP,1774,238,188963
QAP,1775,238,189057
QAP,1776,238,189167
QAP,1777,238,189277
QAP,1778,238,189387
QAP,1779,238,189497
QAP,1780,238,189591
QAP,1781,238,189701
QAP,1782,238,189811
QAP,1783,238,189921
QAP,1784,238,190031
QAP,1785,238,190125
QAP,1786,238,190235
QAP,1787,238,190345
QAP,1788,238,190455
QAP,1789,238,190565
QAP,1790,238,190674
QAP,1791,238,190768
QAP,1792,238,190878
QAP,1793,238,190987
QAP,1794,238,191097
QAP,1795,238,191207
QAP,1796,238,191317
QAP,1797,238,191411
QAP,1798,238,191521
QAP,1799,238,191630
QAP,1800,238,191740
QAP,1801,238,191850
QAP,1802,238,191944
QAP,1803,238,192053
QAP,1804,238,192163
QAP,1805,238,192273
QAP,1806,238,192382
QAP,1807,238,192492
QAP,1808,238,192586
QAP,1809,238,192696
QAP,1810,238,192805
QAP,1811,238,192915
QAP,1812,238,193026
QAP,1813,238,193134
QAP,1814,238,193229
QAP,1815,238,193346
QAP,1816,238,193448
QAP,1817,238,193558
QAP,1818,238,193668
QAP,1819,238,193777
QAP,1820,238,193871
QAP,1821,238,193983
QAP,1822,238,194091
QAP,1823,238,194201
QAP,1824,238,194310
QAP,1825,238,194405
QAP,1826,238,194515
QAP,1827,238,194625
QAP,1828,238,194735
QAP,1829,238,194829
QAP,1830,238,194939
QAP,1831,238,195049
QAP,1832,238,195159
QAP,1833,238,195253
QAP,1834,238,195363
QAP,1835,238,195473
QAP,1836,238,195583
QAP,1837,238,195678
QAP,1838,238,195788
QAP,1839,238,195898
QAP,1840,238,195992
QAP,1841,238,196102
QAP,1842,238,196212
QAP,1843,238,196322
QAP,1844,238,196416
QAP,1845,238,196526
QAP,1846,238,196636
QAP,1847,238,196731
QAP,1848,238,196841
QAP,1849,238,196950
QAP,1850,238,197045
QAP,1851,238,197155
QAP,1852,238,197265
QAP,1853,238,197375
QAP,1854,238,197469
QAP,1855,238,197579
QAP,1856,238,197689
QAP,1857,238,197799
QAP,1858,238,197893
QAP,1859,238,198003
QAP,1860,238,198113
QAP,1861,238,198207
QAP,1862,238,198317
QAP,1863,238,198427
QAP,1864,238,198536
QAP,1865,238,198631
QAP,1866,238,198741
QAP,1867,238,198851
QAP,1868,238,198961
QAP,1869,238,199055
QAP,1870,238,199165
QAP,1871,238,199276
QAP,1872,238,199370
QAP,1873,238,199480
QAP,1874,238,199590
QAP,1875,238,199699
QAP,1876,238,199794
QAP,1877,238,199904
QAP,1878,238,200014
QAP,1879,238,200124
QAP,1880,238,200218
QAP,1881,238,200328
QAP,1882,238,200438
QAP,1883,238,200548
QAP,1884,238,200655
QAP,1885,238,200761
QAP,1886,238,200868
QAP,1887,238,200975
QAP,1888,238,201080
QAP,1889,238,201187
QAP,1890,238,201295
QAP,1891,238,201400
QAP,1892,238,201507
QAP,1893,238,201614
QAP,1894,238,201721
QAP,1895,238,201827
QAP,1896,238,201934
QAP,1897,238,202036
QAP,1898,238,202146
QAP,1899,238,202255
QAP,1900,238,202365
QAP,1901,238,202459
QAP,1902,238,202577
QAP,1903,238,202685
QAP,1904,238,202792
QAP,1905,238,202898
QAP,1906,238,203004
QAP,1907,238,203105
QAP,1908,238,203215
QAP,1909,238,203325
QAP,1910,238,203435
QAP,1911,238,203545
QAP,1912,238,203639
QAP,1913,238,203749
QAP,1914,238,203859
QAP,1915,238,203969
QAP,1916,238,204079
QAP,1917,238,204173
QAP,1918,238,204283
QAP,1919,238,204393
QAP,1920,238,204503
QAP,1921,238,204612
QAP,1922,238,204707
QAP,1923,238,204817
QAP,1924,238,204927
QAP,1925,238,205037
QAP,1926,238,205147
QAP,1927,238,205241
QAP,1928,238,205351
QAP,1929,238,205462
QAP,1930,238,205572
QAP,1931,238,205682
QAP,1932,238,205775
QAP,1933,238,205885
QAP,1934,238,205995
QAP,1935,238,206105
QAP,1936,238,206215
QAP,1937,238,206309
QAP,1938,238,206419
QAP,1939,238,206529
QAP,1940,238,206640
QAP,1941,238,206734
QAP,1942,238,206844
QAP,1943,238,206954
QAP,1944,238,207064
QAP,1945,238,207174
QAP,1946,238,207284
QAP,1947,238,207378
QAP,1948,238,207488
QAP,1949,238,207598
QAP,1950,238,207708
QAP,1951,238,207817
QAP,1952,238,207912
QAP,1953,238,208029
QAP,1954,238,208131
QAP,1955,238,208242
QAP,1956,238,208352
QAP,1957,238,208462
QAP,1958,238,208572
QAP,1959,238,208682
QAP,1960,238,208776
QAP,1961,238,208886
QAP,1962,238,208996
QAP,1963,238,209106
QAP,1964,238,209216
QAP,1965,238,209310
QAP,1966,238,209420
QAP,1967,238,209531
QAP,1968,238,209640
QAP,1969,238,209750
QAP,1970,238,209860
QAP,1971,238,209955
QAP,1972,238,210065
QAP,1973,238,210175
QAP,1974,238,210285
QAP,1975,238,210395
QAP,1976,238,210489
QAP,1977,238,210599
QAP,1978,238,210709
QAP,1979,238,210819
QAP,1980,238,210929
QAP,1981,238,211023
QAP,1982,238,211133
QAP,1983,238,211243
QAP,1984,238,211354
QAP,1985,238,211448
QAP,1986,238,211558
QAP,1987,238,211668
QAP,1988,238,211778
QAP,1989,238,211887
QAP,1990,238,211997
QAP,1991,238,212109
QAP,1992,238,212201
QAP,1993,238,212311
QAP,1994,238,212421
QAP,1995,238,212531
QAP,1996,238,212641
QAP,1997,238,212735
QAP,1998,238,212845
QAP,1999,238,212955
QAP,2000,238,213065
QAP,2001,238,213175
QAP,2002,238,213285
QAP,2003,238,213379
QAP,2004,238,213489
QAP,2005,238,213599
QAP,2006,238,213709
QAP,2007,238,213819
QAP,2008,238,213913
QAP,2009,238,214023
QAP,2010,238,214133
QAP,2011,238,214243
QAP,2012,238,214337
QAP,2013,238,214447
QAP,2014,238,214557
QAP,2015,238,214667
QAP,2016,238,214761
QAP,2017,238,214871
QAP,2018,238,214981
QAP,2019,238,215091
QAP,2020,238,215200
QAP,2021,238,215295
QAP,2022,238,215405
QAP,2023,238,215515
QAP,2024,238,215625
QAP,2025,238,215719
QAP,2026,238,215829
QAP,2027,238,215939
QAP,2028,238,216049
QAP,2029,238,216159
QAP,2030,238,216253
QAP,2031,238,216363
QAP,2032,238,216473
QAP,2033,238,216583
QAP,2034,238,216677
QAP,2035,238,216787
QAP,2036,238,216897
QAP,2037,238,217007
QAP,2038,238,217117
QAP,2039,238,217227
QAP,2040,238,217321
QAP,2041,238,217431
QAP,2042,238,217541
QAP,2043,238,217651
QAP,2044,238,217745
QAP,2045,238,217855
QAP,2046,238,217965
QAP,2047,238,218074
QAP,2048,238,218184
QAP,2049,238,218278
QAP,2050,238,218388
QAP,2051,238,218498
QAP,2052,238,218608
QAP,2053,238,218702
QAP,2054,238,218813
QAP,2055,238,218922
QAP,2056,238,219032
QAP,2057,238,219127
QAP,2058,238,219237
QAP,2059,238,219347
QAP,2060,238,219456
QAP,2061,238,219566
QAP,2062,238,219661
QAP,2063,238,219770
QAP,2064,238,219881
QAP,2065,238,219991
QAP,2066,238,220085
QAP,2067,238,220195
QAP,2068,238,220305
QAP,2069,238,220415
QAP,2070,238,220509
QAP,2071,238,220618
QAP,2072,238,220728
QAP,2073,238,220837
QAP,2074,238,220947
QAP,2075,238,221041
QAP,2076,238,221151
QAP,2077,238,221260
QAP,2078,238,221370
QAP,2079,238,221480
QAP,2080,238,221574
QAP,2081,238,221684
QAP,2082,238,221793
QAP,2083,238,221903
QAP,2084,238,222013
QAP,2085,238,222107
QAP,2086,238,222217
QAP,2087,238,222327
QAP,2088,238,222437
QAP,2089,238,222547
QAP,2090,238,222641
QAP,2091,238,222751
QAP,2092,238,222861
QAP,2093,238,222970
QAP,2094,238,223065
QAP,2095,238,223175
QAP,2096,238,223285
QAP,2097,238,223395
QAP,2098,238,223505
QAP,2099,238,223599
QAP,2100,238,223709
QAP,2101,238,223819
QAP,2102,238,223929
QAP,2103,238,224039
QAP,2104,238,224133
QAP,2105,238,224243
QAP,2106,238,224353
QAP,2107,238,224463
QAP,2108,238,224573
QAP,2109,238,224668
QAP,2110,238,224778
QAP,2111,238,224888
QAP,2112,238,224998
QAP,2113,238,225092
QAP,2114,238,225202
QAP,2115,238,225312
QAP,2116,238,225421
QAP,2117,238,225516
QAP,2118,238,225626
QAP,2119,238,225736
QAP,2120,238,225845
QAP,2121,238,225955
QAP,2122,238,226050
QAP,2123,238,226160
QAP,2124,238,226270
QAP,2125,238,226380
QAP,2126,238,226474
QAP,2127,238,226584
QAP,2128,238,226694
QAP,2129,238,226804
QAP,2130,238,226914
QAP,2131,238,227008
QAP,2132,238,227118
QAP,2133,238,227228
QAP,2134,238,227337
QAP,2135,238,227432
QAP,2136,238,227542
QAP,2137,238,227652
QAP,2138,238,227762
QAP,2139,238,227871
QAP,2140,238,227966
QAP,2141,238,228076
QAP,2142,238,228186
QAP,2143,238,228296
QAP,2144,238,228390
QAP,2145,238,228499
QAP,2146,238,228609
QAP,2147,238,228721
QAP,2148,238,228827
QAP,2149,238,228935
QAP,2150,238,229043
QAP,2151,238,229150
QAP,2152,238,229256
QAP,2153,238,229364
QAP,2154,238,229469
QAP,2155,238,229577
QAP,2156,238,229683
QAP,2157,238,229790
QAP,2158,238,229900
QAP,2159,238,230007
QAP,2160,238,230112
QAP,2161,238,230220
QAP,2162,238,230325
QAP,2163,238,230432
QAP,2164,238,230538
QAP,2165,238,230644
QAP,2166,238,230752
QAP,2167,238,230861
QAP,2168,238,230967
QAP,2169,238,231074
QAP,2170,238,231180
QAP,2171,238,231274
QAP,2172,238,231384
QAP,2173,238,231493
QAP,2174,238,231603
QAP,2175,238,231713
QAP,2176,238,231807
QAP,2177,238,231916
QAP,2178,238,232026
QAP,2179,238,232136
QAP,2180,238,232245
QAP,2181,238,232355
QAP,2182,238,232449
QAP,2183,238,232566
QAP,2184,238,232668
QAP,2185,238,232778
QAP,2186,238,232888
QAP,2187,238,232982
QAP,2188,238,233092
QAP,2189,238,233202
QAP,2190,238,233312
QAP,2191,238,233407
QAP,2192,238,233517
QAP,2193,238,233627
QAP,2194,238,233736
QAP,2195,238,233831
QAP,2196,238,233941
QAP,2197,238,234051
QAP,2198,238,234161
QAP,2199,238,234255
QAP,2200,238,234365
QAP,2201,238,234475
QAP,2202,238,234585
QAP,2203,238,234679
QAP,2204,238,234790
QAP,2205,238,234899
QAP,2206,238,235009
QAP,2207,238,235104
QAP,2208,238,235214
QAP,2209,238,235324
QAP,2210,238,235433
QAP,2211,238,235543
QAP,2212,238,235637
QAP,2213,238,235747
QAP,2214,238,235857
QAP,2215,238,235967
QAP,2216,238,236061
QAP,2217,238,236171
QAP,2218,238,236281
QAP,2219,238,236391
QAP,2220,238,236501
QAP,2221,238,236595
QAP,2222,238,236705
QAP,2223,238,236815
QAP,2224,238,236925
QAP,2225,238,237035
QAP,2226,238,237130
QAP,2227,238,237240
QAP,2228,238,237350
QAP,2229,238,237460
QAP,2230,238,237554
QAP,2231,238,237664
QAP,2232,238,237773
QAP,2233,238,237883
QAP,2234,238,237993
QAP,2235,238,238088
QAP,2236,238,238197
QAP,2237,238,238307
QAP,2238,238,238418
QAP,2239,238,238512
QAP,2240,238,238622
QAP,2241,238,238732
QAP,2242,238,238842
QAP,2243,238,238952
QAP,2244,238,239046
QAP,2245,238,239156
QAP,2246,238,239266
QAP,2247,238,239379
QAP,2248,238,239486
QAP,2249,238,239580
QAP,2250,238,239690
QAP,2251,238,239800
QAP,2252,238,239910
QAP,2253,238,240004
QAP,2254,238,240114
QAP,2255,238,240225
QAP,2256,238,240335
QAP,2257,238,240445
QAP,2258,238,240539
QAP,2259,238,240649
QAP,2260,238,240759
QAP,2261,238,240869
QAP,2262,238,240963
QAP,2263,238,241073
QAP,2264,238,241183
QAP,2265,238,241293
QAP,2266,238,241387
QAP,2267,238,241497
QAP,2268,238,241607
QAP,2269,238,241717
QAP,2270,238,241826
QAP,2271,238,241920
QAP,2272,238,242030
QAP,2273,238,242140
QAP,2274,238,242250
QAP,2275,238,242360
QAP,2276,238,242469
QAP,2277,238,242563
QAP,2278,238,242673
QAP,2279,238,242783
QAP,2280,238,242892
QAP,2281,238,243002
QAP,2282,238,243096
QAP,2283,238,243205
QAP,2284,238,243315
QAP,2285,238,243425
QAP,2286,238,243535
QAP,2287,238,243645
QAP,2288,238,243739
QAP,2289,238,243848
QAP,2290,238,243958
QAP,2291,238,244067
QAP,2292,238,244177
QAP,2293,238,244271
QAP,2294,238,244381
QAP,2295,238,244490
QAP,2296,238,244600
QAP,2297,238,244694
QAP,2298,238,244803
QAP,2299,238,244914
QAP,2300,238,245023
QAP,2301,238,245133
QAP,2302,238,245227
QAP,2303,238,245336
QAP,2304,238,245446
QAP,2305,238,245556
QAP,2306,238,245666
QAP,2307,238,245775
QAP,2308,238,245869
QAP,2309,238,245979
QAP,2310,238,246088
QAP,2311,238,246202
QAP,2312,238,246308
QAP,2313,238,246402
QAP,2314,238,246512
QAP,2315,238,246622
QAP,2316,238,246731
QAP,2317,238,246825
QAP,2318,238,246935
QAP,2319,238,247044
QAP,2320,238,247154
QAP,2321,238,247264
QAP,2322,238,247358
QAP,2323,238,247468
QAP,2324,238,247578
QAP,2325,238,247688
QAP,2326,238,247798
QAP,2327,238,247904
QAP,2328,238,248011
QAP,2329,238,248118
QAP,2330,238,248226
QAP,2331,238,248334
QAP,2332,238,248439
QAP,2333,238,248547
QAP,2334,238,248654
QAP,2335,238,248761
QAP,2336,238,248868
QAP,2337,238,248973
QAP,2338,238,249080
QAP,2339,238,249187
QAP,2340,238,249297
QAP,2341,238,249392
QAP,2342,238,249502
QAP,2343,238,249612
QAP,2344,238,249722
QAP,2345,238,249816
QAP,2346,238,249935
QAP,2347,238,250043
QAP,2348,238,250150
QAP,2349,238,250257
QAP,2350,238,250364
QAP,2351,238,250463
QAP,2352,238,250573
QAP,2353,238,250668
QAP,2354,238,250778
QAP,2355,238,250887
QAP,2356,238,250997
QAP,2357,238,251092
QAP,2358,238,251202
QAP,2359,238,251312
QAP,2360,238,251422
QAP,2361,238,251516
QAP,2362,238,251626
QAP,2363,238,251736
QAP,2364,238,251846
QAP,2365,238,251956
QAP,2366,238,252050
QAP,2367,238,252160
QAP,2368,238,252270
QAP,2369,238,252380
QAP,2370,238,252474
QAP,2371,238,252584
QAP,2372,238,252694
QAP,2373,238,252804
QAP,2374,238,252914
QAP,2375,238,253016
QAP,2376,238,253118
QAP,2377,238,253228
QAP,2378,238,253338
QAP,2379,238,253448
QAP,2380,238,253542
QAP,2381,238,253652
QAP,2382,238,253762
QAP,2383,238,253872
QAP,2384,238,253982
QAP,2385,238,254076
QAP,2386,238,254186
QAP,2387,238,254295
QAP,2388,238,254405
QAP,2389,238,254499
QAP,2390,238,254609
QAP,2391,238,254719
QAP,2392,238,254829
QAP,2393,238,254938
QAP,2394,238,255032
QAP,2395,238,255142
QAP,2396,238,255251
QAP,2397,238,255361
QAP,2398,238,255455
QAP,2399,238,255565
QAP,2400,238,255675
QAP,2401,238,255785
QAP,2402,238,255894
QAP,2403,238,255988
QAP,2404,238,256098
QAP,2405,238,256208
QAP,2406,238,256318
QAP,2407,238,256427
QAP,2408,238,256521
QAP,2409,238,256631
QAP,2410,238,256741
QAP,2411,238,256850
QAP,2412,238,256960
QAP,2413,238,257055
QAP,2414,238,257165
QAP,2415,238,257275
QAP,2416,238,257385
QAP,2417,238,257494
QAP,2418,238,257604
QAP,2419,238,257699
QAP,2420,238,257809
QAP,2421,238,257919
QAP,2422,238,258029
QAP,2423,238,258123
QAP,2424,238,258233
QAP,2425,238,258343
QAP,2426,238,258458
QAP,2427,238,258563
QAP,2428,238,258673
QAP,2429,238,258768
QAP,2430,238,258878
QAP,2431,238,258988
QAP,2432,238,259098
QAP,2433,238,259192
QAP,2434,238,259302
QAP,2435,238,259412
QAP,2436,238,259521
QAP,2437,238,259616
QAP,2438,238,259726
QAP,2439,238,259836
QAP,2440,238,259946
QAP,2441,238,260056
QAP,2442,238,260150
QAP,2443,238,260259
QAP,2444,238,260369
QAP,2445,238,260479
QAP,2446,238,260588
QAP,2447,238,260682
QAP,2448,238,260792
QAP,2449,238,260902
QAP,2450,238,261011
QAP,2451,238,261105
QAP,2452,238,261216
QAP,2453,238,261325
QAP,2454,238,261435
QAP,2455,238,261545
QAP,2456,238,261639
QAP,2457,238,261749
QAP,2458,238,261859
QAP,2459,238,261968
QAP,2460,238,262062
QAP,2461,238,262172
QAP,2462,238,262282
QAP,2463,238,262392
QAP,2464,238,262501
QAP,2465,238,262596
QAP,2466,238,262706
QAP,2467,238,262815
QAP,2468,238,262925
QAP,2469,238,263019
QAP,2470,238,263129
QAP,2471,238,263239
QAP,2472,238,263349
QAP,2473,238,263459
QAP,2474,238,263553
QAP,2475,238,263662
QAP,2476,238,263772
QAP,2477,238,263882
QAP,2478,238,263976
QAP,2479,238,264086
QAP,2480,238,264196
QAP,2481,238,264306
QAP,2482,238,264415
QAP,2483,238,264509
QAP,2484,238,264619
QAP,2485,238,264728
QAP,2486,238,264838
QAP,2487,238,264947
QAP,2488,238,265041
QAP,2489,238,265151
QAP,2490,238,265261
QAP,2491,238,265371
QAP,2492,238,265465
QAP,2493,238,265574
QAP,2494,238,265684
QAP,2495,238,265794
QAP,2496,238,265904
QAP,2497,238,265998
QAP,2498,238,266108
QAP,2499,238,266218
QAP,2500,238,266328
QAP,2501,238,266437
QAP,2502,238,266531
QAP,2503,238,266649
QAP,2504,238,266751
QAP,2505,238,266861
QAP,2506,238,266955
QAP,2507,238,267065
QAP,2508,238,267175
QAP,2509,238,267285
QAP,2510,238,267379
QAP,2511,238,267489
QAP,2512,238,267599
QAP,2513,238,267709
QAP,2514,238,267804
QAP,2515,238,267914
QAP,2516,238,268024
QAP,2517,238,268134
QAP,2518,238,268244
QAP,2519,238,268338
QAP,2520,238,268448
QAP,2521,238,268558
QAP,2522,238,268667
QAP,2523,238,268762
QAP,2524,238,268872
QAP,2525,238,268982
QAP,2526,238,269092
QAP,2527,238,269186
QAP,2528,238,269296
QAP,2529,238,269406
QAP,2530,238,269516
QAP,2531,238,269626
QAP,2532,238,269720
QAP,2533,238,269831
QAP,2534,238,269941
QAP,2535,238,270051
QAP,2536,238,270145
QAP,2537,238,270255
QAP,2538,238,270364
QAP,2539,238,270474
QAP,2540,238,270569
QAP,2541,238,270679
QAP,2542,238,270789
QAP,2543,238,270899
QAP,2544,238,271009
QAP,2545,238,271103
QAP,2546,238,271213
QAP,2547,238,271323
QAP,2548,238,271433
QAP,2549,238,271528
QAP,2550,238,271638
QAP,2551,238,271748
QAP,2552,238,271858
QAP,2553,238,271952
QAP,2554,238,272062
QAP,2555,238,272172
QAP,2556,238,272281
QAP,2557,238,272391
QAP,2558,238,272486
QAP,2559,238,272596
QAP,2560,238,272706
QAP,2561,238,272816
QAP,2562,238,272911
QAP,2563,238,273020
QAP,2564,238,273130
QAP,2565,238,273240
QAP,2566,238,273350
QAP,2567,238,273444
QAP,2568,238,273554
QAP,2569,238,273664
QAP,2570,238,273774
QAP,2571,238,273884
QAP,2572,238,273978
QAP,2573,238,274088
QAP,2574,238,274199
QAP,2575,238,274309
QAP,2576,238,274418
QAP,2577,238,274512
QAP,2578,238,274622
QAP,2579,238,274732
QAP,2580,238,274842
QAP,2581,238,274936
QAP,2582,238,275046
QAP,2583,238,275156
QAP,2584,238,275266
QAP,2585,238,275377
QAP,2586,238,275471
QAP,2587,238,275581
QAP,2588,238,275691
QAP,2589,238,275801
QAP,2590,238,275895
QAP,2591,238,276005
QAP,2592,238,276115
QAP,2593,238,276225
QAP,2594,238,276319
QAP,2595,238,276429
QAP,2596,238,276539
QAP,2597,238,276649
QAP,2598,238,276759
QAP,2599,238,276854
QAP,2600,238,276964
QAP,2601,238,277074
QAP,2602,238,277184
QAP,2603,238,277278
QAP,2604,238,277388
QAP,2605,238,277498
QAP,2606,238,277608
QAP,2607,238,277718
QAP,2608,238,277813
QAP,2609,238,277923
QAP,2610,238,278033
QAP,2611,238,278143
QAP,2612,238,278253
QAP,2613,238,278347
QAP,2614,238,278457
QAP,2615,238,278567
QAP,2616,238,278677
QAP,2617,238,278772
QAP,2618,238,278882
QAP,2619,238,278992
QAP,2620,238,279102
QAP,2621,238,279196
QAP,2622,238,279306
QAP,2623,238,279416
QAP,2624,238,279526
QAP,2625,238,279621
QAP,2626,238,279731
QAP,2627,238,279841
QAP,2628,238,279951
QAP,2629,238,280045
QAP,2630,238,280155
QAP,2631,238,280272
QAP,2632,238,280375
QAP,2633,238,280485
QAP,2634,238,280579
QAP,2635,238,280689
QAP,2636,238,280799
QAP,2637,238,280909
QAP,2638,238,281003
QAP,2639,238,281113
QAP,2640,238,281223
QAP,2641,238,281333
QAP,2642,238,281443
QAP,2643,238,281537
QAP,2644,238,281647
QAP,2645,238,281758
QAP,2646,238,281867
QAP,2647,238,281962
QAP,2648,238,282072
QAP,2649,238,282182
QAP,2650,238,282292
QAP,2651,238,282386
QAP,2652,238,282496
QAP,2653,238,282606
QAP,2654,238,282716
QAP,2655,238,282810
QAP,2656,238,282920
QAP,2657,238,283030
QAP,2658,238,283144
QAP,2659,238,283251
QAP,2660,238,283343
QAP,2661,238,283453
QAP,2662,238,283563
QAP,2663,238,283673
QAP,2664,238,283767
QAP,2665,238,283877
QAP,2666,238,283988
QAP,2667,238,284098
QAP,2668,238,284192
QAP,2669,238,284302
QAP,2670,238,284412
QAP,2671,238,284521
QAP,2672,238,284631
QAP,2673,238,284726
QAP,2674,238,284836
QAP,2675,238,284946
QAP,2676,238,285041
QAP,2677,238,285151
QAP,2678,238,285261
QAP,2679,238,285371
QAP,2680,238,285481
QAP,2681,238,285575
QAP,2682,238,285685
QAP,2683,238,285796
QAP,2684,238,285906
QAP,2685,238,286000
QAP,2686,238,286110
QAP,2687,238,286220
QAP,2688,238,286330
QAP,2689,238,286424
QAP,2690,238,286534
QAP,2691,238,286644
QAP,2692,238,286754
QAP,2693,238,286864
QAP,2694,238,286974
QAP,2695,238,287068
QAP,2696,238,287178
QAP,2697,238,287288
QAP,2698,238,287401
QAP,2699,238,287509
QAP,2700,238,287615
QAP,2701,238,287722
QAP,2702,238,287829
QAP,2703,238,287935
QAP,2704,238,288040
QAP,2705,238,288148
QAP,2706,238,288254
QAP,2707,238,288362
QAP,2708,238,288469
QAP,2709,238,288574
QAP,2710,238,288680
QAP,2711,238,288786
QAP,2712,238,288893
QAP,2713,238,288999
QAP,2714,238,289106
QAP,2715,238,289212
QAP,2716,238,289319
QAP,2717,238,289425
QAP,2718,238,289532
QAP,2719,238,289638
QAP,2720,238,289745
QAP,2721,238,289851
QAP,2722,238,289957
QAP,2723,238,290063
QAP,2724,238,290172
QAP,2725,238,290278
QAP,2726,238,290383
QAP,2727,238,290490
QAP,2728,238,290596
QAP,2729,238,290702
QAP,2730,238,290810
QAP,2731,238,290914
QAP,2732,238,291008
QAP,2733,238,291118
QAP,2734,238,291228
QAP,2735,238,291338
QAP,2736,238,291448
QAP,2737,238,291543
QAP,2738,238,291653
QAP,2739,238,291763
QAP,2740,238,291873
QAP,2741,238,291967
QAP,2742,238,292077
QAP,2743,238,292187
QAP,2744,238,292297
QAP,2745,238,292391
QAP,2746,238,292502
QAP,2747,238,292612
QAP,2748,238,292722
QAP,2749,238,292816
QAP,2750,238,292926
QAP,2751,238,293036
QAP,2752,238,293146
QAP,2753,238,293240
QAP,2754,238,293350
QAP,2755,238,293460
QAP,2756,238,293570
QAP,2757,238,293664
QAP,2758,238,293774
QAP,2759,238,293884
QAP,2760,238,293994
QAP,2761,238,294104
QAP,2762,238,294198
QAP,2763,238,294308
QAP,2764,238,294418
QAP,2765,238,294529
QAP,2766,238,294623
QAP,2767,238,294733
QAP,2768,238,294843
QAP,2769,238,294953
QAP,2770,238,295063
QAP,2771,238,295157
QAP,2772,238,295267
QAP,2773,238,295377
QAP,2774,238,295487
QAP,2775,238,295581
QAP,2776,238,295691
QAP,2777,238,295801
QAP,2778,238,295911
QAP,2779,238,296005
QAP,2780,238,296116
QAP,2781,238,296226
QAP,2782,238,296336
QAP,2783,238,296431
QAP,2784,238,296541
QAP,2785,238,296651
QAP,2786,238,296761
QAP,2787,238,296856
QAP,2788,238,296966
QAP,2789,238,297076
QAP,2790,238,297186
QAP,2791,238,297280
QAP,2792,238,297390
QAP,2793,238,297500
QAP,2794,238,297610
QAP,2795,238,297704
QAP,2796,238,297814
QAP,2797,238,297924
QAP,2798,238,298034
QAP,2799,238,298128
QAP,2800,238,298239
QAP,2801,238,298348
QAP,2802,238,298459
QAP,2803,238,298553
QAP,2804,238,298663
QAP,2805,238,298773
QAP,2806,238,298883
QAP,2807,238,298993
QAP,2808,238,299087
QAP,2809,238,299197
QAP,2810,238,299307
QAP,2811,238,299417
QAP,2812,238,299512
QAP,2813,238,299622
QAP,2814,238,299732
QAP,2815,238,299842
QAP,2816,238,299952
QAP,2817,238,300046
QAP,2818,238,300156
QAP,2819,238,300266
QAP,2820,238,300376
QAP,2821,238,300470
QAP,2822,238,300580
QAP,2823,238,300690
QAP,2824,238,300800
QAP,2825,238,300894
QAP,2826,238,301004
QAP,2827,238,301114
QAP,2828,238,301224
QAP,2829,238,301334
QAP,2830,238,301428
QAP,2831,238,301538
QAP,2832,238,301648
QAP,2833,238,301758
QAP,2834,238,301868
QAP,2835,238,301963
QAP,2836,238,302072
QAP,2837,238,302182
QAP,2838,238,302292
QAP,2839,238,302402
QAP,2840,238,302496
QAP,2841,238,302606
QAP,2842,238,302716
QAP,2843,238,302826
QAP,2844,238,302920
QAP,2845,238,303030
QAP,2846,238,303140
QAP,2847,238,303250
QAP,2848,238,303360
QAP,2849,238,303454
QAP,2850,238,303564
QAP,2851,238,303674
QAP,2852,238,303784
QAP,2853,238,303879
QAP,2854,238,303989
QAP,2855,238,304098
QAP,2856,238,304208
QAP,2857,238,304319
QAP,2858,238,304413
QAP,2859,238,304523
QAP,2860,238,304633
QAP,2861,238,304742
QAP,2862,238,304837
QAP,2863,238,304947
QAP,2864,238,305057
QAP,2865,238,305167
QAP,2866,238,305261
QAP,2867,238,305371
QAP,2868,238,305481
QAP,2869,238,305591
QAP,2870,238,305701
QAP,2871,238,305810
QAP,2872,238,305904
QAP,2873,238,306014
QAP,2874,238,306124
QAP,2875,238,306234
QAP,2876,238,306328
QAP,2877,238,306437
QAP,2878,238,306547
QAP,2879,238,306657
QAP,2880,238,306766
QAP,2881,238,306860
QAP,2882,238,306970
QAP,2883,238,307079
QAP,2884,238,307189
QAP,2885,238,307299
QAP,2886,238,307393
QAP,2887,238,307502
QAP,2888,238,307612
QAP,2889,238,307722
QAP,2890,238,307831
QAP,2891,238,307926
QAP,2892,238,308035
QAP,2893,238,308145
QAP,2894,238,308255
QAP,2895,238,308364
QAP,2896,238,308474
QAP,2897,238,308581
QAP,2898,238,308687
QAP,2899,238,308793
QAP,2900,238,308902
QAP,2901,238,309008
QAP,2902,238,309115
QAP,2903,238,309221
QAP,2904,238,309328
QAP,2905,238,309434
QAP,2906,238,309540
QAP,2907,238,309647
QAP,2908,238,309753
QAP,2909,238,309858
QAP,2910,238,309965
QAP,2911,238,310070
QAP,2912,238,310178
QAP,2913,238,310285
QAP,2914,238,310391
QAP,2915,238,310496
QAP,2916,238,310603
QAP,2917,238,310709
QAP,2918,238,310816
QAP,2919,238,310922
QAP,2920,238,311029
QAP,2921,238,311136
QAP,2922,238,311243
QAP,2923,238,311350
QAP,2924,238,311455
QAP,2925,238,311561
QAP,2926,238,311669
QAP,2927,238,311774
QAP,2928,238,311881
QAP,2929,238,311987
QAP,2930,238,312095
QAP,2931,238,312200
QAP,2932,238,312308
QAP,2933,238,312413
QAP,2934,238,312520
QAP,2935,238,312628
QAP,2936,238,312735
QAP,2937,238,312841
QAP,2938,238,312949
QAP,2939,238,313055
QAP,2940,238,313160
QAP,2941,238,313268
QAP,2942,238,313374
QAP,2943,238,313480
QAP,2944,238,313587
QAP,2945,238,313694
QAP,2946,238,313801
QAP,2947,238,313907
QAP,2948,238,314013
QAP,2949,238,314119
QAP,2950,238,314226
QAP,2951,238,314327
QAP,2952,238,314437
QAP,2953,238,314547
QAP,2954,238,314642
QAP,2955,238,314752
QAP,2956,238,314862
QAP,2957,238,314972
QAP,2958,238,315066
QAP,2959,238,315176
QAP,2960,238,315286
QAP,2961,238,315396
QAP,2962,238,315506
QAP,2963,238,315600
QAP,2964,238,315718
QAP,2965,238,315820
QAP,2966,238,315930
QAP,2967,238,316024
QAP,2968,238,316134
QAP,2969,238,316244
QAP,2970,238,316354
QAP,2971,238,316448
QAP,2972,238,316558
QAP,2973,238,316668
QAP,2974,238,316778
QAP,2975,238,316873
QAP,2976,238,316983
QAP,2977,238,317093
QAP,2978,238,317203
QAP,2979,238,317313
QAP,2980,238,317407
QAP,2981,238,317516
QAP,2982,238,317627
QAP,2983,238,317736
QAP,2984,238,317831
QAP,2985,238,317940
QAP,2986,238,318050
QAP,2987,238,318161
QAP,2988,238,318255
QAP,2989,238,318365
QAP,2990,238,318475
QAP,2991,238,318585
QAP,2992,238,318679
QAP,2993,238,318789
QAP,2994,238,318899
QAP,2995,238,319009
QAP,2996,238,319119
QAP,2997,238,319213
QAP,2998,238,319323
QAP,2999,238,319438
QAP,3000,238,319544
QAP,3001,238,319650
QAP,3002,238,319757
QAP,3003,238,319865
QAP,3004,238,319971
QAP,3005,238,320064
QAP,3006,238,320174
QAP,3007,238,320284
QAP,3008,238,320394
QAP,3009,238,320503
QAP,3010,238,320597
QAP,3011,238,320707
QAP,3012,238,320816
QAP,3013,238,320926
QAP,3014,238,321036
QAP,3015,238,321130
QAP,3016,238,321239
QAP,3017,238,321349
QAP,3018,238,321459
QAP,3019,238,321553
QAP,3020,238,321663
QAP,3021,238,321772
QAP,3022,238,321882
QAP,3023,238,321976
QAP,3024,238,322086
QAP,3025,238,322196
QAP,3026,238,322305
QAP,3027,238,322415
QAP,3028,238,322509
QAP,3029,238,322619
QAP,3030,238,322729
QAP,3031,238,322838
QAP,3032,238,322948
QAP,3033,238,323042
QAP,3034,238,323152
QAP,3035,238,323262
QAP,3036,238,323371
QAP,3037,238,323465
QAP,3038,238,323575
QAP,3039,238,323685
QAP,3040,238,323794
QAP,3041,238,323896
QAP,3042,238,323998
QAP,3043,238,324108
QAP,3044,238,324218
QAP,3045,238,324327
QAP,3046,238,324422
QAP,3047,238,324531
QAP,3048,238,324641
QAP,3049,238,324751
QAP,3050,238,324860
QAP,3051,238,324954
QAP,3052,238,325065
QAP,3053,238,325174
QAP,3054,238,325284
QAP,3055,238,325379
QAP,3056,238,325488
QAP,3057,238,325598
QAP,3058,238,325708
QAP,3059,238,325818
QAP,3060,238,325912
QAP,3061,238,326022
QAP,3062,238,326132
QAP,3063,238,326242
QAP,3064,238,326336
QAP,3065,238,326446
QAP,3066,238,326556
QAP,3067,238,326666
QAP,3068,238,326760
QAP,3069,238,326870
QAP,3070,238,326980
QAP,3071,238,327089
QAP,3072,238,327199
QAP,3073,238,327294
QAP,3074,238,327404
QAP,3075,238,327514
QAP,3076,238,327624
QAP,3077,238,327718
QAP,3078,238,327828
QAP,3079,238,327938
QAP,3080,238,328048
QAP,3081,238,328158
QAP,3082,238,328253
QAP,3083,238,328363
QAP,3084,238,328473
QAP,3085,238,328583
QAP,3086,238,328677
QAP,3087,238,328787
QAP,3088,238,328897
QAP,3089,238,329007
QAP,3090,238,329102
QAP,3091,238,329212
QAP,3092,238,329322
QAP,3093,238,329432
QAP,3094,238,329526
QAP,3095,238,329636
QAP,3096,238,329759
QAP,3097,238,329867
QAP,3098,238,329966
QAP,3099,238,330076
QAP,3100,238,330186
QAP,3101,238,330295
QAP,3102,238,330389
QAP,3103,238,330499
QAP,3104,238,330608
QAP,3105,238,330719
QAP,3106,238,330828
QAP,3107,238,330923
QAP,3108,238,331033
QAP,3109,238,331143
QAP,3110,238,331253
QAP,3111,238,331347
QAP,3112,238,331456
QAP,3113,238,331567
QAP,3114,238,331676
QAP,3115,238,331786
QAP,3116,238,331881
QAP,3117,238,331991
QAP,3118,238,332101
QAP,3119,238,332211
QAP,3120,238,332321
QAP,3121,238,332415
QAP,3122,238,332525
QAP,3123,238,332635
QAP,3124,238,332745
QAP,3125,238,332839
QAP,3126,238,332949
QAP,3127,238,333059
QAP,3128,238,333169
QAP,3129,238,333279
QAP,3130,238,333374
QAP,3131,238,333483
QAP,3132,238,333593
QAP,3133,238,333703
QAP,3134,238,333797
QAP,3135,238,333907
QAP,3136,238,334017
QAP,3137,238,334128
QAP,3138,238,334238
QAP,3139,238,334332
QAP,3140,238,334442
QAP,3141,238,334552
QAP,3142,238,334662
QAP,3143,238,334756
QAP,3144,238,334866
QAP,3145,238,334976
QAP,3146,238,335086
QAP,3147,238,335180
QAP,3148,238,335290
QAP,3149,238,335400
QAP,3150,238,335510
QAP,3151,238,335620
QAP,3152,238,335714
QAP,3153,238,335825
QAP,3154,238,335934
QAP,3155,238,336044
QAP,3156,238,336139
QAP,3157,238,336249
QAP,3158,238,336359
QAP,3159,238,336469
QAP,3160,238,336563
QAP,3161,238,336673
QAP,3162,238,336783
QAP,3163,238,336893
QAP,3164,238,336987
QAP,3165,238,337097
QAP,3166,238,337207
QAP,3167,238,337316
QAP,3168,238,337411
QAP,3169,238,337529
QAP,3170,238,337631
QAP,3171,238,337741
QAP,3172,238,337835
QAP,3173,238,337956
QAP,3174,238,338061
QAP,3175,238,338169
QAP,3176,238,338275
QAP,3177,238,338381
QAP,3178,238,338487
QAP,3179,238,338594
QAP,3180,238,338699
QAP,3181,238,338807
QAP,3182,238,338914
QAP,3183,238,339020
QAP,3184,238,339126
QAP,3185,238,339233
QAP,3186,238,339341
QAP,3187,238,339447
QAP,3188,238,339553
QAP,3189,238,339659
QAP,3190,238,339766
QAP,3191,238,339871
QAP,3192,238,339965
QAP,3193,238,340075
QAP,3194,238,340185
QAP,3195,238,340296
QAP,3196,238,340406
QAP,3197,238,340500
QAP,3198,238,340610
QAP,3199,238,340720
QAP,3200,238,340830
QAP,3201,238,340924
QAP,3202,238,341035
QAP,3203,238,341144
QAP,3204,238,341255
QAP,3205,238,341349
QAP,3206,238,341459
QAP,3207,238,341569
QAP,3208,238,341679
QAP,3209,238,341789
QAP,3210,238,341883
QAP,3211,238,341993
QAP,3212,238,342103
QAP,3213,238,342213
QAP,3214,238,342308
QAP,3215,238,342417
QAP,3216,238,342527
QAP,3217,238,342637
QAP,3218,238,342732
QAP,3219,238,342842
QAP,3220,238,342952
QAP,3221,238,343062
QAP,3222,238,343172
QAP,3223,238,343266
QAP,3224,238,343376
QAP,3225,238,343486
QAP,3226,238,343596
QAP,3227,238,343705
QAP,3228,238,343799
QAP,3229,238,343909
QAP,3230,238,344019
QAP,3231,238,344129
QAP,3232,238,344239
QAP,3233,238,344342
QAP,3234,238,344443
QAP,3235,238,344553
QAP,3236,238,344663
QAP,3237,238,344757
QAP,3238,238,344867
QAP,3239,238,344976
QAP,3240,238,345086
QAP,3241,238,345196
QAP,3242,238,345290
QAP,3243,238,345400
QAP,3244,238,345509
QAP,3245,238,345619
QAP,3246,238,345729
QAP,3247,238,345823
QAP,3248,238,345933
QAP,3249,238,346042
QAP,3250,238,346152
QAP,3251,238,346262
QAP,3252,238,346356
QAP,3253,238,346466
QAP,3254,238,346575
QAP,3255,238,346685
QAP,3256,238,346795
QAP,3257,238,346889
QAP,3258,238,346998
QAP,3259,238,347108
QAP,3260,238,347219
QAP,3261,238,347328
QAP,3262,238,347422
QAP,3263,238,347532
QAP,3264,238,347642
QAP,3265,238,347752
QAP,3266,238,347861
QAP,3267,238,347955
QAP,3268,238,348065
QAP,3269,238,348175
QAP,3270,238,348284
QAP,3271,238,348394
QAP,3272,238,348488
QAP,3273,238,348599
QAP,3274,238,348708
QAP,3275,238,348818
QAP,3276,238,348913
QAP,3277,238,349023
QAP,3278,238,349133
QAP,3279,238,349243
QAP,3280,238,349337
QAP,3281,238,349447
QAP,3282,238,349557
QAP,3283,238,349667
QAP,3284,238,349777
QAP,3285,238,349871
QAP,3286,238,349981
QAP,3287,238,350091
QAP,3288,238,350202
QAP,3289,238,350296
QAP,3290,238,350406
QAP,3291,238,350516
QAP,3292,238,350626
QAP,3293,238,350736
QAP,3294,238,350830
QAP,3295,238,350940
QAP,3296,238,351050
QAP,3297,238,351160
QAP,3298,238,351254
QAP,3299,238,351364
QAP,3300,238,351479
QAP,3301,238,351584
QAP,3302,238,351694
QAP,3303,238,351788
QAP,3304,238,351898
QAP,3305,238,352008
QAP,3306,238,352118
QAP,3307,238,352212
QAP,3308,238,352322
QAP,3309,238,352433
QAP,3310,238,352543
QAP,3311,238,352653
QAP,3312,238,352747
QAP,3313,238,352857
QAP,3314,238,352967
QAP,3315,238,353077
QAP,3316,238,353171
QAP,3317,238,353282
QAP,3318,238,353391
QAP,3319,238,353501
QAP,3320,238,353596
QAP,3321,238,353706
QAP,3322,238,353816
QAP,3323,238,353926
QAP,3324,238,354020
QAP,3325,238,354130
QAP,3326,238,354240
QAP,3327,238,354350
QAP,3328,238,354460
QAP,3329,238,354555
QAP,3330,238,354665
QAP,3331,238,354775
QAP,3332,238,354885
QAP,3333,238,354979
QAP,3334,238,355089
QAP,3335,238,355199
QAP,3336,238,355310
QAP,3337,238,355420
QAP,3338,238,355514
QAP,3339,238,355632
QAP,3340,238,355735
QAP,3341,238,355845
QAP,3342,238,355939
QAP,3343,238,356049
QAP,3344,238,356159
QAP,3345,238,356269
QAP,3346,238,356363
QAP,3347,238,356473
QAP,3348,238,356583
QAP,3349,238,356693
QAP,3350,238,356803
QAP,3351,238,356897
QAP,3352,238,357007
QAP,3353,238,357117
QAP,3354,238,357227
QAP,3355,238,357337
QAP,3356,238,357431
QAP,3357,238,357542
QAP,3358,238,357652
QAP,3359,238,357762
QAP,3360,238,357856
QAP,3361,238,357974
QAP,3362,238,358075
QAP,3363,238,358185
QAP,3364,238,358295
QAP,3365,238,358405
QAP,3366,238,358499
QAP,3367,238,358609
QAP,3368,238,358720
QAP,3369,238,358830
QAP,3370,238,358940
QAP,3371,238,359034
QAP,3372,238,359144
QAP,3373,238,359254
QAP,3374,238,359364
QAP,3375,238,359462
QAP,3376,238,359568
QAP,3377,238,359679
QAP,3378,238,359789
QAP,3379,238,359883
QAP,3380,238,359994
QAP,3381,238,360104
QAP,3382,238,360214
QAP,3383,238,360324
QAP,3384,238,360418
QAP,3385,238,360528
QAP,3386,238,360638
QAP,3387,238,360748
QAP,3388,238,360842
QAP,3389,238,360952
QAP,3390,238,361062
QAP,3391,238,361172
QAP,3392,238,361266
QAP,3393,238,361377
QAP,3394,238,361487
QAP,3395,238,361596
QAP,3396,238,361691
QAP,3397,238,361801
QAP,3398,238,361911
QAP,3399,238,362021
QAP,3400,238,362131
QAP,3401,238,362225
QAP,3402,238,362335
QAP,3403,238,362445
QAP,3404,238,362555
QAP,3405,238,362649
QAP,3406,238,362759
QAP,3407,238,362869
QAP,3408,238,362979
QAP,3409,238,363074
QAP,3410,238,363184
QAP,3411,238,363294
QAP,3412,238,363404
QAP,3413,238,363498
QAP,3414,238,363608
QAP,3415,238,363718
QAP,3416,238,363828
QAP,3417,238,363923
QAP,3418,238,364032
QAP,3419,238,364142
QAP,3420,238,364252
QAP,3421,238,364362
QAP,3422,238,364457
QAP,3423,238,364567
QAP,3424,238,364677
QAP,3425,238,364786
QAP,3426,238,364881
QAP,3427,238,364991
QAP,3428,238,365101
QAP,3429,238,365211
QAP,3430,238,365305
QAP,3431,238,365415
QAP,3432,238,365525
QAP,3433,238,365635
QAP,3434,238,365729
QAP,3435,238,365839
QAP,3436,238,365949
QAP,3437,238,366059
QAP,3438,238,366162
QAP,3439,238,366264
QAP,3440,238,366373
QAP,3441,238,366483
QAP,3442,238,366593
QAP,3443,238,366687
QAP,3444,238,366797
QAP,3445,238,366906
QAP,3446,238,367016
QAP,3447,238,367111
QAP,3448,238,367220
QAP,3449,238,367330
QAP,3450,238,367440
QAP,3451,238,367550
QAP,3452,238,367644
QAP,3453,238,367754
QAP,3454,238,367864
QAP,3455,238,367974
QAP,3456,238,368068
QAP,3457,238,368178
QAP,3458,238,368288
QAP,3459,238,368398
QAP,3460,238,368493
QAP,3461,238,368603
QAP,3462,238,368713
QAP,3463,238,368823
QAP,3464,238,368918
QAP,3465,238,369027
QAP,3466,238,369138
QAP,3467,238,369247
QAP,3468,238,369342
QAP,3469,238,369451
QAP,3470,238,369561
QAP,3471,238,369671
QAP,3472,238,369781
QAP,3473,238,369875
QAP,3474,238,369985
QAP,3475,238,370095
QAP,3476,238,370205
QAP,3477,238,370315
QAP,3478,238,370409
QAP,3479,238,370519
QAP,3480,238,370629
QAP,3481,238,370739
QAP,3482,238,370833
QAP,3483,238,370943
QAP,3484,238,371053
QAP,3485,238,371163
QAP,3486,238,371258
QAP,3487,238,371368
QAP,3488,238,371478
QAP,3489,238,371588
QAP,3490,238,371682
QAP,3491,238,371792
QAP,3492,238,371902
QAP,3493,238,372011
QAP,3494,238,372105
QAP,3495,238,372215
QAP,3496,238,372325
QAP,3497,238,372435
QAP,3498,238,372545
QAP,3499,238,372639
QAP,3500,238,372749
QAP,3501,238,372859
QAP,3502,238,372969
QAP,3503,238,373063
QAP,3504,238,373173
QAP,3505,238,373283
QAP,3506,238,373393
QAP,3507,238,373487
QAP,3508,238,373597
QAP,3509,238,373707
QAP,3510,238,373818
QAP,3511,238,373928
QAP,3512,238,374022
QAP,3513,238,374132
QAP,3514,238,374242
QAP,3515,238,374352
QAP,3516,238,374446
QAP,3517,238,374556
QAP,3518,238,374666
QAP,3519,238,374776
QAP,3520,238,374886
QAP,3521,238,374981
QAP,3522,238,375091
QAP,3523,238,375201
QAP,3524,238,375311
QAP,3525,238,375421
QAP,3526,238,375515
QAP,3527,238,375625
QAP,3528,238,375735
QAP,3529,238,375845
QAP,3530,238,375939
QAP,3531,238,376049
QAP,3532,238,376159
QAP,3533,238,376269
QAP,3534,238,376379
QAP,3535,238,376473
QAP,3536,238,376583
QAP,3537,238,376693
QAP,3538,238,376803
QAP,3539,238,376897
QAP,3540,238,377008
QAP,3541,238,377117
QAP,3542,238,377227
QAP,3543,238,377321
QAP,3544,238,377431
QAP,3545,238,377541
QAP,3546,238,377651
QAP,3547,238,377746
QAP,3548,238,377856
QAP,3549,238,377966
QAP,3550,238,378076
QAP,3551,238,378186
QAP,3552,238,378280
QAP,3553,238,378390
QAP,3554,238,378500
QAP,3555,238,378610
QAP,3556,238,378704
QAP,3557,238,378813
QAP,3558,238,378923
QAP,3559,238,379032
QAP,3560,238,379142
QAP,3561,238,379236
QAP,3562,238,379346
QAP,3563,238,379455
QAP,3564,238,379565
QAP,3565,238,379675
QAP,3566,238,379769
QAP,3567,238,379879
QAP,3568,238,379989
QAP,3569,238,380098
QAP,3570,238,380208
QAP,3571,238,380302
QAP,3572,238,380412
QAP,3573,238,380522
QAP,3574,238,380631
QAP,3575,238,380741
QAP,3576,238,380835
QAP,3577,238,380944
QAP,3578,238,381054
QAP,3579,238,381164
QAP,3580,238,381273
QAP,3581,238,381367
QAP,3582,238,381477
QAP,3583,238,381587
QAP,3584,238,381696
QAP,3585,238,381806
QAP,3586,238,381900
QAP,3587,238,382010
QAP,3588,238,382119
QAP,3589,238,382229
QAP,3590,238,382324
QAP,3591,238,382433
QAP,3592,238,382543
QAP,3593,238,382653
QAP,3594,238,382763
QAP,3595,238,382857
QAP,3596,238,382967
QAP,3597,238,383076
QAP,3598,238,383186
QAP,3599,238,383296
QAP,3600,238,383406
QAP,3601,238,383500
QAP,3602,238,383609
QAP,3603,238,383719
QAP,3604,238,383828
QAP,3605,238,383938
QAP,3606,238,384032
QAP,3607,238,384142
QAP,3608,238,384252
QAP,3609,238,384362
QAP,3610,238,384456
QAP,3611,238,384566
QAP,3612,238,384676
QAP,3613,238,384786
QAP,3614,238,384896
QAP,3615,238,385003
QAP,3616,238,385109
QAP,3617,238,385215
QAP,3618,238,385322
QAP,3619,238,385428
QAP,3620,238,385536
QAP,3621,238,385642
QAP,3622,238,385748
QAP,3623,238,385854
QAP,3624,238,385962
QAP,3625,238,386069
QAP,3626,238,386174
QAP,3627,238,386282
QAP,3628,238,386388
QAP,3629,238,386495
QAP,3630,238,386600
QAP,3631,238,386706
QAP,3632,238,386803
QAP,3633,238,386913
QAP,3634,238,387022
QAP,3635,238,387132
QAP,3636,238,387241
QAP,3637,238,387335
QAP,3638,238,387445
QAP,3639,238,387555
QAP,3640,238,387664
QAP,3641,238,387774
QAP,3642,238,387884
QAP,3643,238,387978
QAP,3644,238,388088
QAP,3645,238,388198
QAP,3646,238,388307
QAP,3647,238,388401
QAP,3648,238,388511
QAP,3649,238,388620
QAP,3650,238,388730
QAP,3651,238,388840
QAP,3652,238,388934
QAP,3653,238,389043
QAP,3654,238,389153
QAP,3655,238,389262
QAP,3656,238,389372
QAP,3657,238,389466
QAP,3658,238,389576
QAP,3659,238,389685
QAP,3660,238,389795
QAP,3661,238,389905
QAP,3662,238,389999
QAP,3663,238,390109
QAP,3664,238,390219
QAP,3665,238,390329
QAP,3666,238,390424
QAP,3667,238,390534
QAP,3668,238,390644
QAP,3669,238,390753
QAP,3670,238,390863
QAP,3671,238,390958
QAP,3672,238,391068
QAP,3673,238,391178
QAP,3674,238,391288
QAP,3675,238,391382
QAP,3676,238,391492
QAP,3677,238,391602
QAP,3678,238,391712
QAP,3679,238,391807
QAP,3680,238,391917
QAP,3681,238,392027
QAP,3682,238,392137
QAP,3683,238,392232
QAP,3684,238,392341
QAP,3685,238,392451
QAP,3686,238,392562
QAP,3687,238,392656
QAP,3688,238,392766
QAP,3689,238,392876
QAP,3690,238,392986
QAP,3691,238,393080
QAP,3692,238,393190
QAP,3693,238,393300
QAP,3694,238,393414
QAP,3695,238,393520
QAP,3696,238,393614
QAP,3697,238,393724
QAP,3698,238,393834
QAP,3699,238,393944
QAP,3700,238,394039
QAP,3701,238,394149
QAP,3702,238,394259
QAP,3703,238,394369
QAP,3704,238,394479
QAP,3705,238,394573
QAP,3706,238,394683
QAP,3707,238,394793
QAP,3708,238,394903
QAP,3709,238,394997
QAP,3710,238,395107
QAP,3711,238,395216
QAP,3712,238,395326
QAP,3713,238,395436
QAP,3714,238,395530
QAP,3715,238,395639
QAP,3716,238,395749
QAP,3717,238,395859
QAP,3718,238,395968
QAP,3719,238,396062
QAP,3720,238,396172
QAP,3721,238,396282
QAP,3722,238,396392
QAP,3723,238,396502
QAP,3724,238,396596
QAP,3725,238,396706
QAP,3726,238,396816
QAP,3727,238,396926
QAP,3728,238,397036
QAP,3729,238,397130
QAP,3730,238,397240
QAP,3731,238,397350
QAP,3732,238,397459
QAP,3733,238,397570
QAP,3734,238,397664
QAP,3735,238,397774
QAP,3736,238,397884
QAP,3737,238,397994
QAP,3738,238,398104
QAP,3739,238,398198
QAP,3740,238,398308
QAP,3741,238,398418
QAP,3742,238,398528
QAP,3743,238,398638
QAP,3744,238,398732
QAP,3745,238,398842
QAP,3746,238,398952
QAP,3747,238,399062
QAP,3748,238,399172
QAP,3749,238,399266
QAP,3750,238,399376
QAP,3751,238,399487
QAP,3752,238,399597
QAP,3753,238,399691
QAP,3754,238,399801
QAP,3755,238,399910
QAP,3756,238,400020
QAP,3757,238,400130
QAP,3758,238,400233
QAP,3759,238,400334
QAP,3760,238,400444
QAP,3761,238,400554
QAP,3762,238,400649
QAP,3763,238,400759
QAP,3764,238,400869
QAP,3765,238,400979
QAP,3766,238,401089
QAP,3767,238,401183
QAP,3768,238,401293
QAP,3769,238,401403
QAP,3770,238,401513
QAP,3771,238,401607
QAP,3772,238,401717
QAP,3773,238,401827
QAP,3774,238,401937
QAP,3775,238,402031
QAP,3776,238,402141
QAP,3777,238,402251
QAP,3778,238,402361
QAP,3779,238,402471
QAP,3780,238,402565
QAP,3781,238,402675
QAP,3782,238,402785
QAP,3783,238,402895
QAP,3784,238,403005
QAP,3785,238,403115
QAP,3786,238,403209
QAP,3787,238,403319
QAP,3788,238,403429
QAP,3789,238,403539
QAP,3790,238,403633
QAP,3791,238,403743
QAP,3792,238,403853
QAP,3793,238,403963
QAP,3794,238,404058
QAP,3795,238,404168
QAP,3796,238,404278
QAP,3797,238,404388
QAP,3798,238,404482
QAP,3799,238,404592
QAP,3800,238,404702
QAP,3801,238,404812
QAP,3802,238,404922
QAP,3803,238,405032
QAP,3804,238,405126
QAP,3805,238,405236
QAP,3806,238,405346
QAP,3807,238,405456
QAP,3808,238,405550
QAP,3809,238,405661
QAP,3810,238,405771
QAP,3811,238,405881
QAP,3812,238,405975
QAP,3813,238,406085
QAP,3814,238,406195
QAP,3815,238,406305
QAP,3816,238,406399
QAP,3817,238,406509
QAP,3818,238,406619
QAP,3819,238,406728
QAP,3820,238,406838
QAP,3821,238,406932
QAP,3822,238,407049
QAP,3823,238,407151
QAP,3824,238,407261
QAP,3825,238,407371
QAP,3826,238,407465
QAP,3827,238,407575
QAP,3828,238,407685
QAP,3829,238,407795
QAP,3830,238,407889
QAP,3831,238,407999
QAP,3832,238,408109
QAP,3833,238,408219
QAP,3834,238,408329
QAP,3835,238,408423
QAP,3836,238,408533
QAP,3837,238,408643
QAP,3838,238,408753
QAP,3839,238,408863
QAP,3840,238,408957
QAP,3841,238,409067
QAP,3842,238,409177
QAP,3843,238,409287
QAP,3844,238,409381
QAP,3845,238,409491
QAP,3846,238,409601
QAP,3847,238,409711
QAP,3848,238,409805
QAP,3849,238,409915
QAP,3850,238,410025
QAP,3851,238,410135
QAP,3852,238,410245
QAP,3853,238,410339
QAP,3854,238,410449
QAP,3855,238,410559
QAP,3856,238,410669
QAP,3857,238,410763
QAP,3858,238,410873
QAP,3859,238,410984
QAP,3860,238,411093
QAP,3861,238,411203
QAP,3862,238,411297
QAP,3863,238,411407
QAP,3864,238,411517
QAP,3865,238,411627
QAP,3866,238,411721
QAP,3867,238,411832
QAP,3868,238,411942
QAP,3869,238,412052
QAP,3870,238,412146
QAP,3871,238,412256
QAP,3872,238,412366
QAP,3873,238,412476
QAP,3874,238,412571
QAP,3875,238,412681
QAP,3876,238,412791
QAP,3877,238,412900
QAP,3878,238,413010
QAP,3879,238,413105
QAP,3880,238,413215
QAP,3881,238,413325
QAP,3882,238,413435
QAP,3883,238,413545
QAP,3884,238,413655
QAP,3885,238,413750
QAP,3886,238,413867
QAP,3887,238,413970
QAP,3888,238,414079
QAP,3889,238,414189
QAP,3890,238,414284
QAP,3891,238,414393
QAP,3892,238,414503
QAP,3893,238,414613
QAP,3894,238,414708
QAP,3895,238,414818
QAP,3896,238,414928
QAP,3897,238,415037
QAP,3898,238,415132
QAP,3899,238,415242
QAP,3900,238,415352
QAP,3901,238,415462
QAP,3902,238,415572
QAP,3903,238,415666
QAP,3904,238,415776
QAP,3905,238,415886
QAP,3906,238,415996
QAP,3907,238,416090
QAP,3908,238,416200
QAP,3909,238,416310
QAP,3910,238,416420
QAP,3911,238,416530
QAP,3912,238,416624
QAP,3913,238,416734
QAP,3914,238,416844
QAP,3915,238,416954
QAP,3916,238,417048
QAP,3917,238,417158
QAP,3918,238,417268
QAP,3919,238,417378
QAP,3920,238,417488
QAP,3921,238,417582
QAP,3922,238,417692
QAP,3923,238,417802
QAP,3924,238,417912
QAP,3925,238,418007
QAP,3926,238,418117
QAP,3927,238,418227
QAP,3928,238,418337
QAP,3929,238,418447
QAP,3930,238,418541
QAP,3931,238,418651
QAP,3932,238,418761
QAP,3933,238,418870
QAP,3934,238,418965
QAP,3935,238,419074
QAP,3936,238,419184
QAP,3937,238,419294
QAP,3938,238,419389
QAP,3939,238,419499
QAP,3940,238,419617
QAP,3941,238,419718
QAP,3942,238,419828
QAP,3943,238,419923
QAP,3944,238,420032
QAP,3945,238,420142
QAP,3946,238,420252
QAP,3947,238,420347
QAP,3948,238,420457
QAP,3949,238,420566
QAP,3950,238,420680
QAP,3951,238,420786
QAP,3952,238,420880
QAP,3953,238,420990
QAP,3954,238,421100
QAP,3955,238,421210
QAP,3956,238,421304
QAP,3957,238,421414
QAP,3958,238,421524
QAP,3959,238,421634
QAP,3960,238,421744
QAP,3961,238,421838
QAP,3962,238,421947
QAP,3963,238,422057
QAP,3964,238,422167
QAP,3965,238,422277
QAP,3966,238,422371
QAP,3967,238,422481
QAP,3968,238,422591
QAP,3969,238,422700
QAP,3970,238,422794
QAP,3971,238,422904
QAP,3972,238,423015
QAP,3973,238,423124
QAP,3974,238,423234
QAP,3975,238,423343
QAP,3976,238,423438
QAP,3977,238,423547
QAP,3978,238,423657
QAP,3979,238,423766
QAP,3980,238,423876
QAP,3981,238,423970
QAP,3982,238,424080
QAP,3983,238,424190
QAP,3984,238,424299
QAP,3985,238,424409
QAP,3986,238,424503
QAP,3987,238,424613
QAP,3988,238,424722
QAP,3989,238,424832
QAP,3990,238,424942
QAP,3991,238,425036
QAP,3992,238,425145
QAP,3993,238,425255
QAP,3994,238,425365
QAP,3995,238,425458
QAP,3996,238,425568
QAP,3997,238,425678
QAP,3998,238,425788
QAP,3999,238,425897
QAP,4000,238,426007
QAP,4001,238,426101
QAP,4002,238,426211
QAP,4003,238,426321
QAP,4004,238,426431
QAP,4005,238,426525
QAP,4006,238,426635
QAP,4007,238,426745
QAP,4008,238,426854
QAP,4009,238,426964
QAP,4010,238,427058
QAP,4011,238,427168
QAP,4012,238,427278
QAP,4013,238,427387
QAP,4014,238,427481
QAP,4015,238,427591
QAP,4016,238,427700
QAP,4017,238,427817
QAP,4018,238,427922
QAP,4019,238,428029
QAP,4020,238,428135
QAP,4021,238,428243
QAP,4022,238,428348
QAP,4023,238,428455
QAP,4024,238,428561
QAP,4025,238,428668
QAP,4026,238,428774
QAP,4027,238,428880
QAP,4028,238,428987
QAP,4029,238,429093
QAP,4030,238,429198
QAP,4031,238,429306
QAP,4032,238,429412
QAP,4033,238,429519
QAP,4034,238,429625
QAP,4035,238,429732
QAP,4036,238,429837
QAP,4037,238,429944
QAP,4038,238,430050
QAP,4039,238,430157
QAP,4040,238,430263
QAP,4041,238,430369
QAP,4042,238,430476
QAP,4043,238,430582
QAP,4044,238,430687
QAP,4045,238,430793
QAP,4046,238,430900
QAP,4047,238,431006
QAP,4048,238,431114
QAP,4049,238,431220
QAP,4050,238,431325
QAP,4051,238,431433
QAP,4052,238,431540
QAP,4053,238,431646
QAP,4054,238,431753
QAP,4055,238,431859
QAP,4056,238,431966
QAP,4057,238,432072
QAP,4058,238,432179
QAP,4059,238,432285
QAP,4060,238,432391
QAP,4061,238,432500
QAP,4062,238,432593
QAP,4063,238,432703
QAP,4064,238,432813
QAP,4065,238,432923
QAP,4066,238,433017
QAP,4067,238,433129
QAP,4068,238,433237
QAP,4069,238,433347
QAP,4070,238,433457
QAP,4071,238,433551
QAP,4072,238,433661
QAP,4073,238,433771
QAP,4074,238,433881
QAP,4075,238,433975
QAP,4076,238,434085
QAP,4077,238,434202
QAP,4078,238,434309
QAP,4079,238,434414
QAP,4080,238,434522
QAP,4081,238,434628
QAP,4082,238,434730
QAP,4083,238,434840
QAP,4084,238,434934
QAP,4085,238,435044
QAP,4086,238,435153
QAP,4087,238,435263
QAP,4088,238,435373
QAP,4089,238,435467
QAP,4090,238,435576
QAP,4091,238,435686
QAP,4092,238,435796
QAP,4093,238,435905
QAP,4094,238,435999
QAP,4095,238,436109
QAP,4096,238,436218
QAP,4097,238,436328
QAP,4098,238,436437
QAP,4099,238,436531
QAP,4100,238,436641
QAP,4101,238,436751
QAP,4102,238,436861
QAP,4103,238,436970
QAP,4104,238,437064
QAP,4105,238,437174
QAP,4106,238,437284
QAP,4107,238,437394
QAP,4108,238,437504
QAP,4109,238,437598
QAP,4110,238,437708
QAP,4111,238,437818
QAP,4112,238,437928
QAP,4113,238,438038
QAP,4114,238,438132
QAP,4115,238,438242
QAP,4116,238,438352
QAP,4117,238,438462
QAP,4118,238,438556
QAP,4119,238,438666
QAP,4120,238,438776
QAP,4121,238,438886
QAP,4122,238,438980
QAP,4123,238,439090
QAP,4124,238,439200
QAP,4125,238,439310
QAP,4126,238,439419
QAP,4127,238,439529
QAP,4128,238,439623
QAP,4129,238,439733
QAP,4130,238,439843
QAP,4131,238,439952
QAP,4132,238,440046
QAP,4133,238,440156
QAP,4134,238,440266
QAP,4135,238,440375
QAP,4136,238,440485
QAP,4137,238,440579
QAP,4138,238,440689
QAP,4139,238,440798
QAP,4140,238,440908
QAP,4141,238,441018
QAP,4142,238,441112
QAP,4143,238,441222
QAP,4144,238,441332
QAP,4145,238,441441
QAP,4146,238,441551
QAP,4147,238,441645
QAP,4148,238,441755
QAP,4149,238,441864
QAP,4150,238,441974
QAP,4151,238,442083
QAP,4152,238,442177
QAP,4153,238,442287
QAP,4154,238,442397
QAP,4155,238,442507
QAP,4156,238,442617
QAP,4157,238,442711
QAP,4158,238,442821
QAP,4159,238,442930
QAP,4160,238,443040
QAP,4161,238,443134
QAP,4162,238,443244
QAP,4163,238,443354
QAP,4164,238,443463
QAP,4165,238,443573
QAP,4166,238,443667
QAP,4167,238,443776
QAP,4168,238,443886
QAP,4169,238,443996
QAP,4170,238,444106
QAP,4171,238,444200
QAP,4172,238,444309
QAP,4173,238,444419
QAP,4174,238,444528
QAP,4175,238,444638
QAP,4176,238,444733
QAP,4177,238,444842
QAP,4178,238,444952
QAP,4179,238,445061
QAP,4180,238,445171
QAP,4181,238,445265
QAP,4182,238,445375
QAP,4183,238,445485
QAP,4184,238,445594
QAP,4185,238,445704
QAP,4186,238,445814
QAP,4187,238,445907
QAP,4188,238,446017
QAP,4189,238,446127
QAP,4190,238,446237
QAP,4191,238,446346
QAP,4192,238,446440
QAP,4193,238,446550
QAP,4194,238,446660
QAP,4195,238,446770
QAP,4196,238,446864
QAP,4197,238,446973
QAP,4198,238,447083
QAP,4199,238,447193
QAP,4200,238,447302
QAP,4201,238,447412
QAP,4202,238,447506
QAP,4203,238,447615
QAP,4204,238,447725
QAP,4205,238,447835
QAP,4206,238,447946
QAP,4207,238,448038
QAP,4208,238,448148
QAP,4209,238,448258
QAP,4210,238,448368
QAP,4211,238,448477
QAP,4212,238,448587
QAP,4213,238,448681
QAP,4214,238,448791
QAP,4215,238,448901
QAP,4216,238,449010
QAP,4217,238,449120
QAP,4218,238,449214
QAP,4219,238,449323
QAP,4220,238,449433
QAP,4221,238,449543
QAP,4222,238,449652
QAP,4223,238,449762
QAP,4224,238,449856
QAP,4225,238,449966
QAP,4226,238,450076
QAP,4227,238,450185
QAP,4228,238,450279
QAP,4229,238,450389
QAP,4230,238,450499
QAP,4231,238,450609
QAP,4232,238,450719
QAP,4233,238,450813
QAP,4234,238,450923
QAP,4235,238,451032
QAP,4236,238,451142
QAP,4237,238,451252
QAP,4238,238,451346
QAP,4239,238,451455
QAP,4240,238,451565
QAP,4241,238,451675
QAP,4242,238,451785
QAP,4243,238,451879
QAP,4244,238,451989
QAP,4245,238,452098
QAP,4246,238,452208
QAP,4247,238,452317
QAP,4248,238,452411
QAP,4249,238,452521
QAP,4250,238,452631
QAP,4251,238,452741
QAP,4252,238,452850
QAP,4253,238,452944
QAP,4254,238,453054
QAP,4255,238,453164
QAP,4256,238,453273
QAP,4257,238,453383
QAP,4258,238,453478
QAP,4259,238,453587
QAP,4260,238,453697
QAP,4261,238,453807
QAP,4262,238,453916
QAP,4263,238,454010
QAP,4264,238,454120
QAP,4265,238,454230
QAP,4266,238,454339
QAP,4267,238,454449
QAP,4268,238,454543
QAP,4269,238,454653
QAP,4270,238,454763
QAP,4271,238,454873
QAP,4272,238,454982
QAP,4273,238,455076
QAP,4274,238,455186
QAP,4275,238,455295
QAP,4276,238,455405
QAP,4277,238,455515
QAP,4278,238,455609
QAP,4279,238,455719
QAP,4280,238,455829
QAP,4281,238,455938
QAP,4282,238,456032
QAP,4283,238,456142
QAP,4284,238,456252
QAP,4285,238,456361
QAP,4286,238,456471
QAP,4287,238,456565
QAP,4288,238,456675
QAP,4289,238,456785
QAP,4290,238,456894
QAP,4291,238,457004
QAP,4292,238,457114
QAP,4293,238,457208
QAP,4294,238,457317
QAP,4295,238,457427
QAP,4296,238,457537
QAP,4297,238,457646
QAP,4298,238,457741
QAP,4299,238,457850
QAP,4300,238,457960
QAP,4301,238,458070
QAP,4302,238,458179
QAP,4303,238,458273
QAP,4304,238,458383
QAP,4305,238,458493
QAP,4306,238,458602
QAP,4307,238,458712
QAP,4308,238,458822
QAP,4309,238,458916
QAP,4310,238,459037
QAP,4311,238,459144
QAP,4312,238,459252
QAP,4313,238,459357
QAP,4314,238,459464
QAP,4315,238,459571
QAP,4316,238,459676
QAP,4317,238,459783
QAP,4318,238,459891
QAP,4319,238,459996
QAP,4320,238,460103
QAP,4321,238,460209
QAP,4322,238,460314
QAP,4323,238,460423
QAP,4324,238,460528
QAP,4325,238,460635
QAP,4326,238,460742
QAP,4327,238,460847
QAP,4328,238,460955
QAP,4329,238,461062
QAP,4330,238,461167
QAP,4331,238,461275
QAP,4332,238,461366
QAP,4333,238,461476
QAP,4334,238,461585
QAP,4335,238,461695
QAP,4336,238,461805
QAP,4337,238,461900
QAP,4338,238,462010
QAP,4339,238,462120
QAP,4340,238,462230
QAP,4341,238,462324
QAP,4342,238,462434
QAP,4343,238,462544
QAP,4344,238,462654
QAP,4345,238,462748
QAP,4346,238,462858
QAP,4347,238,462968
QAP,4348,238,463078
QAP,4349,238,463188
QAP,4350,238,463282
QAP,4351,238,463401
QAP,4352,238,463508
QAP,4353,238,463614
QAP,4354,238,463720
QAP,4355,238,463825
QAP,4356,238,463933
QAP,4357,238,464039
QAP,4358,238,464145
QAP,4359,238,464252
QAP,4360,238,464358
QAP,4361,238,464464
QAP,4362,238,464571
QAP,4363,238,464678
QAP,4364,238,464785
QAP,4365,238,464892
QAP,4366,238,464990
QAP,4367,238,465099
QAP,4368,238,465209
QAP,4369,238,465303
QAP,4370,238,465413
QAP,4371,238,465523
QAP,4372,238,465632
QAP,4373,238,465742
QAP,4374,238,465836
QAP,4375,238,465946
QAP,4376,238,466056
QAP,4377,238,466165
QAP,4378,238,466275
QAP,4379,238,466369
QAP,4380,238,466479
QAP,4381,238,466589
QAP,4382,238,466699
QAP,4383,238,466808
QAP,4384,238,466918
QAP,4385,238,467013
QAP,4386,238,467122
QAP,4387,238,467232
QAP,4388,238,467342
QAP,4389,238,467437
QAP,4390,238,467546
QAP,4391,238,467656
QAP,4392,238,467766
QAP,4393,238,467860
QAP,4394,238,467970
QAP,4395,238,468080
QAP,4396,238,468190
QAP,4397,238,468300
QAP,4398,238,468395
QAP,4399,238,468504
QAP,4400,238,468614
QAP,4401,238,468724
QAP,4402,238,468818
QAP,4403,238,468928
QAP,4404,238,469038
QAP,4405,238,469148
QAP,4406,238,469243
QAP,4407,238,469353
QAP,4408,238,469463
QAP,4409,238,469573
QAP,4410,238,469682
QAP,4411,238,469776
QAP,4412,238,469886
QAP,4413,238,469996
QAP,4414,238,470106
QAP,4415,238,470201
QAP,4416,238,470310
QAP,4417,238,470421
QAP,4418,238,470530
QAP,4419,238,470625
QAP,4420,238,470735
QAP,4421,238,470845
QAP,4422,238,470955
QAP,4423,238,471064
QAP,4424,238,471158
QAP,4425,238,471268
QAP,4426,238,471378
QAP,4427,238,471488
QAP,4428,238,471582
QAP,4429,238,471692
QAP,4430,238,471802
QAP,4431,238,471913
QAP,4432,238,472022
QAP,4433,238,472116
QAP,4434,238,472227
QAP,4435,238,472337
QAP,4436,238,472431
QAP,4437,238,472541
QAP,4438,238,472651
QAP,4439,238,472761
QAP,4440,238,472871
QAP,4441,238,472966
QAP,4442,238,473076
QAP,4443,238,473186
QAP,4444,238,473296
QAP,4445,238,473405
QAP,4446,238,473499
QAP,4447,238,473609
QAP,4448,238,473719
QAP,4449,238,473829
QAP,4450,238,473939
QAP,4451,238,474033
QAP,4452,238,474143
QAP,4453,238,474253
QAP,4454,238,474363
QAP,4455,238,474457
QAP,4456,238,474567
QAP,4457,238,474676
QAP,4458,238,474790
QAP,4459,238,474896
QAP,4460,238,474990
QAP,4461,238,475100
QAP,4462,238,475210
QAP,4463,238,475320
QAP,4464,238,475415
QAP,4465,238,475525
QAP,4466,238,475635
QAP,4467,238,475745
QAP,4468,238,475839
QAP,4469,238,475949
QAP,4470,238,476059
QAP,4471,238,476169
QAP,4472,238,476279
QAP,4473,238,476374
QAP,4474,238,476492
QAP,4475,238,476599
QAP,4476,238,476705
QAP,4477,238,476811
QAP,4478,238,476920
QAP,4479,238,477019
QAP,4480,238,477128
QAP,4481,238,477238
QAP,4482,238,477332
QAP,4483,238,477442
QAP,4484,238,477551
QAP,4485,238,477661
QAP,4486,238,477771
QAP,4487,238,477880
QAP,4488,238,477974
QAP,4489,238,478084
QAP,4490,238,478194
QAP,4491,238,478304
QAP,4492,238,478398
QAP,4493,238,478508
QAP,4494,238,478617
QAP,4495,238,478727
QAP,4496,238,478837
QAP,4497,238,478931
QAP,4498,238,479040
QAP,4499,238,479150
QAP,4500,238,479260
QAP,4501,238,479370
QAP,4502,238,479464
QAP,4503,238,479574
QAP,4504,238,479683
QAP,4505,238,479793
QAP,4506,238,479887
QAP,4507,238,479997
QAP,4508,238,480107
QAP,4509,238,480216
QAP,4510,238,480326
QAP,4511,238,480435
QAP,4512,238,480529
QAP,4513,238,480639
QAP,4514,238,480749
QAP,4515,238,480859
QAP,4516,238,480968
QAP,4517,238,481063
QAP,4518,238,481173
QAP,4519,238,481283
QAP,4520,238,481393
QAP,4521,238,481503
QAP,4522,238,481597
QAP,4523,238,481707
QAP,4524,238,481816
QAP,4525,238,481926
QAP,4526,238,482036
QAP,4527,238,482147
QAP,4528,238,482256
QAP,4529,238,482362
QAP,4530,238,482469
QAP,4531,238,482577
QAP,4532,238,482684
QAP,4533,238,482790
QAP,4534,238,482897
QAP,4535,238,483002
QAP,4536,238,483109
QAP,4537,238,483217
QAP,4538,238,483322
QAP,4539,238,483431
QAP,4540,238,483538
QAP,4541,238,483646
QAP,4542,238,483752
QAP,4543,238,483858
QAP,4544,238,483964
QAP,4545,238,484072
QAP,4546,238,484177
QAP,4547,238,484285
QAP,4548,238,484391
QAP,4549,238,484498
QAP,4550,238,484603
QAP,4551,238,484710
QAP,4552,238,484817
QAP,4553,238,484924
QAP,4554,238,485032
QAP,4555,238,485131
QAP,4556,238,485241
QAP,4557,238,485351
QAP,4558,238,485446
QAP,4559,238,485556
QAP,4560,238,485666
QAP,4561,238,485776
QAP,4562,238,485886
QAP,4563,238,485980
QAP,4564,238,486089
QAP,4565,238,486200
QAP,4566,238,486310
QAP,4567,238,486404
QAP,4568,238,486514
QAP,4569,238,486624
QAP,4570,238,486734
QAP,4571,238,486844
QAP,4572,238,486938
QAP,4573,238,487048
QAP,4574,238,487157
QAP,4575,238,487268
QAP,4576,238,487378
QAP,4577,238,487488
QAP,4578,238,487582
QAP,4579,238,487692
QAP,4580,238,487802
QAP,4581,238,487912
QAP,4582,238,488007
QAP,4583,238,488117
QAP,4584,238,488227
QAP,4585,238,488336
QAP,4586,238,488446
QAP,4587,238,488541
QAP,4588,238,488651
QAP,4589,238,488761
QAP,4590,238,488871
QAP,4591,238,488965
QAP,4592,238,489075
QAP,4593,238,489185
QAP,4594,238,489294
QAP,4595,238,489404
QAP,4596,238,489498
QAP,4597,238,489608
QAP,4598,238,489719
QAP,4599,238,489813
QAP,4600,238,489923
QAP,4601,238,490033
QAP,4602,238,490143
QAP,4603,238,490253
QAP,4604,238,490348
QAP,4605,238,490457
QAP,4606,238,490568
QAP,4607,238,490678
QAP,4608,238,490772
QAP,4609,238,490882
QAP,4610,238,490992
QAP,4611,238,491102
QAP,4612,238,491212
QAP,4613,238,491306
QAP,4614,238,491416
QAP,4615,238,491526
QAP,4616,238,491636
QAP,4617,238,491730
QAP,4618,238,491840
QAP,4619,238,491950
QAP,4620,238,492060
QAP,4621,238,492170
QAP,4622,238,492264
QAP,4623,238,492374
QAP,4624,238,492484
QAP,4625,238,492594
QAP,4626,238,492688
QAP,4627,238,492798
QAP,4628,238,492908
QAP,4629,238,493018
QAP,4630,238,493112
QAP,4631,238,493222
QAP,4632,238,493332
QAP,4633,238,493442
QAP,4634,238,493552
QAP,4635,238,493647
QAP,4636,238,493756
QAP,4637,238,493866
QAP,4638,238,493976
QAP,4639,238,494071
QAP,4640,238,494181
QAP,4641,238,494298
QAP,4642,238,494401
QAP,4643,238,494511
QAP,4644,238,494605
QAP,4645,238,494715
QAP,4646,238,494825
QAP,4647,238,494935
QAP,4648,238,495029
QAP,4649,238,495139
QAP,4650,238,495249
QAP,4651,238,495359
QAP,4652,238,495453
QAP,4653,238,495563
QAP,4654,238,495673
QAP,4655,238,495783
QAP,4656,238,495877
QAP,4657,238,495987
QAP,4658,238,496097
QAP,4659,238,496208
QAP,4660,238,496302
QAP,4661,238,496412
QAP,4662,238,496522
QAP,4663,238,496632
QAP,4664,238,496726
QAP,4665,238,496835
QAP,4666,238,496945
QAP,4667,238,497055
QAP,4668,238,497165
QAP,4669,238,497259
QAP,4670,238,497369
QAP,4671,238,497479
QAP,4672,238,497589
QAP,4673,238,497684
QAP,4674,238,497793
QAP,4675,238,497903
QAP,4676,238,498013
QAP,4677,238,498108
QAP,4678,238,498218
QAP,4679,238,498328
QAP,4680,238,498438
QAP,4681,238,498547
QAP,4682,238,498657
QAP,4683,238,498752
QAP,4684,238,498862
QAP,4685,238,498972
QAP,4686,238,499081
QAP,4687,238,499176
QAP,4688,238,499286
QAP,4689,238,499396
QAP,4690,238,499506
QAP,4691,238,499616
QAP,4692,238,499710
QAP,4693,238,499820
QAP,4694,238,499930
QAP,4695,238,500040
QAP,4696,238,500134
QAP,4697,238,500245
QAP,4698,238,500354
QAP,4699,238,500464
QAP,4700,238,500559
QAP,4701,238,500669
QAP,4702,238,500779
QAP,4703,238,500888
QAP,4704,238,500998
QAP,4705,238,501093
QAP,4706,238,501203
QAP,4707,238,501313
QAP,4708,238,501423
QAP,4709,238,501533
QAP,4710,238,501627
QAP,4711,238,501737
QAP,4712,238,501847
QAP,4713,238,501957
QAP,4714,238,502052
QAP,4715,238,502162
QAP,4716,238,502272
QAP,4717,238,502382
QAP,4718,238,502476
QAP,4719,238,502586
QAP,4720,238,502696
QAP,4721,238,502806
QAP,4722,238,502916
QAP,4723,238,503010
QAP,4724,238,503120
QAP,4725,238,503230
QAP,4726,238,503340
QAP,4727,238,503435
QAP,4728,238,503545
QAP,4729,238,503655
QAP,4730,238,503765
QAP,4731,238,503859
QAP,4732,238,503969
QAP,4733,238,504079
QAP,4734,238,504189
QAP,4735,238,504299
QAP,4736,238,504393
QAP,4737,238,504502
QAP,4738,238,504618
QAP,4739,238,504725
QAP,4740,238,504830
QAP,4741,238,504938
QAP,4742,238,505044
QAP,4743,238,505150
QAP,4744,238,505242
QAP,4745,238,505352
QAP,4746,238,505462
QAP,4747,238,505572
QAP,4748,238,505682
QAP,4749,238,505776
QAP,4750,238,505886
QAP,4751,238,505996
QAP,4752,238,506106
QAP,4753,238,506201
QAP,4754,238,506311
QAP,4755,238,506421
QAP,4756,238,506531
QAP,4757,238,506625
QAP,4758,238,506735
QAP,4759,238,506845
QAP,4760,238,506955
QAP,4761,238,507049
QAP,4762,238,507159
QAP,4763,238,507269
QAP,4764,238,507379
QAP,4765,238,507473
QAP,4766,238,507583
QAP,4767,238,507693
QAP,4768,238,507803
QAP,4769,238,507897
QAP,4770,238,508008
QAP,4771,238,508118
QAP,4772,238,508228
QAP,4773,238,508322
QAP,4774,238,508432
QAP,4775,238,508542
QAP,4776,238,508652
QAP,4777,238,508762
QAP,4778,238,508856
QAP,4779,238,508966
QAP,4780,238,509076
QAP,4781,238,509186
QAP,4782,238,509281
QAP,4783,238,509391
QAP,4784,238,509501
QAP,4785,238,509611
QAP,4786,238,509705
QAP,4787,238,509815
QAP,4788,238,509925
QAP,4789,238,510035
QAP,4790,238,510129
QAP,4791,238,510239
QAP,4792,238,510349
QAP,4793,238,510459
QAP,4794,238,510554
QAP,4795,238,510664
QAP,4796,238,510773
QAP,4797,238,510883
QAP,4798,238,510978
QAP,4799,238,511087
QAP,4800,238,511197
QAP,4801,238,511307
QAP,4802,238,511417
QAP,4803,238,511512
QAP,4804,238,511630
QAP,4805,238,511736
QAP,4806,238,511842
QAP,4807,238,511947
QAP,4808,238,512054
QAP,4809,238,512161
QAP,4810,238,512268
QAP,4811,238,512375
QAP,4812,238,512481
QAP,4813,238,512587
QAP,4814,238,512693
QAP,4815,238,512799
QAP,4816,238,512907
QAP,4817,238,513013
QAP,4818,238,513121
QAP,4819,238,513226
QAP,4820,238,513333
QAP,4821,238,513440
QAP,4822,238,513545
QAP,4823,238,513653
QAP,4824,238,513758
QAP,4825,238,513865
QAP,4826,238,513971
QAP,4827,238,514076
QAP,4828,238,514184
QAP,4829,238,514288
QAP,4830,238,514383
QAP,4831,238,514493
QAP,4832,238,514603
QAP,4833,238,514713
QAP,4834,238,514823
QAP,4835,238,514917
QAP,4836,238,515027
QAP,4837,238,515137
QAP,4838,238,515247
QAP,4839,238,515357
QAP,4840,238,515451
QAP,4841,238,515562
QAP,4842,238,515672
QAP,4843,238,515782
QAP,4844,238,515876
QAP,4845,238,515986
QAP,4846,238,516102
QAP,4847,238,516205
QAP,4848,238,516300
QAP,4849,238,516410
QAP,4850,238,516520
QAP,4851,238,516629
QAP,4852,238,516739
QAP,4853,238,516834
QAP,4854,238,516944
QAP,4855,238,517054
QAP,4856,238,517168
QAP,4857,238,517274
QAP,4858,238,517380
QAP,4859,238,517487
QAP,4860,238,517594
QAP,4861,238,517700
QAP,4862,238,517805
QAP,4863,238,517912
QAP,4864,238,518019
QAP,4865,238,518126
QAP,4866,238,518234
QAP,4867,238,518341
QAP,4868,238,518446
QAP,4869,238,518553
QAP,4870,238,518647
QAP,4871,238,518758
QAP,4872,238,518868
QAP,4873,238,518977
QAP,4874,238,519072
QAP,4875,238,519181
QAP,4876,238,519292
QAP,4877,238,519402
QAP,4878,238,519496
QAP,4879,238,519606
QAP,4880,238,519716
QAP,4881,238,519826
QAP,4882,238,519928
QAP,4883,238,520030
QAP,4884,238,520140
QAP,4885,238,520250
QAP,4886,238,520360
QAP,4887,238,520455
QAP,4888,238,520565
QAP,4889,238,520674
QAP,4890,238,520784
QAP,4891,238,520879
QAP,4892,238,520988
QAP,4893,238,521098
QAP,4894,238,521208
QAP,4895,238,521318
QAP,4896,238,521413
QAP,4897,238,521522
QAP,4898,238,521633
QAP,4899,238,521742
QAP,4900,238,521853
QAP,4901,238,521947
QAP,4902,238,522057
QAP,4903,238,522166
QAP,4904,238,522276
QAP,4905,238,522386
QAP,4906,238,522480
QAP,4907,238,522590
QAP,4908,238,522700
QAP,4909,238,522810
QAP,4910,238,522920
QAP,4911,238,523014
QAP,4912,238,523124
QAP,4913,238,523234
QAP,4914,238,523344
QAP,4915,238,523454
QAP,4916,238,523564
QAP,4917,238,523658
QAP,4918,238,523768
QAP,4919,238,523878
QAP,4920,238,523988
QAP,4921,238,524083
QAP,4922,238,524193
QAP,4923,238,524303
QAP,4924,238,524413
QAP,4925,238,524523
QAP,4926,238,524617
QAP,4927,238,524727
QAP,4928,238,524837
QAP,4929,238,524947
QAP,4930,238,525057
QAP,4931,238,525167
QAP,4932,238,525261
QAP,4933,238,525371
QAP,4934,238,525481
QAP,4935,238,525591
QAP,4936,238,525686
QAP,4937,238,525796
QAP,4938,238,525906
QAP,4939,238,526016
QAP,4940,238,526110
QAP,4941,238,526220
QAP,4942,238,526330
QAP,4943,238,526440
QAP,4944,238,526550
QAP,4945,238,526644
QAP,4946,238,526754
QAP,4947,238,526864
QAP,4948,238,526975
QAP,4949,238,527069
QAP,4950,238,527179
QAP,4951,238,527289
QAP,4952,238,527399
QAP,4953,238,527509
QAP,4954,238,527603
QAP,4955,238,527713
QAP,4956,238,527823
QAP,4957,238,527933
QAP,4958,238,528027
QAP,4959,238,528138
QAP,4960,238,528248
QAP,4961,238,528360
QAP,4962,238,528452
QAP,4963,238,528562
QAP,4964,238,528672
QAP,4965,238,528782
QAP,4966,238,528892
QAP,4967,238,528986
QAP,4968,238,529096
QAP,4969,238,529207
QAP,4970,238,529316
QAP,4971,238,529411
QAP,4972,238,529521
QAP,4973,238,529631
QAP,4974,238,529741
QAP,4975,238,529850
QAP,4976,238,529959
QAP,4977,238,530065
QAP,4978,238,530171
QAP,4979,238,530276
QAP,4980,238,530386
QAP,4981,238,530492
QAP,4982,238,530599
QAP,4983,238,530705
QAP,4984,238,530811
QAP,4985,238,530917
QAP,4986,238,531024
QAP,4987,238,531131
QAP,4988,238,531237
QAP,4989,238,531343
QAP,4990,238,531451
QAP,4991,238,531557
QAP,4992,238,531663
QAP,4993,238,531771
QAP,4994,238,531877
QAP,4995,238,531984
QAP,4996,238,532090
QAP,4997,238,532198
QAP,4998,238,532303
QAP,4999,238,532409
