Problem,Generation,BestCost,TimeMS
GPP,0,65,0
GPP,1,65,0
GPP,2,65,0
GPP,3,65,15
GPP,4,65,15
GPP,5,65,31
GPP,6,65,31
GPP,7,65,31
GPP,8,65,47
GPP,9,65,47
GPP,10,65,62
GPP,11,65,62
GPP,12,65,62
GPP,13,64,78
GPP,14,64,78
GPP,15,64,94
GPP,16,64,94
GPP,17,64,94
GPP,18,62,110
GPP,19,62,110
GPP,20,62,127
GPP,21,59,131
GPP,22,59,131
GPP,23,59,146
GPP,24,59,152
GPP,25,59,159
GPP,26,59,166
GPP,27,59,172
GPP,28,59,177
GPP,29,59,177
GPP,30,59,177
GPP,31,59,192
GPP,32,59,192
GPP,33,59,208
GPP,34,59,216
GPP,35,59,222
GPP,36,59,228
GPP,37,58,234
GPP,38,58,241
GPP,39,58,244
GPP,40,58,244
GPP,41,58,260
GPP,42,58,267
GPP,43,58,273
GPP,44,58,279
GPP,45,58,285
GPP,46,58,291
GPP,47,58,294
GPP,48,58,294
GPP,49,58,312
GPP,50,50,318
GPP,51,50,324
GPP,52,50,331
GPP,53,50,337
GPP,54,50,344
GPP,55,50,349
GPP,56,50,349
GPP,57,50,363
GPP,58,50,370
GPP,59,50,376
GPP,60,50,382
GPP,61,50,388
GPP,62,50,394
GPP,63,50,394
GPP,64,50,394
GPP,65,50,414
GPP,66,50,420
GPP,67,50,427
GPP,68,50,433
GPP,69,50,439
GPP,70,50,445
GPP,71,50,452
GPP,72,50,458
GPP,73,50,465
GPP,74,50,471
GPP,75,50,477
GPP,76,50,477
GPP,77,50,477
GPP,78,50,492
GPP,79,50,492
GPP,80,50,508
GPP,81,50,515
GPP,82,50,522
GPP,83,50,527
GPP,84,50,534
GPP,85,50,540
GPP,86,50,545
GPP,87,50,545
GPP,88,49,545
GPP,89,49,566
GPP,90,49,572
GPP,91,46,579
GPP,92,46,583
GPP,93,46,583
GPP,94,46,594
GPP,95,46,594
GPP,96,46,610
GPP,97,46,617
GPP,98,46,624
GPP,99,46,630
GPP,100,46,636
GPP,101,46,644
GPP,102,46,645
GPP,103,46,645
GPP,104,46,663
GPP,105,46,669
GPP,106,46,676
GPP,107,46,677
GPP,108,46,677
GPP,109,46,695
GPP,110,46,701
GPP,111,46,708
GPP,112,43,714
GPP,113,43,720
GPP,114,43,727
GPP,115,43,727
GPP,116,43,727
GPP,117,43,742
GPP,118,43,742
GPP,119,42,758
GPP,120,42,765
GPP,121,42,771
GPP,122,42,777
GPP,123,42,783
GPP,124,42,789
GPP,125,42,794
GPP,126,42,794
GPP,127,42,794
GPP,128,42,815
GPP,129,42,821
GPP,130,42,827
GPP,131,42,834
GPP,132,42,840
GPP,133,42,844
GPP,134,42,844
GPP,135,42,859
GPP,136,42,866
GPP,137,42,872
GPP,138,42,878
GPP,139,42,884
GPP,140,42,890
GPP,141,42,894
GPP,142,42,894
GPP,143,42,909
GPP,144,42,915
GPP,145,42,922
GPP,146,42,928
GPP,147,42,935
GPP,148,42,941
GPP,149,42,946
GPP,150,42,946
GPP,151,42,960
GPP,152,42,966
GPP,153,42,973
GPP,154,42,979
GPP,155,42,985
GPP,156,40,992
GPP,157,40,994
GPP,158,40,994
GPP,159,40,1010
GPP,160,40,1010
GPP,161,40,1010
GPP,162,40,1026
GPP,163,40,1026
GPP,164,40,1041
GPP,165,40,1041
GPP,166,40,1041
GPP,167,40,1057
GPP,168,40,1057
GPP,169,40,1073
GPP,170,40,1073
GPP,171,40,1073
GPP,172,40,1088
GPP,173,40,1088
GPP,174,40,1104
GPP,175,40,1104
GPP,176,40,1104
GPP,177,40,1120
GPP,178,40,1120
GPP,179,40,1136
GPP,180,40,1136
GPP,181,40,1136
GPP,182,40,1156
GPP,183,40,1160
GPP,184,40,1167
GPP,185,40,1167
GPP,186,40,1167
GPP,187,40,1183
GPP,188,40,1183
GPP,189,40,1198
GPP,190,40,1198
GPP,191,40,1198
GPP,192,40,1214
GPP,193,40,1214
GPP,194,40,1230
GPP,195,40,1230
GPP,196,40,1230
GPP,197,40,1245
GPP,198,37,1245
GPP,199,37,1261
GPP,200,37,1261
GPP,201,37,1261
GPP,202,37,1277
GPP,203,37,1277
GPP,204,37,1292
GPP,205,37,1292
GPP,206,37,1292
GPP,207,37,1308
GPP,208,37,1308
GPP,209,36,1324
GPP,210,36,1324
GPP,211,36,1324
GPP,212,36,1340
GPP,213,36,1340
GPP,214,36,1355
GPP,215,36,1355
GPP,216,36,1355
GPP,217,35,1371
GPP,218,35,1371
GPP,219,35,1387
GPP,220,35,1387
GPP,221,35,1387
GPP,222,35,1402
GPP,223,35,1402
GPP,224,35,1418
GPP,225,35,1418
GPP,226,35,1418
GPP,227,35,1434
GPP,228,35,1434
GPP,229,35,1449
GPP,230,35,1449
GPP,231,35,1449
GPP,232,35,1465
GPP,233,35,1465
GPP,234,35,1481
GPP,235,35,1481
GPP,236,35,1481
GPP,237,35,1496
GPP,238,35,1496
GPP,239,35,1512
GPP,240,35,1512
GPP,241,35,1512
GPP,242,35,1528
GPP,243,35,1528
GPP,244,35,1544
GPP,245,35,1544
GPP,246,35,1544
GPP,247,35,1559
GPP,248,35,1559
GPP,249,35,1575
GPP,250,35,1575
GPP,251,35,1575
GPP,252,35,1591
GPP,253,35,1591
GPP,254,35,1606
GPP,255,35,1606
GPP,256,35,1606
GPP,257,35,1622
GPP,258,35,1622
GPP,259,35,1638
GPP,260,35,1638
GPP,261,35,1638
GPP,262,35,1654
GPP,263,35,1654
GPP,264,35,1654
GPP,265,35,1669
GPP,266,35,1669
GPP,267,35,1685
GPP,268,35,1685
GPP,269,35,1685
GPP,270,35,1701
GPP,271,35,1701
GPP,272,35,1716
GPP,273,35,1716
GPP,274,35,1716
GPP,275,35,1732
GPP,276,35,1732
GPP,277,35,1748
GPP,278,35,1748
GPP,279,35,1748
GPP,280,35,1763
GPP,281,35,1763
GPP,282,35,1779
GPP,283,35,1779
GPP,284,35,1795
GPP,285,35,1795
GPP,286,35,1795
GPP,287,35,1811
GPP,288,35,1811
GPP,289,35,1826
GPP,290,35,1826
GPP,291,35,1826
GPP,292,35,1842
GPP,293,35,1842
GPP,294,35,1858
GPP,295,35,1858
GPP,296,35,1858
GPP,297,35,1873
GPP,298,35,1873
GPP,299,35,1873
GPP,300,35,1889
GPP,301,35,1889
GPP,302,35,1905
GPP,303,35,1905
GPP,304,35,1905
GPP,305,35,1920
GPP,306,35,1920
GPP,307,35,1936
GPP,308,35,1936
GPP,309,35,1936
GPP,310,35,1952
GPP,311,35,1952
GPP,312,35,1968
GPP,313,35,1968
GPP,314,35,1968
GPP,315,35,1983
GPP,316,35,1983
GPP,317,35,1999
GPP,318,35,1999
GPP,319,35,1999
GPP,320,35,2015
GPP,321,35,2015
GPP,322,35,2030
GPP,323,35,2030
GPP,324,35,2030
GPP,325,35,2046
GPP,326,35,2046
GPP,327,35,2062
GPP,328,35,2062
GPP,329,35,2062
GPP,330,35,2077
GPP,331,35,2077
GPP,332,35,2093
GPP,333,35,2093
GPP,334,35,2093
GPP,335,35,2109
GPP,336,35,2109
GPP,337,35,2125
GPP,338,35,2125
GPP,339,35,2125
GPP,340,35,2140
GPP,341,35,2140
GPP,342,35,2156
GPP,343,35,2156
GPP,344,35,2156
GPP,345,35,2172
GPP,346,35,2172
GPP,347,35,2172
GPP,348,35,2187
GPP,349,35,2187
GPP,350,35,2203
GPP,351,35,2203
GPP,352,35,2203
GPP,353,35,2219
GPP,354,35,2219
GPP,355,35,2235
GPP,356,35,2235
GPP,357,35,2235
GPP,358,35,2250
GPP,359,35,2250
GPP,360,35,2266
GPP,361,35,2266
GPP,362,35,2266
GPP,363,35,2282
GPP,364,35,2282
GPP,365,35,2297
GPP,366,35,2297
GPP,367,35,2297
GPP,368,35,2313
GPP,369,35,2313
GPP,370,35,2329
GPP,371,35,2329
GPP,372,35,2329
GPP,373,35,2344
GPP,374,35,2344
GPP,375,35,2360
GPP,376,35,2360
GPP,377,35,2360
GPP,378,35,2376
GPP,379,35,2376
GPP,380,35,2392
GPP,381,35,2392
GPP,382,35,2392
GPP,383,35,2407
GPP,384,35,2407
GPP,385,35,2423
GPP,386,35,2423
GPP,387,35,2423
GPP,388,35,2439
GPP,389,35,2439
GPP,390,35,2454
GPP,391,35,2454
GPP,392,35,2454
GPP,393,35,2470
GPP,394,35,2470
GPP,395,35,2486
GPP,396,35,2486
GPP,397,35,2486
GPP,398,35,2502
GPP,399,35,2502
GPP,400,35,2519
GPP,401,35,2525
GPP,402,35,2525
GPP,403,35,2533
GPP,404,35,2533
GPP,405,35,2549
GPP,406,35,2549
GPP,407,35,2549
GPP,408,35,2564
GPP,409,35,2564
GPP,410,35,2580
GPP,411,35,2580
GPP,412,35,2580
GPP,413,35,2596
GPP,414,35,2596
GPP,415,35,2612
GPP,416,35,2612
GPP,417,35,2612
GPP,418,35,2627
GPP,419,35,2627
GPP,420,35,2643
GPP,421,35,2643
GPP,422,35,2659
GPP,423,35,2659
GPP,424,35,2659
GPP,425,35,2674
GPP,426,35,2674
GPP,427,35,2690
GPP,428,35,2690
GPP,429,35,2690
GPP,430,35,2706
GPP,431,35,2706
GPP,432,35,2722
GPP,433,35,2722
GPP,434,35,2722
GPP,435,35,2737
GPP,436,35,2737
GPP,437,35,2753
GPP,438,35,2753
GPP,439,35,2769
GPP,440,35,2769
GPP,441,35,2769
GPP,442,35,2784
GPP,443,35,2784
GPP,444,35,2800
GPP,445,35,2800
GPP,446,35,2800
GPP,447,35,2816
GPP,448,35,2816
GPP,449,35,2831
GPP,450,35,2831
GPP,451,35,2831
GPP,452,35,2847
GPP,453,35,2847
GPP,454,35,2863
GPP,455,35,2863
GPP,456,35,2863
GPP,457,35,2879
GPP,458,35,2879
GPP,459,35,2894
GPP,460,35,2894
GPP,461,35,2910
GPP,462,35,2910
GPP,463,35,2910
GPP,464,35,2926
GPP,465,35,2926
GPP,466,35,2941
GPP,467,35,2941
GPP,468,35,2941
GPP,469,35,2957
GPP,470,35,2957
GPP,471,35,2973
GPP,472,35,2973
GPP,473,35,2973
GPP,474,35,2989
GPP,475,35,2989
GPP,476,35,3004
GPP,477,35,3004
GPP,478,35,3004
GPP,479,35,3020
GPP,480,35,3020
GPP,481,35,3036
GPP,482,35,3036
GPP,483,35,3036
GPP,484,35,3052
GPP,485,35,3052
GPP,486,35,3067
GPP,487,35,3067
GPP,488,35,3067
GPP,489,35,3083
GPP,490,35,3083
GPP,491,35,3099
GPP,492,35,3099
GPP,493,35,3114
GPP,494,35,3114
GPP,495,35,3114
GPP,496,35,3130
GPP,497,35,3130
GPP,498,35,3146
GPP,499,35,3146
GPP,500,35,3146
GPP,501,35,3162
GPP,502,35,3162
GPP,503,35,3177
GPP,504,35,3177
GPP,505,35,3177
GPP,506,35,3193
GPP,507,35,3193
GPP,508,35,3209
GPP,509,35,3209
GPP,510,35,3209
GPP,511,35,3224
GPP,512,35,3224
GPP,513,35,3240
GPP,514,35,3240
GPP,515,35,3240
GPP,516,35,3256
GPP,517,35,3256
GPP,518,35,3272
GPP,519,35,3272
GPP,520,35,3272
GPP,521,35,3287
GPP,522,35,3287
GPP,523,35,3303
GPP,524,35,3303
GPP,525,35,3319
GPP,526,35,3319
GPP,527,35,3319
GPP,528,35,3334
GPP,529,35,3334
GPP,530,35,3350
GPP,531,35,3350
GPP,532,35,3350
GPP,533,35,3366
GPP,534,35,3366
GPP,535,35,3382
GPP,536,35,3382
GPP,537,35,3382
GPP,538,35,3397
GPP,539,35,3397
GPP,540,35,3413
GPP,541,35,3413
GPP,542,35,3413
GPP,543,35,3429
GPP,544,35,3429
GPP,545,35,3444
GPP,546,35,3444
GPP,547,35,3444
GPP,548,35,3460
GPP,549,35,3460
GPP,550,35,3476
GPP,551,35,3476
GPP,552,35,3492
GPP,553,35,3492
GPP,554,35,3492
GPP,555,35,3507
GPP,556,35,3507
GPP,557,35,3523
GPP,558,35,3523
GPP,559,35,3523
GPP,560,35,3539
GPP,561,35,3539
GPP,562,35,3554
GPP,563,35,3554
GPP,564,35,3554
GPP,565,35,3570
GPP,566,35,3570
GPP,567,35,3586
GPP,568,35,3586
GPP,569,35,3602
GPP,570,35,3602
GPP,571,35,3602
GPP,572,35,3617
GPP,573,35,3617
GPP,574,35,3633
GPP,575,35,3633
GPP,576,35,3633
GPP,577,35,3649
GPP,578,35,3649
GPP,579,35,3664
GPP,580,35,3664
GPP,581,35,3664
GPP,582,35,3680
GPP,583,35,3680
GPP,584,35,3696
GPP,585,35,3696
GPP,586,35,3696
GPP,587,35,3712
GPP,588,35,3712
GPP,589,35,3727
GPP,590,35,3727
GPP,591,35,3743
GPP,592,35,3743
GPP,593,35,3743
GPP,594,35,3759
GPP,595,35,3759
GPP,596,35,3774
GPP,597,35,3774
GPP,598,35,3774
GPP,599,35,3790
GPP,600,35,3790
GPP,601,35,3806
GPP,602,35,3806
GPP,603,35,3806
GPP,604,35,3821
GPP,605,35,3821
GPP,606,35,3837
GPP,607,35,3837
GPP,608,35,3837
GPP,609,35,3853
GPP,610,35,3853
GPP,611,35,3871
GPP,612,35,3877
GPP,613,35,3877
GPP,614,35,3884
GPP,615,35,3884
GPP,616,35,3900
GPP,617,35,3900
GPP,618,35,3916
GPP,619,35,3916
GPP,620,35,3916
GPP,621,35,3931
GPP,622,35,3931
GPP,623,35,3947
GPP,624,35,3947
GPP,625,35,3947
GPP,626,35,3963
GPP,627,35,3963
GPP,628,35,3979
GPP,629,35,3979
GPP,630,35,3979
GPP,631,35,3994
GPP,632,35,3994
GPP,633,35,4010
GPP,634,35,4010
GPP,635,35,4010
GPP,636,35,4026
GPP,637,35,4026
GPP,638,35,4041
GPP,639,35,4041
GPP,640,35,4041
GPP,641,35,4057
GPP,642,35,4057
GPP,643,35,4073
GPP,644,35,4073
GPP,645,35,4088
GPP,646,35,4088
GPP,647,35,4088
GPP,648,35,4104
GPP,649,35,4104
GPP,650,35,4120
GPP,651,35,4120
GPP,652,35,4120
GPP,653,35,4136
GPP,654,35,4136
GPP,655,35,4151
GPP,656,35,4151
GPP,657,35,4151
GPP,658,35,4167
GPP,659,35,4167
GPP,660,35,4183
GPP,661,35,4183
GPP,662,35,4183
GPP,663,35,4198
GPP,664,35,4198
GPP,665,35,4214
GPP,666,35,4214
GPP,667,35,4214
GPP,668,35,4230
GPP,669,35,4230
GPP,670,35,4245
GPP,671,35,4245
GPP,672,35,4261
GPP,673,35,4261
GPP,674,35,4261
GPP,675,35,4277
GPP,676,35,4277
GPP,677,35,4293
GPP,678,35,4293
GPP,679,35,4293
GPP,680,35,4308
GPP,681,35,4308
GPP,682,35,4324
GPP,683,35,4324
GPP,684,35,4324
GPP,685,35,4340
GPP,686,35,4340
GPP,687,35,4356
GPP,688,35,4356
GPP,689,35,4356
GPP,690,35,4371
GPP,691,35,4371
GPP,692,35,4387
GPP,693,35,4387
GPP,694,35,4403
GPP,695,35,4403
GPP,696,35,4403
GPP,697,35,4418
GPP,698,35,4418
GPP,699,35,4434
GPP,700,35,4434
GPP,701,35,4450
GPP,702,35,4450
GPP,703,35,4450
GPP,704,35,4466
GPP,705,35,4466
GPP,706,35,4481
GPP,707,35,4481
GPP,708,35,4481
GPP,709,35,4497
GPP,710,35,4497
GPP,711,35,4513
GPP,712,35,4513
GPP,713,35,4528
GPP,714,35,4528
GPP,715,35,4528
GPP,716,35,4544
GPP,717,35,4544
GPP,718,35,4560
GPP,719,35,4560
GPP,720,35,4560
GPP,721,35,4575
GPP,722,35,4575
GPP,723,35,4591
GPP,724,35,4591
GPP,725,35,4591
GPP,726,35,4607
GPP,727,35,4607
GPP,728,35,4623
GPP,729,35,4623
GPP,730,35,4638
GPP,731,35,4638
GPP,732,35,4638
GPP,733,35,4654
GPP,734,35,4654
GPP,735,35,4670
GPP,736,35,4670
GPP,737,35,4670
GPP,738,35,4685
GPP,739,35,4685
GPP,740,35,4701
GPP,741,35,4701
GPP,742,35,4701
GPP,743,35,4717
GPP,744,35,4717
GPP,745,35,4732
GPP,746,35,4732
GPP,747,35,4732
GPP,748,35,4748
GPP,749,35,4748
GPP,750,35,4764
GPP,751,35,4764
GPP,752,35,4780
GPP,753,35,4780
GPP,754,35,4780
GPP,755,35,4795
GPP,756,35,4795
GPP,757,35,4811
GPP,758,35,4811
GPP,759,35,4811
GPP,760,35,4827
GPP,761,35,4827
GPP,762,35,4843
GPP,763,35,4843
GPP,764,35,4843
GPP,765,35,4858
GPP,766,35,4858
GPP,767,35,4874
GPP,768,35,4874
GPP,769,35,4874
GPP,770,35,4890
GPP,771,35,4890
GPP,772,35,4905
GPP,773,35,4905
GPP,774,35,4905
GPP,775,35,4921
GPP,776,35,4921
GPP,777,35,4937
GPP,778,35,4937
GPP,779,35,4952
GPP,780,35,4952
GPP,781,35,4952
GPP,782,35,4968
GPP,783,35,4968
GPP,784,35,4984
GPP,785,35,4984
GPP,786,35,4984
GPP,787,35,5000
GPP,788,35,5000
GPP,789,35,5015
GPP,790,35,5015
GPP,791,35,5015
GPP,792,35,5031
GPP,793,35,5031
GPP,794,35,5047
GPP,795,35,5047
GPP,796,35,5047
GPP,797,35,5063
GPP,798,35,5063
GPP,799,35,5078
GPP,800,35,5078
GPP,801,35,5094
GPP,802,35,5094
GPP,803,35,5094
GPP,804,35,5110
GPP,805,35,5110
GPP,806,35,5125
GPP,807,35,5125
GPP,808,35,5125
GPP,809,35,5141
GPP,810,35,5141
GPP,811,35,5157
GPP,812,35,5157
GPP,813,35,5157
GPP,814,35,5172
GPP,815,35,5172
GPP,816,35,5188
GPP,817,35,5188
GPP,818,35,5188
GPP,819,35,5204
GPP,820,35,5204
GPP,821,35,5219
GPP,822,35,5219
GPP,823,35,5219
GPP,824,35,5240
GPP,825,35,5243
GPP,826,35,5251
GPP,827,35,5251
GPP,828,35,5267
GPP,829,35,5267
GPP,830,35,5267
GPP,831,35,5282
GPP,832,35,5282
GPP,833,35,5298
GPP,834,35,5298
GPP,835,35,5298
GPP,836,35,5314
GPP,837,35,5314
GPP,838,35,5329
GPP,839,35,5329
GPP,840,35,5329
GPP,841,35,5345
GPP,842,35,5345
GPP,843,35,5361
GPP,844,35,5361
GPP,845,35,5361
GPP,846,35,5377
GPP,847,35,5377
GPP,848,35,5392
GPP,849,35,5392
GPP,850,35,5392
GPP,851,35,5408
GPP,852,35,5408
GPP,853,35,5424
GPP,854,35,5424
GPP,855,35,5439
GPP,856,35,5439
GPP,857,35,5439
GPP,858,35,5455
GPP,859,35,5455
GPP,860,35,5471
GPP,861,35,5471
GPP,862,35,5471
GPP,863,35,5486
GPP,864,35,5486
GPP,865,35,5502
GPP,866,35,5502
GPP,867,35,5502
GPP,868,35,5518
GPP,869,35,5518
GPP,870,34,5533
GPP,871,34,5533
GPP,872,34,5533
GPP,873,34,5549
GPP,874,34,5549
GPP,875,34,5565
GPP,876,34,5565
GPP,877,34,5565
GPP,878,34,5581
GPP,879,34,5581
GPP,880,34,5596
GPP,881,34,5596
GPP,882,34,5596
GPP,883,34,5612
GPP,884,34,5612
GPP,885,34,5628
GPP,886,34,5628
GPP,887,34,5628
GPP,888,34,5644
GPP,889,34,5644
GPP,890,34,5659
GPP,891,34,5659
GPP,892,34,5659
GPP,893,34,5675
GPP,894,34,5675
GPP,895,34,5691
GPP,896,34,5691
GPP,897,34,5691
GPP,898,34,5707
GPP,899,34,5707
GPP,900,34,5707
GPP,901,34,5722
GPP,902,34,5722
GPP,903,34,5738
GPP,904,34,5738
GPP,905,34,5738
GPP,906,34,5754
GPP,907,34,5754
GPP,908,34,5769
GPP,909,34,5769
GPP,910,34,5769
GPP,911,34,5785
GPP,912,34,5785
GPP,913,34,5801
GPP,914,34,5801
GPP,915,34,5801
GPP,916,34,5816
GPP,917,34,5816
GPP,918,34,5832
GPP,919,34,5832
GPP,920,34,5832
GPP,921,34,5848
GPP,922,34,5848
GPP,923,34,5863
GPP,924,34,5863
GPP,925,34,5863
GPP,926,34,5879
GPP,927,34,5879
GPP,928,34,5895
GPP,929,34,5895
GPP,930,34,5895
GPP,931,34,5910
GPP,932,34,5910
GPP,933,34,5910
GPP,934,34,5926
GPP,935,34,5926
GPP,936,34,5942
GPP,937,34,5942
GPP,938,34,5942
GPP,939,34,5958
GPP,940,34,5958
GPP,941,34,5973
GPP,942,34,5973
GPP,943,34,5973
GPP,944,34,5989
GPP,945,34,5989
GPP,946,34,6004
GPP,947,34,6004
GPP,948,34,6004
GPP,949,34,6020
GPP,950,34,6020
GPP,951,34,6036
GPP,952,34,6036
GPP,953,34,6036
GPP,954,34,6052
GPP,955,34,6052
GPP,956,34,6067
GPP,957,34,6067
GPP,958,34,6067
GPP,959,34,6083
GPP,960,34,6083
GPP,961,34,6083
GPP,962,34,6099
GPP,963,34,6099
GPP,964,34,6115
GPP,965,34,6115
GPP,966,34,6115
GPP,967,34,6130
GPP,968,34,6130
GPP,969,34,6146
GPP,970,34,6146
GPP,971,34,6146
GPP,972,34,6162
GPP,973,34,6162
GPP,974,34,6177
GPP,975,34,6177
GPP,976,34,6177
GPP,977,34,6193
GPP,978,34,6193
GPP,979,34,6209
GPP,980,34,6209
GPP,981,34,6209
GPP,982,34,6225
GPP,983,34,6225
GPP,984,34,6225
GPP,985,34,6240
GPP,986,34,6240
GPP,987,34,6256
GPP,988,34,6256
GPP,989,34,6256
GPP,990,34,6272
GPP,991,34,6272
GPP,992,34,6288
GPP,993,34,6288
GPP,994,34,6288
GPP,995,34,6303
GPP,996,34,6303
GPP,997,34,6319
GPP,998,34,6319
GPP,999,34,6319
GPP,1000,34,6335
GPP,1001,34,6335
GPP,1002,34,6350
GPP,1003,34,6350
GPP,1004,34,6350
GPP,1005,34,6366
GPP,1006,34,6366
GPP,1007,34,6382
GPP,1008,34,6382
GPP,1009,34,6382
GPP,1010,34,6398
GPP,1011,34,6398
GPP,1012,34,6413
GPP,1013,34,6413
GPP,1014,34,6413
GPP,1015,34,6429
GPP,1016,34,6429
GPP,1017,34,6429
GPP,1018,34,6445
GPP,1019,34,6445
GPP,1020,34,6460
GPP,1021,34,6460
GPP,1022,34,6460
GPP,1023,34,6476
GPP,1024,34,6476
GPP,1025,34,6492
GPP,1026,34,6492
GPP,1027,34,6492
GPP,1028,34,6508
GPP,1029,34,6508
GPP,1030,34,6523
GPP,1031,34,6523
GPP,1032,34,6523
GPP,1033,34,6539
GPP,1034,34,6539
GPP,1035,34,6555
GPP,1036,34,6555
GPP,1037,34,6555
GPP,1038,34,6570
GPP,1039,34,6570
GPP,1040,34,6586
GPP,1041,34,6586
GPP,1042,34,6586
GPP,1043,34,6607
GPP,1044,34,6610
GPP,1045,34,6618
GPP,1046,34,6618
GPP,1047,34,6618
GPP,1048,34,6633
GPP,1049,34,6633
GPP,1050,34,6649
GPP,1051,34,6649
GPP,1052,34,6649
GPP,1053,34,6665
GPP,1054,34,6665
GPP,1055,34,6680
GPP,1056,34,6680
GPP,1057,34,6680
GPP,1058,34,6696
GPP,1059,34,6696
GPP,1060,34,6712
GPP,1061,34,6712
GPP,1062,34,6712
GPP,1063,34,6727
GPP,1064,34,6727
GPP,1065,34,6743
GPP,1066,34,6743
GPP,1067,34,6743
GPP,1068,34,6759
GPP,1069,34,6759
GPP,1070,34,6759
GPP,1071,34,6774
GPP,1072,34,6774
GPP,1073,34,6790
GPP,1074,34,6790
GPP,1075,34,6806
GPP,1076,34,6806
GPP,1077,34,6806
GPP,1078,34,6822
GPP,1079,34,6822
GPP,1080,34,6837
GPP,1081,34,6837
GPP,1082,34,6837
GPP,1083,34,6853
GPP,1084,34,6853
GPP,1085,34,6869
GPP,1086,34,6869
GPP,1087,34,6869
GPP,1088,34,6884
GPP,1089,34,6884
GPP,1090,34,6900
GPP,1091,34,6900
GPP,1092,34,6900
GPP,1093,34,6916
GPP,1094,34,6916
GPP,1095,34,6931
GPP,1096,34,6931
GPP,1097,34,6931
GPP,1098,34,6947
GPP,1099,34,6947
GPP,1100,34,6963
GPP,1101,34,6963
GPP,1102,34,6978
GPP,1103,34,6978
GPP,1104,34,6978
GPP,1105,34,6994
GPP,1106,34,6994
GPP,1107,34,7010
GPP,1108,34,7010
GPP,1109,34,7010
GPP,1110,34,7026
GPP,1111,34,7026
GPP,1112,34,7041
GPP,1113,34,7041
GPP,1114,34,7041
GPP,1115,34,7057
GPP,1116,34,7057
GPP,1117,34,7073
GPP,1118,34,7073
GPP,1119,34,7073
GPP,1120,34,7088
GPP,1121,34,7088
GPP,1122,34,7104
GPP,1123,34,7104
GPP,1124,34,7104
GPP,1125,34,7120
GPP,1126,34,7120
GPP,1127,34,7135
GPP,1128,34,7135
GPP,1129,34,7151
GPP,1130,34,7151
GPP,1131,34,7151
GPP,1132,34,7167
GPP,1133,34,7167
GPP,1134,34,7183
GPP,1135,34,7183
GPP,1136,34,7183
GPP,1137,34,7198
GPP,1138,34,7198
GPP,1139,34,7214
GPP,1140,34,7214
GPP,1141,34,7214
GPP,1142,34,7230
GPP,1143,34,7230
GPP,1144,34,7245
GPP,1145,34,7245
GPP,1146,34,7245
GPP,1147,34,7261
GPP,1148,34,7261
GPP,1149,34,7277
GPP,1150,34,7277
GPP,1151,34,7277
GPP,1152,34,7293
GPP,1153,34,7293
GPP,1154,34,7308
GPP,1155,34,7308
GPP,1156,34,7308
GPP,1157,34,7324
GPP,1158,34,7324
GPP,1159,34,7340
GPP,1160,34,7340
GPP,1161,34,7340
GPP,1162,34,7355
GPP,1163,34,7355
GPP,1164,34,7371
GPP,1165,34,7371
GPP,1166,34,7387
GPP,1167,34,7387
GPP,1168,34,7387
GPP,1169,34,7403
GPP,1170,34,7403
GPP,1171,34,7418
GPP,1172,34,7418
GPP,1173,34,7418
GPP,1174,34,7434
GPP,1175,34,7434
GPP,1176,34,7450
GPP,1177,34,7450
GPP,1178,34,7450
GPP,1179,34,7465
GPP,1180,34,7465
GPP,1181,34,7481
GPP,1182,34,7481
GPP,1183,34,7481
GPP,1184,34,7497
GPP,1185,34,7497
GPP,1186,34,7513
GPP,1187,34,7513
GPP,1188,34,7513
GPP,1189,34,7528
GPP,1190,34,7528
GPP,1191,34,7544
GPP,1192,34,7544
GPP,1193,34,7560
GPP,1194,34,7560
GPP,1195,34,7560
GPP,1196,34,7575
GPP,1197,34,7575
GPP,1198,34,7591
GPP,1199,34,7591
GPP,1200,34,7591
GPP,1201,34,7607
GPP,1202,34,7607
GPP,1203,34,7623
GPP,1204,34,7623
GPP,1205,34,7623
GPP,1206,34,7638
GPP,1207,34,7638
GPP,1208,34,7654
GPP,1209,34,7654
GPP,1210,34,7654
GPP,1211,34,7670
GPP,1212,34,7670
GPP,1213,34,7686
GPP,1214,34,7686
GPP,1215,34,7686
GPP,1216,34,7701
GPP,1217,34,7701
GPP,1218,34,7717
GPP,1219,34,7717
GPP,1220,34,7733
GPP,1221,34,7733
GPP,1222,34,7733
GPP,1223,34,7748
GPP,1224,34,7748
GPP,1225,34,7764
GPP,1226,34,7764
GPP,1227,34,7764
GPP,1228,34,7780
GPP,1229,34,7780
GPP,1230,34,7796
GPP,1231,34,7796
GPP,1232,34,7796
GPP,1233,34,7811
GPP,1234,34,7811
GPP,1235,34,7827
GPP,1236,34,7827
GPP,1237,34,7827
GPP,1238,34,7843
GPP,1239,34,7843
GPP,1240,34,7858
GPP,1241,34,7858
GPP,1242,34,7858
GPP,1243,34,7874
GPP,1244,34,7874
GPP,1245,34,7890
GPP,1246,34,7890
GPP,1247,34,7905
GPP,1248,34,7905
GPP,1249,34,7905
GPP,1250,34,7921
GPP,1251,34,7921
GPP,1252,34,7937
GPP,1253,34,7937
GPP,1254,34,7937
GPP,1255,34,7953
GPP,1256,34,7953
GPP,1257,34,7968
GPP,1258,34,7975
GPP,1259,34,7976
GPP,1260,34,7984
GPP,1261,34,7984
GPP,1262,34,8000
GPP,1263,34,8000
GPP,1264,34,8000
GPP,1265,34,8015
GPP,1266,34,8015
GPP,1267,34,8031
GPP,1268,34,8031
GPP,1269,34,8031
GPP,1270,34,8047
GPP,1271,34,8047
GPP,1272,34,8062
GPP,1273,34,8062
GPP,1274,34,8078
GPP,1275,34,8078
GPP,1276,34,8078
GPP,1277,34,8094
GPP,1278,34,8094
GPP,1279,34,8109
GPP,1280,34,8109
GPP,1281,34,8109
GPP,1282,34,8125
GPP,1283,34,8125
GPP,1284,34,8141
GPP,1285,34,8141
GPP,1286,34,8141
GPP,1287,34,8157
GPP,1288,34,8157
GPP,1289,34,8172
GPP,1290,34,8172
GPP,1291,34,8172
GPP,1292,34,8188
GPP,1293,34,8188
GPP,1294,34,8204
GPP,1295,34,8204
GPP,1296,34,8204
GPP,1297,34,8219
GPP,1298,34,8219
GPP,1299,34,8235
GPP,1300,34,8235
GPP,1301,34,8251
GPP,1302,34,8251
GPP,1303,34,8251
GPP,1304,34,8267
GPP,1305,34,8267
GPP,1306,34,8282
GPP,1307,34,8282
GPP,1308,34,8282
GPP,1309,34,8298
GPP,1310,34,8298
GPP,1311,34,8314
GPP,1312,34,8314
GPP,1313,34,8330
GPP,1314,34,8330
GPP,1315,34,8330
GPP,1316,34,8345
GPP,1317,34,8345
GPP,1318,34,8361
GPP,1319,34,8361
GPP,1320,34,8361
GPP,1321,34,8377
GPP,1322,34,8377
GPP,1323,34,8392
GPP,1324,34,8392
GPP,1325,34,8408
GPP,1326,34,8408
GPP,1327,34,8408
GPP,1328,34,8424
GPP,1329,34,8424
GPP,1330,34,8440
GPP,1331,34,8440
GPP,1332,34,8440
GPP,1333,34,8455
GPP,1334,34,8455
GPP,1335,34,8471
GPP,1336,34,8471
GPP,1337,34,8471
GPP,1338,34,8487
GPP,1339,34,8487
GPP,1340,34,8502
GPP,1341,34,8502
GPP,1342,34,8518
GPP,1343,34,8518
GPP,1344,34,8518
GPP,1345,34,8534
GPP,1346,34,8534
GPP,1347,34,8549
GPP,1348,34,8549
GPP,1349,34,8549
GPP,1350,34,8565
GPP,1351,34,8565
GPP,1352,34,8581
GPP,1353,34,8581
GPP,1354,34,8581
GPP,1355,34,8597
GPP,1356,34,8597
GPP,1357,34,8612
GPP,1358,34,8612
GPP,1359,34,8628
GPP,1360,34,8628
GPP,1361,34,8628
GPP,1362,34,8644
GPP,1363,34,8644
GPP,1364,34,8659
GPP,1365,34,8659
GPP,1366,34,8659
GPP,1367,34,8675
GPP,1368,34,8675
GPP,1369,34,8691
GPP,1370,33,8691
GPP,1371,33,8691
GPP,1372,33,8707
GPP,1373,33,8707
GPP,1374,33,8722
GPP,1375,33,8722
GPP,1376,33,8722
GPP,1377,33,8738
GPP,1378,33,8738
GPP,1379,33,8754
GPP,1380,33,8754
GPP,1381,33,8754
GPP,1382,33,8769
GPP,1383,33,8769
GPP,1384,33,8785
GPP,1385,33,8785
GPP,1386,33,8785
GPP,1387,33,8801
GPP,1388,33,8801
GPP,1389,33,8816
GPP,1390,33,8816
GPP,1391,33,8816
GPP,1392,33,8832
GPP,1393,33,8832
GPP,1394,33,8848
GPP,1395,33,8848
GPP,1396,33,8848
GPP,1397,33,8864
GPP,1398,33,8864
GPP,1399,33,8879
GPP,1400,33,8879
GPP,1401,33,8879
GPP,1402,33,8895
GPP,1403,33,8895
GPP,1404,33,8911
GPP,1405,33,8911
GPP,1406,33,8911
GPP,1407,33,8926
GPP,1408,33,8926
GPP,1409,33,8942
GPP,1410,33,8942
GPP,1411,33,8942
GPP,1412,33,8958
GPP,1413,33,8958
GPP,1414,33,8958
GPP,1415,33,8974
GPP,1416,33,8974
GPP,1417,33,8989
GPP,1418,33,8989
GPP,1419,33,8989
GPP,1420,33,9005
GPP,1421,33,9005
GPP,1422,33,9021
GPP,1423,33,9021
GPP,1424,33,9021
GPP,1425,33,9037
GPP,1426,33,9037
GPP,1427,33,9052
GPP,1428,33,9052
GPP,1429,33,9052
GPP,1430,33,9068
GPP,1431,33,9068
GPP,1432,33,9084
GPP,1433,33,9084
GPP,1434,33,9084
GPP,1435,33,9100
GPP,1436,33,9100
GPP,1437,33,9115
GPP,1438,33,9115
GPP,1439,33,9115
GPP,1440,31,9131
GPP,1441,31,9131
GPP,1442,31,9131
GPP,1443,31,9147
GPP,1444,31,9147
GPP,1445,31,9162
GPP,1446,31,9162
GPP,1447,31,9162
GPP,1448,31,9178
GPP,1449,31,9178
GPP,1450,31,9194
GPP,1451,31,9194
GPP,1452,31,9194
GPP,1453,31,9210
GPP,1454,31,9210
GPP,1455,31,9225
GPP,1456,31,9225
GPP,1457,31,9225
GPP,1458,31,9241
GPP,1459,31,9241
GPP,1460,31,9257
GPP,1461,31,9257
GPP,1462,31,9257
GPP,1463,31,9273
GPP,1464,31,9273
GPP,1465,31,9273
GPP,1466,31,9288
GPP,1467,31,9288
GPP,1468,31,9304
GPP,1469,31,9304
GPP,1470,31,9304
GPP,1471,31,9325
GPP,1472,31,9328
GPP,1473,31,9336
GPP,1474,31,9336
GPP,1475,31,9336
GPP,1476,31,9351
GPP,1477,30,9351
GPP,1478,30,9367
GPP,1479,30,9367
GPP,1480,30,9367
GPP,1481,30,9383
GPP,1482,30,9383
GPP,1483,30,9399
GPP,1484,30,9399
GPP,1485,30,9399
GPP,1486,30,9414
GPP,1487,30,9414
GPP,1488,30,9430
GPP,1489,30,9430
GPP,1490,30,9430
GPP,1491,30,9446
GPP,1492,30,9446
GPP,1493,30,9461
GPP,1494,30,9461
GPP,1495,30,9461
GPP,1496,30,9477
GPP,1497,30,9477
GPP,1498,30,9493
GPP,1499,30,9493
GPP,1500,30,9493
GPP,1501,30,9508
GPP,1502,30,9508
GPP,1503,30,9508
GPP,1504,30,9524
GPP,1505,30,9524
GPP,1506,30,9540
GPP,1507,30,9540
GPP,1508,30,9540
GPP,1509,30,9556
GPP,1510,30,9556
GPP,1511,30,9571
GPP,1512,30,9571
GPP,1513,30,9571
GPP,1514,30,9587
GPP,1515,30,9587
GPP,1516,30,9603
GPP,1517,30,9603
GPP,1518,30,9603
GPP,1519,30,9618
GPP,1520,30,9618
GPP,1521,30,9634
GPP,1522,30,9634
GPP,1523,30,9634
GPP,1524,30,9650
GPP,1525,30,9650
GPP,1526,30,9665
GPP,1527,30,9665
GPP,1528,30,9665
GPP,1529,30,9681
GPP,1530,30,9681
GPP,1531,30,9697
GPP,1532,30,9697
GPP,1533,30,9697
GPP,1534,30,9712
GPP,1535,30,9712
GPP,1536,30,9728
GPP,1537,30,9728
GPP,1538,30,9728
GPP,1539,30,9744
GPP,1540,30,9744
GPP,1541,30,9760
GPP,1542,30,9760
GPP,1543,30,9760
GPP,1544,30,9775
GPP,1545,30,9775
GPP,1546,30,9791
GPP,1547,30,9791
GPP,1548,30,9791
GPP,1549,30,9807
GPP,1550,30,9807
GPP,1551,30,9822
GPP,1552,30,9822
GPP,1553,30,9822
GPP,1554,30,9838
GPP,1555,30,9838
GPP,1556,30,9854
GPP,1557,30,9854
GPP,1558,30,9854
GPP,1559,30,9869
GPP,1560,30,9869
GPP,1561,30,9885
GPP,1562,30,9885
GPP,1563,30,9885
GPP,1564,30,9901
GPP,1565,30,9901
GPP,1566,30,9901
GPP,1567,30,9916
GPP,1568,30,9916
GPP,1569,30,9932
GPP,1570,30,9932
GPP,1571,30,9932
GPP,1572,30,9948
GPP,1573,30,9948
GPP,1574,30,9964
GPP,1575,30,9964
GPP,1576,30,9964
GPP,1577,30,9979
GPP,1578,30,9979
GPP,1579,30,9995
GPP,1580,30,9995
GPP,1581,30,9995
GPP,1582,30,10011
GPP,1583,30,10011
GPP,1584,30,10026
GPP,1585,30,10026
GPP,1586,30,10026
GPP,1587,30,10042
GPP,1588,30,10042
GPP,1589,30,10058
GPP,1590,30,10058
GPP,1591,30,10058
GPP,1592,30,10074
GPP,1593,30,10074
GPP,1594,30,10089
GPP,1595,30,10089
GPP,1596,30,10089
GPP,1597,30,10105
GPP,1598,30,10105
GPP,1599,30,10121
GPP,1600,30,10121
GPP,1601,30,10121
GPP,1602,30,10137
GPP,1603,30,10137
GPP,1604,30,10152
GPP,1605,30,10152
GPP,1606,30,10152
GPP,1607,30,10168
GPP,1608,30,10168
GPP,1609,30,10184
GPP,1610,29,10184
GPP,1611,29,10184
GPP,1612,29,10200
GPP,1613,29,10200
GPP,1614,29,10200
GPP,1615,29,10215
GPP,1616,29,10215
GPP,1617,29,10231
GPP,1618,29,10231
GPP,1619,29,10231
GPP,1620,29,10247
GPP,1621,29,10247
GPP,1622,29,10262
GPP,1623,29,10262
GPP,1624,29,10262
GPP,1625,29,10278
GPP,1626,29,10278
GPP,1627,29,10294
GPP,1628,29,10294
GPP,1629,29,10294
GPP,1630,29,10309
GPP,1631,29,10309
GPP,1632,29,10325
GPP,1633,29,10325
GPP,1634,29,10325
GPP,1635,29,10341
GPP,1636,29,10341
GPP,1637,29,10357
GPP,1638,29,10357
GPP,1639,29,10357
GPP,1640,29,10375
GPP,1641,29,10380
GPP,1642,29,10380
GPP,1643,29,10388
GPP,1644,29,10388
GPP,1645,29,10404
GPP,1646,29,10404
GPP,1647,29,10404
GPP,1648,29,10419
GPP,1649,29,10419
GPP,1650,29,10435
GPP,1651,29,10435
GPP,1652,29,10435
GPP,1653,29,10451
GPP,1654,29,10451
GPP,1655,29,10467
GPP,1656,29,10467
GPP,1657,29,10467
GPP,1658,29,10482
GPP,1659,29,10482
GPP,1660,29,10498
GPP,1661,29,10498
GPP,1662,29,10498
GPP,1663,29,10514
GPP,1664,29,10514
GPP,1665,29,10530
GPP,1666,29,10530
GPP,1667,29,10530
GPP,1668,29,10545
GPP,1669,29,10545
GPP,1670,29,10561
GPP,1671,29,10561
GPP,1672,29,10561
GPP,1673,29,10577
GPP,1674,29,10577
GPP,1675,29,10593
GPP,1676,29,10593
GPP,1677,29,10593
GPP,1678,29,10608
GPP,1679,29,10608
GPP,1680,29,10624
GPP,1681,29,10624
GPP,1682,29,10624
GPP,1683,29,10640
GPP,1684,29,10640
GPP,1685,29,10640
GPP,1686,29,10655
GPP,1687,29,10655
GPP,1688,29,10671
GPP,1689,29,10671
GPP,1690,29,10671
GPP,1691,29,10692
GPP,1692,29,10695
GPP,1693,29,10702
GPP,1694,29,10702
GPP,1695,29,10702
GPP,1696,29,10718
GPP,1697,29,10718
GPP,1698,29,10734
GPP,1699,29,10734
GPP,1700,29,10734
GPP,1701,29,10750
GPP,1702,29,10750
GPP,1703,29,10765
GPP,1704,29,10765
GPP,1705,29,10765
GPP,1706,29,10781
GPP,1707,29,10781
GPP,1708,29,10797
GPP,1709,29,10797
GPP,1710,29,10797
GPP,1711,29,10812
GPP,1712,29,10812
GPP,1713,29,10828
GPP,1714,29,10828
GPP,1715,29,10828
GPP,1716,29,10844
GPP,1717,28,10844
GPP,1718,28,10860
GPP,1719,28,10860
GPP,1720,28,10860
GPP,1721,28,10875
GPP,1722,28,10875
GPP,1723,28,10875
GPP,1724,28,10891
GPP,1725,28,10891
GPP,1726,28,10907
GPP,1727,28,10907
GPP,1728,28,10907
GPP,1729,28,10923
GPP,1730,28,10923
GPP,1731,28,10938
GPP,1732,28,10938
GPP,1733,28,10938
GPP,1734,28,10954
GPP,1735,28,10954
GPP,1736,28,10970
GPP,1737,28,10970
GPP,1738,28,10970
GPP,1739,28,10985
GPP,1740,28,10985
GPP,1741,28,11001
GPP,1742,28,11001
GPP,1743,28,11001
GPP,1744,28,11017
GPP,1745,28,11017
GPP,1746,28,11032
GPP,1747,28,11032
GPP,1748,28,11032
GPP,1749,28,11048
GPP,1750,28,11048
GPP,1751,28,11064
GPP,1752,28,11064
GPP,1753,28,11064
GPP,1754,28,11079
GPP,1755,28,11079
GPP,1756,28,11095
GPP,1757,28,11095
GPP,1758,28,11095
GPP,1759,28,11111
GPP,1760,28,11111
GPP,1761,28,11126
GPP,1762,28,11126
GPP,1763,28,11126
GPP,1764,28,11142
GPP,1765,28,11142
GPP,1766,28,11158
GPP,1767,28,11158
GPP,1768,28,11158
GPP,1769,28,11173
GPP,1770,28,11173
GPP,1771,28,11189
GPP,1772,28,11189
GPP,1773,28,11189
GPP,1774,28,11205
GPP,1775,28,11205
GPP,1776,28,11205
GPP,1777,28,11220
GPP,1778,28,11220
GPP,1779,28,11236
GPP,1780,28,11236
GPP,1781,28,11236
GPP,1782,28,11252
GPP,1783,28,11252
GPP,1784,28,11267
GPP,1785,28,11267
GPP,1786,28,11267
GPP,1787,28,11283
GPP,1788,28,11283
GPP,1789,26,11299
GPP,1790,26,11299
GPP,1791,26,11299
GPP,1792,26,11314
GPP,1793,26,11314
GPP,1794,26,11330
GPP,1795,26,11330
GPP,1796,26,11330
GPP,1797,26,11346
GPP,1798,26,11346
GPP,1799,26,11362
GPP,1800,26,11362
GPP,1801,26,11362
GPP,1802,26,11377
GPP,1803,26,11377
GPP,1804,26,11393
GPP,1805,26,11393
GPP,1806,26,11393
GPP,1807,26,11409
GPP,1808,26,11409
GPP,1809,26,11424
GPP,1810,26,11424
GPP,1811,26,11424
GPP,1812,26,11440
GPP,1813,26,11440
GPP,1814,26,11456
GPP,1815,26,11456
GPP,1816,26,11456
GPP,1817,26,11472
GPP,1818,26,11472
GPP,1819,26,11487
GPP,1820,26,11487
GPP,1821,26,11487
GPP,1822,26,11503
GPP,1823,26,11503
GPP,1824,26,11519
GPP,1825,26,11519
GPP,1826,26,11519
GPP,1827,26,11534
GPP,1828,26,11534
GPP,1829,26,11550
GPP,1830,26,11550
GPP,1831,26,11550
GPP,1832,26,11566
GPP,1833,26,11566
GPP,1834,26,11581
GPP,1835,25,11581
GPP,1836,25,11581
GPP,1837,25,11597
GPP,1838,25,11597
GPP,1839,25,11613
GPP,1840,25,11613
GPP,1841,25,11613
GPP,1842,25,11628
GPP,1843,25,11628
GPP,1844,25,11628
GPP,1845,25,11644
GPP,1846,25,11644
GPP,1847,25,11660
GPP,1848,25,11660
GPP,1849,25,11675
GPP,1850,25,11675
GPP,1851,25,11675
GPP,1852,25,11691
GPP,1853,25,11691
GPP,1854,25,11707
GPP,1855,25,11707
GPP,1856,25,11707
GPP,1857,25,11722
GPP,1858,25,11722
GPP,1859,25,11738
GPP,1860,25,11738
GPP,1861,25,11738
GPP,1862,25,11754
GPP,1863,25,11754
GPP,1864,25,11770
GPP,1865,25,11770
GPP,1866,25,11770
GPP,1867,25,11785
GPP,1868,25,11785
GPP,1869,25,11801
GPP,1870,25,11801
GPP,1871,25,11801
GPP,1872,25,11817
GPP,1873,25,11817
GPP,1874,25,11833
GPP,1875,25,11833
GPP,1876,25,11833
GPP,1877,25,11848
GPP,1878,25,11848
GPP,1879,25,11864
GPP,1880,25,11864
GPP,1881,25,11864
GPP,1882,25,11880
GPP,1883,25,11880
GPP,1884,25,11895
GPP,1885,25,11895
GPP,1886,25,11895
GPP,1887,25,11911
GPP,1888,25,11911
GPP,1889,25,11911
GPP,1890,25,11927
GPP,1891,25,11927
GPP,1892,25,11943
GPP,1893,25,11943
GPP,1894,25,11943
GPP,1895,25,11958
GPP,1896,24,11958
GPP,1897,24,11974
GPP,1898,24,11974
GPP,1899,24,11974
GPP,1900,24,11989
GPP,1901,24,11989
GPP,1902,24,12005
GPP,1903,24,12005
GPP,1904,24,12005
GPP,1905,24,12021
GPP,1906,24,12021
GPP,1907,24,12037
GPP,1908,24,12037
GPP,1909,24,12037
GPP,1910,24,12055
GPP,1911,24,12061
GPP,1912,24,12068
GPP,1913,24,12068
GPP,1914,24,12068
GPP,1915,24,12084
GPP,1916,24,12084
GPP,1917,24,12084
GPP,1918,24,12100
GPP,1919,24,12100
GPP,1920,24,12115
GPP,1921,24,12115
GPP,1922,24,12115
GPP,1923,24,12131
GPP,1924,24,12131
GPP,1925,24,12147
GPP,1926,24,12147
GPP,1927,24,12147
GPP,1928,24,12162
GPP,1929,24,12162
GPP,1930,24,12178
GPP,1931,24,12178
GPP,1932,24,12178
GPP,1933,24,12194
GPP,1934,24,12194
GPP,1935,24,12210
GPP,1936,24,12210
GPP,1937,24,12210
GPP,1938,24,12225
GPP,1939,24,12225
GPP,1940,24,12225
GPP,1941,24,12241
GPP,1942,24,12241
GPP,1943,24,12257
GPP,1944,24,12257
GPP,1945,24,12257
GPP,1946,24,12272
GPP,1947,24,12272
GPP,1948,24,12288
GPP,1949,24,12288
GPP,1950,24,12288
GPP,1951,24,12304
GPP,1952,24,12304
GPP,1953,24,12320
GPP,1954,24,12320
GPP,1955,24,12320
GPP,1956,24,12335
GPP,1957,24,12335
GPP,1958,24,12351
GPP,1959,24,12351
GPP,1960,24,12351
GPP,1961,24,12367
GPP,1962,24,12367
GPP,1963,24,12367
GPP,1964,24,12383
GPP,1965,24,12383
GPP,1966,24,12398
GPP,1967,24,12398
GPP,1968,24,12398
GPP,1969,24,12414
GPP,1970,23,12414
GPP,1971,23,12430
GPP,1972,23,12430
GPP,1973,23,12430
GPP,1974,23,12445
GPP,1975,23,12445
GPP,1976,23,12461
GPP,1977,23,12461
GPP,1978,23,12461
GPP,1979,23,12477
GPP,1980,23,12477
GPP,1981,23,12492
GPP,1982,23,12492
GPP,1983,23,12492
GPP,1984,23,12508
GPP,1985,23,12508
GPP,1986,23,12524
GPP,1987,23,12524
GPP,1988,23,12524
GPP,1989,23,12540
GPP,1990,23,12540
GPP,1991,23,12555
GPP,1992,23,12555
GPP,1993,23,12555
GPP,1994,23,12571
GPP,1995,23,12571
GPP,1996,23,12587
GPP,1997,23,12587
GPP,1998,23,12587
GPP,1999,23,12603
GPP,2000,23,12603
GPP,2001,23,12618
GPP,2002,23,12618
GPP,2003,23,12618
GPP,2004,23,12634
GPP,2005,23,12634
GPP,2006,23,12650
GPP,2007,23,12650
GPP,2008,23,12650
GPP,2009,23,12665
GPP,2010,23,12665
GPP,2011,23,12665
GPP,2012,23,12681
GPP,2013,23,12681
GPP,2014,23,12697
GPP,2015,23,12697
GPP,2016,23,12697
GPP,2017,23,12712
GPP,2018,23,12712
GPP,2019,23,12728
GPP,2020,23,12728
GPP,2021,23,12728
GPP,2022,23,12744
GPP,2023,23,12744
GPP,2024,23,12760
GPP,2025,23,12760
GPP,2026,23,12760
GPP,2027,23,12775
GPP,2028,23,12775
GPP,2029,23,12791
GPP,2030,23,12791
GPP,2031,23,12791
GPP,2032,23,12807
GPP,2033,23,12807
GPP,2034,23,12822
GPP,2035,23,12822
GPP,2036,23,12822
GPP,2037,23,12838
GPP,2038,23,12838
GPP,2039,23,12838
GPP,2040,23,12854
GPP,2041,23,12854
GPP,2042,23,12870
GPP,2043,23,12870
GPP,2044,23,12870
GPP,2045,23,12885
GPP,2046,23,12885
GPP,2047,23,12901
GPP,2048,23,12901
GPP,2049,23,12901
GPP,2050,23,12917
GPP,2051,23,12917
GPP,2052,23,12932
GPP,2053,23,12932
GPP,2054,23,12932
GPP,2055,23,12948
GPP,2056,23,12948
GPP,2057,23,12964
GPP,2058,23,12964
GPP,2059,23,12964
GPP,2060,23,12980
GPP,2061,23,12980
GPP,2062,23,12995
GPP,2063,23,12995
GPP,2064,23,12995
GPP,2065,23,13011
GPP,2066,23,13011
GPP,2067,23,13011
GPP,2068,23,13027
GPP,2069,23,13027
GPP,2070,23,13042
GPP,2071,23,13042
GPP,2072,23,13042
GPP,2073,23,13058
GPP,2074,23,13058
GPP,2075,23,13074
GPP,2076,23,13074
GPP,2077,23,13074
GPP,2078,23,13090
GPP,2079,23,13090
GPP,2080,23,13105
GPP,2081,23,13105
GPP,2082,23,13105
GPP,2083,23,13121
GPP,2084,23,13121
GPP,2085,23,13137
GPP,2086,23,13137
GPP,2087,23,13137
GPP,2088,23,13153
GPP,2089,23,13153
GPP,2090,23,13153
GPP,2091,23,13168
GPP,2092,23,13168
GPP,2093,23,13184
GPP,2094,23,13184
GPP,2095,23,13184
GPP,2096,23,13200
GPP,2097,23,13200
GPP,2098,23,13215
GPP,2099,23,13215
GPP,2100,23,13215
GPP,2101,23,13231
GPP,2102,23,13231
GPP,2103,23,13247
GPP,2104,23,13247
GPP,2105,23,13247
GPP,2106,23,13263
GPP,2107,23,13263
GPP,2108,23,13278
GPP,2109,23,13278
GPP,2110,23,13278
GPP,2111,23,13294
GPP,2112,23,13294
GPP,2113,23,13294
GPP,2114,23,13310
GPP,2115,23,13310
GPP,2116,23,13325
GPP,2117,23,13325
GPP,2118,23,13325
GPP,2119,23,13341
GPP,2120,23,13341
GPP,2121,23,13357
GPP,2122,23,13357
GPP,2123,23,13357
GPP,2124,23,13373
GPP,2125,23,13373
GPP,2126,23,13388
GPP,2127,23,13388
GPP,2128,23,13388
GPP,2129,23,13404
GPP,2130,23,13404
GPP,2131,23,13420
GPP,2132,23,13428
GPP,2133,23,13428
GPP,2134,23,13435
GPP,2135,23,13435
GPP,2136,23,13451
GPP,2137,23,13451
GPP,2138,23,13451
GPP,2139,23,13467
GPP,2140,23,13467
GPP,2141,23,13483
GPP,2142,23,13483
GPP,2143,23,13483
GPP,2144,23,13498
GPP,2145,23,13498
GPP,2146,23,13514
GPP,2147,23,13514
GPP,2148,23,13514
GPP,2149,23,13530
GPP,2150,23,13530
GPP,2151,23,13545
GPP,2152,23,13545
GPP,2153,23,13545
GPP,2154,23,13561
GPP,2155,23,13561
GPP,2156,23,13561
GPP,2157,23,13577
GPP,2158,23,13577
GPP,2159,23,13592
GPP,2160,23,13592
GPP,2161,23,13592
GPP,2162,23,13608
GPP,2163,23,13608
GPP,2164,23,13624
GPP,2165,23,13624
GPP,2166,23,13624
GPP,2167,23,13639
GPP,2168,23,13639
GPP,2169,23,13655
GPP,2170,23,13655
GPP,2171,23,13655
GPP,2172,23,13671
GPP,2173,23,13671
GPP,2174,23,13687
GPP,2175,23,13687
GPP,2176,23,13687
GPP,2177,23,13702
GPP,2178,23,13702
GPP,2179,23,13718
GPP,2180,23,13718
GPP,2181,23,13718
GPP,2182,23,13734
GPP,2183,23,13734
GPP,2184,23,13749
GPP,2185,23,13749
GPP,2186,23,13749
GPP,2187,23,13765
GPP,2188,23,13765
GPP,2189,23,13781
GPP,2190,23,13781
GPP,2191,23,13797
GPP,2192,23,13797
GPP,2193,23,13797
GPP,2194,23,13812
GPP,2195,23,13812
GPP,2196,23,13828
GPP,2197,23,13828
GPP,2198,23,13828
GPP,2199,23,13844
GPP,2200,23,13844
GPP,2201,23,13859
GPP,2202,23,13859
GPP,2203,23,13859
GPP,2204,23,13875
GPP,2205,23,13875
GPP,2206,23,13891
GPP,2207,23,13891
GPP,2208,23,13891
GPP,2209,23,13906
GPP,2210,23,13906
GPP,2211,23,13922
GPP,2212,23,13922
GPP,2213,23,13922
GPP,2214,23,13938
GPP,2215,23,13938
GPP,2216,23,13954
GPP,2217,23,13954
GPP,2218,23,13954
GPP,2219,23,13969
GPP,2220,23,13969
GPP,2221,23,13985
GPP,2222,23,13985
GPP,2223,23,14001
GPP,2224,23,14001
GPP,2225,23,14001
GPP,2226,23,14016
GPP,2227,23,14016
GPP,2228,23,14032
GPP,2229,23,14032
GPP,2230,23,14032
GPP,2231,23,14048
GPP,2232,23,14048
GPP,2233,23,14063
GPP,2234,23,14063
GPP,2235,23,14063
GPP,2236,23,14079
GPP,2237,23,14079
GPP,2238,23,14095
GPP,2239,23,14095
GPP,2240,23,14095
GPP,2241,23,14111
GPP,2242,23,14111
GPP,2243,23,14126
GPP,2244,23,14126
GPP,2245,23,14126
GPP,2246,23,14142
GPP,2247,23,14142
GPP,2248,23,14158
GPP,2249,23,14158
GPP,2250,23,14173
GPP,2251,23,14173
GPP,2252,23,14173
GPP,2253,23,14189
GPP,2254,23,14189
GPP,2255,23,14205
GPP,2256,23,14205
GPP,2257,23,14205
GPP,2258,23,14221
GPP,2259,23,14221
GPP,2260,23,14236
GPP,2261,23,14236
GPP,2262,23,14236
GPP,2263,23,14252
GPP,2264,23,14252
GPP,2265,23,14268
GPP,2266,23,14268
GPP,2267,23,14268
GPP,2268,23,14284
GPP,2269,23,14284
GPP,2270,23,14299
GPP,2271,23,14299
GPP,2272,23,14299
GPP,2273,23,14315
GPP,2274,23,14315
GPP,2275,23,14331
GPP,2276,23,14331
GPP,2277,23,14331
GPP,2278,23,14347
GPP,2279,23,14347
GPP,2280,23,14362
GPP,2281,23,14362
GPP,2282,23,14378
GPP,2283,23,14378
GPP,2284,23,14378
GPP,2285,23,14394
GPP,2286,23,14394
GPP,2287,23,14409
GPP,2288,23,14409
GPP,2289,23,14409
GPP,2290,23,14425
GPP,2291,23,14425
GPP,2292,23,14441
GPP,2293,23,14441
GPP,2294,23,14441
GPP,2295,23,14456
GPP,2296,23,14456
GPP,2297,23,14472
GPP,2298,23,14472
GPP,2299,23,14472
GPP,2300,23,14488
GPP,2301,23,14488
GPP,2302,23,14503
GPP,2303,23,14503
GPP,2304,23,14519
GPP,2305,23,14519
GPP,2306,23,14519
GPP,2307,23,14535
GPP,2308,23,14535
GPP,2309,23,14551
GPP,2310,23,14551
GPP,2311,23,14551
GPP,2312,23,14566
GPP,2313,23,14566
GPP,2314,23,14582
GPP,2315,23,14582
GPP,2316,23,14582
GPP,2317,23,14598
GPP,2318,23,14598
GPP,2319,23,14613
GPP,2320,23,14613
GPP,2321,23,14613
GPP,2322,23,14629
GPP,2323,23,14629
GPP,2324,23,14645
GPP,2325,23,14645
GPP,2326,23,14660
GPP,2327,23,14660
GPP,2328,23,14660
GPP,2329,23,14676
GPP,2330,23,14676
GPP,2331,23,14692
GPP,2332,23,14692
GPP,2333,23,14692
GPP,2334,23,14707
GPP,2335,23,14707
GPP,2336,23,14723
GPP,2337,23,14723
GPP,2338,23,14723
GPP,2339,23,14739
GPP,2340,23,14739
GPP,2341,23,14754
GPP,2342,23,14754
GPP,2343,23,14754
GPP,2344,23,14770
GPP,2345,23,14770
GPP,2346,23,14788
GPP,2347,23,14794
GPP,2348,23,14794
GPP,2349,23,14801
GPP,2350,23,14801
GPP,2351,23,14817
GPP,2352,23,14817
GPP,2353,23,14833
GPP,2354,23,14833
GPP,2355,23,14833
GPP,2356,23,14849
GPP,2357,23,14849
GPP,2358,23,14864
GPP,2359,23,14864
GPP,2360,23,14864
GPP,2361,23,14880
GPP,2362,23,14880
GPP,2363,23,14896
GPP,2364,23,14896
GPP,2365,23,14896
GPP,2366,23,14911
GPP,2367,23,14911
GPP,2368,23,14927
GPP,2369,23,14927
GPP,2370,23,14927
GPP,2371,23,14943
GPP,2372,23,14943
GPP,2373,23,14958
GPP,2374,23,14958
GPP,2375,23,14974
GPP,2376,23,14974
GPP,2377,23,14974
GPP,2378,23,14990
GPP,2379,23,14990
GPP,2380,23,15006
GPP,2381,23,15006
GPP,2382,23,15006
GPP,2383,23,15021
GPP,2384,23,15021
GPP,2385,23,15037
GPP,2386,23,15037
GPP,2387,23,15037
GPP,2388,23,15053
GPP,2389,23,15053
GPP,2390,23,15068
GPP,2391,23,15068
GPP,2392,23,15068
GPP,2393,23,15084
GPP,2394,23,15084
GPP,2395,23,15100
GPP,2396,23,15100
GPP,2397,23,15100
GPP,2398,23,15116
GPP,2399,23,15116
GPP,2400,23,15131
GPP,2401,23,15131
GPP,2402,23,15131
GPP,2403,23,15147
GPP,2404,23,15147
GPP,2405,23,15163
GPP,2406,23,15163
GPP,2407,23,15178
GPP,2408,23,15178
GPP,2409,23,15178
GPP,2410,23,15194
GPP,2411,23,15194
GPP,2412,23,15210
GPP,2413,23,15210
GPP,2414,23,15210
GPP,2415,23,15225
GPP,2416,23,15225
GPP,2417,23,15241
GPP,2418,23,15241
GPP,2419,23,15241
GPP,2420,23,15257
GPP,2421,23,15257
GPP,2422,23,15272
GPP,2423,23,15272
GPP,2424,23,15272
GPP,2425,23,15288
GPP,2426,23,15288
GPP,2427,23,15304
GPP,2428,23,15304
GPP,2429,23,15304
GPP,2430,23,15320
GPP,2431,23,15320
GPP,2432,23,15335
GPP,2433,23,15335
GPP,2434,23,15335
GPP,2435,23,15351
GPP,2436,23,15351
GPP,2437,23,15367
GPP,2438,23,15367
GPP,2439,23,15383
GPP,2440,23,15389
GPP,2441,23,15391
GPP,2442,23,15398
GPP,2443,23,15398
GPP,2444,23,15414
GPP,2445,23,15414
GPP,2446,23,15414
GPP,2447,23,15430
GPP,2448,23,15430
GPP,2449,23,15445
GPP,2450,23,15445
GPP,2451,23,15461
GPP,2452,23,15461
GPP,2453,23,15461
GPP,2454,23,15477
GPP,2455,23,15477
GPP,2456,23,15492
GPP,2457,23,15492
GPP,2458,23,15492
GPP,2459,23,15508
GPP,2460,23,15508
GPP,2461,23,15524
GPP,2462,23,15524
GPP,2463,23,15524
GPP,2464,23,15539
GPP,2465,23,15539
GPP,2466,23,15555
GPP,2467,23,15555
GPP,2468,23,15571
GPP,2469,23,15571
GPP,2470,23,15571
GPP,2471,23,15586
GPP,2472,23,15586
GPP,2473,23,15602
GPP,2474,23,15602
GPP,2475,23,15602
GPP,2476,23,15618
GPP,2477,23,15618
GPP,2478,23,15633
GPP,2479,23,15633
GPP,2480,23,15649
GPP,2481,23,15649
GPP,2482,23,15649
GPP,2483,23,15665
GPP,2484,23,15665
GPP,2485,23,15681
GPP,2486,23,15681
GPP,2487,23,15681
GPP,2488,23,15696
GPP,2489,23,15696
GPP,2490,23,15712
GPP,2491,23,15712
GPP,2492,23,15712
GPP,2493,23,15728
GPP,2494,23,15728
GPP,2495,23,15743
GPP,2496,23,15743
GPP,2497,23,15743
GPP,2498,23,15759
GPP,2499,23,15759
GPP,2500,23,15775
GPP,2501,23,15775
GPP,2502,23,15790
GPP,2503,23,15790
GPP,2504,23,15790
GPP,2505,23,15806
GPP,2506,23,15806
GPP,2507,23,15822
GPP,2508,23,15822
GPP,2509,23,15822
GPP,2510,23,15837
GPP,2511,23,15837
GPP,2512,23,15853
GPP,2513,23,15853
GPP,2514,23,15853
GPP,2515,23,15869
GPP,2516,23,15869
GPP,2517,23,15885
GPP,2518,23,15885
GPP,2519,23,15885
GPP,2520,23,15900
GPP,2521,23,15900
GPP,2522,23,15916
GPP,2523,23,15916
GPP,2524,23,15916
GPP,2525,23,15932
GPP,2526,23,15932
GPP,2527,23,15947
GPP,2528,23,15947
GPP,2529,23,15963
GPP,2530,23,15963
GPP,2531,23,15963
GPP,2532,23,15979
GPP,2533,23,15979
GPP,2534,23,15994
GPP,2535,23,15994
GPP,2536,23,15994
GPP,2537,23,16010
GPP,2538,23,16010
GPP,2539,23,16026
GPP,2540,23,16026
GPP,2541,23,16026
GPP,2542,23,16042
GPP,2543,23,16042
GPP,2544,23,16057
GPP,2545,23,16057
GPP,2546,23,16057
GPP,2547,23,16073
GPP,2548,23,16073
GPP,2549,23,16089
GPP,2550,23,16089
GPP,2551,23,16089
GPP,2552,23,16104
GPP,2553,23,16104
GPP,2554,23,16120
GPP,2555,23,16120
GPP,2556,23,16136
GPP,2557,23,16137
GPP,2558,23,16137
GPP,2559,23,16151
GPP,2560,23,16151
GPP,2561,23,16167
GPP,2562,23,16167
GPP,2563,23,16167
GPP,2564,23,16183
GPP,2565,23,16183
GPP,2566,23,16199
GPP,2567,23,16199
GPP,2568,23,16199
GPP,2569,23,16214
GPP,2570,23,16214
GPP,2571,23,16230
GPP,2572,23,16230
GPP,2573,23,16230
GPP,2574,23,16246
GPP,2575,23,16246
GPP,2576,23,16261
GPP,2577,23,16261
GPP,2578,23,16261
GPP,2579,23,16277
GPP,2580,23,16277
GPP,2581,23,16293
GPP,2582,23,16293
GPP,2583,23,16293
GPP,2584,23,16309
GPP,2585,23,16309
GPP,2586,23,16324
GPP,2587,23,16324
GPP,2588,23,16340
GPP,2589,23,16340
GPP,2590,23,16340
GPP,2591,23,16356
GPP,2592,23,16356
GPP,2593,23,16371
GPP,2594,23,16371
GPP,2595,23,16371
GPP,2596,23,16387
GPP,2597,23,16387
GPP,2598,23,16403
GPP,2599,23,16403
GPP,2600,23,16403
GPP,2601,23,16418
GPP,2602,23,16418
GPP,2603,23,16434
GPP,2604,23,16434
GPP,2605,23,16434
GPP,2606,23,16450
GPP,2607,23,16450
GPP,2608,23,16466
GPP,2609,23,16466
GPP,2610,23,16481
GPP,2611,23,16481
GPP,2612,23,16481
GPP,2613,23,16497
GPP,2614,23,16497
GPP,2615,23,16513
GPP,2616,23,16513
GPP,2617,23,16513
GPP,2618,23,16528
GPP,2619,23,16528
GPP,2620,23,16544
GPP,2621,23,16544
GPP,2622,23,16544
GPP,2623,23,16560
GPP,2624,23,16560
GPP,2625,23,16576
GPP,2626,23,16576
GPP,2627,23,16591
GPP,2628,23,16591
GPP,2629,23,16591
GPP,2630,23,16607
GPP,2631,23,16607
GPP,2632,23,16623
GPP,2633,23,16623
GPP,2634,23,16623
GPP,2635,23,16638
GPP,2636,23,16638
GPP,2637,23,16654
GPP,2638,23,16654
GPP,2639,23,16654
GPP,2640,23,16670
GPP,2641,23,16670
GPP,2642,23,16685
GPP,2643,23,16685
GPP,2644,23,16701
GPP,2645,23,16701
GPP,2646,23,16701
GPP,2647,23,16717
GPP,2648,23,16717
GPP,2649,23,16733
GPP,2650,23,16733
GPP,2651,23,16733
GPP,2652,23,16748
GPP,2653,23,16748
GPP,2654,23,16764
GPP,2655,23,16764
GPP,2656,23,16764
GPP,2657,23,16780
GPP,2658,23,16780
GPP,2659,23,16795
GPP,2660,23,16795
GPP,2661,23,16795
GPP,2662,23,16811
GPP,2663,23,16811
GPP,2664,23,16827
GPP,2665,23,16827
GPP,2666,23,16827
GPP,2667,23,16843
GPP,2668,23,16843
GPP,2669,23,16858
GPP,2670,23,16858
GPP,2671,23,16874
GPP,2672,23,16874
GPP,2673,23,16874
GPP,2674,23,16890
GPP,2675,23,16890
GPP,2676,23,16905
GPP,2677,23,16905
GPP,2678,23,16905
GPP,2679,23,16921
GPP,2680,23,16921
GPP,2681,23,16937
GPP,2682,23,16937
GPP,2683,23,16937
GPP,2684,23,16953
GPP,2685,23,16953
GPP,2686,23,16968
GPP,2687,23,16968
GPP,2688,23,16968
GPP,2689,23,16984
GPP,2690,23,16984
GPP,2691,23,17000
GPP,2692,23,17000
GPP,2693,23,17000
GPP,2694,23,17015
GPP,2695,23,17015
GPP,2696,23,17031
GPP,2697,23,17031
GPP,2698,23,17047
GPP,2699,23,17047
GPP,2700,23,17047
GPP,2701,23,17062
GPP,2702,23,17062
GPP,2703,23,17078
GPP,2704,23,17078
GPP,2705,23,17078
GPP,2706,23,17094
GPP,2707,23,17094
GPP,2708,23,17109
GPP,2709,23,17109
GPP,2710,23,17109
GPP,2711,23,17125
GPP,2712,23,17125
GPP,2713,23,17141
GPP,2714,23,17141
GPP,2715,23,17141
GPP,2716,23,17157
GPP,2717,23,17157
GPP,2718,23,17172
GPP,2719,23,17172
GPP,2720,23,17172
GPP,2721,23,17188
GPP,2722,23,17188
GPP,2723,23,17204
GPP,2724,23,17204
GPP,2725,23,17219
GPP,2726,23,17219
GPP,2727,23,17219
GPP,2728,23,17235
GPP,2729,23,17235
GPP,2730,23,17251
GPP,2731,23,17251
GPP,2732,23,17251
GPP,2733,23,17266
GPP,2734,23,17266
GPP,2735,23,17282
GPP,2736,23,17282
GPP,2737,23,17282
GPP,2738,23,17298
GPP,2739,23,17298
GPP,2740,23,17313
GPP,2741,23,17313
GPP,2742,23,17313
GPP,2743,23,17329
GPP,2744,23,17329
GPP,2745,23,17345
GPP,2746,23,17345
GPP,2747,23,17360
GPP,2748,23,17360
GPP,2749,23,17360
GPP,2750,23,17376
GPP,2751,23,17376
GPP,2752,23,17392
GPP,2753,23,17392
GPP,2754,23,17392
GPP,2755,23,17408
GPP,2756,23,17408
GPP,2757,23,17423
GPP,2758,23,17423
GPP,2759,23,17423
GPP,2760,23,17439
GPP,2761,23,17439
GPP,2762,23,17455
GPP,2763,23,17455
GPP,2764,23,17455
GPP,2765,23,17470
GPP,2766,23,17470
GPP,2767,23,17486
GPP,2768,23,17486
GPP,2769,23,17486
GPP,2770,23,17508
GPP,2771,23,17510
GPP,2772,23,17517
GPP,2773,23,17517
GPP,2774,23,17533
GPP,2775,23,17535
GPP,2776,23,17535
GPP,2777,23,17549
GPP,2778,23,17549
GPP,2779,23,17565
GPP,2780,23,17565
GPP,2781,23,17565
GPP,2782,23,17580
GPP,2783,23,17580
GPP,2784,23,17596
GPP,2785,23,17596
GPP,2786,23,17596
GPP,2787,23,17612
GPP,2788,23,17612
GPP,2789,23,17627
GPP,2790,23,17627
GPP,2791,23,17643
GPP,2792,23,17643
GPP,2793,23,17643
GPP,2794,23,17659
GPP,2795,23,17659
GPP,2796,23,17674
GPP,2797,23,17674
GPP,2798,23,17674
GPP,2799,23,17690
GPP,2800,23,17690
GPP,2801,23,17706
GPP,2802,23,17706
GPP,2803,23,17706
GPP,2804,23,17721
GPP,2805,23,17721
GPP,2806,23,17737
GPP,2807,23,17737
GPP,2808,23,17737
GPP,2809,23,17753
GPP,2810,23,17753
GPP,2811,23,17769
GPP,2812,23,17769
GPP,2813,23,17769
GPP,2814,23,17784
GPP,2815,23,17784
GPP,2816,23,17800
GPP,2817,23,17800
GPP,2818,23,17816
GPP,2819,23,17816
GPP,2820,23,17816
GPP,2821,23,17831
GPP,2822,23,17831
GPP,2823,23,17847
GPP,2824,23,17847
GPP,2825,23,17847
GPP,2826,23,17863
GPP,2827,23,17863
GPP,2828,23,17878
GPP,2829,23,17878
GPP,2830,23,17878
GPP,2831,23,17894
GPP,2832,23,17894
GPP,2833,23,17910
GPP,2834,23,17910
GPP,2835,23,17910
GPP,2836,23,17926
GPP,2837,23,17926
GPP,2838,23,17941
GPP,2839,23,17941
GPP,2840,23,17941
GPP,2841,23,17957
GPP,2842,23,17957
GPP,2843,23,17973
GPP,2844,23,17973
GPP,2845,23,17989
GPP,2846,23,17989
GPP,2847,23,17989
GPP,2848,23,18004
GPP,2849,23,18004
GPP,2850,23,18020
GPP,2851,23,18020
GPP,2852,23,18020
GPP,2853,23,18036
GPP,2854,23,18036
GPP,2855,23,18051
GPP,2856,23,18051
GPP,2857,23,18051
GPP,2858,23,18067
GPP,2859,23,18067
GPP,2860,23,18083
GPP,2861,23,18083
GPP,2862,23,18083
GPP,2863,23,18099
GPP,2864,23,18099
GPP,2865,23,18114
GPP,2866,23,18114
GPP,2867,23,18114
GPP,2868,23,18130
GPP,2869,23,18130
GPP,2870,23,18146
GPP,2871,23,18146
GPP,2872,23,18161
GPP,2873,23,18161
GPP,2874,23,18161
GPP,2875,23,18177
GPP,2876,23,18177
GPP,2877,23,18193
GPP,2878,23,18193
GPP,2879,23,18193
GPP,2880,23,18208
GPP,2881,23,18208
GPP,2882,23,18224
GPP,2883,23,18224
GPP,2884,23,18224
GPP,2885,23,18240
GPP,2886,23,18240
GPP,2887,23,18255
GPP,2888,23,18255
GPP,2889,23,18255
GPP,2890,23,18271
GPP,2891,23,18271
GPP,2892,23,18287
GPP,2893,23,18287
GPP,2894,23,18303
GPP,2895,23,18303
GPP,2896,23,18303
GPP,2897,23,18318
GPP,2898,23,18318
GPP,2899,23,18334
GPP,2900,23,18334
GPP,2901,23,18334
GPP,2902,23,18350
GPP,2903,23,18350
GPP,2904,23,18365
GPP,2905,23,18365
GPP,2906,23,18365
GPP,2907,23,18381
GPP,2908,23,18381
GPP,2909,23,18397
GPP,2910,23,18397
GPP,2911,23,18397
GPP,2912,23,18412
GPP,2913,23,18412
GPP,2914,23,18428
GPP,2915,23,18428
GPP,2916,23,18444
GPP,2917,23,18444
GPP,2918,23,18444
GPP,2919,23,18459
GPP,2920,23,18459
GPP,2921,23,18475
GPP,2922,23,18475
GPP,2923,23,18475
GPP,2924,23,18491
GPP,2925,23,18491
GPP,2926,23,18506
GPP,2927,23,18506
GPP,2928,23,18506
GPP,2929,23,18522
GPP,2930,23,18522
GPP,2931,23,18538
GPP,2932,23,18538
GPP,2933,23,18538
GPP,2934,23,18554
GPP,2935,23,18554
GPP,2936,23,18569
GPP,2937,23,18569
GPP,2938,21,18585
GPP,2939,21,18585
GPP,2940,21,18585
GPP,2941,21,18601
GPP,2942,21,18601
GPP,2943,21,18601
GPP,2944,21,18617
GPP,2945,21,18617
GPP,2946,21,18632
GPP,2947,21,18632
GPP,2948,21,18632
GPP,2949,21,18648
GPP,2950,21,18648
GPP,2951,21,18664
GPP,2952,21,18664
GPP,2953,21,18664
GPP,2954,21,18680
GPP,2955,21,18680
GPP,2956,21,18695
GPP,2957,21,18695
GPP,2958,21,18695
GPP,2959,21,18711
GPP,2960,21,18711
GPP,2961,21,18727
GPP,2962,21,18727
GPP,2963,21,18727
GPP,2964,21,18742
GPP,2965,21,18742
GPP,2966,21,18758
GPP,2967,21,18758
GPP,2968,21,18758
GPP,2969,21,18774
GPP,2970,21,18774
GPP,2971,21,18789
GPP,2972,21,18789
GPP,2973,21,18789
GPP,2974,21,18805
GPP,2975,21,18805
GPP,2976,21,18821
GPP,2977,21,18821
GPP,2978,21,18821
GPP,2979,21,18836
GPP,2980,21,18836
GPP,2981,21,18836
GPP,2982,21,18852
GPP,2983,21,18852
GPP,2984,21,18870
GPP,2985,21,18876
GPP,2986,21,18876
GPP,2987,21,18884
GPP,2988,21,18884
GPP,2989,21,18899
GPP,2990,21,18899
GPP,2991,21,18899
GPP,2992,21,18915
GPP,2993,21,18915
GPP,2994,21,18931
GPP,2995,21,18931
GPP,2996,21,18931
GPP,2997,21,18946
GPP,2998,21,18946
GPP,2999,21,18962
GPP,3000,21,18962
GPP,3001,21,18962
GPP,3002,21,18978
GPP,3003,21,18978
GPP,3004,21,18994
GPP,3005,21,18994
GPP,3006,21,18994
GPP,3007,21,19009
GPP,3008,21,19009
GPP,3009,21,19025
GPP,3010,21,19025
GPP,3011,21,19025
GPP,3012,21,19041
GPP,3013,21,19041
GPP,3014,21,19056
GPP,3015,21,19056
GPP,3016,21,19056
GPP,3017,21,19072
GPP,3018,21,19072
GPP,3019,21,19088
GPP,3020,21,19088
GPP,3021,21,19088
GPP,3022,21,19104
GPP,3023,21,19104
GPP,3024,21,19119
GPP,3025,21,19119
GPP,3026,21,19119
GPP,3027,21,19135
GPP,3028,21,19135
GPP,3029,21,19151
GPP,3030,21,19151
GPP,3031,21,19151
GPP,3032,21,19166
GPP,3033,21,19166
GPP,3034,21,19182
GPP,3035,21,19182
GPP,3036,21,19182
GPP,3037,21,19198
GPP,3038,21,19198
GPP,3039,21,19213
GPP,3040,21,19213
GPP,3041,21,19213
GPP,3042,21,19229
GPP,3043,21,19229
GPP,3044,21,19245
GPP,3045,21,19245
GPP,3046,21,19245
GPP,3047,21,19260
GPP,3048,21,19260
GPP,3049,21,19276
GPP,3050,21,19276
GPP,3051,21,19276
GPP,3052,21,19292
GPP,3053,21,19292
GPP,3054,21,19292
GPP,3055,21,19307
GPP,3056,21,19307
GPP,3057,21,19323
GPP,3058,21,19323
GPP,3059,21,19323
GPP,3060,21,19339
GPP,3061,21,19339
GPP,3062,21,19354
GPP,3063,21,19354
GPP,3064,21,19354
GPP,3065,21,19370
GPP,3066,21,19370
GPP,3067,21,19386
GPP,3068,21,19386
GPP,3069,21,19386
GPP,3070,21,19401
GPP,3071,21,19401
GPP,3072,21,19417
GPP,3073,21,19417
GPP,3074,21,19417
GPP,3075,21,19433
GPP,3076,21,19433
GPP,3077,21,19449
GPP,3078,21,19449
GPP,3079,21,19449
GPP,3080,21,19464
GPP,3081,21,19464
GPP,3082,21,19480
GPP,3083,21,19480
GPP,3084,21,19480
GPP,3085,21,19496
GPP,3086,21,19496
GPP,3087,21,19512
GPP,3088,21,19512
GPP,3089,21,19512
GPP,3090,21,19527
GPP,3091,21,19527
GPP,3092,21,19543
GPP,3093,21,19543
GPP,3094,21,19543
GPP,3095,21,19559
GPP,3096,21,19559
GPP,3097,21,19574
GPP,3098,21,19574
GPP,3099,21,19574
GPP,3100,21,19590
GPP,3101,21,19590
GPP,3102,21,19590
GPP,3103,21,19606
GPP,3104,21,19606
GPP,3105,21,19621
GPP,3106,21,19621
GPP,3107,21,19621
GPP,3108,21,19637
GPP,3109,21,19637
GPP,3110,21,19653
GPP,3111,21,19653
GPP,3112,21,19653
GPP,3113,21,19668
GPP,3114,21,19668
GPP,3115,21,19684
GPP,3116,21,19684
GPP,3117,21,19684
GPP,3118,21,19700
GPP,3119,21,19700
GPP,3120,21,19716
GPP,3121,21,19716
GPP,3122,21,19716
GPP,3123,21,19731
GPP,3124,21,19731
GPP,3125,21,19731
GPP,3126,21,19747
GPP,3127,21,19747
GPP,3128,21,19763
GPP,3129,21,19763
GPP,3130,21,19763
GPP,3131,21,19779
GPP,3132,21,19779
GPP,3133,21,19794
GPP,3134,21,19794
GPP,3135,21,19794
GPP,3136,21,19810
GPP,3137,21,19810
GPP,3138,21,19826
GPP,3139,21,19826
GPP,3140,21,19826
GPP,3141,21,19841
GPP,3142,21,19841
GPP,3143,21,19857
GPP,3144,21,19857
GPP,3145,21,19857
GPP,3146,21,19873
GPP,3147,21,19873
GPP,3148,21,19889
GPP,3149,21,19889
GPP,3150,21,19889
GPP,3151,21,19904
GPP,3152,21,19904
GPP,3153,21,19920
GPP,3154,21,19920
GPP,3155,21,19936
GPP,3156,21,19942
GPP,3157,21,19949
GPP,3158,21,19955
GPP,3159,21,19961
GPP,3160,21,19967
GPP,3161,21,19975
GPP,3162,21,19980
GPP,3163,21,19987
GPP,3164,21,19994
GPP,3165,21,19999
GPP,3166,21,20006
GPP,3167,21,20012
GPP,3168,21,20019
GPP,3169,21,20024
GPP,3170,21,20031
GPP,3171,21,20039
GPP,3172,21,20044
GPP,3173,21,20052
GPP,3174,21,20057
GPP,3175,21,20064
GPP,3176,21,20070
GPP,3177,21,20077
GPP,3178,21,20083
GPP,3179,21,20089
GPP,3180,21,20096
GPP,3181,21,20102
GPP,3182,21,20108
GPP,3183,21,20115
GPP,3184,21,20121
GPP,3185,21,20128
GPP,3186,21,20135
GPP,3187,21,20141
GPP,3188,21,20148
GPP,3189,21,20155
GPP,3190,21,20160
GPP,3191,21,20166
GPP,3192,21,20174
GPP,3193,21,20179
GPP,3194,21,20186
GPP,3195,21,20192
GPP,3196,21,20199
GPP,3197,21,20205
GPP,3198,21,20212
GPP,3199,21,20217
GPP,3200,21,20225
GPP,3201,21,20230
GPP,3202,21,20238
GPP,3203,21,20244
GPP,3204,21,20250
GPP,3205,21,20256
GPP,3206,21,20264
GPP,3207,21,20270
GPP,3208,21,20275
GPP,3209,21,20282
GPP,3210,21,20289
GPP,3211,21,20295
GPP,3212,21,20301
GPP,3213,21,20308
GPP,3214,21,20313
GPP,3215,21,20321
GPP,3216,21,20327
GPP,3217,21,20335
GPP,3218,21,20340
GPP,3219,21,20347
GPP,3220,21,20354
GPP,3221,21,20361
GPP,3222,21,20366
GPP,3223,21,20374
GPP,3224,21,20380
GPP,3225,21,20387
GPP,3226,21,20392
GPP,3227,21,20400
GPP,3228,21,20406
GPP,3229,21,20413
GPP,3230,21,20419
GPP,3231,21,20426
GPP,3232,21,20431
GPP,3233,21,20439
GPP,3234,21,20445
GPP,3235,21,20452
GPP,3236,21,20458
GPP,3237,21,20464
GPP,3238,21,20472
GPP,3239,21,20477
GPP,3240,21,20485
GPP,3241,21,20490
GPP,3242,21,20498
GPP,3243,21,20505
GPP,3244,21,20510
GPP,3245,21,20517
GPP,3246,21,20524
GPP,3247,21,20531
GPP,3248,21,20537
GPP,3249,21,20542
GPP,3250,21,20550
GPP,3251,21,20556
GPP,3252,21,20562
GPP,3253,21,20570
GPP,3254,21,20575
GPP,3255,21,20583
GPP,3256,21,20588
GPP,3257,21,20595
GPP,3258,21,20602
GPP,3259,21,20609
GPP,3260,21,20616
GPP,3261,21,20622
GPP,3262,21,20629
GPP,3263,21,20635
GPP,3264,21,20641
GPP,3265,21,20648
GPP,3266,21,20655
GPP,3267,21,20660
GPP,3268,21,20667
GPP,3269,21,20674
GPP,3270,21,20682
GPP,3271,21,20688
GPP,3272,21,20694
GPP,3273,21,20701
GPP,3274,21,20706
GPP,3275,21,20713
GPP,3276,21,20720
GPP,3277,21,20726
GPP,3278,21,20734
GPP,3279,21,20740
GPP,3280,21,20747
GPP,3281,21,20751
GPP,3282,21,20759
GPP,3283,21,20765
GPP,3284,21,20772
GPP,3285,21,20779
GPP,3286,21,20785
GPP,3287,21,20792
GPP,3288,21,20798
GPP,3289,21,20803
GPP,3290,21,20811
GPP,3291,21,20818
GPP,3292,21,20823
GPP,3293,21,20830
GPP,3294,21,20837
GPP,3295,21,20842
GPP,3296,21,20848
GPP,3297,21,20855
GPP,3298,21,20862
GPP,3299,21,20869
GPP,3300,21,20875
GPP,3301,21,20881
GPP,3302,21,20888
GPP,3303,21,20895
GPP,3304,21,20900
GPP,3305,21,20907
GPP,3306,21,20915
GPP,3307,21,20920
GPP,3308,21,20926
GPP,3309,21,20933
GPP,3310,21,20940
GPP,3311,21,20946
GPP,3312,21,20953
GPP,3313,21,20959
GPP,3314,21,20966
GPP,3315,21,20971
GPP,3316,21,20978
GPP,3317,21,20985
GPP,3318,21,20992
GPP,3319,21,20998
GPP,3320,21,21006
GPP,3321,21,21011
GPP,3322,21,21018
GPP,3323,21,21024
GPP,3324,21,21031
GPP,3325,21,21038
GPP,3326,21,21043
GPP,3327,21,21050
GPP,3328,21,21055
GPP,3329,21,21063
GPP,3330,21,21069
GPP,3331,21,21075
GPP,3332,21,21082
GPP,3333,21,21088
GPP,3334,21,21095
GPP,3335,21,21101
GPP,3336,21,21108
GPP,3337,21,21113
GPP,3338,21,21120
GPP,3339,21,21127
GPP,3340,21,21132
GPP,3341,21,21138
GPP,3342,21,21146
GPP,3343,21,21152
GPP,3344,21,21158
GPP,3345,21,21164
GPP,3346,21,21171
GPP,3347,21,21176
GPP,3348,21,21184
GPP,3349,21,21190
GPP,3350,21,21197
GPP,3351,21,21203
GPP,3352,21,21210
GPP,3353,21,21215
GPP,3354,21,21222
GPP,3355,21,21229
GPP,3356,21,21234
GPP,3357,21,21241
GPP,3358,21,21248
GPP,3359,21,21254
GPP,3360,21,21261
GPP,3361,21,21268
GPP,3362,21,21275
GPP,3363,21,21281
GPP,3364,21,21286
GPP,3365,21,21294
GPP,3366,21,21300
GPP,3367,21,21306
GPP,3368,21,21314
GPP,3369,21,21320
GPP,3370,21,21327
GPP,3371,21,21334
GPP,3372,21,21339
GPP,3373,21,21347
GPP,3374,21,21353
GPP,3375,21,21359
GPP,3376,21,21366
GPP,3377,21,21373
GPP,3378,21,21378
GPP,3379,21,21385
GPP,3380,21,21391
GPP,3381,21,21397
GPP,3382,21,21405
GPP,3383,21,21410
GPP,3384,21,21418
GPP,3385,21,21424
GPP,3386,21,21430
GPP,3387,21,21437
GPP,3388,21,21443
GPP,3389,21,21450
GPP,3390,21,21456
GPP,3391,21,21463
GPP,3392,21,21468
GPP,3393,21,21475
GPP,3394,21,21481
GPP,3395,21,21489
GPP,3396,21,21494
GPP,3397,21,21500
GPP,3398,21,21507
GPP,3399,21,21513
GPP,3400,21,21519
GPP,3401,21,21525
GPP,3402,21,21532
GPP,3403,21,21539
GPP,3404,21,21545
GPP,3405,21,21553
GPP,3406,21,21558
GPP,3407,21,21566
GPP,3408,21,21572
GPP,3409,21,21578
GPP,3410,21,21584
GPP,3411,21,21591
GPP,3412,21,21598
GPP,3413,21,21605
GPP,3414,21,21611
GPP,3415,21,21617
GPP,3416,21,21626
GPP,3417,21,21631
GPP,3418,21,21638
GPP,3419,21,21645
GPP,3420,21,21651
GPP,3421,21,21658
GPP,3422,21,21664
GPP,3423,21,21670
GPP,3424,21,21678
GPP,3425,21,21683
GPP,3426,21,21690
GPP,3427,21,21697
GPP,3428,21,21702
GPP,3429,21,21709
GPP,3430,21,21716
GPP,3431,21,21723
GPP,3432,21,21729
GPP,3433,21,21735
GPP,3434,21,21743
GPP,3435,21,21748
GPP,3436,21,21754
GPP,3437,21,21762
GPP,3438,21,21768
GPP,3439,21,21773
GPP,3440,21,21780
GPP,3441,21,21787
GPP,3442,21,21795
GPP,3443,21,21800
GPP,3444,21,21807
GPP,3445,21,21813
GPP,3446,21,21821
GPP,3447,21,21826
GPP,3448,21,21833
GPP,3449,21,21840
GPP,3450,21,21846
GPP,3451,21,21853
GPP,3452,21,21859
GPP,3453,21,21866
GPP,3454,21,21872
GPP,3455,21,21879
GPP,3456,21,21886
GPP,3457,21,21892
GPP,3458,21,21898
GPP,3459,21,21905
GPP,3460,21,21912
GPP,3461,21,21918
GPP,3462,21,21923
GPP,3463,21,21931
GPP,3464,21,21936
GPP,3465,21,21943
GPP,3466,21,21948
GPP,3467,21,21956
GPP,3468,21,21963
GPP,3469,21,21970
GPP,3470,21,21975
GPP,3471,21,21982
GPP,3472,21,21988
GPP,3473,21,21995
GPP,3474,21,22001
GPP,3475,21,22008
GPP,3476,21,22014
GPP,3477,21,22021
GPP,3478,21,22027
GPP,3479,21,22033
GPP,3480,21,22041
GPP,3481,21,22046
GPP,3482,21,22053
GPP,3483,21,22058
GPP,3484,21,22066
GPP,3485,21,22072
GPP,3486,21,22079
GPP,3487,21,22085
GPP,3488,21,22091
GPP,3489,21,22097
GPP,3490,21,22104
GPP,3491,21,22110
GPP,3492,21,22116
GPP,3493,21,22123
GPP,3494,21,22129
GPP,3495,21,22137
GPP,3496,21,22142
GPP,3497,21,22149
GPP,3498,21,22156
GPP,3499,21,22163
GPP,3500,21,22168
GPP,3501,21,22174
GPP,3502,21,22181
GPP,3503,21,22187
GPP,3504,21,22194
GPP,3505,21,22200
GPP,3506,21,22207
GPP,3507,21,22213
GPP,3508,21,22220
GPP,3509,21,22227
GPP,3510,21,22232
GPP,3511,21,22239
GPP,3512,21,22246
GPP,3513,21,22254
GPP,3514,21,22258
GPP,3515,21,22266
GPP,3516,21,22272
GPP,3517,21,22278
GPP,3518,21,22286
GPP,3519,21,22292
GPP,3520,21,22297
GPP,3521,21,22305
GPP,3522,21,22311
GPP,3523,21,22317
GPP,3524,21,22324
GPP,3525,21,22330
GPP,3526,21,22337
GPP,3527,21,22343
GPP,3528,21,22351
GPP,3529,21,22357
GPP,3530,21,22363
GPP,3531,21,22368
GPP,3532,21,22376
GPP,3533,21,22382
GPP,3534,21,22388
GPP,3535,21,22395
GPP,3536,21,22402
GPP,3537,21,22408
GPP,3538,21,22416
GPP,3539,21,22422
GPP,3540,21,22427
GPP,3541,21,22435
GPP,3542,21,22440
GPP,3543,21,22447
GPP,3544,21,22454
GPP,3545,21,22461
GPP,3546,21,22466
GPP,3547,21,22472
GPP,3548,21,22480
GPP,3549,21,22486
GPP,3550,21,22492
GPP,3551,21,22492
GPP,3552,21,22505
GPP,3553,21,22505
GPP,3554,21,22521
GPP,3555,21,22521
GPP,3556,21,22528
GPP,3557,21,22537
GPP,3558,21,22537
GPP,3559,21,22552
GPP,3560,21,22552
GPP,3561,21,22552
GPP,3562,21,22568
GPP,3563,21,22568
GPP,3564,21,22584
GPP,3565,21,22584
GPP,3566,21,22599
GPP,3567,21,22599
GPP,3568,21,22599
GPP,3569,21,22615
GPP,3570,21,22615
GPP,3571,21,22631
GPP,3572,21,22631
GPP,3573,21,22631
GPP,3574,21,22647
GPP,3575,21,22647
GPP,3576,21,22662
GPP,3577,21,22662
GPP,3578,21,22662
GPP,3579,21,22678
GPP,3580,21,22678
GPP,3581,21,22694
GPP,3582,21,22694
GPP,3583,21,22709
GPP,3584,21,22709
GPP,3585,21,22709
GPP,3586,21,22725
GPP,3587,21,22725
GPP,3588,21,22741
GPP,3589,21,22741
GPP,3590,21,22741
GPP,3591,21,22756
GPP,3592,21,22756
GPP,3593,21,22772
GPP,3594,21,22772
GPP,3595,21,22772
GPP,3596,21,22788
GPP,3597,21,22788
GPP,3598,21,22803
GPP,3599,21,22803
GPP,3600,21,22819
GPP,3601,21,22819
GPP,3602,21,22819
GPP,3603,21,22835
GPP,3604,21,22835
GPP,3605,21,22850
GPP,3606,21,22850
GPP,3607,21,22850
GPP,3608,21,22866
GPP,3609,21,22866
GPP,3610,21,22882
GPP,3611,21,22882
GPP,3612,21,22882
GPP,3613,21,22898
GPP,3614,21,22898
GPP,3615,21,22913
GPP,3616,21,22913
GPP,3617,21,22913
GPP,3618,21,22929
GPP,3619,21,22929
GPP,3620,21,22945
GPP,3621,21,22945
GPP,3622,21,22945
GPP,3623,21,22966
GPP,3624,21,22968
GPP,3625,21,22976
GPP,3626,21,22976
GPP,3627,21,22992
GPP,3628,21,22992
GPP,3629,21,22992
GPP,3630,21,23007
GPP,3631,21,23007
GPP,3632,21,23023
GPP,3633,21,23023
GPP,3634,21,23023
GPP,3635,21,23039
GPP,3636,21,23039
GPP,3637,21,23055
GPP,3638,21,23055
GPP,3639,21,23055
GPP,3640,21,23070
GPP,3641,21,23070
GPP,3642,21,23086
GPP,3643,21,23086
GPP,3644,21,23086
GPP,3645,21,23102
GPP,3646,21,23102
GPP,3647,21,23117
GPP,3648,21,23117
GPP,3649,21,23133
GPP,3650,21,23133
GPP,3651,21,23133
GPP,3652,21,23149
GPP,3653,21,23149
GPP,3654,21,23164
GPP,3655,21,23164
GPP,3656,21,23164
GPP,3657,21,23180
GPP,3658,21,23180
GPP,3659,21,23196
GPP,3660,21,23196
GPP,3661,21,23196
GPP,3662,21,23211
GPP,3663,21,23211
GPP,3664,21,23227
GPP,3665,21,23227
GPP,3666,21,23227
GPP,3667,21,23243
GPP,3668,21,23243
GPP,3669,21,23258
GPP,3670,21,23258
GPP,3671,21,23258
GPP,3672,21,23274
GPP,3673,21,23274
GPP,3674,21,23290
GPP,3675,21,23290
GPP,3676,21,23290
GPP,3677,21,23305
GPP,3678,21,23305
GPP,3679,21,23321
GPP,3680,21,23321
GPP,3681,21,23337
GPP,3682,21,23337
GPP,3683,21,23337
GPP,3684,21,23352
GPP,3685,21,23352
GPP,3686,21,23368
GPP,3687,21,23368
GPP,3688,21,23368
GPP,3689,21,23384
GPP,3690,21,23384
GPP,3691,21,23400
GPP,3692,21,23400
GPP,3693,21,23400
GPP,3694,21,23415
GPP,3695,21,23415
GPP,3696,21,23431
GPP,3697,21,23431
GPP,3698,21,23431
GPP,3699,21,23447
GPP,3700,21,23447
GPP,3701,21,23462
GPP,3702,21,23462
GPP,3703,21,23462
GPP,3704,21,23478
GPP,3705,21,23478
GPP,3706,21,23494
GPP,3707,21,23494
GPP,3708,21,23509
GPP,3709,21,23509
GPP,3710,21,23509
GPP,3711,21,23525
GPP,3712,21,23525
GPP,3713,21,23541
GPP,3714,21,23541
GPP,3715,21,23541
GPP,3716,21,23556
GPP,3717,21,23556
GPP,3718,21,23572
GPP,3719,21,23572
GPP,3720,21,23572
GPP,3721,21,23588
GPP,3722,21,23588
GPP,3723,21,23603
GPP,3724,21,23603
GPP,3725,21,23603
GPP,3726,21,23619
GPP,3727,21,23619
GPP,3728,21,23635
GPP,3729,21,23635
GPP,3730,21,23651
GPP,3731,21,23651
GPP,3732,21,23651
GPP,3733,21,23666
GPP,3734,21,23666
GPP,3735,21,23682
GPP,3736,21,23682
GPP,3737,21,23682
GPP,3738,21,23698
GPP,3739,21,23698
GPP,3740,21,23713
GPP,3741,21,23713
GPP,3742,21,23713
GPP,3743,21,23729
GPP,3744,21,23729
GPP,3745,21,23745
GPP,3746,21,23745
GPP,3747,21,23745
GPP,3748,21,23760
GPP,3749,21,23760
GPP,3750,21,23776
GPP,3751,21,23776
GPP,3752,21,23776
GPP,3753,21,23792
GPP,3754,21,23792
GPP,3755,21,23808
GPP,3756,21,23808
GPP,3757,21,23823
GPP,3758,21,23823
GPP,3759,21,23823
GPP,3760,21,23839
GPP,3761,21,23839
GPP,3762,21,23855
GPP,3763,21,23855
GPP,3764,21,23855
GPP,3765,21,23871
GPP,3766,21,23871
GPP,3767,21,23886
GPP,3768,21,23886
GPP,3769,21,23886
GPP,3770,21,23902
GPP,3771,21,23902
GPP,3772,21,23918
GPP,3773,21,23918
GPP,3774,21,23918
GPP,3775,21,23933
GPP,3776,21,23933
GPP,3777,21,23949
GPP,3778,21,23949
GPP,3779,21,23949
GPP,3780,21,23965
GPP,3781,21,23965
GPP,3782,21,23981
GPP,3783,21,23981
GPP,3784,21,23996
GPP,3785,21,23996
GPP,3786,21,23996
GPP,3787,21,24012
GPP,3788,21,24012
GPP,3789,21,24028
GPP,3790,21,24028
GPP,3791,21,24028
GPP,3792,21,24044
GPP,3793,21,24044
GPP,3794,21,24059
GPP,3795,21,24059
GPP,3796,21,24059
GPP,3797,21,24075
GPP,3798,21,24075
GPP,3799,21,24091
GPP,3800,21,24091
GPP,3801,21,24091
GPP,3802,21,24106
GPP,3803,21,24106
GPP,3804,21,24122
GPP,3805,21,24122
GPP,3806,21,24122
GPP,3807,21,24138
GPP,3808,21,24138
GPP,3809,21,24153
GPP,3810,21,24153
GPP,3811,21,24169
GPP,3812,21,24169
GPP,3813,21,24169
GPP,3814,21,24185
GPP,3815,21,24185
GPP,3816,21,24200
GPP,3817,21,24200
GPP,3818,21,24200
GPP,3819,21,24216
GPP,3820,21,24216
GPP,3821,21,24232
GPP,3822,21,24232
GPP,3823,21,24232
GPP,3824,21,24248
GPP,3825,21,24248
GPP,3826,21,24263
GPP,3827,21,24263
GPP,3828,21,24263
GPP,3829,21,24279
GPP,3830,21,24279
GPP,3831,21,24295
GPP,3832,21,24295
GPP,3833,21,24295
GPP,3834,21,24310
GPP,3835,21,24310
GPP,3836,21,24328
GPP,3837,21,24334
GPP,3838,21,24334
GPP,3839,21,24342
GPP,3840,21,24342
GPP,3841,21,24358
GPP,3842,21,24358
GPP,3843,21,24373
GPP,3844,21,24373
GPP,3845,21,24373
GPP,3846,21,24389
GPP,3847,21,24389
GPP,3848,21,24405
GPP,3849,21,24405
GPP,3850,21,24405
GPP,3851,21,24420
GPP,3852,21,24420
GPP,3853,21,24436
GPP,3854,21,24436
GPP,3855,21,24436
GPP,3856,21,24452
GPP,3857,21,24452
GPP,3858,21,24468
GPP,3859,21,24468
GPP,3860,21,24468
GPP,3861,21,24483
GPP,3862,21,24483
GPP,3863,21,24499
GPP,3864,21,24499
GPP,3865,21,24499
GPP,3866,21,24515
GPP,3867,21,24515
GPP,3868,21,24530
GPP,3869,21,24530
GPP,3870,21,24546
GPP,3871,21,24546
GPP,3872,21,24546
GPP,3873,21,24562
GPP,3874,21,24562
GPP,3875,21,24578
GPP,3876,21,24578
GPP,3877,21,24578
GPP,3878,21,24593
GPP,3879,21,24593
GPP,3880,21,24609
GPP,3881,21,24609
GPP,3882,21,24609
GPP,3883,21,24625
GPP,3884,21,24625
GPP,3885,21,24640
GPP,3886,21,24640
GPP,3887,21,24656
GPP,3888,21,24656
GPP,3889,21,24656
GPP,3890,21,24672
GPP,3891,21,24672
GPP,3892,21,24687
GPP,3893,21,24687
GPP,3894,21,24687
GPP,3895,21,24703
GPP,3896,21,24703
GPP,3897,21,24719
GPP,3898,21,24719
GPP,3899,21,24735
GPP,3900,21,24735
GPP,3901,21,24735
GPP,3902,21,24750
GPP,3903,21,24750
GPP,3904,21,24766
GPP,3905,21,24766
GPP,3906,21,24766
GPP,3907,21,24782
GPP,3908,21,24782
GPP,3909,21,24797
GPP,3910,21,24797
GPP,3911,21,24813
GPP,3912,21,24813
GPP,3913,21,24813
GPP,3914,21,24829
GPP,3915,21,24829
GPP,3916,21,24844
GPP,3917,21,24844
GPP,3918,21,24844
GPP,3919,21,24860
GPP,3920,21,24860
GPP,3921,21,24876
GPP,3922,21,24885
GPP,3923,21,24892
GPP,3924,21,24892
GPP,3925,21,24892
GPP,3926,21,24907
GPP,3927,21,24907
GPP,3928,21,24923
GPP,3929,21,24923
GPP,3930,21,24923
GPP,3931,21,24939
GPP,3932,21,24939
GPP,3933,21,24954
GPP,3934,21,24954
GPP,3935,21,24970
GPP,3936,21,24970
GPP,3937,21,24970
GPP,3938,21,24986
GPP,3939,21,24986
GPP,3940,21,25002
GPP,3941,21,25002
GPP,3942,21,25002
GPP,3943,21,25017
GPP,3944,21,25017
GPP,3945,21,25033
GPP,3946,21,25033
GPP,3947,21,25033
GPP,3948,21,25049
GPP,3949,21,25049
GPP,3950,21,25065
GPP,3951,21,25065
GPP,3952,21,25080
GPP,3953,21,25080
GPP,3954,21,25080
GPP,3955,21,25096
GPP,3956,21,25096
GPP,3957,21,25112
GPP,3958,21,25112
GPP,3959,21,25112
GPP,3960,21,25127
GPP,3961,21,25127
GPP,3962,21,25143
GPP,3963,21,25143
GPP,3964,21,25143
GPP,3965,21,25159
GPP,3966,21,25159
GPP,3967,21,25174
GPP,3968,21,25174
GPP,3969,21,25174
GPP,3970,21,25190
GPP,3971,21,25190
GPP,3972,21,25206
GPP,3973,21,25206
GPP,3974,21,25206
GPP,3975,21,25221
GPP,3976,21,25221
GPP,3977,21,25237
GPP,3978,21,25237
GPP,3979,21,25253
GPP,3980,21,25253
GPP,3981,21,25253
GPP,3982,21,25269
GPP,3983,21,25269
GPP,3984,21,25284
GPP,3985,21,25284
GPP,3986,21,25284
GPP,3987,21,25300
GPP,3988,21,25300
GPP,3989,21,25316
GPP,3990,21,25316
GPP,3991,21,25316
GPP,3992,21,25331
GPP,3993,21,25331
GPP,3994,21,25347
GPP,3995,21,25347
GPP,3996,21,25347
GPP,3997,21,25363
GPP,3998,21,25363
GPP,3999,21,25378
GPP,4000,21,25378
GPP,4001,21,25378
GPP,4002,21,25394
GPP,4003,21,25394
GPP,4004,21,25412
GPP,4005,21,25419
GPP,4006,21,25426
GPP,4007,21,25426
GPP,4008,21,25426
GPP,4009,21,25441
GPP,4010,21,25441
GPP,4011,21,25457
GPP,4012,21,25457
GPP,4013,21,25457
GPP,4014,21,25473
GPP,4015,21,25473
GPP,4016,21,25488
GPP,4017,21,25488
GPP,4018,21,25488
GPP,4019,21,25504
GPP,4020,21,25504
GPP,4021,21,25520
GPP,4022,21,25520
GPP,4023,21,25520
GPP,4024,21,25536
GPP,4025,21,25536
GPP,4026,21,25551
GPP,4027,21,25551
GPP,4028,21,25551
GPP,4029,21,25567
GPP,4030,21,25567
GPP,4031,21,25583
GPP,4032,21,25583
GPP,4033,21,25599
GPP,4034,21,25599
GPP,4035,21,25599
GPP,4036,21,25614
GPP,4037,21,25614
GPP,4038,21,25630
GPP,4039,21,25630
GPP,4040,21,25630
GPP,4041,21,25645
GPP,4042,21,25645
GPP,4043,21,25661
GPP,4044,21,25661
GPP,4045,21,25661
GPP,4046,21,25677
GPP,4047,21,25677
GPP,4048,21,25694
GPP,4049,21,25701
GPP,4050,21,25701
GPP,4051,21,25708
GPP,4052,21,25708
GPP,4053,21,25724
GPP,4054,21,25724
GPP,4055,21,25740
GPP,4056,21,25740
GPP,4057,21,25740
GPP,4058,21,25755
GPP,4059,21,25755
GPP,4060,21,25771
GPP,4061,21,25771
GPP,4062,21,25771
GPP,4063,21,25787
GPP,4064,21,25787
GPP,4065,21,25802
GPP,4066,21,25802
GPP,4067,21,25802
GPP,4068,21,25818
GPP,4069,21,25818
GPP,4070,21,25834
GPP,4071,21,25834
GPP,4072,21,25834
GPP,4073,21,25849
GPP,4074,21,25849
GPP,4075,21,25865
GPP,4076,21,25865
GPP,4077,21,25881
GPP,4078,21,25881
GPP,4079,21,25881
GPP,4080,21,25897
GPP,4081,21,25897
GPP,4082,21,25912
GPP,4083,21,25912
GPP,4084,21,25912
GPP,4085,21,25928
GPP,4086,21,25928
GPP,4087,21,25944
GPP,4088,21,25944
GPP,4089,21,25944
GPP,4090,21,25960
GPP,4091,21,25960
GPP,4092,21,25975
GPP,4093,21,25975
GPP,4094,21,25975
GPP,4095,21,25991
GPP,4096,21,25991
GPP,4097,21,26007
GPP,4098,21,26007
GPP,4099,21,26007
GPP,4100,21,26023
GPP,4101,21,26023
GPP,4102,21,26038
GPP,4103,21,26038
GPP,4104,21,26054
GPP,4105,21,26054
GPP,4106,21,26054
GPP,4107,21,26070
GPP,4108,21,26070
GPP,4109,21,26085
GPP,4110,21,26085
GPP,4111,21,26101
GPP,4112,21,26101
GPP,4113,21,26101
GPP,4114,21,26117
GPP,4115,21,26117
GPP,4116,21,26133
GPP,4117,21,26133
GPP,4118,21,26133
GPP,4119,21,26148
GPP,4120,21,26148
GPP,4121,21,26164
GPP,4122,21,26164
GPP,4123,21,26164
GPP,4124,21,26180
GPP,4125,21,26180
GPP,4126,21,26195
GPP,4127,21,26195
GPP,4128,21,26211
GPP,4129,21,26211
GPP,4130,21,26211
GPP,4131,21,26227
GPP,4132,21,26227
GPP,4133,21,26242
GPP,4134,21,26242
GPP,4135,21,26242
GPP,4136,21,26258
GPP,4137,21,26258
GPP,4138,21,26274
GPP,4139,21,26274
GPP,4140,21,26274
GPP,4141,21,26290
GPP,4142,21,26290
GPP,4143,21,26305
GPP,4144,21,26305
GPP,4145,21,26305
GPP,4146,21,26321
GPP,4147,21,26321
GPP,4148,21,26337
GPP,4149,21,26337
GPP,4150,21,26352
GPP,4151,21,26352
GPP,4152,21,26352
GPP,4153,21,26368
GPP,4154,21,26368
GPP,4155,21,26384
GPP,4156,21,26384
GPP,4157,21,26384
GPP,4158,21,26399
GPP,4159,21,26399
GPP,4160,21,26415
GPP,4161,21,26415
GPP,4162,21,26415
GPP,4163,21,26431
GPP,4164,21,26431
GPP,4165,21,26446
GPP,4166,21,26446
GPP,4167,21,26446
GPP,4168,21,26462
GPP,4169,21,26462
GPP,4170,21,26478
GPP,4171,21,26478
GPP,4172,21,26494
GPP,4173,21,26494
GPP,4174,21,26494
GPP,4175,21,26509
GPP,4176,21,26509
GPP,4177,21,26525
GPP,4178,21,26525
GPP,4179,21,26525
GPP,4180,21,26541
GPP,4181,21,26541
GPP,4182,21,26556
GPP,4183,21,26556
GPP,4184,21,26556
GPP,4185,21,26572
GPP,4186,21,26572
GPP,4187,21,26588
GPP,4188,21,26588
GPP,4189,21,26603
GPP,4190,21,26603
GPP,4191,21,26603
GPP,4192,21,26619
GPP,4193,21,26619
GPP,4194,21,26635
GPP,4195,21,26635
GPP,4196,21,26635
GPP,4197,21,26651
GPP,4198,21,26651
GPP,4199,21,26666
GPP,4200,21,26666
GPP,4201,21,26666
GPP,4202,21,26682
GPP,4203,21,26682
GPP,4204,21,26697
GPP,4205,21,26697
GPP,4206,21,26713
GPP,4207,21,26713
GPP,4208,21,26713
GPP,4209,21,26729
GPP,4210,21,26729
GPP,4211,21,26745
GPP,4212,21,26745
GPP,4213,21,26745
GPP,4214,21,26760
GPP,4215,21,26760
GPP,4216,21,26776
GPP,4217,21,26776
GPP,4218,21,26776
GPP,4219,21,26792
GPP,4220,21,26792
GPP,4221,21,26808
GPP,4222,21,26808
GPP,4223,21,26808
GPP,4224,21,26823
GPP,4225,21,26823
GPP,4226,21,26839
GPP,4227,21,26839
GPP,4228,21,26855
GPP,4229,21,26855
GPP,4230,21,26855
GPP,4231,21,26870
GPP,4232,21,26870
GPP,4233,21,26886
GPP,4234,21,26886
GPP,4235,21,26886
GPP,4236,21,26902
GPP,4237,21,26902
GPP,4238,21,26918
GPP,4239,21,26918
GPP,4240,21,26918
GPP,4241,21,26933
GPP,4242,21,26933
GPP,4243,21,26949
GPP,4244,21,26949
GPP,4245,21,26965
GPP,4246,21,26965
GPP,4247,21,26965
GPP,4248,21,26980
GPP,4249,21,26980
GPP,4250,21,26996
GPP,4251,21,26996
GPP,4252,21,26996
GPP,4253,21,27012
GPP,4254,21,27012
GPP,4255,21,27028
GPP,4256,21,27028
GPP,4257,21,27043
GPP,4258,21,27049
GPP,4259,21,27051
GPP,4260,21,27059
GPP,4261,21,27059
GPP,4262,21,27075
GPP,4263,21,27075
GPP,4264,21,27090
GPP,4265,21,27090
GPP,4266,21,27090
GPP,4267,21,27106
GPP,4268,21,27106
GPP,4269,21,27122
GPP,4270,21,27122
GPP,4271,21,27122
GPP,4272,21,27138
GPP,4273,21,27138
GPP,4274,21,27153
GPP,4275,21,27153
GPP,4276,21,27153
GPP,4277,21,27169
GPP,4278,21,27169
GPP,4279,21,27185
GPP,4280,21,27185
GPP,4281,21,27185
GPP,4282,21,27200
GPP,4283,21,27200
GPP,4284,21,27216
GPP,4285,21,27216
GPP,4286,21,27232
GPP,4287,21,27232
GPP,4288,21,27232
GPP,4289,21,27248
GPP,4290,21,27248
GPP,4291,21,27263
GPP,4292,21,27263
GPP,4293,21,27263
GPP,4294,21,27279
GPP,4295,21,27279
GPP,4296,21,27295
GPP,4297,21,27295
GPP,4298,21,27295
GPP,4299,21,27311
GPP,4300,21,27311
GPP,4301,21,27326
GPP,4302,21,27326
GPP,4303,21,27326
GPP,4304,21,27342
GPP,4305,21,27342
GPP,4306,21,27358
GPP,4307,21,27358
GPP,4308,21,27358
GPP,4309,21,27373
GPP,4310,21,27373
GPP,4311,21,27389
GPP,4312,21,27389
GPP,4313,21,27405
GPP,4314,21,27405
GPP,4315,21,27405
GPP,4316,21,27420
GPP,4317,21,27420
GPP,4318,21,27436
GPP,4319,21,27436
GPP,4320,21,27436
GPP,4321,21,27452
GPP,4322,21,27452
GPP,4323,21,27468
GPP,4324,21,27468
GPP,4325,21,27468
GPP,4326,21,27483
GPP,4327,21,27483
GPP,4328,21,27499
GPP,4329,21,27499
GPP,4330,21,27499
GPP,4331,21,27515
GPP,4332,21,27515
GPP,4333,21,27530
GPP,4334,21,27530
GPP,4335,21,27530
GPP,4336,21,27547
GPP,4337,21,27547
GPP,4338,21,27562
GPP,4339,21,27562
GPP,4340,21,27578
GPP,4341,21,27578
GPP,4342,21,27578
GPP,4343,21,27594
GPP,4344,21,27594
GPP,4345,21,27609
GPP,4346,21,27609
GPP,4347,21,27609
GPP,4348,21,27625
GPP,4349,21,27625
GPP,4350,21,27641
GPP,4351,21,27641
GPP,4352,21,27641
GPP,4353,21,27657
GPP,4354,21,27657
GPP,4355,21,27672
GPP,4356,21,27672
GPP,4357,21,27672
GPP,4358,21,27688
GPP,4359,21,27688
GPP,4360,21,27704
GPP,4361,21,27704
GPP,4362,21,27704
GPP,4363,21,27719
GPP,4364,21,27719
GPP,4365,21,27735
GPP,4366,21,27735
GPP,4367,21,27751
GPP,4368,21,27751
GPP,4369,21,27751
GPP,4370,21,27767
GPP,4371,21,27767
GPP,4372,21,27782
GPP,4373,21,27782
GPP,4374,21,27782
GPP,4375,21,27798
GPP,4376,21,27798
GPP,4377,21,27814
GPP,4378,21,27814
GPP,4379,21,27814
GPP,4380,21,27829
GPP,4381,21,27829
GPP,4382,21,27845
GPP,4383,21,27845
GPP,4384,21,27845
GPP,4385,21,27861
GPP,4386,21,27861
GPP,4387,21,27876
GPP,4388,21,27876
GPP,4389,21,27876
GPP,4390,21,27892
GPP,4391,21,27892
GPP,4392,21,27908
GPP,4393,21,27908
GPP,4394,21,27923
GPP,4395,21,27923
GPP,4396,21,27923
GPP,4397,21,27939
GPP,4398,21,27939
GPP,4399,21,27955
GPP,4400,21,27955
GPP,4401,21,27955
GPP,4402,21,27971
GPP,4403,21,27971
GPP,4404,21,27986
GPP,4405,21,27986
GPP,4406,21,27986
GPP,4407,21,28002
GPP,4408,21,28002
GPP,4409,21,28018
GPP,4410,21,28018
GPP,4411,21,28018
GPP,4412,21,28033
GPP,4413,21,28033
GPP,4414,21,28049
GPP,4415,21,28049
GPP,4416,21,28049
GPP,4417,21,28065
GPP,4418,21,28065
GPP,4419,21,28080
GPP,4420,21,28080
GPP,4421,21,28096
GPP,4422,21,28096
GPP,4423,21,28096
GPP,4424,21,28112
GPP,4425,21,28112
GPP,4426,21,28128
GPP,4427,21,28128
GPP,4428,21,28128
GPP,4429,21,28143
GPP,4430,21,28143
GPP,4431,21,28159
GPP,4432,21,28159
GPP,4433,21,28159
GPP,4434,21,28175
GPP,4435,21,28175
GPP,4436,21,28190
GPP,4437,21,28190
GPP,4438,21,28190
GPP,4439,21,28206
GPP,4440,21,28206
GPP,4441,21,28222
GPP,4442,21,28222
GPP,4443,21,28222
GPP,4444,21,28238
GPP,4445,21,28238
GPP,4446,21,28253
GPP,4447,21,28253
GPP,4448,21,28269
GPP,4449,21,28269
GPP,4450,21,28269
GPP,4451,21,28285
GPP,4452,21,28285
GPP,4453,21,28300
GPP,4454,21,28300
GPP,4455,21,28300
GPP,4456,21,28316
GPP,4457,21,28316
GPP,4458,21,28332
GPP,4459,21,28332
GPP,4460,21,28332
GPP,4461,21,28347
GPP,4462,21,28347
GPP,4463,21,28363
GPP,4464,21,28363
GPP,4465,21,28363
GPP,4466,21,28379
GPP,4467,21,28379
GPP,4468,21,28395
GPP,4469,21,28395
GPP,4470,21,28395
GPP,4471,21,28416
GPP,4472,21,28418
GPP,4473,21,28426
GPP,4474,21,28426
GPP,4475,21,28442
GPP,4476,21,28442
GPP,4477,21,28442
GPP,4478,21,28457
GPP,4479,21,28457
GPP,4480,21,28473
GPP,4481,21,28473
GPP,4482,21,28473
GPP,4483,21,28489
GPP,4484,21,28489
GPP,4485,21,28505
GPP,4486,21,28505
GPP,4487,21,28505
GPP,4488,21,28520
GPP,4489,21,28520
GPP,4490,21,28536
GPP,4491,21,28536
GPP,4492,21,28536
GPP,4493,21,28552
GPP,4494,21,28552
GPP,4495,21,28567
GPP,4496,21,28567
GPP,4497,21,28583
GPP,4498,21,28583
GPP,4499,21,28583
GPP,4500,21,28599
GPP,4501,21,28599
GPP,4502,21,28615
GPP,4503,21,28615
GPP,4504,21,28615
GPP,4505,21,28630
GPP,4506,21,28630
GPP,4507,21,28646
GPP,4508,21,28646
GPP,4509,21,28646
GPP,4510,21,28662
GPP,4511,21,28662
GPP,4512,21,28677
GPP,4513,21,28677
GPP,4514,21,28677
GPP,4515,21,28693
GPP,4516,21,28693
GPP,4517,21,28709
GPP,4518,21,28709
GPP,4519,21,28709
GPP,4520,21,28725
GPP,4521,21,28725
GPP,4522,21,28740
GPP,4523,21,28740
GPP,4524,21,28740
GPP,4525,21,28756
GPP,4526,21,28756
GPP,4527,21,28772
GPP,4528,21,28772
GPP,4529,21,28788
GPP,4530,21,28788
GPP,4531,21,28788
GPP,4532,21,28803
GPP,4533,21,28803
GPP,4534,21,28819
GPP,4535,21,28819
GPP,4536,21,28819
GPP,4537,21,28835
GPP,4538,21,28835
GPP,4539,21,28850
GPP,4540,21,28850
GPP,4541,21,28850
GPP,4542,21,28866
GPP,4543,21,28866
GPP,4544,21,28882
GPP,4545,21,28882
GPP,4546,21,28882
GPP,4547,21,28897
GPP,4548,21,28897
GPP,4549,21,28913
GPP,4550,21,28913
GPP,4551,21,28929
GPP,4552,21,28929
GPP,4553,21,28929
GPP,4554,21,28945
GPP,4555,21,28945
GPP,4556,21,28960
GPP,4557,21,28960
GPP,4558,21,28960
GPP,4559,21,28976
GPP,4560,21,28976
GPP,4561,21,28992
GPP,4562,21,28992
GPP,4563,21,28992
GPP,4564,21,29007
GPP,4565,21,29007
GPP,4566,21,29023
GPP,4567,21,29023
GPP,4568,21,29023
GPP,4569,21,29039
GPP,4570,21,29039
GPP,4571,21,29054
GPP,4572,21,29054
GPP,4573,21,29070
GPP,4574,21,29070
GPP,4575,21,29070
GPP,4576,21,29086
GPP,4577,21,29086
GPP,4578,21,29101
GPP,4579,21,29101
GPP,4580,21,29101
GPP,4581,21,29117
GPP,4582,21,29117
GPP,4583,21,29133
GPP,4584,21,29133
GPP,4585,21,29133
GPP,4586,21,29148
GPP,4587,21,29148
GPP,4588,21,29164
GPP,4589,21,29164
GPP,4590,21,29164
GPP,4591,21,29180
GPP,4592,21,29180
GPP,4593,21,29196
GPP,4594,21,29196
GPP,4595,21,29196
GPP,4596,21,29211
GPP,4597,21,29211
GPP,4598,21,29227
GPP,4599,21,29227
GPP,4600,21,29243
GPP,4601,21,29243
GPP,4602,21,29243
GPP,4603,21,29258
GPP,4604,21,29258
GPP,4605,21,29274
GPP,4606,21,29274
GPP,4607,21,29274
GPP,4608,21,29290
GPP,4609,21,29290
GPP,4610,21,29305
GPP,4611,21,29305
GPP,4612,21,29305
GPP,4613,21,29321
GPP,4614,21,29321
GPP,4615,21,29337
GPP,4616,21,29337
GPP,4617,21,29337
GPP,4618,21,29353
GPP,4619,21,29353
GPP,4620,21,29368
GPP,4621,21,29368
GPP,4622,21,29368
GPP,4623,21,29384
GPP,4624,21,29384
GPP,4625,21,29400
GPP,4626,21,29400
GPP,4627,21,29416
GPP,4628,21,29416
GPP,4629,21,29416
GPP,4630,21,29431
GPP,4631,21,29431
GPP,4632,21,29447
GPP,4633,21,29447
GPP,4634,21,29447
GPP,4635,21,29463
GPP,4636,21,29463
GPP,4637,21,29478
GPP,4638,21,29478
GPP,4639,21,29478
GPP,4640,21,29494
GPP,4641,21,29494
GPP,4642,21,29510
GPP,4643,21,29510
GPP,4644,21,29510
GPP,4645,21,29525
GPP,4646,21,29525
GPP,4647,21,29541
GPP,4648,21,29541
GPP,4649,21,29557
GPP,4650,21,29557
GPP,4651,21,29557
GPP,4652,21,29573
GPP,4653,21,29573
GPP,4654,21,29588
GPP,4655,21,29588
GPP,4656,21,29604
GPP,4657,21,29604
GPP,4658,21,29620
GPP,4659,21,29620
GPP,4660,21,29620
GPP,4661,21,29635
GPP,4662,21,29635
GPP,4663,21,29651
GPP,4664,21,29651
GPP,4665,21,29651
GPP,4666,21,29667
GPP,4667,21,29667
GPP,4668,21,29683
GPP,4669,21,29683
GPP,4670,21,29698
GPP,4671,21,29698
GPP,4672,21,29698
GPP,4673,21,29714
GPP,4674,21,29714
GPP,4675,21,29730
GPP,4676,21,29730
GPP,4677,21,29730
GPP,4678,21,29746
GPP,4679,21,29746
GPP,4680,21,29761
GPP,4681,21,29761
GPP,4682,21,29761
GPP,4683,21,29782
GPP,4684,21,29785
GPP,4685,21,29793
GPP,4686,21,29793
GPP,4687,21,29808
GPP,4688,21,29808
GPP,4689,21,29808
GPP,4690,21,29824
GPP,4691,21,29824
GPP,4692,21,29840
GPP,4693,21,29840
GPP,4694,21,29840
GPP,4695,21,29855
GPP,4696,21,29855
GPP,4697,21,29871
GPP,4698,21,29871
GPP,4699,21,29871
GPP,4700,21,29887
GPP,4701,21,29887
GPP,4702,21,29902
GPP,4703,21,29902
GPP,4704,21,29918
GPP,4705,21,29918
GPP,4706,21,29918
GPP,4707,21,29934
GPP,4708,21,29934
GPP,4709,21,29949
GPP,4710,21,29949
GPP,4711,21,29949
GPP,4712,21,29965
GPP,4713,21,29965
GPP,4714,21,29981
GPP,4715,21,29981
GPP,4716,21,29981
GPP,4717,21,29997
GPP,4718,21,29997
GPP,4719,21,30012
GPP,4720,21,30012
GPP,4721,21,30012
GPP,4722,21,30028
GPP,4723,21,30028
GPP,4724,21,30044
GPP,4725,21,30044
GPP,4726,21,30044
GPP,4727,21,30059
GPP,4728,21,30059
GPP,4729,21,30075
GPP,4730,21,30075
GPP,4731,21,30075
GPP,4732,21,30091
GPP,4733,21,30091
GPP,4734,21,30106
GPP,4735,21,30106
GPP,4736,21,30122
GPP,4737,21,30122
GPP,4738,21,30122
GPP,4739,21,30138
GPP,4740,21,30138
GPP,4741,21,30154
GPP,4742,21,30154
GPP,4743,21,30154
GPP,4744,21,30169
GPP,4745,21,30169
GPP,4746,21,30185
GPP,4747,21,30185
GPP,4748,21,30185
GPP,4749,21,30201
GPP,4750,21,30201
GPP,4751,21,30216
GPP,4752,21,30216
GPP,4753,20,30216
GPP,4754,20,30232
GPP,4755,20,30232
GPP,4756,20,30248
GPP,4757,20,30248
GPP,4758,20,30248
GPP,4759,20,30263
GPP,4760,20,30263
GPP,4761,20,30279
GPP,4762,20,30279
GPP,4763,20,30279
GPP,4764,20,30295
GPP,4765,20,30295
GPP,4766,20,30310
GPP,4767,20,30310
GPP,4768,20,30310
GPP,4769,20,30326
GPP,4770,20,30326
GPP,4771,20,30342
GPP,4772,20,30342
GPP,4773,20,30342
GPP,4774,20,30357
GPP,4775,20,30357
GPP,4776,20,30357
GPP,4777,20,30373
GPP,4778,20,30373
GPP,4779,20,30389
GPP,4780,20,30389
GPP,4781,20,30389
GPP,4782,20,30405
GPP,4783,20,30405
GPP,4784,20,30422
GPP,4785,20,30428
GPP,4786,20,30429
GPP,4787,20,30436
GPP,4788,20,30436
GPP,4789,20,30452
GPP,4790,20,30452
GPP,4791,20,30452
GPP,4792,20,30467
GPP,4793,20,30467
GPP,4794,20,30483
GPP,4795,20,30483
GPP,4796,20,30483
GPP,4797,20,30499
GPP,4798,20,30499
GPP,4799,20,30514
GPP,4800,20,30514
GPP,4801,20,30514
GPP,4802,20,30530
GPP,4803,20,30530
GPP,4804,20,30546
GPP,4805,20,30546
GPP,4806,20,30546
GPP,4807,20,30562
GPP,4808,20,30562
GPP,4809,20,30578
GPP,4810,20,30578
GPP,4811,20,30578
GPP,4812,20,30593
GPP,4813,20,30593
GPP,4814,20,30593
GPP,4815,20,30609
GPP,4816,20,30609
GPP,4817,20,30625
GPP,4818,20,30625
GPP,4819,20,30625
GPP,4820,20,30641
GPP,4821,20,30641
GPP,4822,20,30656
GPP,4823,20,30656
GPP,4824,20,30656
GPP,4825,20,30672
GPP,4826,20,30672
GPP,4827,20,30688
GPP,4828,20,30688
GPP,4829,20,30688
GPP,4830,20,30703
GPP,4831,20,30703
GPP,4832,20,30719
GPP,4833,20,30719
GPP,4834,20,30719
GPP,4835,20,30735
GPP,4836,20,30735
GPP,4837,20,30751
GPP,4838,20,30751
GPP,4839,20,30751
GPP,4840,20,30766
GPP,4841,20,30766
GPP,4842,20,30782
GPP,4843,20,30782
GPP,4844,20,30782
GPP,4845,20,30798
GPP,4846,20,30798
GPP,4847,20,30813
GPP,4848,20,30813
GPP,4849,20,30813
GPP,4850,20,30829
GPP,4851,20,30829
GPP,4852,20,30845
GPP,4853,20,30845
GPP,4854,20,30845
GPP,4855,20,30860
GPP,4856,20,30860
GPP,4857,20,30860
GPP,4858,20,30876
GPP,4859,20,30876
GPP,4860,20,30892
GPP,4861,20,30892
GPP,4862,20,30892
GPP,4863,20,30908
GPP,4864,20,30908
GPP,4865,20,30923
GPP,4866,20,30923
GPP,4867,20,30923
GPP,4868,20,30939
GPP,4869,20,30939
GPP,4870,20,30955
GPP,4871,20,30955
GPP,4872,20,30955
GPP,4873,20,30971
GPP,4874,20,30971
GPP,4875,20,30986
GPP,4876,20,30986
GPP,4877,20,30986
GPP,4878,20,31002
GPP,4879,20,31002
GPP,4880,20,31018
GPP,4881,20,31018
GPP,4882,20,31018
GPP,4883,20,31033
GPP,4884,20,31033
GPP,4885,20,31049
GPP,4886,20,31049
GPP,4887,20,31049
GPP,4888,20,31065
GPP,4889,20,31065
GPP,4890,20,31065
GPP,4891,20,31080
GPP,4892,20,31080
GPP,4893,20,31096
GPP,4894,20,31096
GPP,4895,20,31096
GPP,4896,20,31112
GPP,4897,20,31112
GPP,4898,20,31128
GPP,4899,20,31128
GPP,4900,20,31128
GPP,4901,20,31147
GPP,4902,20,31151
GPP,4903,20,31159
GPP,4904,20,31159
GPP,4905,20,31159
GPP,4906,20,31175
GPP,4907,20,31175
GPP,4908,20,31190
GPP,4909,20,31190
GPP,4910,20,31190
GPP,4911,20,31206
GPP,4912,20,31206
GPP,4913,20,31222
GPP,4914,20,31222
GPP,4915,20,31222
GPP,4916,20,31237
GPP,4917,20,31237
GPP,4918,20,31237
GPP,4919,20,31253
GPP,4920,20,31253
GPP,4921,20,31269
GPP,4922,20,31269
GPP,4923,20,31269
GPP,4924,20,31284
GPP,4925,20,31284
GPP,4926,20,31300
GPP,4927,20,31300
GPP,4928,20,31300
GPP,4929,20,31316
GPP,4930,20,31316
GPP,4931,20,31331
GPP,4932,20,31331
GPP,4933,20,31331
GPP,4934,20,31347
GPP,4935,20,31347
GPP,4936,20,31363
GPP,4937,20,31363
GPP,4938,20,31363
GPP,4939,20,31379
GPP,4940,20,31379
GPP,4941,20,31394
GPP,4942,20,31394
GPP,4943,20,31394
GPP,4944,20,31410
GPP,4945,20,31410
GPP,4946,20,31426
GPP,4947,20,31426
GPP,4948,20,31426
GPP,4949,20,31441
GPP,4950,20,31441
GPP,4951,20,31441
GPP,4952,20,31457
GPP,4953,20,31457
GPP,4954,20,31473
GPP,4955,20,31473
GPP,4956,20,31473
GPP,4957,20,31488
GPP,4958,20,31488
GPP,4959,20,31504
GPP,4960,20,31504
GPP,4961,20,31520
GPP,4962,20,31520
GPP,4963,20,31520
GPP,4964,20,31535
GPP,4965,20,31535
GPP,4966,20,31551
GPP,4967,20,31551
GPP,4968,20,31551
GPP,4969,20,31567
GPP,4970,20,31567
GPP,4971,20,31583
GPP,4972,20,31583
GPP,4973,20,31583
GPP,4974,20,31598
GPP,4975,20,31598
GPP,4976,20,31614
GPP,4977,20,31614
GPP,4978,20,31614
GPP,4979,20,31630
GPP,4980,20,31630
GPP,4981,20,31646
GPP,4982,20,31646
GPP,4983,20,31646
GPP,4984,20,31661
GPP,4985,20,31661
GPP,4986,20,31677
GPP,4987,20,31677
GPP,4988,20,31693
GPP,4989,20,31693
GPP,4990,20,31693
GPP,4991,20,31708
GPP,4992,20,31708
GPP,4993,20,31724
GPP,4994,20,31724
GPP,4995,20,31724
GPP,4996,20,31740
GPP,4997,20,31740
GPP,4998,20,31756
GPP,4999,20,31756
QAP,0,138,0
QAP,1,132,15
QAP,2,132,31
QAP,3,126,31
QAP,4,124,47
QAP,5,124,47
QAP,6,124,62
QAP,7,124,78
QAP,8,124,78
QAP,9,122,94
QAP,10,122,109
QAP,11,122,109
QAP,12,122,125
QAP,13,122,125
QAP,14,120,141
QAP,15,120,157
QAP,16,120,157
QAP,17,120,172
QAP,18,120,188
QAP,19,120,188
QAP,20,120,204
QAP,21,118,219
QAP,22,118,219
QAP,23,118,235
QAP,24,118,235
QAP,25,118,251
QAP,26,118,267
QAP,27,118,267
QAP,28,114,282
QAP,29,114,298
QAP,30,114,298
QAP,31,114,314
QAP,32,114,314
QAP,33,114,329
QAP,34,114,345
QAP,35,114,345
QAP,36,114,361
QAP,37,114,376
QAP,38,114,376
QAP,39,114,392
QAP,40,114,408
QAP,41,114,408
QAP,42,114,424
QAP,43,114,424
QAP,44,114,439
QAP,45,114,455
QAP,46,114,455
QAP,47,114,471
QAP,48,114,487
QAP,49,114,487
QAP,50,114,502
QAP,51,114,502
QAP,52,114,518
QAP,53,114,534
QAP,54,114,534
QAP,55,114,549
QAP,56,114,565
QAP,57,114,565
QAP,58,114,581
QAP,59,114,597
QAP,60,114,597
QAP,61,114,612
QAP,62,114,612
QAP,63,114,628
QAP,64,114,644
QAP,65,114,644
QAP,66,114,659
QAP,67,114,675
QAP,68,114,675
QAP,69,114,691
QAP,70,114,691
QAP,71,114,707
QAP,72,114,726
QAP,73,114,731
QAP,74,114,738
QAP,75,114,754
QAP,76,114,754
QAP,77,114,769
QAP,78,114,785
QAP,79,108,785
QAP,80,108,801
QAP,81,108,816
QAP,82,108,816
QAP,83,108,832
QAP,84,108,832
QAP,85,108,848
QAP,86,108,863
QAP,87,108,863
QAP,88,108,879
QAP,89,108,895
QAP,90,108,895
QAP,91,108,911
QAP,92,108,926
QAP,93,108,926
QAP,94,108,942
QAP,95,108,958
QAP,96,108,958
QAP,97,108,974
QAP,98,108,974
QAP,99,108,989
QAP,100,108,1005
QAP,101,108,1005
QAP,102,108,1023
QAP,103,108,1037
QAP,104,108,1052
QAP,105,108,1052
QAP,106,108,1068
QAP,107,108,1084
QAP,108,108,1084
QAP,109,108,1099
QAP,110,108,1115
QAP,111,108,1115
QAP,112,108,1131
QAP,113,108,1131
QAP,114,108,1146
QAP,115,108,1162
QAP,116,108,1162
QAP,117,108,1178
QAP,118,108,1193
QAP,119,108,1193
QAP,120,108,1209
QAP,121,108,1225
QAP,122,108,1225
QAP,123,108,1240
QAP,124,108,1256
QAP,125,108,1256
QAP,126,108,1272
QAP,127,108,1272
QAP,128,108,1287
QAP,129,108,1303
QAP,130,108,1303
QAP,131,108,1319
QAP,132,108,1335
QAP,133,108,1335
QAP,134,108,1350
QAP,135,108,1350
QAP,136,108,1366
QAP,137,108,1382
QAP,138,108,1382
QAP,139,108,1397
QAP,140,108,1413
QAP,141,108,1413
QAP,142,108,1429
QAP,143,108,1444
QAP,144,108,1444
QAP,145,108,1460
QAP,146,108,1460
QAP,147,108,1476
QAP,148,108,1491
QAP,149,108,1491
QAP,150,108,1507
QAP,151,108,1523
QAP,152,108,1523
QAP,153,108,1538
QAP,154,108,1554
QAP,155,108,1554
QAP,156,108,1570
QAP,157,108,1570
QAP,158,108,1586
QAP,159,108,1601
QAP,160,108,1601
QAP,161,108,1617
QAP,162,108,1633
QAP,163,108,1633
QAP,164,108,1648
QAP,165,108,1664
QAP,166,108,1664
QAP,167,108,1680
QAP,168,108,1680
QAP,169,108,1696
QAP,170,108,1711
QAP,171,108,1711
QAP,172,108,1727
QAP,173,108,1743
QAP,174,108,1743
QAP,175,108,1758
QAP,176,108,1774
QAP,177,108,1774
QAP,178,108,1790
QAP,179,108,1806
QAP,180,108,1806
QAP,181,108,1822
QAP,182,108,1822
QAP,183,108,1837
QAP,184,108,1853
QAP,185,108,1853
QAP,186,108,1869
QAP,187,108,1884
QAP,188,108,1884
QAP,189,104,1900
QAP,190,104,1916
QAP,191,104,1916
QAP,192,104,1932
QAP,193,100,1947
QAP,194,100,1947
QAP,195,100,1963
QAP,196,100,1963
QAP,197,100,1979
QAP,198,100,1994
QAP,199,100,1994
QAP,200,100,2010
QAP,201,100,2026
QAP,202,100,2026
QAP,203,100,2041
QAP,204,100,2057
QAP,205,100,2057
QAP,206,100,2073
QAP,207,100,2073
QAP,208,100,2096
QAP,209,100,2104
QAP,210,100,2104
QAP,211,100,2120
QAP,212,100,2136
QAP,213,100,2136
QAP,214,100,2151
QAP,215,100,2167
QAP,216,100,2167
QAP,217,100,2183
QAP,218,100,2198
QAP,219,100,2198
QAP,220,100,2214
QAP,221,100,2214
QAP,222,100,2230
QAP,223,100,2246
QAP,224,100,2246
QAP,225,100,2261
QAP,226,100,2277
QAP,227,100,2284
QAP,228,100,2293
QAP,229,100,2308
QAP,230,100,2308
QAP,231,100,2324
QAP,232,100,2324
QAP,233,100,2340
QAP,234,100,2356
QAP,235,100,2356
QAP,236,100,2371
QAP,237,100,2387
QAP,238,100,2387
QAP,239,100,2403
QAP,240,90,2418
QAP,241,90,2418
QAP,242,90,2434
QAP,243,90,2450
QAP,244,90,2450
QAP,245,90,2465
QAP,246,90,2465
QAP,247,90,2481
QAP,248,90,2497
QAP,249,90,2497
QAP,250,88,2513
QAP,251,88,2528
QAP,252,88,2528
QAP,253,88,2544
QAP,254,88,2560
QAP,255,88,2560
QAP,256,88,2575
QAP,257,88,2575
QAP,258,88,2591
QAP,259,88,2607
QAP,260,88,2607
QAP,261,86,2622
QAP,262,86,2638
QAP,263,86,2638
QAP,264,86,2654
QAP,265,86,2669
QAP,266,86,2669
QAP,267,86,2685
QAP,268,86,2685
QAP,269,86,2701
QAP,270,86,2717
QAP,271,86,2717
QAP,272,86,2732
QAP,273,86,2748
QAP,274,86,2748
QAP,275,86,2764
QAP,276,86,2779
QAP,277,86,2779
QAP,278,86,2795
QAP,279,86,2795
QAP,280,86,2811
QAP,281,86,2827
QAP,282,86,2827
QAP,283,86,2842
QAP,284,86,2858
QAP,285,86,2858
QAP,286,86,2874
QAP,287,86,2889
QAP,288,86,2889
QAP,289,86,2910
QAP,290,86,2914
QAP,291,86,2921
QAP,292,86,2936
QAP,293,86,2936
QAP,294,86,2952
QAP,295,86,2968
QAP,296,86,2968
QAP,297,86,2984
QAP,298,86,2999
QAP,299,86,2999
QAP,300,86,3015
QAP,301,86,3031
QAP,302,86,3031
QAP,303,86,3046
QAP,304,86,3046
QAP,305,86,3062
QAP,306,86,3078
QAP,307,86,3078
QAP,308,86,3093
QAP,309,86,3109
QAP,310,86,3109
QAP,311,86,3125
QAP,312,86,3125
QAP,313,86,3141
QAP,314,86,3156
QAP,315,86,3156
QAP,316,86,3172
QAP,317,86,3188
QAP,318,86,3188
QAP,319,86,3203
QAP,320,86,3219
QAP,321,86,3219
QAP,322,86,3235
QAP,323,86,3235
QAP,324,86,3250
QAP,325,86,3266
QAP,326,84,3266
QAP,327,84,3282
QAP,328,84,3298
QAP,329,84,3298
QAP,330,84,3313
QAP,331,84,3329
QAP,332,84,3329
QAP,333,84,3345
QAP,334,84,3345
QAP,335,84,3360
QAP,336,84,3376
QAP,337,84,3376
QAP,338,84,3392
QAP,339,84,3407
QAP,340,84,3407
QAP,341,84,3423
QAP,342,84,3423
QAP,343,84,3439
QAP,344,84,3457
QAP,345,84,3463
QAP,346,84,3470
QAP,347,84,3486
QAP,348,84,3486
QAP,349,84,3502
QAP,350,84,3517
QAP,351,84,3517
QAP,352,84,3533
QAP,353,84,3533
QAP,354,84,3549
QAP,355,84,3565
QAP,356,84,3565
QAP,357,84,3580
QAP,358,84,3596
QAP,359,84,3596
QAP,360,84,3612
QAP,361,84,3612
QAP,362,84,3627
QAP,363,84,3643
QAP,364,84,3643
QAP,365,84,3659
QAP,366,84,3675
QAP,367,84,3675
QAP,368,84,3690
QAP,369,84,3706
QAP,370,84,3706
QAP,371,84,3722
QAP,372,84,3722
QAP,373,84,3737
QAP,374,84,3753
QAP,375,84,3753
QAP,376,84,3769
QAP,377,84,3784
QAP,378,84,3784
QAP,379,76,3800
QAP,380,76,3816
QAP,381,76,3816
QAP,382,76,3832
QAP,383,76,3832
QAP,384,76,3847
QAP,385,76,3863
QAP,386,76,3863
QAP,387,76,3879
QAP,388,76,3894
QAP,389,76,3894
QAP,390,76,3910
QAP,391,76,3910
QAP,392,76,3926
QAP,393,76,3941
QAP,394,76,3941
QAP,395,76,3957
QAP,396,76,3973
QAP,397,76,3973
QAP,398,76,3989
QAP,399,76,4004
QAP,400,76,4004
QAP,401,76,4020
QAP,402,76,4020
QAP,403,76,4036
QAP,404,76,4051
QAP,405,76,4051
QAP,406,76,4067
QAP,407,76,4083
QAP,408,76,4083
QAP,409,76,4098
QAP,410,76,4098
QAP,411,76,4114
QAP,412,76,4130
QAP,413,76,4130
QAP,414,76,4146
QAP,415,76,4161
QAP,416,76,4161
QAP,417,76,4177
QAP,418,76,4193
QAP,419,76,4193
QAP,420,74,4208
QAP,421,74,4208
QAP,422,74,4224
QAP,423,74,4240
QAP,424,74,4240
QAP,425,74,4255
QAP,426,74,4271
QAP,427,74,4271
QAP,428,74,4287
QAP,429,74,4303
QAP,430,74,4303
QAP,431,74,4318
QAP,432,74,4318
QAP,433,74,4334
QAP,434,74,4350
QAP,435,74,4350
QAP,436,74,4365
QAP,437,74,4381
QAP,438,74,4381
QAP,439,74,4397
QAP,440,74,4397
QAP,441,74,4412
QAP,442,74,4428
QAP,443,74,4428
QAP,444,74,4444
QAP,445,74,4459
QAP,446,74,4459
QAP,447,74,4475
QAP,448,74,4475
QAP,449,74,4491
QAP,450,74,4507
QAP,451,74,4507
QAP,452,74,4523
QAP,453,74,4538
QAP,454,74,4538
QAP,455,74,4554
QAP,456,74,4570
QAP,457,74,4570
QAP,458,74,4585
QAP,459,74,4585
QAP,460,74,4601
QAP,461,74,4617
QAP,462,74,4617
QAP,463,74,4632
QAP,464,74,4648
QAP,465,74,4648
QAP,466,74,4664
QAP,467,74,4679
QAP,468,74,4679
QAP,469,74,4695
QAP,470,74,4695
QAP,471,74,4711
QAP,472,74,4727
QAP,473,74,4727
QAP,474,74,4742
QAP,475,74,4758
QAP,476,74,4758
QAP,477,74,4774
QAP,478,74,4790
QAP,479,74,4790
QAP,480,74,4805
QAP,481,74,4805
QAP,482,74,4829
QAP,483,74,4837
QAP,484,74,4837
QAP,485,74,4852
QAP,486,74,4868
QAP,487,74,4868
QAP,488,74,4884
QAP,489,74,4900
QAP,490,74,4900
QAP,491,74,4915
QAP,492,74,4915
QAP,493,74,4931
QAP,494,74,4947
QAP,495,74,4947
QAP,496,74,4962
QAP,497,74,4978
QAP,498,74,4978
QAP,499,74,4994
QAP,500,74,5009
QAP,501,74,5009
QAP,502,74,5025
QAP,503,68,5025
QAP,504,68,5041
QAP,505,68,5056
QAP,506,68,5056
QAP,507,68,5072
QAP,508,68,5088
QAP,509,68,5088
QAP,510,68,5104
QAP,511,68,5104
QAP,512,68,5119
QAP,513,68,5135
QAP,514,68,5135
QAP,515,68,5151
QAP,516,68,5166
QAP,517,68,5166
QAP,518,68,5182
QAP,519,68,5198
QAP,520,68,5198
QAP,521,68,5213
QAP,522,68,5213
QAP,523,68,5229
QAP,524,68,5245
QAP,525,68,5245
QAP,526,68,5261
QAP,527,68,5276
QAP,528,68,5276
QAP,529,68,5292
QAP,530,68,5308
QAP,531,68,5308
QAP,532,68,5323
QAP,533,68,5323
QAP,534,68,5339
QAP,535,68,5355
QAP,536,68,5355
QAP,537,68,5371
QAP,538,68,5386
QAP,539,68,5386
QAP,540,68,5402
QAP,541,68,5402
QAP,542,68,5418
QAP,543,68,5433
QAP,544,68,5433
QAP,545,68,5449
QAP,546,68,5465
QAP,547,68,5465
QAP,548,68,5480
QAP,549,68,5480
QAP,550,68,5496
QAP,551,68,5512
QAP,552,68,5512
QAP,553,68,5527
QAP,554,68,5543
QAP,555,68,5543
QAP,556,68,5559
QAP,557,68,5575
QAP,558,68,5575
QAP,559,68,5590
QAP,560,68,5590
QAP,561,68,5606
QAP,562,68,5622
QAP,563,68,5622
QAP,564,68,5637
QAP,565,68,5653
QAP,566,68,5653
QAP,567,68,5669
QAP,568,68,5669
QAP,569,68,5684
QAP,570,68,5700
QAP,571,68,5700
QAP,572,68,5716
QAP,573,68,5732
QAP,574,68,5732
QAP,575,68,5747
QAP,576,68,5763
QAP,577,68,5763
QAP,578,68,5779
QAP,579,68,5779
QAP,580,68,5794
QAP,581,68,5810
QAP,582,68,5810
QAP,583,68,5826
QAP,584,68,5842
QAP,585,68,5842
QAP,586,68,5857
QAP,587,68,5873
QAP,588,68,5873
QAP,589,68,5889
QAP,590,68,5889
QAP,591,68,5905
QAP,592,68,5920
QAP,593,68,5920
QAP,594,68,5936
QAP,595,68,5952
QAP,596,68,5952
QAP,597,68,5967
QAP,598,68,5967
QAP,599,68,5983
QAP,600,68,5999
QAP,601,68,5999
QAP,602,68,6014
QAP,603,66,6030
QAP,604,66,6030
QAP,605,66,6046
QAP,606,66,6061
QAP,607,66,6061
QAP,608,66,6077
QAP,609,66,6077
QAP,610,66,6093
QAP,611,60,6108
QAP,612,60,6108
QAP,613,60,6124
QAP,614,60,6140
QAP,615,60,6140
QAP,616,60,6156
QAP,617,60,6156
QAP,618,60,6171
QAP,619,60,6190
QAP,620,60,6195
QAP,621,60,6203
QAP,622,60,6218
QAP,623,60,6218
QAP,624,60,6234
QAP,625,60,6250
QAP,626,60,6250
QAP,627,60,6265
QAP,628,60,6265
QAP,629,60,6281
QAP,630,60,6297
QAP,631,60,6297
QAP,632,60,6312
QAP,633,60,6328
QAP,634,60,6328
QAP,635,60,6344
QAP,636,60,6359
QAP,637,60,6359
QAP,638,60,6375
QAP,639,60,6375
QAP,640,60,6391
QAP,641,60,6406
QAP,642,60,6406
QAP,643,60,6422
QAP,644,60,6438
QAP,645,60,6438
QAP,646,60,6454
QAP,647,60,6469
QAP,648,60,6469
QAP,649,60,6485
QAP,650,60,6485
QAP,651,60,6501
QAP,652,60,6516
QAP,653,60,6516
QAP,654,60,6532
QAP,655,60,6548
QAP,656,60,6548
QAP,657,60,6564
QAP,658,60,6564
QAP,659,60,6579
QAP,660,60,6595
QAP,661,60,6595
QAP,662,58,6611
QAP,663,58,6626
QAP,664,56,6626
QAP,665,56,6642
QAP,666,56,6642
QAP,667,56,6658
QAP,668,56,6674
QAP,669,56,6674
QAP,670,56,6689
QAP,671,56,6705
QAP,672,56,6705
QAP,673,56,6721
QAP,674,56,6737
QAP,675,56,6737
QAP,676,56,6752
QAP,677,56,6752
QAP,678,56,6768
QAP,679,56,6784
QAP,680,56,6784
QAP,681,56,6799
QAP,682,56,6815
QAP,683,56,6815
QAP,684,56,6831
QAP,685,56,6846
QAP,686,56,6846
QAP,687,56,6862
QAP,688,56,6862
QAP,689,56,6878
QAP,690,56,6894
QAP,691,50,6894
QAP,692,50,6909
QAP,693,50,6925
QAP,694,50,6925
QAP,695,50,6941
QAP,696,50,6956
QAP,697,50,6956
QAP,698,50,6972
QAP,699,50,6972
QAP,700,50,6988
QAP,701,50,7004
QAP,702,50,7019
QAP,703,50,7019
QAP,704,50,7035
QAP,705,48,7035
QAP,706,48,7051
QAP,707,48,7066
QAP,708,48,7066
QAP,709,48,7082
QAP,710,48,7098
QAP,711,48,7098
QAP,712,48,7113
QAP,713,48,7129
QAP,714,48,7129
QAP,715,48,7145
QAP,716,48,7145
QAP,717,48,7161
QAP,718,48,7176
QAP,719,48,7176
QAP,720,48,7192
QAP,721,48,7208
QAP,722,48,7208
QAP,723,48,7223
QAP,724,48,7239
QAP,725,48,7239
QAP,726,48,7255
QAP,727,48,7255
QAP,728,48,7270
QAP,729,48,7286
QAP,730,48,7286
QAP,731,48,7302
QAP,732,48,7318
QAP,733,48,7318
QAP,734,48,7334
QAP,735,48,7334
QAP,736,48,7349
QAP,737,48,7365
QAP,738,48,7365
QAP,739,48,7381
QAP,740,48,7396
QAP,741,48,7396
QAP,742,48,7412
QAP,743,48,7428
QAP,744,46,7428
QAP,745,46,7443
QAP,746,46,7443
QAP,747,46,7459
QAP,748,46,7475
QAP,749,46,7475
QAP,750,46,7491
QAP,751,46,7506
QAP,752,46,7506
QAP,753,46,7522
QAP,754,46,7522
QAP,755,46,7546
QAP,756,44,7553
QAP,757,44,7553
QAP,758,44,7569
QAP,759,44,7585
QAP,760,42,7585
QAP,761,42,7600
QAP,762,42,7616
QAP,763,42,7616
QAP,764,42,7632
QAP,765,42,7632
QAP,766,42,7647
QAP,767,42,7663
QAP,768,42,7663
QAP,769,42,7679
QAP,770,42,7695
QAP,771,42,7695
QAP,772,42,7710
QAP,773,42,7726
QAP,774,42,7726
QAP,775,42,7742
QAP,776,42,7742
QAP,777,42,7757
QAP,778,42,7773
QAP,779,42,7773
QAP,780,40,7789
QAP,781,40,7805
QAP,782,40,7805
QAP,783,40,7820
QAP,784,40,7836
QAP,785,40,7836
QAP,786,40,7852
QAP,787,40,7852
QAP,788,40,7867
QAP,789,40,7883
QAP,790,40,7883
QAP,791,40,7899
QAP,792,40,7915
QAP,793,40,7915
QAP,794,40,7930
QAP,795,40,7930
QAP,796,40,7946
QAP,797,40,7962
QAP,798,40,7962
QAP,799,40,7977
QAP,800,40,7993
QAP,801,40,7993
QAP,802,40,8009
QAP,803,40,8024
QAP,804,40,8024
QAP,805,40,8040
QAP,806,40,8040
QAP,807,40,8056
QAP,808,40,8071
QAP,809,40,8071
QAP,810,40,8087
QAP,811,40,8103
QAP,812,40,8103
QAP,813,40,8119
QAP,814,40,8134
QAP,815,40,8134
QAP,816,40,8150
QAP,817,40,8150
QAP,818,40,8166
QAP,819,40,8181
QAP,820,40,8181
QAP,821,40,8197
QAP,822,40,8213
QAP,823,40,8213
QAP,824,40,8228
QAP,825,40,8228
QAP,826,40,8244
QAP,827,40,8260
QAP,828,40,8260
QAP,829,40,8275
QAP,830,40,8291
QAP,831,40,8291
QAP,832,40,8307
QAP,833,40,8322
QAP,834,40,8322
QAP,835,40,8338
QAP,836,40,8338
QAP,837,40,8354
QAP,838,40,8369
QAP,839,40,8369
QAP,840,40,8385
QAP,841,40,8401
QAP,842,40,8401
QAP,843,40,8417
QAP,844,40,8432
QAP,845,40,8432
QAP,846,40,8448
QAP,847,40,8448
QAP,848,40,8464
QAP,849,40,8480
QAP,850,40,8480
QAP,851,40,8495
QAP,852,40,8511
QAP,853,40,8511
QAP,854,40,8527
QAP,855,40,8527
QAP,856,40,8543
QAP,857,40,8558
QAP,858,40,8558
QAP,859,40,8574
QAP,860,40,8590
QAP,861,40,8590
QAP,862,40,8606
QAP,863,36,8621
QAP,864,36,8621
QAP,865,36,8637
QAP,866,36,8637
QAP,867,36,8653
QAP,868,36,8670
QAP,869,36,8676
QAP,870,36,8684
QAP,871,36,8700
QAP,872,36,8700
QAP,873,36,8716
QAP,874,36,8716
QAP,875,36,8731
QAP,876,36,8747
QAP,877,36,8747
QAP,878,36,8763
QAP,879,36,8779
QAP,880,36,8779
QAP,881,36,8794
QAP,882,36,8810
QAP,883,36,8810
QAP,884,36,8826
QAP,885,36,8826
QAP,886,36,8841
QAP,887,36,8857
QAP,888,36,8857
QAP,889,36,8873
QAP,890,36,8888
QAP,891,36,8888
QAP,892,36,8911
QAP,893,36,8920
QAP,894,36,8920
QAP,895,36,8936
QAP,896,36,8951
QAP,897,36,8951
QAP,898,36,8967
QAP,899,36,8967
QAP,900,36,8983
QAP,901,36,8999
QAP,902,36,8999
QAP,903,36,9014
QAP,904,36,9030
QAP,905,36,9030
QAP,906,36,9046
QAP,907,36,9061
QAP,908,36,9061
QAP,909,36,9077
QAP,910,36,9077
QAP,911,36,9093
QAP,912,36,9108
QAP,913,36,9108
QAP,914,36,9124
QAP,915,36,9140
QAP,916,36,9140
QAP,917,36,9155
QAP,918,36,9171
QAP,919,36,9171
QAP,920,36,9187
QAP,921,36,9187
QAP,922,36,9202
QAP,923,36,9218
QAP,924,36,9218
QAP,925,36,9234
QAP,926,36,9250
QAP,927,36,9250
QAP,928,36,9265
QAP,929,36,9265
QAP,930,36,9281
QAP,931,36,9297
QAP,932,36,9297
QAP,933,36,9312
QAP,934,36,9328
QAP,935,36,9328
QAP,936,36,9344
QAP,937,36,9359
QAP,938,36,9359
QAP,939,36,9375
QAP,940,36,9375
QAP,941,36,9391
QAP,942,36,9406
QAP,943,36,9406
QAP,944,36,9422
QAP,945,36,9438
QAP,946,36,9438
QAP,947,36,9453
QAP,948,36,9453
QAP,949,36,9469
QAP,950,36,9485
QAP,951,36,9485
QAP,952,36,9501
QAP,953,36,9516
QAP,954,36,9516
QAP,955,36,9532
QAP,956,36,9548
QAP,957,36,9548
QAP,958,36,9563
QAP,959,36,9563
QAP,960,36,9579
QAP,961,36,9595
QAP,962,36,9595
QAP,963,36,9610
QAP,964,36,9626
QAP,965,36,9626
QAP,966,36,9642
QAP,967,36,9642
QAP,968,36,9657
QAP,969,36,9673
QAP,970,36,9673
QAP,971,36,9689
QAP,972,36,9705
QAP,973,36,9705
QAP,974,36,9720
QAP,975,36,9736
QAP,976,36,9736
QAP,977,36,9752
QAP,978,36,9752
QAP,979,36,9767
QAP,980,36,9783
QAP,981,36,9783
QAP,982,36,9799
QAP,983,36,9815
QAP,984,36,9815
QAP,985,36,9830
QAP,986,36,9846
QAP,987,36,9846
QAP,988,36,9862
QAP,989,36,9862
QAP,990,36,9877
QAP,991,36,9893
QAP,992,36,9893
QAP,993,32,9909
QAP,994,32,9924
QAP,995,32,9924
QAP,996,32,9940
QAP,997,32,9940
QAP,998,32,9956
QAP,999,32,9971
QAP,1000,32,9971
QAP,1001,32,9987
QAP,1002,32,10003
QAP,1003,32,10003
QAP,1004,32,10018
QAP,1005,32,10034
QAP,1006,32,10034
QAP,1007,32,10050
QAP,1008,32,10050
QAP,1009,32,10065
QAP,1010,32,10081
QAP,1011,32,10081
QAP,1012,32,10097
QAP,1013,32,10112
QAP,1014,32,10112
QAP,1015,32,10128
QAP,1016,32,10128
QAP,1017,32,10144
QAP,1018,32,10159
QAP,1019,32,10159
QAP,1020,32,10175
QAP,1021,32,10191
QAP,1022,32,10191
QAP,1023,32,10207
QAP,1024,32,10222
QAP,1025,32,10222
QAP,1026,32,10238
QAP,1027,32,10238
QAP,1028,32,10254
QAP,1029,32,10273
QAP,1030,32,10277
QAP,1031,32,10285
QAP,1032,32,10301
QAP,1033,32,10301
QAP,1034,32,10317
QAP,1035,32,10333
QAP,1036,32,10333
QAP,1037,32,10348
QAP,1038,32,10348
QAP,1039,32,10364
QAP,1040,32,10380
QAP,1041,32,10380
QAP,1042,32,10395
QAP,1043,32,10411
QAP,1044,32,10411
QAP,1045,32,10427
QAP,1046,32,10442
QAP,1047,32,10442
QAP,1048,32,10458
QAP,1049,32,10458
QAP,1050,32,10474
QAP,1051,32,10489
QAP,1052,32,10489
QAP,1053,32,10505
QAP,1054,32,10521
QAP,1055,32,10521
QAP,1056,32,10536
QAP,1057,32,10536
QAP,1058,32,10552
QAP,1059,32,10568
QAP,1060,32,10568
QAP,1061,32,10583
QAP,1062,32,10599
QAP,1063,32,10599
QAP,1064,32,10615
QAP,1065,32,10631
QAP,1066,32,10631
QAP,1067,32,10646
QAP,1068,32,10646
QAP,1069,32,10662
QAP,1070,32,10678
QAP,1071,32,10678
QAP,1072,32,10693
QAP,1073,32,10709
QAP,1074,32,10709
QAP,1075,32,10725
QAP,1076,32,10740
QAP,1077,32,10740
QAP,1078,32,10756
QAP,1079,32,10756
QAP,1080,32,10772
QAP,1081,32,10787
QAP,1082,32,10787
QAP,1083,32,10803
QAP,1084,32,10819
QAP,1085,32,10819
QAP,1086,32,10834
QAP,1087,32,10850
QAP,1088,32,10850
QAP,1089,32,10866
QAP,1090,32,10866
QAP,1091,32,10882
QAP,1092,32,10897
QAP,1093,32,10897
QAP,1094,32,10913
QAP,1095,32,10929
QAP,1096,32,10929
QAP,1097,32,10944
QAP,1098,32,10944
QAP,1099,32,10960
QAP,1100,32,10976
QAP,1101,32,10976
QAP,1102,32,10991
QAP,1103,32,11007
QAP,1104,32,11007
QAP,1105,32,11023
QAP,1106,32,11038
QAP,1107,32,11038
QAP,1108,32,11054
QAP,1109,32,11054
QAP,1110,32,11070
QAP,1111,32,11085
QAP,1112,32,11085
QAP,1113,32,11101
QAP,1114,32,11117
QAP,1115,32,11117
QAP,1116,32,11132
QAP,1117,32,11132
QAP,1118,32,11148
QAP,1119,32,11164
QAP,1120,32,11164
QAP,1121,32,11180
QAP,1122,32,11195
QAP,1123,32,11195
QAP,1124,32,11211
QAP,1125,32,11227
QAP,1126,32,11227
QAP,1127,32,11242
QAP,1128,32,11258
QAP,1129,32,11258
QAP,1130,32,11273
QAP,1131,32,11273
QAP,1132,32,11289
QAP,1133,32,11305
QAP,1134,32,11305
QAP,1135,32,11321
QAP,1136,32,11336
QAP,1137,32,11336
QAP,1138,32,11352
QAP,1139,32,11352
QAP,1140,32,11368
QAP,1141,32,11383
QAP,1142,32,11383
QAP,1143,32,11399
QAP,1144,32,11415
QAP,1145,32,11415
QAP,1146,32,11431
QAP,1147,32,11446
QAP,1148,32,11446
QAP,1149,32,11462
QAP,1150,32,11462
QAP,1151,32,11478
QAP,1152,32,11493
QAP,1153,32,11493
QAP,1154,32,11509
QAP,1155,32,11525
QAP,1156,32,11525
QAP,1157,32,11540
QAP,1158,32,11540
QAP,1159,32,11556
QAP,1160,32,11572
QAP,1161,32,11572
QAP,1162,32,11588
QAP,1163,32,11603
QAP,1164,32,11603
QAP,1165,32,11619
QAP,1166,32,11635
QAP,1167,32,11643
QAP,1168,32,11650
QAP,1169,32,11650
QAP,1170,32,11666
QAP,1171,32,11682
QAP,1172,32,11682
QAP,1173,32,11697
QAP,1174,32,11713
QAP,1175,32,11713
QAP,1176,32,11729
QAP,1177,32,11744
QAP,1178,32,11744
QAP,1179,32,11760
QAP,1180,32,11776
QAP,1181,32,11776
QAP,1182,32,11792
QAP,1183,32,11792
QAP,1184,32,11807
QAP,1185,32,11823
QAP,1186,32,11823
QAP,1187,32,11839
QAP,1188,32,11854
QAP,1189,32,11854
QAP,1190,32,11870
QAP,1191,32,11870
QAP,1192,32,11886
QAP,1193,32,11901
QAP,1194,32,11901
QAP,1195,32,11917
QAP,1196,32,11933
QAP,1197,32,11933
QAP,1198,32,11948
QAP,1199,32,11964
QAP,1200,32,11964
QAP,1201,32,11980
QAP,1202,32,11996
QAP,1203,32,11996
QAP,1204,32,12011
QAP,1205,32,12011
QAP,1206,32,12027
QAP,1207,32,12043
QAP,1208,32,12043
QAP,1209,32,12059
QAP,1210,32,12074
QAP,1211,32,12074
QAP,1212,32,12090
QAP,1213,32,12106
QAP,1214,32,12106
QAP,1215,32,12121
QAP,1216,32,12137
QAP,1217,32,12137
QAP,1218,32,12153
QAP,1219,32,12168
QAP,1220,32,12168
QAP,1221,32,12184
QAP,1222,32,12184
QAP,1223,32,12200
QAP,1224,32,12215
QAP,1225,32,12215
QAP,1226,32,12231
QAP,1227,32,12247
QAP,1228,32,12247
QAP,1229,32,12262
QAP,1230,32,12278
QAP,1231,32,12278
QAP,1232,32,12294
QAP,1233,32,12310
QAP,1234,32,12310
QAP,1235,32,12325
QAP,1236,32,12341
QAP,1237,32,12341
QAP,1238,32,12357
QAP,1239,32,12357
QAP,1240,32,12372
QAP,1241,32,12388
QAP,1242,32,12388
QAP,1243,32,12404
QAP,1244,32,12419
QAP,1245,32,12419
QAP,1246,32,12435
QAP,1247,32,12451
QAP,1248,32,12451
QAP,1249,32,12466
QAP,1250,32,12482
QAP,1251,32,12482
QAP,1252,32,12498
QAP,1253,32,12513
QAP,1254,32,12513
QAP,1255,32,12529
QAP,1256,32,12529
QAP,1257,32,12545
QAP,1258,32,12560
QAP,1259,32,12560
QAP,1260,32,12576
QAP,1261,32,12592
QAP,1262,32,12592
QAP,1263,32,12608
QAP,1264,32,12623
QAP,1265,32,12623
QAP,1266,32,12639
QAP,1267,32,12655
QAP,1268,32,12655
QAP,1269,32,12670
QAP,1270,32,12686
QAP,1271,32,12686
QAP,1272,32,12702
QAP,1273,32,12702
QAP,1274,32,12717
QAP,1275,32,12733
QAP,1276,32,12733
QAP,1277,32,12749
QAP,1278,32,12764
QAP,1279,32,12764
QAP,1280,32,12780
QAP,1281,32,12796
QAP,1282,32,12796
QAP,1283,32,12812
QAP,1284,32,12827
QAP,1285,32,12827
QAP,1286,32,12843
QAP,1287,32,12859
QAP,1288,32,12859
QAP,1289,32,12875
QAP,1290,32,12890
QAP,1291,32,12890
QAP,1292,32,12906
QAP,1293,32,12906
QAP,1294,32,12922
QAP,1295,32,12937
QAP,1296,32,12937
QAP,1297,32,12953
QAP,1298,32,12969
QAP,1299,32,12969
QAP,1300,32,12985
QAP,1301,32,13003
QAP,1302,32,13008
QAP,1303,32,13016
QAP,1304,32,13032
QAP,1305,32,13032
QAP,1306,32,13047
QAP,1307,32,13063
QAP,1308,32,13063
QAP,1309,32,13079
QAP,1310,32,13095
QAP,1311,32,13095
QAP,1312,32,13110
QAP,1313,32,13126
QAP,1314,32,13126
QAP,1315,32,13142
QAP,1316,32,13158
QAP,1317,32,13158
QAP,1318,32,13173
QAP,1319,32,13189
QAP,1320,32,13189
QAP,1321,32,13205
QAP,1322,32,13220
QAP,1323,32,13220
QAP,1324,32,13236
QAP,1325,32,13236
QAP,1326,32,13252
QAP,1327,32,13267
QAP,1328,32,13267
QAP,1329,32,13283
QAP,1330,32,13299
QAP,1331,32,13299
QAP,1332,32,13315
QAP,1333,32,13330
QAP,1334,32,13330
QAP,1335,32,13346
QAP,1336,32,13362
QAP,1337,32,13362
QAP,1338,32,13377
QAP,1339,32,13377
QAP,1340,32,13393
QAP,1341,32,13409
QAP,1342,32,13409
QAP,1343,32,13425
QAP,1344,32,13440
QAP,1345,32,13440
QAP,1346,32,13456
QAP,1347,32,13472
QAP,1348,32,13472
QAP,1349,32,13488
QAP,1350,32,13503
QAP,1351,32,13503
QAP,1352,32,13519
QAP,1353,32,13535
QAP,1354,32,13535
QAP,1355,32,13550
QAP,1356,32,13566
QAP,1357,32,13566
QAP,1358,32,13582
QAP,1359,32,13582
QAP,1360,32,13597
QAP,1361,32,13613
QAP,1362,32,13613
QAP,1363,32,13629
QAP,1364,32,13645
QAP,1365,32,13645
QAP,1366,32,13660
QAP,1367,32,13676
QAP,1368,32,13676
QAP,1369,32,13700
QAP,1370,32,13707
QAP,1371,32,13707
QAP,1372,32,13723
QAP,1373,32,13739
QAP,1374,32,13739
QAP,1375,32,13754
QAP,1376,32,13770
QAP,1377,32,13770
QAP,1378,32,13786
QAP,1379,32,13801
QAP,1380,32,13801
QAP,1381,32,13817
QAP,1382,32,13833
QAP,1383,32,13833
QAP,1384,32,13848
QAP,1385,32,13864
QAP,1386,32,13864
QAP,1387,32,13880
QAP,1388,32,13895
QAP,1389,32,13895
QAP,1390,32,13911
QAP,1391,32,13927
QAP,1392,32,13927
QAP,1393,32,13943
QAP,1394,32,13943
QAP,1395,32,13958
QAP,1396,32,13974
QAP,1397,32,13974
QAP,1398,32,13990
QAP,1399,32,14006
QAP,1400,32,14006
QAP,1401,32,14022
QAP,1402,32,14037
QAP,1403,32,14037
QAP,1404,32,14053
QAP,1405,32,14069
QAP,1406,32,14069
QAP,1407,32,14084
QAP,1408,32,14100
QAP,1409,32,14100
QAP,1410,32,14116
QAP,1411,32,14116
QAP,1412,32,14131
QAP,1413,32,14147
QAP,1414,32,14147
QAP,1415,32,14163
QAP,1416,32,14179
QAP,1417,32,14179
QAP,1418,32,14194
QAP,1419,32,14210
QAP,1420,32,14210
QAP,1421,32,14226
QAP,1422,32,14242
QAP,1423,32,14242
QAP,1424,32,14257
QAP,1425,32,14273
QAP,1426,32,14273
QAP,1427,32,14289
QAP,1428,32,14304
QAP,1429,32,14304
QAP,1430,32,14320
QAP,1431,32,14320
QAP,1432,32,14336
QAP,1433,32,14352
QAP,1434,32,14352
QAP,1435,32,14375
QAP,1436,32,14383
QAP,1437,32,14383
QAP,1438,32,14399
QAP,1439,32,14415
QAP,1440,32,14415
QAP,1441,32,14430
QAP,1442,32,14446
QAP,1443,32,14446
QAP,1444,32,14462
QAP,1445,32,14478
QAP,1446,32,14478
QAP,1447,32,14493
QAP,1448,32,14509
QAP,1449,32,14509
QAP,1450,32,14525
QAP,1451,32,14525
QAP,1452,32,14540
QAP,1453,32,14556
QAP,1454,32,14556
QAP,1455,32,14572
QAP,1456,32,14587
QAP,1457,32,14587
QAP,1458,32,14603
QAP,1459,32,14619
QAP,1460,32,14619
QAP,1461,32,14635
QAP,1462,32,14650
QAP,1463,32,14650
QAP,1464,32,14666
QAP,1465,32,14682
QAP,1466,32,14682
QAP,1467,32,14698
QAP,1468,32,14713
QAP,1469,32,14713
QAP,1470,32,14729
QAP,1471,32,14745
QAP,1472,32,14745
QAP,1473,32,14760
QAP,1474,32,14776
QAP,1475,32,14776
QAP,1476,32,14792
QAP,1477,32,14807
QAP,1478,32,14807
QAP,1479,32,14823
QAP,1480,32,14823
QAP,1481,32,14839
QAP,1482,32,14855
QAP,1483,32,14855
QAP,1484,32,14870
QAP,1485,32,14886
QAP,1486,32,14886
QAP,1487,32,14902
QAP,1488,32,14917
QAP,1489,32,14917
QAP,1490,32,14933
QAP,1491,32,14949
QAP,1492,32,14949
QAP,1493,32,14964
QAP,1494,32,14980
QAP,1495,32,14980
QAP,1496,32,14996
QAP,1497,32,15011
QAP,1498,32,15011
QAP,1499,32,15027
QAP,1500,32,15027
QAP,1501,32,15043
QAP,1502,32,15058
QAP,1503,32,15058
QAP,1504,32,15074
QAP,1505,32,15090
QAP,1506,32,15090
QAP,1507,32,15106
QAP,1508,32,15121
QAP,1509,32,15121
QAP,1510,32,15137
QAP,1511,32,15153
QAP,1512,32,15153
QAP,1513,32,15169
QAP,1514,32,15169
QAP,1515,32,15184
QAP,1516,32,15200
QAP,1517,32,15200
QAP,1518,32,15216
QAP,1519,32,15231
QAP,1520,32,15231
QAP,1521,32,15247
QAP,1522,32,15263
QAP,1523,32,15263
QAP,1524,32,15278
QAP,1525,32,15294
QAP,1526,32,15294
QAP,1527,32,15310
QAP,1528,32,15325
QAP,1529,32,15325
QAP,1530,32,15341
QAP,1531,32,15357
QAP,1532,32,15357
QAP,1533,32,15372
QAP,1534,32,15372
QAP,1535,32,15388
QAP,1536,32,15404
QAP,1537,32,15404
QAP,1538,32,15420
QAP,1539,32,15435
QAP,1540,32,15435
QAP,1541,32,15451
QAP,1542,32,15467
QAP,1543,32,15467
QAP,1544,32,15482
QAP,1545,32,15498
QAP,1546,32,15498
QAP,1547,32,15514
QAP,1548,32,15529
QAP,1549,32,15529
QAP,1550,32,15545
QAP,1551,32,15561
QAP,1552,32,15561
QAP,1553,32,15576
QAP,1554,32,15576
QAP,1555,32,15592
QAP,1556,32,15608
QAP,1557,32,15608
QAP,1558,32,15623
QAP,1559,32,15639
QAP,1560,32,15639
QAP,1561,32,15655
QAP,1562,32,15671
QAP,1563,32,15671
QAP,1564,32,15686
QAP,1565,32,15702
QAP,1566,32,15702
QAP,1567,32,15725
QAP,1568,32,15733
QAP,1569,32,15733
QAP,1570,32,15749
QAP,1571,32,15765
QAP,1572,32,15765
QAP,1573,32,15780
QAP,1574,32,15796
QAP,1575,32,15796
QAP,1576,32,15812
QAP,1577,32,15827
QAP,1578,32,15827
QAP,1579,32,15843
QAP,1580,32,15859
QAP,1581,32,15859
QAP,1582,32,15874
QAP,1583,32,15874
QAP,1584,32,15890
QAP,1585,32,15906
QAP,1586,32,15906
QAP,1587,32,15922
QAP,1588,32,15937
QAP,1589,32,15937
QAP,1590,32,15953
QAP,1591,32,15969
QAP,1592,32,15969
QAP,1593,32,15984
QAP,1594,32,16000
QAP,1595,32,16000
QAP,1596,32,16016
QAP,1597,32,16031
QAP,1598,32,16031
QAP,1599,32,16047
QAP,1600,32,16063
QAP,1601,32,16063
QAP,1602,32,16079
QAP,1603,32,16094
QAP,1604,32,16094
QAP,1605,32,16110
QAP,1606,32,16110
QAP,1607,32,16126
QAP,1608,32,16141
QAP,1609,32,16141
QAP,1610,32,16157
QAP,1611,32,16173
QAP,1612,32,16173
QAP,1613,32,16189
QAP,1614,32,16204
QAP,1615,32,16204
QAP,1616,32,16220
QAP,1617,32,16236
QAP,1618,32,16236
QAP,1619,32,16252
QAP,1620,32,16267
QAP,1621,32,16267
QAP,1622,32,16283
QAP,1623,32,16283
QAP,1624,32,16299
QAP,1625,32,16314
QAP,1626,32,16314
QAP,1627,32,16330
QAP,1628,32,16346
QAP,1629,32,16346
QAP,1630,32,16361
QAP,1631,32,16377
QAP,1632,32,16377
QAP,1633,32,16393
QAP,1634,32,16409
QAP,1635,32,16409
QAP,1636,32,16424
QAP,1637,32,16440
QAP,1638,32,16440
QAP,1639,32,16456
QAP,1640,32,16471
QAP,1641,32,16471
QAP,1642,32,16487
QAP,1643,32,16503
QAP,1644,32,16503
QAP,1645,32,16519
QAP,1646,32,16519
QAP,1647,32,16534
QAP,1648,32,16550
QAP,1649,32,16550
QAP,1650,32,16566
QAP,1651,32,16581
QAP,1652,32,16581
QAP,1653,32,16597
QAP,1654,32,16613
QAP,1655,32,16613
QAP,1656,32,16629
QAP,1657,32,16644
QAP,1658,32,16644
QAP,1659,32,16660
QAP,1660,32,16660
QAP,1661,32,16676
QAP,1662,32,16692
QAP,1663,32,16692
QAP,1664,32,16707
QAP,1665,32,16723
QAP,1666,32,16723
QAP,1667,32,16739
QAP,1668,32,16754
QAP,1669,32,16754
QAP,1670,32,16770
QAP,1671,32,16786
QAP,1672,32,16786
QAP,1673,32,16802
QAP,1674,32,16817
QAP,1675,32,16817
QAP,1676,32,16833
QAP,1677,32,16849
QAP,1678,32,16849
QAP,1679,32,16864
QAP,1680,32,16880
QAP,1681,32,16880
QAP,1682,32,16896
QAP,1683,32,16911
QAP,1684,32,16911
QAP,1685,32,16927
QAP,1686,32,16943
QAP,1687,32,16943
QAP,1688,32,16959
QAP,1689,32,16959
QAP,1690,32,16974
QAP,1691,32,16990
QAP,1692,32,16990
QAP,1693,32,17006
QAP,1694,32,17022
QAP,1695,32,17022
QAP,1696,32,17037
QAP,1697,32,17053
QAP,1698,32,17053
QAP,1699,32,17069
QAP,1700,32,17087
QAP,1701,32,17092
QAP,1702,32,17100
QAP,1703,32,17116
QAP,1704,32,17116
QAP,1705,32,17132
QAP,1706,32,17147
QAP,1707,32,17147
QAP,1708,32,17163
QAP,1709,32,17179
QAP,1710,32,17179
QAP,1711,32,17194
QAP,1712,32,17194
QAP,1713,32,17210
QAP,1714,32,17226
QAP,1715,32,17226
QAP,1716,32,17242
QAP,1717,32,17257
QAP,1718,32,17257
QAP,1719,32,17273
QAP,1720,32,17289
QAP,1721,32,17289
QAP,1722,32,17304
QAP,1723,32,17320
QAP,1724,32,17320
QAP,1725,32,17336
QAP,1726,32,17352
QAP,1727,32,17352
QAP,1728,32,17367
QAP,1729,32,17367
QAP,1730,32,17383
QAP,1731,32,17399
QAP,1732,32,17399
QAP,1733,32,17414
QAP,1734,32,17430
QAP,1735,32,17430
QAP,1736,32,17446
QAP,1737,32,17461
QAP,1738,32,17461
QAP,1739,32,17477
QAP,1740,32,17493
QAP,1741,32,17493
QAP,1742,32,17509
QAP,1743,32,17509
QAP,1744,32,17524
QAP,1745,32,17540
QAP,1746,32,17540
QAP,1747,32,17556
QAP,1748,32,17571
QAP,1749,32,17571
QAP,1750,32,17587
QAP,1751,32,17603
QAP,1752,32,17603
QAP,1753,32,17618
QAP,1754,32,17634
QAP,1755,32,17634
QAP,1756,32,17650
QAP,1757,32,17665
QAP,1758,32,17665
QAP,1759,32,17681
QAP,1760,32,17681
QAP,1761,32,17697
QAP,1762,32,17712
QAP,1763,32,17712
QAP,1764,32,17728
QAP,1765,32,17744
QAP,1766,32,17744
QAP,1767,32,17759
QAP,1768,32,17775
QAP,1769,32,17775
QAP,1770,32,17791
QAP,1771,32,17806
QAP,1772,32,17806
QAP,1773,32,17822
QAP,1774,32,17838
QAP,1775,32,17838
QAP,1776,32,17854
QAP,1777,32,17869
QAP,1778,32,17869
QAP,1779,32,17885
QAP,1780,32,17900
QAP,1781,32,17900
QAP,1782,32,17917
QAP,1783,32,17932
QAP,1784,32,17932
QAP,1785,32,17948
QAP,1786,32,17963
QAP,1787,32,17963
QAP,1788,32,17979
QAP,1789,32,17995
QAP,1790,32,17995
QAP,1791,32,18011
QAP,1792,32,18011
QAP,1793,32,18026
QAP,1794,32,18042
QAP,1795,32,18042
QAP,1796,32,18058
QAP,1797,32,18074
QAP,1798,32,18074
QAP,1799,32,18089
QAP,1800,32,18105
QAP,1801,32,18105
QAP,1802,32,18121
QAP,1803,32,18136
QAP,1804,32,18136
QAP,1805,32,18152
QAP,1806,32,18152
QAP,1807,32,18168
QAP,1808,32,18183
QAP,1809,32,18183
QAP,1810,32,18199
QAP,1811,32,18215
QAP,1812,32,18215
QAP,1813,32,18230
QAP,1814,32,18246
QAP,1815,32,18246
QAP,1816,32,18262
QAP,1817,32,18278
QAP,1818,32,18278
QAP,1819,32,18293
QAP,1820,32,18309
QAP,1821,32,18309
QAP,1822,32,18325
QAP,1823,32,18340
QAP,1824,32,18340
QAP,1825,32,18356
QAP,1826,32,18356
QAP,1827,32,18372
QAP,1828,32,18387
QAP,1829,32,18387
QAP,1830,32,18403
QAP,1831,32,18419
QAP,1832,32,18419
QAP,1833,32,18435
QAP,1834,32,18450
QAP,1835,32,18458
QAP,1836,32,18466
QAP,1837,32,18482
QAP,1838,32,18482
QAP,1839,32,18497
QAP,1840,32,18497
QAP,1841,32,18513
QAP,1842,32,18529
QAP,1843,32,18529
QAP,1844,32,18545
QAP,1845,32,18560
QAP,1846,32,18560
QAP,1847,32,18576
QAP,1848,32,18592
QAP,1849,32,18592
QAP,1850,32,18607
QAP,1851,32,18623
QAP,1852,32,18623
QAP,1853,32,18639
QAP,1854,32,18654
QAP,1855,32,18654
QAP,1856,32,18670
QAP,1857,32,18686
QAP,1858,32,18686
QAP,1859,32,18709
QAP,1860,32,18717
QAP,1861,32,18717
QAP,1862,32,18733
QAP,1863,32,18749
QAP,1864,32,18749
QAP,1865,32,18764
QAP,1866,32,18780
QAP,1867,32,18780
QAP,1868,32,18796
QAP,1869,32,18812
QAP,1870,32,18812
QAP,1871,32,18827
QAP,1872,32,18843
QAP,1873,32,18843
QAP,1874,32,18859
QAP,1875,32,18859
QAP,1876,32,18875
QAP,1877,32,18890
QAP,1878,32,18890
QAP,1879,32,18906
QAP,1880,32,18922
QAP,1881,32,18922
QAP,1882,32,18937
QAP,1883,32,18953
QAP,1884,32,18953
QAP,1885,32,18969
QAP,1886,32,18984
QAP,1887,32,18984
QAP,1888,32,19000
QAP,1889,32,19016
QAP,1890,32,19016
QAP,1891,32,19032
QAP,1892,32,19032
QAP,1893,32,19047
QAP,1894,32,19063
QAP,1895,32,19063
QAP,1896,32,19079
QAP,1897,32,19094
QAP,1898,32,19094
QAP,1899,32,19110
QAP,1900,32,19126
QAP,1901,32,19126
QAP,1902,32,19141
QAP,1903,32,19157
QAP,1904,32,19157
QAP,1905,32,19173
QAP,1906,32,19173
QAP,1907,32,19189
QAP,1908,32,19204
QAP,1909,32,19204
QAP,1910,32,19220
QAP,1911,32,19236
QAP,1912,32,19236
QAP,1913,32,19251
QAP,1914,32,19267
QAP,1915,32,19267
QAP,1916,32,19283
QAP,1917,32,19299
QAP,1918,32,19299
QAP,1919,32,19314
QAP,1920,32,19330
QAP,1921,32,19330
QAP,1922,32,19346
QAP,1923,32,19346
QAP,1924,32,19362
QAP,1925,32,19377
QAP,1926,32,19377
QAP,1927,32,19393
QAP,1928,32,19409
QAP,1929,32,19409
QAP,1930,32,19424
QAP,1931,32,19440
QAP,1932,32,19440
QAP,1933,32,19456
QAP,1934,32,19472
QAP,1935,32,19472
QAP,1936,32,19487
QAP,1937,32,19487
QAP,1938,32,19503
QAP,1939,32,19519
QAP,1940,32,19519
QAP,1941,32,19534
QAP,1942,32,19550
QAP,1943,32,19550
QAP,1944,32,19566
QAP,1945,32,19581
QAP,1946,32,19581
QAP,1947,32,19597
QAP,1948,32,19613
QAP,1949,32,19613
QAP,1950,32,19628
QAP,1951,32,19644
QAP,1952,32,19644
QAP,1953,32,19660
QAP,1954,32,19660
QAP,1955,32,19675
QAP,1956,32,19691
QAP,1957,32,19691
QAP,1958,32,19707
QAP,1959,32,19722
QAP,1960,32,19722
QAP,1961,32,19738
QAP,1962,32,19754
QAP,1963,32,19754
QAP,1964,32,19770
QAP,1965,32,19785
QAP,1966,32,19785
QAP,1967,32,19801
QAP,1968,32,19819
QAP,1969,32,19824
QAP,1970,32,19832
QAP,1971,32,19848
QAP,1972,32,19848
QAP,1973,32,19864
QAP,1974,32,19879
QAP,1975,32,19879
QAP,1976,32,19895
QAP,1977,32,19911
QAP,1978,32,19911
QAP,1979,32,19926
QAP,1980,32,19942
QAP,1981,32,19942
QAP,1982,32,19958
QAP,1983,32,19973
QAP,1984,32,19973
QAP,1985,32,19989
QAP,1986,32,20005
QAP,1987,32,20005
QAP,1988,32,20020
QAP,1989,32,20020
QAP,1990,32,20036
QAP,1991,32,20052
QAP,1992,32,20052
QAP,1993,32,20068
QAP,1994,32,20083
QAP,1995,32,20083
QAP,1996,32,20099
QAP,1997,32,20115
QAP,1998,32,20115
QAP,1999,32,20130
QAP,2000,32,20146
QAP,2001,32,20146
QAP,2002,32,20162
QAP,2003,32,20162
QAP,2004,32,20178
QAP,2005,32,20193
QAP,2006,32,20193
QAP,2007,32,20209
QAP,2008,32,20225
QAP,2009,32,20225
QAP,2010,32,20241
QAP,2011,32,20256
QAP,2012,32,20256
QAP,2013,32,20272
QAP,2014,32,20288
QAP,2015,32,20288
QAP,2016,32,20304
QAP,2017,32,20304
QAP,2018,32,20319
QAP,2019,32,20335
QAP,2020,32,20335
QAP,2021,32,20351
QAP,2022,32,20366
QAP,2023,32,20366
QAP,2024,32,20382
QAP,2025,32,20398
QAP,2026,32,20398
QAP,2027,32,20413
QAP,2028,32,20429
QAP,2029,32,20429
QAP,2030,32,20445
QAP,2031,32,20461
QAP,2032,32,20461
QAP,2033,32,20476
QAP,2034,32,20476
QAP,2035,32,20492
QAP,2036,32,20508
QAP,2037,32,20508
QAP,2038,32,20523
QAP,2039,32,20539
QAP,2040,32,20539
QAP,2041,32,20555
QAP,2042,32,20571
QAP,2043,32,20571
QAP,2044,32,20586
QAP,2045,32,20602
QAP,2046,32,20602
QAP,2047,32,20618
QAP,2048,32,20618
QAP,2049,32,20634
QAP,2050,32,20649
QAP,2051,32,20649
QAP,2052,32,20665
QAP,2053,32,20681
QAP,2054,32,20681
QAP,2055,32,20696
QAP,2056,32,20712
QAP,2057,32,20712
QAP,2058,32,20728
QAP,2059,32,20744
QAP,2060,32,20744
QAP,2061,32,20759
QAP,2062,32,20775
QAP,2063,32,20775
QAP,2064,32,20791
QAP,2065,32,20806
QAP,2066,32,20806
QAP,2067,32,20822
QAP,2068,32,20822
QAP,2069,32,20838
QAP,2070,32,20853
QAP,2071,32,20853
QAP,2072,32,20869
QAP,2073,32,20885
QAP,2074,32,20885
QAP,2075,32,20901
QAP,2076,32,20916
QAP,2077,32,20916
QAP,2078,32,20932
QAP,2079,32,20948
QAP,2080,32,20948
QAP,2081,32,20963
QAP,2082,32,20963
QAP,2083,32,20979
QAP,2084,32,20995
QAP,2085,32,20995
QAP,2086,32,21011
QAP,2087,32,21026
QAP,2088,32,21026
QAP,2089,32,21042
QAP,2090,32,21058
QAP,2091,32,21058
QAP,2092,32,21073
QAP,2093,32,21089
QAP,2094,32,21089
QAP,2095,32,21105
QAP,2096,32,21121
QAP,2097,32,21121
QAP,2098,32,21136
QAP,2099,32,21136
QAP,2100,32,21152
QAP,2101,32,21168
QAP,2102,32,21168
QAP,2103,32,21192
QAP,2104,32,21199
QAP,2105,32,21199
QAP,2106,32,21215
QAP,2107,32,21230
QAP,2108,32,21230
QAP,2109,32,21246
QAP,2110,32,21262
QAP,2111,32,21262
QAP,2112,32,21278
QAP,2113,32,21293
QAP,2114,32,21293
QAP,2115,32,21309
QAP,2116,32,21309
QAP,2117,32,21325
QAP,2118,32,21340
QAP,2119,32,21340
QAP,2120,32,21356
QAP,2121,32,21372
QAP,2122,32,21372
QAP,2123,32,21388
QAP,2124,32,21403
QAP,2125,32,21403
QAP,2126,32,21419
QAP,2127,32,21435
QAP,2128,32,21435
QAP,2129,32,21450
QAP,2130,32,21450
QAP,2131,32,21466
QAP,2132,32,21482
QAP,2133,32,21482
QAP,2134,32,21498
QAP,2135,32,21513
QAP,2136,32,21513
QAP,2137,32,21529
QAP,2138,32,21545
QAP,2139,32,21545
QAP,2140,32,21561
QAP,2141,32,21576
QAP,2142,32,21576
QAP,2143,32,21592
QAP,2144,32,21608
QAP,2145,32,21608
QAP,2146,32,21623
QAP,2147,32,21623
QAP,2148,32,21639
QAP,2149,32,21655
QAP,2150,32,21655
QAP,2151,32,21671
QAP,2152,32,21686
QAP,2153,32,21686
QAP,2154,32,21702
QAP,2155,32,21718
QAP,2156,32,21718
QAP,2157,32,21734
QAP,2158,32,21749
QAP,2159,32,21749
QAP,2160,32,21765
QAP,2161,32,21781
QAP,2162,32,21781
QAP,2163,32,21797
QAP,2164,32,21797
QAP,2165,32,21812
QAP,2166,32,21828
QAP,2167,32,21828
QAP,2168,32,21844
QAP,2169,32,21859
QAP,2170,32,21859
QAP,2171,32,21875
QAP,2172,32,21891
QAP,2173,32,21891
QAP,2174,32,21906
QAP,2175,32,21922
QAP,2176,32,21922
QAP,2177,32,21938
QAP,2178,32,21938
QAP,2179,32,21954
QAP,2180,32,21969
QAP,2181,32,21969
QAP,2182,32,21985
QAP,2183,32,22001
QAP,2184,32,22001
QAP,2185,32,22016
QAP,2186,32,22032
QAP,2187,32,22032
QAP,2188,32,22048
QAP,2189,32,22063
QAP,2190,32,22063
QAP,2191,32,22079
QAP,2192,32,22095
QAP,2193,32,22095
QAP,2194,32,22111
QAP,2195,32,22111
QAP,2196,32,22126
QAP,2197,32,22142
QAP,2198,32,22142
QAP,2199,32,22158
QAP,2200,32,22173
QAP,2201,32,22173
QAP,2202,32,22189
QAP,2203,32,22205
QAP,2204,32,22205
QAP,2205,32,22220
QAP,2206,32,22236
QAP,2207,32,22236
QAP,2208,32,22252
QAP,2209,32,22267
QAP,2210,32,22267
QAP,2211,32,22283
QAP,2212,32,22283
QAP,2213,32,22299
QAP,2214,32,22315
QAP,2215,32,22315
QAP,2216,32,22330
QAP,2217,32,22346
QAP,2218,32,22346
QAP,2219,32,22362
QAP,2220,32,22377
QAP,2221,32,22377
QAP,2222,32,22393
QAP,2223,32,22409
QAP,2224,32,22409
QAP,2225,32,22425
QAP,2226,32,22425
QAP,2227,32,22440
QAP,2228,32,22456
QAP,2229,32,22456
QAP,2230,32,22472
QAP,2231,32,22487
QAP,2232,32,22487
QAP,2233,32,22503
QAP,2234,32,22519
QAP,2235,32,22519
QAP,2236,32,22541
QAP,2237,32,22550
QAP,2238,32,22550
QAP,2239,32,22566
QAP,2240,32,22581
QAP,2241,32,22581
QAP,2242,32,22597
QAP,2243,32,22597
QAP,2244,32,22613
QAP,2245,32,22629
QAP,2246,32,22629
QAP,2247,32,22644
QAP,2248,32,22660
QAP,2249,32,22660
QAP,2250,32,22676
QAP,2251,32,22692
QAP,2252,32,22692
QAP,2253,32,22707
QAP,2254,32,22723
QAP,2255,32,22723
QAP,2256,32,22739
QAP,2257,32,22739
QAP,2258,32,22754
QAP,2259,32,22770
QAP,2260,32,22770
QAP,2261,32,22786
QAP,2262,32,22802
QAP,2263,32,22802
QAP,2264,32,22817
QAP,2265,32,22833
QAP,2266,32,22833
QAP,2267,32,22849
QAP,2268,32,22865
QAP,2269,32,22865
QAP,2270,32,22880
QAP,2271,32,22896
QAP,2272,32,22896
QAP,2273,32,22912
QAP,2274,32,22927
QAP,2275,32,22927
QAP,2276,32,22943
QAP,2277,32,22943
QAP,2278,32,22959
QAP,2279,32,22974
QAP,2280,32,22974
QAP,2281,32,22990
QAP,2282,32,23006
QAP,2283,32,23006
QAP,2284,32,23021
QAP,2285,32,23037
QAP,2286,32,23037
QAP,2287,32,23053
QAP,2288,32,23069
QAP,2289,32,23069
QAP,2290,32,23084
QAP,2291,32,23100
QAP,2292,32,23100
QAP,2293,32,23116
QAP,2294,32,23116
QAP,2295,32,23131
QAP,2296,32,23147
QAP,2297,32,23147
QAP,2298,32,23163
QAP,2299,32,23178
QAP,2300,32,23178
QAP,2301,32,23194
QAP,2302,32,23210
QAP,2303,32,23210
QAP,2304,32,23225
QAP,2305,32,23241
QAP,2306,32,23241
QAP,2307,32,23257
QAP,2308,32,23257
QAP,2309,32,23273
QAP,2310,32,23288
QAP,2311,32,23288
QAP,2312,32,23304
QAP,2313,32,23320
QAP,2314,32,23320
QAP,2315,32,23335
QAP,2316,32,23351
QAP,2317,32,23351
QAP,2318,32,23367
QAP,2319,32,23382
QAP,2320,32,23382
QAP,2321,32,23398
QAP,2322,32,23414
QAP,2323,32,23414
QAP,2324,32,23429
QAP,2325,32,23429
QAP,2326,32,23445
QAP,2327,32,23461
QAP,2328,32,23461
QAP,2329,32,23477
QAP,2330,32,23492
QAP,2331,32,23492
QAP,2332,32,23508
QAP,2333,32,23524
QAP,2334,32,23524
QAP,2335,32,23539
QAP,2336,32,23555
QAP,2337,32,23555
QAP,2338,32,23571
QAP,2339,32,23571
QAP,2340,32,23586
QAP,2341,32,23602
QAP,2342,32,23602
QAP,2343,32,23618
QAP,2344,32,23633
QAP,2345,32,23633
QAP,2346,32,23649
QAP,2347,32,23665
QAP,2348,32,23665
QAP,2349,32,23680
QAP,2350,32,23696
QAP,2351,32,23696
QAP,2352,32,23717
QAP,2353,32,23727
QAP,2354,32,23727
QAP,2355,32,23743
QAP,2356,32,23743
QAP,2357,32,23759
QAP,2358,32,23775
QAP,2359,32,23775
QAP,2360,32,23790
QAP,2361,32,23806
QAP,2362,32,23806
QAP,2363,32,23822
QAP,2364,32,23837
QAP,2365,32,23837
QAP,2366,32,23853
QAP,2367,32,23869
QAP,2368,32,23869
QAP,2369,32,23884
QAP,2370,32,23900
QAP,2371,32,23900
QAP,2372,32,23916
QAP,2373,32,23932
QAP,2374,32,23932
QAP,2375,30,23947
QAP,2376,30,23947
QAP,2377,30,23963
QAP,2378,30,23979
QAP,2379,30,23979
QAP,2380,30,23995
QAP,2381,30,24010
QAP,2382,30,24010
QAP,2383,30,24026
QAP,2384,30,24042
QAP,2385,30,24042
QAP,2386,30,24057
QAP,2387,30,24057
QAP,2388,30,24073
QAP,2389,30,24089
QAP,2390,30,24089
QAP,2391,30,24105
QAP,2392,30,24120
QAP,2393,30,24120
QAP,2394,30,24136
QAP,2395,30,24136
QAP,2396,30,24152
QAP,2397,30,24167
QAP,2398,30,24167
QAP,2399,30,24183
QAP,2400,30,24199
QAP,2401,30,24199
QAP,2402,30,24214
QAP,2403,30,24230
QAP,2404,30,24230
QAP,2405,30,24246
QAP,2406,30,24262
QAP,2407,30,24262
QAP,2408,30,24277
QAP,2409,30,24293
QAP,2410,30,24293
QAP,2411,30,24309
QAP,2412,30,24324
QAP,2413,30,24324
QAP,2414,30,24340
QAP,2415,30,24340
QAP,2416,30,24356
QAP,2417,30,24371
QAP,2418,30,24371
QAP,2419,30,24387
QAP,2420,30,24403
QAP,2421,30,24403
QAP,2422,30,24419
QAP,2423,30,24434
QAP,2424,30,24434
QAP,2425,30,24450
QAP,2426,30,24466
QAP,2427,30,24466
QAP,2428,30,24481
QAP,2429,30,24481
QAP,2430,30,24497
QAP,2431,30,24513
QAP,2432,30,24513
QAP,2433,30,24529
QAP,2434,30,24544
QAP,2435,30,24544
QAP,2436,30,24560
QAP,2437,30,24575
QAP,2438,30,24575
QAP,2439,30,24591
QAP,2440,30,24607
QAP,2441,30,24607
QAP,2442,30,24623
QAP,2443,30,24623
QAP,2444,30,24638
QAP,2445,30,24654
QAP,2446,30,24654
QAP,2447,30,24670
QAP,2448,30,24686
QAP,2449,30,24686
QAP,2450,30,24701
QAP,2451,30,24717
QAP,2452,30,24717
QAP,2453,30,24733
QAP,2454,30,24733
QAP,2455,30,24748
QAP,2456,30,24764
QAP,2457,30,24764
QAP,2458,30,24780
QAP,2459,30,24796
QAP,2460,30,24796
QAP,2461,30,24811
QAP,2462,30,24827
QAP,2463,30,24827
QAP,2464,30,24843
QAP,2465,30,24858
QAP,2466,30,24858
QAP,2467,30,24874
QAP,2468,30,24874
QAP,2469,30,24890
QAP,2470,30,24905
QAP,2471,30,24905
QAP,2472,30,24921
QAP,2473,30,24937
QAP,2474,30,24937
QAP,2475,30,24953
QAP,2476,30,24968
QAP,2477,30,24968
QAP,2478,30,24984
QAP,2479,30,24984
QAP,2480,30,25000
QAP,2481,30,25016
QAP,2482,30,25016
QAP,2483,30,25031
QAP,2484,30,25047
QAP,2485,30,25047
QAP,2486,30,25063
QAP,2487,30,25063
QAP,2488,30,25078
QAP,2489,30,25094
QAP,2490,30,25094
QAP,2491,30,25110
QAP,2492,30,25126
QAP,2493,30,25126
QAP,2494,30,25141
QAP,2495,30,25141
QAP,2496,30,25157
QAP,2497,30,25173
QAP,2498,30,25173
QAP,2499,30,25188
QAP,2500,30,25204
QAP,2501,30,25204
QAP,2502,30,25220
QAP,2503,30,25236
QAP,2504,30,25236
QAP,2505,30,25251
QAP,2506,30,25251
QAP,2507,30,25275
QAP,2508,30,25283
QAP,2509,30,25283
QAP,2510,30,25298
QAP,2511,30,25314
QAP,2512,30,25314
QAP,2513,30,25330
QAP,2514,30,25346
QAP,2515,30,25346
QAP,2516,30,25361
QAP,2517,30,25377
QAP,2518,30,25377
QAP,2519,30,25393
QAP,2520,30,25393
QAP,2521,30,25408
QAP,2522,30,25424
QAP,2523,30,25424
QAP,2524,30,25440
QAP,2525,30,25455
QAP,2526,30,25455
QAP,2527,30,25471
QAP,2528,30,25487
QAP,2529,30,25487
QAP,2530,30,25503
QAP,2531,30,25503
QAP,2532,30,25518
QAP,2533,30,25534
QAP,2534,30,25534
QAP,2535,30,25550
QAP,2536,30,25566
QAP,2537,30,25566
QAP,2538,30,25581
QAP,2539,30,25597
QAP,2540,30,25597
QAP,2541,30,25613
QAP,2542,30,25629
QAP,2543,30,25629
QAP,2544,30,25644
QAP,2545,30,25644
QAP,2546,30,25660
QAP,2547,30,25676
QAP,2548,30,25676
QAP,2549,30,25691
QAP,2550,30,25707
QAP,2551,30,25707
QAP,2552,30,25723
QAP,2553,30,25738
QAP,2554,30,25738
QAP,2555,30,25754
QAP,2556,30,25754
QAP,2557,30,25770
QAP,2558,30,25785
QAP,2559,30,25785
QAP,2560,30,25801
QAP,2561,30,25817
QAP,2562,30,25817
QAP,2563,30,25833
QAP,2564,30,25848
QAP,2565,30,25848
QAP,2566,30,25864
QAP,2567,30,25880
QAP,2568,30,25880
QAP,2569,30,25895
QAP,2570,30,25895
QAP,2571,30,25911
QAP,2572,30,25927
QAP,2573,30,25927
QAP,2574,30,25943
QAP,2575,30,25958
QAP,2576,30,25958
QAP,2577,30,25974
QAP,2578,30,25990
QAP,2579,30,25990
QAP,2580,30,26006
QAP,2581,30,26021
QAP,2582,30,26021
QAP,2583,30,26037
QAP,2584,30,26037
QAP,2585,30,26053
QAP,2586,30,26069
QAP,2587,30,26069
QAP,2588,30,26084
QAP,2589,30,26100
QAP,2590,30,26100
QAP,2591,30,26116
QAP,2592,30,26131
QAP,2593,30,26131
QAP,2594,30,26147
QAP,2595,30,26163
QAP,2596,30,26163
QAP,2597,30,26179
QAP,2598,30,26179
QAP,2599,30,26194
QAP,2600,30,26210
QAP,2601,30,26210
QAP,2602,30,26226
QAP,2603,30,26241
QAP,2604,30,26241
QAP,2605,30,26257
QAP,2606,30,26273
QAP,2607,30,26273
QAP,2608,30,26288
QAP,2609,30,26304
QAP,2610,30,26304
QAP,2611,30,26320
QAP,2612,30,26336
QAP,2613,30,26336
QAP,2614,30,26351
QAP,2615,30,26351
QAP,2616,30,26367
QAP,2617,30,26383
QAP,2618,30,26383
QAP,2619,30,26398
QAP,2620,30,26414
QAP,2621,30,26414
QAP,2622,30,26430
QAP,2623,30,26446
QAP,2624,30,26446
QAP,2625,30,26461
QAP,2626,30,26477
QAP,2627,30,26477
QAP,2628,30,26493
QAP,2629,30,26509
QAP,2630,30,26509
QAP,2631,30,26524
QAP,2632,30,26524
QAP,2633,30,26540
QAP,2634,30,26556
QAP,2635,30,26556
QAP,2636,30,26572
QAP,2637,30,26587
QAP,2638,30,26587
QAP,2639,30,26603
QAP,2640,30,26619
QAP,2641,30,26619
QAP,2642,30,26640
QAP,2643,30,26650
QAP,2644,30,26650
QAP,2645,30,26666
QAP,2646,30,26666
QAP,2647,30,26682
QAP,2648,30,26697
QAP,2649,30,26697
QAP,2650,30,26713
QAP,2651,30,26729
QAP,2652,30,26729
QAP,2653,30,26744
QAP,2654,30,26760
QAP,2655,30,26760
QAP,2656,30,26776
QAP,2657,30,26791
QAP,2658,30,26791
QAP,2659,30,26807
QAP,2660,30,26823
QAP,2661,30,26823
QAP,2662,30,26839
QAP,2663,30,26855
QAP,2664,30,26855
QAP,2665,30,26870
QAP,2666,30,26870
QAP,2667,30,26886
QAP,2668,30,26902
QAP,2669,30,26902
QAP,2670,30,26917
QAP,2671,30,26933
QAP,2672,30,26933
QAP,2673,30,26949
QAP,2674,30,26965
QAP,2675,30,26965
QAP,2676,30,26980
QAP,2677,30,26996
QAP,2678,30,26996
QAP,2679,30,27012
QAP,2680,30,27012
QAP,2681,30,27027
QAP,2682,30,27043
QAP,2683,30,27043
QAP,2684,30,27059
QAP,2685,30,27074
QAP,2686,30,27074
QAP,2687,30,27090
QAP,2688,30,27106
QAP,2689,30,27106
QAP,2690,30,27122
QAP,2691,30,27137
QAP,2692,30,27137
QAP,2693,30,27153
QAP,2694,30,27169
QAP,2695,30,27169
QAP,2696,30,27185
QAP,2697,30,27185
QAP,2698,30,27200
QAP,2699,30,27216
QAP,2700,30,27216
QAP,2701,30,27232
QAP,2702,30,27247
QAP,2703,30,27247
QAP,2704,30,27263
QAP,2705,30,27279
QAP,2706,30,27279
QAP,2707,30,27295
QAP,2708,30,27310
QAP,2709,30,27310
QAP,2710,30,27326
QAP,2711,30,27326
QAP,2712,30,27342
QAP,2713,30,27361
QAP,2714,30,27371
QAP,2715,30,27382
QAP,2716,30,27393
QAP,2717,30,27402
QAP,2718,30,27412
QAP,2719,30,27423
QAP,2720,30,27432
QAP,2721,30,27442
QAP,2722,30,27453
QAP,2723,30,27464
QAP,2724,30,27474
QAP,2725,30,27484
QAP,2726,30,27493
QAP,2727,30,27504
QAP,2728,30,27514
QAP,2729,30,27524
QAP,2730,30,27534
QAP,2731,30,27546
QAP,2732,30,27555
QAP,2733,30,27566
QAP,2734,30,27575
QAP,2735,30,27585
QAP,2736,30,27595
QAP,2737,30,27605
QAP,2738,30,27616
QAP,2739,30,27626
QAP,2740,30,27637
QAP,2741,30,27648
QAP,2742,30,27657
QAP,2743,30,27666
QAP,2744,30,27677
QAP,2745,30,27688
QAP,2746,30,27697
QAP,2747,30,27709
QAP,2748,30,27718
QAP,2749,30,27728
QAP,2750,30,27739
QAP,2751,30,27750
QAP,2752,30,27760
QAP,2753,30,27770
QAP,2754,30,27781
QAP,2755,30,27792
QAP,2756,30,27802
QAP,2757,30,27811
QAP,2758,30,27823
QAP,2759,30,27832
QAP,2760,30,27843
QAP,2761,30,27854
QAP,2762,30,27864
QAP,2763,30,27873
QAP,2764,30,27885
QAP,2765,30,27895
QAP,2766,30,27906
QAP,2767,30,27915
QAP,2768,30,27926
QAP,2769,30,27936
QAP,2770,30,27946
QAP,2771,30,27957
QAP,2772,30,27966
QAP,2773,30,27978
QAP,2774,30,27986
QAP,2775,30,27998
QAP,2776,30,28008
QAP,2777,30,28017
QAP,2778,30,28027
QAP,2779,30,28039
QAP,2780,30,28048
QAP,2781,30,28059
QAP,2782,30,28069
QAP,2783,30,28078
QAP,2784,30,28089
QAP,2785,30,28099
QAP,2786,30,28110
QAP,2787,30,28120
QAP,2788,30,28131
QAP,2789,30,28141
QAP,2790,30,28150
QAP,2791,30,28161
QAP,2792,30,28171
QAP,2793,30,28182
QAP,2794,30,28191
QAP,2795,30,28201
QAP,2796,30,28213
QAP,2797,30,28222
QAP,2798,30,28234
QAP,2799,30,28244
QAP,2800,30,28253
QAP,2801,30,28264
QAP,2802,30,28274
QAP,2803,30,28283
QAP,2804,30,28294
QAP,2805,30,28303
QAP,2806,30,28314
QAP,2807,30,28325
QAP,2808,30,28334
QAP,2809,30,28344
QAP,2810,30,28355
QAP,2811,30,28366
QAP,2812,30,28369
QAP,2813,30,28384
QAP,2814,30,28384
QAP,2815,30,28400
QAP,2816,30,28416
QAP,2817,30,28416
QAP,2818,30,28431
QAP,2819,30,28447
QAP,2820,30,28447
QAP,2821,30,28463
QAP,2822,30,28478
QAP,2823,30,28478
QAP,2824,30,28494
QAP,2825,30,28494
QAP,2826,30,28510
QAP,2827,30,28526
QAP,2828,30,28526
QAP,2829,30,28541
QAP,2830,30,28557
QAP,2831,30,28557
QAP,2832,30,28573
QAP,2833,30,28588
QAP,2834,30,28588
QAP,2835,30,28604
QAP,2836,30,28620
QAP,2837,30,28620
QAP,2838,30,28636
QAP,2839,30,28636
QAP,2840,30,28651
QAP,2841,30,28667
QAP,2842,30,28667
QAP,2843,30,28683
QAP,2844,30,28698
QAP,2845,30,28698
QAP,2846,30,28714
QAP,2847,30,28731
QAP,2848,30,28738
QAP,2849,30,28745
QAP,2850,30,28761
QAP,2851,30,28761
QAP,2852,30,28777
QAP,2853,30,28793
QAP,2854,30,28793
QAP,2855,30,28808
QAP,2856,30,28808
QAP,2857,30,28824
QAP,2858,30,28840
QAP,2859,30,28840
QAP,2860,30,28856
QAP,2861,30,28871
QAP,2862,30,28871
QAP,2863,30,28887
QAP,2864,30,28903
QAP,2865,30,28903
QAP,2866,30,28918
QAP,2867,30,28934
QAP,2868,30,28934
QAP,2869,30,28950
QAP,2870,30,28966
QAP,2871,30,28966
QAP,2872,30,28982
QAP,2873,30,28982
QAP,2874,30,28997
QAP,2875,30,29013
QAP,2876,30,29013
QAP,2877,30,29029
QAP,2878,30,29044
QAP,2879,30,29044
QAP,2880,30,29060
QAP,2881,30,29076
QAP,2882,30,29076
QAP,2883,30,29092
QAP,2884,30,29107
QAP,2885,30,29107
QAP,2886,30,29123
QAP,2887,30,29139
QAP,2888,30,29139
QAP,2889,30,29154
QAP,2890,30,29170
QAP,2891,30,29170
QAP,2892,30,29186
QAP,2893,30,29201
QAP,2894,30,29201
QAP,2895,30,29217
QAP,2896,30,29217
QAP,2897,30,29233
QAP,2898,30,29248
QAP,2899,30,29248
QAP,2900,30,29264
QAP,2901,30,29280
QAP,2902,30,29280
QAP,2903,30,29295
QAP,2904,30,29311
QAP,2905,30,29311
QAP,2906,30,29327
QAP,2907,30,29343
QAP,2908,30,29343
QAP,2909,30,29364
QAP,2910,30,29374
QAP,2911,30,29374
QAP,2912,30,29390
QAP,2913,30,29390
QAP,2914,30,29405
QAP,2915,30,29421
QAP,2916,30,29421
QAP,2917,30,29437
QAP,2918,30,29452
QAP,2919,30,29452
QAP,2920,30,29468
QAP,2921,30,29484
QAP,2922,30,29484
QAP,2923,30,29499
QAP,2924,30,29515
QAP,2925,30,29515
QAP,2926,30,29531
QAP,2927,30,29547
QAP,2928,30,29547
QAP,2929,30,29562
QAP,2930,30,29562
QAP,2931,30,29578
QAP,2932,30,29594
QAP,2933,30,29594
QAP,2934,30,29610
QAP,2935,30,29625
QAP,2936,30,29625
QAP,2937,30,29641
QAP,2938,30,29657
QAP,2939,30,29657
QAP,2940,30,29673
QAP,2941,30,29688
QAP,2942,30,29688
QAP,2943,30,29704
QAP,2944,30,29720
QAP,2945,30,29720
QAP,2946,30,29735
QAP,2947,30,29735
QAP,2948,30,29751
QAP,2949,30,29767
QAP,2950,30,29767
QAP,2951,30,29782
QAP,2952,30,29798
QAP,2953,30,29814
QAP,2954,30,29814
QAP,2955,30,29829
QAP,2956,30,29845
QAP,2957,30,29845
QAP,2958,30,29861
QAP,2959,30,29861
QAP,2960,30,29877
QAP,2961,30,29892
QAP,2962,30,29892
QAP,2963,30,29908
QAP,2964,30,29924
QAP,2965,30,29924
QAP,2966,30,29940
QAP,2967,30,29955
QAP,2968,30,29955
QAP,2969,30,29971
QAP,2970,30,29987
QAP,2971,30,29987
QAP,2972,30,30002
QAP,2973,30,30018
QAP,2974,30,30018
QAP,2975,30,30034
QAP,2976,30,30049
QAP,2977,30,30049
QAP,2978,30,30065
QAP,2979,30,30065
QAP,2980,30,30081
QAP,2981,30,30096
QAP,2982,30,30096
QAP,2983,30,30112
QAP,2984,30,30128
QAP,2985,30,30128
QAP,2986,30,30144
QAP,2987,30,30159
QAP,2988,30,30159
QAP,2989,30,30175
QAP,2990,30,30191
QAP,2991,30,30191
QAP,2992,30,30206
QAP,2993,30,30222
QAP,2994,30,30222
QAP,2995,30,30238
QAP,2996,30,30238
QAP,2997,30,30254
QAP,2998,30,30269
QAP,2999,30,30269
QAP,3000,30,30285
QAP,3001,30,30301
QAP,3002,30,30301
QAP,3003,30,30316
QAP,3004,30,30332
QAP,3005,30,30332
QAP,3006,30,30348
QAP,3007,30,30363
QAP,3008,30,30363
QAP,3009,30,30379
QAP,3010,30,30395
QAP,3011,30,30395
QAP,3012,30,30411
QAP,3013,30,30411
QAP,3014,30,30426
QAP,3015,30,30442
QAP,3016,30,30442
QAP,3017,30,30458
QAP,3018,30,30473
QAP,3019,30,30473
QAP,3020,30,30489
QAP,3021,30,30505
QAP,3022,30,30505
QAP,3023,30,30521
QAP,3024,30,30536
QAP,3025,30,30536
QAP,3026,30,30552
QAP,3027,30,30552
QAP,3028,30,30568
QAP,3029,30,30583
QAP,3030,30,30583
QAP,3031,30,30599
QAP,3032,30,30615
QAP,3033,30,30615
QAP,3034,30,30631
QAP,3035,30,30646
QAP,3036,30,30646
QAP,3037,30,30662
QAP,3038,30,30678
QAP,3039,30,30678
QAP,3040,30,30693
QAP,3041,30,30709
QAP,3042,30,30709
QAP,3043,30,30730
QAP,3044,30,30740
QAP,3045,30,30740
QAP,3046,30,30756
QAP,3047,30,30772
QAP,3048,30,30772
QAP,3049,30,30788
QAP,3050,30,30803
QAP,3051,30,30803
QAP,3052,30,30819
QAP,3053,30,30835
QAP,3054,30,30835
QAP,3055,30,30850
QAP,3056,30,30866
QAP,3057,30,30866
QAP,3058,30,30882
QAP,3059,30,30897
QAP,3060,30,30897
QAP,3061,30,30913
QAP,3062,30,30929
QAP,3063,30,30929
QAP,3064,30,30944
QAP,3065,30,30960
QAP,3066,30,30960
QAP,3067,30,30976
QAP,3068,30,30992
QAP,3069,30,30992
QAP,3070,30,31007
QAP,3071,30,31007
QAP,3072,30,31023
QAP,3073,30,31039
QAP,3074,30,31039
QAP,3075,30,31055
QAP,3076,30,31070
QAP,3077,30,31070
QAP,3078,30,31086
QAP,3079,30,31102
QAP,3080,30,31102
QAP,3081,30,31117
QAP,3082,30,31133
QAP,3083,30,31133
QAP,3084,30,31149
QAP,3085,30,31165
QAP,3086,30,31165
QAP,3087,30,31180
QAP,3088,30,31196
QAP,3089,30,31196
QAP,3090,30,31212
QAP,3091,30,31227
QAP,3092,30,31227
QAP,3093,30,31243
QAP,3094,30,31243
QAP,3095,30,31259
QAP,3096,30,31274
QAP,3097,30,31274
QAP,3098,30,31290
QAP,3099,30,31306
QAP,3100,30,31306
QAP,3101,30,31321
QAP,3102,30,31337
QAP,3103,30,31337
QAP,3104,30,31353
QAP,3105,30,31368
QAP,3106,30,31368
QAP,3107,30,31384
QAP,3108,30,31400
QAP,3109,30,31400
QAP,3110,30,31416
QAP,3111,30,31431
QAP,3112,30,31431
QAP,3113,30,31447
QAP,3114,30,31462
QAP,3115,30,31462
QAP,3116,30,31478
QAP,3117,30,31494
QAP,3118,30,31494
QAP,3119,30,31510
QAP,3120,30,31510
QAP,3121,30,31525
QAP,3122,30,31541
QAP,3123,30,31541
QAP,3124,30,31557
QAP,3125,30,31572
QAP,3126,30,31572
QAP,3127,30,31588
QAP,3128,30,31604
QAP,3129,30,31604
QAP,3130,30,31619
QAP,3131,30,31635
QAP,3132,30,31635
QAP,3133,30,31651
QAP,3134,30,31651
QAP,3135,30,31666
QAP,3136,30,31682
QAP,3137,30,31682
QAP,3138,30,31698
QAP,3139,30,31713
QAP,3140,30,31713
QAP,3141,30,31729
QAP,3142,30,31745
QAP,3143,30,31745
QAP,3144,30,31761
QAP,3145,30,31776
QAP,3146,30,31776
QAP,3147,30,31792
QAP,3148,30,31808
QAP,3149,30,31808
QAP,3150,30,31823
QAP,3151,30,31839
QAP,3152,30,31839
QAP,3153,30,31855
QAP,3154,30,31871
QAP,3155,30,31871
QAP,3156,30,31886
QAP,3157,30,31886
QAP,3158,30,31902
QAP,3159,30,31918
QAP,3160,30,31918
QAP,3161,30,31933
QAP,3162,30,31949
QAP,3163,30,31949
QAP,3164,30,31965
QAP,3165,30,31980
QAP,3166,30,31980
QAP,3167,30,31996
QAP,3168,30,32012
QAP,3169,30,32012
QAP,3170,30,32027
QAP,3171,30,32043
QAP,3172,30,32043
QAP,3173,30,32059
QAP,3174,30,32076
QAP,3175,30,32082
QAP,3176,30,32090
QAP,3177,30,32106
QAP,3178,30,32106
QAP,3179,30,32122
QAP,3180,30,32122
QAP,3181,30,32137
QAP,3182,30,32153
QAP,3183,30,32153
QAP,3184,30,32169
QAP,3185,30,32184
QAP,3186,30,32184
QAP,3187,30,32200
QAP,3188,30,32216
QAP,3189,30,32216
QAP,3190,30,32231
QAP,3191,30,32247
QAP,3192,30,32247
QAP,3193,30,32263
QAP,3194,30,32278
QAP,3195,30,32278
QAP,3196,30,32294
QAP,3197,30,32310
QAP,3198,30,32310
QAP,3199,30,32326
QAP,3200,30,32326
QAP,3201,30,32341
QAP,3202,30,32357
QAP,3203,30,32357
QAP,3204,30,32373
QAP,3205,30,32388
QAP,3206,30,32404
QAP,3207,30,32404
QAP,3208,30,32420
QAP,3209,30,32420
QAP,3210,30,32436
QAP,3211,30,32451
QAP,3212,30,32451
QAP,3213,30,32467
QAP,3214,30,32483
QAP,3215,30,32483
QAP,3216,30,32498
QAP,3217,30,32514
QAP,3218,30,32514
QAP,3219,30,32530
QAP,3220,30,32545
QAP,3221,30,32545
QAP,3222,30,32561
QAP,3223,30,32577
QAP,3224,30,32577
QAP,3225,30,32593
QAP,3226,30,32593
QAP,3227,30,32608
QAP,3228,30,32624
QAP,3229,30,32624
QAP,3230,30,32640
QAP,3231,30,32656
QAP,3232,30,32656
QAP,3233,30,32671
QAP,3234,30,32687
QAP,3235,30,32687
QAP,3236,30,32703
QAP,3237,30,32719
QAP,3238,30,32719
QAP,3239,30,32734
QAP,3240,30,32750
QAP,3241,30,32750
QAP,3242,30,32766
QAP,3243,30,32781
QAP,3244,30,32781
QAP,3245,30,32797
QAP,3246,30,32813
QAP,3247,30,32813
QAP,3248,30,32829
QAP,3249,30,32844
QAP,3250,30,32844
QAP,3251,30,32860
QAP,3252,30,32860
QAP,3253,30,32876
QAP,3254,30,32892
QAP,3255,30,32892
QAP,3256,30,32907
QAP,3257,30,32923
QAP,3258,30,32923
QAP,3259,30,32939
QAP,3260,30,32954
QAP,3261,30,32954
QAP,3262,30,32970
QAP,3263,30,32986
QAP,3264,30,32986
QAP,3265,30,33002
QAP,3266,30,33017
QAP,3267,30,33017
QAP,3268,30,33033
QAP,3269,30,33049
QAP,3270,30,33049
QAP,3271,30,33065
QAP,3272,30,33080
QAP,3273,30,33080
QAP,3274,30,33096
QAP,3275,30,33112
QAP,3276,30,33112
QAP,3277,30,33127
QAP,3278,30,33143
QAP,3279,30,33143
QAP,3280,30,33159
QAP,3281,30,33159
QAP,3282,30,33174
QAP,3283,30,33190
QAP,3284,30,33190
QAP,3285,30,33205
QAP,3286,30,33221
QAP,3287,30,33221
QAP,3288,30,33237
QAP,3289,30,33252
QAP,3290,30,33252
QAP,3291,30,33268
QAP,3292,30,33284
QAP,3293,30,33284
QAP,3294,30,33300
QAP,3295,30,33315
QAP,3296,30,33315
QAP,3297,30,33331
QAP,3298,30,33331
QAP,3299,30,33347
QAP,3300,30,33362
QAP,3301,30,33362
QAP,3302,30,33378
QAP,3303,30,33394
QAP,3304,30,33394
QAP,3305,30,33410
QAP,3306,30,33425
QAP,3307,30,33425
QAP,3308,30,33450
QAP,3309,30,33457
QAP,3310,30,33457
QAP,3311,30,33472
QAP,3312,30,33488
QAP,3313,30,33488
QAP,3314,30,33504
QAP,3315,30,33519
QAP,3316,30,33519
QAP,3317,30,33535
QAP,3318,30,33551
QAP,3319,30,33551
QAP,3320,30,33566
QAP,3321,30,33582
QAP,3322,30,33582
QAP,3323,30,33598
QAP,3324,30,33613
QAP,3325,30,33613
QAP,3326,30,33629
QAP,3327,30,33645
QAP,3328,30,33645
QAP,3329,30,33660
QAP,3330,30,33660
QAP,3331,30,33676
QAP,3332,30,33692
QAP,3333,30,33692
QAP,3334,30,33708
QAP,3335,30,33723
QAP,3336,30,33723
QAP,3337,30,33746
QAP,3338,30,33755
QAP,3339,30,33755
QAP,3340,30,33771
QAP,3341,30,33786
QAP,3342,30,33786
QAP,3343,30,33802
QAP,3344,30,33818
QAP,3345,30,33818
QAP,3346,30,33833
QAP,3347,30,33833
QAP,3348,30,33849
QAP,3349,30,33865
QAP,3350,30,33865
QAP,3351,30,33880
QAP,3352,30,33896
QAP,3353,30,33896
QAP,3354,30,33912
QAP,3355,30,33927
QAP,3356,30,33927
QAP,3357,30,33943
QAP,3358,30,33959
QAP,3359,30,33959
QAP,3360,30,33975
QAP,3361,30,33990
QAP,3362,30,33990
QAP,3363,30,34006
QAP,3364,30,34006
QAP,3365,30,34022
QAP,3366,30,34037
QAP,3367,30,34037
QAP,3368,30,34053
QAP,3369,30,34069
QAP,3370,30,34069
QAP,3371,30,34084
QAP,3372,30,34100
QAP,3373,30,34100
QAP,3374,30,34116
QAP,3375,30,34131
QAP,3376,30,34131
QAP,3377,30,34147
QAP,3378,30,34163
QAP,3379,30,34163
QAP,3380,30,34179
QAP,3381,30,34179
QAP,3382,30,34194
QAP,3383,30,34210
QAP,3384,30,34210
QAP,3385,30,34226
QAP,3386,30,34241
QAP,3387,30,34241
QAP,3388,30,34257
QAP,3389,30,34273
QAP,3390,30,34273
QAP,3391,30,34288
QAP,3392,30,34304
QAP,3393,30,34304
QAP,3394,30,34320
QAP,3395,30,34336
QAP,3396,30,34336
QAP,3397,30,34351
QAP,3398,30,34351
QAP,3399,30,34367
QAP,3400,30,34383
QAP,3401,30,34383
QAP,3402,30,34398
QAP,3403,30,34414
QAP,3404,30,34414
QAP,3405,30,34430
QAP,3406,30,34445
QAP,3407,30,34445
QAP,3408,30,34461
QAP,3409,30,34477
QAP,3410,30,34477
QAP,3411,30,34493
QAP,3412,30,34508
QAP,3413,30,34508
QAP,3414,30,34524
QAP,3415,30,34524
QAP,3416,30,34540
QAP,3417,30,34555
QAP,3418,30,34555
QAP,3419,30,34571
QAP,3420,30,34587
QAP,3421,30,34587
QAP,3422,30,34602
QAP,3423,30,34618
QAP,3424,30,34618
QAP,3425,30,34634
QAP,3426,30,34649
QAP,3427,30,34649
QAP,3428,30,34665
QAP,3429,30,34681
QAP,3430,30,34681
QAP,3431,30,34696
QAP,3432,30,34696
QAP,3433,30,34712
QAP,3434,30,34728
QAP,3435,30,34728
QAP,3436,30,34743
QAP,3437,30,34759
QAP,3438,30,34759
QAP,3439,30,34783
QAP,3440,30,34791
QAP,3441,30,34791
QAP,3442,30,34806
QAP,3443,30,34822
QAP,3444,30,34822
QAP,3445,30,34838
QAP,3446,30,34853
QAP,3447,30,34853
QAP,3448,30,34869
QAP,3449,30,34885
QAP,3450,30,34885
QAP,3451,30,34901
QAP,3452,30,34901
QAP,3453,30,34916
QAP,3454,30,34932
QAP,3455,30,34932
QAP,3456,30,34948
QAP,3457,30,34963
QAP,3458,30,34963
QAP,3459,30,34979
QAP,3460,30,34995
QAP,3461,30,34995
QAP,3462,30,35010
QAP,3463,30,35026
QAP,3464,30,35026
QAP,3465,30,35042
QAP,3466,30,35058
QAP,3467,30,35058
QAP,3468,30,35073
QAP,3469,30,35089
QAP,3470,30,35089
QAP,3471,30,35105
QAP,3472,30,35105
QAP,3473,30,35121
QAP,3474,30,35136
QAP,3475,30,35136
QAP,3476,30,35152
QAP,3477,30,35168
QAP,3478,30,35168
QAP,3479,30,35184
QAP,3480,30,35199
QAP,3481,30,35199
QAP,3482,30,35215
QAP,3483,30,35231
QAP,3484,30,35231
QAP,3485,30,35246
QAP,3486,30,35246
QAP,3487,30,35262
QAP,3488,30,35278
QAP,3489,30,35278
QAP,3490,30,35294
QAP,3491,30,35309
QAP,3492,30,35309
QAP,3493,30,35325
QAP,3494,30,35341
QAP,3495,30,35341
QAP,3496,30,35356
QAP,3497,30,35372
QAP,3498,30,35372
QAP,3499,30,35388
QAP,3500,30,35403
QAP,3501,30,35403
QAP,3502,30,35419
QAP,3503,30,35419
QAP,3504,30,35435
QAP,3505,30,35451
QAP,3506,30,35451
QAP,3507,30,35466
QAP,3508,30,35482
QAP,3509,30,35482
QAP,3510,30,35498
QAP,3511,30,35514
QAP,3512,30,35514
QAP,3513,30,35529
QAP,3514,30,35545
QAP,3515,30,35545
QAP,3516,30,35561
QAP,3517,30,35576
QAP,3518,30,35576
QAP,3519,30,35592
QAP,3520,30,35592
QAP,3521,30,35608
QAP,3522,30,35623
QAP,3523,30,35623
QAP,3524,30,35639
QAP,3525,30,35655
QAP,3526,30,35655
QAP,3527,30,35671
QAP,3528,30,35686
QAP,3529,30,35686
QAP,3530,30,35702
QAP,3531,30,35718
QAP,3532,30,35718
QAP,3533,30,35733
QAP,3534,30,35749
QAP,3535,30,35749
QAP,3536,30,35765
QAP,3537,30,35765
QAP,3538,30,35780
QAP,3539,30,35796
QAP,3540,30,35796
QAP,3541,30,35821
QAP,3542,30,35828
QAP,3543,30,35828
QAP,3544,30,35843
QAP,3545,30,35859
QAP,3546,30,35859
QAP,3547,30,35875
QAP,3548,30,35890
QAP,3549,30,35890
QAP,3550,30,35906
QAP,3551,30,35922
QAP,3552,30,35922
QAP,3553,30,35937
QAP,3554,30,35953
QAP,3555,30,35953
QAP,3556,30,35969
QAP,3557,30,35984
QAP,3558,30,35984
QAP,3559,30,36000
QAP,3560,30,36016
QAP,3561,30,36016
QAP,3562,30,36032
QAP,3563,30,36047
QAP,3564,30,36047
QAP,3565,30,36063
QAP,3566,30,36079
QAP,3567,30,36079
QAP,3568,30,36095
QAP,3569,30,36095
QAP,3570,30,36110
QAP,3571,30,36126
QAP,3572,30,36126
QAP,3573,30,36142
QAP,3574,30,36157
QAP,3575,30,36157
QAP,3576,30,36180
QAP,3577,30,36189
QAP,3578,30,36189
QAP,3579,30,36205
QAP,3580,30,36220
QAP,3581,30,36220
QAP,3582,30,36236
QAP,3583,30,36252
QAP,3584,30,36252
QAP,3585,30,36267
QAP,3586,30,36283
QAP,3587,30,36283
QAP,3588,30,36299
QAP,3589,30,36315
QAP,3590,30,36315
QAP,3591,30,36330
QAP,3592,30,36346
QAP,3593,30,36346
QAP,3594,30,36362
QAP,3595,30,36377
QAP,3596,30,36377
QAP,3597,30,36393
QAP,3598,30,36409
QAP,3599,30,36409
QAP,3600,30,36424
QAP,3601,30,36440
QAP,3602,30,36440
QAP,3603,30,36456
QAP,3604,30,36456
QAP,3605,30,36472
QAP,3606,30,36487
QAP,3607,30,36487
QAP,3608,30,36503
QAP,3609,30,36519
QAP,3610,30,36519
QAP,3611,30,36534
QAP,3612,30,36550
QAP,3613,30,36550
QAP,3614,30,36566
QAP,3615,30,36582
QAP,3616,30,36582
QAP,3617,30,36597
QAP,3618,30,36597
QAP,3619,30,36613
QAP,3620,30,36629
QAP,3621,30,36629
QAP,3622,30,36645
QAP,3623,30,36660
QAP,3624,30,36660
QAP,3625,30,36676
QAP,3626,30,36692
QAP,3627,30,36692
QAP,3628,30,36707
QAP,3629,30,36723
QAP,3630,30,36723
QAP,3631,30,36739
QAP,3632,30,36755
QAP,3633,30,36755
QAP,3634,30,36771
QAP,3635,30,36786
QAP,3636,30,36786
QAP,3637,30,36802
QAP,3638,30,36818
QAP,3639,30,36818
QAP,3640,30,36833
QAP,3641,30,36833
QAP,3642,30,36849
QAP,3643,30,36865
QAP,3644,30,36865
QAP,3645,30,36880
QAP,3646,30,36896
QAP,3647,30,36896
QAP,3648,30,36912
QAP,3649,30,36928
QAP,3650,30,36928
QAP,3651,30,36943
QAP,3652,30,36959
QAP,3653,30,36959
QAP,3654,30,36975
QAP,3655,30,36990
QAP,3656,30,36990
QAP,3657,30,37006
QAP,3658,30,37006
QAP,3659,30,37022
QAP,3660,30,37037
QAP,3661,30,37037
QAP,3662,30,37053
QAP,3663,30,37069
QAP,3664,30,37069
QAP,3665,30,37084
QAP,3666,30,37100
QAP,3667,30,37100
QAP,3668,30,37116
QAP,3669,30,37132
QAP,3670,30,37132
QAP,3671,30,37147
QAP,3672,30,37163
QAP,3673,30,37163
QAP,3674,30,37179
QAP,3675,30,37179
QAP,3676,30,37195
QAP,3677,30,37210
QAP,3678,30,37210
QAP,3679,30,37226
QAP,3680,30,37242
QAP,3681,30,37242
QAP,3682,30,37257
QAP,3683,30,37273
QAP,3684,30,37273
QAP,3685,30,37289
QAP,3686,30,37304
QAP,3687,30,37304
QAP,3688,30,37320
QAP,3689,30,37320
QAP,3690,30,37336
QAP,3691,30,37351
QAP,3692,30,37351
QAP,3693,30,37367
QAP,3694,30,37383
QAP,3695,30,37383
QAP,3696,30,37399
QAP,3697,30,37414
QAP,3698,30,37414
QAP,3699,30,37430
QAP,3700,30,37446
QAP,3701,30,37446
QAP,3702,30,37461
QAP,3703,30,37477
QAP,3704,30,37477
QAP,3705,30,37493
QAP,3706,30,37493
QAP,3707,30,37508
QAP,3708,30,37524
QAP,3709,30,37524
QAP,3710,30,37548
QAP,3711,30,37556
QAP,3712,30,37556
QAP,3713,30,37571
QAP,3714,30,37587
QAP,3715,30,37587
QAP,3716,30,37603
QAP,3717,30,37618
QAP,3718,30,37618
QAP,3719,30,37634
QAP,3720,30,37650
QAP,3721,30,37650
QAP,3722,30,37665
QAP,3723,30,37665
QAP,3724,30,37681
QAP,3725,30,37697
QAP,3726,30,37697
QAP,3727,30,37713
QAP,3728,30,37728
QAP,3729,30,37728
QAP,3730,30,37744
QAP,3731,30,37760
QAP,3732,30,37760
QAP,3733,30,37775
QAP,3734,30,37791
QAP,3735,30,37791
QAP,3736,30,37807
QAP,3737,30,37822
QAP,3738,30,37822
QAP,3739,30,37838
QAP,3740,30,37838
QAP,3741,30,37854
QAP,3742,30,37870
QAP,3743,30,37870
QAP,3744,30,37885
QAP,3745,30,37901
QAP,3746,30,37901
QAP,3747,30,37917
QAP,3748,30,37932
QAP,3749,30,37932
QAP,3750,30,37948
QAP,3751,30,37964
QAP,3752,30,37964
QAP,3753,30,37980
QAP,3754,30,37995
QAP,3755,30,37995
QAP,3756,30,38011
QAP,3757,30,38011
QAP,3758,30,38027
QAP,3759,30,38042
QAP,3760,30,38042
QAP,3761,30,38058
QAP,3762,30,38074
QAP,3763,30,38074
QAP,3764,30,38090
QAP,3765,30,38105
QAP,3766,30,38105
QAP,3767,30,38121
QAP,3768,30,38137
QAP,3769,30,38137
QAP,3770,30,38152
QAP,3771,30,38152
QAP,3772,30,38168
QAP,3773,30,38184
QAP,3774,30,38184
QAP,3775,30,38200
QAP,3776,30,38215
QAP,3777,30,38215
QAP,3778,30,38231
QAP,3779,30,38247
QAP,3780,30,38247
QAP,3781,30,38262
QAP,3782,30,38278
QAP,3783,30,38278
QAP,3784,30,38294
QAP,3785,30,38310
QAP,3786,30,38310
QAP,3787,30,38325
QAP,3788,30,38325
QAP,3789,30,38341
QAP,3790,30,38357
QAP,3791,30,38357
QAP,3792,30,38373
QAP,3793,30,38388
QAP,3794,30,38388
QAP,3795,30,38404
QAP,3796,30,38420
QAP,3797,30,38420
QAP,3798,30,38435
QAP,3799,30,38451
QAP,3800,30,38451
QAP,3801,30,38467
QAP,3802,30,38467
QAP,3803,30,38482
QAP,3804,30,38498
QAP,3805,30,38498
QAP,3806,30,38514
QAP,3807,30,38530
QAP,3808,30,38530
QAP,3809,30,38545
QAP,3810,30,38561
QAP,3811,30,38561
QAP,3812,30,38577
QAP,3813,30,38592
QAP,3814,30,38592
QAP,3815,30,38608
QAP,3816,30,38624
QAP,3817,30,38624
QAP,3818,30,38640
QAP,3819,30,38640
QAP,3820,30,38655
QAP,3821,30,38671
QAP,3822,30,38671
QAP,3823,30,38687
QAP,3824,30,38703
QAP,3825,30,38703
QAP,3826,30,38718
QAP,3827,30,38734
QAP,3828,30,38734
QAP,3829,30,38756
QAP,3830,30,38766
QAP,3831,30,38766
QAP,3832,30,38781
QAP,3833,30,38797
QAP,3834,30,38797
QAP,3835,30,38813
QAP,3836,30,38813
QAP,3837,30,38828
QAP,3838,30,38844
QAP,3839,30,38844
QAP,3840,30,38860
QAP,3841,30,38875
QAP,3842,30,38875
QAP,3843,30,38891
QAP,3844,30,38907
QAP,3845,30,38907
QAP,3846,30,38922
QAP,3847,30,38938
QAP,3848,30,38938
QAP,3849,30,38954
QAP,3850,30,38954
QAP,3851,30,38970
QAP,3852,30,38985
QAP,3853,30,38985
QAP,3854,30,39001
QAP,3855,30,39017
QAP,3856,30,39017
QAP,3857,30,39032
QAP,3858,30,39048
QAP,3859,30,39048
QAP,3860,30,39064
QAP,3861,30,39079
QAP,3862,30,39079
QAP,3863,30,39095
QAP,3864,30,39111
QAP,3865,30,39111
QAP,3866,30,39127
QAP,3867,30,39142
QAP,3868,30,39142
QAP,3869,30,39158
QAP,3870,30,39158
QAP,3871,30,39174
QAP,3872,30,39189
QAP,3873,30,39189
QAP,3874,30,39205
QAP,3875,30,39221
QAP,3876,30,39221
QAP,3877,30,39236
QAP,3878,30,39252
QAP,3879,30,39252
QAP,3880,30,39268
QAP,3881,30,39284
QAP,3882,30,39284
QAP,3883,30,39299
QAP,3884,30,39299
QAP,3885,30,39315
QAP,3886,30,39331
QAP,3887,30,39331
QAP,3888,30,39346
QAP,3889,30,39362
QAP,3890,30,39362
QAP,3891,30,39378
QAP,3892,30,39394
QAP,3893,30,39394
QAP,3894,30,39409
QAP,3895,30,39425
QAP,3896,30,39425
QAP,3897,30,39441
QAP,3898,30,39456
QAP,3899,30,39456
QAP,3900,30,39472
QAP,3901,30,39472
QAP,3902,30,39488
QAP,3903,30,39503
QAP,3904,30,39503
QAP,3905,30,39519
QAP,3906,30,39535
QAP,3907,30,39535
QAP,3908,30,39550
QAP,3909,30,39566
QAP,3910,30,39566
QAP,3911,30,39582
QAP,3912,30,39598
QAP,3913,30,39598
QAP,3914,30,39613
QAP,3915,30,39629
QAP,3916,30,39629
QAP,3917,30,39645
QAP,3918,30,39645
QAP,3919,30,39660
QAP,3920,30,39676
QAP,3921,30,39676
QAP,3922,30,39692
QAP,3923,30,39708
QAP,3924,30,39708
QAP,3925,30,39723
QAP,3926,30,39739
QAP,3927,30,39739
QAP,3928,30,39755
QAP,3929,30,39770
QAP,3930,30,39770
QAP,3931,30,39786
QAP,3932,30,39802
QAP,3933,30,39802
QAP,3934,30,39818
QAP,3935,30,39818
QAP,3936,30,39833
QAP,3937,30,39849
QAP,3938,30,39849
QAP,3939,30,39865
QAP,3940,30,39880
QAP,3941,30,39880
QAP,3942,30,39896
QAP,3943,30,39912
QAP,3944,30,39912
QAP,3945,30,39927
QAP,3946,30,39943
QAP,3947,30,39943
QAP,3948,30,39959
QAP,3949,30,39959
QAP,3950,30,39975
QAP,3951,30,39990
QAP,3952,30,39990
QAP,3953,30,40006
QAP,3954,30,40022
QAP,3955,30,40022
QAP,3956,30,40038
QAP,3957,30,40053
QAP,3958,30,40053
QAP,3959,30,40069
QAP,3960,30,40085
QAP,3961,30,40085
QAP,3962,30,40101
QAP,3963,30,40116
QAP,3964,30,40116
QAP,3965,30,40132
QAP,3966,30,40132
QAP,3967,30,40148
QAP,3968,30,40164
QAP,3969,30,40164
QAP,3970,30,40179
QAP,3971,30,40195
QAP,3972,30,40195
QAP,3973,30,40211
QAP,3974,30,40226
QAP,3975,30,40226
QAP,3976,30,40242
QAP,3977,30,40258
QAP,3978,30,40266
QAP,3979,30,40273
QAP,3980,30,40273
QAP,3981,30,40289
QAP,3982,30,40305
QAP,3983,30,40305
QAP,3984,30,40320
QAP,3985,30,40336
QAP,3986,30,40336
QAP,3987,30,40352
QAP,3988,30,40368
QAP,3989,30,40368
QAP,3990,30,40383
QAP,3991,30,40399
QAP,3992,30,40399
QAP,3993,30,40415
QAP,3994,30,40430
QAP,3995,30,40430
QAP,3996,30,40446
QAP,3997,30,40446
QAP,3998,30,40462
QAP,3999,30,40478
QAP,4000,30,40478
QAP,4001,30,40493
QAP,4002,30,40509
QAP,4003,30,40509
QAP,4004,30,40525
QAP,4005,30,40540
QAP,4006,30,40540
QAP,4007,30,40556
QAP,4008,30,40572
QAP,4009,30,40572
QAP,4010,30,40588
QAP,4011,30,40588
QAP,4012,30,40603
QAP,4013,30,40619
QAP,4014,30,40619
QAP,4015,30,40635
QAP,4016,30,40651
QAP,4017,30,40651
QAP,4018,30,40666
QAP,4019,30,40682
QAP,4020,30,40682
QAP,4021,30,40698
QAP,4022,30,40713
QAP,4023,30,40713
QAP,4024,30,40729
QAP,4025,30,40745
QAP,4026,30,40745
QAP,4027,30,40760
QAP,4028,30,40776
QAP,4029,30,40776
QAP,4030,30,40792
QAP,4031,30,40808
QAP,4032,30,40808
QAP,4033,30,40823
QAP,4034,30,40823
QAP,4035,30,40839
QAP,4036,30,40855
QAP,4037,30,40855
QAP,4038,30,40870
QAP,4039,30,40886
QAP,4040,30,40886
QAP,4041,30,40902
QAP,4042,30,40917
QAP,4043,30,40917
QAP,4044,30,40933
QAP,4045,30,40949
QAP,4046,30,40949
QAP,4047,30,40965
QAP,4048,30,40980
QAP,4049,30,40980
QAP,4050,30,40996
QAP,4051,30,41012
QAP,4052,30,41023
QAP,4053,30,41033
QAP,4054,30,41046
QAP,4055,30,41055
QAP,4056,30,41065
QAP,4057,30,41075
QAP,4058,30,41085
QAP,4059,30,41097
QAP,4060,30,41107
QAP,4061,30,41118
QAP,4062,30,41127
QAP,4063,30,41138
QAP,4064,30,41148
QAP,4065,30,41158
QAP,4066,30,41169
QAP,4067,30,41180
QAP,4068,30,41189
QAP,4069,30,41200
QAP,4070,30,41210
QAP,4071,30,41219
QAP,4072,30,41230
QAP,4073,30,41241
QAP,4074,30,41250
QAP,4075,30,41261
QAP,4076,30,41271
QAP,4077,30,41281
QAP,4078,30,41291
QAP,4079,30,41301
QAP,4080,30,41311
QAP,4081,30,41322
QAP,4082,30,41332
QAP,4083,30,41342
QAP,4084,30,41351
QAP,4085,30,41362
QAP,4086,30,41373
QAP,4087,30,41383
QAP,4088,30,41393
QAP,4089,30,41402
QAP,4090,30,41405
QAP,4091,30,41421
QAP,4092,30,41421
QAP,4093,30,41437
QAP,4094,30,41453
QAP,4095,30,41453
QAP,4096,30,41468
QAP,4097,30,41484
QAP,4098,30,41484
QAP,4099,30,41500
QAP,4100,30,41516
QAP,4101,30,41516
QAP,4102,30,41531
QAP,4103,30,41531
QAP,4104,30,41547
QAP,4105,30,41563
QAP,4106,30,41563
QAP,4107,30,41578
QAP,4108,30,41594
QAP,4109,30,41594
QAP,4110,30,41610
QAP,4111,30,41627
QAP,4112,30,41633
QAP,4113,30,41642
QAP,4114,30,41657
QAP,4115,30,41657
QAP,4116,30,41673
QAP,4117,30,41673
QAP,4118,30,41689
QAP,4119,30,41704
QAP,4120,30,41704
QAP,4121,30,41720
QAP,4122,30,41736
QAP,4123,30,41736
QAP,4124,30,41751
QAP,4125,30,41767
QAP,4126,30,41767
QAP,4127,30,41783
QAP,4128,30,41798
QAP,4129,30,41798
QAP,4130,30,41814
QAP,4131,30,41830
QAP,4132,30,41830
QAP,4133,30,41845
QAP,4134,30,41861
QAP,4135,30,41861
QAP,4136,30,41877
QAP,4137,30,41892
QAP,4138,30,41892
QAP,4139,30,41908
QAP,4140,30,41924
QAP,4141,30,41924
QAP,4142,30,41940
QAP,4143,30,41940
QAP,4144,30,41955
QAP,4145,30,41971
QAP,4146,30,41971
QAP,4147,30,41987
QAP,4148,30,42002
QAP,4149,30,42002
QAP,4150,30,42018
QAP,4151,30,42034
QAP,4152,30,42034
QAP,4153,30,42050
QAP,4154,30,42065
QAP,4155,30,42065
QAP,4156,30,42081
QAP,4157,30,42097
QAP,4158,30,42097
QAP,4159,30,42112
QAP,4160,30,42112
QAP,4161,30,42128
QAP,4162,30,42144
QAP,4163,30,42144
QAP,4164,30,42159
QAP,4165,30,42175
QAP,4166,30,42175
QAP,4167,30,42191
QAP,4168,30,42206
QAP,4169,30,42206
QAP,4170,30,42222
QAP,4171,30,42238
QAP,4172,30,42238
QAP,4173,30,42253
QAP,4174,30,42269
QAP,4175,30,42269
QAP,4176,30,42285
QAP,4177,30,42301
QAP,4178,30,42301
QAP,4179,30,42316
QAP,4180,30,42316
QAP,4181,30,42332
QAP,4182,30,42348
QAP,4183,30,42348
QAP,4184,30,42363
QAP,4185,30,42379
QAP,4186,30,42379
QAP,4187,30,42395
QAP,4188,30,42411
QAP,4189,30,42411
QAP,4190,30,42426
QAP,4191,30,42442
QAP,4192,30,42442
QAP,4193,30,42458
QAP,4194,30,42473
QAP,4195,30,42473
QAP,4196,30,42489
QAP,4197,30,42505
QAP,4198,30,42505
QAP,4199,30,42520
QAP,4200,30,42536
QAP,4201,30,42536
QAP,4202,30,42552
QAP,4203,30,42552
QAP,4204,30,42568
QAP,4205,30,42583
QAP,4206,30,42583
QAP,4207,30,42599
QAP,4208,30,42615
QAP,4209,30,42615
QAP,4210,30,42630
QAP,4211,30,42646
QAP,4212,30,42646
QAP,4213,30,42662
QAP,4214,30,42677
QAP,4215,30,42677
QAP,4216,30,42693
QAP,4217,30,42709
QAP,4218,30,42709
QAP,4219,30,42725
QAP,4220,30,42740
QAP,4221,30,42740
QAP,4222,30,42756
QAP,4223,30,42772
QAP,4224,30,42772
QAP,4225,30,42788
QAP,4226,30,42803
QAP,4227,30,42803
QAP,4228,30,42819
QAP,4229,30,42835
QAP,4230,30,42835
QAP,4231,30,42850
QAP,4232,30,42866
QAP,4233,30,42866
QAP,4234,30,42882
QAP,4235,30,42882
QAP,4236,30,42897
QAP,4237,30,42913
QAP,4238,30,42913
QAP,4239,30,42929
QAP,4240,30,42944
QAP,4241,30,42944
QAP,4242,30,42960
QAP,4243,30,42976
QAP,4244,30,42976
QAP,4245,30,42998
QAP,4246,30,43007
QAP,4247,30,43007
QAP,4248,30,43023
QAP,4249,30,43038
QAP,4250,30,43038
QAP,4251,30,43054
QAP,4252,30,43070
QAP,4253,30,43070
QAP,4254,30,43086
QAP,4255,30,43102
QAP,4256,30,43102
QAP,4257,30,43117
QAP,4258,30,43133
QAP,4259,30,43133
QAP,4260,30,43149
QAP,4261,30,43164
QAP,4262,30,43164
QAP,4263,30,43180
QAP,4264,30,43180
QAP,4265,30,43196
QAP,4266,30,43211
QAP,4267,30,43211
QAP,4268,30,43227
QAP,4269,30,43243
QAP,4270,30,43243
QAP,4271,30,43258
QAP,4272,30,43274
QAP,4273,30,43274
QAP,4274,30,43290
QAP,4275,30,43306
QAP,4276,30,43306
QAP,4277,30,43321
QAP,4278,30,43337
QAP,4279,30,43337
QAP,4280,30,43353
QAP,4281,30,43353
QAP,4282,30,43368
QAP,4283,30,43384
QAP,4284,30,43384
QAP,4285,30,43400
QAP,4286,30,43415
QAP,4287,30,43415
QAP,4288,30,43431
QAP,4289,30,43447
QAP,4290,30,43447
QAP,4291,30,43462
QAP,4292,30,43478
QAP,4293,30,43478
QAP,4294,30,43494
QAP,4295,30,43510
QAP,4296,30,43510
QAP,4297,30,43525
QAP,4298,30,43525
QAP,4299,30,43541
QAP,4300,30,43557
QAP,4301,30,43572
QAP,4302,30,43572
QAP,4303,30,43588
QAP,4304,30,43588
QAP,4305,30,43604
QAP,4306,30,43620
QAP,4307,30,43620
QAP,4308,30,43635
QAP,4309,30,43651
QAP,4310,30,43651
QAP,4311,30,43667
QAP,4312,30,43682
QAP,4313,30,43682
QAP,4314,30,43698
QAP,4315,30,43714
QAP,4316,30,43714
QAP,4317,30,43729
QAP,4318,30,43745
QAP,4319,30,43745
QAP,4320,30,43766
QAP,4321,30,43776
QAP,4322,30,43776
QAP,4323,30,43792
QAP,4324,30,43808
QAP,4325,30,43808
QAP,4326,30,43823
QAP,4327,30,43839
QAP,4328,30,43839
QAP,4329,30,43855
QAP,4330,30,43855
QAP,4331,30,43870
QAP,4332,30,43886
QAP,4333,30,43886
QAP,4334,30,43902
QAP,4335,30,43918
QAP,4336,30,43918
QAP,4337,30,43933
QAP,4338,30,43949
QAP,4339,30,43949
QAP,4340,30,43965
QAP,4341,30,43980
QAP,4342,30,43980
QAP,4343,30,43996
QAP,4344,30,44012
QAP,4345,30,44012
QAP,4346,30,44027
QAP,4347,30,44027
QAP,4348,30,44043
QAP,4349,30,44059
QAP,4350,30,44059
QAP,4351,30,44075
QAP,4352,30,44090
QAP,4353,30,44090
QAP,4354,30,44106
QAP,4355,30,44122
QAP,4356,30,44122
QAP,4357,30,44137
QAP,4358,30,44153
QAP,4359,30,44153
QAP,4360,30,44169
QAP,4361,30,44169
QAP,4362,30,44185
QAP,4363,30,44200
QAP,4364,30,44200
QAP,4365,30,44216
QAP,4366,30,44232
QAP,4367,30,44232
QAP,4368,30,44247
QAP,4369,30,44263
QAP,4370,30,44263
QAP,4371,30,44279
QAP,4372,30,44295
QAP,4373,30,44295
QAP,4374,30,44310
QAP,4375,30,44310
QAP,4376,30,44326
QAP,4377,30,44342
QAP,4378,30,44342
QAP,4379,30,44365
QAP,4380,30,44373
QAP,4381,30,44373
QAP,4382,30,44389
QAP,4383,30,44405
QAP,4384,30,44405
QAP,4385,30,44420
QAP,4386,30,44436
QAP,4387,30,44436
QAP,4388,30,44452
QAP,4389,30,44467
QAP,4390,30,44467
QAP,4391,30,44483
QAP,4392,30,44499
QAP,4393,30,44499
QAP,4394,30,44514
QAP,4395,30,44530
QAP,4396,30,44530
QAP,4397,30,44546
QAP,4398,30,44562
QAP,4399,30,44562
QAP,4400,30,44577
QAP,4401,30,44577
QAP,4402,30,44593
QAP,4403,30,44609
QAP,4404,30,44609
QAP,4405,30,44624
QAP,4406,30,44640
QAP,4407,30,44640
QAP,4408,30,44656
QAP,4409,30,44671
QAP,4410,30,44671
QAP,4411,30,44687
QAP,4412,30,44703
QAP,4413,30,44703
QAP,4414,30,44718
QAP,4415,30,44734
QAP,4416,30,44734
QAP,4417,30,44750
QAP,4418,30,44766
QAP,4419,30,44766
QAP,4420,30,44781
QAP,4421,30,44781
QAP,4422,30,44797
QAP,4423,30,44813
QAP,4424,30,44813
QAP,4425,30,44828
QAP,4426,30,44844
QAP,4427,30,44844
QAP,4428,30,44860
QAP,4429,30,44876
QAP,4430,30,44876
QAP,4431,30,44891
QAP,4432,30,44907
QAP,4433,30,44907
QAP,4434,30,44923
QAP,4435,30,44938
QAP,4436,30,44938
QAP,4437,30,44954
QAP,4438,30,44970
QAP,4439,30,44970
QAP,4440,30,44986
QAP,4441,30,45001
QAP,4442,30,45001
QAP,4443,30,45017
QAP,4444,30,45017
QAP,4445,30,45033
QAP,4446,30,45048
QAP,4447,30,45048
QAP,4448,30,45064
QAP,4449,30,45080
QAP,4450,30,45080
QAP,4451,30,45096
QAP,4452,30,45111
QAP,4453,30,45111
QAP,4454,30,45127
QAP,4455,30,45143
QAP,4456,30,45143
QAP,4457,30,45158
QAP,4458,30,45174
QAP,4459,30,45174
QAP,4460,30,45190
QAP,4461,30,45205
QAP,4462,30,45205
QAP,4463,30,45221
QAP,4464,30,45237
QAP,4465,30,45237
QAP,4466,30,45252
QAP,4467,30,45268
QAP,4468,30,45268
QAP,4469,30,45284
QAP,4470,30,45284
QAP,4471,30,45299
QAP,4472,30,45315
QAP,4473,30,45315
QAP,4474,30,45331
QAP,4475,30,45346
QAP,4476,30,45346
QAP,4477,30,45362
QAP,4478,30,45378
QAP,4479,30,45378
QAP,4480,30,45393
QAP,4481,30,45409
QAP,4482,30,45409
QAP,4483,30,45425
QAP,4484,30,45440
QAP,4485,30,45440
QAP,4486,30,45456
QAP,4487,30,45456
QAP,4488,30,45472
QAP,4489,30,45488
QAP,4490,30,45488
QAP,4491,30,45503
QAP,4492,30,45519
QAP,4493,30,45519
QAP,4494,30,45535
QAP,4495,30,45550
QAP,4496,30,45550
QAP,4497,30,45566
QAP,4498,30,45582
QAP,4499,30,45582
QAP,4500,30,45597
QAP,4501,30,45613
QAP,4502,30,45613
QAP,4503,30,45629
QAP,4504,30,45645
QAP,4505,30,45645
QAP,4506,30,45660
QAP,4507,30,45660
QAP,4508,30,45676
QAP,4509,30,45692
QAP,4510,30,45692
QAP,4511,30,45715
QAP,4512,30,45723
QAP,4513,30,45723
QAP,4514,30,45739
QAP,4515,30,45754
QAP,4516,30,45754
QAP,4517,30,45770
QAP,4518,30,45786
QAP,4519,30,45786
QAP,4520,30,45801
QAP,4521,30,45817
QAP,4522,30,45817
QAP,4523,30,45833
QAP,4524,30,45849
QAP,4525,30,45849
QAP,4526,30,45864
QAP,4527,30,45880
QAP,4528,30,45880
QAP,4529,30,45896
QAP,4530,30,45896
QAP,4531,30,45911
QAP,4532,30,45927
QAP,4533,30,45927
QAP,4534,30,45943
QAP,4535,30,45959
QAP,4536,30,45959
QAP,4537,30,45974
QAP,4538,30,45990
QAP,4539,30,45990
QAP,4540,30,46005
QAP,4541,30,46021
QAP,4542,30,46021
QAP,4543,30,46037
QAP,4544,30,46052
QAP,4545,30,46052
QAP,4546,30,46068
QAP,4547,30,46084
QAP,4548,30,46084
QAP,4549,30,46099
QAP,4550,30,46115
QAP,4551,30,46115
QAP,4552,30,46131
QAP,4553,30,46147
QAP,4554,30,46147
QAP,4555,30,46162
QAP,4556,30,46178
QAP,4557,30,46178
QAP,4558,30,46194
QAP,4559,30,46209
QAP,4560,30,46209
QAP,4561,30,46225
QAP,4562,30,46225
QAP,4563,30,46241
QAP,4564,30,46256
QAP,4565,30,46256
QAP,4566,30,46272
QAP,4567,30,46288
QAP,4568,30,46288
QAP,4569,30,46304
QAP,4570,30,46319
QAP,4571,30,46319
QAP,4572,30,46335
QAP,4573,30,46351
QAP,4574,30,46351
QAP,4575,30,46366
QAP,4576,30,46382
QAP,4577,30,46382
QAP,4578,30,46398
QAP,4579,30,46413
QAP,4580,30,46413
QAP,4581,30,46429
QAP,4582,30,46429
QAP,4583,30,46445
QAP,4584,30,46460
QAP,4585,30,46460
QAP,4586,30,46476
QAP,4587,30,46492
QAP,4588,30,46492
QAP,4589,30,46508
QAP,4590,30,46523
QAP,4591,30,46523
QAP,4592,30,46539
QAP,4593,30,46555
QAP,4594,30,46555
QAP,4595,30,46570
QAP,4596,30,46586
QAP,4597,30,46586
QAP,4598,30,46602
QAP,4599,30,46617
QAP,4600,30,46617
QAP,4601,30,46633
QAP,4602,30,46649
QAP,4603,30,46649
QAP,4604,30,46664
QAP,4605,30,46680
QAP,4606,30,46680
QAP,4607,30,46696
QAP,4608,30,46712
QAP,4609,30,46712
QAP,4610,30,46727
QAP,4611,30,46743
QAP,4612,30,46743
QAP,4613,30,46759
QAP,4614,30,46775
QAP,4615,30,46775
QAP,4616,30,46790
QAP,4617,30,46806
QAP,4618,30,46806
QAP,4619,30,46822
QAP,4620,30,46822
QAP,4621,30,46838
QAP,4622,30,46853
QAP,4623,30,46853
QAP,4624,30,46869
QAP,4625,30,46885
QAP,4626,30,46885
QAP,4627,30,46900
QAP,4628,30,46916
QAP,4629,30,46916
QAP,4630,30,46932
QAP,4631,30,46947
QAP,4632,30,46947
QAP,4633,30,46963
QAP,4634,30,46979
QAP,4635,30,46979
QAP,4636,30,46994
QAP,4637,30,46994
QAP,4638,30,47010
QAP,4639,30,47026
QAP,4640,30,47026
QAP,4641,30,47041
QAP,4642,30,47057
QAP,4643,30,47057
QAP,4644,30,47081
QAP,4645,30,47089
QAP,4646,30,47089
QAP,4647,30,47104
QAP,4648,30,47120
QAP,4649,30,47120
QAP,4650,30,47136
QAP,4651,30,47152
QAP,4652,30,47152
QAP,4653,30,47167
QAP,4654,30,47183
QAP,4655,30,47183
QAP,4656,30,47199
QAP,4657,30,47214
QAP,4658,30,47214
QAP,4659,30,47230
QAP,4660,30,47246
QAP,4661,30,47246
QAP,4662,30,47261
QAP,4663,30,47261
QAP,4664,30,47277
QAP,4665,30,47293
QAP,4666,30,47293
QAP,4667,30,47308
QAP,4668,30,47324
QAP,4669,30,47324
QAP,4670,30,47340
QAP,4671,30,47356
QAP,4672,30,47356
QAP,4673,30,47371
QAP,4674,30,47387
QAP,4675,30,47387
QAP,4676,30,47403
QAP,4677,30,47403
QAP,4678,30,47419
QAP,4679,30,47434
QAP,4680,30,47434
QAP,4681,30,47450
QAP,4682,30,47466
QAP,4683,30,47466
QAP,4684,30,47481
QAP,4685,30,47497
QAP,4686,30,47497
QAP,4687,30,47513
QAP,4688,30,47528
QAP,4689,30,47528
QAP,4690,30,47544
QAP,4691,30,47560
QAP,4692,30,47560
QAP,4693,30,47575
QAP,4694,30,47591
QAP,4695,30,47591
QAP,4696,30,47607
QAP,4697,30,47607
QAP,4698,30,47622
QAP,4699,30,47638
QAP,4700,30,47638
QAP,4701,30,47654
QAP,4702,30,47670
QAP,4703,30,47670
QAP,4704,30,47685
QAP,4705,30,47701
QAP,4706,30,47701
QAP,4707,30,47717
QAP,4708,30,47732
QAP,4709,30,47732
QAP,4710,30,47748
QAP,4711,30,47764
QAP,4712,30,47764
QAP,4713,30,47779
QAP,4714,30,47795
QAP,4715,30,47795
QAP,4716,30,47811
QAP,4717,30,47826
QAP,4718,30,47826
QAP,4719,30,47842
QAP,4720,30,47858
QAP,4721,30,47858
QAP,4722,30,47873
QAP,4723,30,47873
QAP,4724,30,47889
QAP,4725,30,47905
QAP,4726,30,47905
QAP,4727,30,47921
QAP,4728,30,47936
QAP,4729,30,47936
QAP,4730,30,47952
QAP,4731,30,47968
QAP,4732,30,47968
QAP,4733,30,47984
QAP,4734,30,47999
QAP,4735,30,47999
QAP,4736,30,48015
QAP,4737,30,48031
QAP,4738,30,48031
QAP,4739,30,48046
QAP,4740,30,48046
QAP,4741,30,48062
QAP,4742,30,48078
QAP,4743,30,48078
QAP,4744,30,48093
QAP,4745,30,48109
QAP,4746,30,48109
QAP,4747,30,48125
QAP,4748,30,48141
QAP,4749,30,48141
QAP,4750,30,48156
QAP,4751,30,48172
QAP,4752,30,48172
QAP,4753,30,48188
QAP,4754,30,48203
QAP,4755,30,48203
QAP,4756,30,48219
QAP,4757,30,48219
QAP,4758,30,48235
QAP,4759,30,48251
QAP,4760,30,48251
QAP,4761,30,48266
QAP,4762,30,48282
QAP,4763,30,48282
QAP,4764,30,48298
QAP,4765,30,48313
QAP,4766,30,48313
QAP,4767,30,48329
QAP,4768,30,48345
QAP,4769,30,48345
QAP,4770,30,48360
QAP,4771,30,48376
QAP,4772,30,48376
QAP,4773,30,48392
QAP,4774,30,48392
QAP,4775,30,48408
QAP,4776,30,48423
QAP,4777,30,48439
QAP,4778,30,48448
QAP,4779,30,48455
QAP,4780,30,48455
QAP,4781,30,48470
QAP,4782,30,48486
QAP,4783,30,48486
QAP,4784,30,48502
QAP,4785,30,48517
QAP,4786,30,48517
QAP,4787,30,48533
QAP,4788,30,48549
QAP,4789,30,48549
QAP,4790,30,48564
QAP,4791,30,48580
QAP,4792,30,48580
QAP,4793,30,48596
QAP,4794,30,48611
QAP,4795,30,48611
QAP,4796,30,48627
QAP,4797,30,48643
QAP,4798,30,48643
QAP,4799,30,48659
QAP,4800,30,48674
QAP,4801,30,48674
QAP,4802,30,48690
QAP,4803,30,48690
QAP,4804,30,48706
QAP,4805,30,48721
QAP,4806,30,48721
QAP,4807,30,48737
QAP,4808,30,48753
QAP,4809,30,48753
QAP,4810,30,48776
QAP,4811,30,48784
QAP,4812,30,48784
QAP,4813,30,48800
QAP,4814,30,48816
QAP,4815,30,48816
QAP,4816,30,48832
QAP,4817,30,48847
QAP,4818,30,48847
QAP,4819,30,48863
QAP,4820,30,48879
QAP,4821,30,48879
QAP,4822,30,48894
QAP,4823,30,48910
QAP,4824,30,48910
QAP,4825,30,48926
QAP,4826,30,48926
QAP,4827,30,48942
QAP,4828,30,48957
QAP,4829,30,48957
QAP,4830,30,48973
QAP,4831,30,48989
QAP,4832,30,48989
QAP,4833,30,49004
QAP,4834,30,49020
QAP,4835,30,49020
QAP,4836,30,49036
QAP,4837,30,49051
QAP,4838,30,49051
QAP,4839,30,49067
QAP,4840,30,49083
QAP,4841,30,49083
QAP,4842,30,49098
QAP,4843,30,49098
QAP,4844,30,49114
QAP,4845,30,49130
QAP,4846,30,49145
QAP,4847,30,49145
QAP,4848,30,49161
QAP,4849,30,49177
QAP,4850,30,49177
QAP,4851,30,49192
QAP,4852,30,49208
QAP,4853,30,49208
QAP,4854,30,49224
QAP,4855,30,49239
QAP,4856,30,49239
QAP,4857,30,49255
QAP,4858,30,49255
QAP,4859,30,49271
QAP,4860,30,49286
QAP,4861,30,49286
QAP,4862,30,49302
QAP,4863,30,49318
QAP,4864,30,49318
QAP,4865,30,49334
QAP,4866,30,49349
QAP,4867,30,49349
QAP,4868,30,49365
QAP,4869,30,49381
QAP,4870,30,49381
QAP,4871,30,49397
QAP,4872,30,49412
QAP,4873,30,49412
QAP,4874,30,49428
QAP,4875,30,49428
QAP,4876,30,49444
QAP,4877,30,49459
QAP,4878,30,49459
QAP,4879,30,49475
QAP,4880,30,49491
QAP,4881,30,49491
QAP,4882,30,49507
QAP,4883,30,49522
QAP,4884,30,49522
QAP,4885,30,49538
QAP,4886,30,49554
QAP,4887,30,49554
QAP,4888,30,49569
QAP,4889,30,49585
QAP,4890,30,49585
QAP,4891,30,49601
QAP,4892,30,49601
QAP,4893,30,49616
QAP,4894,30,49632
QAP,4895,30,49632
QAP,4896,30,49648
QAP,4897,30,49664
QAP,4898,30,49664
QAP,4899,30,49679
QAP,4900,30,49695
QAP,4901,30,49695
QAP,4902,30,49711
QAP,4903,30,49726
QAP,4904,30,49726
QAP,4905,30,49742
QAP,4906,30,49758
QAP,4907,30,49758
QAP,4908,30,49774
QAP,4909,30,49790
QAP,4910,30,49790
QAP,4911,30,49810
QAP,4912,30,49821
QAP,4913,30,49821
QAP,4914,30,49837
QAP,4915,30,49837
QAP,4916,30,49853
QAP,4917,30,49868
QAP,4918,30,49868
QAP,4919,30,49884
QAP,4920,30,49900
QAP,4921,30,49900
QAP,4922,30,49915
QAP,4923,30,49931
QAP,4924,30,49931
QAP,4925,30,49947
QAP,4926,30,49963
QAP,4927,30,49963
QAP,4928,30,49978
QAP,4929,30,49994
QAP,4930,30,49994
QAP,4931,30,50010
QAP,4932,30,50010
QAP,4933,30,50026
QAP,4934,30,50041
QAP,4935,30,50041
QAP,4936,30,50057
QAP,4937,30,50073
QAP,4938,30,50073
QAP,4939,30,50088
QAP,4940,30,50104
QAP,4941,30,50104
QAP,4942,30,50120
QAP,4943,30,50135
QAP,4944,30,50135
QAP,4945,30,50151
QAP,4946,30,50167
QAP,4947,30,50167
QAP,4948,30,50182
QAP,4949,30,50198
QAP,4950,30,50198
QAP,4951,30,50214
QAP,4952,30,50229
QAP,4953,30,50229
QAP,4954,30,50245
QAP,4955,30,50245
QAP,4956,30,50261
QAP,4957,30,50276
QAP,4958,30,50276
QAP,4959,30,50292
QAP,4960,30,50308
QAP,4961,30,50308
QAP,4962,30,50324
QAP,4963,30,50340
QAP,4964,30,50340
QAP,4965,30,50355
QAP,4966,30,50371
QAP,4967,30,50371
QAP,4968,30,50387
QAP,4969,30,50387
QAP,4970,30,50403
QAP,4971,30,50418
QAP,4972,30,50418
QAP,4973,30,50434
QAP,4974,30,50450
QAP,4975,30,50450
QAP,4976,30,50465
QAP,4977,30,50481
QAP,4978,30,50481
QAP,4979,30,50497
QAP,4980,30,50512
QAP,4981,30,50512
QAP,4982,30,50528
QAP,4983,30,50544
QAP,4984,30,50544
QAP,4985,30,50559
QAP,4986,30,50575
QAP,4987,30,50575
QAP,4988,30,50591
QAP,4989,30,50607
QAP,4990,30,50607
QAP,4991,30,50622
QAP,4992,30,50622
QAP,4993,30,50638
QAP,4994,30,50654
QAP,4995,30,50654
QAP,4996,30,50669
QAP,4997,30,50685
QAP,4998,30,50685
QAP,4999,30,50701
