instance_id,run_index,LP_opt,best_feasible_CB,our_LP,our_best_solution,percent_diff_solution,percent_diff_LP
5.100-00,0,24585.9,24381,76842,24003,2.37088,-212.545
5.100-00,1,24585.9,24381,76842,24003,2.37088,-212.545
5.100-00,2,24585.9,24381,76842,24003,2.37088,-212.545
5.100-00,3,24585.9,24381,76842,24003,2.37088,-212.545
5.100-00,4,24585.9,24381,76842,24003,2.37088,-212.545
5.100-00,5,24585.9,24381,76842,24003,2.37088,-212.545
5.100-00,6,24585.9,24381,76842,24003,2.37088,-212.545
5.100-00,7,24585.9,24381,76842,24003,2.37088,-212.545
5.100-00,8,24585.9,24381,76842,24003,2.37088,-212.545
5.100-00,9,24585.9,24381,76842,24003,2.37088,-212.545
5.100-01,0,24538.2,24274,75967,23970,2.31561,-209.587
5.100-01,1,24538.2,24274,75967,23970,2.31561,-209.587
5.100-01,2,24538.2,24274,75967,23970,2.31561,-209.587
5.100-01,3,24538.2,24274,75967,23970,2.31561,-209.587
5.100-01,4,24538.2,24274,75967,23970,2.31561,-209.587
5.100-01,5,24538.2,24274,75967,23970,2.31561,-209.587
5.100-01,6,24538.2,24274,75967,23970,2.31561,-209.587
5.100-01,7,24538.2,24274,75967,23970,2.31561,-209.587
5.100-01,8,24538.2,24274,75967,23970,2.31561,-209.587
5.100-01,9,24538.2,24274,75967,23970,2.31561,-209.587
5.100-02,0,23895.8,23551,72307,23069,3.46014,-202.593
5.100-02,1,23895.8,23551,72307,23127,3.21742,-202.593
5.100-02,2,23895.8,23551,72307,23069,3.46014,-202.593
5.100-02,3,23895.8,23551,72307,23127,3.21742,-202.593
5.100-02,4,23895.8,23551,72307,23127,3.21742,-202.593
5.100-02,5,23895.8,23551,72307,23110,3.28856,-202.593
5.100-02,6,23895.8,23551,72307,23127,3.21742,-202.593
5.100-02,7,23895.8,23551,72307,23069,3.46014,-202.593
5.100-02,8,23895.8,23551,72307,23127,3.21742,-202.593
5.100-02,9,23895.8,23551,72307,23110,3.28856,-202.593
5.100-03,0,23724.1,23534,76172,22738,4.15669,-221.074
5.100-03,1,23724.1,23534,76172,22648,4.53605,-221.074
5.100-03,2,23724.1,23534,76172,22670,4.44332,-221.074
5.100-03,3,23724.1,23534,76172,22640,4.56977,-221.074
5.100-03,4,23724.1,23534,76172,22672,4.43489,-221.074
5.100-03,5,23724.1,23534,76172,22672,4.43489,-221.074
5.100-03,6,23724.1,23534,76172,22554,4.93227,-221.074
5.100-03,7,23724.1,23534,76172,22672,4.43489,-221.074
5.100-03,8,23724.1,23534,76172,22684,4.3843,-221.074
5.100-03,9,23724.1,23534,76172,22672,4.43489,-221.074
5.100-04,0,24223,23991,75192,23569,2.70004,-210.415
5.100-04,1,24223,23991,75192,23569,2.70004,-210.415
5.100-04,2,24223,23991,75192,23569,2.70004,-210.415
5.100-04,3,24223,23991,75192,23660,2.32436,-210.415
5.100-04,4,24223,23991,75192,23660,2.32436,-210.415
5.100-04,5,24223,23991,75192,23569,2.70004,-210.415
5.100-04,6,24223,23991,75192,23569,2.70004,-210.415
5.100-04,7,24223,23991,75192,23660,2.32436,-210.415
5.100-04,8,24223,23991,75192,23569,2.70004,-210.415
5.100-04,9,24223,23991,75192,23660,2.32436,-210.415
5.100-05,0,24884.2,24613,77260,24339,2.19109,-210.478
5.100-05,1,24884.2,24613,77260,24339,2.19109,-210.478
5.100-05,2,24884.2,24613,77260,24339,2.19109,-210.478
5.100-05,3,24884.2,24613,77260,24339,2.19109,-210.478
5.100-05,4,24884.2,24613,77260,24339,2.19109,-210.478
5.100-05,5,24884.2,24613,77260,24339,2.19109,-210.478
5.100-05,6,24884.2,24613,77260,24339,2.19109,-210.478
5.100-05,7,24884.2,24613,77260,24339,2.19109,-210.478
5.100-05,8,24884.2,24613,77260,24339,2.19109,-210.478
5.100-05,9,24884.2,24613,77260,24339,2.19109,-210.478
5.100-06,0,25793.4,25591,78738,24854,3.64202,-205.264
5.100-06,1,25793.4,25591,78738,25026,2.97519,-205.264
5.100-06,2,25793.4,25591,78738,25026,2.97519,-205.264
5.100-06,3,25793.4,25591,78738,24854,3.64202,-205.264
5.100-06,4,25793.4,25591,78738,25026,2.97519,-205.264
5.100-06,5,25793.4,25591,78738,24854,3.64202,-205.264
5.100-06,6,25793.4,25591,78738,25021,2.99457,-205.264
5.100-06,7,25793.4,25591,78738,24854,3.64202,-205.264
5.100-06,8,25793.4,25591,78738,24854,3.64202,-205.264
5.100-06,9,25793.4,25591,78738,25026,2.97519,-205.264
5.100-07,0,23657.9,23410,74871,23062,2.51875,-216.474
5.100-07,1,23657.9,23410,74871,22886,3.26269,-216.474
5.100-07,2,23657.9,23410,74871,23062,2.51875,-216.474
5.100-07,3,23657.9,23410,74871,22886,3.26269,-216.474
5.100-07,4,23657.9,23410,74871,22886,3.26269,-216.474
5.100-07,5,23657.9,23410,74871,22886,3.26269,-216.474
5.100-07,6,23657.9,23410,74871,22886,3.26269,-216.474
5.100-07,7,23657.9,23410,74871,22886,3.26269,-216.474
5.100-07,8,23657.9,23410,74871,22886,3.26269,-216.474
5.100-07,9,23657.9,23410,74871,23062,2.51875,-216.474
5.100-08,0,24445.6,24216,75960,23800,2.64103,-210.731
5.100-08,1,24445.6,24216,75960,23800,2.64103,-210.731
5.100-08,2,24445.6,24216,75960,23800,2.64103,-210.731
5.100-08,3,24445.6,24216,75960,23800,2.64103,-210.731
5.100-08,4,24445.6,24216,75960,23800,2.64103,-210.731
5.100-08,5,24445.6,24216,75960,23800,2.64103,-210.731
5.100-08,6,24445.6,24216,75960,23800,2.64103,-210.731
5.100-08,7,24445.6,24216,75960,23800,2.64103,-210.731
5.100-08,8,24445.6,24216,75960,23800,2.64103,-210.731
5.100-08,9,24445.6,24216,75960,23800,2.64103,-210.731
5.100-09,0,24635.7,24411,76913,23956,2.75897,-212.202
5.100-09,1,24635.7,24411,76913,23956,2.75897,-212.202
5.100-09,2,24635.7,24411,76913,23956,2.75897,-212.202
5.100-09,3,24635.7,24411,76913,23956,2.75897,-212.202
5.100-09,4,24635.7,24411,76913,23956,2.75897,-212.202
5.100-09,5,24635.7,24411,76913,23956,2.75897,-212.202
5.100-09,6,24635.7,24411,76913,23853,3.17706,-212.202
5.100-09,7,24635.7,24411,76913,23929,2.86857,-212.202
5.100-09,8,24635.7,24411,76913,23929,2.86857,-212.202
5.100-09,9,24635.7,24411,76913,23929,2.86857,-212.202
5.100-10,0,42939.5,42757,73930,42363,1.34264,-72.1724
5.100-10,1,42939.5,42757,73930,42360,1.34962,-72.1724
5.100-10,2,42939.5,42757,73930,42288,1.5173,-72.1724
5.100-10,3,42939.5,42757,73930,42360,1.34962,-72.1724
5.100-10,4,42939.5,42757,73930,42288,1.5173,-72.1724
5.100-10,5,42939.5,42757,73930,42288,1.5173,-72.1724
5.100-10,6,42939.5,42757,73930,42360,1.34962,-72.1724
5.100-10,7,42939.5,42757,73930,42360,1.34962,-72.1724
5.100-10,8,42939.5,42757,73930,42288,1.5173,-72.1724
5.100-10,9,42939.5,42757,73930,42288,1.5173,-72.1724
5.100-11,0,42706.7,42545,72821,42341,0.856311,-70.5142
5.100-11,1,42706.7,42545,72821,42341,0.856311,-70.5142
5.100-11,2,42706.7,42545,72821,42341,0.856311,-70.5142
5.100-11,3,42706.7,42545,72821,42341,0.856311,-70.5142
5.100-11,4,42706.7,42545,72821,42341,0.856311,-70.5142
5.100-11,5,42706.7,42545,72821,42341,0.856311,-70.5142
5.100-11,6,42706.7,42545,72821,42341,0.856311,-70.5142
5.100-11,7,42706.7,42545,72821,42341,0.856311,-70.5142
5.100-11,8,42706.7,42545,72821,42341,0.856311,-70.5142
5.100-11,9,42706.7,42545,72821,42341,0.856311,-70.5142
5.100-12,0,42165.2,41968,72642,41604,1.33093,-72.2796
5.100-12,1,42165.2,41968,72642,41660,1.19811,-72.2796
5.100-12,2,42165.2,41968,72642,41604,1.33093,-72.2796
5.100-12,3,42165.2,41968,72642,41604,1.33093,-72.2796
5.100-12,4,42165.2,41968,72642,41660,1.19811,-72.2796
5.100-12,5,42165.2,41968,72642,41604,1.33093,-72.2796
5.100-12,6,42165.2,41968,72642,41660,1.19811,-72.2796
5.100-12,7,42165.2,41968,72642,41660,1.19811,-72.2796
5.100-12,8,42165.2,41968,72642,41604,1.33093,-72.2796
5.100-12,9,42165.2,41968,72642,41604,1.33093,-72.2796
5.100-13,0,45347.1,45090,76650,44711,1.40268,-69.0296
5.100-13,1,45347.1,45090,76650,44575,1.70259,-69.0296
5.100-13,2,45347.1,45090,76650,44698,1.43135,-69.0296
5.100-13,3,45347.1,45090,76650,44711,1.40268,-69.0296
5.100-13,4,45347.1,45090,76650,44711,1.40268,-69.0296
5.100-13,5,45347.1,45090,76650,44651,1.53499,-69.0296
5.100-13,6,45347.1,45090,76650,44711,1.40268,-69.0296
5.100-13,7,45347.1,45090,76650,44651,1.53499,-69.0296
5.100-13,8,45347.1,45090,76650,44510,1.84593,-69.0296
5.100-13,9,45347.1,45090,76650,44711,1.40268,-69.0296
5.100-14,0,42434.1,42218,71961,42123,0.73319,-69.5829
5.100-14,1,42434.1,42218,71961,42123,0.73319,-69.5829
5.100-14,2,42434.1,42218,71961,42123,0.73319,-69.5829
5.100-14,3,42434.1,42218,71961,42123,0.73319,-69.5829
5.100-14,4,42434.1,42218,71961,42123,0.73319,-69.5829
5.100-14,5,42434.1,42218,71961,42123,0.73319,-69.5829
5.100-14,6,42434.1,42218,71961,42123,0.73319,-69.5829
5.100-14,7,42434.1,42218,71961,42123,0.73319,-69.5829
5.100-14,8,42434.1,42218,71961,42123,0.73319,-69.5829
5.100-14,9,42434.1,42218,71961,42123,0.73319,-69.5829
5.100-15,0,43082.2,42927,72477,42673,0.949884,-68.2294
5.100-15,1,43082.2,42927,72477,42673,0.949884,-68.2294
5.100-15,2,43082.2,42927,72477,42520,1.30502,-68.2294
5.100-15,3,43082.2,42927,72477,42673,0.949884,-68.2294
5.100-15,4,43082.2,42927,72477,42308,1.7971,-68.2294
5.100-15,5,43082.2,42927,72477,42673,0.949884,-68.2294
5.100-15,6,43082.2,42927,72477,42673,0.949884,-68.2294
5.100-15,7,43082.2,42927,72477,42673,0.949884,-68.2294
5.100-15,8,43082.2,42927,72477,42673,0.949884,-68.2294
5.100-15,9,43082.2,42927,72477,42520,1.30502,-68.2294
5.100-16,0,42190.6,42009,71330,41980,0.499158,-69.0661
5.100-16,1,42190.6,42009,71330,41980,0.499158,-69.0661
5.100-16,2,42190.6,42009,71330,41980,0.499158,-69.0661
5.100-16,3,42190.6,42009,71330,41980,0.499158,-69.0661
5.100-16,4,42190.6,42009,71330,41980,0.499158,-69.0661
5.100-16,5,42190.6,42009,71330,41980,0.499158,-69.0661
5.100-16,6,42190.6,42009,71330,41980,0.499158,-69.0661
5.100-16,7,42190.6,42009,71330,41980,0.499158,-69.0661
5.100-16,8,42190.6,42009,71330,41980,0.499158,-69.0661
5.100-16,9,42190.6,42009,71330,41980,0.499158,-69.0661
5.100-17,0,45265.5,45020,77155,44488,1.71759,-70.45
5.100-17,1,45265.5,45020,77155,44479,1.73747,-70.45
5.100-17,2,45265.5,45020,77155,44479,1.73747,-70.45
5.100-17,3,45265.5,45020,77155,44479,1.73747,-70.45
5.100-17,4,45265.5,45020,77155,44479,1.73747,-70.45
5.100-17,5,45265.5,45020,77155,44479,1.73747,-70.45
5.100-17,6,45265.5,45020,77155,44479,1.73747,-70.45
5.100-17,7,45265.5,45020,77155,44479,1.73747,-70.45
5.100-17,8,45265.5,45020,77155,44479,1.73747,-70.45
5.100-17,9,45265.5,45020,77155,44479,1.73747,-70.45
5.100-18,0,43567.5,43441,75290,42935,1.45175,-72.8123
5.100-18,1,43567.5,43441,75290,42935,1.45175,-72.8123
5.100-18,2,43567.5,43441,75290,42935,1.45175,-72.8123
5.100-18,3,43567.5,43441,75290,42935,1.45175,-72.8123
5.100-18,4,43567.5,43441,75290,42935,1.45175,-72.8123
5.100-18,5,43567.5,43441,75290,42935,1.45175,-72.8123
5.100-18,6,43567.5,43441,75290,42849,1.64915,-72.8123
5.100-18,7,43567.5,43441,75290,42935,1.45175,-72.8123
5.100-18,8,43567.5,43441,75290,42935,1.45175,-72.8123
5.100-18,9,43567.5,43441,75290,42935,1.45175,-72.8123
5.100-19,0,44796.6,44554,75619,44072,1.61759,-68.8051
5.100-19,1,44796.6,44554,75619,44072,1.61759,-68.8051
5.100-19,2,44796.6,44554,75619,44288,1.13541,-68.8051
5.100-19,3,44796.6,44554,75619,44234,1.25596,-68.8051
5.100-19,4,44796.6,44554,75619,44234,1.25596,-68.8051
5.100-19,5,44796.6,44554,75619,44234,1.25596,-68.8051
5.100-19,6,44796.6,44554,75619,44072,1.61759,-68.8051
5.100-19,7,44796.6,44554,75619,44234,1.25596,-68.8051
5.100-19,8,44796.6,44554,75619,44072,1.61759,-68.8051
5.100-19,9,44796.6,44554,75619,44234,1.25596,-68.8051
5.100-20,0,60016.6,59822,73560,59517,0.832362,-22.5662
5.100-20,1,60016.6,59822,73560,59517,0.832362,-22.5662
5.100-20,2,60016.6,59822,73560,59517,0.832362,-22.5662
5.100-20,3,60016.6,59822,73560,59517,0.832362,-22.5662
5.100-20,4,60016.6,59822,73560,59517,0.832362,-22.5662
5.100-20,5,60016.6,59822,73560,59517,0.832362,-22.5662
5.100-20,6,60016.6,59822,73560,59517,0.832362,-22.5662
5.100-20,7,60016.6,59822,73560,59517,0.832362,-22.5662
5.100-20,8,60016.6,59822,73560,59522,0.824031,-22.5662
5.100-20,9,60016.6,59822,73560,59517,0.832362,-22.5662
5.100-21,0,62228.2,62081,77098,61609,0.995081,-23.8956
5.100-21,1,62228.2,62081,77098,61609,0.995081,-23.8956
5.100-21,2,62228.2,62081,77098,61609,0.995081,-23.8956
5.100-21,3,62228.2,62081,77098,61609,0.995081,-23.8956
5.100-21,4,62228.2,62081,77098,61609,0.995081,-23.8956
5.100-21,5,62228.2,62081,77098,61692,0.861701,-23.8956
5.100-21,6,62228.2,62081,77098,61609,0.995081,-23.8956
5.100-21,7,62228.2,62081,77098,61609,0.995081,-23.8956
5.100-21,8,62228.2,62081,77098,61692,0.861701,-23.8956
5.100-21,9,62228.2,62081,77098,61609,0.995081,-23.8956
5.100-22,0,59963.3,59802,73737,59456,0.84601,-22.9702
5.100-22,1,59963.3,59802,73737,59456,0.84601,-22.9702
5.100-22,2,59963.3,59802,73737,59456,0.84601,-22.9702
5.100-22,3,59963.3,59802,73737,59456,0.84601,-22.9702
5.100-22,4,59963.3,59802,73737,59456,0.84601,-22.9702
5.100-22,5,59963.3,59802,73737,59456,0.84601,-22.9702
5.100-22,6,59963.3,59802,73737,59456,0.84601,-22.9702
5.100-22,7,59963.3,59802,73737,59456,0.84601,-22.9702
5.100-22,8,59963.3,59802,73737,59456,0.84601,-22.9702
5.100-22,9,59963.3,59802,73737,59456,0.84601,-22.9702
5.100-23,0,60644.2,60479,74888,60235,0.674772,-23.4875
5.100-23,1,60644.2,60479,74888,60235,0.674772,-23.4875
5.100-23,2,60644.2,60479,74888,60235,0.674772,-23.4875
5.100-23,3,60644.2,60479,74888,60235,0.674772,-23.4875
5.100-23,4,60644.2,60479,74888,60235,0.674772,-23.4875
5.100-23,5,60644.2,60479,74888,60151,0.813285,-23.4875
5.100-23,6,60644.2,60479,74888,60235,0.674772,-23.4875
5.100-23,7,60644.2,60479,74888,60235,0.674772,-23.4875
5.100-23,8,60644.2,60479,74888,60235,0.674772,-23.4875
5.100-23,9,60644.2,60479,74888,60235,0.674772,-23.4875
5.100-24,0,61339,61091,75176,60746,0.966693,-22.5583
5.100-24,1,61339,61091,75176,60746,0.966693,-22.5583
5.100-24,2,61339,61091,75176,60829,0.831379,-22.5583
5.100-24,3,61339,61091,75176,60746,0.966693,-22.5583
5.100-24,4,61339,61091,75176,60746,0.966693,-22.5583
5.100-24,5,61339,61091,75176,60746,0.966693,-22.5583
5.100-24,6,61339,61091,75176,60764,0.937347,-22.5583
5.100-24,7,61339,61091,75176,60746,0.966693,-22.5583
5.100-24,8,61339,61091,75176,60746,0.966693,-22.5583
5.100-24,9,61339,61091,75176,60746,0.966693,-22.5583
5.100-25,0,59161.9,58959,72600,58920,0.408824,-22.7142
5.100-25,1,59161.9,58959,72600,58920,0.408824,-22.7142
5.100-25,2,59161.9,58959,72600,58920,0.408824,-22.7142
5.100-25,3,59161.9,58959,72600,58920,0.408824,-22.7142
5.100-25,4,59161.9,58959,72600,58920,0.408824,-22.7142
5.100-25,5,59161.9,58959,72600,58920,0.408824,-22.7142
5.100-25,6,59161.9,58959,72600,58920,0.408824,-22.7142
5.100-25,7,59161.9,58959,72600,58920,0.408824,-22.7142
5.100-25,8,59161.9,58959,72600,58920,0.408824,-22.7142
5.100-25,9,59161.9,58959,72600,58920,0.408824,-22.7142
5.100-26,0,61696.1,61538,76420,61383,0.507457,-23.8652
5.100-26,1,61696.1,61538,76420,61383,0.507457,-23.8652
5.100-26,2,61696.1,61538,76420,61383,0.507457,-23.8652
5.100-26,3,61696.1,61538,76420,61383,0.507457,-23.8652
5.100-26,4,61696.1,61538,76420,61383,0.507457,-23.8652
5.100-26,5,61696.1,61538,76420,61383,0.507457,-23.8652
5.100-26,6,61696.1,61538,76420,61383,0.507457,-23.8652
5.100-26,7,61696.1,61538,76420,61383,0.507457,-23.8652
5.100-26,8,61696.1,61538,76420,61383,0.507457,-23.8652
5.100-26,9,61696.1,61538,76420,61383,0.507457,-23.8652
5.100-27,0,61727.5,61520,75915,61184,0.880411,-22.9842
5.100-27,1,61727.5,61520,75915,61213,0.83343,-22.9842
5.100-27,2,61727.5,61520,75915,61184,0.880411,-22.9842
5.100-27,3,61727.5,61520,75915,61213,0.83343,-22.9842
5.100-27,4,61727.5,61520,75915,61184,0.880411,-22.9842
5.100-27,5,61727.5,61520,75915,61184,0.880411,-22.9842
5.100-27,6,61727.5,61520,75915,61184,0.880411,-22.9842
5.100-27,7,61727.5,61520,75915,61184,0.880411,-22.9842
5.100-27,8,61727.5,61520,75915,61184,0.880411,-22.9842
5.100-27,9,61727.5,61520,75915,61184,0.880411,-22.9842
5.100-28,0,59618,59453,73426,59172,0.748107,-23.1608
5.100-28,1,59618,59453,73426,59172,0.748107,-23.1608
5.100-28,2,59618,59453,73426,59172,0.748107,-23.1608
5.100-28,3,59618,59453,73426,59172,0.748107,-23.1608
5.100-28,4,59618,59453,73426,59172,0.748107,-23.1608
5.100-28,5,59618,59453,73426,59172,0.748107,-23.1608
5.100-28,6,59618,59453,73426,59172,0.748107,-23.1608
5.100-28,7,59618,59453,73426,59172,0.748107,-23.1608
5.100-28,8,59618,59453,73426,59172,0.748107,-23.1608
5.100-28,9,59618,59453,73426,59172,0.748107,-23.1608
5.100-29,0,60242.9,59965,74122,59650,0.984203,-23.0385
5.100-29,1,60242.9,59965,74122,59650,0.984203,-23.0385
5.100-29,2,60242.9,59965,74122,59650,0.984203,-23.0385
5.100-29,3,60242.9,59965,74122,59650,0.984203,-23.0385
5.100-29,4,60242.9,59965,74122,59650,0.984203,-23.0385
5.100-29,5,60242.9,59965,74122,59650,0.984203,-23.0385
5.100-29,6,60242.9,59965,74122,59650,0.984203,-23.0385
5.100-29,7,60242.9,59965,74122,59650,0.984203,-23.0385
5.100-29,8,60242.9,59965,74122,59650,0.984203,-23.0385
5.100-29,9,60242.9,59965,74122,59650,0.984203,-23.0385
5.250-00,0,59442.5,59312,180904,58782,1.11111,-204.335
5.250-00,1,59442.5,59312,180904,58782,1.11111,-204.335
5.250-00,2,59442.5,59312,180904,58782,1.11111,-204.335
5.250-00,3,59442.5,59312,180904,58782,1.11111,-204.335
5.250-00,4,59442.5,59312,180904,58782,1.11111,-204.335
5.250-00,5,59442.5,59312,180904,58780,1.11447,-204.335
5.250-00,6,59442.5,59312,180904,58782,1.11111,-204.335
5.250-00,7,59442.5,59312,180904,58782,1.11111,-204.335
5.250-00,8,59442.5,59312,180904,58782,1.11111,-204.335
5.250-00,9,59442.5,59312,180904,58782,1.11111,-204.335
5.250-01,0,61629.3,61472,188789,61096,0.865393,-206.33
5.250-01,1,61629.3,61472,188789,61096,0.865393,-206.33
5.250-01,2,61629.3,61472,188789,61096,0.865393,-206.33
5.250-01,3,61629.3,61472,188789,61096,0.865393,-206.33
5.250-01,4,61629.3,61472,188789,61096,0.865393,-206.33
5.250-01,5,61629.3,61472,188789,61096,0.865393,-206.33
5.250-01,6,61629.3,61472,188789,61096,0.865393,-206.33
5.250-01,7,61629.3,61472,188789,61096,0.865393,-206.33
5.250-01,8,61629.3,61472,188789,61096,0.865393,-206.33
5.250-01,9,61629.3,61472,188789,61096,0.865393,-206.33
5.250-02,0,62259.5,62130,190565,61153,1.77731,-206.082
5.250-02,1,62259.5,62130,190565,61153,1.77731,-206.082
5.250-02,2,62259.5,62130,190565,61153,1.77731,-206.082
5.250-02,3,62259.5,62130,190565,61153,1.77731,-206.082
5.250-02,4,62259.5,62130,190565,61153,1.77731,-206.082
5.250-02,5,62259.5,62130,190565,61179,1.73555,-206.082
5.250-02,6,62259.5,62130,190565,61153,1.77731,-206.082
5.250-02,7,62259.5,62130,190565,61153,1.77731,-206.082
5.250-02,8,62259.5,62130,190565,61153,1.77731,-206.082
5.250-02,9,62259.5,62130,190565,61153,1.77731,-206.082
5.250-03,0,59578.2,59446,188241,59017,0.942001,-215.956
5.250-03,1,59578.2,59446,188241,59017,0.942001,-215.956
5.250-03,2,59578.2,59446,188241,59017,0.942001,-215.956
5.250-03,3,59578.2,59446,188241,59017,0.942001,-215.956
5.250-03,4,59578.2,59446,188241,59017,0.942001,-215.956
5.250-03,5,59578.2,59446,188241,59017,0.942001,-215.956
5.250-03,6,59578.2,59446,188241,59017,0.942001,-215.956
5.250-03,7,59578.2,59446,188241,59017,0.942001,-215.956
5.250-03,8,59578.2,59446,188241,59017,0.942001,-215.956
5.250-03,9,59578.2,59446,188241,59017,0.942001,-215.956
5.250-04,0,59078.4,58951,183888,58510,0.962055,-211.261
5.250-04,1,59078.4,58951,183888,58510,0.962055,-211.261
5.250-04,2,59078.4,58951,183888,58510,0.962055,-211.261
5.250-04,3,59078.4,58951,183888,58510,0.962055,-211.261
5.250-04,4,59078.4,58951,183888,58510,0.962055,-211.261
5.250-04,5,59078.4,58951,183888,58510,0.962055,-211.261
5.250-04,6,59078.4,58951,183888,58510,0.962055,-211.261
5.250-04,7,59078.4,58951,183888,58510,0.962055,-211.261
5.250-04,8,59078.4,58951,183888,58510,0.962055,-211.261
5.250-04,9,59078.4,58951,183888,58510,0.962055,-211.261
5.250-05,0,60238.9,60056,186628,59686,0.917901,-209.813
5.250-05,1,60238.9,60056,186628,59686,0.917901,-209.813
5.250-05,2,60238.9,60056,186628,59524,1.18683,-209.813
5.250-05,3,60238.9,60056,186628,59686,0.917901,-209.813
5.250-05,4,60238.9,60056,186628,59524,1.18683,-209.813
5.250-05,5,60238.9,60056,186628,59686,0.917901,-209.813
5.250-05,6,60238.9,60056,186628,59524,1.18683,-209.813
5.250-05,7,60238.9,60056,186628,59686,0.917901,-209.813
5.250-05,8,60238.9,60056,186628,59686,0.917901,-209.813
5.250-05,9,60238.9,60056,186628,59686,0.917901,-209.813
5.250-06,0,60525.8,60414,189749,60075,0.744752,-213.501
5.250-06,1,60525.8,60414,189749,59967,0.923188,-213.501
5.250-06,2,60525.8,60414,189749,59967,0.923188,-213.501
5.250-06,3,60525.8,60414,189749,59967,0.923188,-213.501
5.250-06,4,60525.8,60414,189749,59967,0.923188,-213.501
5.250-06,5,60525.8,60414,189749,60075,0.744752,-213.501
5.250-06,6,60525.8,60414,189749,59967,0.923188,-213.501
5.250-06,7,60525.8,60414,189749,59967,0.923188,-213.501
5.250-06,8,60525.8,60414,189749,59967,0.923188,-213.501
5.250-06,9,60525.8,60414,189749,59967,0.923188,-213.501
5.250-07,0,61638.4,61472,192288,61072,0.918907,-211.961
5.250-07,1,61638.4,61472,192288,61072,0.918907,-211.961
5.250-07,2,61638.4,61472,192288,61072,0.918907,-211.961
5.250-07,3,61638.4,61472,192288,61072,0.918907,-211.961
5.250-07,4,61638.4,61472,192288,61072,0.918907,-211.961
5.250-07,5,61638.4,61472,192288,61072,0.918907,-211.961
5.250-07,6,61638.4,61472,192288,61072,0.918907,-211.961
5.250-07,7,61638.4,61472,192288,61072,0.918907,-211.961
5.250-07,8,61638.4,61472,192288,61072,0.918907,-211.961
5.250-07,9,61638.4,61472,192288,61072,0.918907,-211.961
5.250-08,0,62032.6,61885,190479,61556,0.768297,-207.063
5.250-08,1,62032.6,61885,190479,61556,0.768297,-207.063
5.250-08,2,62032.6,61885,190479,61556,0.768297,-207.063
5.250-08,3,62032.6,61885,190479,61556,0.768297,-207.063
5.250-08,4,62032.6,61885,190479,61556,0.768297,-207.063
5.250-08,5,62032.6,61885,190479,61556,0.768297,-207.063
5.250-08,6,62032.6,61885,190479,61556,0.768297,-207.063
5.250-08,7,62032.6,61885,190479,61556,0.768297,-207.063
5.250-08,8,62032.6,61885,190479,61556,0.768297,-207.063
5.250-08,9,62032.6,61885,190479,61556,0.768297,-207.063
5.250-09,0,59050.5,58959,184656,58647,0.683269,-212.709
5.250-09,1,59050.5,58959,184656,58647,0.683269,-212.709
5.250-09,2,59050.5,58959,184656,58647,0.683269,-212.709
5.250-09,3,59050.5,58959,184656,58647,0.683269,-212.709
5.250-09,4,59050.5,58959,184656,58647,0.683269,-212.709
5.250-09,5,59050.5,58959,184656,58348,1.18962,-212.709
5.250-09,6,59050.5,58959,184656,58574,0.806892,-212.709
5.250-09,7,59050.5,58959,184656,58207,1.42839,-212.709
5.250-09,8,59050.5,58959,184656,58255,1.34711,-212.709
5.250-09,9,59050.5,58959,184656,58647,0.683269,-212.709
5.250-10,0,109221,109109,188062,108776,0.407102,-72.1854
5.250-10,1,109221,109109,188062,108776,0.407102,-72.1854
5.250-10,2,109221,109109,188062,108776,0.407102,-72.1854
5.250-10,3,109221,109109,188062,108776,0.407102,-72.1854
5.250-10,4,109221,109109,188062,108776,0.407102,-72.1854
5.250-10,5,109221,109109,188062,108776,0.407102,-72.1854
5.250-10,6,109221,109109,188062,108776,0.407102,-72.1854
5.250-10,7,109221,109109,188062,108776,0.407102,-72.1854
5.250-10,8,109221,109109,188062,108776,0.407102,-72.1854
5.250-10,9,109221,109109,188062,108776,0.407102,-72.1854
5.250-11,0,109960,109841,185876,109523,0.397725,-69.0391
5.250-11,1,109960,109841,185876,109523,0.397725,-69.0391
5.250-11,2,109960,109841,185876,109523,0.397725,-69.0391
5.250-11,3,109960,109841,185876,109523,0.397725,-69.0391
5.250-11,4,109960,109841,185876,109523,0.397725,-69.0391
5.250-11,5,109960,109841,185876,109523,0.397725,-69.0391
5.250-11,6,109960,109841,185876,109523,0.397725,-69.0391
5.250-11,7,109960,109841,185876,109523,0.397725,-69.0391
5.250-11,8,109960,109841,185876,109523,0.397725,-69.0391
5.250-11,9,109960,109841,185876,109523,0.397725,-69.0391
5.250-12,0,108649,108489,184585,107840,0.744377,-69.8915
5.250-12,1,108649,108489,184585,107840,0.744377,-69.8915
5.250-12,2,108649,108489,184585,107840,0.744377,-69.8915
5.250-12,3,108649,108489,184585,107840,0.744377,-69.8915
5.250-12,4,108649,108489,184585,107840,0.744377,-69.8915
5.250-12,5,108649,108489,184585,107840,0.744377,-69.8915
5.250-12,6,108649,108489,184585,107840,0.744377,-69.8915
5.250-12,7,108649,108489,184585,107840,0.744377,-69.8915
5.250-12,8,108649,108489,184585,107901,0.688233,-69.8915
5.250-12,9,108649,108489,184585,107901,0.688233,-69.8915
5.250-13,0,109511,109383,186337,108881,0.575096,-70.154
5.250-13,1,109511,109383,186337,108881,0.575096,-70.154
5.250-13,2,109511,109383,186337,108881,0.575096,-70.154
5.250-13,3,109511,109383,186337,108881,0.575096,-70.154
5.250-13,4,109511,109383,186337,108881,0.575096,-70.154
5.250-13,5,109511,109383,186337,108881,0.575096,-70.154
5.250-13,6,109511,109383,186337,108881,0.575096,-70.154
5.250-13,7,109511,109383,186337,108881,0.575096,-70.154
5.250-13,8,109511,109383,186337,108881,0.575096,-70.154
5.250-13,9,109511,109383,186337,108881,0.575096,-70.154
5.250-14,0,110834,110720,191427,110333,0.452246,-72.7147
5.250-14,1,110834,110720,191427,110333,0.452246,-72.7147
5.250-14,2,110834,110720,191427,110333,0.452246,-72.7147
5.250-14,3,110834,110720,191427,110333,0.452246,-72.7147
5.250-14,4,110834,110720,191427,110333,0.452246,-72.7147
5.250-14,5,110834,110720,191427,110333,0.452246,-72.7147
5.250-14,6,110834,110720,191427,110333,0.452246,-72.7147
5.250-14,7,110834,110720,191427,110333,0.452246,-72.7147
5.250-14,8,110834,110720,191427,110333,0.452246,-72.7147
5.250-14,9,110834,110720,191427,110333,0.452246,-72.7147
5.250-15,0,110367,110256,188868,109836,0.480977,-71.1275
5.250-15,1,110367,110256,188868,109647,0.652224,-71.1275
5.250-15,2,110367,110256,188868,109836,0.480977,-71.1275
5.250-15,3,110367,110256,188868,109836,0.480977,-71.1275
5.250-15,4,110367,110256,188868,109836,0.480977,-71.1275
5.250-15,5,110367,110256,188868,109647,0.652224,-71.1275
5.250-15,6,110367,110256,188868,109836,0.480977,-71.1275
5.250-15,7,110367,110256,188868,109647,0.652224,-71.1275
5.250-15,8,110367,110256,188868,109647,0.652224,-71.1275
5.250-15,9,110367,110256,188868,109647,0.652224,-71.1275
5.250-16,0,109153,109016,185466,108454,0.640027,-69.9144
5.250-16,1,109153,109016,185466,108454,0.640027,-69.9144
5.250-16,2,109153,109016,185466,108454,0.640027,-69.9144
5.250-16,3,109153,109016,185466,108454,0.640027,-69.9144
5.250-16,4,109153,109016,185466,108454,0.640027,-69.9144
5.250-16,5,109153,109016,185466,108454,0.640027,-69.9144
5.250-16,6,109153,109016,185466,108454,0.640027,-69.9144
5.250-16,7,109153,109016,185466,108454,0.640027,-69.9144
5.250-16,8,109153,109016,185466,108454,0.640027,-69.9144
5.250-16,9,109153,109016,185466,108454,0.640027,-69.9144
5.250-17,0,109138,109037,187560,108289,0.777607,-71.8563
5.250-17,1,109138,109037,187560,108511,0.574195,-71.8563
5.250-17,2,109138,109037,187560,108289,0.777607,-71.8563
5.250-17,3,109138,109037,187560,108289,0.777607,-71.8563
5.250-17,4,109138,109037,187560,108289,0.777607,-71.8563
5.250-17,5,109138,109037,187560,108289,0.777607,-71.8563
5.250-17,6,109138,109037,187560,108289,0.777607,-71.8563
5.250-17,7,109138,109037,187560,108289,0.777607,-71.8563
5.250-17,8,109138,109037,187560,108289,0.777607,-71.8563
5.250-17,9,109138,109037,187560,108289,0.777607,-71.8563
5.250-18,0,110123,109957,188485,109480,0.58395,-71.1585
5.250-18,1,110123,109957,188485,109480,0.58395,-71.1585
5.250-18,2,110123,109957,188485,109480,0.58395,-71.1585
5.250-18,3,110123,109957,188485,109426,0.632986,-71.1585
5.250-18,4,110123,109957,188485,109453,0.608468,-71.1585
5.250-18,5,110123,109957,188485,109480,0.58395,-71.1585
5.250-18,6,110123,109957,188485,109480,0.58395,-71.1585
5.250-18,7,110123,109957,188485,109490,0.574869,-71.1585
5.250-18,8,110123,109957,188485,109486,0.578502,-71.1585
5.250-18,9,110123,109957,188485,109480,0.58395,-71.1585
5.250-19,0,107162,107038,182732,106640,0.487224,-70.5192
5.250-19,1,107162,107038,182732,106640,0.487224,-70.5192
5.250-19,2,107162,107038,182732,106640,0.487224,-70.5192
5.250-19,3,107162,107038,182732,106640,0.487224,-70.5192
5.250-19,4,107162,107038,182732,106640,0.487224,-70.5192
5.250-19,5,107162,107038,182732,106640,0.487224,-70.5192
5.250-19,6,107162,107038,182732,106640,0.487224,-70.5192
5.250-19,7,107162,107038,182732,106640,0.487224,-70.5192
5.250-19,8,107162,107038,182732,106640,0.487224,-70.5192
5.250-19,9,107162,107038,182732,106640,0.487224,-70.5192
5.250-20,0,149766,149659,185173,149282,0.322953,-23.6418
5.250-20,1,149766,149659,185173,149282,0.322953,-23.6418
5.250-20,2,149766,149659,185173,149282,0.322953,-23.6418
5.250-20,3,149766,149659,185173,149282,0.322953,-23.6418
5.250-20,4,149766,149659,185173,149282,0.322953,-23.6418
5.250-20,5,149766,149659,185173,149282,0.322953,-23.6418
5.250-20,6,149766,149659,185173,149282,0.322953,-23.6418
5.250-20,7,149766,149659,185173,149282,0.322953,-23.6418
5.250-20,8,149766,149659,185173,149296,0.313605,-23.6418
5.250-20,9,149766,149659,185173,149282,0.322953,-23.6418
5.250-21,0,156084,155940,191434,155708,0.241068,-22.6478
5.250-21,1,156084,155940,191434,155708,0.241068,-22.6478
5.250-21,2,156084,155940,191434,155708,0.241068,-22.6478
5.250-21,3,156084,155940,191434,155708,0.241068,-22.6478
5.250-21,4,156084,155940,191434,155708,0.241068,-22.6478
5.250-21,5,156084,155940,191434,155708,0.241068,-22.6478
5.250-21,6,156084,155940,191434,155708,0.241068,-22.6478
5.250-21,7,156084,155940,191434,155708,0.241068,-22.6478
5.250-21,8,156084,155940,191434,155708,0.241068,-22.6478
5.250-21,9,156084,155940,191434,155708,0.241068,-22.6478
5.250-22,0,149434,149316,184991,149211,0.149164,-23.7945
5.250-22,1,149434,149316,184991,149211,0.149164,-23.7945
5.250-22,2,149434,149316,184991,148856,0.386728,-23.7945
5.250-22,3,149434,149316,184991,148856,0.386728,-23.7945
5.250-22,4,149434,149316,184991,149211,0.149164,-23.7945
5.250-22,5,149434,149316,184991,148856,0.386728,-23.7945
5.250-22,6,149434,149316,184991,148856,0.386728,-23.7945
5.250-22,7,149434,149316,184991,149211,0.149164,-23.7945
5.250-22,8,149434,149316,184991,148856,0.386728,-23.7945
5.250-22,9,149434,149316,184991,149211,0.149164,-23.7945
5.250-23,0,152245,152130,187464,151948,0.194958,-23.1333
5.250-23,1,152245,152130,187464,151948,0.194958,-23.1333
5.250-23,2,152245,152130,187464,151948,0.194958,-23.1333
5.250-23,3,152245,152130,187464,151948,0.194958,-23.1333
5.250-23,4,152245,152130,187464,151948,0.194958,-23.1333
5.250-23,5,152245,152130,187464,151948,0.194958,-23.1333
5.250-23,6,152245,152130,187464,151948,0.194958,-23.1333
5.250-23,7,152245,152130,187464,151948,0.194958,-23.1333
5.250-23,8,152245,152130,187464,151948,0.194958,-23.1333
5.250-23,9,152245,152130,187464,151948,0.194958,-23.1333
5.250-24,0,150470,150353,185144,149921,0.364543,-23.0442
5.250-24,1,150470,150353,185144,149921,0.364543,-23.0442
5.250-24,2,150470,150353,185144,149921,0.364543,-23.0442
5.250-24,3,150470,150353,185144,149921,0.364543,-23.0442
5.250-24,4,150470,150353,185144,149921,0.364543,-23.0442
5.250-24,5,150470,150353,185144,149921,0.364543,-23.0442
5.250-24,6,150470,150353,185144,149921,0.364543,-23.0442
5.250-24,7,150470,150353,185144,149921,0.364543,-23.0442
5.250-24,8,150470,150353,185144,149921,0.364543,-23.0442
5.250-24,9,150470,150353,185144,149921,0.364543,-23.0442
5.250-25,0,150133,150045,184085,149474,0.438775,-22.6148
5.250-25,1,150133,150045,184085,149617,0.343526,-22.6148
5.250-25,2,150133,150045,184085,149586,0.364175,-22.6148
5.250-25,3,150133,150045,184085,149586,0.364175,-22.6148
5.250-25,4,150133,150045,184085,149586,0.364175,-22.6148
5.250-25,5,150133,150045,184085,149617,0.343526,-22.6148
5.250-25,6,150133,150045,184085,149617,0.343526,-22.6148
5.250-25,7,150133,150045,184085,149617,0.343526,-22.6148
5.250-25,8,150133,150045,184085,149617,0.343526,-22.6148
5.250-25,9,150133,150045,184085,149617,0.343526,-22.6148
5.250-26,0,148697,148607,182978,148257,0.295943,-23.0542
5.250-26,1,148697,148607,182978,148257,0.295943,-23.0542
5.250-26,2,148697,148607,182978,148257,0.295943,-23.0542
5.250-26,3,148697,148607,182978,148257,0.295943,-23.0542
5.250-26,4,148697,148607,182978,148257,0.295943,-23.0542
5.250-26,5,148697,148607,182978,148257,0.295943,-23.0542
5.250-26,6,148697,148607,182978,148257,0.295943,-23.0542
5.250-26,7,148697,148607,182978,148257,0.295943,-23.0542
5.250-26,8,148697,148607,182978,148257,0.295943,-23.0542
5.250-26,9,148697,148607,182978,148257,0.295943,-23.0542
5.250-27,0,149907,149772,183431,149432,0.316621,-22.3635
5.250-27,1,149907,149772,183431,149432,0.316621,-22.3635
5.250-27,2,149907,149772,183431,149432,0.316621,-22.3635
5.250-27,3,149907,149772,183431,149432,0.316621,-22.3635
5.250-27,4,149907,149772,183431,149432,0.316621,-22.3635
5.250-27,5,149907,149772,183431,149432,0.316621,-22.3635
5.250-27,6,149907,149772,183431,149432,0.316621,-22.3635
5.250-27,7,149907,149772,183431,149432,0.316621,-22.3635
5.250-27,8,149907,149772,183431,149432,0.316621,-22.3635
5.250-27,9,149907,149772,183431,149432,0.316621,-22.3635
5.250-28,0,155210,155075,190402,154978,0.149426,-22.6739
5.250-28,1,155210,155075,190402,154978,0.149426,-22.6739
5.250-28,2,155210,155075,190402,154978,0.149426,-22.6739
5.250-28,3,155210,155075,190402,154978,0.149426,-22.6739
5.250-28,4,155210,155075,190402,154978,0.149426,-22.6739
5.250-28,5,155210,155075,190402,154978,0.149426,-22.6739
5.250-28,6,155210,155075,190402,154978,0.149426,-22.6739
5.250-28,7,155210,155075,190402,154978,0.149426,-22.6739
5.250-28,8,155210,155075,190402,154978,0.149426,-22.6739
5.250-28,9,155210,155075,190402,154978,0.149426,-22.6739
5.250-29,0,154819,154662,190022,154477,0.220771,-22.7383
5.250-29,1,154819,154662,190022,154477,0.220771,-22.7383
5.250-29,2,154819,154662,190022,154477,0.220771,-22.7383
5.250-29,3,154819,154662,190022,154477,0.220771,-22.7383
5.250-29,4,154819,154662,190022,154477,0.220771,-22.7383
5.250-29,5,154819,154662,190022,154477,0.220771,-22.7383
5.250-29,6,154819,154662,190022,154477,0.220771,-22.7383
5.250-29,7,154819,154662,190022,154477,0.220771,-22.7383
5.250-29,8,154819,154662,190022,154477,0.220771,-22.7383
5.250-29,9,154819,154662,190022,154477,0.220771,-22.7383
5.500-00,0,120235,120130,372777,119567,0.55551,-210.041
5.500-00,1,120235,120130,372777,119567,0.55551,-210.041
5.500-00,2,120235,120130,372777,119567,0.55551,-210.041
5.500-00,3,120235,120130,372777,119567,0.55551,-210.041
5.500-00,4,120235,120130,372777,119567,0.55551,-210.041
5.500-00,5,120235,120130,372777,119567,0.55551,-210.041
5.500-00,6,120235,120130,372777,119567,0.55551,-210.041
5.500-00,7,120235,120130,372777,119567,0.55551,-210.041
5.500-00,8,120235,120130,372777,119567,0.55551,-210.041
5.500-00,9,120235,120130,372777,119567,0.55551,-210.041
5.500-01,0,117955,117837,365895,117604,0.29771,-210.198
5.500-01,1,117955,117837,365895,117604,0.29771,-210.198
5.500-01,2,117955,117837,365895,117604,0.29771,-210.198
5.500-01,3,117955,117837,365895,117604,0.29771,-210.198
5.500-01,4,117955,117837,365895,117604,0.29771,-210.198
5.500-01,5,117955,117837,365895,117604,0.29771,-210.198
5.500-01,6,117955,117837,365895,117604,0.29771,-210.198
5.500-01,7,117955,117837,365895,117604,0.29771,-210.198
5.500-01,8,117955,117837,365895,117604,0.29771,-210.198
5.500-01,9,117955,117837,365895,117604,0.29771,-210.198
5.500-02,0,121213,121109,378131,120556,0.542288,-211.955
5.500-02,1,121213,121109,378131,120556,0.542288,-211.955
5.500-02,2,121213,121109,378131,120556,0.542288,-211.955
5.500-02,3,121213,121109,378131,120556,0.542288,-211.955
5.500-02,4,121213,121109,378131,120556,0.542288,-211.955
5.500-02,5,121213,121109,378131,120556,0.542288,-211.955
5.500-02,6,121213,121109,378131,120556,0.542288,-211.955
5.500-02,7,121213,121109,378131,120556,0.542288,-211.955
5.500-02,8,121213,121109,378131,120556,0.542288,-211.955
5.500-02,9,121213,121109,378131,120556,0.542288,-211.955
5.500-03,0,120889,120798,374148,120298,0.488487,-209.498
5.500-03,1,120889,120798,374148,120298,0.488487,-209.498
5.500-03,2,120889,120798,374148,120298,0.488487,-209.498
5.500-03,3,120889,120798,374148,120298,0.488487,-209.498
5.500-03,4,120889,120798,374148,120298,0.488487,-209.498
5.500-03,5,120889,120798,374148,120298,0.488487,-209.498
5.500-03,6,120889,120798,374148,120298,0.488487,-209.498
5.500-03,7,120889,120798,374148,120298,0.488487,-209.498
5.500-03,8,120889,120798,374148,120298,0.488487,-209.498
5.500-03,9,120889,120798,374148,120298,0.488487,-209.498
5.500-04,0,122426,122319,374434,121729,0.569725,-205.844
5.500-04,1,122426,122319,374434,121729,0.569725,-205.844
5.500-04,2,122426,122319,374434,121729,0.569725,-205.844
5.500-04,3,122426,122319,374434,121729,0.569725,-205.844
5.500-04,4,122426,122319,374434,121729,0.569725,-205.844
5.500-04,5,122426,122319,374434,121729,0.569725,-205.844
5.500-04,6,122426,122319,374434,121729,0.569725,-205.844
5.500-04,7,122426,122319,374434,121729,0.569725,-205.844
5.500-04,8,122426,122319,374434,121729,0.569725,-205.844
5.500-04,9,122426,122319,374434,121729,0.569725,-205.844
5.500-05,0,122126,122007,368412,121503,0.510105,-201.666
5.500-05,1,122126,122007,368412,121503,0.510105,-201.666
5.500-05,2,122126,122007,368412,121503,0.510105,-201.666
5.500-05,3,122126,122007,368412,121503,0.510105,-201.666
5.500-05,4,122126,122007,368412,121503,0.510105,-201.666
5.500-05,5,122126,122007,368412,121503,0.510105,-201.666
5.500-05,6,122126,122007,368412,121503,0.510105,-201.666
5.500-05,7,122126,122007,368412,121503,0.510105,-201.666
5.500-05,8,122126,122007,368412,121503,0.510105,-201.666
5.500-05,9,122126,122007,368412,121503,0.510105,-201.666
5.500-06,0,119219,119113,368044,118641,0.48462,-208.713
5.500-06,1,119219,119113,368044,118641,0.48462,-208.713
5.500-06,2,119219,119113,368044,118641,0.48462,-208.713
5.500-06,3,119219,119113,368044,118641,0.48462,-208.713
5.500-06,4,119219,119113,368044,118641,0.48462,-208.713
5.500-06,5,119219,119113,368044,118641,0.48462,-208.713
5.500-06,6,119219,119113,368044,118641,0.48462,-208.713
5.500-06,7,119219,119113,368044,118641,0.48462,-208.713
5.500-06,8,119219,119113,368044,118641,0.48462,-208.713
5.500-06,9,119219,119113,368044,118641,0.48462,-208.713
5.500-07,0,120643,120568,367001,119940,0.582816,-204.204
5.500-07,1,120643,120568,367001,120021,0.515676,-204.204
5.500-07,2,120643,120568,367001,120021,0.515676,-204.204
5.500-07,3,120643,120568,367001,119876,0.635865,-204.204
5.500-07,4,120643,120568,367001,120021,0.515676,-204.204
5.500-07,5,120643,120568,367001,120021,0.515676,-204.204
5.500-07,6,120643,120568,367001,120021,0.515676,-204.204
5.500-07,7,120643,120568,367001,120021,0.515676,-204.204
5.500-07,8,120643,120568,367001,120021,0.515676,-204.204
5.500-07,9,120643,120568,367001,120021,0.515676,-204.204
5.500-08,0,121663,121575,376757,121003,0.542712,-209.672
5.500-08,1,121663,121575,376757,121003,0.542712,-209.672
5.500-08,2,121663,121575,376757,121003,0.542712,-209.672
5.500-08,3,121663,121575,376757,121003,0.542712,-209.672
5.500-08,4,121663,121575,376757,121003,0.542712,-209.672
5.500-08,5,121663,121575,376757,121003,0.542712,-209.672
5.500-08,6,121663,121575,376757,121003,0.542712,-209.672
5.500-08,7,121663,121575,376757,121003,0.542712,-209.672
5.500-08,8,121663,121575,376757,121003,0.542712,-209.672
5.500-08,9,121663,121575,376757,121003,0.542712,-209.672
5.500-09,0,120801,120699,369250,120328,0.391285,-205.669
5.500-09,1,120801,120699,369250,120328,0.391285,-205.669
5.500-09,2,120801,120699,369250,120328,0.391285,-205.669
5.500-09,3,120801,120699,369250,120328,0.391285,-205.669
5.500-09,4,120801,120699,369250,120328,0.391285,-205.669
5.500-09,5,120801,120699,369250,120328,0.391285,-205.669
5.500-09,6,120801,120699,369250,120328,0.391285,-205.669
5.500-09,7,120801,120699,369250,120328,0.391285,-205.669
5.500-09,8,120801,120699,369250,120328,0.391285,-205.669
5.500-09,9,120801,120699,369250,120328,0.391285,-205.669
5.500-10,0,218500,218422,373850,218201,0.13688,-71.0983
5.500-10,1,218500,218422,373850,218201,0.13688,-71.0983
5.500-10,2,218500,218422,373850,218201,0.13688,-71.0983
5.500-10,3,218500,218422,373850,218201,0.13688,-71.0983
5.500-10,4,218500,218422,373850,218201,0.13688,-71.0983
5.500-10,5,218500,218422,373850,218201,0.13688,-71.0983
5.500-10,6,218500,218422,373850,218201,0.13688,-71.0983
5.500-10,7,218500,218422,373850,218201,0.13688,-71.0983
5.500-10,8,218500,218422,373850,218201,0.13688,-71.0983
5.500-10,9,218500,218422,373850,218201,0.13688,-71.0983
5.500-11,0,221272,221191,377581,220727,0.246486,-70.6408
5.500-11,1,221272,221191,377581,220727,0.246486,-70.6408
5.500-11,2,221272,221191,377581,220727,0.246486,-70.6408
5.500-11,3,221272,221191,377581,220542,0.330093,-70.6408
5.500-11,4,221272,221191,377581,220727,0.246486,-70.6408
5.500-11,5,221272,221191,377581,220727,0.246486,-70.6408
5.500-11,6,221272,221191,377581,220727,0.246486,-70.6408
5.500-11,7,221272,221191,377581,220727,0.246486,-70.6408
5.500-11,8,221272,221191,377581,220727,0.246486,-70.6408
5.500-11,9,221272,221191,377581,220542,0.330093,-70.6408
5.500-12,0,217616,217534,369720,217304,0.143279,-69.8958
5.500-12,1,217616,217534,369720,217304,0.143279,-69.8958
5.500-12,2,217616,217534,369720,217304,0.143279,-69.8958
5.500-12,3,217616,217534,369720,217304,0.143279,-69.8958
5.500-12,4,217616,217534,369720,217304,0.143279,-69.8958
5.500-12,5,217616,217534,369720,217304,0.143279,-69.8958
5.500-12,6,217616,217534,369720,217304,0.143279,-69.8958
5.500-12,7,217616,217534,369720,217304,0.143279,-69.8958
5.500-12,8,217616,217534,369720,217304,0.143279,-69.8958
5.500-12,9,217616,217534,369720,217304,0.143279,-69.8958
5.500-13,0,223653,223558,380694,223187,0.208452,-70.2162
5.500-13,1,223653,223558,380694,223187,0.208452,-70.2162
5.500-13,2,223653,223558,380694,223187,0.208452,-70.2162
5.500-13,3,223653,223558,380694,222979,0.301453,-70.2162
5.500-13,4,223653,223558,380694,223187,0.208452,-70.2162
5.500-13,5,223653,223558,380694,223187,0.208452,-70.2162
5.500-13,6,223653,223558,380694,223187,0.208452,-70.2162
5.500-13,7,223653,223558,380694,223187,0.208452,-70.2162
5.500-13,8,223653,223558,380694,223187,0.208452,-70.2162
5.500-13,9,223653,223558,380694,223187,0.208452,-70.2162
5.500-14,0,219067,218962,372181,218722,0.157699,-69.8933
5.500-14,1,219067,218962,372181,218722,0.157699,-69.8933
5.500-14,2,219067,218962,372181,218722,0.157699,-69.8933
5.500-14,3,219067,218962,372181,218722,0.157699,-69.8933
5.500-14,4,219067,218962,372181,218722,0.157699,-69.8933
5.500-14,5,219067,218962,372181,218722,0.157699,-69.8933
5.500-14,6,219067,218962,372181,218722,0.157699,-69.8933
5.500-14,7,219067,218962,372181,218722,0.157699,-69.8933
5.500-14,8,219067,218962,372181,218722,0.157699,-69.8933
5.500-14,9,219067,218962,372181,218722,0.157699,-69.8933
5.500-15,0,220617,220514,374487,220085,0.241125,-69.7453
5.500-15,1,220617,220514,374487,220078,0.244298,-69.7453
5.500-15,2,220617,220514,374487,220078,0.244298,-69.7453
5.500-15,3,220617,220514,374487,220085,0.241125,-69.7453
5.500-15,4,220617,220514,374487,220078,0.244298,-69.7453
5.500-15,5,220617,220514,374487,220078,0.244298,-69.7453
5.500-15,6,220617,220514,374487,220078,0.244298,-69.7453
5.500-15,7,220617,220514,374487,220078,0.244298,-69.7453
5.500-15,8,220617,220514,374487,220078,0.244298,-69.7453
5.500-15,9,220617,220514,374487,220078,0.244298,-69.7453
5.500-16,0,220077,219987,373204,219325,0.341494,-69.5792
5.500-16,1,220077,219987,373204,219325,0.341494,-69.5792
5.500-16,2,220077,219987,373204,219398,0.308324,-69.5792
5.500-16,3,220077,219987,373204,219325,0.341494,-69.5792
5.500-16,4,220077,219987,373204,219325,0.341494,-69.5792
5.500-16,5,220077,219987,373204,219325,0.341494,-69.5792
5.500-16,6,220077,219987,373204,219325,0.341494,-69.5792
5.500-16,7,220077,219987,373204,219355,0.327862,-69.5792
5.500-16,8,220077,219987,373204,219398,0.308324,-69.5792
5.500-16,9,220077,219987,373204,219325,0.341494,-69.5792
5.500-17,0,218283,218194,372392,217888,0.180823,-70.6008
5.500-17,1,218283,218194,372392,217888,0.180823,-70.6008
5.500-17,2,218283,218194,372392,217888,0.180823,-70.6008
5.500-17,3,218283,218194,372392,217888,0.180823,-70.6008
5.500-17,4,218283,218194,372392,217888,0.180823,-70.6008
5.500-17,5,218283,218194,372392,217888,0.180823,-70.6008
5.500-17,6,218283,218194,372392,217888,0.180823,-70.6008
5.500-17,7,218283,218194,372392,217888,0.180823,-70.6008
5.500-17,8,218283,218194,372392,217888,0.180823,-70.6008
5.500-17,9,218283,218194,372392,217888,0.180823,-70.6008
5.500-18,0,217060,216976,369093,216567,0.227082,-70.042
5.500-18,1,217060,216976,369093,216567,0.227082,-70.042
5.500-18,2,217060,216976,369093,216567,0.227082,-70.042
5.500-18,3,217060,216976,369093,216567,0.227082,-70.042
5.500-18,4,217060,216976,369093,216567,0.227082,-70.042
5.500-18,5,217060,216976,369093,216567,0.227082,-70.042
5.500-18,6,217060,216976,369093,216567,0.227082,-70.042
5.500-18,7,217060,216976,369093,216567,0.227082,-70.042
5.500-18,8,217060,216976,369093,216567,0.227082,-70.042
5.500-18,9,217060,216976,369093,216567,0.227082,-70.042
5.500-19,0,219813,219693,375492,219356,0.207824,-70.8235
5.500-19,1,219813,219693,375492,219356,0.207824,-70.8235
5.500-19,2,219813,219693,375492,219281,0.241944,-70.8235
5.500-19,3,219813,219693,375492,219281,0.241944,-70.8235
5.500-19,4,219813,219693,375492,219356,0.207824,-70.8235
5.500-19,5,219813,219693,375492,219356,0.207824,-70.8235
5.500-19,6,219813,219693,375492,219281,0.241944,-70.8235
5.500-19,7,219813,219693,375492,219356,0.207824,-70.8235
5.500-19,8,219813,219693,375492,219281,0.241944,-70.8235
5.500-19,9,219813,219693,375492,219281,0.241944,-70.8235
5.500-20,0,295896,295828,364397,295339,0.188369,-23.1502
5.500-20,1,295896,295828,364397,295339,0.188369,-23.1502
5.500-20,2,295896,295828,364397,295339,0.188369,-23.1502
5.500-20,3,295896,295828,364397,295339,0.188369,-23.1502
5.500-20,4,295896,295828,364397,295339,0.188369,-23.1502
5.500-20,5,295896,295828,364397,295339,0.188369,-23.1502
5.500-20,6,295896,295828,364397,295339,0.188369,-23.1502
5.500-20,7,295896,295828,364397,295339,0.188369,-23.1502
5.500-20,8,295896,295828,364397,295339,0.188369,-23.1502
5.500-20,9,295896,295828,364397,295339,0.188369,-23.1502
5.500-21,0,308158,308077,378793,307619,0.17478,-22.9218
5.500-21,1,308158,308077,378793,307619,0.17478,-22.9218
5.500-21,2,308158,308077,378793,307607,0.178674,-22.9218
5.500-21,3,308158,308077,378793,307629,0.171535,-22.9218
5.500-21,4,308158,308077,378793,307607,0.178674,-22.9218
5.500-21,5,308158,308077,378793,307607,0.178674,-22.9218
5.500-21,6,308158,308077,378793,307629,0.171535,-22.9218
5.500-21,7,308158,308077,378793,307607,0.178674,-22.9218
5.500-21,8,308158,308077,378793,307607,0.178674,-22.9218
5.500-21,9,308158,308077,378793,307619,0.17478,-22.9218
5.500-22,0,299879,299796,367856,299352,0.175616,-22.6683
5.500-22,1,299879,299796,367856,299352,0.175616,-22.6683
5.500-22,2,299879,299796,367856,299352,0.175616,-22.6683
5.500-22,3,299879,299796,367856,299352,0.175616,-22.6683
5.500-22,4,299879,299796,367856,299352,0.175616,-22.6683
5.500-22,5,299879,299796,367856,299352,0.175616,-22.6683
5.500-22,6,299879,299796,367856,299352,0.175616,-22.6683
5.500-22,7,299879,299796,367856,299352,0.175616,-22.6683
5.500-22,8,299879,299796,367856,299352,0.175616,-22.6683
5.500-22,9,299879,299796,367856,299352,0.175616,-22.6683
5.500-23,0,306554,306476,377162,306150,0.13183,-23.0328
5.500-23,1,306554,306476,377162,306150,0.13183,-23.0328
5.500-23,2,306554,306476,377162,306150,0.13183,-23.0328
5.500-23,3,306554,306476,377162,306150,0.13183,-23.0328
5.500-23,4,306554,306476,377162,306150,0.13183,-23.0328
5.500-23,5,306554,306476,377162,306150,0.13183,-23.0328
5.500-23,6,306554,306476,377162,306150,0.13183,-23.0328
5.500-23,7,306554,306476,377162,306150,0.13183,-23.0328
5.500-23,8,306554,306476,377162,306150,0.13183,-23.0328
5.500-23,9,306554,306476,377162,306150,0.13183,-23.0328
5.500-24,0,300413,300342,369121,299914,0.165958,-22.8714
5.500-24,1,300413,300342,369121,299914,0.165958,-22.8714
5.500-24,2,300413,300342,369121,299914,0.165958,-22.8714
5.500-24,3,300413,300342,369121,299914,0.165958,-22.8714
5.500-24,4,300413,300342,369121,299914,0.165958,-22.8714
5.500-24,5,300413,300342,369121,299914,0.165958,-22.8714
5.500-24,6,300413,300342,369121,299914,0.165958,-22.8714
5.500-24,7,300413,300342,369121,299914,0.165958,-22.8714
5.500-24,8,300413,300342,369121,299914,0.165958,-22.8714
5.500-24,9,300413,300342,369121,299914,0.165958,-22.8714
5.500-25,0,302662,302560,371336,302433,0.0755795,-22.6901
5.500-25,1,302662,302560,371336,302433,0.0755795,-22.6901
5.500-25,2,302662,302560,371336,302433,0.0755795,-22.6901
5.500-25,3,302662,302560,371336,302433,0.0755795,-22.6901
5.500-25,4,302662,302560,371336,302433,0.0755795,-22.6901
5.500-25,5,302662,302560,371336,302433,0.0755795,-22.6901
5.500-25,6,302662,302560,371336,302433,0.0755795,-22.6901
5.500-25,7,302662,302560,371336,302433,0.0755795,-22.6901
5.500-25,8,302662,302560,371336,302433,0.0755795,-22.6901
5.500-25,9,302662,302560,371336,302433,0.0755795,-22.6901
5.500-26,0,301400,301322,370013,300987,0.137109,-22.7647
5.500-26,1,301400,301322,370013,300987,0.137109,-22.7647
5.500-26,2,301400,301322,370013,300987,0.137109,-22.7647
5.500-26,3,301400,301322,370013,300987,0.137109,-22.7647
5.500-26,4,301400,301322,370013,300907,0.163651,-22.7647
5.500-26,5,301400,301322,370013,300987,0.137109,-22.7647
5.500-26,6,301400,301322,370013,300987,0.137109,-22.7647
5.500-26,7,301400,301322,370013,300907,0.163651,-22.7647
5.500-26,8,301400,301322,370013,300987,0.137109,-22.7647
5.500-26,9,301400,301322,370013,300987,0.137109,-22.7647
5.500-27,0,306517,306430,377062,306043,0.15473,-23.0149
5.500-27,1,306517,306430,377062,306043,0.15473,-23.0149
5.500-27,2,306517,306430,377062,306157,0.117538,-23.0149
5.500-27,3,306517,306430,377062,306043,0.15473,-23.0149
5.500-27,4,306517,306430,377062,306043,0.15473,-23.0149
5.500-27,5,306517,306430,377062,306043,0.15473,-23.0149
5.500-27,6,306517,306430,377062,306157,0.117538,-23.0149
5.500-27,7,306517,306430,377062,306157,0.117538,-23.0149
5.500-27,8,306517,306430,377062,306157,0.117538,-23.0149
5.500-27,9,306517,306430,377062,306043,0.15473,-23.0149
5.500-28,0,302897,302814,372411,302258,0.210884,-22.9498
5.500-28,1,302897,302814,372411,302258,0.210884,-22.9498
5.500-28,2,302897,302814,372411,302258,0.210884,-22.9498
5.500-28,3,302897,302814,372411,302258,0.210884,-22.9498
5.500-28,4,302897,302814,372411,302241,0.216497,-22.9498
5.500-28,5,302897,302814,372411,302258,0.210884,-22.9498
5.500-28,6,302897,302814,372411,302258,0.210884,-22.9498
5.500-28,7,302897,302814,372411,302241,0.216497,-22.9498
5.500-28,8,302897,302814,372411,302258,0.210884,-22.9498
5.500-28,9,302897,302814,372411,302258,0.210884,-22.9498
5.500-29,0,299974,299904,368124,299647,0.108915,-22.7188
5.500-29,1,299974,299904,368124,299647,0.108915,-22.7188
5.500-29,2,299974,299904,368124,299647,0.108915,-22.7188
5.500-29,3,299974,299904,368124,299647,0.108915,-22.7188
5.500-29,4,299974,299904,368124,299647,0.108915,-22.7188
5.500-29,5,299974,299904,368124,299647,0.108915,-22.7188
5.500-29,6,299974,299904,368124,299647,0.108915,-22.7188
5.500-29,7,299974,299904,368124,299647,0.108915,-22.7188
5.500-29,8,299974,299904,368124,299647,0.108915,-22.7188
5.500-29,9,299974,299904,368124,299647,0.108915,-22.7188
10.100-00,0,23480.6,23064,75083,22808,2.86466,-219.766
10.100-00,1,23480.6,23064,75083,22587,3.80586,-219.766
10.100-00,2,23480.6,23064,75083,23050,1.83402,-219.766
10.100-00,3,23480.6,23064,75083,22870,2.60061,-219.766
10.100-00,4,23480.6,23064,75083,22808,2.86466,-219.766
10.100-00,5,23480.6,23064,75083,22860,2.6432,-219.766
10.100-00,6,23480.6,23064,75083,22808,2.86466,-219.766
10.100-00,7,23480.6,23064,75083,22691,3.36294,-219.766
10.100-00,8,23480.6,23064,75083,22691,3.36294,-219.766
10.100-00,9,23480.6,23064,75083,22860,2.6432,-219.766
10.100-01,0,23220.7,22801,74160,22649,2.46197,-219.37
10.100-01,1,23220.7,22801,74160,22649,2.46197,-219.37
10.100-01,2,23220.7,22801,74160,22649,2.46197,-219.37
10.100-01,3,23220.7,22801,74160,22649,2.46197,-219.37
10.100-01,4,23220.7,22801,74160,22649,2.46197,-219.37
10.100-01,5,23220.7,22801,74160,22649,2.46197,-219.37
10.100-01,6,23220.7,22801,74160,22519,3.02181,-219.37
10.100-01,7,23220.7,22801,74160,22649,2.46197,-219.37
10.100-01,8,23220.7,22801,74160,22649,2.46197,-219.37
10.100-01,9,23220.7,22801,74160,22649,2.46197,-219.37
10.100-02,0,22493.7,22131,73087,21787,3.14196,-224.921
10.100-02,1,22493.7,22131,73087,21684,3.59986,-224.921
10.100-02,2,22493.7,22131,73087,21787,3.14196,-224.921
10.100-02,3,22493.7,22131,73087,21684,3.59986,-224.921
10.100-02,4,22493.7,22131,73087,21669,3.66655,-224.921
10.100-02,5,22493.7,22131,73087,21919,2.55513,-224.921
10.100-02,6,22493.7,22131,73087,21669,3.66655,-224.921
10.100-02,7,22493.7,22131,73087,21919,2.55513,-224.921
10.100-02,8,22493.7,22131,73087,21799,3.08861,-224.921
10.100-02,9,22493.7,22131,73087,21917,2.56402,-224.921
10.100-03,0,23087.5,22772,76722,22694,1.70427,-232.31
10.100-03,1,23087.5,22772,76722,22694,1.70427,-232.31
10.100-03,2,23087.5,22772,76722,22396,2.99501,-232.31
10.100-03,3,23087.5,22772,76722,22396,2.99501,-232.31
10.100-03,4,23087.5,22772,76722,22694,1.70427,-232.31
10.100-03,5,23087.5,22772,76722,22396,2.99501,-232.31
10.100-03,6,23087.5,22772,76722,22181,3.92625,-232.31
10.100-03,7,23087.5,22772,76722,22694,1.70427,-232.31
10.100-03,8,23087.5,22772,76722,22694,1.70427,-232.31
10.100-03,9,23087.5,22772,76722,22694,1.70427,-232.31
10.100-04,0,23073.9,22751,73973,22528,2.36578,-220.592
10.100-04,1,23073.9,22751,73973,22528,2.36578,-220.592
10.100-04,2,23073.9,22751,73973,22528,2.36578,-220.592
10.100-04,3,23073.9,22751,73973,22528,2.36578,-220.592
10.100-04,4,23073.9,22751,73973,22528,2.36578,-220.592
10.100-04,5,23073.9,22751,73973,22528,2.36578,-220.592
10.100-04,6,23073.9,22751,73973,22528,2.36578,-220.592
10.100-04,7,23073.9,22751,73973,22435,2.76884,-220.592
10.100-04,8,23073.9,22751,73973,22528,2.36578,-220.592
10.100-04,9,23073.9,22751,73973,22528,2.36578,-220.592
10.100-05,0,23053.5,22777,76091,22406,2.80863,-230.063
10.100-05,1,23053.5,22777,76091,22366,2.98214,-230.063
10.100-05,2,23053.5,22777,76091,22366,2.98214,-230.063
10.100-05,3,23053.5,22777,76091,22366,2.98214,-230.063
10.100-05,4,23053.5,22777,76091,22366,2.98214,-230.063
10.100-05,5,23053.5,22777,76091,22443,2.64813,-230.063
10.100-05,6,23053.5,22777,76091,22383,2.9084,-230.063
10.100-05,7,23053.5,22777,76091,22370,2.96479,-230.063
10.100-05,8,23053.5,22777,76091,22443,2.64813,-230.063
10.100-05,9,23053.5,22777,76091,22443,2.64813,-230.063
10.100-06,0,22257.8,21875,70061,21509,3.36418,-214.771
10.100-06,1,22257.8,21875,70061,21596,2.97331,-214.771
10.100-06,2,22257.8,21875,70061,21596,2.97331,-214.771
10.100-06,3,22257.8,21875,70061,21596,2.97331,-214.771
10.100-06,4,22257.8,21875,70061,21596,2.97331,-214.771
10.100-06,5,22257.8,21875,70061,21509,3.36418,-214.771
10.100-06,6,22257.8,21875,70061,21509,3.36418,-214.771
10.100-06,7,22257.8,21875,70061,21509,3.36418,-214.771
10.100-06,8,22257.8,21875,70061,21509,3.36418,-214.771
10.100-06,9,22257.8,21875,70061,21565,3.11258,-214.771
10.100-07,0,22964.2,22635,72963,22256,3.0838,-217.725
10.100-07,1,22964.2,22635,72963,22542,1.83838,-217.725
10.100-07,2,22964.2,22635,72963,22284,2.96187,-217.725
10.100-07,3,22964.2,22635,72963,22542,1.83838,-217.725
10.100-07,4,22964.2,22635,72963,22256,3.0838,-217.725
10.100-07,5,22964.2,22635,72963,22256,3.0838,-217.725
10.100-07,6,22964.2,22635,72963,22256,3.0838,-217.725
10.100-07,7,22964.2,22635,72963,22256,3.0838,-217.725
10.100-07,8,22964.2,22635,72963,22256,3.0838,-217.725
10.100-07,9,22964.2,22635,72963,22256,3.0838,-217.725
10.100-08,0,22882.4,22511,71262,21913,4.2366,-211.427
10.100-08,1,22882.4,22511,71262,22272,2.66771,-211.427
10.100-08,2,22882.4,22511,71262,22098,3.42812,-211.427
10.100-08,3,22882.4,22511,71262,22272,2.66771,-211.427
10.100-08,4,22882.4,22511,71262,21948,4.08365,-211.427
10.100-08,5,22882.4,22511,71262,22001,3.85203,-211.427
10.100-08,6,22882.4,22511,71262,22272,2.66771,-211.427
10.100-08,7,22882.4,22511,71262,21977,3.95691,-211.427
10.100-08,8,22882.4,22511,71262,22046,3.65537,-211.427
10.100-08,9,22882.4,22511,71262,22046,3.65537,-211.427
10.100-09,0,23090.6,22702,74201,22353,3.19431,-221.347
10.100-09,1,23090.6,22702,74201,22353,3.19431,-221.347
10.100-09,2,23090.6,22702,74201,22353,3.19431,-221.347
10.100-09,3,23090.6,22702,74201,22353,3.19431,-221.347
10.100-09,4,23090.6,22702,74201,22353,3.19431,-221.347
10.100-09,5,23090.6,22702,74201,22353,3.19431,-221.347
10.100-09,6,23090.6,22702,74201,22353,3.19431,-221.347
10.100-09,7,23090.6,22702,74201,22353,3.19431,-221.347
10.100-09,8,23090.6,22702,74201,22353,3.19431,-221.347
10.100-09,9,23090.6,22702,74201,22353,3.19431,-221.347
10.100-10,0,41712.6,41395,72442,41144,1.36322,-73.6692
10.100-10,1,41712.6,41395,72442,41122,1.41596,-73.6692
10.100-10,2,41712.6,41395,72442,41140,1.37281,-73.6692
10.100-10,3,41712.6,41395,72442,41122,1.41596,-73.6692
10.100-10,4,41712.6,41395,72442,41122,1.41596,-73.6692
10.100-10,5,41712.6,41395,72442,41048,1.59337,-73.6692
10.100-10,6,41712.6,41395,72442,41003,1.70125,-73.6692
10.100-10,7,41712.6,41395,72442,41003,1.70125,-73.6692
10.100-10,8,41712.6,41395,72442,41092,1.48788,-73.6692
10.100-10,9,41712.6,41395,72442,41144,1.36322,-73.6692
10.100-11,0,42597.3,42344,74290,42060,1.26139,-74.4006
10.100-11,1,42597.3,42344,74290,42060,1.26139,-74.4006
10.100-11,2,42597.3,42344,74290,42060,1.26139,-74.4006
10.100-11,3,42597.3,42344,74290,42060,1.26139,-74.4006
10.100-11,4,42597.3,42344,74290,42060,1.26139,-74.4006
10.100-11,5,42597.3,42344,74290,42060,1.26139,-74.4006
10.100-11,6,42597.3,42344,74290,42060,1.26139,-74.4006
10.100-11,7,42597.3,42344,74290,42060,1.26139,-74.4006
10.100-11,8,42597.3,42344,74290,42060,1.26139,-74.4006
10.100-11,9,42597.3,42344,74290,42060,1.26139,-74.4006
10.100-12,0,42759.3,42401,74489,42131,1.46943,-74.2053
10.100-12,1,42759.3,42401,74489,42140,1.44838,-74.2053
10.100-12,2,42759.3,42401,74489,42140,1.44838,-74.2053
10.100-12,3,42759.3,42401,74489,42207,1.29169,-74.2053
10.100-12,4,42759.3,42401,74489,42140,1.44838,-74.2053
10.100-12,5,42759.3,42401,74489,42140,1.44838,-74.2053
10.100-12,6,42759.3,42401,74489,42131,1.46943,-74.2053
10.100-12,7,42759.3,42401,74489,42140,1.44838,-74.2053
10.100-12,8,42759.3,42401,74489,42140,1.44838,-74.2053
10.100-12,9,42759.3,42401,74489,42140,1.44838,-74.2053
10.100-13,0,45959.4,45624,79597,45250,1.54346,-73.19
10.100-13,1,45959.4,45624,79597,45250,1.54346,-73.19
10.100-13,2,45959.4,45624,79597,45230,1.58697,-73.19
10.100-13,3,45959.4,45624,79597,45126,1.81326,-73.19
10.100-13,4,45959.4,45624,79597,45139,1.78497,-73.19
10.100-13,5,45959.4,45624,79597,45126,1.81326,-73.19
10.100-13,6,45959.4,45624,79597,45126,1.81326,-73.19
10.100-13,7,45959.4,45624,79597,45250,1.54346,-73.19
10.100-13,8,45959.4,45624,79597,45172,1.71317,-73.19
10.100-13,9,45959.4,45624,79597,45250,1.54346,-73.19
10.100-14,0,42183.1,41884,72771,41737,1.05758,-72.5121
10.100-14,1,42183.1,41884,72771,41554,1.4914,-72.5121
10.100-14,2,42183.1,41884,72771,41737,1.05758,-72.5121
10.100-14,3,42183.1,41884,72771,41554,1.4914,-72.5121
10.100-14,4,42183.1,41884,72771,41554,1.4914,-72.5121
10.100-14,5,42183.1,41884,72771,41737,1.05758,-72.5121
10.100-14,6,42183.1,41884,72771,41480,1.66682,-72.5121
10.100-14,7,42183.1,41884,72771,41554,1.4914,-72.5121
10.100-14,8,42183.1,41884,72771,41737,1.05758,-72.5121
10.100-14,9,42183.1,41884,72771,41737,1.05758,-72.5121
10.100-15,0,43378,42995,75087,42995,0.882851,-73.0994
10.100-15,1,43378,42995,75087,42995,0.882851,-73.0994
10.100-15,2,43378,42995,75087,42995,0.882851,-73.0994
10.100-15,3,43378,42995,75087,42995,0.882851,-73.0994
10.100-15,4,43378,42995,75087,42995,0.882851,-73.0994
10.100-15,5,43378,42995,75087,42995,0.882851,-73.0994
10.100-15,6,43378,42995,75087,42748,1.45226,-73.0994
10.100-15,7,43378,42995,75087,42995,0.882851,-73.0994
10.100-15,8,43378,42995,75087,42995,0.882851,-73.0994
10.100-15,9,43378,42995,75087,42995,0.882851,-73.0994
10.100-16,0,43927.9,43559,76189,43403,1.195,-73.4409
10.100-16,1,43927.9,43559,76189,43382,1.24281,-73.4409
10.100-16,2,43927.9,43559,76189,43403,1.195,-73.4409
10.100-16,3,43927.9,43559,76189,43382,1.24281,-73.4409
10.100-16,4,43927.9,43559,76189,43382,1.24281,-73.4409
10.100-16,5,43927.9,43559,76189,43125,1.82785,-73.4409
10.100-16,6,43927.9,43559,76189,43382,1.24281,-73.4409
10.100-16,7,43927.9,43559,76189,43265,1.50915,-73.4409
10.100-16,8,43927.9,43559,76189,43135,1.80509,-73.4409
10.100-16,9,43927.9,43559,76189,43403,1.195,-73.4409
10.100-17,0,43335.8,42970,74119,42665,1.54797,-71.034
10.100-17,1,43335.8,42970,74119,42665,1.54797,-71.034
10.100-17,2,43335.8,42970,74119,42665,1.54797,-71.034
10.100-17,3,43335.8,42970,74119,42665,1.54797,-71.034
10.100-17,4,43335.8,42970,74119,42610,1.67489,-71.034
10.100-17,5,43335.8,42970,74119,42665,1.54797,-71.034
10.100-17,6,43335.8,42970,74119,42738,1.37952,-71.034
10.100-17,7,43335.8,42970,74119,42665,1.54797,-71.034
10.100-17,8,43335.8,42970,74119,42665,1.54797,-71.034
10.100-17,9,43335.8,42970,74119,42713,1.43721,-71.034
10.100-18,0,42611.6,42212,73647,42021,1.38601,-72.8332
10.100-18,1,42611.6,42212,73647,42035,1.35316,-72.8332
10.100-18,2,42611.6,42212,73647,42021,1.38601,-72.8332
10.100-18,3,42611.6,42212,73647,42021,1.38601,-72.8332
10.100-18,4,42611.6,42212,73647,42035,1.35316,-72.8332
10.100-18,5,42611.6,42212,73647,42035,1.35316,-72.8332
10.100-18,6,42611.6,42212,73647,42035,1.35316,-72.8332
10.100-18,7,42611.6,42212,73647,42035,1.35316,-72.8332
10.100-18,8,42611.6,42212,73647,42035,1.35316,-72.8332
10.100-18,9,42611.6,42212,73647,42021,1.38601,-72.8332
10.100-19,0,41542.8,41207,72184,40867,1.62672,-73.7582
10.100-19,1,41542.8,41207,72184,40867,1.62672,-73.7582
10.100-19,2,41542.8,41207,72184,40880,1.59543,-73.7582
10.100-19,3,41542.8,41207,72184,40867,1.62672,-73.7582
10.100-19,4,41542.8,41207,72184,40867,1.62672,-73.7582
10.100-19,5,41542.8,41207,72184,40867,1.62672,-73.7582
10.100-19,6,41542.8,41207,72184,40867,1.62672,-73.7582
10.100-19,7,41542.8,41207,72184,40877,1.60265,-73.7582
10.100-19,8,41542.8,41207,72184,40880,1.59543,-73.7582
10.100-19,9,41542.8,41207,72184,40867,1.62672,-73.7582
10.100-20,0,57626.3,57375,71022,57153,0.821385,-23.2457
10.100-20,1,57626.3,57375,71022,57153,0.821385,-23.2457
10.100-20,2,57626.3,57375,71022,57153,0.821385,-23.2457
10.100-20,3,57626.3,57375,71022,57153,0.821385,-23.2457
10.100-20,4,57626.3,57375,71022,57143,0.838739,-23.2457
10.100-20,5,57626.3,57375,71022,57153,0.821385,-23.2457
10.100-20,6,57626.3,57375,71022,57143,0.838739,-23.2457
10.100-20,7,57626.3,57375,71022,57153,0.821385,-23.2457
10.100-20,8,57626.3,57375,71022,57153,0.821385,-23.2457
10.100-20,9,57626.3,57375,71022,57153,0.821385,-23.2457
10.100-21,0,59268.6,58978,73567,58722,0.922179,-24.1248
10.100-21,1,59268.6,58978,73567,58830,0.739957,-24.1248
10.100-21,2,59268.6,58978,73567,58802,0.7872,-24.1248
10.100-21,3,59268.6,58978,73567,58802,0.7872,-24.1248
10.100-21,4,59268.6,58978,73567,58802,0.7872,-24.1248
10.100-21,5,59268.6,58978,73567,58697,0.964359,-24.1248
10.100-21,6,59268.6,58978,73567,58706,0.949174,-24.1248
10.100-21,7,59268.6,58978,73567,58654,1.03691,-24.1248
10.100-21,8,59268.6,58978,73567,58802,0.7872,-24.1248
10.100-21,9,59268.6,58978,73567,58697,0.964359,-24.1248
10.100-22,0,58654.7,58391,72878,58137,0.88261,-24.2492
10.100-22,1,58654.7,58391,72878,58242,0.703597,-24.2492
10.100-22,2,58654.7,58391,72878,58242,0.703597,-24.2492
10.100-22,3,58654.7,58391,72878,58169,0.828054,-24.2492
10.100-22,4,58654.7,58391,72878,58270,0.65586,-24.2492
10.100-22,5,58654.7,58391,72878,58242,0.703597,-24.2492
10.100-22,6,58654.7,58391,72878,58270,0.65586,-24.2492
10.100-22,7,58654.7,58391,72878,58242,0.703597,-24.2492
10.100-22,8,58654.7,58391,72878,58242,0.703597,-24.2492
10.100-22,9,58654.7,58391,72878,58169,0.828054,-24.2492
10.100-23,0,62202.2,61966,77384,61707,0.796189,-24.4071
10.100-23,1,62202.2,61966,77384,61701,0.805835,-24.4071
10.100-23,2,62202.2,61966,77384,61656,0.87818,-24.4071
10.100-23,3,62202.2,61966,77384,61684,0.833165,-24.4071
10.100-23,4,62202.2,61966,77384,61650,0.887826,-24.4071
10.100-23,5,62202.2,61966,77384,61656,0.87818,-24.4071
10.100-23,6,62202.2,61966,77384,61656,0.87818,-24.4071
10.100-23,7,62202.2,61966,77384,61656,0.87818,-24.4071
10.100-23,8,62202.2,61966,77384,61656,0.87818,-24.4071
10.100-23,9,62202.2,61966,77384,61656,0.87818,-24.4071
10.100-24,0,61170.2,60803,75375,60770,0.654301,-23.2217
10.100-24,1,61170.2,60803,75375,60797,0.610162,-23.2217
10.100-24,2,61170.2,60803,75375,60797,0.610162,-23.2217
10.100-24,3,61170.2,60803,75375,60770,0.654301,-23.2217
10.100-24,4,61170.2,60803,75375,60693,0.780179,-23.2217
10.100-24,5,61170.2,60803,75375,60671,0.816144,-23.2217
10.100-24,6,61170.2,60803,75375,60693,0.780179,-23.2217
10.100-24,7,61170.2,60803,75375,60770,0.654301,-23.2217
10.100-24,8,61170.2,60803,75375,60797,0.610162,-23.2217
10.100-24,9,61170.2,60803,75375,60797,0.610162,-23.2217
10.100-25,0,61688.4,61437,76947,61137,0.893831,-24.735
10.100-25,1,61688.4,61437,76947,61137,0.893831,-24.735
10.100-25,2,61688.4,61437,76947,61137,0.893831,-24.735
10.100-25,3,61688.4,61437,76947,61137,0.893831,-24.735
10.100-25,4,61688.4,61437,76947,61137,0.893831,-24.735
10.100-25,5,61688.4,61437,76947,61137,0.893831,-24.735
10.100-25,6,61688.4,61437,76947,61137,0.893831,-24.735
10.100-25,7,61688.4,61437,76947,61137,0.893831,-24.735
10.100-25,8,61688.4,61437,76947,61137,0.893831,-24.735
10.100-25,9,61688.4,61437,76947,61137,0.893831,-24.735
10.100-26,0,56663.3,56377,70412,56213,0.794771,-24.2638
10.100-26,1,56663.3,56377,70412,56213,0.794771,-24.2638
10.100-26,2,56663.3,56377,70412,56213,0.794771,-24.2638
10.100-26,3,56663.3,56377,70412,56213,0.794771,-24.2638
10.100-26,4,56663.3,56377,70412,56213,0.794771,-24.2638
10.100-26,5,56663.3,56377,70412,56213,0.794771,-24.2638
10.100-26,6,56663.3,56377,70412,56213,0.794771,-24.2638
10.100-26,7,56663.3,56377,70412,56213,0.794771,-24.2638
10.100-26,8,56663.3,56377,70412,56213,0.794771,-24.2638
10.100-26,9,56663.3,56377,70412,56213,0.794771,-24.2638
10.100-27,0,59663.7,59391,73862,59260,0.676601,-23.7972
10.100-27,1,59663.7,59391,73862,58984,1.13919,-23.7972
10.100-27,2,59663.7,59391,73862,59260,0.676601,-23.7972
10.100-27,3,59663.7,59391,73862,59044,1.03863,-23.7972
10.100-27,4,59663.7,59391,73862,59267,0.664869,-23.7972
10.100-27,5,59663.7,59391,73862,59260,0.676601,-23.7972
10.100-27,6,59663.7,59391,73862,58988,1.13249,-23.7972
10.100-27,7,59663.7,59391,73862,59090,0.961532,-23.7972
10.100-27,8,59663.7,59391,73862,59260,0.676601,-23.7972
10.100-27,9,59663.7,59391,73862,59260,0.676601,-23.7972
10.100-28,0,60518.8,60205,74764,59994,0.867161,-23.5385
10.100-28,1,60518.8,60205,74764,60051,0.772975,-23.5385
10.100-28,2,60518.8,60205,74764,60051,0.772975,-23.5385
10.100-28,3,60518.8,60205,74764,60051,0.772975,-23.5385
10.100-28,4,60518.8,60205,74764,60051,0.772975,-23.5385
10.100-28,5,60518.8,60205,74764,59985,0.882032,-23.5385
10.100-28,6,60518.8,60205,74764,59985,0.882032,-23.5385
10.100-28,7,60518.8,60205,74764,59994,0.867161,-23.5385
10.100-28,8,60518.8,60205,74764,60051,0.772975,-23.5385
10.100-28,9,60518.8,60205,74764,60051,0.772975,-23.5385
10.100-29,0,60986.1,60633,74879,60498,0.800277,-22.7805
10.100-29,1,60986.1,60633,74879,60498,0.800277,-22.7805
10.100-29,2,60986.1,60633,74879,60498,0.800277,-22.7805
10.100-29,3,60986.1,60633,74879,60498,0.800277,-22.7805
10.100-29,4,60986.1,60633,74879,60498,0.800277,-22.7805
10.100-29,5,60986.1,60633,74879,60498,0.800277,-22.7805
10.100-29,6,60986.1,60633,74879,60498,0.800277,-22.7805
10.100-29,7,60986.1,60633,74879,60498,0.800277,-22.7805
10.100-29,8,60986.1,60633,74879,60498,0.800277,-22.7805
10.100-29,9,60986.1,60633,74879,60498,0.800277,-22.7805
10.250-00,0,59489.3,59187,187994,58785,1.18398,-216.013
10.250-00,1,59489.3,59187,187994,58841,1.08984,-216.013
10.250-00,2,59489.3,59187,187994,58785,1.18398,-216.013
10.250-00,3,59489.3,59187,187994,58785,1.18398,-216.013
10.250-00,4,59489.3,59187,187994,58785,1.18398,-216.013
10.250-00,5,59489.3,59187,187994,58785,1.18398,-216.013
10.250-00,6,59489.3,59187,187994,58785,1.18398,-216.013
10.250-00,7,59489.3,59187,187994,58785,1.18398,-216.013
10.250-00,8,59489.3,59187,187994,58841,1.08984,-216.013
10.250-00,9,59489.3,59187,187994,58841,1.08984,-216.013
10.250-01,0,59024.3,58662,187428,58448,0.97638,-217.544
10.250-01,1,59024.3,58662,187428,58448,0.97638,-217.544
10.250-01,2,59024.3,58662,187428,58448,0.97638,-217.544
10.250-01,3,59024.3,58662,187428,58309,1.21188,-217.544
10.250-01,4,59024.3,58662,187428,58309,1.21188,-217.544
10.250-01,5,59024.3,58662,187428,58448,0.97638,-217.544
10.250-01,6,59024.3,58662,187428,58309,1.21188,-217.544
10.250-01,7,59024.3,58662,187428,58448,0.97638,-217.544
10.250-01,8,59024.3,58662,187428,58448,0.97638,-217.544
10.250-01,9,59024.3,58662,187428,58448,0.97638,-217.544
10.250-02,0,58413.2,58094,182640,57622,1.3544,-212.669
10.250-02,1,58413.2,58094,182640,57622,1.3544,-212.669
10.250-02,2,58413.2,58094,182640,57622,1.3544,-212.669
10.250-02,3,58413.2,58094,182640,57622,1.3544,-212.669
10.250-02,4,58413.2,58094,182640,57632,1.33728,-212.669
10.250-02,5,58413.2,58094,182640,57632,1.33728,-212.669
10.250-02,6,58413.2,58094,182640,57695,1.22943,-212.669
10.250-02,7,58413.2,58094,182640,57540,1.49478,-212.669
10.250-02,8,58413.2,58094,182640,57622,1.3544,-212.669
10.250-02,9,58413.2,58094,182640,57622,1.3544,-212.669
10.250-03,0,61263,61000,191500,60479,1.27972,-212.587
10.250-03,1,61263,61000,191500,60479,1.27972,-212.587
10.250-03,2,61263,61000,191500,60796,0.762282,-212.587
10.250-03,3,61263,61000,191500,60479,1.27972,-212.587
10.250-03,4,61263,61000,191500,60796,0.762282,-212.587
10.250-03,5,61263,61000,191500,60479,1.27972,-212.587
10.250-03,6,61263,61000,191500,60479,1.27972,-212.587
10.250-03,7,61263,61000,191500,60036,2.00284,-212.587
10.250-03,8,61263,61000,191500,60479,1.27972,-212.587
10.250-03,9,61263,61000,191500,60479,1.27972,-212.587
10.250-04,0,58363.3,58092,186009,57626,1.26336,-218.709
10.250-04,1,58363.3,58092,186009,57626,1.26336,-218.709
10.250-04,2,58363.3,58092,186009,57626,1.26336,-218.709
10.250-04,3,58363.3,58092,186009,57951,0.706508,-218.709
10.250-04,4,58363.3,58092,186009,57732,1.08174,-218.709
10.250-04,5,58363.3,58092,186009,57626,1.26336,-218.709
10.250-04,6,58363.3,58092,186009,57521,1.44327,-218.709
10.250-04,7,58363.3,58092,186009,57732,1.08174,-218.709
10.250-04,8,58363.3,58092,186009,57626,1.26336,-218.709
10.250-04,9,58363.3,58092,186009,57626,1.26336,-218.709
10.250-05,0,59052.3,58803,186778,58131,1.56019,-216.292
10.250-05,1,59052.3,58803,186778,58131,1.56019,-216.292
10.250-05,2,59052.3,58803,186778,58572,0.813393,-216.292
10.250-05,3,59052.3,58803,186778,58175,1.48568,-216.292
10.250-05,4,59052.3,58803,186778,58572,0.813393,-216.292
10.250-05,5,59052.3,58803,186778,58131,1.56019,-216.292
10.250-05,6,59052.3,58803,186778,58202,1.43996,-216.292
10.250-05,7,59052.3,58803,186778,58023,1.74308,-216.292
10.250-05,8,59052.3,58803,186778,58171,1.49245,-216.292
10.250-05,9,59052.3,58803,186778,58131,1.56019,-216.292
10.250-06,0,58894.7,58607,188524,58413,0.817844,-220.104
10.250-06,1,58894.7,58607,188524,58413,0.817844,-220.104
10.250-06,2,58894.7,58607,188524,58413,0.817844,-220.104
10.250-06,3,58894.7,58607,188524,58413,0.817844,-220.104
10.250-06,4,58894.7,58607,188524,58413,0.817844,-220.104
10.250-06,5,58894.7,58607,188524,58413,0.817844,-220.104
10.250-06,6,58894.7,58607,188524,58350,0.924815,-220.104
10.250-06,7,58894.7,58607,188524,57786,1.88246,-220.104
10.250-06,8,58894.7,58607,188524,58413,0.817844,-220.104
10.250-06,9,58894.7,58607,188524,58413,0.817844,-220.104
10.250-07,0,59204.5,58917,186213,58702,0.848798,-214.525
10.250-07,1,59204.5,58917,186213,58702,0.848798,-214.525
10.250-07,2,59204.5,58917,186213,58702,0.848798,-214.525
10.250-07,3,59204.5,58917,186213,58654,0.929873,-214.525
10.250-07,4,59204.5,58917,186213,58702,0.848798,-214.525
10.250-07,5,59204.5,58917,186213,58702,0.848798,-214.525
10.250-07,6,59204.5,58917,186213,58702,0.848798,-214.525
10.250-07,7,59204.5,58917,186213,58702,0.848798,-214.525
10.250-07,8,59204.5,58917,186213,58702,0.848798,-214.525
10.250-07,9,59204.5,58917,186213,58702,0.848798,-214.525
10.250-08,0,59701.7,59384,185788,59117,0.979358,-211.194
10.250-08,1,59701.7,59384,185788,58943,1.27081,-211.194
10.250-08,2,59701.7,59384,185788,58888,1.36293,-211.194
10.250-08,3,59701.7,59384,185788,59117,0.979358,-211.194
10.250-08,4,59701.7,59384,185788,59117,0.979358,-211.194
10.250-08,5,59701.7,59384,185788,58888,1.36293,-211.194
10.250-08,6,59701.7,59384,185788,59117,0.979358,-211.194
10.250-08,7,59701.7,59384,185788,58888,1.36293,-211.194
10.250-08,8,59701.7,59384,185788,59247,0.761608,-211.194
10.250-08,9,59701.7,59384,185788,59247,0.761608,-211.194
10.250-09,0,59495.2,59193,188153,58687,1.35836,-216.249
10.250-09,1,59495.2,59193,188153,58687,1.35836,-216.249
10.250-09,2,59495.2,59193,188153,58815,1.14322,-216.249
10.250-09,3,59495.2,59193,188153,58687,1.35836,-216.249
10.250-09,4,59495.2,59193,188153,58687,1.35836,-216.249
10.250-09,5,59495.2,59193,188153,58687,1.35836,-216.249
10.250-09,6,59495.2,59193,188153,58687,1.35836,-216.249
10.250-09,7,59495.2,59193,188153,58669,1.38862,-216.249
10.250-09,8,59495.2,59193,188153,58687,1.35836,-216.249
10.250-09,9,59495.2,59193,188153,58687,1.35836,-216.249
10.250-10,0,111147,110863,192665,110615,0.478782,-73.3423
10.250-10,1,111147,110863,192665,110615,0.478782,-73.3423
10.250-10,2,111147,110863,192665,110615,0.478782,-73.3423
10.250-10,3,111147,110863,192665,110615,0.478782,-73.3423
10.250-10,4,111147,110863,192665,110615,0.478782,-73.3423
10.250-10,5,111147,110863,192665,110615,0.478782,-73.3423
10.250-10,6,111147,110863,192665,110615,0.478782,-73.3423
10.250-10,7,111147,110863,192665,110615,0.478782,-73.3423
10.250-10,8,111147,110863,192665,110615,0.478782,-73.3423
10.250-10,9,111147,110863,192665,110615,0.478782,-73.3423
10.250-11,0,108948,108659,186809,108387,0.514575,-71.4668
10.250-11,1,108948,108659,186809,108387,0.514575,-71.4668
10.250-11,2,108948,108659,186809,108387,0.514575,-71.4668
10.250-11,3,108948,108659,186809,108244,0.645831,-71.4668
10.250-11,4,108948,108659,186809,108387,0.514575,-71.4668
10.250-11,5,108948,108659,186809,108387,0.514575,-71.4668
10.250-11,6,108948,108659,186809,108387,0.514575,-71.4668
10.250-11,7,108948,108659,186809,108220,0.66786,-71.4668
10.250-11,8,108948,108659,186809,108409,0.494382,-71.4668
10.250-11,9,108948,108659,186809,108387,0.514575,-71.4668
10.250-12,0,109211,108932,187276,108498,0.653198,-71.4803
10.250-12,1,109211,108932,187276,108498,0.653198,-71.4803
10.250-12,2,109211,108932,187276,108498,0.653198,-71.4803
10.250-12,3,109211,108932,187276,108498,0.653198,-71.4803
10.250-12,4,109211,108932,187276,108498,0.653198,-71.4803
10.250-12,5,109211,108932,187276,108498,0.653198,-71.4803
10.250-12,6,109211,108932,187276,108498,0.653198,-71.4803
10.250-12,7,109211,108932,187276,108549,0.6065,-71.4803
10.250-12,8,109211,108932,187276,108549,0.6065,-71.4803
10.250-12,9,109211,108932,187276,108549,0.6065,-71.4803
10.250-13,0,110306,110037,189934,109656,0.589716,-72.1875
10.250-13,1,110306,110037,189934,109656,0.589716,-72.1875
10.250-13,2,110306,110037,189934,109656,0.589716,-72.1875
10.250-13,3,110306,110037,189934,109684,0.564332,-72.1875
10.250-13,4,110306,110037,189934,109656,0.589716,-72.1875
10.250-13,5,110306,110037,189934,109656,0.589716,-72.1875
10.250-13,6,110306,110037,189934,109656,0.589716,-72.1875
10.250-13,7,110306,110037,189934,109656,0.589716,-72.1875
10.250-13,8,110306,110037,189934,109656,0.589716,-72.1875
10.250-13,9,110306,110037,189934,109644,0.600594,-72.1875
10.250-14,0,108729,108423,187921,108212,0.475052,-72.8351
10.250-14,1,108729,108423,187921,108212,0.475052,-72.8351
10.250-14,2,108729,108423,187921,108212,0.475052,-72.8351
10.250-14,3,108729,108423,187921,108212,0.475052,-72.8351
10.250-14,4,108729,108423,187921,108212,0.475052,-72.8351
10.250-14,5,108729,108423,187921,108212,0.475052,-72.8351
10.250-14,6,108729,108423,187921,108212,0.475052,-72.8351
10.250-14,7,108729,108423,187921,108212,0.475052,-72.8351
10.250-14,8,108729,108423,187921,108212,0.475052,-72.8351
10.250-14,9,108729,108423,187921,108212,0.475052,-72.8351
10.250-15,0,111107,110841,190962,110486,0.558741,-71.8725
10.250-15,1,111107,110841,190962,110486,0.558741,-71.8725
10.250-15,2,111107,110841,190962,110486,0.558741,-71.8725
10.250-15,3,111107,110841,190962,110486,0.558741,-71.8725
10.250-15,4,111107,110841,190962,110486,0.558741,-71.8725
10.250-15,5,111107,110841,190962,110486,0.558741,-71.8725
10.250-15,6,111107,110841,190962,110418,0.619943,-71.8725
10.250-15,7,111107,110841,190962,110486,0.558741,-71.8725
10.250-15,8,111107,110841,190962,110486,0.558741,-71.8725
10.250-15,9,111107,110841,190962,110486,0.558741,-71.8725
10.250-16,0,106371,106075,182099,105717,0.61514,-71.1918
10.250-16,1,106371,106075,182099,105717,0.61514,-71.1918
10.250-16,2,106371,106075,182099,105743,0.590697,-71.1918
10.250-16,3,106371,106075,182099,105787,0.549333,-71.1918
10.250-16,4,106371,106075,182099,105717,0.61514,-71.1918
10.250-16,5,106371,106075,182099,105717,0.61514,-71.1918
10.250-16,6,106371,106075,182099,105717,0.61514,-71.1918
10.250-16,7,106371,106075,182099,105717,0.61514,-71.1918
10.250-16,8,106371,106075,182099,105717,0.61514,-71.1918
10.250-16,9,106371,106075,182099,105717,0.61514,-71.1918
10.250-17,0,106923,106686,182919,106341,0.54407,-71.0759
10.250-17,1,106923,106686,182919,106341,0.54407,-71.0759
10.250-17,2,106923,106686,182919,106335,0.549682,-71.0759
10.250-17,3,106923,106686,182919,106335,0.549682,-71.0759
10.250-17,4,106923,106686,182919,106202,0.67407,-71.0759
10.250-17,5,106923,106686,182919,106335,0.549682,-71.0759
10.250-17,6,106923,106686,182919,106335,0.549682,-71.0759
10.250-17,7,106923,106686,182919,106341,0.54407,-71.0759
10.250-17,8,106923,106686,182919,106341,0.54407,-71.0759
10.250-17,9,106923,106686,182919,106335,0.549682,-71.0759
10.250-18,0,110094,109825,189048,109410,0.621687,-71.7144
10.250-18,1,110094,109825,189048,109410,0.621687,-71.7144
10.250-18,2,110094,109825,189048,109410,0.621687,-71.7144
10.250-18,3,110094,109825,189048,109463,0.573546,-71.7144
10.250-18,4,110094,109825,189048,109410,0.621687,-71.7144
10.250-18,5,110094,109825,189048,109399,0.631678,-71.7144
10.250-18,6,110094,109825,189048,109410,0.621687,-71.7144
10.250-18,7,110094,109825,189048,109410,0.621687,-71.7144
10.250-18,8,110094,109825,189048,109494,0.545388,-71.7144
10.250-18,9,110094,109825,189048,109410,0.621687,-71.7144
10.250-19,0,106973,106723,182212,106408,0.528238,-70.3345
10.250-19,1,106973,106723,182212,106362,0.571239,-70.3345
10.250-19,2,106973,106723,182212,106464,0.475888,-70.3345
10.250-19,3,106973,106723,182212,106408,0.528238,-70.3345
10.250-19,4,106973,106723,182212,106362,0.571239,-70.3345
10.250-19,5,106973,106723,182212,106408,0.528238,-70.3345
10.250-19,6,106973,106723,182212,106362,0.571239,-70.3345
10.250-19,7,106973,106723,182212,106408,0.528238,-70.3345
10.250-19,8,106973,106723,182212,106362,0.571239,-70.3345
10.250-19,9,106973,106723,182212,106408,0.528238,-70.3345
10.250-20,0,152031,151790,187423,151646,0.253491,-23.2791
10.250-20,1,152031,151790,187423,151646,0.253491,-23.2791
10.250-20,2,152031,151790,187423,151646,0.253491,-23.2791
10.250-20,3,152031,151790,187423,151646,0.253491,-23.2791
10.250-20,4,152031,151790,187423,151646,0.253491,-23.2791
10.250-20,5,152031,151790,187423,151646,0.253491,-23.2791
10.250-20,6,152031,151790,187423,151646,0.253491,-23.2791
10.250-20,7,152031,151790,187423,151646,0.253491,-23.2791
10.250-20,8,152031,151790,187423,151646,0.253491,-23.2791
10.250-20,9,152031,151790,187423,151646,0.253491,-23.2791
10.250-21,0,149022,148772,183595,148772,0.167504,-23.2002
10.250-21,1,149022,148772,183595,148686,0.225213,-23.2002
10.250-21,2,149022,148772,183595,148686,0.225213,-23.2002
10.250-21,3,149022,148772,183595,148686,0.225213,-23.2002
10.250-21,4,149022,148772,183595,148686,0.225213,-23.2002
10.250-21,5,149022,148772,183595,148686,0.225213,-23.2002
10.250-21,6,149022,148772,183595,148686,0.225213,-23.2002
10.250-21,7,149022,148772,183595,148686,0.225213,-23.2002
10.250-21,8,149022,148772,183595,148686,0.225213,-23.2002
10.250-21,9,149022,148772,183595,148686,0.225213,-23.2002
10.250-22,0,152141,151900,188005,151832,0.203272,-23.5727
10.250-22,1,152141,151900,188005,151832,0.203272,-23.5727
10.250-22,2,152141,151900,188005,151832,0.203272,-23.5727
10.250-22,3,152141,151900,188005,151832,0.203272,-23.5727
10.250-22,4,152141,151900,188005,151832,0.203272,-23.5727
10.250-22,5,152141,151900,188005,151832,0.203272,-23.5727
10.250-22,6,152141,151900,188005,151832,0.203272,-23.5727
10.250-22,7,152141,151900,188005,151832,0.203272,-23.5727
10.250-22,8,152141,151900,188005,151832,0.203272,-23.5727
10.250-22,9,152141,151900,188005,151832,0.203272,-23.5727
10.250-23,0,151490,151275,186792,151035,0.300364,-23.3032
10.250-23,1,151490,151275,186792,151035,0.300364,-23.3032
10.250-23,2,151490,151275,186792,151041,0.296403,-23.3032
10.250-23,3,151490,151275,186792,151035,0.300364,-23.3032
10.250-23,4,151490,151275,186792,151035,0.300364,-23.3032
10.250-23,5,151490,151275,186792,151035,0.300364,-23.3032
10.250-23,6,151490,151275,186792,151035,0.300364,-23.3032
10.250-23,7,151490,151275,186792,151041,0.296403,-23.3032
10.250-23,8,151490,151275,186792,151035,0.300364,-23.3032
10.250-23,9,151490,151275,186792,151041,0.296403,-23.3032
10.250-24,0,152170,151948,188190,151563,0.398603,-23.6713
10.250-24,1,152170,151948,188190,151910,0.170567,-23.6713
10.250-24,2,152170,151948,188190,151563,0.398603,-23.6713
10.250-24,3,152170,151948,188190,151526,0.422918,-23.6713
10.250-24,4,152170,151948,188190,151910,0.170567,-23.6713
10.250-24,5,152170,151948,188190,151563,0.398603,-23.6713
10.250-24,6,152170,151948,188190,151910,0.170567,-23.6713
10.250-24,7,152170,151948,188190,151563,0.398603,-23.6713
10.250-24,8,152170,151948,188190,151910,0.170567,-23.6713
10.250-24,9,152170,151948,188190,151526,0.422918,-23.6713
10.250-25,0,152327,152109,187794,151841,0.31889,-23.2837
10.250-25,1,152327,152109,187794,151841,0.31889,-23.2837
10.250-25,2,152327,152109,187794,151841,0.31889,-23.2837
10.250-25,3,152327,152109,187794,151841,0.31889,-23.2837
10.250-25,4,152327,152109,187794,151841,0.31889,-23.2837
10.250-25,5,152327,152109,187794,151841,0.31889,-23.2837
10.250-25,6,152327,152109,187794,151841,0.31889,-23.2837
10.250-25,7,152327,152109,187794,151841,0.31889,-23.2837
10.250-25,8,152327,152109,187794,151841,0.31889,-23.2837
10.250-25,9,152327,152109,187794,151841,0.31889,-23.2837
10.250-26,0,153365,153131,188703,152877,0.318479,-23.0414
10.250-26,1,153365,153131,188703,152877,0.318479,-23.0414
10.250-26,2,153365,153131,188703,152877,0.318479,-23.0414
10.250-26,3,153365,153131,188703,152877,0.318479,-23.0414
10.250-26,4,153365,153131,188703,152877,0.318479,-23.0414
10.250-26,5,153365,153131,188703,152877,0.318479,-23.0414
10.250-26,6,153365,153131,188703,152950,0.27088,-23.0414
10.250-26,7,153365,153131,188703,152877,0.318479,-23.0414
10.250-26,8,153365,153131,188703,152877,0.318479,-23.0414
10.250-26,9,153365,153131,188703,152877,0.318479,-23.0414
10.250-27,0,153765,153520,190051,153163,0.391612,-23.5982
10.250-27,1,153765,153520,190051,153240,0.341536,-23.5982
10.250-27,2,153765,153520,190051,153176,0.383158,-23.5982
10.250-27,3,153765,153520,190051,153163,0.391612,-23.5982
10.250-27,4,153765,153520,190051,153176,0.383158,-23.5982
10.250-27,5,153765,153520,190051,153163,0.391612,-23.5982
10.250-27,6,153765,153520,190051,153163,0.391612,-23.5982
10.250-27,7,153765,153520,190051,153163,0.391612,-23.5982
10.250-27,8,153765,153520,190051,153163,0.391612,-23.5982
10.250-27,9,153765,153520,190051,153163,0.391612,-23.5982
10.250-28,0,149373,149155,184110,148881,0.329261,-23.2554
10.250-28,1,149373,149155,184110,148881,0.329261,-23.2554
10.250-28,2,149373,149155,184110,148881,0.329261,-23.2554
10.250-28,3,149373,149155,184110,148881,0.329261,-23.2554
10.250-28,4,149373,149155,184110,148881,0.329261,-23.2554
10.250-28,5,149373,149155,184110,148881,0.329261,-23.2554
10.250-28,6,149373,149155,184110,148881,0.329261,-23.2554
10.250-28,7,149373,149155,184110,148881,0.329261,-23.2554
10.250-28,8,149373,149155,184110,148881,0.329261,-23.2554
10.250-28,9,149373,149155,184110,148881,0.329261,-23.2554
10.250-29,0,149917,149704,184681,149499,0.278636,-23.1891
10.250-29,1,149917,149704,184681,149499,0.278636,-23.1891
10.250-29,2,149917,149704,184681,149499,0.278636,-23.1891
10.250-29,3,149917,149704,184681,149369,0.365351,-23.1891
10.250-29,4,149917,149704,184681,149369,0.365351,-23.1891
10.250-29,5,149917,149704,184681,149392,0.350009,-23.1891
10.250-29,6,149917,149704,184681,149499,0.278636,-23.1891
10.250-29,7,149917,149704,184681,149369,0.365351,-23.1891
10.250-29,8,149917,149704,184681,149499,0.278636,-23.1891
10.250-29,9,149917,149704,184681,149369,0.365351,-23.1891
10.500-00,0,118019,117726,375217,117290,0.618099,-217.928
10.500-00,1,118019,117726,375217,117199,0.695205,-217.928
10.500-00,2,118019,117726,375217,117290,0.618099,-217.928
10.500-00,3,118019,117726,375217,117199,0.695205,-217.928
10.500-00,4,118019,117726,375217,117290,0.618099,-217.928
10.500-00,5,118019,117726,375217,117199,0.695205,-217.928
10.500-00,6,118019,117726,375217,117199,0.695205,-217.928
10.500-00,7,118019,117726,375217,117199,0.695205,-217.928
10.500-00,8,118019,117726,375217,117199,0.695205,-217.928
10.500-00,9,118019,117726,375217,117199,0.695205,-217.928
10.500-01,0,119437,119139,376889,118785,0.546134,-215.554
10.500-01,1,119437,119139,376889,118785,0.546134,-215.554
10.500-01,2,119437,119139,376889,118785,0.546134,-215.554
10.500-01,3,119437,119139,376889,118785,0.546134,-215.554
10.500-01,4,119437,119139,376889,118785,0.546134,-215.554
10.500-01,5,119437,119139,376889,118785,0.546134,-215.554
10.500-01,6,119437,119139,376889,118785,0.546134,-215.554
10.500-01,7,119437,119139,376889,118785,0.546134,-215.554
10.500-01,8,119437,119139,376889,118785,0.546134,-215.554
10.500-01,9,119437,119139,376889,118785,0.546134,-215.554
10.500-02,0,119406,119159,376063,118761,0.539924,-214.946
10.500-02,1,119406,119159,376063,118761,0.539924,-214.946
10.500-02,2,119406,119159,376063,118761,0.539924,-214.946
10.500-02,3,119406,119159,376063,118761,0.539924,-214.946
10.500-02,4,119406,119159,376063,118761,0.539924,-214.946
10.500-02,5,119406,119159,376063,118761,0.539924,-214.946
10.500-02,6,119406,119159,376063,118761,0.539924,-214.946
10.500-02,7,119406,119159,376063,118761,0.539924,-214.946
10.500-02,8,119406,119159,376063,118761,0.539924,-214.946
10.500-02,9,119406,119159,376063,118761,0.539924,-214.946
10.500-03,0,119066,118802,375765,118360,0.593026,-215.594
10.500-03,1,119066,118802,375765,118360,0.593026,-215.594
10.500-03,2,119066,118802,375765,118360,0.593026,-215.594
10.500-03,3,119066,118802,375765,118360,0.593026,-215.594
10.500-03,4,119066,118802,375765,118360,0.593026,-215.594
10.500-03,5,119066,118802,375765,118326,0.621582,-215.594
10.500-03,6,119066,118802,375765,118360,0.593026,-215.594
10.500-03,7,119066,118802,375765,118360,0.593026,-215.594
10.500-03,8,119066,118802,375765,118360,0.593026,-215.594
10.500-03,9,119066,118802,375765,118326,0.621582,-215.594
10.500-04,0,116698,116434,369238,116058,0.548386,-216.405
10.500-04,1,116698,116434,369238,116058,0.548386,-216.405
10.500-04,2,116698,116434,369238,116058,0.548386,-216.405
10.500-04,3,116698,116434,369238,116058,0.548386,-216.405
10.500-04,4,116698,116434,369238,116058,0.548386,-216.405
10.500-04,5,116698,116434,369238,116058,0.548386,-216.405
10.500-04,6,116698,116434,369238,116137,0.48069,-216.405
10.500-04,7,116698,116434,369238,116058,0.548386,-216.405
10.500-04,8,116698,116434,369238,116058,0.548386,-216.405
10.500-04,9,116698,116434,369238,116058,0.548386,-216.405
10.500-05,0,119710,119454,372278,118946,0.638171,-210.983
10.500-05,1,119710,119454,372278,119042,0.557977,-210.983
10.500-05,2,119710,119454,372278,119042,0.557977,-210.983
10.500-05,3,119710,119454,372278,119042,0.557977,-210.983
10.500-05,4,119710,119454,372278,119042,0.557977,-210.983
10.500-05,5,119710,119454,372278,118946,0.638171,-210.983
10.500-05,6,119710,119454,372278,119042,0.557977,-210.983
10.500-05,7,119710,119454,372278,119042,0.557977,-210.983
10.500-05,8,119710,119454,372278,119042,0.557977,-210.983
10.500-05,9,119710,119454,372278,119042,0.557977,-210.983
10.500-06,0,120033,119749,375160,119180,0.710896,-212.547
10.500-06,1,120033,119749,375160,119190,0.702565,-212.547
10.500-06,2,120033,119749,375160,119180,0.710896,-212.547
10.500-06,3,120033,119749,375160,119272,0.634251,-212.547
10.500-06,4,120033,119749,375160,119356,0.56427,-212.547
10.500-06,5,120033,119749,375160,119356,0.56427,-212.547
10.500-06,6,120033,119749,375160,119190,0.702565,-212.547
10.500-06,7,120033,119749,375160,119356,0.56427,-212.547
10.500-06,8,120033,119749,375160,119180,0.710896,-212.547
10.500-06,9,120033,119749,375160,119272,0.634251,-212.547
10.500-07,0,118546,118288,374573,117940,0.510947,-215.973
10.500-07,1,118546,118288,374573,117940,0.510947,-215.973
10.500-07,2,118546,118288,374573,117883,0.55903,-215.973
10.500-07,3,118546,118288,374573,117940,0.510947,-215.973
10.500-07,4,118546,118288,374573,117883,0.55903,-215.973
10.500-07,5,118546,118288,374573,117940,0.510947,-215.973
10.500-07,6,118546,118288,374573,117883,0.55903,-215.973
10.500-07,7,118546,118288,374573,117883,0.55903,-215.973
10.500-07,8,118546,118288,374573,117883,0.55903,-215.973
10.500-07,9,118546,118288,374573,117883,0.55903,-215.973
10.500-08,0,118002,117779,373670,117444,0.472533,-216.665
10.500-08,1,118002,117779,373670,117444,0.472533,-216.665
10.500-08,2,118002,117779,373670,117444,0.472533,-216.665
10.500-08,3,118002,117779,373670,117444,0.472533,-216.665
10.500-08,4,118002,117779,373670,117444,0.472533,-216.665
10.500-08,5,118002,117779,373670,117444,0.472533,-216.665
10.500-08,6,118002,117779,373670,117444,0.472533,-216.665
10.500-08,7,118002,117779,373670,117108,0.757275,-216.665
10.500-08,8,118002,117779,373670,117444,0.472533,-216.665
10.500-08,9,118002,117779,373670,117444,0.472533,-216.665
10.500-09,0,119441,119125,376502,118943,0.416646,-215.221
10.500-09,1,119441,119125,376502,118943,0.416646,-215.221
10.500-09,2,119441,119125,376502,118943,0.416646,-215.221
10.500-09,3,119441,119125,376502,118943,0.416646,-215.221
10.500-09,4,119441,119125,376502,118943,0.416646,-215.221
10.500-09,5,119441,119125,376502,118943,0.416646,-215.221
10.500-09,6,119441,119125,376502,118757,0.572372,-215.221
10.500-09,7,119441,119125,376502,118943,0.416646,-215.221
10.500-09,8,119441,119125,376502,118943,0.416646,-215.221
10.500-09,9,119441,119125,376502,118943,0.416646,-215.221
10.500-10,0,217553,217318,374959,217068,0.222896,-72.353
10.500-10,1,217553,217318,374959,217068,0.222896,-72.353
10.500-10,2,217553,217318,374959,217068,0.222896,-72.353
10.500-10,3,217553,217318,374959,217068,0.222896,-72.353
10.500-10,4,217553,217318,374959,217068,0.222896,-72.353
10.500-10,5,217553,217318,374959,217068,0.222896,-72.353
10.500-10,6,217553,217318,374959,217068,0.222896,-72.353
10.500-10,7,217553,217318,374959,217068,0.222896,-72.353
10.500-10,8,217553,217318,374959,217068,0.222896,-72.353
10.500-10,9,217553,217318,374959,217068,0.222896,-72.353
10.500-11,0,219255,219022,374975,218641,0.280126,-71.0222
10.500-11,1,219255,219022,374975,218641,0.280126,-71.0222
10.500-11,2,219255,219022,374975,218641,0.280126,-71.0222
10.500-11,3,219255,219022,374975,218641,0.280126,-71.0222
10.500-11,4,219255,219022,374975,218641,0.280126,-71.0222
10.500-11,5,219255,219022,374975,218641,0.280126,-71.0222
10.500-11,6,219255,219022,374975,218641,0.280126,-71.0222
10.500-11,7,219255,219022,374975,218641,0.280126,-71.0222
10.500-11,8,219255,219022,374975,218641,0.280126,-71.0222
10.500-11,9,219255,219022,374975,218641,0.280126,-71.0222
10.500-12,0,217988,217772,372739,217500,0.223766,-70.9908
10.500-12,1,217988,217772,372739,217500,0.223766,-70.9908
10.500-12,2,217988,217772,372739,217484,0.231105,-70.9908
10.500-12,3,217988,217772,372739,217500,0.223766,-70.9908
10.500-12,4,217988,217772,372739,217484,0.231105,-70.9908
10.500-12,5,217988,217772,372739,217500,0.223766,-70.9908
10.500-12,6,217988,217772,372739,217471,0.237069,-70.9908
10.500-12,7,217988,217772,372739,217500,0.223766,-70.9908
10.500-12,8,217988,217772,372739,217500,0.223766,-70.9908
10.500-12,9,217988,217772,372739,217500,0.223766,-70.9908
10.500-13,0,217041,216802,369498,216455,0.269843,-70.2437
10.500-13,1,217041,216802,369498,216455,0.269843,-70.2437
10.500-13,2,217041,216802,369498,216455,0.269843,-70.2437
10.500-13,3,217041,216802,369498,216455,0.269843,-70.2437
10.500-13,4,217041,216802,369498,216455,0.269843,-70.2437
10.500-13,5,217041,216802,369498,216455,0.269843,-70.2437
10.500-13,6,217041,216802,369498,216455,0.269843,-70.2437
10.500-13,7,217041,216802,369498,216455,0.269843,-70.2437
10.500-13,8,217041,216802,369498,216455,0.269843,-70.2437
10.500-13,9,217041,216802,369498,216455,0.269843,-70.2437
10.500-14,0,214010,213809,368307,213475,0.250135,-72.0978
10.500-14,1,214010,213809,368307,213475,0.250135,-72.0978
10.500-14,2,214010,213809,368307,213475,0.250135,-72.0978
10.500-14,3,214010,213809,368307,213412,0.279572,-72.0978
10.500-14,4,214010,213809,368307,213412,0.279572,-72.0978
10.500-14,5,214010,213809,368307,213475,0.250135,-72.0978
10.500-14,6,214010,213809,368307,213215,0.371624,-72.0978
10.500-14,7,214010,213809,368307,213475,0.250135,-72.0978
10.500-14,8,214010,213809,368307,213475,0.250135,-72.0978
10.500-14,9,214010,213809,368307,213475,0.250135,-72.0978
10.500-15,0,215261,215013,367218,214676,0.271917,-70.5917
10.500-15,1,215261,215013,367218,214676,0.271917,-70.5917
10.500-15,2,215261,215013,367218,214654,0.282137,-70.5917
10.500-15,3,215261,215013,367218,214654,0.282137,-70.5917
10.500-15,4,215261,215013,367218,214654,0.282137,-70.5917
10.500-15,5,215261,215013,367218,214676,0.271917,-70.5917
10.500-15,6,215261,215013,367218,214676,0.271917,-70.5917
10.500-15,7,215261,215013,367218,214699,0.261232,-70.5917
10.500-15,8,215261,215013,367218,214654,0.282137,-70.5917
10.500-15,9,215261,215013,367218,214759,0.233359,-70.5917
10.500-16,0,218109,217896,372116,217536,0.262803,-70.61
10.500-16,1,218109,217896,372116,217427,0.312778,-70.61
10.500-16,2,218109,217896,372116,217536,0.262803,-70.61
10.500-16,3,218109,217896,372116,217536,0.262803,-70.61
10.500-16,4,218109,217896,372116,217443,0.305443,-70.61
10.500-16,5,218109,217896,372116,217536,0.262803,-70.61
10.500-16,6,218109,217896,372116,217443,0.305443,-70.61
10.500-16,7,218109,217896,372116,217427,0.312778,-70.61
10.500-16,8,218109,217896,372116,217536,0.262803,-70.61
10.500-16,9,218109,217896,372116,217536,0.262803,-70.61
10.500-17,0,220176,219949,377633,219491,0.310915,-71.5145
10.500-17,1,220176,219949,377633,219588,0.266859,-71.5145
10.500-17,2,220176,219949,377633,219488,0.312278,-71.5145
10.500-17,3,220176,219949,377633,219491,0.310915,-71.5145
10.500-17,4,220176,219949,377633,219588,0.266859,-71.5145
10.500-17,5,220176,219949,377633,219588,0.266859,-71.5145
10.500-17,6,220176,219949,377633,219579,0.270947,-71.5145
10.500-17,7,220176,219949,377633,219588,0.266859,-71.5145
10.500-17,8,220176,219949,377633,219491,0.310915,-71.5145
10.500-17,9,220176,219949,377633,219488,0.312278,-71.5145
10.500-18,0,214561,214332,366944,213836,0.337918,-71.0208
10.500-18,1,214561,214332,366944,213890,0.312751,-71.0208
10.500-18,2,214561,214332,366944,213890,0.312751,-71.0208
10.500-18,3,214561,214332,366944,213836,0.337918,-71.0208
10.500-18,4,214561,214332,366944,213890,0.312751,-71.0208
10.500-18,5,214561,214332,366944,213890,0.312751,-71.0208
10.500-18,6,214561,214332,366944,213870,0.322072,-71.0208
10.500-18,7,214561,214332,366944,213890,0.312751,-71.0208
10.500-18,8,214561,214332,366944,213934,0.292244,-71.0208
10.500-18,9,214561,214332,366944,213890,0.312751,-71.0208
10.500-19,0,221084,220833,380719,220437,0.292485,-72.2059
10.500-19,1,221084,220833,380719,220433,0.294294,-72.2059
10.500-19,2,221084,220833,380719,220433,0.294294,-72.2059
10.500-19,3,221084,220833,380719,220437,0.292485,-72.2059
10.500-19,4,221084,220833,380719,220437,0.292485,-72.2059
10.500-19,5,221084,220833,380719,220433,0.294294,-72.2059
10.500-19,6,221084,220833,380719,220433,0.294294,-72.2059
10.500-19,7,221084,220833,380719,220433,0.294294,-72.2059
10.500-19,8,221084,220833,380719,220433,0.294294,-72.2059
10.500-19,9,221084,220833,380719,220437,0.292485,-72.2059
10.500-20,0,304555,304344,374439,304214,0.111977,-22.9463
10.500-20,1,304555,304344,374439,304214,0.111977,-22.9463
10.500-20,2,304555,304344,374439,304063,0.161558,-22.9463
10.500-20,3,304555,304344,374439,304214,0.111977,-22.9463
10.500-20,4,304555,304344,374439,304063,0.161558,-22.9463
10.500-20,5,304555,304344,374439,304214,0.111977,-22.9463
10.500-20,6,304555,304344,374439,304063,0.161558,-22.9463
10.500-20,7,304555,304344,374439,304063,0.161558,-22.9463
10.500-20,8,304555,304344,374439,304063,0.161558,-22.9463
10.500-20,9,304555,304344,374439,304214,0.111977,-22.9463
10.500-21,0,302553,302332,372296,301961,0.195658,-23.0515
10.500-21,1,302553,302332,372296,301961,0.195658,-23.0515
10.500-21,2,302553,302332,372296,302057,0.163928,-23.0515
10.500-21,3,302553,302332,372296,302057,0.163928,-23.0515
10.500-21,4,302553,302332,372296,302057,0.163928,-23.0515
10.500-21,5,302553,302332,372296,302057,0.163928,-23.0515
10.500-21,6,302553,302332,372296,302057,0.163928,-23.0515
10.500-21,7,302553,302332,372296,302057,0.163928,-23.0515
10.500-21,8,302553,302332,372296,301961,0.195658,-23.0515
10.500-21,9,302553,302332,372296,302034,0.17153,-23.0515
10.500-22,0,302582,302354,373592,302057,0.173356,-23.4682
10.500-22,1,302582,302354,373592,302234,0.11486,-23.4682
10.500-22,2,302582,302354,373592,302057,0.173356,-23.4682
10.500-22,3,302582,302354,373592,302234,0.11486,-23.4682
10.500-22,4,302582,302354,373592,302234,0.11486,-23.4682
10.500-22,5,302582,302354,373592,302057,0.173356,-23.4682
10.500-22,6,302582,302354,373592,302048,0.176331,-23.4682
10.500-22,7,302582,302354,373592,302234,0.11486,-23.4682
10.500-22,8,302582,302354,373592,302057,0.173356,-23.4682
10.500-22,9,302582,302354,373592,302234,0.11486,-23.4682
10.500-23,0,300957,300743,370423,300479,0.158735,-23.0818
10.500-23,1,300957,300743,370423,300440,0.171693,-23.0818
10.500-23,2,300957,300743,370423,300440,0.171693,-23.0818
10.500-23,3,300957,300743,370423,300440,0.171693,-23.0818
10.500-23,4,300957,300743,370423,300440,0.171693,-23.0818
10.500-23,5,300957,300743,370423,300440,0.171693,-23.0818
10.500-23,6,300957,300743,370423,300440,0.171693,-23.0818
10.500-23,7,300957,300743,370423,300479,0.158735,-23.0818
10.500-23,8,300957,300743,370423,300479,0.158735,-23.0818
10.500-23,9,300957,300743,370423,300479,0.158735,-23.0818
10.500-24,0,304585,304344,374800,304003,0.190993,-23.0528
10.500-24,1,304585,304344,374800,304003,0.190993,-23.0528
10.500-24,2,304585,304344,374800,304013,0.18771,-23.0528
10.500-24,3,304585,304344,374800,304013,0.18771,-23.0528
10.500-24,4,304585,304344,374800,304003,0.190993,-23.0528
10.500-24,5,304585,304344,374800,304003,0.190993,-23.0528
10.500-24,6,304585,304344,374800,303970,0.201827,-23.0528
10.500-24,7,304585,304344,374800,304003,0.190993,-23.0528
10.500-24,8,304585,304344,374800,304003,0.190993,-23.0528
10.500-24,9,304585,304344,374800,304003,0.190993,-23.0528
10.500-25,0,301953,301730,373443,301489,0.153506,-23.6761
10.500-25,1,301953,301730,373443,301372,0.192254,-23.6761
10.500-25,2,301953,301730,373443,301489,0.153506,-23.6761
10.500-25,3,301953,301730,373443,301522,0.142577,-23.6761
10.500-25,4,301953,301730,373443,301489,0.153506,-23.6761
10.500-25,5,301953,301730,373443,301522,0.142577,-23.6761
10.500-25,6,301953,301730,373443,301489,0.153506,-23.6761
10.500-25,7,301953,301730,373443,301489,0.153506,-23.6761
10.500-25,8,301953,301730,373443,301489,0.153506,-23.6761
10.500-25,9,301953,301730,373443,301483,0.155493,-23.6761
10.500-26,0,305140,304949,375676,304745,0.129359,-23.1161
10.500-26,1,305140,304949,375676,304745,0.129359,-23.1161
10.500-26,2,305140,304949,375676,304745,0.129359,-23.1161
10.500-26,3,305140,304949,375676,304745,0.129359,-23.1161
10.500-26,4,305140,304949,375676,304745,0.129359,-23.1161
10.500-26,5,305140,304949,375676,304745,0.129359,-23.1161
10.500-26,6,305140,304949,375676,304745,0.129359,-23.1161
10.500-26,7,305140,304949,375676,304745,0.129359,-23.1161
10.500-26,8,305140,304949,375676,304745,0.129359,-23.1161
10.500-26,9,305140,304949,375676,304745,0.129359,-23.1161
10.500-27,0,296637,296437,365948,296172,0.156614,-23.3658
10.500-27,1,296637,296437,365948,296172,0.156614,-23.3658
10.500-27,2,296637,296437,365948,296172,0.156614,-23.3658
10.500-27,3,296637,296437,365948,296138,0.168075,-23.3658
10.500-27,4,296637,296437,365948,296287,0.117846,-23.3658
10.500-27,5,296637,296437,365948,296138,0.168075,-23.3658
10.500-27,6,296637,296437,365948,296287,0.117846,-23.3658
10.500-27,7,296637,296437,365948,296287,0.117846,-23.3658
10.500-27,8,296637,296437,365948,296172,0.156614,-23.3658
10.500-27,9,296637,296437,365948,296172,0.156614,-23.3658
10.500-28,0,301548,301313,370800,301053,0.16403,-22.9656
10.500-28,1,301548,301313,370800,301053,0.16403,-22.9656
10.500-28,2,301548,301313,370800,301131,0.138163,-22.9656
10.500-28,3,301548,301313,370800,301053,0.16403,-22.9656
10.500-28,4,301548,301313,370800,301053,0.16403,-22.9656
10.500-28,5,301548,301313,370800,301053,0.16403,-22.9656
10.500-28,6,301548,301313,370800,301053,0.16403,-22.9656
10.500-28,7,301548,301313,370800,301053,0.16403,-22.9656
10.500-28,8,301548,301313,370800,301053,0.16403,-22.9656
10.500-28,9,301548,301313,370800,301053,0.16403,-22.9656
10.500-29,0,307250,307014,377850,306787,0.15069,-22.978
10.500-29,1,307250,307014,377850,306787,0.15069,-22.978
10.500-29,2,307250,307014,377850,306787,0.15069,-22.978
10.500-29,3,307250,307014,377850,306787,0.15069,-22.978
10.500-29,4,307250,307014,377850,306787,0.15069,-22.978
10.500-29,5,307250,307014,377850,306787,0.15069,-22.978
10.500-29,6,307250,307014,377850,306787,0.15069,-22.978
10.500-29,7,307250,307014,377850,306632,0.201137,-22.978
10.500-29,8,307250,307014,377850,306787,0.15069,-22.978
10.500-29,9,307250,307014,377850,306787,0.15069,-22.978
30.100-00,0,22579.1,21946,74075,21547,4.57091,-228.069
30.100-00,1,22579.1,21946,74075,21686,3.9553,-228.069
30.100-00,2,22579.1,21946,74075,21787,3.50798,-228.069
30.100-00,3,22579.1,21946,74075,21640,4.15903,-228.069
30.100-00,4,22579.1,21946,74075,21618,4.25646,-228.069
30.100-00,5,22579.1,21946,74075,21610,4.29189,-228.069
30.100-00,6,22579.1,21946,74075,21647,4.12802,-228.069
30.100-00,7,22579.1,21946,74075,21544,4.5842,-228.069
30.100-00,8,22579.1,21946,74075,21675,4.00401,-228.069
30.100-00,9,22579.1,21946,74075,21640,4.15903,-228.069
30.100-01,0,22367.8,21716,74659,21526,3.76364,-233.778
30.100-01,1,22367.8,21716,74659,21397,4.34036,-233.778
30.100-01,2,22367.8,21716,74659,21390,4.37165,-233.778
30.100-01,3,22367.8,21716,74659,21526,3.76364,-233.778
30.100-01,4,22367.8,21716,74659,21409,4.28671,-233.778
30.100-01,5,22367.8,21716,74659,21460,4.0587,-233.778
30.100-01,6,22367.8,21716,74659,21526,3.76364,-233.778
30.100-01,7,22367.8,21716,74659,21442,4.13918,-233.778
30.100-01,8,22367.8,21716,74659,21366,4.47895,-233.778
30.100-01,9,22367.8,21716,74659,21512,3.82623,-233.778
30.100-02,0,21270.5,20754,71255,20384,4.16775,-234.994
30.100-02,1,21270.5,20754,71255,20438,3.91388,-234.994
30.100-02,2,21270.5,20754,71255,20320,4.46864,-234.994
30.100-02,3,21270.5,20754,71255,20425,3.97499,-234.994
30.100-02,4,21270.5,20754,71255,20613,3.09114,-234.994
30.100-02,5,21270.5,20754,71255,20473,3.74933,-234.994
30.100-02,6,21270.5,20754,71255,20397,4.10663,-234.994
30.100-02,7,21270.5,20754,71255,20525,3.50486,-234.994
30.100-02,8,21270.5,20754,71255,20509,3.58008,-234.994
30.100-02,9,21270.5,20754,71255,20456,3.82925,-234.994
30.100-03,0,22049.6,21464,73759,21182,3.93492,-234.513
30.100-03,1,22049.6,21464,73759,21113,4.24785,-234.513
30.100-03,2,22049.6,21464,73759,21151,4.07551,-234.513
30.100-03,3,22049.6,21464,73759,21142,4.11632,-234.513
30.100-03,4,22049.6,21464,73759,21179,3.94852,-234.513
30.100-03,5,22049.6,21464,73759,21182,3.93492,-234.513
30.100-03,6,22049.6,21464,73759,21250,3.62652,-234.513
30.100-03,7,22049.6,21464,73759,21209,3.81246,-234.513
30.100-03,8,22049.6,21464,73759,21244,3.65373,-234.513
30.100-03,9,22049.6,21464,73759,21213,3.79432,-234.513
30.100-04,0,22531.5,21814,76632,21306,5.43886,-240.111
30.100-04,1,22531.5,21814,76632,21396,5.03942,-240.111
30.100-04,2,22531.5,21814,76632,21329,5.33678,-240.111
30.100-04,3,22531.5,21814,76632,21376,5.12818,-240.111
30.100-04,4,22531.5,21814,76632,21357,5.21251,-240.111
30.100-04,5,22531.5,21814,76632,21696,3.70795,-240.111
30.100-04,6,22531.5,21814,76632,21639,3.96093,-240.111
30.100-04,7,22531.5,21814,76632,21359,5.20364,-240.111
30.100-04,8,22531.5,21814,76632,21355,5.22139,-240.111
30.100-04,9,22531.5,21814,76632,21508,4.54234,-240.111
30.100-05,0,22910.1,22176,75953,21930,4.27791,-231.527
30.100-05,1,22910.1,22176,75953,21969,4.10768,-231.527
30.100-05,2,22910.1,22176,75953,22009,3.93308,-231.527
30.100-05,3,22910.1,22176,75953,22083,3.61008,-231.527
30.100-05,4,22910.1,22176,75953,22104,3.51842,-231.527
30.100-05,5,22910.1,22176,75953,22006,3.94618,-231.527
30.100-05,6,22910.1,22176,75953,21937,4.24736,-231.527
30.100-05,7,22910.1,22176,75953,22176,3.20415,-231.527
30.100-05,8,22910.1,22176,75953,22176,3.20415,-231.527
30.100-05,9,22910.1,22176,75953,22044,3.78031,-231.527
30.100-06,0,22530.1,21799,74855,21579,4.22143,-232.245
30.100-06,1,22530.1,21799,74855,21625,4.01726,-232.245
30.100-06,2,22530.1,21799,74855,21510,4.52768,-232.245
30.100-06,3,22530.1,21799,74855,21474,4.68747,-232.245
30.100-06,4,22530.1,21799,74855,21449,4.79843,-232.245
30.100-06,5,22530.1,21799,74855,21536,4.41228,-232.245
30.100-06,6,22530.1,21799,74855,21701,3.67993,-232.245
30.100-06,7,22530.1,21799,74855,21657,3.87522,-232.245
30.100-06,8,22530.1,21799,74855,21701,3.67993,-232.245
30.100-06,9,22530.1,21799,74855,21515,4.50549,-232.245
30.100-07,0,22088.8,21397,74958,21170,4.15939,-239.349
30.100-07,1,22088.8,21397,74958,21169,4.16392,-239.349
30.100-07,2,22088.8,21397,74958,21133,4.3269,-239.349
30.100-07,3,22088.8,21397,74958,21087,4.53515,-239.349
30.100-07,4,22088.8,21397,74958,21186,4.08696,-239.349
30.100-07,5,22088.8,21397,74958,21187,4.08243,-239.349
30.100-07,6,22088.8,21397,74958,21179,4.11865,-239.349
30.100-07,7,22088.8,21397,74958,21066,4.63022,-239.349
30.100-07,8,22088.8,21397,74958,21166,4.1775,-239.349
30.100-07,9,22088.8,21397,74958,21167,4.17298,-239.349
30.100-08,0,23201.2,22493,78958,22181,4.39721,-240.319
30.100-08,1,23201.2,22493,78958,22320,3.79811,-240.319
30.100-08,2,23201.2,22493,78958,22034,5.0308,-240.319
30.100-08,3,23201.2,22493,78958,22325,3.77656,-240.319
30.100-08,4,23201.2,22493,78958,22161,4.48342,-240.319
30.100-08,5,23201.2,22493,78958,22325,3.77656,-240.319
30.100-08,6,23201.2,22493,78958,22191,4.35411,-240.319
30.100-08,7,23201.2,22493,78958,22140,4.57393,-240.319
30.100-08,8,23201.2,22493,78958,22244,4.12568,-240.319
30.100-08,9,23201.2,22493,78958,22153,4.5179,-240.319
30.100-09,0,21524.8,20983,71904,20779,3.46492,-234.052
30.100-09,1,21524.8,20983,71904,20730,3.69257,-234.052
30.100-09,2,21524.8,20983,71904,20793,3.39988,-234.052
30.100-09,3,21524.8,20983,71904,20764,3.53461,-234.052
30.100-09,4,21524.8,20983,71904,20709,3.79013,-234.052
30.100-09,5,21524.8,20983,71904,20685,3.90163,-234.052
30.100-09,6,21524.8,20983,71904,20655,4.041,-234.052
30.100-09,7,21524.8,20983,71904,20793,3.39988,-234.052
30.100-09,8,21524.8,20983,71904,20701,3.82729,-234.052
30.100-09,9,21524.8,20983,71904,20793,3.39988,-234.052
30.100-10,0,41276.4,40767,73558,40429,2.0529,-78.2085
30.100-10,1,41276.4,40767,73558,40336,2.27821,-78.2085
30.100-10,2,41276.4,40767,73558,40609,1.61681,-78.2085
30.100-10,3,41276.4,40767,73558,40498,1.88573,-78.2085
30.100-10,4,41276.4,40767,73558,40333,2.28548,-78.2085
30.100-10,5,41276.4,40767,73558,40609,1.61681,-78.2085
30.100-10,6,41276.4,40767,73558,40302,2.36058,-78.2085
30.100-10,7,41276.4,40767,73558,40236,2.52048,-78.2085
30.100-10,8,41276.4,40767,73558,40572,1.70645,-78.2085
30.100-10,9,41276.4,40767,73558,40572,1.70645,-78.2085
30.100-11,0,41866.7,41304,74633,41272,1.42054,-78.2632
30.100-11,1,41866.7,41304,74633,41217,1.55191,-78.2632
30.100-11,2,41866.7,41304,74633,41145,1.72388,-78.2632
30.100-11,3,41866.7,41304,74633,40956,2.17532,-78.2632
30.100-11,4,41866.7,41304,74633,41094,1.8457,-78.2632
30.100-11,5,41866.7,41304,74633,41241,1.49458,-78.2632
30.100-11,6,41866.7,41304,74633,41217,1.55191,-78.2632
30.100-11,7,41866.7,41304,74633,41241,1.49458,-78.2632
30.100-11,8,41866.7,41304,74633,41217,1.55191,-78.2632
30.100-11,9,41866.7,41304,74633,41042,1.9699,-78.2632
30.100-12,0,42233,41560,74365,41443,1.87048,-76.0828
30.100-12,1,42233,41560,74365,41357,2.07412,-76.0828
30.100-12,2,42233,41560,74365,41545,1.62897,-76.0828
30.100-12,3,42233,41560,74365,41357,2.07412,-76.0828
30.100-12,4,42233,41560,74365,41385,2.00782,-76.0828
30.100-12,5,42233,41560,74365,41421,1.92258,-76.0828
30.100-12,6,42233,41560,74365,41372,2.0386,-76.0828
30.100-12,7,42233,41560,74365,41310,2.1854,-76.0828
30.100-12,8,42233,41560,74365,41305,2.19724,-76.0828
30.100-12,9,42233,41560,74365,41388,2.00071,-76.0828
30.100-13,0,41634.9,41041,73156,40859,1.86352,-75.7085
30.100-13,1,41634.9,41041,73156,41010,1.50085,-75.7085
30.100-13,2,41634.9,41041,73156,41010,1.50085,-75.7085
30.100-13,3,41634.9,41041,73156,40799,2.00763,-75.7085
30.100-13,4,41634.9,41041,73156,41010,1.50085,-75.7085
30.100-13,5,41634.9,41041,73156,40903,1.75784,-75.7085
30.100-13,6,41634.9,41041,73156,40863,1.85391,-75.7085
30.100-13,7,41634.9,41041,73156,40887,1.79627,-75.7085
30.100-13,8,41634.9,41041,73156,41010,1.50085,-75.7085
30.100-13,9,41634.9,41041,73156,40903,1.75784,-75.7085
30.100-14,0,41410.9,40872,74561,40625,1.89777,-80.0517
30.100-14,1,41410.9,40872,74561,40636,1.87121,-80.0517
30.100-14,2,41410.9,40872,74561,40656,1.82291,-80.0517
30.100-14,3,41410.9,40872,74561,40672,1.78428,-80.0517
30.100-14,4,41410.9,40872,74561,40664,1.8036,-80.0517
30.100-14,5,41410.9,40872,74561,40625,1.89777,-80.0517
30.100-14,6,41410.9,40872,74561,40660,1.81325,-80.0517
30.100-14,7,41410.9,40872,74561,40636,1.87121,-80.0517
30.100-14,8,41410.9,40872,74561,40718,1.67319,-80.0517
30.100-14,9,41410.9,40872,74561,40675,1.77703,-80.0517
30.100-15,0,41603.2,41058,73198,40966,1.53153,-75.9434
30.100-15,1,41603.2,41058,73198,40966,1.53153,-75.9434
30.100-15,2,41603.2,41058,73198,40879,1.74065,-75.9434
30.100-15,3,41603.2,41058,73198,40814,1.89688,-75.9434
30.100-15,4,41603.2,41058,73198,40892,1.7094,-75.9434
30.100-15,5,41603.2,41058,73198,40849,1.81276,-75.9434
30.100-15,6,41603.2,41058,73198,40950,1.56999,-75.9434
30.100-15,7,41603.2,41058,73198,40834,1.84881,-75.9434
30.100-15,8,41603.2,41058,73198,40912,1.66132,-75.9434
30.100-15,9,41603.2,41058,73198,40912,1.66132,-75.9434
30.100-16,0,41616.1,41062,73848,40872,1.78808,-77.4504
30.100-16,1,41616.1,41062,73848,40997,1.48772,-77.4504
30.100-16,2,41616.1,41062,73848,40690,2.22541,-77.4504
30.100-16,3,41616.1,41062,73848,40662,2.29269,-77.4504
30.100-16,4,41616.1,41062,73848,40714,2.16774,-77.4504
30.100-16,5,41616.1,41062,73848,40859,1.81932,-77.4504
30.100-16,6,41616.1,41062,73848,40743,2.09806,-77.4504
30.100-16,7,41616.1,41062,73848,40872,1.78808,-77.4504
30.100-16,8,41616.1,41062,73848,40838,1.86978,-77.4504
30.100-16,9,41616.1,41062,73848,40731,2.12689,-77.4504
30.100-17,0,43388,42719,75966,42428,2.2127,-75.0851
30.100-17,1,43388,42719,75966,42463,2.13204,-75.0851
30.100-17,2,43388,42719,75966,42490,2.06981,-75.0851
30.100-17,3,43388,42719,75966,42573,1.87851,-75.0851
30.100-17,4,43388,42719,75966,42474,2.10668,-75.0851
30.100-17,5,43388,42719,75966,42538,1.95918,-75.0851
30.100-17,6,43388,42719,75966,42615,1.78171,-75.0851
30.100-17,7,43388,42719,75966,42463,2.13204,-75.0851
30.100-17,8,43388,42719,75966,42619,1.77249,-75.0851
30.100-17,9,43388,42719,75966,42486,2.07903,-75.0851
30.100-18,0,42656.6,42230,75414,42230,0.999994,-76.7934
30.100-18,1,42656.6,42230,75414,41907,1.7572,-76.7934
30.100-18,2,42656.6,42230,75414,41839,1.91662,-76.7934
30.100-18,3,42656.6,42230,75414,42230,0.999994,-76.7934
30.100-18,4,42656.6,42230,75414,42230,0.999994,-76.7934
30.100-18,5,42656.6,42230,75414,42022,1.48761,-76.7934
30.100-18,6,42656.6,42230,75414,42042,1.44072,-76.7934
30.100-18,7,42656.6,42230,75414,41867,1.85098,-76.7934
30.100-18,8,42656.6,42230,75414,41839,1.91662,-76.7934
30.100-18,9,42656.6,42230,75414,41888,1.80175,-76.7934
30.100-19,0,42262.7,41700,73492,41624,1.51127,-73.8933
30.100-19,1,42262.7,41700,73492,41700,1.33144,-73.8933
30.100-19,2,42262.7,41700,73492,41505,1.79284,-73.8933
30.100-19,3,42262.7,41700,73492,41572,1.63431,-73.8933
30.100-19,4,42262.7,41700,73492,41547,1.69346,-73.8933
30.100-19,5,42262.7,41700,73492,41624,1.51127,-73.8933
30.100-19,6,42262.7,41700,73492,41700,1.33144,-73.8933
30.100-19,7,42262.7,41700,73492,41330,2.20692,-73.8933
30.100-19,8,42262.7,41700,73492,41700,1.33144,-73.8933
30.100-19,9,42262.7,41700,73492,41401,2.03892,-73.8933
30.100-20,0,57987.8,57494,72639,57287,1.20848,-25.2661
30.100-20,1,57987.8,57494,72639,57286,1.21021,-25.2661
30.100-20,2,57987.8,57494,72639,57310,1.16882,-25.2661
30.100-20,3,57987.8,57494,72639,57242,1.28608,-25.2661
30.100-20,4,57987.8,57494,72639,57323,1.1464,-25.2661
30.100-20,5,57987.8,57494,72639,57298,1.18951,-25.2661
30.100-20,6,57987.8,57494,72639,57286,1.21021,-25.2661
30.100-20,7,57987.8,57494,72639,57310,1.16882,-25.2661
30.100-20,8,57987.8,57494,72639,57286,1.21021,-25.2661
30.100-20,9,57987.8,57494,72639,57287,1.20848,-25.2661
30.100-21,0,60486.8,60027,75929,59807,1.12392,-25.5298
30.100-21,1,60486.8,60027,75929,59813,1.114,-25.5298
30.100-21,2,60486.8,60027,75929,59926,0.927185,-25.5298
30.100-21,3,60486.8,60027,75929,59807,1.12392,-25.5298
30.100-21,4,60486.8,60027,75929,59890,0.986702,-25.5298
30.100-21,5,60486.8,60027,75929,59807,1.12392,-25.5298
30.100-21,6,60486.8,60027,75929,59890,0.986702,-25.5298
30.100-21,7,60486.8,60027,75929,59915,0.945371,-25.5298
30.100-21,8,60486.8,60027,75929,59850,1.05283,-25.5298
30.100-21,9,60486.8,60027,75929,59926,0.927185,-25.5298
30.100-22,0,58541.8,58025,73553,57941,1.02635,-25.6418
30.100-22,1,58541.8,58025,73553,57842,1.19546,-25.6418
30.100-22,2,58541.8,58025,73553,57952,1.00756,-25.6418
30.100-22,3,58541.8,58025,73553,57933,1.04001,-25.6418
30.100-22,4,58541.8,58025,73553,57820,1.23304,-25.6418
30.100-22,5,58541.8,58025,73553,57903,1.09126,-25.6418
30.100-22,6,58541.8,58025,73553,57992,0.939231,-25.6418
30.100-22,7,58541.8,58025,73553,57992,0.939231,-25.6418
30.100-22,8,58541.8,58025,73553,57952,1.00756,-25.6418
30.100-22,9,58541.8,58025,73553,57945,1.01952,-25.6418
30.100-23,0,61239.5,60776,76469,60535,1.15044,-24.8687
30.100-23,1,61239.5,60776,76469,60460,1.27291,-24.8687
30.100-23,2,61239.5,60776,76469,60633,0.990413,-24.8687
30.100-23,3,61239.5,60776,76469,60646,0.969185,-24.8687
30.100-23,4,61239.5,60776,76469,60609,1.0296,-24.8687
30.100-23,5,61239.5,60776,76469,60646,0.969185,-24.8687
30.100-23,6,61239.5,60776,76469,60765,0.774866,-24.8687
30.100-23,7,61239.5,60776,76469,60609,1.0296,-24.8687
30.100-23,8,61239.5,60776,76469,60609,1.0296,-24.8687
30.100-23,9,61239.5,60776,76469,60633,0.990413,-24.8687
30.100-24,0,59380.8,58884,73950,58791,0.993284,-24.5352
30.100-24,1,59380.8,58884,73950,58589,1.33346,-24.5352
30.100-24,2,59380.8,58884,73950,58791,0.993284,-24.5352
30.100-24,3,59380.8,58884,73950,58602,1.31157,-24.5352
30.100-24,4,59380.8,58884,73950,58791,0.993284,-24.5352
30.100-24,5,59380.8,58884,73950,58749,1.06401,-24.5352
30.100-24,6,59380.8,58884,73950,58749,1.06401,-24.5352
30.100-24,7,59380.8,58884,73950,58556,1.38903,-24.5352
30.100-24,8,59380.8,58884,73950,58602,1.31157,-24.5352
30.100-24,9,59380.8,58884,73950,58791,0.993284,-24.5352
30.100-25,0,60452.6,60011,75691,59731,1.19363,-25.2072
30.100-25,1,60452.6,60011,75691,59914,0.890913,-25.2072
30.100-25,2,60452.6,60011,75691,59880,0.947156,-25.2072
30.100-25,3,60452.6,60011,75691,59874,0.957081,-25.2072
30.100-25,4,60452.6,60011,75691,59981,0.780082,-25.2072
30.100-25,5,60452.6,60011,75691,59880,0.947156,-25.2072
30.100-25,6,60452.6,60011,75691,59880,0.947156,-25.2072
30.100-25,7,60452.6,60011,75691,59880,0.947156,-25.2072
30.100-25,8,60452.6,60011,75691,59744,1.17213,-25.2072
30.100-25,9,60452.6,60011,75691,59880,0.947156,-25.2072
30.100-26,0,58635.3,58132,72942,58104,0.906178,-24.3994
30.100-26,1,58635.3,58132,72942,58029,1.03409,-24.3994
30.100-26,2,58635.3,58132,72942,58043,1.01021,-24.3994
30.100-26,3,58635.3,58132,72942,58012,1.06308,-24.3994
30.100-26,4,58635.3,58132,72942,58029,1.03409,-24.3994
30.100-26,5,58635.3,58132,72942,58012,1.06308,-24.3994
30.100-26,6,58635.3,58132,72942,57924,1.21316,-24.3994
30.100-26,7,58635.3,58132,72942,58091,0.928349,-24.3994
30.100-26,8,58635.3,58132,72942,58093,0.924938,-24.3994
30.100-26,9,58635.3,58132,72942,58093,0.924938,-24.3994
30.100-27,0,59550.7,59064,74401,59006,0.914697,-24.9372
30.100-27,1,59550.7,59064,74401,58949,1.01041,-24.9372
30.100-27,2,59550.7,59064,74401,58907,1.08094,-24.9372
30.100-27,3,59550.7,59064,74401,58813,1.23879,-24.9372
30.100-27,4,59550.7,59064,74401,58771,1.30932,-24.9372
30.100-27,5,59550.7,59064,74401,59064,0.817301,-24.9372
30.100-27,6,59550.7,59064,74401,59002,0.921414,-24.9372
30.100-27,7,59550.7,59064,74401,59006,0.914697,-24.9372
30.100-27,8,59550.7,59064,74401,59064,0.817301,-24.9372
30.100-27,9,59550.7,59064,74401,59006,0.914697,-24.9372
30.100-28,0,59520.2,58975,74518,58752,1.29069,-25.1978
30.100-28,1,59520.2,58975,74518,58709,1.36293,-25.1978
30.100-28,2,59520.2,58975,74518,58830,1.15964,-25.1978
30.100-28,3,59520.2,58975,74518,58702,1.37469,-25.1978
30.100-28,4,59520.2,58975,74518,58619,1.51414,-25.1978
30.100-28,5,59520.2,58975,74518,58930,0.99163,-25.1978
30.100-28,6,59520.2,58975,74518,58767,1.26549,-25.1978
30.100-28,7,59520.2,58975,74518,58773,1.25541,-25.1978
30.100-28,8,59520.2,58975,74518,58911,1.02355,-25.1978
30.100-28,9,59520.2,58975,74518,58666,1.43518,-25.1978
30.100-29,0,61140.2,60603,76957,60412,1.19097,-25.8698
30.100-29,1,61140.2,60603,76957,60354,1.28583,-25.8698
30.100-29,2,61140.2,60603,76957,60551,0.963621,-25.8698
30.100-29,3,61140.2,60603,76957,60554,0.958714,-25.8698
30.100-29,4,61140.2,60603,76957,60535,0.98979,-25.8698
30.100-29,5,61140.2,60603,76957,60551,0.963621,-25.8698
30.100-29,6,61140.2,60603,76957,60439,1.14681,-25.8698
30.100-29,7,61140.2,60603,76957,60514,1.02414,-25.8698
30.100-29,8,61140.2,60603,76957,60551,0.963621,-25.8698
30.100-29,9,61140.2,60603,76957,60551,0.963621,-25.8698
30.250-00,0,57430.1,56693,184952,56355,1.8721,-222.047
30.250-00,1,57430.1,56693,184952,56363,1.85817,-222.047
30.250-00,2,57430.1,56693,184952,56310,1.95045,-222.047
30.250-00,3,57430.1,56693,184952,56355,1.8721,-222.047
30.250-00,4,57430.1,56693,184952,56424,1.75195,-222.047
30.250-00,5,57430.1,56693,184952,56308,1.95394,-222.047
30.250-00,6,57430.1,56693,184952,56073,2.36313,-222.047
30.250-00,7,57430.1,56693,184952,56368,1.84946,-222.047
30.250-00,8,57430.1,56693,184952,56328,1.91911,-222.047
30.250-00,9,57430.1,56693,184952,56364,1.85643,-222.047
30.250-01,0,59080,58318,192348,57923,1.95841,-225.572
30.250-01,1,59080,58318,192348,57927,1.95164,-225.572
30.250-01,2,59080,58318,192348,57928,1.94995,-225.572
30.250-01,3,59080,58318,192348,57828,2.11921,-225.572
30.250-01,4,59080,58318,192348,58010,1.81116,-225.572
30.250-01,5,59080,58318,192348,57828,2.11921,-225.572
30.250-01,6,59080,58318,192348,58005,1.81962,-225.572
30.250-01,7,59080,58318,192348,57966,1.88563,-225.572
30.250-01,8,59080,58318,192348,58133,1.60296,-225.572
30.250-01,9,59080,58318,192348,58048,1.74684,-225.572
30.250-02,0,57176.7,56553,183390,55992,2.07207,-220.742
30.250-02,1,57176.7,56553,183390,55839,2.33966,-220.742
30.250-02,2,57176.7,56553,183390,56408,1.3445,-220.742
30.250-02,3,57176.7,56553,183390,56553,1.0909,-220.742
30.250-02,4,57176.7,56553,183390,56057,1.95839,-220.742
30.250-02,5,57176.7,56553,183390,56060,1.95314,-220.742
30.250-02,6,57176.7,56553,183390,56118,1.8517,-220.742
30.250-02,7,57176.7,56553,183390,56154,1.78874,-220.742
30.250-02,8,57176.7,56553,183390,56010,2.04059,-220.742
30.250-02,9,57176.7,56553,183390,56130,1.83071,-220.742
30.250-03,0,57568.9,56863,185690,56850,1.2488,-222.553
30.250-03,1,57568.9,56863,185690,56575,1.72649,-222.553
30.250-03,2,57568.9,56863,185690,56471,1.90714,-222.553
30.250-03,3,57568.9,56863,185690,56334,2.14512,-222.553
30.250-03,4,57568.9,56863,185690,56450,1.94362,-222.553
30.250-03,5,57568.9,56863,185690,56335,2.14338,-222.553
30.250-03,6,57568.9,56863,185690,56551,1.76818,-222.553
30.250-03,7,57568.9,56863,185690,56346,2.12427,-222.553
30.250-03,8,57568.9,56863,185690,56488,1.87761,-222.553
30.250-03,9,57568.9,56863,185690,56402,2.027,-222.553
30.250-04,0,57277.7,56629,186599,56314,1.6825,-225.78
30.250-04,1,57277.7,56629,186599,56091,2.07183,-225.78
30.250-04,2,57277.7,56629,186599,56363,1.59695,-225.78
30.250-04,3,57277.7,56629,186599,55964,2.29356,-225.78
30.250-04,4,57277.7,56629,186599,56348,1.62314,-225.78
30.250-04,5,57277.7,56629,186599,56357,1.60742,-225.78
30.250-04,6,57277.7,56629,186599,56310,1.68948,-225.78
30.250-04,7,57277.7,56629,186599,56419,1.49918,-225.78
30.250-04,8,57277.7,56629,186599,56193,1.89375,-225.78
30.250-04,9,57277.7,56629,186599,56193,1.89375,-225.78
30.250-05,0,57844.1,57119,186328,56815,1.77906,-222.121
30.250-05,1,57844.1,57119,186328,56871,1.68225,-222.121
30.250-05,2,57844.1,57119,186328,56903,1.62693,-222.121
30.250-05,3,57844.1,57119,186328,56772,1.8534,-222.121
30.250-05,4,57844.1,57119,186328,56567,2.2078,-222.121
30.250-05,5,57844.1,57119,186328,56622,2.11272,-222.121
30.250-05,6,57844.1,57119,186328,56734,1.91909,-222.121
30.250-05,7,57844.1,57119,186328,56670,2.02973,-222.121
30.250-05,8,57844.1,57119,186328,56957,1.53357,-222.121
30.250-05,9,57844.1,57119,186328,56954,1.53876,-222.121
30.250-06,0,56922.7,56292,185616,55802,1.9688,-226.084
30.250-06,1,56922.7,56292,185616,55827,1.92488,-226.084
30.250-06,2,56922.7,56292,185616,55753,2.05488,-226.084
30.250-06,3,56922.7,56292,185616,55825,1.9284,-226.084
30.250-06,4,56922.7,56292,185616,56008,1.60691,-226.084
30.250-06,5,56922.7,56292,185616,55876,1.8388,-226.084
30.250-06,6,56922.7,56292,185616,55840,1.90204,-226.084
30.250-06,7,56922.7,56292,185616,55689,2.16732,-226.084
30.250-06,8,56922.7,56292,185616,55818,1.94069,-226.084
30.250-06,9,56922.7,56292,185616,55882,1.82826,-226.084
30.250-07,0,57106.2,56403,185840,56184,1.61491,-225.429
30.250-07,1,57106.2,56403,185840,56187,1.60965,-225.429
30.250-07,2,57106.2,56403,185840,56311,1.39252,-225.429
30.250-07,3,57106.2,56403,185840,56258,1.48533,-225.429
30.250-07,4,57106.2,56403,185840,56034,1.87758,-225.429
30.250-07,5,57106.2,56403,185840,56205,1.57813,-225.429
30.250-07,6,57106.2,56403,185840,56095,1.77076,-225.429
30.250-07,7,57106.2,56403,185840,56121,1.72523,-225.429
30.250-07,8,57106.2,56403,185840,56198,1.59039,-225.429
30.250-07,9,57106.2,56403,185840,55721,2.42568,-225.429
30.250-08,0,58097.7,57442,190488,56738,2.34042,-227.875
30.250-08,1,58097.7,57442,190488,57010,1.87224,-227.875
30.250-08,2,58097.7,57442,190488,57074,1.76208,-227.875
30.250-08,3,58097.7,57442,190488,57209,1.52971,-227.875
30.250-08,4,58097.7,57442,190488,57139,1.6502,-227.875
30.250-08,5,58097.7,57442,190488,56705,2.39722,-227.875
30.250-08,6,58097.7,57442,190488,56850,2.14764,-227.875
30.250-08,7,58097.7,57442,190488,56868,2.11665,-227.875
30.250-08,8,58097.7,57442,190488,56967,1.94625,-227.875
30.250-08,9,58097.7,57442,190488,57132,1.66225,-227.875
30.250-09,0,57036.6,56447,186165,55980,1.85257,-226.395
30.250-09,1,57036.6,56447,186165,56017,1.7877,-226.395
30.250-09,2,57036.6,56447,186165,55989,1.83679,-226.395
30.250-09,3,57036.6,56447,186165,55673,2.39082,-226.395
30.250-09,4,57036.6,56447,186165,55975,1.86133,-226.395
30.250-09,5,57036.6,56447,186165,55739,2.2751,-226.395
30.250-09,6,57036.6,56447,186165,55940,1.9227,-226.395
30.250-09,7,57036.6,56447,186165,55848,2.084,-226.395
30.250-09,8,57036.6,56447,186165,56447,1.0338,-226.395
30.250-09,9,57036.6,56447,186165,56043,1.74211,-226.395
30.250-10,0,108258,107689,187576,107482,0.71687,-73.2675
30.250-10,1,108258,107689,187576,107159,1.01523,-73.2675
30.250-10,2,108258,107689,187576,107571,0.634659,-73.2675
30.250-10,3,108258,107689,187576,107430,0.764903,-73.2675
30.250-10,4,108258,107689,187576,107309,0.876673,-73.2675
30.250-10,5,108258,107689,187576,107322,0.864665,-73.2675
30.250-10,6,108258,107689,187576,107335,0.852656,-73.2675
30.250-10,7,108258,107689,187576,107299,0.88591,-73.2675
30.250-10,8,108258,107689,187576,107578,0.628193,-73.2675
30.250-10,9,108258,107689,187576,107354,0.835106,-73.2675
30.250-11,0,108900,108338,188987,108083,0.750047,-73.5421
30.250-11,1,108900,108338,188987,107880,0.936457,-73.5421
30.250-11,2,108900,108338,188987,108020,0.807899,-73.5421
30.250-11,3,108900,108338,188987,107959,0.863913,-73.5421
30.250-11,4,108900,108338,188987,108014,0.813408,-73.5421
30.250-11,5,108900,108338,188987,108005,0.821673,-73.5421
30.250-11,6,108900,108338,188987,107920,0.899726,-73.5421
30.250-11,7,108900,108338,188987,107899,0.91901,-73.5421
30.250-11,8,108900,108338,188987,108060,0.771168,-73.5421
30.250-11,9,108900,108338,188987,108077,0.755557,-73.5421
30.250-12,0,106906,106385,187096,105799,1.03523,-75.0103
30.250-12,1,106906,106385,187096,105759,1.07264,-75.0103
30.250-12,2,106906,106385,187096,106218,0.643291,-75.0103
30.250-12,3,106906,106385,187096,106218,0.643291,-75.0103
30.250-12,4,106906,106385,187096,106037,0.812599,-75.0103
30.250-12,5,106906,106385,187096,106035,0.81447,-75.0103
30.250-12,6,106906,106385,187096,106218,0.643291,-75.0103
30.250-12,7,106906,106385,187096,106316,0.551622,-75.0103
30.250-12,8,106906,106385,187096,106233,0.62926,-75.0103
30.250-12,9,106906,106385,187096,106128,0.727478,-75.0103
30.250-13,0,107397,106796,187148,106461,0.871177,-74.2588
30.250-13,1,107397,106796,187148,106525,0.811584,-74.2588
30.250-13,2,107397,106796,187148,106535,0.802273,-74.2588
30.250-13,3,107397,106796,187148,106236,1.08068,-74.2588
30.250-13,4,107397,106796,187148,106535,0.802273,-74.2588
30.250-13,5,107397,106796,187148,106623,0.720334,-74.2588
30.250-13,6,107397,106796,187148,106540,0.797617,-74.2588
30.250-13,7,107397,106796,187148,106521,0.815309,-74.2588
30.250-13,8,107397,106796,187148,106510,0.825551,-74.2588
30.250-13,9,107397,106796,187148,106565,0.774339,-74.2588
30.250-14,0,107954,107396,187422,106955,0.925479,-73.6127
30.250-14,1,107954,107396,187422,107142,0.752257,-73.6127
30.250-14,2,107954,107396,187422,106992,0.891205,-73.6127
30.250-14,3,107954,107396,187422,107094,0.79672,-73.6127
30.250-14,4,107954,107396,187422,107200,0.69853,-73.6127
30.250-14,5,107954,107396,187422,107028,0.857857,-73.6127
30.250-14,6,107954,107396,187422,107063,0.825436,-73.6127
30.250-14,7,107954,107396,187422,107020,0.865268,-73.6127
30.250-14,8,107954,107396,187422,106896,0.980132,-73.6127
30.250-14,9,107954,107396,187422,107138,0.755962,-73.6127
30.250-15,0,107763,107246,189115,106897,0.803808,-75.4912
30.250-15,1,107763,107246,189115,106888,0.812159,-75.4912
30.250-15,2,107763,107246,189115,106799,0.894748,-75.4912
30.250-15,3,107763,107246,189115,106856,0.841854,-75.4912
30.250-15,4,107763,107246,189115,106941,0.762978,-75.4912
30.250-15,5,107763,107246,189115,106959,0.746274,-75.4912
30.250-15,6,107763,107246,189115,106674,1.01074,-75.4912
30.250-15,7,107763,107246,189115,106815,0.879901,-75.4912
30.250-15,8,107763,107246,189115,106670,1.01445,-75.4912
30.250-15,9,107763,107246,189115,106934,0.769473,-75.4912
30.250-16,0,106851,106308,185606,105939,0.853391,-73.7057
30.250-16,1,106851,106308,185606,106027,0.771033,-73.7057
30.250-16,2,106851,106308,185606,106069,0.731726,-73.7057
30.250-16,3,106851,106308,185606,105923,0.868365,-73.7057
30.250-16,4,106851,106308,185606,105953,0.840288,-73.7057
30.250-16,5,106851,106308,185606,106097,0.705521,-73.7057
30.250-16,6,106851,106308,185606,105980,0.815019,-73.7057
30.250-16,7,106851,106308,185606,105989,0.806596,-73.7057
30.250-16,8,106851,106308,185606,106037,0.761674,-73.7057
30.250-16,9,106851,106308,185606,106069,0.731726,-73.7057
30.250-17,0,104574,103993,180872,103897,0.647471,-72.9606
30.250-17,1,104574,103993,180872,103897,0.647471,-72.9606
30.250-17,2,104574,103993,180872,103714,0.822466,-72.9606
30.250-17,3,104574,103993,180872,103771,0.767959,-72.9606
30.250-17,4,104574,103993,180872,103704,0.832029,-72.9606
30.250-17,5,104574,103993,180872,103897,0.647471,-72.9606
30.250-17,6,104574,103993,180872,103776,0.763178,-72.9606
30.250-17,7,104574,103993,180872,103897,0.647471,-72.9606
30.250-17,8,104574,103993,180872,103793,0.746922,-72.9606
30.250-17,9,104574,103993,180872,103897,0.647471,-72.9606
30.250-18,0,107374,106835,186869,106511,0.803586,-74.0359
30.250-18,1,107374,106835,186869,106263,1.03455,-74.0359
30.250-18,2,107374,106835,186869,106603,0.717904,-74.0359
30.250-18,3,107374,106835,186869,106532,0.784028,-74.0359
30.250-18,4,107374,106835,186869,106442,0.867847,-74.0359
30.250-18,5,107374,106835,186869,106563,0.755157,-74.0359
30.250-18,6,107374,106835,186869,106553,0.76447,-74.0359
30.250-18,7,107374,106835,186869,106444,0.865985,-74.0359
30.250-18,8,107374,106835,186869,106523,0.79241,-74.0359
30.250-18,9,107374,106835,186869,106486,0.826869,-74.0359
30.250-19,0,106322,105751,184785,105454,0.816182,-73.7979
30.250-19,1,106322,105751,184785,105347,0.91682,-73.7979
30.250-19,2,106322,105751,184785,105597,0.681684,-73.7979
30.250-19,3,106322,105751,184785,105397,0.869793,-73.7979
30.250-19,4,106322,105751,184785,105274,0.985479,-73.7979
30.250-19,5,106322,105751,184785,105554,0.722128,-73.7979
30.250-19,6,106322,105751,184785,105564,0.712722,-73.7979
30.250-19,7,106322,105751,184785,105404,0.863209,-73.7979
30.250-19,8,106322,105751,184785,105368,0.897068,-73.7979
30.250-19,9,106322,105751,184785,105393,0.873555,-73.7979
30.250-20,0,150574,150083,186305,149794,0.518228,-23.7296
30.250-20,1,150574,150083,186305,149724,0.564716,-23.7296
30.250-20,2,150574,150083,186305,149918,0.435876,-23.7296
30.250-20,3,150574,150083,186305,149919,0.435212,-23.7296
30.250-20,4,150574,150083,186305,149561,0.672968,-23.7296
30.250-20,5,150574,150083,186305,150047,0.350204,-23.7296
30.250-20,6,150574,150083,186305,149901,0.447166,-23.7296
30.250-20,7,150574,150083,186305,149802,0.512915,-23.7296
30.250-20,8,150574,150083,186305,149918,0.435876,-23.7296
30.250-20,9,150574,150083,186305,149709,0.574678,-23.7296
30.250-21,0,150341,149907,186422,149603,0.491212,-23.999
30.250-21,1,150341,149907,186422,149620,0.479905,-23.999
30.250-21,2,150341,149907,186422,149618,0.481235,-23.999
30.250-21,3,150341,149907,186422,149485,0.5697,-23.999
30.250-21,4,150341,149907,186422,149752,0.392105,-23.999
30.250-21,5,150341,149907,186422,149594,0.497199,-23.999
30.250-21,6,150341,149907,186422,149584,0.50385,-23.999
30.250-21,7,150341,149907,186422,149543,0.531122,-23.999
30.250-21,8,150341,149907,186422,149624,0.477244,-23.999
30.250-21,9,150341,149907,186422,149620,0.479905,-23.999
30.250-22,0,153434,152993,189617,152740,0.452499,-23.5819
30.250-22,1,153434,152993,189617,152838,0.388628,-23.5819
30.250-22,2,153434,152993,189617,152674,0.495514,-23.5819
30.250-22,3,153434,152993,189617,152659,0.50529,-23.5819
30.250-22,4,153434,152993,189617,152835,0.390583,-23.5819
30.250-22,5,153434,152993,189617,152936,0.324757,-23.5819
30.250-22,6,153434,152993,189617,152917,0.33714,-23.5819
30.250-22,7,153434,152993,189617,152894,0.35213,-23.5819
30.250-22,8,153434,152993,189617,152719,0.466186,-23.5819
30.250-22,9,153434,152993,189617,152675,0.494863,-23.5819
30.250-23,0,153690,153169,190329,153070,0.403261,-23.8397
30.250-23,1,153690,153169,190329,153070,0.403261,-23.8397
30.250-23,2,153690,153169,190329,152965,0.471581,-23.8397
30.250-23,3,153690,153169,190329,152938,0.489149,-23.8397
30.250-23,4,153690,153169,190329,152650,0.676539,-23.8397
30.250-23,5,153690,153169,190329,152875,0.53014,-23.8397
30.250-23,6,153690,153169,190329,153051,0.415624,-23.8397
30.250-23,7,153690,153169,190329,153011,0.44165,-23.8397
30.250-23,8,153690,153169,190329,153067,0.405213,-23.8397
30.250-23,9,153690,153169,190329,152926,0.496956,-23.8397
30.250-24,0,150698,150287,186737,149987,0.471624,-23.9149
30.250-24,1,150698,150287,186737,150054,0.427164,-23.9149
30.250-24,2,150698,150287,186737,150050,0.429819,-23.9149
30.250-24,3,150698,150287,186737,149984,0.473615,-23.9149
30.250-24,4,150698,150287,186737,150032,0.441763,-23.9149
30.250-24,5,150698,150287,186737,150060,0.423183,-23.9149
30.250-24,6,150698,150287,186737,149916,0.518738,-23.9149
30.250-24,7,150698,150287,186737,150010,0.456362,-23.9149
30.250-24,8,150698,150287,186737,150093,0.401285,-23.9149
30.250-24,9,150698,150287,186737,150054,0.427164,-23.9149
30.250-25,0,148997,148544,185229,148338,0.441986,-24.3176
30.250-25,1,148997,148544,185229,148316,0.456752,-24.3176
30.250-25,2,148997,148544,185229,148355,0.430577,-24.3176
30.250-25,3,148997,148544,185229,148099,0.602393,-24.3176
30.250-25,4,148997,148544,185229,148183,0.546016,-24.3176
30.250-25,5,148997,148544,185229,148398,0.401717,-24.3176
30.250-25,6,148997,148544,185229,148098,0.603064,-24.3176
30.250-25,7,148997,148544,185229,148378,0.41514,-24.3176
30.250-25,8,148997,148544,185229,148378,0.41514,-24.3176
30.250-25,9,148997,148544,185229,148275,0.484269,-24.3176
30.250-26,0,147915,147471,182938,147213,0.474378,-23.6781
30.250-26,1,147915,147471,182938,147172,0.502097,-23.6781
30.250-26,2,147915,147471,182938,147328,0.396631,-23.6781
30.250-26,3,147915,147471,182938,147125,0.533872,-23.6781
30.250-26,4,147915,147471,182938,147284,0.426378,-23.6781
30.250-26,5,147915,147471,182938,147292,0.420969,-23.6781
30.250-26,6,147915,147471,182938,147303,0.413532,-23.6781
30.250-26,7,147915,147471,182938,147072,0.569703,-23.6781
30.250-26,8,147915,147471,182938,147419,0.335109,-23.6781
30.250-26,9,147915,147471,182938,147275,0.432462,-23.6781
30.250-27,0,153312,152841,190343,152580,0.477676,-24.1537
30.250-27,1,153312,152841,190343,152594,0.468544,-24.1537
30.250-27,2,153312,152841,190343,152684,0.40984,-24.1537
30.250-27,3,153312,152841,190343,152445,0.565731,-24.1537
30.250-27,4,153312,152841,190343,152649,0.432669,-24.1537
30.250-27,5,153312,152841,190343,152636,0.441149,-24.1537
30.250-27,6,153312,152841,190343,152523,0.514855,-24.1537
30.250-27,7,153312,152841,190343,152548,0.498548,-24.1537
30.250-27,8,153312,152841,190343,152532,0.508984,-24.1537
30.250-27,9,153312,152841,190343,152684,0.40984,-24.1537
30.250-28,0,150038,149568,186519,149415,0.415163,-24.3146
30.250-28,1,150038,149568,186519,149491,0.364509,-24.3146
30.250-28,2,150038,149568,186519,149491,0.364509,-24.3146
30.250-28,3,150038,149568,186519,149340,0.465151,-24.3146
30.250-28,4,150038,149568,186519,149287,0.500475,-24.3146
30.250-28,5,150038,149568,186519,149491,0.364509,-24.3146
30.250-28,6,150038,149568,186519,149071,0.644439,-24.3146
30.250-28,7,150038,149568,186519,149473,0.376506,-24.3146
30.250-28,8,150038,149568,186519,149491,0.364509,-24.3146
30.250-28,9,150038,149568,186519,149383,0.436491,-24.3146
30.250-29,0,150038,149572,186552,149402,0.423668,-24.3368
30.250-29,1,150038,149572,186552,149354,0.45566,-24.3368
30.250-29,2,150038,149572,186552,149364,0.448995,-24.3368
30.250-29,3,150038,149572,186552,149161,0.584295,-24.3368
30.250-29,4,150038,149572,186552,149354,0.45566,-24.3368
30.250-29,5,150038,149572,186552,149364,0.448995,-24.3368
30.250-29,6,150038,149572,186552,149335,0.468324,-24.3368
30.250-29,7,150038,149572,186552,149228,0.539639,-24.3368
30.250-29,8,150038,149572,186552,149364,0.448995,-24.3368
30.250-29,9,150038,149572,186552,149514,0.34902,-24.3368
30.500-00,0,116619,115868,373007,115419,1.029,-219.851
30.500-00,1,116619,115868,373007,115542,0.923527,-219.851
30.500-00,2,116619,115868,373007,115556,0.911522,-219.851
30.500-00,3,116619,115868,373007,115013,1.37714,-219.851
30.500-00,4,116619,115868,373007,115537,0.927815,-219.851
30.500-00,5,116619,115868,373007,114579,1.74929,-219.851
30.500-00,6,116619,115868,373007,115486,0.971547,-219.851
30.500-00,7,116619,115868,373007,115384,1.05901,-219.851
30.500-00,8,116619,115868,373007,115546,0.920097,-219.851
30.500-00,9,116619,115868,373007,115132,1.2751,-219.851
30.500-01,0,115370,114667,368814,114250,0.970901,-219.679
30.500-01,1,115370,114667,368814,114175,1.03591,-219.679
30.500-01,2,115370,114667,368814,114211,1.00471,-219.679
30.500-01,3,115370,114667,368814,114012,1.17719,-219.679
30.500-01,4,115370,114667,368814,113986,1.19973,-219.679
30.500-01,5,115370,114667,368814,114178,1.03331,-219.679
30.500-01,6,115370,114667,368814,114043,1.15032,-219.679
30.500-01,7,115370,114667,368814,114250,0.970901,-219.679
30.500-01,8,115370,114667,368814,114194,1.01944,-219.679
30.500-01,9,115370,114667,368814,114380,0.85822,-219.679
30.500-02,0,117342,116661,378244,115989,1.15342,-222.342
30.500-02,1,117342,116661,378244,116100,1.05883,-222.342
30.500-02,2,117342,116661,378244,115977,1.16365,-222.342
30.500-02,3,117342,116661,378244,115895,1.23353,-222.342
30.500-02,4,117342,116661,378244,116174,0.995762,-222.342
30.500-02,5,117342,116661,378244,115601,1.48408,-222.342
30.500-02,6,117342,116661,378244,116115,1.04604,-222.342
30.500-02,7,117342,116661,378244,115865,1.25909,-222.342
30.500-02,8,117342,116661,378244,116084,1.07246,-222.342
30.500-02,9,117342,116661,378244,115917,1.21478,-222.342
30.500-03,0,115946,115237,375911,114786,1.00081,-224.211
30.500-03,1,115946,115237,375911,114858,0.938714,-224.211
30.500-03,2,115946,115237,375911,114794,0.993912,-224.211
30.500-03,3,115946,115237,375911,114650,1.11811,-224.211
30.500-03,4,115946,115237,375911,114670,1.10086,-224.211
30.500-03,5,115946,115237,375911,114291,1.42773,-224.211
30.500-03,6,115946,115237,375911,114858,0.938714,-224.211
30.500-03,7,115946,115237,375911,114423,1.31389,-224.211
30.500-03,8,115946,115237,375911,114905,0.898178,-224.211
30.500-03,9,115946,115237,375911,114950,0.859367,-224.211
30.500-04,0,117079,116353,377973,115692,1.18491,-222.835
30.500-04,1,117079,116353,377973,115664,1.20883,-222.835
30.500-04,2,117079,116353,377973,115750,1.13537,-222.835
30.500-04,3,117079,116353,377973,115519,1.33268,-222.835
30.500-04,4,117079,116353,377973,115703,1.17552,-222.835
30.500-04,5,117079,116353,377973,115315,1.50692,-222.835
30.500-04,6,117079,116353,377973,115716,1.16441,-222.835
30.500-04,7,117079,116353,377973,115592,1.27032,-222.835
30.500-04,8,117079,116353,377973,116367,0.60838,-222.835
30.500-04,9,117079,116353,377973,115896,1.01067,-222.835
30.500-05,0,116378,115604,375947,115278,0.944814,-223.041
30.500-05,1,116378,115604,375947,115391,0.847717,-223.041
30.500-05,2,116378,115604,375947,115367,0.868339,-223.041
30.500-05,3,116378,115604,375947,114870,1.2954,-223.041
30.500-05,4,116378,115604,375947,115338,0.893258,-223.041
30.500-05,5,116378,115604,375947,114951,1.2258,-223.041
30.500-05,6,116378,115604,375947,115150,1.0548,-223.041
30.500-05,7,116378,115604,375947,115219,0.995511,-223.041
30.500-05,8,116378,115604,375947,115451,0.79616,-223.041
30.500-05,9,116378,115604,375947,115335,0.895836,-223.041
30.500-06,0,114690,113952,370233,113302,1.20992,-222.813
30.500-06,1,114690,113952,370233,113460,1.07216,-222.813
30.500-06,2,114690,113952,370233,113408,1.1175,-222.813
30.500-06,3,114690,113952,370233,113402,1.12273,-222.813
30.500-06,4,114690,113952,370233,113653,0.903875,-222.813
30.500-06,5,114690,113952,370233,113498,1.03902,-222.813
30.500-06,6,114690,113952,370233,113369,1.1515,-222.813
30.500-06,7,114690,113952,370233,113446,1.08436,-222.813
30.500-06,8,114690,113952,370233,113237,1.26659,-222.813
30.500-06,9,114690,113952,370233,113302,1.20992,-222.813
30.500-07,0,114848,114199,367938,113567,1.11524,-220.37
30.500-07,1,114848,114199,367938,113496,1.17706,-220.37
30.500-07,2,114848,114199,367938,113777,0.932389,-220.37
30.500-07,3,114848,114199,367938,113396,1.26413,-220.37
30.500-07,4,114848,114199,367938,113579,1.10479,-220.37
30.500-07,5,114848,114199,367938,113248,1.393,-220.37
30.500-07,6,114848,114199,367938,113465,1.20405,-220.37
30.500-07,7,114848,114199,367938,113748,0.95764,-220.37
30.500-07,8,114848,114199,367938,113848,0.870568,-220.37
30.500-07,9,114848,114199,367938,113322,1.32857,-220.37
30.500-08,0,115903,115247,374002,114798,0.953048,-222.686
30.500-08,1,115903,115247,374002,114827,0.928027,-222.686
30.500-08,2,115903,115247,374002,114448,1.25503,-222.686
30.500-08,3,115903,115247,374002,114488,1.22051,-222.686
30.500-08,4,115903,115247,374002,114646,1.08419,-222.686
30.500-08,5,115903,115247,374002,114728,1.01344,-222.686
30.500-08,6,115903,115247,374002,114643,1.08678,-222.686
30.500-08,7,115903,115247,374002,114983,0.793431,-222.686
30.500-08,8,115903,115247,374002,114823,0.931478,-222.686
30.500-08,9,115903,115247,374002,114797,0.953911,-222.686
30.500-09,0,117669,116947,377223,116231,1.22188,-220.58
30.500-09,1,117669,116947,377223,116638,0.875994,-220.58
30.500-09,2,117669,116947,377223,116164,1.27882,-220.58
30.500-09,3,117669,116947,377223,116195,1.25247,-220.58
30.500-09,4,117669,116947,377223,116394,1.08336,-220.58
30.500-09,5,117669,116947,377223,116269,1.18959,-220.58
30.500-09,6,117669,116947,377223,116098,1.33491,-220.58
30.500-09,7,117669,116947,377223,116188,1.25842,-220.58
30.500-09,8,117669,116947,377223,116630,0.882793,-220.58
30.500-09,9,117669,116947,377223,116524,0.972876,-220.58
30.500-10,0,218602,217995,375744,217620,0.449,-71.8854
30.500-10,1,218602,217995,375744,217745,0.391819,-71.8854
30.500-10,2,218602,217995,375744,217332,0.580747,-71.8854
30.500-10,3,218602,217995,375744,217367,0.564736,-71.8854
30.500-10,4,218602,217995,375744,217435,0.533629,-71.8854
30.500-10,5,218602,217995,375744,217656,0.432532,-71.8854
30.500-10,6,218602,217995,375744,217640,0.439851,-71.8854
30.500-10,7,218602,217995,375744,217790,0.371233,-71.8854
30.500-10,8,218602,217995,375744,217687,0.418351,-71.8854
30.500-10,9,218602,217995,375744,217731,0.398223,-71.8854
30.500-11,0,215075,214534,372980,214099,0.453661,-73.4188
30.500-11,1,215075,214534,372980,214242,0.387173,-73.4188
30.500-11,2,215075,214534,372980,214165,0.422974,-73.4188
30.500-11,3,215075,214534,372980,213686,0.645688,-73.4188
30.500-11,4,215075,214534,372980,214101,0.452731,-73.4188
30.500-11,5,215075,214534,372980,214176,0.41786,-73.4188
30.500-11,6,215075,214534,372980,213941,0.527124,-73.4188
30.500-11,7,215075,214534,372980,214056,0.473654,-73.4188
30.500-11,8,215075,214534,372980,213735,0.622905,-73.4188
30.500-11,9,215075,214534,372980,214152,0.429019,-73.4188
30.500-12,0,216401,215854,370526,215394,0.46537,-71.2219
30.500-12,1,216401,215854,370526,215395,0.464908,-71.2219
30.500-12,2,216401,215854,370526,215544,0.396054,-71.2219
30.500-12,3,216401,215854,370526,215342,0.489399,-71.2219
30.500-12,4,216401,215854,370526,215112,0.595684,-71.2219
30.500-12,5,216401,215854,370526,215391,0.466756,-71.2219
30.500-12,6,216401,215854,370526,215341,0.489861,-71.2219
30.500-12,7,216401,215854,370526,215621,0.360472,-71.2219
30.500-12,8,216401,215854,370526,215344,0.488475,-71.2219
30.500-12,9,216401,215854,370526,215464,0.433023,-71.2219
30.500-13,0,218350,217836,376770,217450,0.412403,-72.5529
30.500-13,1,218350,217836,376770,217557,0.363399,-72.5529
30.500-13,2,218350,217836,376770,217411,0.430264,-72.5529
30.500-13,3,218350,217836,376770,217072,0.585519,-72.5529
30.500-13,4,218350,217836,376770,217239,0.509036,-72.5529
30.500-13,5,218350,217836,376770,217222,0.516822,-72.5529
30.500-13,6,218350,217836,376770,217436,0.418814,-72.5529
30.500-13,7,218350,217836,376770,217522,0.379428,-72.5529
30.500-13,8,218350,217836,376770,217474,0.401411,-72.5529
30.500-13,9,218350,217836,376770,217469,0.403701,-72.5529
30.500-14,0,216095,215566,372007,215184,0.421348,-72.1501
30.500-14,1,216095,215566,372007,215036,0.489837,-72.1501
30.500-14,2,216095,215566,372007,215296,0.369519,-72.1501
30.500-14,3,216095,215566,372007,215121,0.450502,-72.1501
30.500-14,4,216095,215566,372007,214919,0.54398,-72.1501
30.500-14,5,216095,215566,372007,215255,0.388492,-72.1501
30.500-14,6,216095,215566,372007,215263,0.38479,-72.1501
30.500-14,7,216095,215566,372007,215031,0.49215,-72.1501
30.500-14,8,216095,215566,372007,215172,0.426901,-72.1501
30.500-14,9,216095,215566,372007,215186,0.420423,-72.1501
30.500-15,0,216327,215762,375000,215580,0.345474,-73.3484
30.500-15,1,216327,215762,375000,215086,0.573832,-73.3484
30.500-15,2,216327,215762,375000,215642,0.316814,-73.3484
30.500-15,3,216327,215762,375000,214995,0.615897,-73.3484
30.500-15,4,216327,215762,375000,215158,0.540549,-73.3484
30.500-15,5,216327,215762,375000,215315,0.467974,-73.3484
30.500-15,6,216327,215762,375000,215289,0.479992,-73.3484
30.500-15,7,216327,215762,375000,215184,0.52853,-73.3484
30.500-15,8,216327,215762,375000,214977,0.624218,-73.3484
30.500-15,9,216327,215762,375000,215417,0.420823,-73.3484
30.500-16,0,216376,215772,372565,215503,0.403604,-72.1838
30.500-16,1,216376,215772,372565,215351,0.473852,-72.1838
30.500-16,2,216376,215772,372565,215497,0.406377,-72.1838
30.500-16,3,216376,215772,372565,215371,0.464609,-72.1838
30.500-16,4,216376,215772,372565,215388,0.456752,-72.1838
30.500-16,5,216376,215772,372565,215369,0.465533,-72.1838
30.500-16,6,216376,215772,372565,215362,0.468768,-72.1838
30.500-16,7,216376,215772,372565,215497,0.406377,-72.1838
30.500-16,8,216376,215772,372565,215261,0.515446,-72.1838
30.500-16,9,216376,215772,372565,215447,0.429485,-72.1838
30.500-17,0,217014,216336,374188,216009,0.463145,-72.4257
30.500-17,1,217014,216336,374188,215875,0.524892,-72.4257
30.500-17,2,217014,216336,374188,215808,0.555765,-72.4257
30.500-17,3,217014,216336,374188,215918,0.505077,-72.4257
30.500-17,4,217014,216336,374188,215822,0.549314,-72.4257
30.500-17,5,217014,216336,374188,216053,0.442869,-72.4257
30.500-17,6,217014,216336,374188,215950,0.490332,-72.4257
30.500-17,7,217014,216336,374188,215908,0.509685,-72.4257
30.500-17,8,217014,216336,374188,215928,0.500469,-72.4257
30.500-17,9,217014,216336,374188,215910,0.508764,-72.4257
30.500-18,0,217839,217290,375916,216924,0.420118,-72.5658
30.500-18,1,217839,217290,375916,216808,0.473368,-72.5658
30.500-18,2,217839,217290,375916,216922,0.421036,-72.5658
30.500-18,3,217839,217290,375916,216946,0.410019,-72.5658
30.500-18,4,217839,217290,375916,216834,0.461433,-72.5658
30.500-18,5,217839,217290,375916,216953,0.406806,-72.5658
30.500-18,6,217839,217290,375916,216852,0.45317,-72.5658
30.500-18,7,217839,217290,375916,216935,0.415069,-72.5658
30.500-18,8,217839,217290,375916,216899,0.431594,-72.5658
30.500-18,9,217839,217290,375916,216970,0.399002,-72.5658
30.500-19,0,215218,214624,371583,214128,0.506683,-72.6539
30.500-19,1,215218,214624,371583,214323,0.416077,-72.6539
30.500-19,2,215218,214624,371583,214400,0.3803,-72.6539
30.500-19,3,215218,214624,371583,214431,0.365896,-72.6539
30.500-19,4,215218,214624,371583,214134,0.503895,-72.6539
30.500-19,5,215218,214624,371583,214387,0.38634,-72.6539
30.500-19,6,215218,214624,371583,214386,0.386805,-72.6539
30.500-19,7,215218,214624,371583,214421,0.370542,-72.6539
30.500-19,8,215218,214624,371583,213788,0.664662,-72.6539
30.500-19,9,215218,214624,371583,214318,0.418401,-72.6539
30.500-20,0,302039,301627,372910,301095,0.312462,-23.4643
30.500-20,1,302039,301627,372910,301242,0.263793,-23.4643
30.500-20,2,302039,301627,372910,301314,0.239955,-23.4643
30.500-20,3,302039,301627,372910,301215,0.272732,-23.4643
30.500-20,4,302039,301627,372910,301084,0.316104,-23.4643
30.500-20,5,302039,301627,372910,301269,0.254854,-23.4643
30.500-20,6,302039,301627,372910,301245,0.2628,-23.4643
30.500-20,7,302039,301627,372910,301329,0.234989,-23.4643
30.500-20,8,302039,301627,372910,301472,0.187644,-23.4643
30.500-20,9,302039,301627,372910,301176,0.285645,-23.4643
30.500-21,0,300455,299985,372183,299827,0.209015,-23.8731
30.500-21,1,300455,299985,372183,299698,0.25195,-23.8731
30.500-21,2,300455,299985,372183,299698,0.25195,-23.8731
30.500-21,3,300455,299985,372183,299473,0.326836,-23.8731
30.500-21,4,300455,299985,372183,299741,0.237638,-23.8731
30.500-21,5,300455,299985,372183,299754,0.233311,-23.8731
30.500-21,6,300455,299985,372183,299378,0.358455,-23.8731
30.500-21,7,300455,299985,372183,299668,0.261935,-23.8731
30.500-21,8,300455,299985,372183,299698,0.25195,-23.8731
30.500-21,9,300455,299985,372183,299729,0.241632,-23.8731
30.500-22,0,305501,304995,375726,304830,0.219707,-22.9867
30.500-22,1,305501,304995,375726,304707,0.259969,-22.9867
30.500-22,2,305501,304995,375726,304616,0.289756,-22.9867
30.500-22,3,305501,304995,375726,304495,0.329363,-22.9867
30.500-22,4,305501,304995,375726,304799,0.229854,-22.9867
30.500-22,5,305501,304995,375726,304766,0.240656,-22.9867
30.500-22,6,305501,304995,375726,304597,0.295975,-22.9867
30.500-22,7,305501,304995,375726,304606,0.293029,-22.9867
30.500-22,8,305501,304995,375726,304616,0.289756,-22.9867
30.500-22,9,305501,304995,375726,304859,0.210215,-22.9867
30.500-23,0,302456,301935,373514,301394,0.351196,-23.4936
30.500-23,1,302456,301935,373514,301600,0.283087,-23.4936
30.500-23,2,302456,301935,373514,301483,0.32177,-23.4936
30.500-23,3,302456,301935,373514,301414,0.344583,-23.4936
30.500-23,4,302456,301935,373514,301312,0.378307,-23.4936
30.500-23,5,302456,301935,373514,301731,0.239775,-23.4936
30.500-23,6,302456,301935,373514,301347,0.366735,-23.4936
30.500-23,7,302456,301935,373514,301588,0.287054,-23.4936
30.500-23,8,302456,301935,373514,301677,0.257629,-23.4936
30.500-23,9,302456,301935,373514,301535,0.304577,-23.4936
30.500-24,0,304901,304404,377506,303762,0.373679,-23.8125
30.500-24,1,304901,304404,377506,303943,0.314315,-23.8125
30.500-24,2,304901,304404,377506,304107,0.260527,-23.8125
30.500-24,3,304901,304404,377506,303866,0.339569,-23.8125
30.500-24,4,304901,304404,377506,304087,0.267087,-23.8125
30.500-24,5,304901,304404,377506,304104,0.261511,-23.8125
30.500-24,6,304901,304404,377506,303976,0.303492,-23.8125
30.500-24,7,304901,304404,377506,304107,0.260527,-23.8125
30.500-24,8,304901,304404,377506,304126,0.254296,-23.8125
30.500-24,9,304901,304404,377506,304125,0.254624,-23.8125
30.500-25,0,297409,296894,367855,296779,0.211976,-23.6864
30.500-25,1,297409,296894,367855,296508,0.303096,-23.6864
30.500-25,2,297409,296894,367855,296580,0.278887,-23.6864
30.500-25,3,297409,296894,367855,296343,0.358575,-23.6864
30.500-25,4,297409,296894,367855,296760,0.218365,-23.6864
30.500-25,5,297409,296894,367855,296721,0.231478,-23.6864
30.500-25,6,297409,296894,367855,296457,0.320244,-23.6864
30.500-25,7,297409,296894,367855,296721,0.231478,-23.6864
30.500-25,8,297409,296894,367855,296673,0.247617,-23.6864
30.500-25,9,297409,296894,367855,296524,0.297717,-23.6864
30.500-26,0,303766,303233,376445,302976,0.26003,-23.926
30.500-26,1,303766,303233,376445,303035,0.240607,-23.926
30.500-26,2,303766,303233,376445,302814,0.31336,-23.926
30.500-26,3,303766,303233,376445,302545,0.401915,-23.926
30.500-26,4,303766,303233,376445,302681,0.357144,-23.926
30.500-26,5,303766,303233,376445,303209,0.183326,-23.926
30.500-26,6,303766,303233,376445,303022,0.244886,-23.926
30.500-26,7,303766,303233,376445,303020,0.245545,-23.926
30.500-26,8,303766,303233,376445,302811,0.314348,-23.926
30.500-26,9,303766,303233,376445,302968,0.262663,-23.926
30.500-27,0,307402,306944,378419,306523,0.286106,-23.1021
30.500-27,1,307402,306944,378419,306511,0.290009,-23.1021
30.500-27,2,307402,306944,378419,306701,0.228201,-23.1021
30.500-27,3,307402,306944,378419,306697,0.229502,-23.1021
30.500-27,4,307402,306944,378419,306666,0.239587,-23.1021
30.500-27,5,307402,306944,378419,306576,0.268864,-23.1021
30.500-27,6,307402,306944,378419,306573,0.26984,-23.1021
30.500-27,7,307402,306944,378419,306747,0.213237,-23.1021
30.500-27,8,307402,306944,378419,306752,0.211611,-23.1021
30.500-27,9,307402,306944,378419,306695,0.230153,-23.1021
30.500-28,0,303606,303057,375387,302743,0.284225,-23.6428
30.500-28,1,303606,303057,375387,302751,0.28159,-23.6428
30.500-28,2,303606,303057,375387,302747,0.282907,-23.6428
30.500-28,3,303606,303057,375387,302469,0.374474,-23.6428
30.500-28,4,303606,303057,375387,302653,0.313869,-23.6428
30.500-28,5,303606,303057,375387,302829,0.255899,-23.6428
30.500-28,6,303606,303057,375387,302511,0.36064,-23.6428
30.500-28,7,303606,303057,375387,302786,0.270062,-23.6428
30.500-28,8,303606,303057,375387,302753,0.280931,-23.6428
30.500-28,9,303606,303057,375387,302778,0.272697,-23.6428
30.500-29,0,301021,300460,372620,300024,0.331084,-23.7855
30.500-29,1,301021,300460,372620,300197,0.273612,-23.7855
30.500-29,2,301021,300460,372620,300286,0.244046,-23.7855
30.500-29,3,301021,300460,372620,300178,0.279924,-23.7855
30.500-29,4,301021,300460,372620,299982,0.345036,-23.7855
30.500-29,5,301021,300460,372620,300267,0.250358,-23.7855
30.500-29,6,301021,300460,372620,299994,0.34105,-23.7855
30.500-29,7,301021,300460,372620,300113,0.301517,-23.7855
30.500-29,8,301021,300460,372620,300205,0.270955,-23.7855
30.500-29,9,301021,300460,372620,299717,0.43307,-23.7855
10.100-00,AVG,23480.6,23064,75083,22803.3,2.88467,-219.766
10.100-01,AVG,23220.7,22801,74160,22636,2.51795,-219.37
10.100-02,AVG,22493.7,22131,73087,21783.4,3.15796,-224.921
10.100-03,AVG,23087.5,22772,76722,22553.3,2.31369,-232.31
10.100-04,AVG,23073.9,22751,73973,22518.7,2.40609,-220.592
10.100-05,AVG,23053.5,22777,76091,22395.2,2.85548,-230.063
10.100-06,AVG,22257.8,21875,70061,21549.4,3.18267,-214.771
10.100-07,AVG,22964.2,22635,72963,22316,2.82252,-217.725
10.100-08,AVG,22882.4,22511,71262,22084.5,3.48712,-211.427
10.100-09,AVG,23090.6,22702,74201,22353,3.19431,-221.347
10.100-10,AVG,41712.6,41395,72442,41094,1.48309,-73.6692
10.100-11,AVG,42597.3,42344,74290,42060,1.26139,-74.4006
10.100-12,AVG,42759.3,42401,74489,42144.9,1.43692,-74.2053
10.100-13,AVG,45959.4,45624,79597,45191.9,1.66987,-73.19
10.100-14,AVG,42183.1,41884,72771,41638.1,1.29203,-72.5121
10.100-15,AVG,43378,42995,75087,42970.3,0.939793,-73.0994
10.100-16,AVG,43927.9,43559,76189,43326.2,1.36983,-73.4409
10.100-17,AVG,43335.8,42970,74119,42671.6,1.53274,-71.034
10.100-18,AVG,42611.6,42212,73647,42029.4,1.3663,-72.8332
10.100-19,AVG,41542.8,41207,72184,40870.6,1.61805,-73.7582
10.100-20,AVG,57626.3,57375,71022,57151,0.824856,-23.2457
10.100-21,AVG,59268.6,58978,73567,58751.4,0.872574,-24.1248
10.100-22,AVG,58654.7,58391,72878,58222.5,0.736842,-24.2492
10.100-23,AVG,62202.2,61966,77384,61667.8,0.859209,-24.4071
10.100-24,AVG,61170.2,60803,75375,60755.5,0.678005,-23.2217
10.100-25,AVG,61688.4,61437,76947,61137,0.893831,-24.735
10.100-26,AVG,56663.3,56377,70412,56213,0.794771,-24.2638
10.100-27,AVG,59663.7,59391,73862,59167.3,0.831972,-23.7972
10.100-28,AVG,60518.8,60205,74764,60026.4,0.813623,-23.5385
10.100-29,AVG,60986.1,60633,74879,60498,0.800277,-22.7805
10.250-00,AVG,59489.3,59187,187994,58801.8,1.15574,-216.013
10.250-01,AVG,59024.3,58662,187428,58406.3,1.04703,-217.544
10.250-02,AVG,58413.2,58094,182640,57623.1,1.35252,-212.669
10.250-03,AVG,61263,61000,191500,60498.1,1.24855,-212.587
10.250-04,AVG,58363.3,58092,186009,57669.2,1.18935,-218.709
10.250-05,AVG,59052.3,58803,186778,58223.9,1.40287,-216.292
10.250-06,AVG,58894.7,58607,188524,58344,0.935003,-220.104
10.250-07,AVG,59204.5,58917,186213,58697.2,0.856905,-214.525
10.250-08,AVG,59701.7,59384,185788,59056.9,1.08002,-211.194
10.250-09,AVG,59495.2,59193,188153,58698,1.33987,-216.249
10.250-10,AVG,111147,110863,192665,110615,0.478782,-73.3423
10.250-11,AVG,108948,108659,186809,108358,0.54101,-71.4668
10.250-12,AVG,109211,108932,187276,108513,0.639188,-71.4803
10.250-13,AVG,110306,110037,189934,109658,0.588265,-72.1875
10.250-14,AVG,108729,108423,187921,108212,0.475052,-72.8351
10.250-15,AVG,111107,110841,190962,110479,0.564861,-71.8725
10.250-16,AVG,106371,106075,182099,105727,0.606115,-71.1918
10.250-17,AVG,106923,106686,182919,106324,0.559876,-71.0759
10.250-18,AVG,110094,109825,189048,109423,0.610242,-71.7144
10.250-19,AVG,106973,106723,182212,106395,0.540203,-70.3345
10.250-20,AVG,152031,151790,187423,151646,0.253491,-23.2791
10.250-21,AVG,149022,148772,183595,148695,0.219442,-23.2002
10.250-22,AVG,152141,151900,188005,151832,0.203272,-23.5727
10.250-23,AVG,151490,151275,186792,151037,0.299176,-23.3032
10.250-24,AVG,152170,151948,188190,151694,0.312252,-23.6713
10.250-25,AVG,152327,152109,187794,151841,0.31889,-23.2837
10.250-26,AVG,153365,153131,188703,152884,0.313719,-23.0414
10.250-27,AVG,153765,153520,190051,153173,0.384914,-23.5982
10.250-28,AVG,149373,149155,184110,148881,0.329261,-23.2554
10.250-29,AVG,149917,149704,184681,149436,0.32046,-23.1891
10.500-00,AVG,118019,117726,375217,117226,0.672073,-217.928
10.500-01,AVG,119437,119139,376889,118785,0.546134,-215.554
10.500-02,AVG,119406,119159,376063,118761,0.539924,-214.946
10.500-03,AVG,119066,118802,375765,118353,0.598738,-215.594
10.500-04,AVG,116698,116434,369238,116066,0.541616,-216.405
10.500-05,AVG,119710,119454,372278,119023,0.574016,-210.983
10.500-06,AVG,120033,119749,375160,119253,0.649913,-212.547
10.500-07,AVG,118546,118288,374573,117906,0.539797,-215.973
10.500-08,AVG,118002,117779,373670,117410,0.501007,-216.665
10.500-09,AVG,119441,119125,376502,118924,0.432219,-215.221
10.500-10,AVG,217553,217318,374959,217068,0.222896,-72.353
10.500-11,AVG,219255,219022,374975,218641,0.280126,-71.0222
10.500-12,AVG,217988,217772,372739,217494,0.226564,-70.9908
10.500-13,AVG,217041,216802,369498,216455,0.269843,-70.2437
10.500-14,AVG,214010,213809,368307,213436,0.268171,-72.0978
10.500-15,AVG,215261,215013,367218,214678,0.271081,-70.5917
10.500-16,AVG,218109,217896,372116,217496,0.281326,-70.61
10.500-17,AVG,220176,219949,377633,219538,0.289568,-71.5145
10.500-18,AVG,214561,214332,366944,213882,0.316666,-71.0208
10.500-19,AVG,221084,220833,380719,220435,0.293571,-72.2059
10.500-20,AVG,304555,304344,374439,304138,0.136767,-22.9463
10.500-21,AVG,302553,302332,372296,302026,0.174207,-23.0515
10.500-22,AVG,302582,302354,373592,302145,0.144405,-23.4682
10.500-23,AVG,300957,300743,370423,300456,0.16651,-23.0818
10.500-24,AVG,304585,304344,374800,304002,0.19142,-23.0528
10.500-25,AVG,301953,301730,373443,301483,0.155394,-23.6761
10.500-26,AVG,305140,304949,375676,304745,0.129359,-23.1161
10.500-27,AVG,296637,296437,365948,296200,0.147276,-23.3658
10.500-28,AVG,301548,301313,370800,301061,0.161443,-22.9656
10.500-29,AVG,307250,307014,377850,306772,0.155735,-22.978
30.100-00,AVG,22579.1,21946,74075,21639.4,4.16168,-228.069
30.100-01,AVG,22367.8,21716,74659,21455.4,4.07927,-233.778
30.100-02,AVG,21270.5,20754,71255,20454,3.83866,-234.994
30.100-03,AVG,22049.6,21464,73759,21186.5,3.91451,-234.513
30.100-04,AVG,22531.5,21814,76632,21432.1,4.8792,-240.111
30.100-05,AVG,22910.1,22176,75953,22043.4,3.78293,-231.527
30.100-06,AVG,22530.1,21799,74855,21574.7,4.24051,-232.245
30.100-07,AVG,22088.8,21397,74958,21151,4.24541,-239.349
30.100-08,AVG,23201.2,22493,78958,22207.4,4.28343,-240.319
30.100-09,AVG,21524.8,20983,71904,20740.2,3.64518,-234.052
30.100-10,AVG,41276.4,40767,73558,40449.6,2.00299,-78.2085
30.100-11,AVG,41866.7,41304,74633,41164.2,1.67802,-78.2632
30.100-12,AVG,42233,41560,74365,41388.3,2,-76.0828
30.100-13,AVG,41634.9,41041,73156,40925.4,1.70404,-75.7085
30.100-14,AVG,41410.9,40872,74561,40656.7,1.82122,-80.0517
30.100-15,AVG,41603.2,41058,73198,40897.4,1.69642,-75.9434
30.100-16,AVG,41616.1,41062,73848,40797.8,1.96638,-77.4504
30.100-17,AVG,43388,42719,75966,42514.9,2.01242,-75.0851
30.100-18,AVG,42656.6,42230,75414,42009.4,1.51715,-76.7934
30.100-19,AVG,42262.7,41700,73492,41570.3,1.63833,-73.8933
30.100-20,AVG,57987.8,57494,72639,57291.5,1.20072,-25.2661
30.100-21,AVG,60486.8,60027,75929,59863.1,1.03117,-25.5298
30.100-22,AVG,58541.8,58025,73553,57927.2,1.04992,-25.6418
30.100-23,AVG,61239.5,60776,76469,60614.5,1.02062,-24.8687
30.100-24,AVG,59380.8,58884,73950,58701.1,1.14468,-24.5352
30.100-25,AVG,60452.6,60011,75691,59864.4,0.972961,-25.2072
30.100-26,AVG,58635.3,58132,72942,58043,1.01021,-24.3994
30.100-27,AVG,59550.7,59064,74401,58958.8,0.993957,-24.9372
30.100-28,AVG,59520.2,58975,74518,58765.9,1.26733,-25.1978
30.100-29,AVG,61140.2,60603,76957,60501.2,1.04507,-25.8698
30.250-00,AVG,57430.1,56693,184952,56324.8,1.92468,-222.047
30.250-01,AVG,59080,58318,192348,57959.6,1.89646,-225.572
30.250-02,AVG,57176.7,56553,183390,56132.1,1.82704,-220.742
30.250-03,AVG,57568.9,56863,185690,56480.2,1.89116,-222.553
30.250-04,AVG,57277.7,56629,186599,56255.2,1.78516,-225.78
30.250-05,AVG,57844.1,57119,186328,56786.5,1.82833,-222.121
30.250-06,AVG,56922.7,56292,185616,55832,1.9161,-226.084
30.250-07,AVG,57106.2,56403,185840,56131.4,1.70702,-225.429
30.250-08,AVG,58097.7,57442,190488,56969.2,1.94246,-227.875
30.250-09,AVG,57036.6,56447,186165,55965.1,1.87869,-226.395
30.250-10,AVG,108258,107689,187576,107384,0.807487,-73.2675
30.250-11,AVG,108900,108338,188987,107992,0.833886,-73.5421
30.250-12,AVG,106906,106385,187096,106096,0.757317,-75.0103
30.250-13,AVG,107397,106796,187148,106505,0.830114,-74.2588
30.250-14,AVG,107954,107396,187422,107053,0.834885,-73.6127
30.250-15,AVG,107763,107246,189115,106843,0.853639,-75.4912
30.250-16,AVG,106851,106308,185606,106008,0.788534,-73.7057
30.250-17,AVG,104574,103993,180872,103824,0.716991,-72.9606
30.250-18,AVG,107374,106835,186869,106492,0.821281,-74.0359
30.250-19,AVG,106322,105751,184785,105435,0.833864,-73.7979
30.250-20,AVG,150574,150083,186305,149829,0.494784,-23.7296
30.250-21,AVG,150341,149907,186422,149604,0.490348,-23.999
30.250-22,AVG,153434,152993,189617,152789,0.420759,-23.5819
30.250-23,AVG,153690,153169,190329,152962,0.473337,-23.8397
30.250-24,AVG,150698,150287,186737,150024,0.447072,-23.9149
30.250-25,AVG,148997,148544,185229,148282,0.479705,-24.3176
30.250-26,AVG,147915,147471,182938,147248,0.450513,-23.6781
30.250-27,AVG,153312,152841,190343,152588,0.472784,-24.1537
30.250-28,AVG,150038,149568,186519,149393,0.429626,-24.3146
30.250-29,AVG,150038,149572,186552,149344,0.462325,-24.3368
30.500-00,AVG,116619,115868,373007,115319,1.11441,-219.851
30.500-01,AVG,115370,114667,368814,114168,1.04206,-219.679
30.500-02,AVG,117342,116661,378244,115972,1.16816,-222.342
30.500-03,AVG,115946,115237,375911,114718,1.05903,-224.211
30.500-04,AVG,117079,116353,377973,115721,1.1598,-222.835
30.500-05,AVG,116378,115604,375947,115235,0.981763,-223.041
30.500-06,AVG,114690,113952,370233,113408,1.11776,-222.813
30.500-07,AVG,114848,114199,367938,113545,1.13474,-220.37
30.500-08,AVG,115903,115247,374002,114718,1.02198,-222.686
30.500-09,AVG,117669,116947,377223,116333,1.13511,-220.58
30.500-10,AVG,218602,217995,375744,217600,0.458012,-71.8854
30.500-11,AVG,215075,214534,372980,214035,0.483279,-73.4188
30.500-12,AVG,216401,215854,370526,215395,0.465,-71.2219
30.500-13,AVG,218350,217836,376770,217385,0.44208,-72.5529
30.500-14,AVG,216095,215566,372007,215146,0.438794,-72.1501
30.500-15,AVG,216327,215762,375000,215264,0.49141,-73.3484
30.500-16,AVG,216376,215772,372565,215405,0.44908,-72.1838
30.500-17,AVG,217014,216336,374188,215918,0.505031,-72.4257
30.500-18,AVG,217839,217290,375916,216904,0.429161,-72.5658
30.500-19,AVG,215218,214624,371583,214272,0.43996,-72.6539
30.500-20,AVG,302039,301627,372910,301244,0.263098,-23.4643
30.500-21,AVG,300455,299985,372183,299666,0.262467,-23.8731
30.500-22,AVG,305501,304995,375726,304689,0.265828,-22.9867
30.500-23,AVG,302456,301935,373514,301508,0.313471,-23.4936
30.500-24,AVG,304901,304404,377506,304020,0.288963,-23.8125
30.500-25,AVG,297409,296894,367855,296607,0.269943,-23.6864
30.500-26,AVG,303766,303233,376445,302908,0.282382,-23.926
30.500-27,AVG,307402,306944,378419,306644,0.246711,-23.1021
30.500-28,AVG,303606,303057,375387,302702,0.297729,-23.6428
30.500-29,AVG,301021,300460,372620,300096,0.307065,-23.7855
5.100-00,AVG,24585.9,24381,76842,24003,2.37088,-212.545
5.100-01,AVG,24538.2,24274,75967,23970,2.31561,-209.587
5.100-02,AVG,23895.8,23551,72307,23106.2,3.30446,-202.593
5.100-03,AVG,23724.1,23534,76172,22662.2,4.47619,-221.074
5.100-04,AVG,24223,23991,75192,23605.4,2.54976,-210.415
5.100-05,AVG,24884.2,24613,77260,24339,2.19109,-210.478
5.100-06,AVG,25793.4,25591,78738,24939.5,3.31054,-205.264
5.100-07,AVG,23657.9,23410,74871,22938.8,3.0395,-216.474
5.100-08,AVG,24445.6,24216,75960,23800,2.64103,-210.731
5.100-09,AVG,24635.7,24411,76913,23937.6,2.83366,-212.202
5.100-10,AVG,42939.5,42757,73930,42324.3,1.43276,-72.1724
5.100-11,AVG,42706.7,42545,72821,42341,0.856311,-70.5142
5.100-12,AVG,42165.2,41968,72642,41626.4,1.2778,-72.2796
5.100-13,AVG,45347.1,45090,76650,44664,1.50632,-69.0296
5.100-14,AVG,42434.1,42218,71961,42123,0.73319,-69.5829
5.100-15,AVG,43082.2,42927,72477,42605.9,1.10563,-68.2294
5.100-16,AVG,42190.6,42009,71330,41980,0.499158,-69.0661
5.100-17,AVG,45265.5,45020,77155,44479.9,1.73548,-70.45
5.100-18,AVG,43567.5,43441,75290,42926.4,1.47149,-72.8123
5.100-19,AVG,44796.6,44554,75619,44174.6,1.38855,-68.8051
5.100-20,AVG,60016.6,59822,73560,59517.5,0.831529,-22.5662
5.100-21,AVG,62228.2,62081,77098,61625.6,0.968405,-23.8956
5.100-22,AVG,59963.3,59802,73737,59456,0.84601,-22.9702
5.100-23,AVG,60644.2,60479,74888,60226.6,0.688623,-23.4875
5.100-24,AVG,61339,61091,75176,60756.1,0.950227,-22.5583
5.100-25,AVG,59161.9,58959,72600,58920,0.408824,-22.7142
5.100-26,AVG,61696.1,61538,76420,61383,0.507457,-23.8652
5.100-27,AVG,61727.5,61520,75915,61189.8,0.871015,-22.9842
5.100-28,AVG,59618,59453,73426,59172,0.748107,-23.1608
5.100-29,AVG,60242.9,59965,74122,59650,0.984203,-23.0385
5.250-00,AVG,59442.5,59312,180904,58781.8,1.11144,-204.335
5.250-01,AVG,61629.3,61472,188789,61096,0.865393,-206.33
5.250-02,AVG,62259.5,62130,190565,61155.6,1.77313,-206.082
5.250-03,AVG,59578.2,59446,188241,59017,0.942001,-215.956
5.250-04,AVG,59078.4,58951,183888,58510,0.962055,-211.261
5.250-05,AVG,60238.9,60056,186628,59637.4,0.99858,-209.813
5.250-06,AVG,60525.8,60414,189749,59988.6,0.887501,-213.501
5.250-07,AVG,61638.4,61472,192288,61072,0.918907,-211.961
5.250-08,AVG,62032.6,61885,190479,61556,0.768297,-207.063
5.250-09,AVG,59050.5,58959,184656,58526.6,0.887162,-212.709
5.250-10,AVG,109221,109109,188062,108776,0.407102,-72.1854
5.250-11,AVG,109960,109841,185876,109523,0.397725,-69.0391
5.250-12,AVG,108649,108489,184585,107852,0.733148,-69.8915
5.250-13,AVG,109511,109383,186337,108881,0.575096,-70.154
5.250-14,AVG,110834,110720,191427,110333,0.452246,-72.7147
5.250-15,AVG,110367,110256,188868,109742,0.5666,-71.1275
5.250-16,AVG,109153,109016,185466,108454,0.640027,-69.9144
5.250-17,AVG,109138,109037,187560,108311,0.757266,-71.8563
5.250-18,AVG,110123,109957,188485,109474,0.589853,-71.1585
5.250-19,AVG,107162,107038,182732,106640,0.487224,-70.5192
5.250-20,AVG,149766,149659,185173,149283,0.322018,-23.6418
5.250-21,AVG,156084,155940,191434,155708,0.241068,-22.6478
5.250-22,AVG,149434,149316,184991,149034,0.267946,-23.7945
5.250-23,AVG,152245,152130,187464,151948,0.194958,-23.1333
5.250-24,AVG,150470,150353,185144,149921,0.364543,-23.0442
5.250-25,AVG,150133,150045,184085,149593,0.359246,-22.6148
5.250-26,AVG,148697,148607,182978,148257,0.295943,-23.0542
5.250-27,AVG,149907,149772,183431,149432,0.316621,-22.3635
5.250-28,AVG,155210,155075,190402,154978,0.149426,-22.6739
5.250-29,AVG,154819,154662,190022,154477,0.220771,-22.7383
5.500-00,AVG,120235,120130,372777,119567,0.55551,-210.041
5.500-01,AVG,117955,117837,365895,117604,0.29771,-210.198
5.500-02,AVG,121213,121109,378131,120556,0.542288,-211.955
5.500-03,AVG,120889,120798,374148,120298,0.488487,-209.498
5.500-04,AVG,122426,122319,374434,121729,0.569725,-205.844
5.500-05,AVG,122126,122007,368412,121503,0.510105,-201.666
5.500-06,AVG,119219,119113,368044,118641,0.48462,-208.713
5.500-07,AVG,120643,120568,367001,119998,0.534409,-204.204
5.500-08,AVG,121663,121575,376757,121003,0.542712,-209.672
5.500-09,AVG,120801,120699,369250,120328,0.391285,-205.669
5.500-10,AVG,218500,218422,373850,218201,0.13688,-71.0983
5.500-11,AVG,221272,221191,377581,220690,0.263207,-70.6408
5.500-12,AVG,217616,217534,369720,217304,0.143279,-69.8958
5.500-13,AVG,223653,223558,380694,223166,0.217752,-70.2162
5.500-14,AVG,219067,218962,372181,218722,0.157699,-69.8933
5.500-15,AVG,220617,220514,374487,220079,0.243663,-69.7453
5.500-16,AVG,220077,219987,373204,219343,0.333497,-69.5792
5.500-17,AVG,218283,218194,372392,217888,0.180823,-70.6008
5.500-18,AVG,217060,216976,369093,216567,0.227082,-70.042
5.500-19,AVG,219813,219693,375492,219318,0.224884,-70.8235
5.500-20,AVG,295896,295828,364397,295339,0.188369,-23.1502
5.500-21,AVG,308158,308077,378793,307615,0.176078,-22.9218
5.500-22,AVG,299879,299796,367856,299352,0.175616,-22.6683
5.500-23,AVG,306554,306476,377162,306150,0.13183,-23.0328
5.500-24,AVG,300413,300342,369121,299914,0.165958,-22.8714
5.500-25,AVG,302662,302560,371336,302433,0.0755795,-22.6901
5.500-26,AVG,301400,301322,370013,300971,0.142417,-22.7647
5.500-27,AVG,306517,306430,377062,306089,0.139853,-23.0149
5.500-28,AVG,302897,302814,372411,302255,0.212007,-22.9498
5.500-29,AVG,299974,299904,368124,299647,0.108915,-22.7188
GLOBAL_AVG,NA,0,0,0,0,1.02325,-104.622
